open_time,equity,daily_return,gross,stress_gross,turnover,costs,funding_pnl,price_pnl,financing_drag,margin_buffer,liquidations,forced_exits,rebalance_events,risk_budget,drawdown_scale
2021-01-01 00:00:00+00:00,10206.072529435332,0.020607252943533272,0.46251295980651946,0.44594339023589835,0.4499999999999999,13.5,-6.943284153813552,226.5158135891467,0.0,0.9471301588788501,0,0,1,0.44999999999999996,1.0
2021-01-02 00:00:00+00:00,11417.305951121567,0.11867772036627366,0.519925107621063,0.4573766724992045,0.0,0.0,-4.469790104101429,1215.7032117903375,0.0,0.9452393594533476,0,0,0,0.44999999999999996,1.0
2021-01-03 00:00:00+00:00,11705.369813041994,0.02523045831947157,0.532958077156188,0.5077016992043801,0.0,0.0,-14.263500661038096,302.32736258146525,0.0,0.9256468752103849,0,0,0,0.44999999999999996,1.0
2021-01-04 00:00:00+00:00,11700.003208423384,-0.0004584737350741275,0.5357318330077704,0.4934034226102726,0.0,0.0,-34.95938170311655,29.592777084505556,0.0,0.8764178741329652,0,0,0,0.44999999999999996,1.0
2021-01-05 00:00:00+00:00,11984.040978759944,0.024276725850131964,0.46423985244752874,0.4314152681344377,0.34083430075528875,11.962708435057458,-7.5393767423075975,303.53985551392407,0.0,0.9246362344560313,0,0,1,0.45,1.0
2021-01-06 00:00:00+00:00,12576.816055106028,0.04946370572302761,0.49154948288029093,0.4557130449590001,0.0,0.0,-25.8829361171708,618.6580124632546,0.0,0.9394649457582853,0,0,0,0.45,1.0
2021-01-07 00:00:00+00:00,12366.256307256974,-0.016741896114761845,0.4845598725351834,0.46650720037760235,0.0,0.0,-20.62389966299105,-189.93584818606192,0.0,0.9085452556400767,0,0,0,0.45,1.0
2021-01-08 00:00:00+00:00,12329.728572684244,-0.002953823183439397,0.45010112854037165,0.42519515789813483,0.2853674772813186,10.588292300174993,-16.483805140291967,-9.455637132263309,0.0,0.915377519503082,0,0,1,0.45000000000000007,1.0
2021-01-09 00:00:00+00:00,12605.384818874598,0.022357040916622717,0.46323433019926064,0.4438816882963553,0.2583943710388202,9.558490887551292,-10.447770791838556,295.6625078697465,0.0,0.9443657407180445,0,0,1,0.45000000000000007,1.0
2021-01-10 00:00:00+00:00,12379.64187728729,-0.01790845300091859,0.44224971569079374,0.42291001893751656,0.26384015376404585,9.977813268892207,-22.998340649210363,-192.76678766920685,0.0,0.9120293901863273,0,0,1,0.45000000000000007,1.0
2021-01-11 00:00:00+00:00,11806.285948034068,-0.04631441966872618,0.41586639266380776,0.37800522314571455,0.0,0.0,-8.30037663540296,-565.0555526178158,0.0,0.8628820167188489,0,0,0,0.45000000000000007,1.0
2021-01-12 00:00:00+00:00,11724.035696714043,-0.006966649095410116,0.44687970798689325,0.4347446942105232,0.2699700859591907,9.56211488269172,-3.4522790007524984,-69.23585743658045,0.0,0.9299566965987454,0,0,1,0.45,1.0
2021-01-13 00:00:00+00:00,12104.5318831389,0.03245436949083147,0.4680390947029952,0.4384214003477307,0.25339019544172403,8.911393340222443,-3.9439451362415845,393.35152490131975,0.0,0.9357894289624052,0,0,1,0.44996623743710906,0.9999249720824644
2021-01-14 00:00:00+00:00,12443.714466562393,0.02802112355092068,0.4657984286587312,0.4436429586979094,0.0180360408706761,0.6549497354187837,-9.64227350976479,349.4798066686796,0.0,0.9446653121023808,0,0,1,0.45000000000000007,1.0
2021-01-15 00:00:00+00:00,12255.04714819965,-0.015161656020773573,0.4427031374244085,0.42190646017512673,0.24332884645657527,9.083634371315872,-9.264987349953149,-170.3186966414729,0.0,0.910597602397025,0,0,1,0.45,1.0
2021-01-16 00:00:00+00:00,12352.952468928908,0.00798897952372557,0.45544131345621336,0.4446374995304063,0.2430576987227075,8.936167617992314,-8.541677258250752,115.38316560550177,0.0,0.9456197057822584,0,0,1,0.45,1.0
2021-01-17 00:00:00+00:00,12535.231754467639,0.014755928673506391,0.45929927631071144,0.43821966316164057,0.23784109834443035,8.81385424197522,-11.263006278791208,202.35614605949678,0.0,0.9354593666770507,0,0,1,0.45000000000000007,1.0
2021-01-18 00:00:00+00:00,12574.603321390014,0.00314087267739116,0.4533061697750262,0.44179156119282736,0.27051605069730966,10.172825218708835,-14.24374489304564,63.78813703412792,0.0,0.941001238184568,0,0,1,0.44999999999999996,1.0
2021-01-19 00:00:00+00:00,12592.637124738076,0.0014341449099539716,0.4530550350348213,0.44439634048963234,0.24303520019083089,9.168356700627308,-23.61762695355999,50.819787002250095,0.0,0.94523317990366,0,0,1,0.45000000000000007,1.0
2021-01-20 00:00:00+00:00,12701.036324076043,0.008608141270506353,0.45845862861720144,0.43217529802239407,0.0,0.0,-9.342842086196898,117.74204142416492,0.0,0.921543500802279,0,0,0,0.45000000000000007,1.0
2021-01-21 00:00:00+00:00,11892.965386232077,-0.06362244128947092,0.4221102785601679,0.4135076798331346,0.0,0.0,-5.31417477965857,-802.7567630643073,0.0,0.8850722220678021,0,0,0,0.45000000000000007,1.0
2021-01-22 00:00:00+00:00,12372.072578648875,0.04028492279742424,0.4718433602192444,0.42973622508822257,0.27826420658038326,9.929045573876284,-1.8613411964710393,490.8975791871437,0.0,0.922248835629189,0,0,1,0.45000000000000007,1.0
2021-01-23 00:00:00+00:00,12500.56514920505,0.010385694857458327,0.47745855228554174,0.4649540701719797,0.0,0.0,-2.3288699483087187,130.8214405044821,0.0,0.9413324266954088,0,0,0,0.45000000000000007,1.0
2021-01-24 00:00:00+00:00,12701.744705836392,0.01609363690601917,0.4863518333195204,0.46894592200167523,0.0,0.0,-7.835528518158426,209.0150851495029,0.0,0.9378454850553232,0,0,0,0.45000000000000007,1.0
2021-01-25 00:00:00+00:00,12422.248300793135,-0.022004567995673074,0.4757768190820878,0.4717667270999678,0.0,0.0,-12.197363402441205,-267.2990416408138,0.0,0.9265378615403743,0,0,0,0.45000000000000007,1.0
2021-01-26 00:00:00+00:00,12449.671195646026,0.002207562929742668,0.4519788938180339,0.43623034633920893,0.30001269612972076,11.179561813395527,-2.8339832519476937,41.4364399182317,0.0,0.9321784188031494,0,0,1,0.45,1.0
2021-01-27 00:00:00+00:00,11896.983290175376,-0.04439377528813282,0.4252102407250988,0.4189956198409665,0.27332008769323657,10.208010720146545,-3.289702720106078,-539.1901920303966,0.0,0.9062292411748417,0,0,1,0.44999999999999996,1.0
2021-01-28 00:00:00+00:00,17520.85567021311,0.4727141530644976,0.6883200337333494,0.5358947250884273,0.32763281812727485,11.692914886260905,-5.837821571177725,5641.403116495173,0.0,0.9370810259813741,0,0,1,0.5400176542693047,1.0
2021-01-29 00:00:00+00:00,18031.40909715767,0.02913975416238057,0.5535695722085159,0.5244417762275189,0.6120646726080718,32.187106354014674,1.429050739346331,541.3114825592236,0.0,0.9148377770449584,0,0,1,0.5400176542693046,1.0
2021-01-30 00:00:00+00:00,17290.418841196137,-0.04109441763363553,0.5210537496624648,0.5063597102984331,0.3013150560820256,16.299100250645015,-5.296143014128657,-719.3950126967607,0.0,0.8838337503201937,0,0,1,0.5400176542693046,1.0
2021-01-31 00:00:00+00:00,16884.094956054276,-0.023499944615208213,0.5305154848888127,0.5234243794637549,0.2303187064680189,11.94679934898868,-20.890177706408192,-373.4869080864628,0.0,0.9140302982943465,0,0,1,0.5400176542693047,1.0
2021-02-01 00:00:00+00:00,16987.996138388095,0.006153790452153363,0.5432866669098343,0.5293484058287989,0.2510595478798913,12.717257497199704,-2.207757197130623,118.82619702815,0.0,0.9248989046600279,0,0,1,0.5400176542693046,1.0
2021-02-02 00:00:00+00:00,17516.59629605289,0.031116098294271755,0.5555659461687512,0.5349145473789985,0.2521393517148572,12.8502503998124,-23.431374379923486,564.88178244453,0.0,0.9354149678546049,0,0,1,0.5400176542693046,1.0
2021-02-03 00:00:00+00:00,18446.540826900407,0.053089339682793835,0.5798829563806519,0.5527234244946317,0.0,0.0,-35.265703979221946,965.210234826739,0.0,0.9386760182593141,0,0,0,0.5400176542693046,1.0
2021-02-04 00:00:00+00:00,18075.835552714565,-0.020096194601713413,0.5735278544952388,0.5633877144003687,0.0,0.0,-40.86582724358261,-329.8394469422603,0.0,0.9080099340236307,0,0,0,0.5400176542693046,1.0
2021-02-05 00:00:00+00:00,18309.74483745442,0.012940441068834962,0.5482107000517091,0.530427672042594,0.23753734153738157,12.880873914137556,-36.37478507059095,283.1649437245866,0.0,0.9269566821021052,0,0,1,0.5400176542693047,1.0
2021-02-06 00:00:00+00:00,18634.993672683642,0.017763701139291488,0.5497897534844742,0.5323135074090732,0.25516202751566686,14.015253302674747,-25.68604577547888,364.95013430737674,0.0,0.9304598363558164,0,0,1,0.5400176542693047,1.0
2021-02-07 00:00:00+00:00,19164.23016331564,0.028400143296414715,0.5545502935447867,0.5202572187714377,0.2643579338666671,14.779069961213688,-28.35320832371729,572.3687689169192,0.0,0.9082067062281641,0,0,1,0.5400176542693046,1.0
2021-02-08 00:00:00+00:00,20270.854686073108,0.0577442721845296,0.5810140461891077,0.5380890927985569,0.0,0.0,-43.49731548275568,1150.1218382402285,0.0,0.9125433103855699,0,0,0,0.5400176542693046,1.0
2021-02-09 00:00:00+00:00,21074.47602347217,0.03964417632331907,0.5609373150243577,0.5260259914914661,0.3557554619191041,21.63714206001644,-62.44757821295818,887.7060576720364,0.0,0.9184490523417298,0,0,1,0.5400176542693045,1.0
2021-02-10 00:00:00+00:00,21852.654193362658,0.03692514912464606,0.5797772927233671,0.5510230545780016,0.0,0.0,-70.03452100556643,848.2126908960555,0.0,0.9240630956136724,0,0,0,0.5400176542693045,1.0
2021-02-11 00:00:00+00:00,21886.82235658998,0.001563570398587899,0.5437409632991815,0.5276018350791324,0.368163095730317,24.136097620599863,-54.70377729460106,113.00803814252347,0.0,0.9213252380795419,0,0,1,0.5400176542693047,1.0
2021-02-12 00:00:00+00:00,22174.562080980486,0.01314671082455554,0.5488810329866223,0.5290132177846286,0.2788606348396071,18.309936589464733,-55.66351294696959,361.71317392693766,0.0,0.9241962456014552,0,0,1,0.5400176542693045,1.0
2021-02-13 00:00:00+00:00,21817.94641739874,-0.016082196450121655,0.5357308558416616,0.526302834248144,0.27938231732611357,18.586831357505737,-62.66597615264618,-275.36285607159897,0.0,0.9191697436334557,0,0,1,0.5400176542693046,1.0
2021-02-14 00:00:00+00:00,21786.272145492738,-0.0014517531256169613,0.538484186566349,0.5285193346951036,0.0,0.0,-74.69019958422162,43.01592767822027,0.0,0.9326178830208883,0,0,0,0.5400176542693046,1.0
2021-02-15 00:00:00+00:00,21709.36889241618,-0.0035298949982348615,0.5379267332413233,0.5077508882880621,0.0,0.0,-23.39010752603418,-53.513145550522474,0.0,0.8898918853616791,0,0,0,0.5400176542693046,1.0
2021-02-16 00:00:00+00:00,21747.760770381647,0.001768447445696042,0.5430206657819119,0.5240647208800463,0.49792392439446886,32.43322825274604,-34.081008334616044,104.90611455283192,0.0,0.9144629809093452,0,0,1,0.5400176542693046,1.0
2021-02-17 00:00:00+00:00,22106.71320944729,0.016505259684229223,0.5521316943217238,0.5346267752080502,0.0,0.0,-37.38104835253802,396.3334874181798,0.0,0.9294349236048407,0,0,0,0.5400176542693046,1.0
2021-02-18 00:00:00+00:00,22669.800161000876,0.02547131028564431,0.5545341379514402,0.5347703103394457,0.5135515892036908,34.05940165005075,-54.58472232926978,651.7310755329052,0.0,0.9344052819530274,0,0,1,0.5400176542693046,1.0
2021-02-19 00:00:00+00:00,25433.066385801994,0.12189195339951864,0.5927599275941438,0.5319826390149582,0.2588363102734607,17.603633030906998,-62.44262317102816,2843.31248100306,0.0,0.9298242774033882,0,0,1,0.5400176542693046,1.0
2021-02-20 00:00:00+00:00,24556.23585219946,-0.03447600538219109,0.5274723929458106,0.5084685151580352,0.2984848529190923,22.774496133198433,-84.96141648070541,-769.0946209886279,0.0,0.8874360144521093,0,0,1,0.5400176542693046,1.0
2021-02-21 00:00:00+00:00,25109.889825010334,0.02254636973448365,0.5519766613737097,0.5364759828027363,0.22090263346896413,16.274284916172753,-38.59982639177888,608.5280841188267,0.0,0.938499195651572,0,0,1,0.5400176542693047,1.0
2021-02-22 00:00:00+00:00,25572.570886725407,0.01842624818107441,0.56122187935802,0.49666984917640944,0.0,0.0,-29.132078278262103,491.8131399933345,0.0,0.8459633362387168,0,0,0,0.5400176542693047,1.0
2021-02-23 00:00:00+00:00,24580.099006849086,-0.038810015788889984,0.5220696858126018,0.4659477018600057,0.263246224550396,20.19524381539049,-5.831704669283125,-966.4449313916507,0.0,0.8205249486033547,0,0,1,0.5400176542693047,1.0
2021-02-24 00:00:00+00:00,25396.231720705407,0.03320298724707782,0.5551846731380551,0.5284750933147205,0.23507228842632624,17.336488606261042,-3.231298468760201,836.7005009313448,0.0,0.9233153413597086,0,0,1,0.5400176542693047,1.0
2021-02-25 00:00:00+00:00,23870.512591953164,-0.060076595044938674,0.5269103674200547,0.5242737004266647,0.0,0.0,-3.741082285191847,-1521.978046467054,0.0,0.8858420942968557,0,0,0,0.5400176542693047,1.0
2021-02-26 00:00:00+00:00,23787.365491493136,-0.0034832557591601976,0.5252919653713283,0.5102187824051025,0.0,0.0,-0.8385101614878183,-82.30859029854184,0.0,0.9165820206260931,0,0,0,0.5400176542693047,1.0
2021-02-27 00:00:00+00:00,23850.230124233498,0.0026427740710859293,0.5268207538575685,0.5185531555511353,0.0,0.0,-6.619610952272237,69.48424369264004,0.0,0.9348172013715165,0,0,0,0.5400176542693047,1.0
2021-02-28 00:00:00+00:00,23681.711848920113,-0.007065687602827775,0.5236620675582891,0.4999368080974914,0.0,0.0,-4.936251713349349,-163.58202360004142,0.0,0.8990289266446143,0,0,0,0.5400176542693047,1.0
2021-03-01 00:00:00+00:00,24393.227441582763,0.030044939200419174,0.5377868381765346,0.5164195124416537,0.35415287723368827,25.15848289286407,-5.856825026120468,742.5309005816302,0.0,0.9342610833463482,0,0,1,0.5231010587627977,0.968673995428174
2021-03-02 00:00:00+00:00,24058.189661642242,-0.013734868858287563,0.5343749545539656,0.5253359248088928,0.35730953980669655,26.147477817283153,-6.193286316488421,-302.6970158067503,0.0,0.9171763312014043,0,0,1,0.5400176542693046,1.0
2021-03-03 00:00:00+00:00,24342.963732158812,0.011836886919659007,0.5401541552061768,0.5325215959459954,0.0,0.0,-8.084932351513794,292.8590028680856,0.0,0.9428875748105207,0,0,0,0.5400176542693046,1.0
2021-03-04 00:00:00+00:00,23755.75967818718,-0.02412212664129687,0.5291014254671431,0.522138348400381,0.0,0.0,-7.457352796509527,-579.746701175125,0.0,0.9120755136167433,0,0,0,0.5400176542693046,1.0
2021-03-05 00:00:00+00:00,23489.04821271577,-0.011227233693406502,0.5307094969082993,0.5184984220031831,0.019591910764776246,1.3962877839103813,-6.19488404769067,-259.12029363981065,0.0,0.9142262802784653,0,0,1,0.5356987839330247,0.9920023534376415
2021-03-06 00:00:00+00:00,23632.810916251314,0.00612041417062259,0.4950579438109882,0.48187572592666117,0.039147907779503666,2.7584296915832707,-8.061088268405538,154.58222149553407,0.0,0.9339755837226459,0,0,1,0.4915255917165036,0.9102028199088874
2021-03-07 00:00:00+00:00,24041.66987944215,0.017300479601843666,0.5253013652598109,0.5127631597909934,0.34691020786173055,24.59881619634894,-16.02610984334825,449.4838892305366,0.0,0.9414901803818748,0,0,1,0.5159743361592579,0.9554767924345371
2021-03-08 00:00:00+00:00,24502.88799914689,0.019184113333954533,0.5495769535982485,0.5308936932415923,0.014644360963930259,1.0563847428887443,-23.268244467248095,485.5427489148765,0.0,0.9284527435075761,0,0,1,0.5400176542693046,1.0
2021-03-09 00:00:00+00:00,24851.163025517148,0.014213631731181398,0.5485454929956498,0.5324775898437102,0.3664751219590476,26.937684779969413,-38.744802574471976,413.95751372470295,0.0,0.9304592019480925,0,0,1,0.5400176542693046,1.0
2021-03-10 00:00:00+00:00,24501.841500022245,-0.014056546373150458,0.5434710882890006,0.534982722035615,0.0,0.0,-33.370517249021006,-315.95100824588104,0.0,0.9188224906558584,0,0,0,0.5400176542693046,1.0
2021-03-11 00:00:00+00:00,25026.7459989257,0.02142306319722853,0.5541549229549386,0.5342527288073421,0.0,0.0,-27.747536842353014,552.652035745806,0.0,0.9278148373766436,0,0,0,0.5400176542693046,1.0
2021-03-12 00:00:00+00:00,24468.065831806114,-0.022323324300473124,0.5452206394188751,0.5354740882487623,0.0,0.0,-30.480164432556315,-528.2000026870339,0.0,0.9083966354729109,0,0,0,0.5400176542693046,1.0
2021-03-13 00:00:00+00:00,25347.49715458658,0.03594200411367576,0.5622084636369437,0.5389401231733945,0.0,0.0,-30.651611381000688,910.0829341614656,0.0,0.9331728639390447,0,0,0,0.5400176542693046,1.0
2021-03-14 00:00:00+00:00,24605.163049596817,-0.029286288127876925,0.550944226719809,0.5492728577450496,0.0,0.0,-47.829202342778686,-694.5049026469869,0.0,0.9178717604894324,0,0,0,0.5400176542693046,1.0
2021-03-15 00:00:00+00:00,24158.074485659607,-0.01817051823781901,0.544042396525057,0.5355528540978829,0.0,0.0,-34.03277287135744,-413.0557910658498,0.0,0.915045534845287,0,0,0,0.5400176542693046,1.0
2021-03-16 00:00:00+00:00,24361.637277221922,0.008426283795223588,0.5452576072216924,0.5278040908021537,0.3798377608830035,27.526617888149882,-20.61853198595066,251.7079414364142,0.0,0.921667871429988,0,0,1,0.5400176542693047,1.0
2021-03-17 00:00:00+00:00,24603.284120568154,0.009919154472108227,0.5507849368002609,0.5373255791576094,0.0,0.0,-26.103396298954664,267.75023964518385,0.0,0.9299967433490932,0,0,0,0.5400176542693047,1.0
2021-03-18 00:00:00+00:00,24410.84367930734,-0.00782173795651675,0.5384610875634671,0.5347321496847087,0.36925335667577397,27.25695822990886,-38.990285423285464,-126.19319760762674,0.0,0.9347375018201437,0,0,1,0.5400176542693046,1.0
2021-03-19 00:00:00+00:00,24420.424605592252,0.00039248648718492873,0.5394726003797505,0.532421197494854,0.0,0.0,-20.279602169966505,29.860528454877738,0.0,0.9345817468678008,0,0,0,0.5400176542693046,1.0
2021-03-20 00:00:00+00:00,24712.364974167784,0.011954762183319145,0.5475131091727068,0.5371527320886066,0.3573653331259298,26.18373015264098,-40.053361691951814,358.1774604201245,0.0,0.9394192052139713,0,0,1,0.5400176542693047,1.0
2021-03-21 00:00:00+00:00,24542.05694395086,-0.0068916119681361465,0.5381288494464114,0.5300987384180135,0.3486212732138559,25.844918487259065,-19.721513897526098,-124.74159783213373,0.0,0.9260310584982108,0,0,1,0.5400176542693046,1.0
2021-03-22 00:00:00+00:00,24142.77923407619,-0.0162691216464268,0.5314127700582844,0.5265717811252573,0.0,0.0,-22.270033264135975,-377.0076766105333,0.0,0.9242438850436739,0,0,0,0.5400176542693046,1.0
2021-03-23 00:00:00+00:00,23803.59188004801,-0.014049225681086353,0.5344286261425907,0.5311017670509889,0.33326100471250747,24.139691757330485,-12.867130863668242,-302.1805314071833,0.0,0.9279564592040529,0,0,1,0.5400176542693046,1.0
2021-03-24 00:00:00+00:00,22698.952158367076,-0.04640643005675271,0.5122363346443489,0.49912592662475397,0.0,0.0,-10.546869837329812,-1094.0928518436026,0.0,0.8830937493941832,0,0,0,0.5400176542693046,1.0
2021-03-25 00:00:00+00:00,22401.307146955416,-0.0131127203288961,0.3546468007769851,0.34756617001898105,0.5613240209859864,38.22349812290768,-1.2407107271372575,-258.18080256161767,0.0,0.9423514689734557,0,0,1,0.36196499411145483,0.6702836310068937
2021-03-26 00:00:00+00:00,23056.72942264906,0.029258215665451504,0.33328875599781604,0.31055129286379834,0.21057932366986895,14.151970387144361,-3.0491843069075806,672.6234303876975,0.0,0.96458120650869,0,0,1,0.3132223765420063,0.5800224753130081
2021-03-27 00:00:00+00:00,23513.273351181462,0.019800897176853294,0.43254137467940146,0.41712078946003744,0.2702508051643374,18.692436589485848,-3.8662975280071823,479.10266264989497,0.0,0.9517281251035624,0,0,1,0.4206410726849379,0.7789394834768975
2021-03-28 00:00:00+00:00,23764.363531186344,0.010678656954935084,0.5015399855493397,0.4904785384111022,0.06315936182811778,4.455115338270514,-9.939549583764475,265.48484492691864,0.0,0.9410592999839361,0,0,1,0.495683582023756,0.9179025502313682
2021-03-29 00:00:00+00:00,24143.92003848893,0.01597166727417254,0.5450370990416357,0.5328180515142327,0.03636280082369775,2.5923979372650856,-16.737390773591933,398.8862960134406,0.0,0.9381161036137455,0,0,1,0.5370124636173267,0.9944350140625602
2021-03-30 00:00:00+00:00,24598.724492998015,0.018837225014995962,0.5496843739191682,0.5380341212370124,0.0074622965314481435,0.5405083091334673,-28.359633558048984,483.7045963762659,0.0,0.9421128323367802,0,0,1,0.5400176542693046,1.0
2021-03-31 00:00:00+00:00,24516.903219568587,-0.003326240490750587,0.5493277195272845,0.5352976505713156,0.0,0.0,-28.101336762453492,-53.719936666972174,0.0,0.9171676695963664,0,0,0,0.5400176542693046,1.0
2021-04-01 00:00:00+00:00,25099.37314115004,0.023757891295037137,0.5612213861869496,0.5455627127920294,0.0,0.0,-36.02052964151487,618.4904512229687,0.0,0.9375736519451348,0,0,0,0.5400176542693046,1.0
2021-04-02 00:00:00+00:00,25068.744674549096,-0.0012202881095356721,0.5624631887948794,0.5537352065086191,0.0,0.0,-44.5695486327663,13.941082031819406,0.0,0.9287485141137585,0,0,0,0.5400176542693046,1.0
2021-04-03 00:00:00+00:00,24932.1869824538,-0.005447328690292741,0.5404175445145264,0.5290165668993964,0.420234529474389,31.60148987081531,-57.23874966646292,-47.71745255801102,0.0,0.9238101881410702,0,0,1,0.5400176542693046,1.0
2021-04-04 00:00:00+00:00,25510.244651933554,0.0231851971063175,0.5519164650800257,0.5361808658230879,0.3303692716181989,24.71000925480196,-26.05811933462992,628.8257980691902,0.0,0.9376230785026353,0,0,1,0.5400176542693046,1.0
2021-04-05 00:00:00+00:00,25763.806295121733,0.009939600605475274,0.5581424493103473,0.5445253790600905,0.0,0.0,-46.78825430660669,300.34989749479024,0.0,0.9301586520502687,0,0,0,0.5400176542693046,1.0
2021-04-06 00:00:00+00:00,26740.74365687658,0.03791898411919936,0.5766366394804804,0.5501804422047322,0.0,0.0,-62.8812486388459,1039.8186103936973,0.0,0.9282344507263297,0,0,0,0.5400176542693046,1.0
2021-04-07 00:00:00+00:00,26118.76778238982,-0.02325948307450365,0.5675137287875325,0.5510447585155843,0.0,0.0,-25.04261049619301,-596.933263990567,0.0,0.8909584649511849,0,0,0,0.5400176542693046,1.0
2021-04-08 00:00:00+00:00,26868.04829502619,0.02868743728184464,0.58041494484145,0.5641054577144825,0.0,0.0,-22.576960998952508,771.857473635322,0.0,0.9362382544176959,0,0,0,0.5400176542693046,1.0
2021-04-09 00:00:00+00:00,27212.72879953783,0.012828639457799662,0.5868355859029757,0.5753716696576056,0.0,0.0,-30.100375428879257,374.7808799405197,0.0,0.9312951444210307,0,0,0,0.5400176542693046,1.0
2021-04-10 00:00:00+00:00,27358.270365058874,0.005348290007708423,0.5910293847996589,0.5810736485834188,0.0,0.0,-54.602488426880065,200.14405394792524,0.0,0.9289450369590627,0,0,0,0.5400176542693046,1.0
2021-04-11 00:00:00+00:00,28753.183784897366,0.05098690089780056,0.6132518524527187,0.5851702884177329,0.0,0.0,-68.48809711981232,1463.4015169583004,0.0,0.9280822529680673,0,0,0,0.5400176542693046,1.0
2021-04-12 00:00:00+00:00,29251.330263319353,0.017324915464966173,0.5507877761069324,0.5330749938268632,0.38794035587376985,33.46471830468802,-70.96601262681318,602.5772093534883,0.0,0.9315308276681642,0,0,1,0.5400176542693047,1.0
2021-04-13 00:00:00+00:00,29308.874256713494,0.0019672265458059446,0.5547014721567696,0.5369795103210321,0.0,0.0,-88.85656015940803,146.40055355354946,0.0,0.9180637152615632,0,0,0,0.5400176542693047,1.0
2021-04-14 00:00:00+00:00,30203.237445920287,0.030515098648046246,0.5570170587357065,0.5235247447899625,0.27693033963699426,24.35065861785773,-91.45897794836047,1010.1728257730131,0.0,0.914085221020945,0,0,1,0.5400176542693047,1.0
2021-04-15 00:00:00+00:00,32921.95890019103,0.09001423967012423,0.5954583083401686,0.5509839960018972,0.0,0.0,-61.214013258892614,2779.9354675296363,0.0,0.9321317542922912,0,0,0,0.5400176542693047,1.0
2021-04-16 00:00:00+00:00,39608.51743618733,0.20310330124242704,0.6647115022520362,0.5788689378271178,0.0,0.0,-38.02463703545565,6724.583173031745,0.0,0.905018296423663,0,0,0,0.5400176542693047,1.0
2021-04-17 00:00:00+00:00,36010.434808225626,-0.09084113369702662,0.6345948354224644,0.610322773728738,0.0,0.0,-121.88145159497446,-3476.2011763667256,0.0,0.8079106589739291,0,0,0,0.5400176542693047,1.0
2021-04-18 00:00:00+00:00,36907.41557692232,0.024908912471443,0.46705804369083315,0.38884585632683605,0.23466858454600145,25.354268084760665,-20.362817541764446,942.69785432322,0.0,0.859790869776103,0,0,1,0.45289094762057125,0.8386595216657794
2021-04-19 00:00:00+00:00,37728.11495106456,0.022236706670282658,0.5508918685725235,0.5241792556934813,0.2921131129004616,32.34724187722816,-19.883207584916693,872.9298236043846,0.0,0.9152376386564208,0,0,1,0.5400176542693046,1.0
2021-04-20 00:00:00+00:00,37572.175672943085,-0.004133237993038885,0.5493697993332706,0.5124724188540055,0.0,0.0,-12.846144969694276,-143.09313315178574,0.0,0.87391374741949,0,0,0,0.5400176542693046,1.0
2021-04-21 00:00:00+00:00,36872.96985436052,-0.018609670748614304,0.5411687428893955,0.5327589770512159,0.0,0.0,-12.685951306298337,-686.519867276277,0.0,0.913034014518603,0,0,0,0.5400176542693046,1.0
2021-04-22 00:00:00+00:00,36622.62371578318,-0.0067894216160550025,0.5384508212258524,0.5161399780907802,0.0,0.0,-15.329211103306607,-235.01692747402421,0.0,0.8993735968585767,0,0,0,0.5400176542693046,1.0
2021-04-23 00:00:00+00:00,36468.37394809695,-0.004211871024952019,0.5154546498680034,0.4544071283067941,0.07349772030867671,8.07451018085327,-7.764886467744343,-138.41037103763665,0.0,0.8446072095731473,0,0,1,0.5171454436095954,0.9576454390354007
2021-04-24 00:00:00+00:00,36751.63060140604,0.0077671862669892455,0.5048154559164979,0.48176969158603394,0.017564517723696188,1.9215253747779382,-4.221432392820438,289.399611076673,0.0,0.9168307737635991,0,0,1,0.5007952982483472,0.9273683819207189
2021-04-25 00:00:00+00:00,37334.3687174976,0.01585611594793468,0.5389284506698636,0.5122097358563596,0.3234021242004842,35.65675916014382,-2.7342535686754808,621.1291288203777,0.0,0.9111719003551032,0,0,1,0.5310895297756958,0.983466976638589
2021-04-26 00:00:00+00:00,39094.22804156445,0.04713778174162764,0.5609463862168571,0.531098465336014,0.038115126375057116,4.268840685142625,-6.033457924803759,1770.1616226767906,0.0,0.9287727130346767,0,0,1,0.5400176542693047,1.0
2021-04-27 00:00:00+00:00,39621.6403727345,0.01349079794104946,0.5470767551774438,0.534591610315611,0.3400521634337953,39.88307924630058,-19.129992028049795,586.4254024443908,0.0,0.9345510674656574,0,0,1,0.5400176542693047,1.0
2021-04-28 00:00:00+00:00,40686.46573555936,0.02687484295974807,0.55948527404292,0.5324742023812221,0.0,0.0,-22.574619149252076,1087.399981974109,0.0,0.9171737022489942,0,0,0,0.5400176542693047,1.0
2021-04-29 00:00:00+00:00,40306.28033140773,-0.009344272039322199,0.5558178826042942,0.5440938609900687,0.0,0.0,-19.65836171247556,-360.5270424391505,0.0,0.913618492197342,0,0,0,0.5400176542693047,1.0
2021-04-30 00:00:00+00:00,41292.728071800455,0.024473797440049516,0.5669972917107505,0.5509748526526858,0.0,0.0,-23.46585420846463,1009.9135946011861,0.0,0.9347043076429793,0,0,0,0.5400176542693047,1.0
2021-05-01 00:00:00+00:00,42911.12750132221,0.03919332785926999,0.5842957439285893,0.5607821994385174,0.0,0.0,-41.5247526185171,1659.9241821402675,0.0,0.9305468162147393,0,0,0,0.5400176542693047,1.0
2021-05-02 00:00:00+00:00,42154.69310984347,-0.017627930924337343,0.5778325066633849,0.5695016346204613,0.0,0.0,-41.99721256571305,-714.4371789130324,0.0,0.9105927684424803,0,0,0,0.5400176542693047,1.0
2021-05-03 00:00:00+00:00,43742.17135734063,0.037658398872947085,0.5943898501544285,0.5747366183428964,0.0,0.0,-54.07244373528979,1641.550691232452,0.0,0.9356781240432523,0,0,0,0.5400176542693047,1.0
2021-05-04 00:00:00+00:00,43649.80492212201,-0.00211161065746035,0.5946151864452108,0.5696988314734573,0.0,0.0,-47.30064876425235,-45.06578645436389,0.0,0.8889366158455447,0,0,0,0.5400176542693047,1.0
2021-05-05 00:00:00+00:00,47153.40263409354,0.08026605658885488,0.6253602389854056,0.5916478784842192,0.0,0.0,-29.428536195596784,3533.0262481671293,0.0,0.9339605468570582,0,0,0,0.5400176542693047,1.0
2021-05-06 00:00:00+00:00,46366.0983082348,-0.016696659877721842,0.6212546127381237,0.6032439838767123,0.0,0.0,-104.59363428713232,-682.7106915716085,0.0,0.8872781213831779,0,0,0,0.5400176542693047,1.0
2021-05-07 00:00:00+00:00,47867.76017872675,0.03238706566399285,0.6345026629176854,0.6035716895462165,0.0,0.0,-65.40698215513856,1567.0688526470733,0.0,0.8977268494163168,0,0,0,0.5400176542693047,1.0
2021-05-08 00:00:00+00:00,47343.652888526216,-0.010949066516662609,0.6320246557561804,0.6184293889941714,0.0,0.0,-74.24190800415252,-449.86538219638203,0.0,0.8987002821258178,0,0,0,0.5400176542693047,1.0
2021-05-09 00:00:00+00:00,46975.717973347644,-0.007771578505885501,0.6297116598534518,0.5970307746915982,0.0,0.0,-26.736333872072954,-341.1985813065039,0.0,0.8586152293344623,0,0,0,0.5400176542693047,1.0
2021-05-10 00:00:00+00:00,43986.99791348582,-0.06362265844574244,0.6051468488649606,0.5840672067202897,0.0,0.0,-26.1559004330013,-2962.5641594288318,0.0,0.8383128436191926,0,0,0,0.5400176542693047,1.0
2021-05-11 00:00:00+00:00,45406.68361992801,0.03227512159921542,0.5099589621619275,0.48487702626383034,0.12524177590521915,16.528298310826553,-8.083462461736987,1444.2974672147523,0.0,0.9346645975072712,0,0,1,0.4938077251744776,0.9144288548170642
2021-05-12 00:00:00+00:00,42720.96220960381,-0.05914815168631904,0.5113725787161788,0.5044630148237987,0.030063171803812818,4.095169356245725,-9.564608963687004,-2672.06163200427,0.0,0.8813439923067705,0,0,1,0.5400176542693047,1.0
2021-05-13 00:00:00+00:00,44191.70462397129,0.03442671555831334,0.4042518779159371,0.3587694604421494,0.12798760118165192,16.408097916178043,-6.759413945156281,1493.9099262288173,0.0,0.9265398660833056,0,0,1,0.38352903647589803,0.7102157372889029
2021-05-14 00:00:00+00:00,45654.591322422704,0.03310319687595609,0.5274820742521343,0.5019911385087426,0.10724553781561105,14.218194065309786,-8.168664933559022,1485.2735574502876,0.0,0.9313624302193081,0,0,1,0.5115018017467869,0.9471945920710642
2021-05-15 00:00:00+00:00,45456.92617858101,-0.004329578649510668,0.5385235168960224,0.5218791514072803,0.02297145429427177,3.1462385979908767,-21.43305059029006,-173.08585465341633,0.0,0.9117920340085837,0,0,1,0.5400176542693047,1.0
2021-05-16 00:00:00+00:00,46429.316954910115,0.02139147668078123,0.548594807123416,0.5213471097981495,0.0,0.0,-18.86765044945107,991.2584267785489,0.0,0.9139149169868489,0,0,0,0.5400176542693047,1.0
2021-05-17 00:00:00+00:00,44694.69911404332,-0.037360399735179683,0.5315261253547072,0.5148166394663907,0.0,0.0,-20.13590509784458,-1714.4819357689582,0.0,0.8824898329536927,0,0,0,0.5400176542693047,1.0
2021-05-18 00:00:00+00:00,46143.724906655814,0.032420529085902317,0.5554326373728281,0.5336807317950361,0.33348386400678703,44.71424367729864,-23.916803108956252,1517.6568393987468,0.0,0.9328337327860791,0,0,1,0.5400176542693046,1.0
2021-05-19 00:00:00+00:00,38173.17780734774,-0.17273306642304453,0.44233487219418854,0.35717110685528547,0.3412733075872001,47.24600782783898,82.87151709198679,-8006.172608572219,0.0,0.6892953810789685,0,0,1,0.5400176542693046,1.0
2021-05-20 00:00:00+00:00,38983.60907629409,0.021230385194453305,0.13544201610045928,0.10349494141155062,0.3923751279890727,44.93995260623896,0.9082460800150292,854.4629754725776,0.0,0.9745041368164244,0,0,1,0.11617536880614689,0.21513253851551062
2021-05-21 00:00:00+00:00,38236.325406478965,-0.01916917616202818,0.11764857009319146,0.10242296245794663,0.07935449507146516,9.280482025487125,0.0851933609186013,-738.0883811505553,0.0,0.9543244631168457,0,0,1,0.13435006353512596,0.24878828029597366
2021-05-22 00:00:00+00:00,37776.74327451735,-0.012019516181953516,0.10694455745308747,0.10100243767057648,0.06343628723943895,7.27655154095895,-0.47362368807023864,-451.83195673258706,0.0,0.9715723309396537,0,0,1,0.11747890948250159,0.2175464238136099
2021-05-23 00:00:00+00:00,37218.537633594766,-0.014776436308079677,0.09375731471571724,0.07661007860917475,0.006022253396160371,0.6825092011772819,-0.1582688178965136,-557.3648629035144,0.0,0.9595167333349213,0,0,1,0.1071356708032473,0.19839290429904943
2021-05-24 00:00:00+00:00,38020.97104320784,0.02156004670341405,0.11376310962345451,0.09262135697913361,0.052180843826289944,5.826075776784947,0.8163908868552594,807.4430945030091,0.0,0.988527914973555,0,0,1,0.09450361573746177,0.17500097448727703
2021-05-25 00:00:00+00:00,37897.942597115725,-0.0032358049443899084,0.10994079157711466,0.10061148376750978,0.0636193454506729,7.256771241413646,-0.5052793351588357,-115.26639551554854,0.0,0.9764928919454088,0,0,1,0.11265817665716368,0.20861943265466187
2021-05-26 00:00:00+00:00,38247.49440551506,0.009223503558368318,0.11818643487000056,0.10802532005494087,0.05835483640942357,6.6345566831444165,-1.2907765412455317,357.47714162372597,0.0,0.9869906923060086,0,0,1,0.1098593718448625,0.2034366302218632
2021-05-27 00:00:00+00:00,37986.22221877249,-0.006831092880816181,0.11188225495469821,0.10740576075085681,0.0655283631968572,7.5189402869701425,-0.9899240886694282,-252.7633223669337,0.0,0.9775960788573833,0,0,1,0.11775598957348714,0.2180595183185673
2021-05-28 00:00:00+00:00,37587.600076572926,-0.010493861166393392,0.10246049866609293,0.09845841784276953,0.0009038784488831261,0.1030049288756087,-0.8341707498212252,-397.6849665208787,0.0,0.9754370330133983,0,0,1,0.11185604448409468,0.2071340512662435
2021-05-29 00:00:00+00:00,37355.6550702554,-0.006170785201635942,0.09733085449024784,0.09220835878499395,0.0025134175561637956,0.28342394229327383,-1.2851076987590966,-230.37647467646087,0.0,0.9791327015566037,0,0,1,0.10287255072208416,0.19049849557470588
2021-05-30 00:00:00+00:00,37523.35655410057,0.004489319850763396,0.1017834365284395,0.09242322430947547,0.04603254747039619,5.158708696511635,0.04446243194945848,172.81573010971962,0.0,0.9849439087249813,0,0,1,0.09762427142622293,0.18077977757656438
2021-05-31 00:00:00+00:00,37971.15271674133,0.011933798139703633,0.11215892539923038,0.09856291195793304,0.04969223236783536,5.593862189499902,-0.692285622323703,454.08231045258236,0.0,0.986867261915177,0,0,1,0.10141186459066201,0.1877936096883387
2021-06-01 00:00:00+00:00,38093.2509403604,0.0032155521990575586,0.11454597356349117,0.10664335642301846,0.060634561233148324,6.907097740486602,-0.8481680295440732,129.8534893890957,0.0,0.9837611358075371,0,0,1,0.1115154612438065,0.20650336218118193
2021-06-02 00:00:00+00:00,38381.531320363705,0.00756775473048088,0.12096075696549292,0.11115078559398657,0.005152630057521124,0.5888395176007758,-0.9495004955595219,289.8187200164683,0.0,0.985402624641594,0,0,1,0.114267121305586,0.21159886237460201
2021-06-03 00:00:00+00:00,38471.01717731438,0.002331482196574086,0.09789763986259406,0.09207503195570896,0.02525242741730038,2.907689371311024,-0.6772447709303344,93.07079109292049,0.0,0.9867498978930802,0,0,1,0.09571101102947545,0.22365340926982402
2021-06-04 00:00:00+00:00,38190.02036160002,-0.007304117133665411,0.09069820404832117,0.08555608982448791,0.0037026065741018227,0.4273302448593223,-0.8248888124651113,-279.7445966570343,0.0,0.9786890605984335,0,0,1,0.09731075121195461,0.2273916139122053
2021-06-05 00:00:00+00:00,38105.96677734488,-0.0022009305954614478,0.090306398154334,0.08749964736497724,0.001585708266137708,0.18167528974811328,-0.7765937833578131,-83.09531518203482,0.0,0.986044947748124,0,0,1,0.09228689952459943,0.21565209151601084
2021-06-06 00:00:00+00:00,38147.81659299433,0.00109824836341188,0.0918033901229,0.0898028844691759,0.0014360398646498334,0.1641648558319797,-0.7622363662456588,42.776216871528646,0.0,0.98995058426173,0,0,1,0.0907809020775293,0.2121329409003606
2021-06-07 00:00:00+00:00,37833.4713592774,-0.008240189394605024,0.08413253235358073,0.08319496271422117,0.04755599382382586,5.442482079041978,-0.771381571348034,-308.13137006654136,0.0,0.9825231354101781,0,0,1,0.09153130719386979,0.21388645557748986
2021-06-08 00:00:00+00:00,37858.83925149504,0.0006705145287022596,0.08667158190071535,0.07700857086045014,0.047037952589771344,5.338840007525025,-0.8054765915287316,31.51220881669309,0.0,0.9825894311177147,0,0,1,0.08591111155020473,0.2007534220534578
2021-06-09 00:00:00+00:00,37973.54992873936,0.0030299575875083473,0.08913610199242651,0.08251351920889169,0.002989670420119473,0.33955961116153255,-0.2740428697065212,115.32427972517746,0.0,0.9875716493746248,0,0,1,0.08636954976847133,0.20182468093320505
2021-06-10 00:00:00+00:00,37809.821778893274,-0.004311636656392115,0.08462239181976512,0.0828472761140459,0.04845009606966978,5.5195015935626675,-0.9127477014992236,-157.29590055101954,0.0,0.9855479146721181,0,0,1,0.08841843968822768,0.2066124395290364
2021-06-11 00:00:00+00:00,37593.861470201955,-0.005711751564295264,0.08038121356563692,0.07888179366735032,0.04434589310405432,5.030126281462653,-0.9583402831461132,-209.97184212670894,0.0,0.9848675765380486,0,0,1,0.08548598876223654,0.1997600132505971
2021-06-12 00:00:00+00:00,37615.68384879082,0.0005804771772688344,0.08218204482945188,0.0776715202241629,0.0023955048990921025,0.2701694747753576,-0.6788999864688839,22.771448050106038,0.0,0.9879707160276381,0,0,1,0.08162677835715951,0.19074197494025846
2021-06-13 00:00:00+00:00,37778.983581636225,0.004341267156057649,0.08601015691224735,0.07923025595641431,0.0010680544743533922,0.12052527677683236,-0.7846632769935264,164.20492139918863,0.0,0.989082137315945,0,0,1,0.08200689260384199,0.19163020970309452
2021-06-14 00:00:00+00:00,37841.07103261412,0.0016434388935777644,0.08646261014327462,0.08255322855479474,0.0011481095326985277,0.13012273387220966,-0.8301664332452069,63.04774014500963,0.0,0.9891691797539882,0,0,1,0.08493262725139192,0.19846694166846757
2021-06-15 00:00:00+00:00,37797.94034797273,-0.0011397849866409127,0.08502950597954345,0.08415617364084434,0.0006380289913003018,0.07243126819946497,-0.9768326680293601,-42.081420705145995,0.0,0.9895353768148858,0,0,1,0.0860469201074795,0.2010707736989562
2021-06-16 00:00:00+00:00,37675.372688873,-0.0032427073531350326,0.08232537966532143,0.08075807260252726,0.0005366017876647668,0.06084735194859103,-0.9669583982276908,-121.53985334955479,0.0,0.9870491284007682,0,0,1,0.08527444888784355,0.1992656958925877
2021-06-17 00:00:00+00:00,37666.072806688484,-0.00024684247349904265,0.0,0.0,0.08232550269583072,9.304933235083555,0.0,0.005051050566877102,0.0,0.9997530234919124,0,0,1,0.0,0.19414416714936056
2021-06-18 00:00:00+00:00,37666.072806688484,0.0,0.0,0.0,0.0,0.0,0.0,0.0,0.0,1.0,0,0,0,0.0,0.19375539051973145
2021-06-19 00:00:00+00:00,37666.072806688484,0.0,0.0,0.0,0.0,0.0,0.0,0.0,0.0,1.0,0,0,0,0.0,0.19375539051973145
2021-06-20 00:00:00+00:00,37666.072806688484,0.0,0.0,0.0,0.0,0.0,0.0,0.0,0.0,1.0,0,0,0,0.0,0.19375539051973145
2021-06-21 00:00:00+00:00,37666.072806688484,0.0,0.0,0.0,0.0,0.0,0.0,0.0,0.0,1.0,0,0,0,0.0,0.19375539051973145
2021-06-22 00:00:00+00:00,37666.072806688484,0.0,0.0,0.0,0.0,0.0,0.0,0.0,0.0,1.0,0,0,0,0.0,0.19375539051973145
2021-06-23 00:00:00+00:00,37666.072806688484,0.0,0.0,0.0,0.0,0.0,0.0,0.0,0.0,1.0,0,0,0,0.0,0.19375539051973145
2021-06-24 00:00:00+00:00,37666.072806688484,0.0,0.0,0.0,0.0,0.0,0.0,0.0,0.0,1.0,0,0,0,0.0,0.19375539051973145
2021-06-25 00:00:00+00:00,37666.072806688484,0.0,0.0,0.0,0.0,0.0,0.0,0.0,0.0,1.0,0,0,0,0.0,0.19375539051973145
2021-06-26 00:00:00+00:00,37666.072806688484,0.0,0.0,0.0,0.0,0.0,0.0,0.0,0.0,1.0,0,0,0,0.0,0.19375539051973145
2021-06-27 00:00:00+00:00,37666.072806688484,0.0,0.0,0.0,0.0,0.0,0.0,0.0,0.0,1.0,0,0,0,0.0,0.19375539051973145
2021-06-28 00:00:00+00:00,37666.072806688484,0.0,0.0,0.0,0.0,0.0,0.0,0.0,0.0,1.0,0,0,0,0.0,0.19375539051973145
2021-06-29 00:00:00+00:00,37666.072806688484,0.0,0.0,0.0,0.0,0.0,0.0,0.0,0.0,1.0,0,0,0,0.0,0.19375539051973145
2021-06-30 00:00:00+00:00,37666.072806688484,0.0,0.0,0.0,0.0,0.0,0.0,0.0,0.0,1.0,0,0,0,0.0,0.19375539051973145
2021-07-01 00:00:00+00:00,37666.072806688484,0.0,0.0,0.0,0.0,0.0,0.0,0.0,0.0,1.0,0,0,0,0.0,0.19375539051973145
2021-07-02 00:00:00+00:00,37666.072806688484,0.0,0.0,0.0,0.0,0.0,0.0,0.0,0.0,1.0,0,0,0,0.0,0.19375539051973145
2021-07-03 00:00:00+00:00,37666.072806688484,0.0,0.0,0.0,0.0,0.0,0.0,0.0,0.0,1.0,0,0,0,0.0,0.19375539051973145
2021-07-04 00:00:00+00:00,37666.072806688484,0.0,0.0,0.0,0.0,0.0,0.0,0.0,0.0,1.0,0,0,0,0.0,0.19375539051973145
2021-07-05 00:00:00+00:00,37666.072806688484,0.0,0.0,0.0,0.0,0.0,0.0,0.0,0.0,1.0,0,0,0,0.0,0.19375539051973145
2021-07-06 00:00:00+00:00,37666.072806688484,0.0,0.0,0.0,0.0,0.0,0.0,0.0,0.0,1.0,0,0,0,0.0,0.19375539051973145
2021-07-07 00:00:00+00:00,37666.072806688484,0.0,0.0,0.0,0.0,0.0,0.0,0.0,0.0,1.0,0,0,0,0.0,0.19375539051973145
2021-07-08 00:00:00+00:00,37666.072806688484,0.0,0.0,0.0,0.0,0.0,0.0,0.0,0.0,1.0,0,0,0,0.0,0.19375539051973145
2021-07-09 00:00:00+00:00,37666.072806688484,0.0,0.0,0.0,0.0,0.0,0.0,0.0,0.0,1.0,0,0,0,0.0,0.19375539051973145
2021-07-10 00:00:00+00:00,37666.072806688484,0.0,0.0,0.0,0.0,0.0,0.0,0.0,0.0,1.0,0,0,0,0.0,0.19375539051973145
2021-07-11 00:00:00+00:00,37666.072806688484,0.0,0.0,0.0,0.0,0.0,0.0,0.0,0.0,1.0,0,0,0,0.0,0.19375539051973145
2021-07-12 00:00:00+00:00,37666.072806688484,0.0,0.0,0.0,0.0,0.0,0.0,0.0,0.0,1.0,0,0,0,0.0,0.19375539051973145
2021-07-13 00:00:00+00:00,37666.072806688484,0.0,0.0,0.0,0.0,0.0,0.0,0.0,0.0,1.0,0,0,0,0.0,0.19375539051973145
2021-07-14 00:00:00+00:00,37666.072806688484,0.0,0.0,0.0,0.0,0.0,0.0,0.0,0.0,1.0,0,0,0,0.0,0.19375539051973145
2021-07-15 00:00:00+00:00,37666.072806688484,0.0,0.0,0.0,0.0,0.0,0.0,0.0,0.0,1.0,0,0,0,0.0,0.19375539051973145
2021-07-16 00:00:00+00:00,37666.072806688484,0.0,0.0,0.0,0.0,0.0,0.0,0.0,0.0,1.0,0,0,0,0.0,0.19375539051973145
2021-07-17 00:00:00+00:00,37666.072806688484,0.0,0.0,0.0,0.0,0.0,0.0,0.0,0.0,1.0,0,0,0,0.0,0.19375539051973145
2021-07-18 00:00:00+00:00,37666.072806688484,0.0,0.0,0.0,0.0,0.0,0.0,0.0,0.0,1.0,0,0,0,0.0,0.19375539051973145
2021-07-19 00:00:00+00:00,37666.072806688484,0.0,0.0,0.0,0.0,0.0,0.0,0.0,0.0,1.0,0,0,0,0.0,0.19375539051973145
2021-07-20 00:00:00+00:00,37666.072806688484,0.0,0.0,0.0,0.0,0.0,0.0,0.0,0.0,1.0,0,0,0,0.0,0.19375539051973145
2021-07-21 00:00:00+00:00,37666.072806688484,0.0,0.0,0.0,0.0,0.0,0.0,0.0,0.0,1.0,0,0,0,0.0,0.19375539051973145
2021-07-22 00:00:00+00:00,37666.072806688484,0.0,0.0,0.0,0.0,0.0,0.0,0.0,0.0,1.0,0,0,0,0.0,0.19375539051973145
2021-07-23 00:00:00+00:00,37666.072806688484,0.0,0.0,0.0,0.0,0.0,0.0,0.0,0.0,1.0,0,0,0,0.0,0.19375539051973145
2021-07-24 00:00:00+00:00,37666.072806688484,0.0,0.0,0.0,0.0,0.0,0.0,0.0,0.0,1.0,0,0,0,0.0,0.19375539051973145
2021-07-25 00:00:00+00:00,37666.072806688484,0.0,0.0,0.0,0.0,0.0,0.0,0.0,0.0,1.0,0,0,0,0.0,0.19375539051973145
2021-07-26 00:00:00+00:00,37666.072806688484,0.0,0.0,0.0,0.0,0.0,0.0,0.0,0.0,1.0,0,0,0,0.0,0.19375539051973145
2021-07-27 00:00:00+00:00,37666.072806688484,0.0,0.0,0.0,0.0,0.0,0.0,0.0,0.0,1.0,0,0,0,0.0,0.19375539051973145
2021-07-28 00:00:00+00:00,37666.072806688484,0.0,0.0,0.0,0.0,0.0,0.0,0.0,0.0,1.0,0,0,0,0.0,0.19375539051973145
2021-07-29 00:00:00+00:00,37666.072806688484,0.0,0.0,0.0,0.0,0.0,0.0,0.0,0.0,1.0,0,0,0,0.0,0.19375539051973145
2021-07-30 00:00:00+00:00,37666.072806688484,0.0,0.0,0.0,0.0,0.0,0.0,0.0,0.0,1.0,0,0,0,0.0,0.19375539051973145
2021-07-31 00:00:00+00:00,37666.072806688484,0.0,0.0,0.0,0.0,0.0,0.0,0.0,0.0,1.0,0,0,0,0.0,0.19375539051973145
2021-08-01 00:00:00+00:00,37666.072806688484,0.0,0.0,0.0,0.0,0.0,0.0,0.0,0.0,1.0,0,0,0,0.0,0.19375539051973145
2021-08-02 00:00:00+00:00,37666.072806688484,0.0,0.0,0.0,0.0,0.0,0.0,0.0,0.0,1.0,0,0,0,0.0,0.19375539051973145
2021-08-03 00:00:00+00:00,37666.072806688484,0.0,0.0,0.0,0.0,0.0,0.0,0.0,0.0,1.0,0,0,0,0.0,0.19375539051973145
2021-08-04 00:00:00+00:00,37666.072806688484,0.0,0.0,0.0,0.0,0.0,0.0,0.0,0.0,1.0,0,0,0,0.0,0.19375539051973145
2021-08-05 00:00:00+00:00,37666.072806688484,0.0,0.0,0.0,0.0,0.0,0.0,0.0,0.0,1.0,0,0,0,0.0,0.19375539051973145
2021-08-06 00:00:00+00:00,37666.072806688484,0.0,0.0,0.0,0.0,0.0,0.0,0.0,0.0,1.0,0,0,0,0.0,0.19375539051973145
2021-08-07 00:00:00+00:00,37666.072806688484,0.0,0.0,0.0,0.0,0.0,0.0,0.0,0.0,1.0,0,0,0,0.0,0.19375539051973145
2021-08-08 00:00:00+00:00,37666.072806688484,0.0,0.0,0.0,0.0,0.0,0.0,0.0,0.0,1.0,0,0,0,0.0,0.19375539051973145
2021-08-09 00:00:00+00:00,37666.072806688484,0.0,0.0,0.0,0.0,0.0,0.0,0.0,0.0,1.0,0,0,0,0.0,0.19375539051973145
2021-08-10 00:00:00+00:00,37666.072806688484,0.0,0.0,0.0,0.0,0.0,0.0,0.0,0.0,1.0,0,0,0,0.0,0.19375539051973145
2021-08-11 00:00:00+00:00,37666.072806688484,0.0,0.0,0.0,0.0,0.0,0.0,0.0,0.0,1.0,0,0,0,0.0,0.19375539051973145
2021-08-12 00:00:00+00:00,37595.600704860124,-0.0018709702545853801,0.11989171057723876,0.11460364485541968,0.12109643400108659,13.683681299145825,-4.619244507795009,-52.16917602141723,0.0,0.9809339836638843,0,0,1,0.12109643400108658,0.19375539051973145
2021-08-13 00:00:00+00:00,38055.09227205918,0.012221950403352722,0.1301068676387885,0.11851159805867544,0.0589454126610674,6.648341150674835,-2.3310388511536666,468.4709472008798,0.0,0.987126918226455,0,0,1,0.11926746870109409,0.1908290294846583
2021-08-14 00:00:00+00:00,38227.67572105353,0.004535094745284907,0.1354577876540985,0.12758757235453227,0.06527402589905915,7.4520063674444526,-4.268198002859014,184.30365336465337,0.0,0.982901648569149,0,0,1,0.1312522961215765,0.21000486183944356
2021-08-15 00:00:00+00:00,38507.33057535227,0.00731550765313016,0.14221206802017133,0.13036794338304813,0.00831745858113987,0.9538783952946548,-5.830708485293582,286.4394411793369,0.0,0.9808087054257024,0,0,1,0.13576922601394303,0.21723199055272902
2021-08-16 00:00:00+00:00,38493.02406207015,-0.0003715270071532606,0.14313830891175974,0.13624608516076608,0.07427522099041901,8.580493343111684,-7.69674943930667,1.9707295002955334,0.0,0.9783612400665437,0,0,1,0.14307301023381438,0.22891811141554752
2021-08-17 00:00:00+00:00,38300.75604715095,-0.00499487945164212,0.1386820063550533,0.135327736941094,0.0728167790252914,8.40878976814863,-4.093343782476187,-179.76588136858305,0.0,0.9778564604458237,0,0,1,0.14268808764705787,0.22830223179256703
2021-08-18 00:00:00+00:00,38586.96061659655,0.007472556653797202,0.14411824453411884,0.13263548398948197,0.004063902190299869,0.46695238732920263,-1.5955032082796845,288.2670250412115,0.0,0.9809948862008486,0,0,1,0.13767194157527313,0.2202763526735011
2021-08-19 00:00:00+00:00,39001.827301126265,0.010751473500384412,0.154479660547261,0.1403739267243184,0.07352470799730819,8.511156243364823,-2.269700292633539,425.647541065703,0.0,0.9802927018430307,0,0,1,0.1451287551551702,0.23220732189752324
2021-08-20 00:00:00+00:00,39190.1353948745,0.004828186440967164,0.16046746839007595,0.15276367562450072,0.08445095421682824,9.881180250693593,-8.71253936966815,206.90181336860692,0.0,0.9807449263437481,0,0,1,0.155973037340474,0.2495582715522492
2021-08-21 00:00:00+00:00,38965.18705496497,-0.00573992249944999,0.15627595237773959,0.154107159050247,0.0038641122050145494,0.45430586995998373,-8.38263950365039,-216.1113945359206,0.0,0.9766755262399086,0,0,1,0.1608963999590018,0.2574356963062642
2021-08-22 00:00:00+00:00,39101.22562464571,0.0034912849125769974,0.15831197752444684,0.15211398011205082,0.09116577632978776,10.656742321194775,-4.817715691812665,151.51302769375062,0.0,0.9811586816208934,0,0,1,0.15500817600387232,0.24801448468013565
2021-08-23 00:00:00+00:00,39297.1817984835,0.005011509759793142,0.16296401808376695,0.15745166686475476,0.0067113845350985305,0.7872737271433656,-6.967399473753316,203.7108470386859,0.0,0.9829193102309639,0,0,1,0.15857796884778375,0.2537261855427754
2021-08-24 00:00:00+00:00,38744.62473557538,-0.014060984468088344,0.15230928184428455,0.14679886127221733,0.09270885953285846,10.929515061515826,-12.065237946530095,-529.5623099000624,0.0,0.9655525617128076,0,0,1,0.16368323258168677,0.2618946537278891
2021-08-25 00:00:00+00:00,38817.94168938496,0.001892312915919403,0.15114113466772447,0.14392206881512726,0.08407029193617246,9.771777669757233,-2.314253215256979,85.40298469459306,0.0,0.979218372138401,0,0,1,0.14925721717242893,0.23881289849437548
2021-08-26 00:00:00+00:00,38539.084630288984,-0.007183715749983555,0.20431954540922478,0.19766381127098626,0.12944837774461224,15.07470151014685,-3.121005594488337,-260.66135199136045,0.0,0.9652207334156653,0,0,1,0.20964515686145638,0.24187636033327686
2021-08-27 00:00:00+00:00,39464.230038196394,0.024005380947224486,0.21866482236693113,0.19688972977367628,0.11325128030667837,13.094032411429934,-2.860638696238206,941.1000790150797,0.0,0.9766995156404414,0,0,1,0.19957647836682466,0.23025970605846868
2021-08-28 00:00:00+00:00,39509.26777238167,0.0011412292636061583,0.23433932040203861,0.22726640781823046,0.11987930262311786,14.192832617555274,-5.305990436481541,64.53655723930513,0.0,0.9696034309929752,0,0,1,0.233055225490015,0.26888553278351346
2021-08-29 00:00:00+00:00,39409.70986763593,-0.0025198620566522223,0.232937291379906,0.22771855240803335,0.009580520783074746,1.1355709999145052,-6.097762241675564,-92.32457150414817,0.0,0.9683629065232973,0,0,1,0.2347025551679049,0.2707861257317222
2021-08-30 00:00:00+00:00,39576.815135989964,0.004240205495429583,0.23448955989453107,0.22535659020662183,0.0021602291054952194,0.25540227604059373,-6.190728480238408,173.55139911031134,0.0,0.9702331101198305,0,0,1,0.23108237914691665,0.2666093776835853
2021-08-31 00:00:00+00:00,39757.98181305689,0.0045775961619047845,0.24110460037967046,0.23280410324237,0.13424234606273056,15.938766957504557,-7.370687712941635,204.476131737372,0.0,0.9708050458890674,0,0,1,0.23714264909698718,0.2736013638572935
2021-09-01 00:00:00+00:00,40334.359162052,0.014497148062123877,0.254963598168856,0.238789148035539,0.12101321632729602,14.433722391891058,-7.750540335249802,598.5616117222445,0.0,0.9694805143095963,0,0,1,0.2436931110032623,0.2811589049334208
2021-09-02 00:00:00+00:00,40659.81408866107,0.008068925188608578,0.2840308261241871,0.2719199040718339,0.022694083221888945,2.7460360998841042,-22.06335927643965,350.2643219853836,0.0,0.965082353269847,0,0,1,0.27765284911143406,0.32033967101667504
2021-09-03 00:00:00+00:00,41262.34863972984,0.014818920464193752,0.3341958565675172,0.31990427162998947,0.1669070175880284,20.35889545185602,-22.276921701214686,645.1703682218554,0.0,0.9625065615462767,0,0,1,0.32343175737485685,0.3731567066046001
2021-09-04 00:00:00+00:00,40612.83850119156,-0.01574098809084501,0.4002850575745486,0.3962914846546245,0.253236578177507,31.347862214344907,-33.796621821440525,-584.3656545025028,0.0,0.940290081285415,0,0,1,0.40846526774067016,0.4712634136783864
2021-09-05 00:00:00+00:00,40976.409076808784,0.008952109456879187,0.32391073536610476,0.3137833148075763,0.08328398228348009,10.147379809090287,-27.945220037423546,401.6631754637416,0.0,0.9638235305968198,0,0,1,0.3170118931860784,0.36574984156148416
2021-09-06 00:00:00+00:00,41363.82114137382,0.009454514763332256,0.37490828082453903,0.358087007983126,0.0442700425383872,5.442156244688042,-30.03772077773699,422.89194158746676,0.0,0.9488899883637121,0,0,1,0.3681899867145873,0.4247961423527409
2021-09-07 00:00:00+00:00,39716.10393928267,-0.039834743421299446,0.39899242313453925,0.33843315102678667,0.047748632618517826,5.925180837586416,-8.021525914544696,-1633.77049533902,0.0,0.843037553354444,0,0,1,0.42265513469771565,0.4876348549487981
2021-09-08 00:00:00+00:00,39860.89466460927,0.0036456427233637623,0.18958055426423145,0.16923898333221157,0.21296356706499966,25.374896015771228,-3.279857811400179,173.44547915377893,0.0,0.962574412281316,0,0,1,0.18604416900644027,0.27945161145843256
2021-09-09 00:00:00+00:00,39953.710900551974,0.002328503580355079,0.19200571888653448,0.18445046323294578,0.007105054978383097,0.8496332117498965,-2.6480574187287664,96.31392657318216,0.0,0.9748157186075825,0,0,1,0.19003266102732888,0.28544261095322365
2021-09-10 00:00:00+00:00,39591.152143306266,-0.009074470157431569,0.18531699691714015,0.17883068890398104,0.006146567232373357,0.7367274053019564,-2.898091629324318,-358.9239382110885,0.0,0.9656135905278642,0,0,1,0.192614602696481,0.28932087149742414
2021-09-11 00:00:00+00:00,39949.42260120977,0.009049255667192835,0.18993680813550812,0.1801279245056594,0.0030330006947631213,0.360242477292104,-2.240150964632629,360.87085134542406,0.0,0.9790797021102982,0,0,1,0.18254799523798185,0.2742001090934184
2021-09-12 00:00:00+00:00,40188.42689211321,0.005982671972240228,0.19740352696864952,0.18702124106131496,0.007888699611689115,0.9454566335064997,-2.9405869999392555,242.89033453688893,0.0,0.9746407507270197,0,0,1,0.1925173793106022,0.28917483503737074
2021-09-13 00:00:00+00:00,39778.90780327497,-0.010189975585200295,0.19127464048154727,0.17842894352280098,0.11819524166216842,14.25058789336014,-2.800130930736587,-392.4683700141451,0.0,0.9570089841791265,0,0,1,0.1991813021585829,0.2991845224597075
2021-09-14 00:00:00+00:00,39870.33180379612,0.002298303436919058,0.1899325860688741,0.17950290272360186,0.10612114312146755,12.663845427695676,-2.239617791401943,106.3274637402557,0.0,0.9718855441849055,0,0,1,0.18773641175899625,0.28199348077208064
2021-09-15 00:00:00+00:00,40017.080855969325,0.0036806579111345883,0.193375391009574,0.1857102442225516,0.00846674384682464,1.0127144998988382,-3.1983483207418457,150.96011499382809,0.0,0.9758666008444377,0,0,1,0.19030476952084802,0.285851337318643
2021-09-16 00:00:00+00:00,39792.344232652475,-0.005616017423303088,0.19023394517613443,0.18629304351431744,0.11499170697700414,13.80481212667429,-4.704390838224282,-206.22742035195344,0.0,0.9712808473399429,0,0,1,0.19438115819306132,0.2919743638529574
2021-09-17 00:00:00+00:00,39446.87063382737,-0.008681911193902936,0.18140025038581672,0.17577623645741164,0.11226756598524279,13.402172750000801,-3.860231180426608,-328.2111948946754,0.0,0.9673631548599414,0,0,1,0.1881370471018387,0.2825952636323682
2021-09-18 00:00:00+00:00,39822.00745309309,0.009509925964672705,0.18659054216746906,0.17632484148500832,0.10827115740742856,12.813004450293775,-2.306432877878127,390.2562565938955,0.0,0.9794096345158952,0,0,1,0.17853808263772686,0.268176934360595
2021-09-19 00:00:00+00:00,39483.28808334014,-0.008505833618556946,0.182084825238368,0.17991459033938098,0.008788824735173104,1.0499685712657394,-2.3057647687219744,-335.3636364129539,0.0,0.9711459970557349,0,0,1,0.188964628084101,0.28383834929498597
2021-09-20 00:00:00+00:00,38653.601805754544,-0.021013606461405154,0.16200204257936163,0.15706749321462599,0.005959846043219306,0.705945970699622,-2.193510876807398,-826.7868207380891,0.0,0.9580294820381626,0,0,1,0.17954468217052458,0.2696889186546251
2021-09-21 00:00:00+00:00,38302.474693851465,-0.009083942905698472,0.1487938220313979,0.1433700156085185,0.007011696402635775,0.8130823139981525,-1.8143064152729862,-348.499723173811,0.0,0.9705787837209237,0,0,1,0.1564618138523455,0.2350168040538464
2021-09-22 00:00:00+00:00,39189.083392631466,0.023147556544755643,0.16623364699371967,0.14465369485875257,0.08613177481755582,9.897068127600686,-0.8253550124239604,897.3311219200336,0.0,0.9829432345748877,0,0,1,0.14668227618606217,0.2203272409530178
2021-09-23 00:00:00+00:00,39355.95307483334,0.00425806545486207,0.14492127890546472,0.13758460437501643,0.10970445954917112,12.897704050030871,-0.9178600903478703,180.68524634224855,0.0,0.9820380099569089,0,0,1,0.14097765009364588,0.25739613000629913
2021-09-24 00:00:00+00:00,39053.30366256492,-0.007690054200769847,0.13818440243597718,0.12877752102968468,0.001530807307217714,0.18073818503685313,-0.6078146974213058,-301.8608593859709,0.0,0.9689775241925883,0,0,1,0.1447879131389235,0.2643528849352471
2021-09-25 00:00:00+00:00,38979.28535322748,-0.001895314925901892,0.13648662048833118,0.13390920902474557,0.08312350754877003,9.73877642877401,-1.6148851944690523,-62.66464771419488,0.0,0.981852354370474,0,0,1,0.1378698907578135,0.2517220020469889
2021-09-26 00:00:00+00:00,38878.328301960035,-0.002590018014762996,0.1339706642411975,0.12714257463937928,0.002010128611094658,0.2350573189102247,-1.398237847567809,-99.32375610096973,0.0,0.9770776911363753,0,0,1,0.13616228396602262,0.24860426402619284
2021-09-27 00:00:00+00:00,38716.98377675485,-0.004149986181300136,0.13048576739383508,0.12976172878172604,0.07433970394760914,8.670637811787609,-1.4915806707257508,-151.18230672267407,0.0,0.9821502873170814,0,0,1,0.13386546237400695,0.24441074123228168
2021-09-28 00:00:00+00:00,38507.67263062079,-0.005406184204352349,0.12547588927735256,0.12414222133037274,0.0019968120668584655,0.23193264623368168,-1.0858907670268683,-207.9933227208058,0.0,0.9807783309812992,0,0,1,0.13017431443246677,0.23767146593011812
2021-09-29 00:00:00+00:00,38613.746771709135,0.002754623529337641,0.12780891816808446,0.12447534433650102,0.0006831626068655407,0.0789201319164056,-0.9300941844320564,107.08315540469506,0.0,0.9865404927244057,0,0,1,0.125370726582509,0.22890110465722768
2021-09-30 00:00:00+00:00,38824.8213694401,0.005466307089515787,0.13258179622038269,0.1270865964376606,0.0009306240093146365,0.10780487966909094,-1.1528433597628385,212.33524597038817,0.0,0.9864705373794621,0,0,1,0.1278098741509752,0.23335448534714864
2021-10-01 00:00:00+00:00,39356.52788425868,0.013695015097663799,0.14458642228261895,0.13114733168506648,0.08030338262171444,9.353379637935447,-0.9394544736176353,541.9993489301313,0.0,0.9849452582884137,0,0,1,0.13264635870954872,0.2421849092291265
2021-10-02 00:00:00+00:00,39418.49653583758,0.0015745456957265702,0.14637414477393088,0.1420281279697713,0.07276716523525878,8.591670709836194,-1.460716367600099,72.02103865634291,0.0,0.9823812879665307,0,0,1,0.14481440967524326,0.26440126214895965
2021-10-03 00:00:00+00:00,39484.563291918785,0.0016760343972312963,0.14770448025572375,0.1444338505314685,0.00296442824145425,0.35056430440540887,-1.7293182114854844,68.14663859709516,0.0,0.9834727909582514,0,0,1,0.14623523477604108,0.26699539591497323
2021-10-04 00:00:00+00:00,39422.04317661403,-0.0015834065288382604,0.14643233257406446,0.1421710447694949,0.0008587014619234909,0.10171623936331048,-1.8132477743171904,-60.60515129108535,0.0,0.9793867541803751,0,0,1,0.14773477585086936,0.26973324882421024
2021-10-05 00:00:00+00:00,39507.84395776188,0.0021764671294040028,0.14838116902439477,0.1440678235183103,0.0733226244479622,8.671594878438565,-1.3679379527370439,95.84031397902106,0.0,0.9827993756118529,0,0,1,0.14630633272792276,0.26712520612002033
2021-10-06 00:00:00+00:00,39498.45928862623,-0.00023753938953685605,0.14827123396814393,0.14130786704722717,0.07434663997880006,8.811931974349308,-0.568070386352308,-0.00466677494482326,0.0,0.977647039157424,0,0,1,0.1482794134316216,0.27072764478306255
2021-10-07 00:00:00+00:00,39483.257566384746,-0.0003848687395729966,0.1480627383798528,0.1444042528642663,0.07820803413678211,9.267347406325928,-5.395508219116915,-0.5388666160336562,0.0,0.9811190124154692,0,0,1,0.14805936102608636,0.27032587444892997
2021-10-08 00:00:00+00:00,39477.69243753894,-0.00014094908041584198,0.14770058218132637,0.14561437743979608,0.0024995532895237963,0.2960718517193313,-4.277099041737259,-0.9919579523477822,0.0,0.9830176384547159,0,0,1,0.1477069528426884,0.2696824497462985
2021-10-09 00:00:00+00:00,39540.21503789625,0.0015837450594720082,0.149015593932424,0.1459555393792728,0.002303016846080339,0.27275396593363077,-3.2871913877325043,66.08254571096462,0.0,0.9835226976110346,0,0,1,0.14758055071083573,0.26945166550821675
2021-10-10 00:00:00+00:00,39353.859951945415,-0.004713051908600496,0.14509969308939913,0.14364675153013062,0.0016295980989866428,0.1933042054950822,-4.558868800016899,-181.6029129453275,0.0,0.9794571158762928,0,0,1,0.14901042776725923,0.27206232627936544
2021-10-11 00:00:00+00:00,39382.394710638306,0.0007250815733890192,0.14562159103714725,0.1407347913218898,0.07021063387620069,8.289069380691187,-3.060470404347859,39.884298477930976,0.0,0.9811323168173914,0,0,1,0.14473294069883186,0.26425251659085214
2021-10-12 00:00:00+00:00,39410.344822925676,0.0007097108363454119,0.1460570184873692,0.13839355596518726,0.003724491116526571,0.44003835670373975,-1.717820726279688,30.107971370351635,0.0,0.978132450101932,0,0,1,0.14539822327108037,0.26546718543618797
2021-10-13 00:00:00+00:00,39493.263635503405,0.002103985969934774,0.14805932266464839,0.14194682974977949,0.0725433705084934,8.57684426882493,-1.7261910664767697,93.22184791303897,0.0,0.9808962539441213,0,0,1,0.14603387045643232,0.2666277461736545
2021-10-14 00:00:00+00:00,39486.341706359395,-0.0001752686029672379,0.14810750477347892,0.14539547335737465,0.08561632003696686,10.143879747033296,-4.0542652508324615,7.276215853861832,0.0,0.9822719978868847,0,0,1,0.14794169383046868,0.2701110384039217
2021-10-15 00:00:00+00:00,39698.69440142936,0.005377877156844013,0.15261919028320736,0.14420838716326956,0.07742504217692762,9.171683952958999,-3.4620288033797317,224.98640782630912,0.0,0.9812431821547603,0,0,1,0.14777542546159625,0.2698074666344831
2021-10-16 00:00:00+00:00,39556.53208081094,-0.003581032645076254,0.15000446668340436,0.14896983882763856,0.08525981406021141,10.154088483570177,-7.768586187374229,-124.23964594748162,0.0,0.9806105807709012,0,0,1,0.1526341134243239,0.27867842935576237
2021-10-17 00:00:00+00:00,39586.99134035437,0.0007700184505861074,0.1502698999566778,0.14472952237850453,0.07430881640976446,8.81818842448793,-1.711128387509393,40.98857635543094,0.0,0.9799476616564083,0,0,1,0.14938185879654828,0.2727404827775036
2021-10-18 00:00:00+00:00,39599.469339673946,0.00031520453808409066,0.15052279747045397,0.1471982715565945,0.07182296548416721,8.529693045999547,0.2936246011057448,20.714067764475192,0.0,0.9817483038467117,0,0,1,0.15007212077033727,0.27400075886116493
2021-10-19 00:00:00+00:00,39638.28830665141,0.0009802900802655667,0.1516950218132327,0.14821988758402257,0.14800329017304212,17.58249607116416,-4.79287073565965,61.19433378429491,0.0,0.9822637489986841,0,0,1,0.15036229700536236,0.27453056085364846
2021-10-20 00:00:00+00:00,40136.172470360594,0.01256068778392816,0.16213637559621225,0.1500597782903771,0.08598592727023548,10.224991529339436,-5.536709100457333,513.6458643389785,0.0,0.9833580506898572,0,0,1,0.1512524985894551,0.2761558854531062
2021-10-21 00:00:00+00:00,40017.98569930944,-0.0029446447874028614,0.16059092968266325,0.15700709843439892,0.08289686874362152,9.981540684719915,-8.295249508714328,-99.90998085771967,0.0,0.9774648975066188,0,0,1,0.1626521024634234,0.29696921237985785
2021-10-22 00:00:00+00:00,40036.09276730338,0.0004524732486534955,0.16067020571405985,0.15759656517597137,0.08640673468617965,10.373392359282235,-5.222143012947874,33.70260336616896,0.0,0.9812527567619954,0,0,1,0.1599358551464598,0.2920099046664578
2021-10-23 00:00:00+00:00,40116.092343343036,0.001998186399073232,0.16236617762224342,0.15844186877927616,0.07879621213749148,9.464093817712449,-5.473037855494129,94.9367077128625,0.0,0.9816820677084267,0,0,1,0.1603587031479451,0.29278193795748597
2021-10-24 00:00:00+00:00,40004.205355706785,-0.0027890799203132977,0.16004141808479544,0.1548547035088829,0.0009660419653847688,0.11626148961441095,-7.777059867143787,-103.99366627948892,0.0,0.9759692619061351,0,0,1,0.16218786329251417,0.2961216073452301
2021-10-25 00:00:00+00:00,40146.46952049845,0.003556230239463387,0.16295756937416117,0.1585822145465132,0.07734198665802124,9.28199120196259,-6.346927336456206,157.89308333008358,0.0,0.9826938955598863,0,0,1,0.15962513123522618,0.29144258685261415
2021-10-26 00:00:00+00:00,40063.47413288933,-0.0020673147253147395,0.1618420615610149,0.1581960606440223,0.16680112099715985,20.089496608435322,-10.945243394179204,-51.96064760650681,0.0,0.9782073578600605,0,0,1,0.1628861128641624,0.2973964671361361
2021-10-27 00:00:00+00:00,39440.85170161543,-0.015540899653601725,0.1481040036478544,0.1414080658743615,0.0862133723817318,10.362090241268895,-5.689184831897859,-606.5711562007353,0.0,0.96312575504855,0,0,1,0.16098978080991108,0.2939341556871443
2021-10-28 00:00:00+00:00,39709.18578260845,0.0068034555395271035,0.15273876160319874,0.1454137949150477,0.07613505019158005,9.008501364091487,-1.73582613927248,279.078408496385,0.0,0.9837088669038054,0,0,1,0.14673628518040965,0.2679102106741701
2021-10-29 00:00:00+00:00,39986.41836284127,0.006981573023193022,0.15900763362707862,0.15195123409179098,0.08449073801480877,10.065258970970024,-1.7802608839361802,289.0781000877263,0.0,0.9834727225533926,0,0,1,0.1528836765105256,0.27913408010989305
2021-10-30 00:00:00+00:00,39847.14671477283,-0.003482973813875301,0.15659059379304896,0.15267591728305024,0.08372279491845218,10.043303490161708,-3.8701979513191103,-125.35814662696482,0.0,0.976883437058046,0,0,1,0.1592184751573626,0.2907001166765536
2021-10-31 00:00:00+00:00,39871.453308911325,0.0006099958502041591,0.1566230665379888,0.15036827659304913,0.0012188367540030276,0.1457019029939729,-2.872922459710281,27.325218501196936,0.0,0.9783893866306672,0,0,1,0.15603575480752646,0.28488912535703637
2021-11-01 00:00:00+00:00,40212.38011418977,0.008550649073086225,0.1638248777530844,0.1529286873522606,0.0023451995776900846,0.28052004387521123,-3.170062330946262,344.37738765326475,0.0,0.9804427445987044,0,0,1,0.15659109250387293,0.2859030575213989
2021-11-02 00:00:00+00:00,40481.100492000034,0.006682528540891797,0.17049333620287682,0.16222394396662418,0.08299727184248515,10.012474343361529,-5.7776262689896445,284.510478422603,0.0,0.9807527881745381,0,0,1,0.16459184116737127,0.3005107754239855
2021-11-03 00:00:00+00:00,40766.353527300154,0.007046573137419854,0.19456424071594194,0.1834003687313016,0.09399164887781335,11.414571306178912,-5.908746018679456,302.57635262497683,0.0,0.9752450097232261,0,0,1,0.18850786511135034,0.3441765054473551
2021-11-04 00:00:00+00:00,40735.19375099625,-0.0007643503430601051,0.21349779528924043,0.2077617726897799,0.01935847056052437,2.367524661718482,-5.323268946871156,-23.46898269531146,0.0,0.9715515429502393,0,0,1,0.21392335693289258,0.39057995473684337
2021-11-05 00:00:00+00:00,40721.81707228617,-0.00032838136948243335,0.2110551191049345,0.2049019034943939,0.0029223086528042245,0.35712495984179465,-5.692744236700212,-7.326809513550458,0.0,0.9717755518094044,0,0,1,0.21117312175246655,0.3855585921905206
2021-11-06 00:00:00+00:00,41065.58477542112,0.008441855689413913,0.21663964945342726,0.20540981061441652,0.008908621929304965,1.0883183271919075,-2.771213410519084,347.62723487266413,0.0,0.9738586359441505,0,0,1,0.20993202928403604,0.3832926131637615
2021-11-07 00:00:00+00:00,41090.64895067666,0.0006103450223005069,0.24112088768417628,0.23703396123301504,0.023916154327245538,2.94639830737563,-1.9452951632479527,29.95586872615509,0.0,0.9717183601493429,0,0,1,0.24055732410600247,0.4392080888596598
2021-11-08 00:00:00+00:00,41246.78096144578,0.0037996968837492595,0.2458684790719398,0.2394483973719082,0.004192630817283081,0.5168326044203436,-9.006774466608697,165.65561784014275,0.0,0.971776825359532,0,0,1,0.24277259290194214,0.44325271305803327
2021-11-09 00:00:00+00:00,40902.98664306307,-0.008335058163788878,0.25057156701086175,0.24951801178710464,0.010812264773611158,1.3379157087202775,-4.6700757175342265,-337.7863269564451,0.0,0.9657091148109367,0,0,1,0.25668207311562674,0.4686485568320172
2021-11-10 00:00:00+00:00,40536.283129505835,-0.008965201410773505,0.21932079791707834,0.20648633111197667,0.024463443025004097,3.0019128817695595,-6.342508708406459,-357.3590919670488,0.0,0.9550551255268935,0,0,1,0.22611542173436944,0.41284015197095525
2021-11-11 00:00:00+00:00,40604.73822488964,0.0016887363640396558,0.19543287489604272,0.19058079221225635,0.2177133739718045,26.476105063007417,-3.132215695252362,98.06341614207044,0.0,0.9767933414764691,0,0,1,0.19347719880022443,0.3532494844576909
2021-11-12 00:00:00+00:00,40374.40611273788,-0.005672542718439977,0.19527159249917528,0.1898727480061396,0.10248110324812248,12.483556146908295,-3.0448603530960434,-214.80369565175903,0.0,0.9690458030570971,0,0,1,0.19950901141314195,0.3642623309795108
2021-11-13 00:00:00+00:00,40492.70759829193,0.0029301108534875997,0.1817617804653757,0.17633541812538642,0.10888348882558832,13.188274044984666,-2.6631110938658167,134.1528706928894,0.0,0.9788360111819422,0,0,1,0.17902734825108604,0.3268670358351822
2021-11-14 00:00:00+00:00,40507.01828746044,0.0003534139853151874,0.19016453508412318,0.18448793900023017,0.10022636334618362,12.175354882388916,-2.302307292920322,28.788351343827244,0.0,0.9751282049734463,0,0,1,0.18958074950590142,0.3461353712031551
2021-11-15 00:00:00+00:00,40307.492802835004,-0.004925701595943077,0.18740346639965735,0.18625492496735058,0.18844970202542774,22.90088046818729,-2.998654916315171,-173.62594924093113,0.0,0.9752398480581996,0,0,1,0.1908842850552443,0.3485153584245594
2021-11-16 00:00:00+00:00,39706.04210219191,-0.01492156070299644,0.16108390595691272,0.1566822370211224,0.191026032912867,23.09908070873653,-3.0020880102103784,-575.3495319241467,0.0,0.9646808035903474,0,0,1,0.17304412816971684,0.31594290925981794
2021-11-17 00:00:00+00:00,39705.09069180413,-2.3961350399281933e-05,0.15303297337262334,0.1474258059838507,0.08205073364072145,9.773699091152242,-1.6178001833138111,10.440088886679993,0.0,0.9788043208153892,0,0,1,0.15280133507992344,0.2789837416302682
2021-11-18 00:00:00+00:00,39055.34763975057,-0.01636422536084714,0.18833704540696244,0.1846770655209521,0.12069880017550086,14.377041597132283,-2.326239268633791,-633.0397711877855,0.0,0.9612087460188087,0,0,1,0.20126987486060877,0.27894585156376717
2021-11-19 00:00:00+00:00,39496.75046188722,0.011301981644310954,0.19090383715346027,0.17881511961090188,0.0066483503799323485,0.7789700614070282,-2.1288688772529083,444.3106610753046,0.0,0.9786508281366203,0,0,1,0.18169823472525817,0.2518209386684024
2021-11-20 00:00:00+00:00,39611.236131716505,0.0028986098474039768,0.19762178570130262,0.19007229502065603,0.10613063928615504,12.575443396447314,-1.9101418356926354,128.97125506141282,0.0,0.9747245483886082,0,0,1,0.1949911591494651,0.2702439944081211
2021-11-21 00:00:00+00:00,39570.88417118428,-0.0010186998557187854,0.19769696840362116,0.19261892044874687,0.0016060339755714817,0.19085011325796428,-2.747067660502358,-37.41404275846456,0.0,0.9736655598044945,0,0,1,0.1984374502828618,0.2750203108618764
2021-11-22 00:00:00+00:00,39087.395062727985,-0.012218304406965363,0.18760642921004578,0.18493826057063545,0.10356541091053222,12.294448992139744,-2.3404971916571817,-468.8541622725047,0.0,0.9664172245996481,0,0,1,0.19721899535689147,0.27333161826864927
2021-11-23 00:00:00+00:00,39381.85518475956,0.0075333779997110994,0.18926435635392472,0.18084898623751305,0.18696091808313847,21.923211253521554,-2.019551977462787,318.40288526256415,0.0,0.9792211644469544,0,0,1,0.18263792684133223,0.2531232856674631
2021-11-24 00:00:00+00:00,39092.94832480798,-0.007336039874103917,0.18585984350602988,0.18278931381254077,0.09812864920255973,11.593505459859767,-2.5763253920164133,-274.73702909970893,0.0,0.9709327140578096,0,0,1,0.1915318249537366,0.26544960118986405
2021-11-25 00:00:00+00:00,39442.79400267819,0.008949073755283976,0.190211755359374,0.18152749588964176,0.005689527709181904,0.6672712233006757,-4.988122687650378,355.50107178115513,0.0,0.9802613232501711,0,0,1,0.18283558442074477,0.2533972251323008
2021-11-26 00:00:00+00:00,38679.91421210801,-0.019341423696262017,0.17759208863910048,0.17202262799106932,0.004577550457214267,0.541661193873226,-4.64571687293218,-757.6924125033721,0.0,0.9574333579824447,0,0,1,0.1933802733903701,0.26801142035721603
2021-11-27 00:00:00+00:00,38758.682239839654,0.002036406474422492,0.17232048250236265,0.1696200124577104,0.09430236644296591,10.942668018172832,-1.5032127254413494,91.21390847525107,0.0,0.9818962799050973,0,0,1,0.1703497174621282,0.2360926941204179
2021-11-28 00:00:00+00:00,38963.59865792379,0.005286981038625127,0.17731722321858084,0.16469211466425035,0.0888756489213506,10.33401937966244,-0.36110629712644265,215.61154376091957,0.0,0.9738061326785041,0,0,1,0.17273064498755253,0.23939249175059507
2021-11-29 00:00:00+00:00,39155.47457452911,0.004924491659250352,0.18296210859515205,0.17765123146152084,0.0023248348993096133,0.27174898866419855,-0.7058861659793293,192.85355175997066,0.0,0.9807289870641566,0,0,1,0.1789062689856357,0.2479514710627052
2021-11-30 00:00:00+00:00,39307.25678581627,0.003876398203225939,0.18787957709511727,0.18008679306057793,0.001783958249148313,0.20955530828347446,-0.9389808047157849,152.9307474001632,0.0,0.9764566875100493,0,0,1,0.18470356915783004,0.25598612023423917
2021-12-01 00:00:00+00:00,39433.2438139177,0.003205184955743068,0.1919190593033594,0.1864198006582906,0.0027237014752625414,0.32118450322151104,-1.6791905998947954,127.98740320454284,0.0,0.9778979516637213,0,0,1,0.18928169408081943,0.2623310784953451
2021-12-02 00:00:00+00:00,39371.40891401015,-0.0015680906242293569,0.15038724050032615,0.14655244117565944,0.04034446250995507,4.772739611767862,-1.6652738711200197,-55.396886424659996,0.0,0.979427782748954,0,0,1,0.15157468681279276,0.2675911160040424
2021-12-03 00:00:00+00:00,39009.18715519964,-0.009200121834644803,0.14244675092695552,0.13824809749638012,0.07411906438229417,8.754515976357446,-1.4262542276729568,-352.0409886064876,0.0,0.9723830475000076,0,0,1,0.1501111407634479,0.2650073605703188
2021-12-04 00:00:00+00:00,38718.885200605335,-0.00744188679039437,0.13530263039034165,0.11540513103828622,0.07350558367109894,8.60207237454762,-0.415234174275819,-281.2846480454803,0.0,0.9590589877782729,0,0,1,0.1415269984870842,0.24985284988010925
2021-12-05 00:00:00+00:00,38703.18745171047,-0.0004054287413888247,0.0,0.0,0.13530304595639686,15.716356864178655,0.0,0.018607969312174896,0.0,0.9995940908621308,0,0,1,0.0,0.2377445388715721
2021-12-06 00:00:00+00:00,38703.18745171047,0.0,0.0,0.0,0.0,0.0,0.0,0.0,0.0,1.0,0,0,0,0.0,0.2370878815805061
2021-12-07 00:00:00+00:00,38703.18745171047,0.0,0.0,0.0,0.0,0.0,0.0,0.0,0.0,1.0,0,0,0,0.0,0.2370878815805061
2021-12-08 00:00:00+00:00,38703.18745171047,0.0,0.0,0.0,0.0,0.0,0.0,0.0,0.0,1.0,0,0,0,0.0,0.2370878815805061
2021-12-09 00:00:00+00:00,38703.18745171047,0.0,0.0,0.0,0.0,0.0,0.0,0.0,0.0,1.0,0,0,0,0.0,0.2370878815805061
2021-12-10 00:00:00+00:00,38703.18745171047,0.0,0.0,0.0,0.0,0.0,0.0,0.0,0.0,1.0,0,0,0,0.0,0.2370878815805061
2021-12-11 00:00:00+00:00,38703.18745171047,0.0,0.0,0.0,0.0,0.0,0.0,0.0,0.0,1.0,0,0,0,0.0,0.2370878815805061
2021-12-12 00:00:00+00:00,38703.18745171047,0.0,0.0,0.0,0.0,0.0,0.0,0.0,0.0,1.0,0,0,0,0.0,0.2370878815805061
2021-12-13 00:00:00+00:00,38703.18745171047,0.0,0.0,0.0,0.0,0.0,0.0,0.0,0.0,1.0,0,0,0,0.0,0.2370878815805061
2021-12-14 00:00:00+00:00,38703.18745171047,0.0,0.0,0.0,0.0,0.0,0.0,0.0,0.0,1.0,0,0,0,0.0,0.2370878815805061
2021-12-15 00:00:00+00:00,38703.18745171047,0.0,0.0,0.0,0.0,0.0,0.0,0.0,0.0,1.0,0,0,0,0.0,0.2370878815805061
2021-12-16 00:00:00+00:00,38703.18745171047,0.0,0.0,0.0,0.0,0.0,0.0,0.0,0.0,1.0,0,0,0,0.0,0.2370878815805061
2021-12-17 00:00:00+00:00,38703.18745171047,0.0,0.0,0.0,0.0,0.0,0.0,0.0,0.0,1.0,0,0,0,0.0,0.2370878815805061
2021-12-18 00:00:00+00:00,38703.18745171047,0.0,0.0,0.0,0.0,0.0,0.0,0.0,0.0,1.0,0,0,0,0.0,0.2370878815805061
2021-12-19 00:00:00+00:00,38703.18745171047,0.0,0.0,0.0,0.0,0.0,0.0,0.0,0.0,1.0,0,0,0,0.0,0.2370878815805061
2021-12-20 00:00:00+00:00,38703.18745171047,0.0,0.0,0.0,0.0,0.0,0.0,0.0,0.0,1.0,0,0,0,0.0,0.2370878815805061
2021-12-21 00:00:00+00:00,38703.18745171047,0.0,0.0,0.0,0.0,0.0,0.0,0.0,0.0,1.0,0,0,0,0.0,0.2370878815805061
2021-12-22 00:00:00+00:00,38703.18745171047,0.0,0.0,0.0,0.0,0.0,0.0,0.0,0.0,1.0,0,0,0,0.0,0.2370878815805061
2021-12-23 00:00:00+00:00,38703.18745171047,0.0,0.0,0.0,0.0,0.0,0.0,0.0,0.0,1.0,0,0,0,0.0,0.2370878815805061
2021-12-24 00:00:00+00:00,38703.18745171047,0.0,0.0,0.0,0.0,0.0,0.0,0.0,0.0,1.0,0,0,0,0.0,0.2370878815805061
2021-12-25 00:00:00+00:00,38703.18745171047,0.0,0.0,0.0,0.0,0.0,0.0,0.0,0.0,1.0,0,0,0,0.0,0.2370878815805061
2021-12-26 00:00:00+00:00,38703.18745171047,0.0,0.0,0.0,0.0,0.0,0.0,0.0,0.0,1.0,0,0,0,0.0,0.2370878815805061
2021-12-27 00:00:00+00:00,38703.18745171047,0.0,0.0,0.0,0.0,0.0,0.0,0.0,0.0,1.0,0,0,0,0.0,0.2370878815805061
2021-12-28 00:00:00+00:00,38703.18745171047,0.0,0.0,0.0,0.0,0.0,0.0,0.0,0.0,1.0,0,0,0,0.0,0.2370878815805061
2021-12-29 00:00:00+00:00,38703.18745171047,0.0,0.0,0.0,0.0,0.0,0.0,0.0,0.0,1.0,0,0,0,0.0,0.2370878815805061
2021-12-30 00:00:00+00:00,38703.18745171047,0.0,0.0,0.0,0.0,0.0,0.0,0.0,0.0,1.0,0,0,0,0.0,0.2370878815805061
2021-12-31 00:00:00+00:00,38703.18745171047,0.0,0.0,0.0,0.0,0.0,0.0,0.0,0.0,1.0,0,0,0,0.0,0.2370878815805061
2022-01-01 00:00:00+00:00,38703.18745171047,0.0,0.0,0.0,0.0,0.0,0.0,0.0,0.0,1.0,0,0,0,0.0,0.2370878815805061
2022-01-02 00:00:00+00:00,38703.18745171047,0.0,0.0,0.0,0.0,0.0,0.0,0.0,0.0,1.0,0,0,0,0.0,0.2370878815805061
2022-01-03 00:00:00+00:00,38703.18745171047,0.0,0.0,0.0,0.0,0.0,0.0,0.0,0.0,1.0,0,0,0,0.0,0.2370878815805061
2022-01-04 00:00:00+00:00,38703.18745171047,0.0,0.0,0.0,0.0,0.0,0.0,0.0,0.0,1.0,0,0,0,0.0,0.2370878815805061
2022-01-05 00:00:00+00:00,38703.18745171047,0.0,0.0,0.0,0.0,0.0,0.0,0.0,0.0,1.0,0,0,0,0.0,0.2370878815805061
2022-01-06 00:00:00+00:00,38703.18745171047,0.0,0.0,0.0,0.0,0.0,0.0,0.0,0.0,1.0,0,0,0,0.0,0.2370878815805061
2022-01-07 00:00:00+00:00,38703.18745171047,0.0,0.0,0.0,0.0,0.0,0.0,0.0,0.0,1.0,0,0,0,0.0,0.2370878815805061
2022-01-08 00:00:00+00:00,38703.18745171047,0.0,0.0,0.0,0.0,0.0,0.0,0.0,0.0,1.0,0,0,0,0.0,0.2370878815805061
2022-01-09 00:00:00+00:00,38703.18745171047,0.0,0.0,0.0,0.0,0.0,0.0,0.0,0.0,1.0,0,0,0,0.0,0.2370878815805061
2022-01-10 00:00:00+00:00,38703.18745171047,0.0,0.0,0.0,0.0,0.0,0.0,0.0,0.0,1.0,0,0,0,0.0,0.2370878815805061
2022-01-11 00:00:00+00:00,38703.18745171047,0.0,0.0,0.0,0.0,0.0,0.0,0.0,0.0,1.0,0,0,0,0.0,0.2370878815805061
2022-01-12 00:00:00+00:00,38703.18745171047,0.0,0.0,0.0,0.0,0.0,0.0,0.0,0.0,1.0,0,0,0,0.0,0.2370878815805061
2022-01-13 00:00:00+00:00,38703.18745171047,0.0,0.0,0.0,0.0,0.0,0.0,0.0,0.0,1.0,0,0,0,0.0,0.2370878815805061
2022-01-14 00:00:00+00:00,38703.18745171047,0.0,0.0,0.0,0.0,0.0,0.0,0.0,0.0,1.0,0,0,0,0.0,0.2370878815805061
2022-01-15 00:00:00+00:00,38703.18745171047,0.0,0.0,0.0,0.0,0.0,0.0,0.0,0.0,1.0,0,0,0,0.0,0.2370878815805061
2022-01-16 00:00:00+00:00,38703.18745171047,0.0,0.0,0.0,0.0,0.0,0.0,0.0,0.0,1.0,0,0,0,0.0,0.2370878815805061
2022-01-17 00:00:00+00:00,38703.18745171047,0.0,0.0,0.0,0.0,0.0,0.0,0.0,0.0,1.0,0,0,0,0.0,0.2370878815805061
2022-01-18 00:00:00+00:00,38703.18745171047,0.0,0.0,0.0,0.0,0.0,0.0,0.0,0.0,1.0,0,0,0,0.0,0.2370878815805061
2022-01-19 00:00:00+00:00,38703.18745171047,0.0,0.0,0.0,0.0,0.0,0.0,0.0,0.0,1.0,0,0,0,0.0,0.2370878815805061
2022-01-20 00:00:00+00:00,38703.18745171047,0.0,0.0,0.0,0.0,0.0,0.0,0.0,0.0,1.0,0,0,0,0.0,0.2370878815805061
2022-01-21 00:00:00+00:00,38703.18745171047,0.0,0.0,0.0,0.0,0.0,0.0,0.0,0.0,1.0,0,0,0,0.0,0.2370878815805061
2022-01-22 00:00:00+00:00,38703.18745171047,0.0,0.0,0.0,0.0,0.0,0.0,0.0,0.0,1.0,0,0,0,0.0,0.2370878815805061
2022-01-23 00:00:00+00:00,38703.18745171047,0.0,0.0,0.0,0.0,0.0,0.0,0.0,0.0,1.0,0,0,0,0.0,0.2370878815805061
2022-01-24 00:00:00+00:00,38703.18745171047,0.0,0.0,0.0,0.0,0.0,0.0,0.0,0.0,1.0,0,0,0,0.0,0.2370878815805061
2022-01-25 00:00:00+00:00,38703.18745171047,0.0,0.0,0.0,0.0,0.0,0.0,0.0,0.0,1.0,0,0,0,0.0,0.2370878815805061
2022-01-26 00:00:00+00:00,38703.18745171047,0.0,0.0,0.0,0.0,0.0,0.0,0.0,0.0,1.0,0,0,0,0.0,0.2370878815805061
2022-01-27 00:00:00+00:00,38703.18745171047,0.0,0.0,0.0,0.0,0.0,0.0,0.0,0.0,1.0,0,0,0,0.0,0.2370878815805061
2022-01-28 00:00:00+00:00,38703.18745171047,0.0,0.0,0.0,0.0,0.0,0.0,0.0,0.0,1.0,0,0,0,0.0,0.2370878815805061
2022-01-29 00:00:00+00:00,38703.18745171047,0.0,0.0,0.0,0.0,0.0,0.0,0.0,0.0,1.0,0,0,0,0.0,0.2370878815805061
2022-01-30 00:00:00+00:00,38703.18745171047,0.0,0.0,0.0,0.0,0.0,0.0,0.0,0.0,1.0,0,0,0,0.0,0.2370878815805061
2022-01-31 00:00:00+00:00,38703.18745171047,0.0,0.0,0.0,0.0,0.0,0.0,0.0,0.0,1.0,0,0,0,0.0,0.2370878815805061
2022-02-01 00:00:00+00:00,38703.18745171047,0.0,0.0,0.0,0.0,0.0,0.0,0.0,0.0,1.0,0,0,0,0.0,0.2370878815805061
2022-02-02 00:00:00+00:00,38703.18745171047,0.0,0.0,0.0,0.0,0.0,0.0,0.0,0.0,1.0,0,0,0,0.0,0.2370878815805061
2022-02-03 00:00:00+00:00,38703.18745171047,0.0,0.0,0.0,0.0,0.0,0.0,0.0,0.0,1.0,0,0,0,0.0,0.2370878815805061
2022-02-04 00:00:00+00:00,38703.18745171047,0.0,0.0,0.0,0.0,0.0,0.0,0.0,0.0,1.0,0,0,0,0.0,0.2370878815805061
2022-02-05 00:00:00+00:00,38703.18745171047,0.0,0.0,0.0,0.0,0.0,0.0,0.0,0.0,1.0,0,0,0,0.0,0.2370878815805061
2022-02-06 00:00:00+00:00,38703.18745171047,0.0,0.0,0.0,0.0,0.0,0.0,0.0,0.0,1.0,0,0,0,0.0,0.2370878815805061
2022-02-07 00:00:00+00:00,38703.18745171047,0.0,0.0,0.0,0.0,0.0,0.0,0.0,0.0,1.0,0,0,0,0.0,0.2370878815805061
2022-02-08 00:00:00+00:00,38703.18745171047,0.0,0.0,0.0,0.0,0.0,0.0,0.0,0.0,1.0,0,0,0,0.0,0.2370878815805061
2022-02-09 00:00:00+00:00,38703.18745171047,0.0,0.0,0.0,0.0,0.0,0.0,0.0,0.0,1.0,0,0,0,0.0,0.2370878815805061
2022-02-10 00:00:00+00:00,38703.18745171047,0.0,0.0,0.0,0.0,0.0,0.0,0.0,0.0,1.0,0,0,0,0.0,0.2370878815805061
2022-02-11 00:00:00+00:00,38703.18745171047,0.0,0.0,0.0,0.0,0.0,0.0,0.0,0.0,1.0,0,0,0,0.0,0.2370878815805061
2022-02-12 00:00:00+00:00,38703.18745171047,0.0,0.0,0.0,0.0,0.0,0.0,0.0,0.0,1.0,0,0,0,0.0,0.2370878815805061
2022-02-13 00:00:00+00:00,38703.18745171047,0.0,0.0,0.0,0.0,0.0,0.0,0.0,0.0,1.0,0,0,0,0.0,0.2370878815805061
2022-02-14 00:00:00+00:00,38703.18745171047,0.0,0.0,0.0,0.0,0.0,0.0,0.0,0.0,1.0,0,0,0,0.0,0.2370878815805061
2022-02-15 00:00:00+00:00,38703.18745171047,0.0,0.0,0.0,0.0,0.0,0.0,0.0,0.0,1.0,0,0,0,0.0,0.2370878815805061
2022-02-16 00:00:00+00:00,38703.18745171047,0.0,0.0,0.0,0.0,0.0,0.0,0.0,0.0,1.0,0,0,0,0.0,0.2370878815805061
2022-02-17 00:00:00+00:00,38703.18745171047,0.0,0.0,0.0,0.0,0.0,0.0,0.0,0.0,1.0,0,0,0,0.0,0.2370878815805061
2022-02-18 00:00:00+00:00,38703.18745171047,0.0,0.0,0.0,0.0,0.0,0.0,0.0,0.0,1.0,0,0,0,0.0,0.2370878815805061
2022-02-19 00:00:00+00:00,38703.18745171047,0.0,0.0,0.0,0.0,0.0,0.0,0.0,0.0,1.0,0,0,0,0.0,0.2370878815805061
2022-02-20 00:00:00+00:00,38703.18745171047,0.0,0.0,0.0,0.0,0.0,0.0,0.0,0.0,1.0,0,0,0,0.0,0.2370878815805061
2022-02-21 00:00:00+00:00,38703.18745171047,0.0,0.0,0.0,0.0,0.0,0.0,0.0,0.0,1.0,0,0,0,0.0,0.2370878815805061
2022-02-22 00:00:00+00:00,38703.18745171047,0.0,0.0,0.0,0.0,0.0,0.0,0.0,0.0,1.0,0,0,0,0.0,0.2370878815805061
2022-02-23 00:00:00+00:00,38703.18745171047,0.0,0.0,0.0,0.0,0.0,0.0,0.0,0.0,1.0,0,0,0,0.0,0.2370878815805061
2022-02-24 00:00:00+00:00,38703.18745171047,0.0,0.0,0.0,0.0,0.0,0.0,0.0,0.0,1.0,0,0,0,0.0,0.2370878815805061
2022-02-25 00:00:00+00:00,38703.18745171047,0.0,0.0,0.0,0.0,0.0,0.0,0.0,0.0,1.0,0,0,0,0.0,0.2370878815805061
2022-02-26 00:00:00+00:00,38703.18745171047,0.0,0.0,0.0,0.0,0.0,0.0,0.0,0.0,1.0,0,0,0,0.0,0.2370878815805061
2022-02-27 00:00:00+00:00,38703.18745171047,0.0,0.0,0.0,0.0,0.0,0.0,0.0,0.0,1.0,0,0,0,0.0,0.2370878815805061
2022-02-28 00:00:00+00:00,38703.18745171047,0.0,0.0,0.0,0.0,0.0,0.0,0.0,0.0,1.0,0,0,0,0.0,0.2370878815805061
2022-03-01 00:00:00+00:00,38703.18745171047,0.0,0.0,0.0,0.0,0.0,0.0,0.0,0.0,1.0,0,0,0,0.0,0.2370878815805061
2022-03-02 00:00:00+00:00,38703.18745171047,0.0,0.0,0.0,0.0,0.0,0.0,0.0,0.0,1.0,0,0,0,0.0,0.2370878815805061
2022-03-03 00:00:00+00:00,38703.18745171047,0.0,0.0,0.0,0.0,0.0,0.0,0.0,0.0,1.0,0,0,0,0.0,0.2370878815805061
2022-03-04 00:00:00+00:00,38703.18745171047,0.0,0.0,0.0,0.0,0.0,0.0,0.0,0.0,1.0,0,0,0,0.0,0.2370878815805061
2022-03-05 00:00:00+00:00,38703.18745171047,0.0,0.0,0.0,0.0,0.0,0.0,0.0,0.0,1.0,0,0,0,0.0,0.2370878815805061
2022-03-06 00:00:00+00:00,38703.18745171047,0.0,0.0,0.0,0.0,0.0,0.0,0.0,0.0,1.0,0,0,0,0.0,0.2370878815805061
2022-03-07 00:00:00+00:00,38703.18745171047,0.0,0.0,0.0,0.0,0.0,0.0,0.0,0.0,1.0,0,0,0,0.0,0.2370878815805061
2022-03-08 00:00:00+00:00,38703.18745171047,0.0,0.0,0.0,0.0,0.0,0.0,0.0,0.0,1.0,0,0,0,0.0,0.2370878815805061
2022-03-09 00:00:00+00:00,38703.18745171047,0.0,0.0,0.0,0.0,0.0,0.0,0.0,0.0,1.0,0,0,0,0.0,0.2370878815805061
2022-03-10 00:00:00+00:00,38703.18745171047,0.0,0.0,0.0,0.0,0.0,0.0,0.0,0.0,1.0,0,0,0,0.0,0.2370878815805061
2022-03-11 00:00:00+00:00,38703.18745171047,0.0,0.0,0.0,0.0,0.0,0.0,0.0,0.0,1.0,0,0,0,0.0,0.2370878815805061
2022-03-12 00:00:00+00:00,38703.18745171047,0.0,0.0,0.0,0.0,0.0,0.0,0.0,0.0,1.0,0,0,0,0.0,0.2370878815805061
2022-03-13 00:00:00+00:00,38703.18745171047,0.0,0.0,0.0,0.0,0.0,0.0,0.0,0.0,1.0,0,0,0,0.0,0.2370878815805061
2022-03-14 00:00:00+00:00,38703.18745171047,0.0,0.0,0.0,0.0,0.0,0.0,0.0,0.0,1.0,0,0,0,0.0,0.2370878815805061
2022-03-15 00:00:00+00:00,38703.18745171047,0.0,0.0,0.0,0.0,0.0,0.0,0.0,0.0,1.0,0,0,0,0.0,0.2370878815805061
2022-03-16 00:00:00+00:00,38703.18745171047,0.0,0.0,0.0,0.0,0.0,0.0,0.0,0.0,1.0,0,0,0,0.0,0.2370878815805061
2022-03-17 00:00:00+00:00,38703.18745171047,0.0,0.0,0.0,0.0,0.0,0.0,0.0,0.0,1.0,0,0,0,0.0,0.2370878815805061
2022-03-18 00:00:00+00:00,38703.18745171047,0.0,0.0,0.0,0.0,0.0,0.0,0.0,0.0,1.0,0,0,0,0.0,0.2370878815805061
2022-03-19 00:00:00+00:00,38703.18745171047,0.0,0.0,0.0,0.0,0.0,0.0,0.0,0.0,1.0,0,0,0,0.0,0.2370878815805061
2022-03-20 00:00:00+00:00,38703.18745171047,0.0,0.0,0.0,0.0,0.0,0.0,0.0,0.0,1.0,0,0,0,0.0,0.2370878815805061
2022-03-21 00:00:00+00:00,38703.18745171047,0.0,0.0,0.0,0.0,0.0,0.0,0.0,0.0,1.0,0,0,0,0.0,0.2370878815805061
2022-03-22 00:00:00+00:00,38703.18745171047,0.0,0.0,0.0,0.0,0.0,0.0,0.0,0.0,1.0,0,0,0,0.0,0.2370878815805061
2022-03-23 00:00:00+00:00,38703.18745171047,0.0,0.0,0.0,0.0,0.0,0.0,0.0,0.0,1.0,0,0,0,0.0,0.2370878815805061
2022-03-24 00:00:00+00:00,38703.18745171047,0.0,0.0,0.0,0.0,0.0,0.0,0.0,0.0,1.0,0,0,0,0.0,0.2370878815805061
2022-03-25 00:00:00+00:00,38703.18745171047,0.0,0.0,0.0,0.0,0.0,0.0,0.0,0.0,1.0,0,0,0,0.0,0.2370878815805061
2022-03-26 00:00:00+00:00,38703.18745171047,0.0,0.0,0.0,0.0,0.0,0.0,0.0,0.0,1.0,0,0,0,0.0,0.2370878815805061
2022-03-27 00:00:00+00:00,38703.18745171047,0.0,0.0,0.0,0.0,0.0,0.0,0.0,0.0,1.0,0,0,0,0.0,0.2370878815805061
2022-03-28 00:00:00+00:00,38703.18745171047,0.0,0.0,0.0,0.0,0.0,0.0,0.0,0.0,1.0,0,0,0,0.0,0.2370878815805061
2022-03-29 00:00:00+00:00,38703.18745171047,0.0,0.0,0.0,0.0,0.0,0.0,0.0,0.0,1.0,0,0,0,0.0,0.2370878815805061
2022-03-30 00:00:00+00:00,38703.18745171047,0.0,0.0,0.0,0.0,0.0,0.0,0.0,0.0,1.0,0,0,0,0.0,0.2370878815805061
2022-03-31 00:00:00+00:00,38703.18745171047,0.0,0.0,0.0,0.0,0.0,0.0,0.0,0.0,1.0,0,0,0,0.0,0.2370878815805061
2022-04-01 00:00:00+00:00,38703.18745171047,0.0,0.0,0.0,0.0,0.0,0.0,0.0,0.0,1.0,0,0,0,0.0,0.2370878815805061
2022-04-02 00:00:00+00:00,38703.18745171047,0.0,0.0,0.0,0.0,0.0,0.0,0.0,0.0,1.0,0,0,0,0.0,0.2370878815805061
2022-04-03 00:00:00+00:00,38703.18745171047,0.0,0.0,0.0,0.0,0.0,0.0,0.0,0.0,1.0,0,0,0,0.0,0.2370878815805061
2022-04-04 00:00:00+00:00,38703.18745171047,0.0,0.0,0.0,0.0,0.0,0.0,0.0,0.0,1.0,0,0,0,0.0,0.2370878815805061
2022-04-05 00:00:00+00:00,38703.18745171047,0.0,0.0,0.0,0.0,0.0,0.0,0.0,0.0,1.0,0,0,0,0.0,0.2370878815805061
2022-04-06 00:00:00+00:00,38703.18745171047,0.0,0.0,0.0,0.0,0.0,0.0,0.0,0.0,1.0,0,0,0,0.0,0.2370878815805061
2022-04-07 00:00:00+00:00,38703.18745171047,0.0,0.0,0.0,0.0,0.0,0.0,0.0,0.0,1.0,0,0,0,0.0,0.2370878815805061
2022-04-08 00:00:00+00:00,38703.18745171047,0.0,0.0,0.0,0.0,0.0,0.0,0.0,0.0,1.0,0,0,0,0.0,0.2370878815805061
2022-04-09 00:00:00+00:00,38703.18745171047,0.0,0.0,0.0,0.0,0.0,0.0,0.0,0.0,1.0,0,0,0,0.0,0.2370878815805061
2022-04-10 00:00:00+00:00,38703.18745171047,0.0,0.0,0.0,0.0,0.0,0.0,0.0,0.0,1.0,0,0,0,0.0,0.2370878815805061
2022-04-11 00:00:00+00:00,38703.18745171047,0.0,0.0,0.0,0.0,0.0,0.0,0.0,0.0,1.0,0,0,0,0.0,0.2370878815805061
2022-04-12 00:00:00+00:00,38703.18745171047,0.0,0.0,0.0,0.0,0.0,0.0,0.0,0.0,1.0,0,0,0,0.0,0.2370878815805061
2022-04-13 00:00:00+00:00,38703.18745171047,0.0,0.0,0.0,0.0,0.0,0.0,0.0,0.0,1.0,0,0,0,0.0,0.2370878815805061
2022-04-14 00:00:00+00:00,38703.18745171047,0.0,0.0,0.0,0.0,0.0,0.0,0.0,0.0,1.0,0,0,0,0.0,0.2370878815805061
2022-04-15 00:00:00+00:00,38703.18745171047,0.0,0.0,0.0,0.0,0.0,0.0,0.0,0.0,1.0,0,0,0,0.0,0.2370878815805061
2022-04-16 00:00:00+00:00,38703.18745171047,0.0,0.0,0.0,0.0,0.0,0.0,0.0,0.0,1.0,0,0,0,0.0,0.2370878815805061
2022-04-17 00:00:00+00:00,38703.18745171047,0.0,0.0,0.0,0.0,0.0,0.0,0.0,0.0,1.0,0,0,0,0.0,0.2370878815805061
2022-04-18 00:00:00+00:00,38703.18745171047,0.0,0.0,0.0,0.0,0.0,0.0,0.0,0.0,1.0,0,0,0,0.0,0.2370878815805061
2022-04-19 00:00:00+00:00,38703.18745171047,0.0,0.0,0.0,0.0,0.0,0.0,0.0,0.0,1.0,0,0,0,0.0,0.2370878815805061
2022-04-20 00:00:00+00:00,38703.18745171047,0.0,0.0,0.0,0.0,0.0,0.0,0.0,0.0,1.0,0,0,0,0.0,0.2370878815805061
2022-04-21 00:00:00+00:00,38703.18745171047,0.0,0.0,0.0,0.0,0.0,0.0,0.0,0.0,1.0,0,0,0,0.0,0.2370878815805061
2022-04-22 00:00:00+00:00,38703.18745171047,0.0,0.0,0.0,0.0,0.0,0.0,0.0,0.0,1.0,0,0,0,0.0,0.2370878815805061
2022-04-23 00:00:00+00:00,38703.18745171047,0.0,0.0,0.0,0.0,0.0,0.0,0.0,0.0,1.0,0,0,0,0.0,0.2370878815805061
2022-04-24 00:00:00+00:00,38703.18745171047,0.0,0.0,0.0,0.0,0.0,0.0,0.0,0.0,1.0,0,0,0,0.0,0.2370878815805061
2022-04-25 00:00:00+00:00,38703.18745171047,0.0,0.0,0.0,0.0,0.0,0.0,0.0,0.0,1.0,0,0,0,0.0,0.2370878815805061
2022-04-26 00:00:00+00:00,38703.18745171047,0.0,0.0,0.0,0.0,0.0,0.0,0.0,0.0,1.0,0,0,0,0.0,0.2370878815805061
2022-04-27 00:00:00+00:00,38703.18745171047,0.0,0.0,0.0,0.0,0.0,0.0,0.0,0.0,1.0,0,0,0,0.0,0.2370878815805061
2022-04-28 00:00:00+00:00,38703.18745171047,0.0,0.0,0.0,0.0,0.0,0.0,0.0,0.0,1.0,0,0,0,0.0,0.2370878815805061
2022-04-29 00:00:00+00:00,38703.18745171047,0.0,0.0,0.0,0.0,0.0,0.0,0.0,0.0,1.0,0,0,0,0.0,0.2370878815805061
2022-04-30 00:00:00+00:00,38703.18745171047,0.0,0.0,0.0,0.0,0.0,0.0,0.0,0.0,1.0,0,0,0,0.0,0.2370878815805061
2022-05-01 00:00:00+00:00,38703.18745171047,0.0,0.0,0.0,0.0,0.0,0.0,0.0,0.0,1.0,0,0,0,0.0,0.2370878815805061
2022-05-02 00:00:00+00:00,38703.18745171047,0.0,0.0,0.0,0.0,0.0,0.0,0.0,0.0,1.0,0,0,0,0.0,0.2370878815805061
2022-05-03 00:00:00+00:00,38703.18745171047,0.0,0.0,0.0,0.0,0.0,0.0,0.0,0.0,1.0,0,0,0,0.0,0.2370878815805061
2022-05-04 00:00:00+00:00,38703.18745171047,0.0,0.0,0.0,0.0,0.0,0.0,0.0,0.0,1.0,0,0,0,0.0,0.2370878815805061
2022-05-05 00:00:00+00:00,38703.18745171047,0.0,0.0,0.0,0.0,0.0,0.0,0.0,0.0,1.0,0,0,0,0.0,0.2370878815805061
2022-05-06 00:00:00+00:00,38703.18745171047,0.0,0.0,0.0,0.0,0.0,0.0,0.0,0.0,1.0,0,0,0,0.0,0.2370878815805061
2022-05-07 00:00:00+00:00,38703.18745171047,0.0,0.0,0.0,0.0,0.0,0.0,0.0,0.0,1.0,0,0,0,0.0,0.2370878815805061
2022-05-08 00:00:00+00:00,38703.18745171047,0.0,0.0,0.0,0.0,0.0,0.0,0.0,0.0,1.0,0,0,0,0.0,0.2370878815805061
2022-05-09 00:00:00+00:00,38703.18745171047,0.0,0.0,0.0,0.0,0.0,0.0,0.0,0.0,1.0,0,0,0,0.0,0.2370878815805061
2022-05-10 00:00:00+00:00,38703.18745171047,0.0,0.0,0.0,0.0,0.0,0.0,0.0,0.0,1.0,0,0,0,0.0,0.2370878815805061
2022-05-11 00:00:00+00:00,38703.18745171047,0.0,0.0,0.0,0.0,0.0,0.0,0.0,0.0,1.0,0,0,0,0.0,0.2370878815805061
2022-05-12 00:00:00+00:00,38703.18745171047,0.0,0.0,0.0,0.0,0.0,0.0,0.0,0.0,1.0,0,0,0,0.0,0.2370878815805061
2022-05-13 00:00:00+00:00,38703.18745171047,0.0,0.0,0.0,0.0,0.0,0.0,0.0,0.0,1.0,0,0,0,0.0,0.2370878815805061
2022-05-14 00:00:00+00:00,38703.18745171047,0.0,0.0,0.0,0.0,0.0,0.0,0.0,0.0,1.0,0,0,0,0.0,0.2370878815805061
2022-05-15 00:00:00+00:00,38703.18745171047,0.0,0.0,0.0,0.0,0.0,0.0,0.0,0.0,1.0,0,0,0,0.0,0.2370878815805061
2022-05-16 00:00:00+00:00,38703.18745171047,0.0,0.0,0.0,0.0,0.0,0.0,0.0,0.0,1.0,0,0,0,0.0,0.2370878815805061
2022-05-17 00:00:00+00:00,38703.18745171047,0.0,0.0,0.0,0.0,0.0,0.0,0.0,0.0,1.0,0,0,0,0.0,0.2370878815805061
2022-05-18 00:00:00+00:00,38703.18745171047,0.0,0.0,0.0,0.0,0.0,0.0,0.0,0.0,1.0,0,0,0,0.0,0.2370878815805061
2022-05-19 00:00:00+00:00,38703.18745171047,0.0,0.0,0.0,0.0,0.0,0.0,0.0,0.0,1.0,0,0,0,0.0,0.2370878815805061
2022-05-20 00:00:00+00:00,38703.18745171047,0.0,0.0,0.0,0.0,0.0,0.0,0.0,0.0,1.0,0,0,0,0.0,0.2370878815805061
2022-05-21 00:00:00+00:00,38703.18745171047,0.0,0.0,0.0,0.0,0.0,0.0,0.0,0.0,1.0,0,0,0,0.0,0.2370878815805061
2022-05-22 00:00:00+00:00,38703.18745171047,0.0,0.0,0.0,0.0,0.0,0.0,0.0,0.0,1.0,0,0,0,0.0,0.2370878815805061
2022-05-23 00:00:00+00:00,38703.18745171047,0.0,0.0,0.0,0.0,0.0,0.0,0.0,0.0,1.0,0,0,0,0.0,0.2370878815805061
2022-05-24 00:00:00+00:00,38703.18745171047,0.0,0.0,0.0,0.0,0.0,0.0,0.0,0.0,1.0,0,0,0,0.0,0.2370878815805061
2022-05-25 00:00:00+00:00,38703.18745171047,0.0,0.0,0.0,0.0,0.0,0.0,0.0,0.0,1.0,0,0,0,0.0,0.2370878815805061
2022-05-26 00:00:00+00:00,38703.18745171047,0.0,0.0,0.0,0.0,0.0,0.0,0.0,0.0,1.0,0,0,0,0.0,0.2370878815805061
2022-05-27 00:00:00+00:00,38703.18745171047,0.0,0.0,0.0,0.0,0.0,0.0,0.0,0.0,1.0,0,0,0,0.0,0.2370878815805061
2022-05-28 00:00:00+00:00,38703.18745171047,0.0,0.0,0.0,0.0,0.0,0.0,0.0,0.0,1.0,0,0,0,0.0,0.2370878815805061
2022-05-29 00:00:00+00:00,38703.18745171047,0.0,0.0,0.0,0.0,0.0,0.0,0.0,0.0,1.0,0,0,0,0.0,0.2370878815805061
2022-05-30 00:00:00+00:00,38703.18745171047,0.0,0.0,0.0,0.0,0.0,0.0,0.0,0.0,1.0,0,0,0,0.0,0.2370878815805061
2022-05-31 00:00:00+00:00,38703.18745171047,0.0,0.0,0.0,0.0,0.0,0.0,0.0,0.0,1.0,0,0,0,0.0,0.2370878815805061
2022-06-01 00:00:00+00:00,38703.18745171047,0.0,0.0,0.0,0.0,0.0,0.0,0.0,0.0,1.0,0,0,0,0.0,0.2370878815805061
2022-06-02 00:00:00+00:00,38703.18745171047,0.0,0.0,0.0,0.0,0.0,0.0,0.0,0.0,1.0,0,0,0,0.0,0.2370878815805061
2022-06-03 00:00:00+00:00,38703.18745171047,0.0,0.0,0.0,0.0,0.0,0.0,0.0,0.0,1.0,0,0,0,0.0,0.2370878815805061
2022-06-04 00:00:00+00:00,38703.18745171047,0.0,0.0,0.0,0.0,0.0,0.0,0.0,0.0,1.0,0,0,0,0.0,0.2370878815805061
2022-06-05 00:00:00+00:00,38703.18745171047,0.0,0.0,0.0,0.0,0.0,0.0,0.0,0.0,1.0,0,0,0,0.0,0.2370878815805061
2022-06-06 00:00:00+00:00,38703.18745171047,0.0,0.0,0.0,0.0,0.0,0.0,0.0,0.0,1.0,0,0,0,0.0,0.2370878815805061
2022-06-07 00:00:00+00:00,38703.18745171047,0.0,0.0,0.0,0.0,0.0,0.0,0.0,0.0,1.0,0,0,0,0.0,0.2370878815805061
2022-06-08 00:00:00+00:00,38703.18745171047,0.0,0.0,0.0,0.0,0.0,0.0,0.0,0.0,1.0,0,0,0,0.0,0.2370878815805061
2022-06-09 00:00:00+00:00,38703.18745171047,0.0,0.0,0.0,0.0,0.0,0.0,0.0,0.0,1.0,0,0,0,0.0,0.2370878815805061
2022-06-10 00:00:00+00:00,38703.18745171047,0.0,0.0,0.0,0.0,0.0,0.0,0.0,0.0,1.0,0,0,0,0.0,0.2370878815805061
2022-06-11 00:00:00+00:00,38703.18745171047,0.0,0.0,0.0,0.0,0.0,0.0,0.0,0.0,1.0,0,0,0,0.0,0.2370878815805061
2022-06-12 00:00:00+00:00,38703.18745171047,0.0,0.0,0.0,0.0,0.0,0.0,0.0,0.0,1.0,0,0,0,0.0,0.2370878815805061
2022-06-13 00:00:00+00:00,38703.18745171047,0.0,0.0,0.0,0.0,0.0,0.0,0.0,0.0,1.0,0,0,0,0.0,0.2370878815805061
2022-06-14 00:00:00+00:00,38703.18745171047,0.0,0.0,0.0,0.0,0.0,0.0,0.0,0.0,1.0,0,0,0,0.0,0.2370878815805061
2022-06-15 00:00:00+00:00,38703.18745171047,0.0,0.0,0.0,0.0,0.0,0.0,0.0,0.0,1.0,0,0,0,0.0,0.2370878815805061
2022-06-16 00:00:00+00:00,38703.18745171047,0.0,0.0,0.0,0.0,0.0,0.0,0.0,0.0,1.0,0,0,0,0.0,0.2370878815805061
2022-06-17 00:00:00+00:00,38703.18745171047,0.0,0.0,0.0,0.0,0.0,0.0,0.0,0.0,1.0,0,0,0,0.0,0.2370878815805061
2022-06-18 00:00:00+00:00,38703.18745171047,0.0,0.0,0.0,0.0,0.0,0.0,0.0,0.0,1.0,0,0,0,0.0,0.2370878815805061
2022-06-19 00:00:00+00:00,38703.18745171047,0.0,0.0,0.0,0.0,0.0,0.0,0.0,0.0,1.0,0,0,0,0.0,0.2370878815805061
2022-06-20 00:00:00+00:00,38703.18745171047,0.0,0.0,0.0,0.0,0.0,0.0,0.0,0.0,1.0,0,0,0,0.0,0.2370878815805061
2022-06-21 00:00:00+00:00,38703.18745171047,0.0,0.0,0.0,0.0,0.0,0.0,0.0,0.0,1.0,0,0,0,0.0,0.2370878815805061
2022-06-22 00:00:00+00:00,38703.18745171047,0.0,0.0,0.0,0.0,0.0,0.0,0.0,0.0,1.0,0,0,0,0.0,0.2370878815805061
2022-06-23 00:00:00+00:00,38703.18745171047,0.0,0.0,0.0,0.0,0.0,0.0,0.0,0.0,1.0,0,0,0,0.0,0.2370878815805061
2022-06-24 00:00:00+00:00,38703.18745171047,0.0,0.0,0.0,0.0,0.0,0.0,0.0,0.0,1.0,0,0,0,0.0,0.2370878815805061
2022-06-25 00:00:00+00:00,38703.18745171047,0.0,0.0,0.0,0.0,0.0,0.0,0.0,0.0,1.0,0,0,0,0.0,0.2370878815805061
2022-06-26 00:00:00+00:00,38703.18745171047,0.0,0.0,0.0,0.0,0.0,0.0,0.0,0.0,1.0,0,0,0,0.0,0.2370878815805061
2022-06-27 00:00:00+00:00,38703.18745171047,0.0,0.0,0.0,0.0,0.0,0.0,0.0,0.0,1.0,0,0,0,0.0,0.2370878815805061
2022-06-28 00:00:00+00:00,38703.18745171047,0.0,0.0,0.0,0.0,0.0,0.0,0.0,0.0,1.0,0,0,0,0.0,0.2370878815805061
2022-06-29 00:00:00+00:00,38703.18745171047,0.0,0.0,0.0,0.0,0.0,0.0,0.0,0.0,1.0,0,0,0,0.0,0.2370878815805061
2022-06-30 00:00:00+00:00,38703.18745171047,0.0,0.0,0.0,0.0,0.0,0.0,0.0,0.0,1.0,0,0,0,0.0,0.2370878815805061
2022-07-01 00:00:00+00:00,38703.18745171047,0.0,0.0,0.0,0.0,0.0,0.0,0.0,0.0,1.0,0,0,0,0.0,0.2370878815805061
2022-07-02 00:00:00+00:00,38703.18745171047,0.0,0.0,0.0,0.0,0.0,0.0,0.0,0.0,1.0,0,0,0,0.0,0.2370878815805061
2022-07-03 00:00:00+00:00,38703.18745171047,0.0,0.0,0.0,0.0,0.0,0.0,0.0,0.0,1.0,0,0,0,0.0,0.2370878815805061
2022-07-04 00:00:00+00:00,38703.18745171047,0.0,0.0,0.0,0.0,0.0,0.0,0.0,0.0,1.0,0,0,0,0.0,0.2370878815805061
2022-07-05 00:00:00+00:00,38703.18745171047,0.0,0.0,0.0,0.0,0.0,0.0,0.0,0.0,1.0,0,0,0,0.0,0.2370878815805061
2022-07-06 00:00:00+00:00,38703.18745171047,0.0,0.0,0.0,0.0,0.0,0.0,0.0,0.0,1.0,0,0,0,0.0,0.2370878815805061
2022-07-07 00:00:00+00:00,38703.18745171047,0.0,0.0,0.0,0.0,0.0,0.0,0.0,0.0,1.0,0,0,0,0.0,0.2370878815805061
2022-07-08 00:00:00+00:00,38703.18745171047,0.0,0.0,0.0,0.0,0.0,0.0,0.0,0.0,1.0,0,0,0,0.0,0.2370878815805061
2022-07-09 00:00:00+00:00,38703.18745171047,0.0,0.0,0.0,0.0,0.0,0.0,0.0,0.0,1.0,0,0,0,0.0,0.2370878815805061
2022-07-10 00:00:00+00:00,38703.18745171047,0.0,0.0,0.0,0.0,0.0,0.0,0.0,0.0,1.0,0,0,0,0.0,0.2370878815805061
2022-07-11 00:00:00+00:00,38703.18745171047,0.0,0.0,0.0,0.0,0.0,0.0,0.0,0.0,1.0,0,0,0,0.0,0.2370878815805061
2022-07-12 00:00:00+00:00,38703.18745171047,0.0,0.0,0.0,0.0,0.0,0.0,0.0,0.0,1.0,0,0,0,0.0,0.2370878815805061
2022-07-13 00:00:00+00:00,38703.18745171047,0.0,0.0,0.0,0.0,0.0,0.0,0.0,0.0,1.0,0,0,0,0.0,0.2370878815805061
2022-07-14 00:00:00+00:00,38703.18745171047,0.0,0.0,0.0,0.0,0.0,0.0,0.0,0.0,1.0,0,0,0,0.0,0.2370878815805061
2022-07-15 00:00:00+00:00,38703.18745171047,0.0,0.0,0.0,0.0,0.0,0.0,0.0,0.0,1.0,0,0,0,0.0,0.2370878815805061
2022-07-16 00:00:00+00:00,38703.18745171047,0.0,0.0,0.0,0.0,0.0,0.0,0.0,0.0,1.0,0,0,0,0.0,0.2370878815805061
2022-07-17 00:00:00+00:00,38703.18745171047,0.0,0.0,0.0,0.0,0.0,0.0,0.0,0.0,1.0,0,0,0,0.0,0.2370878815805061
2022-07-18 00:00:00+00:00,38703.18745171047,0.0,0.0,0.0,0.0,0.0,0.0,0.0,0.0,1.0,0,0,0,0.0,0.2370878815805061
2022-07-19 00:00:00+00:00,38703.18745171047,0.0,0.0,0.0,0.0,0.0,0.0,0.0,0.0,1.0,0,0,0,0.0,0.2370878815805061
2022-07-20 00:00:00+00:00,38703.18745171047,0.0,0.0,0.0,0.0,0.0,0.0,0.0,0.0,1.0,0,0,0,0.0,0.2370878815805061
2022-07-21 00:00:00+00:00,38703.18745171047,0.0,0.0,0.0,0.0,0.0,0.0,0.0,0.0,1.0,0,0,0,0.0,0.2370878815805061
2022-07-22 00:00:00+00:00,38703.18745171047,0.0,0.0,0.0,0.0,0.0,0.0,0.0,0.0,1.0,0,0,0,0.0,0.2370878815805061
2022-07-23 00:00:00+00:00,38703.18745171047,0.0,0.0,0.0,0.0,0.0,0.0,0.0,0.0,1.0,0,0,0,0.0,0.2370878815805061
2022-07-24 00:00:00+00:00,38703.18745171047,0.0,0.0,0.0,0.0,0.0,0.0,0.0,0.0,1.0,0,0,0,0.0,0.2370878815805061
2022-07-25 00:00:00+00:00,38703.18745171047,0.0,0.0,0.0,0.0,0.0,0.0,0.0,0.0,1.0,0,0,0,0.0,0.2370878815805061
2022-07-26 00:00:00+00:00,38703.18745171047,0.0,0.0,0.0,0.0,0.0,0.0,0.0,0.0,1.0,0,0,0,0.0,0.2370878815805061
2022-07-27 00:00:00+00:00,38703.18745171047,0.0,0.0,0.0,0.0,0.0,0.0,0.0,0.0,1.0,0,0,0,0.0,0.2370878815805061
2022-07-28 00:00:00+00:00,38703.18745171047,0.0,0.0,0.0,0.0,0.0,0.0,0.0,0.0,1.0,0,0,0,0.0,0.2370878815805061
2022-07-29 00:00:00+00:00,38703.18745171047,0.0,0.0,0.0,0.0,0.0,0.0,0.0,0.0,1.0,0,0,0,0.0,0.2370878815805061
2022-07-30 00:00:00+00:00,38703.18745171047,0.0,0.0,0.0,0.0,0.0,0.0,0.0,0.0,1.0,0,0,0,0.0,0.2370878815805061
2022-07-31 00:00:00+00:00,38703.18745171047,0.0,0.0,0.0,0.0,0.0,0.0,0.0,0.0,1.0,0,0,0,0.0,0.2370878815805061
2022-08-01 00:00:00+00:00,38703.18745171047,0.0,0.0,0.0,0.0,0.0,0.0,0.0,0.0,1.0,0,0,0,0.0,0.2370878815805061
2022-08-02 00:00:00+00:00,38703.18745171047,0.0,0.0,0.0,0.0,0.0,0.0,0.0,0.0,1.0,0,0,0,0.0,0.2370878815805061
2022-08-03 00:00:00+00:00,38703.18745171047,0.0,0.0,0.0,0.0,0.0,0.0,0.0,0.0,1.0,0,0,0,0.0,0.2370878815805061
2022-08-04 00:00:00+00:00,38703.18745171047,0.0,0.0,0.0,0.0,0.0,0.0,0.0,0.0,1.0,0,0,0,0.0,0.2370878815805061
2022-08-05 00:00:00+00:00,38703.18745171047,0.0,0.0,0.0,0.0,0.0,0.0,0.0,0.0,1.0,0,0,0,0.0,0.2370878815805061
2022-08-06 00:00:00+00:00,38703.18745171047,0.0,0.0,0.0,0.0,0.0,0.0,0.0,0.0,1.0,0,0,0,0.0,0.2370878815805061
2022-08-07 00:00:00+00:00,38703.18745171047,0.0,0.0,0.0,0.0,0.0,0.0,0.0,0.0,1.0,0,0,0,0.0,0.2370878815805061
2022-08-08 00:00:00+00:00,38703.18745171047,0.0,0.0,0.0,0.0,0.0,0.0,0.0,0.0,1.0,0,0,0,0.0,0.2370878815805061
2022-08-09 00:00:00+00:00,38703.18745171047,0.0,0.0,0.0,0.0,0.0,0.0,0.0,0.0,1.0,0,0,0,0.0,0.2370878815805061
2022-08-10 00:00:00+00:00,38703.18745171047,0.0,0.0,0.0,0.0,0.0,0.0,0.0,0.0,1.0,0,0,0,0.0,0.2370878815805061
2022-08-11 00:00:00+00:00,38703.18745171047,0.0,0.0,0.0,0.0,0.0,0.0,0.0,0.0,1.0,0,0,0,0.0,0.2370878815805061
2022-08-12 00:00:00+00:00,38703.18745171047,0.0,0.0,0.0,0.0,0.0,0.0,0.0,0.0,1.0,0,0,0,0.0,0.2370878815805061
2022-08-13 00:00:00+00:00,38703.18745171047,0.0,0.0,0.0,0.0,0.0,0.0,0.0,0.0,1.0,0,0,0,0.0,0.2370878815805061
2022-08-14 00:00:00+00:00,38703.18745171047,0.0,0.0,0.0,0.0,0.0,0.0,0.0,0.0,1.0,0,0,0,0.0,0.2370878815805061
2022-08-15 00:00:00+00:00,38703.18745171047,0.0,0.0,0.0,0.0,0.0,0.0,0.0,0.0,1.0,0,0,0,0.0,0.2370878815805061
2022-08-16 00:00:00+00:00,38703.18745171047,0.0,0.0,0.0,0.0,0.0,0.0,0.0,0.0,1.0,0,0,0,0.0,0.2370878815805061
2022-08-17 00:00:00+00:00,38703.18745171047,0.0,0.0,0.0,0.0,0.0,0.0,0.0,0.0,1.0,0,0,0,0.0,0.2370878815805061
2022-08-18 00:00:00+00:00,38703.18745171047,0.0,0.0,0.0,0.0,0.0,0.0,0.0,0.0,1.0,0,0,0,0.0,0.2370878815805061
2022-08-19 00:00:00+00:00,38703.18745171047,0.0,0.0,0.0,0.0,0.0,0.0,0.0,0.0,1.0,0,0,0,0.0,0.2370878815805061
2022-08-20 00:00:00+00:00,38703.18745171047,0.0,0.0,0.0,0.0,0.0,0.0,0.0,0.0,1.0,0,0,0,0.0,0.2370878815805061
2022-08-21 00:00:00+00:00,38703.18745171047,0.0,0.0,0.0,0.0,0.0,0.0,0.0,0.0,1.0,0,0,0,0.0,0.2370878815805061
2022-08-22 00:00:00+00:00,38703.18745171047,0.0,0.0,0.0,0.0,0.0,0.0,0.0,0.0,1.0,0,0,0,0.0,0.2370878815805061
2022-08-23 00:00:00+00:00,38703.18745171047,0.0,0.0,0.0,0.0,0.0,0.0,0.0,0.0,1.0,0,0,0,0.0,0.2370878815805061
2022-08-24 00:00:00+00:00,38703.18745171047,0.0,0.0,0.0,0.0,0.0,0.0,0.0,0.0,1.0,0,0,0,0.0,0.2370878815805061
2022-08-25 00:00:00+00:00,38703.18745171047,0.0,0.0,0.0,0.0,0.0,0.0,0.0,0.0,1.0,0,0,0,0.0,0.2370878815805061
2022-08-26 00:00:00+00:00,38703.18745171047,0.0,0.0,0.0,0.0,0.0,0.0,0.0,0.0,1.0,0,0,0,0.0,0.2370878815805061
2022-08-27 00:00:00+00:00,38703.18745171047,0.0,0.0,0.0,0.0,0.0,0.0,0.0,0.0,1.0,0,0,0,0.0,0.2370878815805061
2022-08-28 00:00:00+00:00,38703.18745171047,0.0,0.0,0.0,0.0,0.0,0.0,0.0,0.0,1.0,0,0,0,0.0,0.2370878815805061
2022-08-29 00:00:00+00:00,38703.18745171047,0.0,0.0,0.0,0.0,0.0,0.0,0.0,0.0,1.0,0,0,0,0.0,0.2370878815805061
2022-08-30 00:00:00+00:00,38703.18745171047,0.0,0.0,0.0,0.0,0.0,0.0,0.0,0.0,1.0,0,0,0,0.0,0.2370878815805061
2022-08-31 00:00:00+00:00,38703.18745171047,0.0,0.0,0.0,0.0,0.0,0.0,0.0,0.0,1.0,0,0,0,0.0,0.2370878815805061
2022-09-01 00:00:00+00:00,38703.18745171047,0.0,0.0,0.0,0.0,0.0,0.0,0.0,0.0,1.0,0,0,0,0.0,0.2370878815805061
2022-09-02 00:00:00+00:00,38703.18745171047,0.0,0.0,0.0,0.0,0.0,0.0,0.0,0.0,1.0,0,0,0,0.0,0.2370878815805061
2022-09-03 00:00:00+00:00,38703.18745171047,0.0,0.0,0.0,0.0,0.0,0.0,0.0,0.0,1.0,0,0,0,0.0,0.2370878815805061
2022-09-04 00:00:00+00:00,38703.18745171047,0.0,0.0,0.0,0.0,0.0,0.0,0.0,0.0,1.0,0,0,0,0.0,0.2370878815805061
2022-09-05 00:00:00+00:00,38703.18745171047,0.0,0.0,0.0,0.0,0.0,0.0,0.0,0.0,1.0,0,0,0,0.0,0.2370878815805061
2022-09-06 00:00:00+00:00,38703.18745171047,0.0,0.0,0.0,0.0,0.0,0.0,0.0,0.0,1.0,0,0,0,0.0,0.2370878815805061
2022-09-07 00:00:00+00:00,38703.18745171047,0.0,0.0,0.0,0.0,0.0,0.0,0.0,0.0,1.0,0,0,0,0.0,0.2370878815805061
2022-09-08 00:00:00+00:00,38703.18745171047,0.0,0.0,0.0,0.0,0.0,0.0,0.0,0.0,1.0,0,0,0,0.0,0.2370878815805061
2022-09-09 00:00:00+00:00,38703.18745171047,0.0,0.0,0.0,0.0,0.0,0.0,0.0,0.0,1.0,0,0,0,0.0,0.2370878815805061
2022-09-10 00:00:00+00:00,38703.18745171047,0.0,0.0,0.0,0.0,0.0,0.0,0.0,0.0,1.0,0,0,0,0.0,0.2370878815805061
2022-09-11 00:00:00+00:00,38703.18745171047,0.0,0.0,0.0,0.0,0.0,0.0,0.0,0.0,1.0,0,0,0,0.0,0.2370878815805061
2022-09-12 00:00:00+00:00,38703.18745171047,0.0,0.0,0.0,0.0,0.0,0.0,0.0,0.0,1.0,0,0,0,0.0,0.2370878815805061
2022-09-13 00:00:00+00:00,38703.18745171047,0.0,0.0,0.0,0.0,0.0,0.0,0.0,0.0,1.0,0,0,0,0.0,0.2370878815805061
2022-09-14 00:00:00+00:00,38703.18745171047,0.0,0.0,0.0,0.0,0.0,0.0,0.0,0.0,1.0,0,0,0,0.0,0.2370878815805061
2022-09-15 00:00:00+00:00,38703.18745171047,0.0,0.0,0.0,0.0,0.0,0.0,0.0,0.0,1.0,0,0,0,0.0,0.2370878815805061
2022-09-16 00:00:00+00:00,38703.18745171047,0.0,0.0,0.0,0.0,0.0,0.0,0.0,0.0,1.0,0,0,0,0.0,0.2370878815805061
2022-09-17 00:00:00+00:00,38703.18745171047,0.0,0.0,0.0,0.0,0.0,0.0,0.0,0.0,1.0,0,0,0,0.0,0.2370878815805061
2022-09-18 00:00:00+00:00,38703.18745171047,0.0,0.0,0.0,0.0,0.0,0.0,0.0,0.0,1.0,0,0,0,0.0,0.2370878815805061
2022-09-19 00:00:00+00:00,38703.18745171047,0.0,0.0,0.0,0.0,0.0,0.0,0.0,0.0,1.0,0,0,0,0.0,0.2370878815805061
2022-09-20 00:00:00+00:00,38703.18745171047,0.0,0.0,0.0,0.0,0.0,0.0,0.0,0.0,1.0,0,0,0,0.0,0.2370878815805061
2022-09-21 00:00:00+00:00,38703.18745171047,0.0,0.0,0.0,0.0,0.0,0.0,0.0,0.0,1.0,0,0,0,0.0,0.2370878815805061
2022-09-22 00:00:00+00:00,38703.18745171047,0.0,0.0,0.0,0.0,0.0,0.0,0.0,0.0,1.0,0,0,0,0.0,0.2370878815805061
2022-09-23 00:00:00+00:00,38703.18745171047,0.0,0.0,0.0,0.0,0.0,0.0,0.0,0.0,1.0,0,0,0,0.0,0.2370878815805061
2022-09-24 00:00:00+00:00,38703.18745171047,0.0,0.0,0.0,0.0,0.0,0.0,0.0,0.0,1.0,0,0,0,0.0,0.2370878815805061
2022-09-25 00:00:00+00:00,38703.18745171047,0.0,0.0,0.0,0.0,0.0,0.0,0.0,0.0,1.0,0,0,0,0.0,0.2370878815805061
2022-09-26 00:00:00+00:00,38703.18745171047,0.0,0.0,0.0,0.0,0.0,0.0,0.0,0.0,1.0,0,0,0,0.0,0.2370878815805061
2022-09-27 00:00:00+00:00,38703.18745171047,0.0,0.0,0.0,0.0,0.0,0.0,0.0,0.0,1.0,0,0,0,0.0,0.2370878815805061
2022-09-28 00:00:00+00:00,38703.18745171047,0.0,0.0,0.0,0.0,0.0,0.0,0.0,0.0,1.0,0,0,0,0.0,0.2370878815805061
2022-09-29 00:00:00+00:00,38703.18745171047,0.0,0.0,0.0,0.0,0.0,0.0,0.0,0.0,1.0,0,0,0,0.0,0.2370878815805061
2022-09-30 00:00:00+00:00,38703.18745171047,0.0,0.0,0.0,0.0,0.0,0.0,0.0,0.0,1.0,0,0,0,0.0,0.2370878815805061
2022-10-01 00:00:00+00:00,38703.18745171047,0.0,0.0,0.0,0.0,0.0,0.0,0.0,0.0,1.0,0,0,0,0.0,0.2370878815805061
2022-10-02 00:00:00+00:00,38703.18745171047,0.0,0.0,0.0,0.0,0.0,0.0,0.0,0.0,1.0,0,0,0,0.0,0.2370878815805061
2022-10-03 00:00:00+00:00,38703.18745171047,0.0,0.0,0.0,0.0,0.0,0.0,0.0,0.0,1.0,0,0,0,0.0,0.2370878815805061
2022-10-04 00:00:00+00:00,38703.18745171047,0.0,0.0,0.0,0.0,0.0,0.0,0.0,0.0,1.0,0,0,0,0.0,0.2370878815805061
2022-10-05 00:00:00+00:00,38703.18745171047,0.0,0.0,0.0,0.0,0.0,0.0,0.0,0.0,1.0,0,0,0,0.0,0.2370878815805061
2022-10-06 00:00:00+00:00,38703.18745171047,0.0,0.0,0.0,0.0,0.0,0.0,0.0,0.0,1.0,0,0,0,0.0,0.2370878815805061
2022-10-07 00:00:00+00:00,38703.18745171047,0.0,0.0,0.0,0.0,0.0,0.0,0.0,0.0,1.0,0,0,0,0.0,0.2370878815805061
2022-10-08 00:00:00+00:00,38703.18745171047,0.0,0.0,0.0,0.0,0.0,0.0,0.0,0.0,1.0,0,0,0,0.0,0.2370878815805061
2022-10-09 00:00:00+00:00,38703.18745171047,0.0,0.0,0.0,0.0,0.0,0.0,0.0,0.0,1.0,0,0,0,0.0,0.2370878815805061
2022-10-10 00:00:00+00:00,38703.18745171047,0.0,0.0,0.0,0.0,0.0,0.0,0.0,0.0,1.0,0,0,0,0.0,0.2370878815805061
2022-10-11 00:00:00+00:00,38703.18745171047,0.0,0.0,0.0,0.0,0.0,0.0,0.0,0.0,1.0,0,0,0,0.0,0.2370878815805061
2022-10-12 00:00:00+00:00,38703.18745171047,0.0,0.0,0.0,0.0,0.0,0.0,0.0,0.0,1.0,0,0,0,0.0,0.2370878815805061
2022-10-13 00:00:00+00:00,38703.18745171047,0.0,0.0,0.0,0.0,0.0,0.0,0.0,0.0,1.0,0,0,0,0.0,0.2370878815805061
2022-10-14 00:00:00+00:00,38703.18745171047,0.0,0.0,0.0,0.0,0.0,0.0,0.0,0.0,1.0,0,0,0,0.0,0.2370878815805061
2022-10-15 00:00:00+00:00,38703.18745171047,0.0,0.0,0.0,0.0,0.0,0.0,0.0,0.0,1.0,0,0,0,0.0,0.2370878815805061
2022-10-16 00:00:00+00:00,38703.18745171047,0.0,0.0,0.0,0.0,0.0,0.0,0.0,0.0,1.0,0,0,0,0.0,0.2370878815805061
2022-10-17 00:00:00+00:00,38703.18745171047,0.0,0.0,0.0,0.0,0.0,0.0,0.0,0.0,1.0,0,0,0,0.0,0.2370878815805061
2022-10-18 00:00:00+00:00,38703.18745171047,0.0,0.0,0.0,0.0,0.0,0.0,0.0,0.0,1.0,0,0,0,0.0,0.2370878815805061
2022-10-19 00:00:00+00:00,38703.18745171047,0.0,0.0,0.0,0.0,0.0,0.0,0.0,0.0,1.0,0,0,0,0.0,0.2370878815805061
2022-10-20 00:00:00+00:00,38703.18745171047,0.0,0.0,0.0,0.0,0.0,0.0,0.0,0.0,1.0,0,0,0,0.0,0.2370878815805061
2022-10-21 00:00:00+00:00,38703.18745171047,0.0,0.0,0.0,0.0,0.0,0.0,0.0,0.0,1.0,0,0,0,0.0,0.2370878815805061
2022-10-22 00:00:00+00:00,38703.18745171047,0.0,0.0,0.0,0.0,0.0,0.0,0.0,0.0,1.0,0,0,0,0.0,0.2370878815805061
2022-10-23 00:00:00+00:00,38703.18745171047,0.0,0.0,0.0,0.0,0.0,0.0,0.0,0.0,1.0,0,0,0,0.0,0.2370878815805061
2022-10-24 00:00:00+00:00,38703.18745171047,0.0,0.0,0.0,0.0,0.0,0.0,0.0,0.0,1.0,0,0,0,0.0,0.2370878815805061
2022-10-25 00:00:00+00:00,38703.18745171047,0.0,0.0,0.0,0.0,0.0,0.0,0.0,0.0,1.0,0,0,0,0.0,0.2370878815805061
2022-10-26 00:00:00+00:00,38703.18745171047,0.0,0.0,0.0,0.0,0.0,0.0,0.0,0.0,1.0,0,0,0,0.0,0.2370878815805061
2022-10-27 00:00:00+00:00,38703.18745171047,0.0,0.0,0.0,0.0,0.0,0.0,0.0,0.0,1.0,0,0,0,0.0,0.2370878815805061
2022-10-28 00:00:00+00:00,38703.18745171047,0.0,0.0,0.0,0.0,0.0,0.0,0.0,0.0,1.0,0,0,0,0.0,0.2370878815805061
2022-10-29 00:00:00+00:00,38703.18745171047,0.0,0.0,0.0,0.0,0.0,0.0,0.0,0.0,1.0,0,0,0,0.0,0.2370878815805061
2022-10-30 00:00:00+00:00,38703.18745171047,0.0,0.0,0.0,0.0,0.0,0.0,0.0,0.0,1.0,0,0,0,0.0,0.2370878815805061
2022-10-31 00:00:00+00:00,38703.18745171047,0.0,0.0,0.0,0.0,0.0,0.0,0.0,0.0,1.0,0,0,0,0.0,0.2370878815805061
2022-11-01 00:00:00+00:00,38703.18745171047,0.0,0.0,0.0,0.0,0.0,0.0,0.0,0.0,1.0,0,0,0,0.0,0.2370878815805061
2022-11-02 00:00:00+00:00,38703.18745171047,0.0,0.0,0.0,0.0,0.0,0.0,0.0,0.0,1.0,0,0,0,0.0,0.2370878815805061
2022-11-03 00:00:00+00:00,38703.18745171047,0.0,0.0,0.0,0.0,0.0,0.0,0.0,0.0,1.0,0,0,0,0.0,0.2370878815805061
2022-11-04 00:00:00+00:00,38703.18745171047,0.0,0.0,0.0,0.0,0.0,0.0,0.0,0.0,1.0,0,0,0,0.0,0.2370878815805061
2022-11-05 00:00:00+00:00,38703.18745171047,0.0,0.0,0.0,0.0,0.0,0.0,0.0,0.0,1.0,0,0,0,0.0,0.2370878815805061
2022-11-06 00:00:00+00:00,38703.18745171047,0.0,0.0,0.0,0.0,0.0,0.0,0.0,0.0,1.0,0,0,0,0.0,0.2370878815805061
2022-11-07 00:00:00+00:00,38703.18745171047,0.0,0.0,0.0,0.0,0.0,0.0,0.0,0.0,1.0,0,0,0,0.0,0.2370878815805061
2022-11-08 00:00:00+00:00,38703.18745171047,0.0,0.0,0.0,0.0,0.0,0.0,0.0,0.0,1.0,0,0,0,0.0,0.2370878815805061
2022-11-09 00:00:00+00:00,38703.18745171047,0.0,0.0,0.0,0.0,0.0,0.0,0.0,0.0,1.0,0,0,0,0.0,0.2370878815805061
2022-11-10 00:00:00+00:00,38703.18745171047,0.0,0.0,0.0,0.0,0.0,0.0,0.0,0.0,1.0,0,0,0,0.0,0.2370878815805061
2022-11-11 00:00:00+00:00,38703.18745171047,0.0,0.0,0.0,0.0,0.0,0.0,0.0,0.0,1.0,0,0,0,0.0,0.2370878815805061
2022-11-12 00:00:00+00:00,38703.18745171047,0.0,0.0,0.0,0.0,0.0,0.0,0.0,0.0,1.0,0,0,0,0.0,0.2370878815805061
2022-11-13 00:00:00+00:00,38703.18745171047,0.0,0.0,0.0,0.0,0.0,0.0,0.0,0.0,1.0,0,0,0,0.0,0.2370878815805061
2022-11-14 00:00:00+00:00,38703.18745171047,0.0,0.0,0.0,0.0,0.0,0.0,0.0,0.0,1.0,0,0,0,0.0,0.2370878815805061
2022-11-15 00:00:00+00:00,38703.18745171047,0.0,0.0,0.0,0.0,0.0,0.0,0.0,0.0,1.0,0,0,0,0.0,0.2370878815805061
2022-11-16 00:00:00+00:00,38703.18745171047,0.0,0.0,0.0,0.0,0.0,0.0,0.0,0.0,1.0,0,0,0,0.0,0.2370878815805061
2022-11-17 00:00:00+00:00,38703.18745171047,0.0,0.0,0.0,0.0,0.0,0.0,0.0,0.0,1.0,0,0,0,0.0,0.2370878815805061
2022-11-18 00:00:00+00:00,38703.18745171047,0.0,0.0,0.0,0.0,0.0,0.0,0.0,0.0,1.0,0,0,0,0.0,0.2370878815805061
2022-11-19 00:00:00+00:00,38703.18745171047,0.0,0.0,0.0,0.0,0.0,0.0,0.0,0.0,1.0,0,0,0,0.0,0.2370878815805061
2022-11-20 00:00:00+00:00,38703.18745171047,0.0,0.0,0.0,0.0,0.0,0.0,0.0,0.0,1.0,0,0,0,0.0,0.2370878815805061
2022-11-21 00:00:00+00:00,38703.18745171047,0.0,0.0,0.0,0.0,0.0,0.0,0.0,0.0,1.0,0,0,0,0.0,0.2370878815805061
2022-11-22 00:00:00+00:00,38703.18745171047,0.0,0.0,0.0,0.0,0.0,0.0,0.0,0.0,1.0,0,0,0,0.0,0.2370878815805061
2022-11-23 00:00:00+00:00,38703.18745171047,0.0,0.0,0.0,0.0,0.0,0.0,0.0,0.0,1.0,0,0,0,0.0,0.2370878815805061
2022-11-24 00:00:00+00:00,38703.18745171047,0.0,0.0,0.0,0.0,0.0,0.0,0.0,0.0,1.0,0,0,0,0.0,0.2370878815805061
2022-11-25 00:00:00+00:00,38703.18745171047,0.0,0.0,0.0,0.0,0.0,0.0,0.0,0.0,1.0,0,0,0,0.0,0.2370878815805061
2022-11-26 00:00:00+00:00,38703.18745171047,0.0,0.0,0.0,0.0,0.0,0.0,0.0,0.0,1.0,0,0,0,0.0,0.2370878815805061
2022-11-27 00:00:00+00:00,38703.18745171047,0.0,0.0,0.0,0.0,0.0,0.0,0.0,0.0,1.0,0,0,0,0.0,0.2370878815805061
2022-11-28 00:00:00+00:00,38703.18745171047,0.0,0.0,0.0,0.0,0.0,0.0,0.0,0.0,1.0,0,0,0,0.0,0.2370878815805061
2022-11-29 00:00:00+00:00,38703.18745171047,0.0,0.0,0.0,0.0,0.0,0.0,0.0,0.0,1.0,0,0,0,0.0,0.2370878815805061
2022-11-30 00:00:00+00:00,38703.18745171047,0.0,0.0,0.0,0.0,0.0,0.0,0.0,0.0,1.0,0,0,0,0.0,0.2370878815805061
2022-12-01 00:00:00+00:00,38703.18745171047,0.0,0.0,0.0,0.0,0.0,0.0,0.0,0.0,1.0,0,0,0,0.0,0.2370878815805061
2022-12-02 00:00:00+00:00,38703.18745171047,0.0,0.0,0.0,0.0,0.0,0.0,0.0,0.0,1.0,0,0,0,0.0,0.2370878815805061
2022-12-03 00:00:00+00:00,38703.18745171047,0.0,0.0,0.0,0.0,0.0,0.0,0.0,0.0,1.0,0,0,0,0.0,0.2370878815805061
2022-12-04 00:00:00+00:00,38703.18745171047,0.0,0.0,0.0,0.0,0.0,0.0,0.0,0.0,1.0,0,0,0,0.0,0.2370878815805061
2022-12-05 00:00:00+00:00,38703.18745171047,0.0,0.0,0.0,0.0,0.0,0.0,0.0,0.0,1.0,0,0,0,0.0,0.2370878815805061
2022-12-06 00:00:00+00:00,38703.18745171047,0.0,0.0,0.0,0.0,0.0,0.0,0.0,0.0,1.0,0,0,0,0.0,0.2370878815805061
2022-12-07 00:00:00+00:00,38703.18745171047,0.0,0.0,0.0,0.0,0.0,0.0,0.0,0.0,1.0,0,0,0,0.0,0.2370878815805061
2022-12-08 00:00:00+00:00,38703.18745171047,0.0,0.0,0.0,0.0,0.0,0.0,0.0,0.0,1.0,0,0,0,0.0,0.2370878815805061
2022-12-09 00:00:00+00:00,38703.18745171047,0.0,0.0,0.0,0.0,0.0,0.0,0.0,0.0,1.0,0,0,0,0.0,0.2370878815805061
2022-12-10 00:00:00+00:00,38703.18745171047,0.0,0.0,0.0,0.0,0.0,0.0,0.0,0.0,1.0,0,0,0,0.0,0.2370878815805061
2022-12-11 00:00:00+00:00,38703.18745171047,0.0,0.0,0.0,0.0,0.0,0.0,0.0,0.0,1.0,0,0,0,0.0,0.2370878815805061
2022-12-12 00:00:00+00:00,38703.18745171047,0.0,0.0,0.0,0.0,0.0,0.0,0.0,0.0,1.0,0,0,0,0.0,0.2370878815805061
2022-12-13 00:00:00+00:00,38703.18745171047,0.0,0.0,0.0,0.0,0.0,0.0,0.0,0.0,1.0,0,0,0,0.0,0.2370878815805061
2022-12-14 00:00:00+00:00,38703.18745171047,0.0,0.0,0.0,0.0,0.0,0.0,0.0,0.0,1.0,0,0,0,0.0,0.2370878815805061
2022-12-15 00:00:00+00:00,38703.18745171047,0.0,0.0,0.0,0.0,0.0,0.0,0.0,0.0,1.0,0,0,0,0.0,0.2370878815805061
2022-12-16 00:00:00+00:00,38703.18745171047,0.0,0.0,0.0,0.0,0.0,0.0,0.0,0.0,1.0,0,0,0,0.0,0.2370878815805061
2022-12-17 00:00:00+00:00,38703.18745171047,0.0,0.0,0.0,0.0,0.0,0.0,0.0,0.0,1.0,0,0,0,0.0,0.2370878815805061
2022-12-18 00:00:00+00:00,38703.18745171047,0.0,0.0,0.0,0.0,0.0,0.0,0.0,0.0,1.0,0,0,0,0.0,0.2370878815805061
2022-12-19 00:00:00+00:00,38703.18745171047,0.0,0.0,0.0,0.0,0.0,0.0,0.0,0.0,1.0,0,0,0,0.0,0.2370878815805061
2022-12-20 00:00:00+00:00,38703.18745171047,0.0,0.0,0.0,0.0,0.0,0.0,0.0,0.0,1.0,0,0,0,0.0,0.2370878815805061
2022-12-21 00:00:00+00:00,38703.18745171047,0.0,0.0,0.0,0.0,0.0,0.0,0.0,0.0,1.0,0,0,0,0.0,0.2370878815805061
2022-12-22 00:00:00+00:00,38703.18745171047,0.0,0.0,0.0,0.0,0.0,0.0,0.0,0.0,1.0,0,0,0,0.0,0.2370878815805061
2022-12-23 00:00:00+00:00,38703.18745171047,0.0,0.0,0.0,0.0,0.0,0.0,0.0,0.0,1.0,0,0,0,0.0,0.2370878815805061
2022-12-24 00:00:00+00:00,38703.18745171047,0.0,0.0,0.0,0.0,0.0,0.0,0.0,0.0,1.0,0,0,0,0.0,0.2370878815805061
2022-12-25 00:00:00+00:00,38703.18745171047,0.0,0.0,0.0,0.0,0.0,0.0,0.0,0.0,1.0,0,0,0,0.0,0.2370878815805061
2022-12-26 00:00:00+00:00,38703.18745171047,0.0,0.0,0.0,0.0,0.0,0.0,0.0,0.0,1.0,0,0,0,0.0,0.2370878815805061
2022-12-27 00:00:00+00:00,38703.18745171047,0.0,0.0,0.0,0.0,0.0,0.0,0.0,0.0,1.0,0,0,0,0.0,0.2370878815805061
2022-12-28 00:00:00+00:00,38703.18745171047,0.0,0.0,0.0,0.0,0.0,0.0,0.0,0.0,1.0,0,0,0,0.0,0.2370878815805061
2022-12-29 00:00:00+00:00,38703.18745171047,0.0,0.0,0.0,0.0,0.0,0.0,0.0,0.0,1.0,0,0,0,0.0,0.2370878815805061
2022-12-30 00:00:00+00:00,38703.18745171047,0.0,0.0,0.0,0.0,0.0,0.0,0.0,0.0,1.0,0,0,0,0.0,0.2370878815805061
2022-12-31 00:00:00+00:00,38703.18745171047,0.0,0.0,0.0,0.0,0.0,0.0,0.0,0.0,1.0,0,0,0,0.0,0.2370878815805061
2023-01-01 00:00:00+00:00,38703.18745171047,0.0,0.0,0.0,0.0,0.0,0.0,0.0,0.0,1.0,0,0,0,0.0,0.2370878815805061
2023-01-02 00:00:00+00:00,38703.18745171047,0.0,0.0,0.0,0.0,0.0,0.0,0.0,0.0,1.0,0,0,0,0.0,0.2370878815805061
2023-01-03 00:00:00+00:00,38703.18745171047,0.0,0.0,0.0,0.0,0.0,0.0,0.0,0.0,1.0,0,0,0,0.0,0.2370878815805061
2023-01-04 00:00:00+00:00,38703.18745171047,0.0,0.0,0.0,0.0,0.0,0.0,0.0,0.0,1.0,0,0,0,0.0,0.2370878815805061
2023-01-05 00:00:00+00:00,38703.18745171047,0.0,0.0,0.0,0.0,0.0,0.0,0.0,0.0,1.0,0,0,0,0.0,0.2370878815805061
2023-01-06 00:00:00+00:00,38703.18745171047,0.0,0.0,0.0,0.0,0.0,0.0,0.0,0.0,1.0,0,0,0,0.0,0.2370878815805061
2023-01-07 00:00:00+00:00,38703.18745171047,0.0,0.0,0.0,0.0,0.0,0.0,0.0,0.0,1.0,0,0,0,0.0,0.2370878815805061
2023-01-08 00:00:00+00:00,38703.18745171047,0.0,0.0,0.0,0.0,0.0,0.0,0.0,0.0,1.0,0,0,0,0.0,0.2370878815805061
2023-01-09 00:00:00+00:00,38703.18745171047,0.0,0.0,0.0,0.0,0.0,0.0,0.0,0.0,1.0,0,0,0,0.0,0.2370878815805061
2023-01-10 00:00:00+00:00,38703.18745171047,0.0,0.0,0.0,0.0,0.0,0.0,0.0,0.0,1.0,0,0,0,0.0,0.2370878815805061
2023-01-11 00:00:00+00:00,38703.18745171047,0.0,0.0,0.0,0.0,0.0,0.0,0.0,0.0,1.0,0,0,0,0.0,0.2370878815805061
2023-01-12 00:00:00+00:00,38703.18745171047,0.0,0.0,0.0,0.0,0.0,0.0,0.0,0.0,1.0,0,0,0,0.0,0.2370878815805061
2023-01-13 00:00:00+00:00,38703.18745171047,0.0,0.0,0.0,0.0,0.0,0.0,0.0,0.0,1.0,0,0,0,0.0,0.2370878815805061
2023-01-14 00:00:00+00:00,38703.18745171047,0.0,0.0,0.0,0.0,0.0,0.0,0.0,0.0,1.0,0,0,0,0.0,0.2370878815805061
2023-01-15 00:00:00+00:00,38703.18745171047,0.0,0.0,0.0,0.0,0.0,0.0,0.0,0.0,1.0,0,0,0,0.0,0.2370878815805061
2023-01-16 00:00:00+00:00,38703.18745171047,0.0,0.0,0.0,0.0,0.0,0.0,0.0,0.0,1.0,0,0,0,0.0,0.2370878815805061
2023-01-17 00:00:00+00:00,38703.18745171047,0.0,0.0,0.0,0.0,0.0,0.0,0.0,0.0,1.0,0,0,0,0.0,0.2370878815805061
2023-01-18 00:00:00+00:00,38703.18745171047,0.0,0.0,0.0,0.0,0.0,0.0,0.0,0.0,1.0,0,0,0,0.0,0.2370878815805061
2023-01-19 00:00:00+00:00,38703.18745171047,0.0,0.0,0.0,0.0,0.0,0.0,0.0,0.0,1.0,0,0,0,0.0,0.2370878815805061
2023-01-20 00:00:00+00:00,38703.18745171047,0.0,0.0,0.0,0.0,0.0,0.0,0.0,0.0,1.0,0,0,0,0.0,0.2370878815805061
2023-01-21 00:00:00+00:00,38703.18745171047,0.0,0.0,0.0,0.0,0.0,0.0,0.0,0.0,1.0,0,0,0,0.0,0.2370878815805061
2023-01-22 00:00:00+00:00,38703.18745171047,0.0,0.0,0.0,0.0,0.0,0.0,0.0,0.0,1.0,0,0,0,0.0,0.2370878815805061
2023-01-23 00:00:00+00:00,38703.18745171047,0.0,0.0,0.0,0.0,0.0,0.0,0.0,0.0,1.0,0,0,0,0.0,0.2370878815805061
2023-01-24 00:00:00+00:00,38703.18745171047,0.0,0.0,0.0,0.0,0.0,0.0,0.0,0.0,1.0,0,0,0,0.0,0.2370878815805061
2023-01-25 00:00:00+00:00,38703.18745171047,0.0,0.0,0.0,0.0,0.0,0.0,0.0,0.0,1.0,0,0,0,0.0,0.2370878815805061
2023-01-26 00:00:00+00:00,38644.69144953482,-0.0015114001204330485,0.13334617457590714,0.13188030559613662,0.13427715983770783,15.590862263046287,-1.166321396360664,-41.7388185162573,0.0,0.9836909877538925,0,0,1,0.13427715983770783,0.2370878815805061
2023-01-27 00:00:00+00:00,38738.270683639086,0.0024215288204971763,0.13502037050558702,0.13046886316093112,0.0011046944290072696,0.1280721296130548,-1.1530428218446644,94.86034905572717,0.0,0.9841951587370122,0,0,1,0.13289581891383925,0.23464890242890435
2023-01-28 00:00:00+00:00,38715.07627871217,-0.0005987465242404122,0.13480001770625055,0.1329685125828535,0.06932978758778562,8.057140099087672,-1.1956088764523378,-13.941655951363874,0.0,0.984065431060684,0,0,1,0.13510642769632364,0.23855208710957487
2023-01-29 00:00:00+00:00,38893.77539984257,0.004615750201392599,0.1387426865902795,0.13426939699480658,0.06481250101732576,7.527671767660711,-1.5684058736698987,187.79519877173007,0.0,0.9860506011801585,0,0,1,0.13455958754817518,0.2375865530422444
2023-01-30 00:00:00+00:00,38659.765720133124,-0.006016635754789501,0.133972549521857,0.130783152742541,0.13707720632270676,15.994437339893533,-1.613944251838611,-216.40129811771197,0.0,0.9774260278395438,0,0,1,0.1387921578448212,0.24505983536728937
2023-01-31 00:00:00+00:00,38723.517096015494,0.0016490367878554402,0.1348857672670199,0.13261253239241516,0.06893498831400746,7.995022279862548,-1.1722087380502606,72.91860690028467,0.0,0.9858112515292867,0,0,1,0.13324859366757938,0.2352717828885479
2023-02-01 00:00:00+00:00,38884.30836069165,0.0041522897901413724,0.13836903939644013,0.13318359448861714,0.0012064304744508296,0.14015143723758705,-1.1628127241932489,162.09422883759186,0.0,0.984887600885568,0,0,1,0.1347565569211251,0.23793433409023035
2023-02-02 00:00:00+00:00,38868.661403847735,-0.0004023977152627367,0.13846200895250285,0.13675141016088896,0.07070671498658901,8.248201024548685,-2.4280369420461767,-4.970718877314074,0.0,0.9840389422728719,0,0,1,0.13856935724273178,0.24466644513749836
2023-02-03 00:00:00+00:00,38933.817537715906,0.0016763153531631492,0.1398437050427229,0.1367708626822033,0.06504753261161202,7.584989276212135,-1.5678267243560826,74.30894986873295,0.0,0.9844979934370282,0,0,1,0.138199857753401,0.24401403447230108
2023-02-04 00:00:00+00:00,38873.54947022349,-0.0015479619339674455,0.13860534282471412,0.13761042191121028,0.06533081260786579,7.630779747285034,-1.3662795897466835,-51.27100815538899,0.0,0.9836104664121657,0,0,1,0.13974022963461077,0.2467338083087719
2023-02-05 00:00:00+00:00,38806.498056897675,-0.0017248595571951464,0.1370218658107337,0.1351586737579431,0.06603949401595718,7.701559984582968,-1.2129369367153746,-58.13691640452242,0.0,0.9826976873397462,0,0,1,0.13830749738256498,0.24420408951728
2023-02-06 00:00:00+00:00,38749.74351094677,-0.0014625010962775464,0.13549211656834403,0.13425126197401538,0.0013483408294743277,0.1569739061411351,-1.197240668693239,-55.40033137608553,0.0,0.9837505080360582,0,0,1,0.1367262348130547,0.24141211660631845
2023-02-07 00:00:00+00:00,38951.625301335676,0.005209887139817404,0.1398912249781093,0.13514957465298189,0.00039157164445783097,0.045519686983588825,-1.1836627434850997,203.11097281936864,0.0,0.9862273220748805,0,0,1,0.13537450222738234,0.23902541572891123
2023-02-08 00:00:00+00:00,38918.37681152687,-0.000853584145760089,0.13945590878608488,0.13725703183302204,0.0010468141280724067,0.12232543657330756,-1.2318667322432093,-31.89429763998943,0.0,0.9829561904538916,0,0,1,0.14015684349477753,0.24746940695908137
2023-02-09 00:00:00+00:00,38202.99671775968,-0.018381550115299516,0.25288313409615637,0.24973452346499678,0.12682074057863624,14.807022909133318,-2.337511098950009,-698.2355597591038,0.0,0.9531621908497993,0,0,1,0.26627960178508164,0.2460844539544237
2023-02-10 00:00:00+00:00,38208.14984995984,0.0001348881669736013,0.23410065127127394,0.23104588971601894,0.01895274027085302,2.1721535747964205,-0.8932598250776409,8.218545600025788,0.0,0.9731759110507598,0,0,1,0.23393010205640458,0.21618840137261353
2023-02-11 00:00:00+00:00,38317.011859812344,0.0028491829696020154,0.23631774913185974,0.23329779560733696,0.002676954523166562,0.3068381710316839,0.3203416567155342,108.84850636681884,0.0,0.9756042256215556,0,0,1,0.2341284684815791,0.21637172331351595
2023-02-12 00:00:00+00:00,38262.330349961565,-0.001427081789436957,0.23798000880798753,0.23520421991434778,0.0027632222504583117,0.3176337828915789,0.7583949683768303,-55.12227103626314,0.0,0.9715262791996861,0,0,1,0.23907742185231518,0.2209453387152186
2023-02-13 00:00:00+00:00,38148.54374117955,-0.0029738546434908697,0.23434792141207517,0.22781468688437262,0.0026316125691306673,0.3020778168899615,0.14634596850592493,-113.63087693363103,0.0,0.9660548466053384,0,0,1,0.23663005796999664,0.21868358753123485
2023-02-14 00:00:00+00:00,38387.70556852439,0.006269225608386053,0.2362824083545925,0.22903959307950073,0.006835146069553572,0.7822500708350353,-0.4924144603668339,240.43649187603395,0.0,0.9740042810005307,0,0,1,0.23146333238223235,0.21390871616867535
2023-02-15 00:00:00+00:00,39044.823164522415,0.017117917996558374,0.2550539352608656,0.24115373642941323,0.005993110090054806,0.6901809310354703,-0.4954001184356167,658.3031770474997,0.0,0.9744306095840519,0,0,1,0.24227075399121112,0.22389648251454564
2023-02-16 00:00:00+00:00,38525.09258469425,-0.013311126487580371,0.26255695861310396,0.2620470913910131,0.13890684232001946,16.270961300113584,-2.650989897575763,-500.8086286304823,0.0,0.9602479717984748,0,0,1,0.2720100321792104,0.2513802776863564
2023-02-17 00:00:00+00:00,38774.919438725025,0.0064847827031577765,0.25370384923085426,0.24752300471402677,0.1374245368165472,15.882988774080497,-2.1064961447424446,267.8163389496007,0.0,0.9735734768579647,0,0,1,0.2485049719344566,0.22965788559653866
2023-02-18 00:00:00+00:00,38909.96746756482,0.003482870649240466,0.2626937942501852,0.2576866947943755,0.13271461220041528,15.437785210804567,-2.215797656941301,152.70161170754457,0.0,0.9711183242130946,0,0,1,0.25976392230622075,0.24006293591117667
2023-02-19 00:00:00+00:00,38758.305468829094,-0.0038977672973422584,0.26310303348649844,0.2605376424370828,0.005347993311308121,0.6242759139416785,-2.3982228533716,-148.63949996840205,0.0,0.9668574744520648,0,0,1,0.26590796068585487,0.24574099881795386
2023-02-20 00:00:00+00:00,38786.701299071334,0.0007326385892973963,0.2596432253325854,0.2541160160224661,0.004069049692708999,0.47312717614195393,-2.2391400587108388,31.108097477101296,0.0,0.9681531719721242,0,0,1,0.25903205758064685,0.23938657718841305
2023-02-21 00:00:00+00:00,38520.57332761833,-0.006861320054030395,0.25561658510465673,0.25187264252949143,0.1404024293784488,16.33762379168676,-2.6498189345321297,-247.1405287267931,0.0,0.9633457968749864,0,0,1,0.2603614897828021,0.24061518274191263
2023-02-22 00:00:00+00:00,38520.20758419518,-9.494755439876101e-06,0.24834651878781905,0.2407673666793004,0.007335206470810142,0.8476629230612507,-2.1448887657270146,2.6268082656463037,0.0,0.9662503787920702,0,0,1,0.2482759751987404,0.22944625640568705
2023-02-23 00:00:00+00:00,38366.57164142886,-0.003988450540680755,0.24558570555978618,0.24373162127354103,0.1308054462543483,15.11595882858235,-1.0623101144519276,-137.45767382329248,0.0,0.9693888470910874,0,0,1,0.24827208134718123,0.22944265787118312
2023-02-24 00:00:00+00:00,38003.90359674665,-0.009452709198822462,0.23441988850862394,0.22984409742611792,0.12141125767890001,13.974491852576934,-1.8387207541061736,-346.85483207553057,0.0,0.9620847464051239,0,0,1,0.24133736158142707,0.2230338803476989
2023-02-25 00:00:00+00:00,38010.98691541124,0.00018638397622905423,0.22532695809238137,0.2203801949966196,0.11982300027149323,13.661196435499635,0.9008330128517404,19.84368208724259,0.0,0.9719101530456804,0,0,1,0.2249260256995907,0.20786721116962215
2023-02-26 00:00:00+00:00,38191.488439051536,0.0047486671167464856,0.2288814384996157,0.22405420844875748,0.0017841003382491826,0.2034455301807459,1.1811718699872378,179.5237973005017,0.0,0.9760905387209907,0,0,1,0.2252438631902187,0.20816094326476986
2023-02-27 00:00:00+00:00,38101.03434600054,-0.0023684359198345994,0.23182572580149635,0.2291131385361019,0.11353063637582589,13.007566567952328,0.6015012695228729,-78.04802775256496,0.0,0.9713353841028586,0,0,1,0.23339118045260973,0.21569035260092762
2023-02-28 00:00:00+00:00,38009.995478433266,-0.0023894067216269077,0.2274614502224938,0.2259549294157853,0.0025110025033142883,0.2870134923817118,0.5024134011172144,-91.25426747600933,0.0,0.9731610593745087,0,0,1,0.22930967691602602,0.2119183979998992
2023-03-01 00:00:00+00:00,38169.30850492819,0.00419134557869949,0.2284284908108432,0.224566604536348,0.002580463052650356,0.2942489672339859,0.4808530525089652,159.12642240964732,0.0,0.9767397370862321,0,0,1,0.22519806179454877,0.20811861553343702
2023-03-02 00:00:00+00:00,38021.373159859126,-0.003875766967325611,0.22966791151267357,0.2269020079813017,0.1188794450814599,13.61261225748564,0.995012416461214,-135.3177452280351,0.0,0.9700079419891265,0,0,1,0.23240436624937127,0.21477838025032148
2023-03-03 00:00:00+00:00,37654.04932677614,-0.009660982825070219,0.21843392798502678,0.2138021557295026,0.1205004570912754,13.744804172280078,0.6273781373687257,-354.20640704806806,0.0,0.9634333200531476,0,0,1,0.22572266642482156,0.2086034331579084
2023-03-04 00:00:00+00:00,37459.961075726686,-0.005154512051680937,0.2052772257946238,0.20258570744381088,0.10796548818682405,12.195882490629272,-0.5548760383153392,-181.33749252051265,0.0,0.9714299942897825,0,0,1,0.20909423605385702,0.19323613434671116
2023-03-05 00:00:00+00:00,37484.07762979155,0.0006437954918350197,0.2008637338551624,0.19890637061881586,0.007695913321307907,0.8648638170828793,0.1790893633023105,24.802328518641588,0.0,0.9783404869711431,0,0,1,0.2003337011436353,0.18514001494710886
2023-03-06 00:00:00+00:00,37415.13546867333,-0.0018392385641476938,0.20000519524374522,0.19840336453052598,0.0007754746978486498,0.08720716348540258,-0.47962516808381384,-68.37532878665108,0.0,0.9763805382529311,0,0,1,0.201492160593225,0.1862106146444552
2023-03-07 00:00:00+00:00,37314.70004182041,-0.002684352885398811,0.19615912666144167,0.192674904138016,0.002859426442145013,0.320954933054823,-0.22610179540902742,-99.88837012445087,0.0,0.9738937104234269,0,0,1,0.19829762941304868,0.18325836274140272
2023-03-08 00:00:00+00:00,37088.70092880606,-0.0060565705408609505,0.18889224690869338,0.18685432624570206,0.0023566789717762594,0.2638259035118997,0.12252570217876557,-225.85781281302286,0.0,0.9728873203301732,0,0,1,0.1938316875981654,0.1791311263870582
2023-03-09 00:00:00+00:00,36630.68386042537,-0.01234923458925874,0.15392135809630975,0.15012856293572194,0.024592775218348663,2.736304284217149,-0.30828914505319926,-454.9724749514065,0.0,0.9685048764815626,0,0,1,0.1642882161447747,0.16961026488650932
2023-03-10 00:00:00+00:00,36612.700234345924,-0.0004909443172824712,0.0,0.0,0.15389659430195066,16.9115174976343,0.0,-1.0721085818144451,0.0,0.9995383102170942,0,0,1,0.0,0.15045020761687466
2023-03-11 00:00:00+00:00,36612.700234345924,0.0,0.0,0.0,0.0,0.0,0.0,0.0,0.0,1.0,0,0,0,0.0,0.14974361439277184
2023-03-12 00:00:00+00:00,36612.700234345924,0.0,0.0,0.0,0.0,0.0,0.0,0.0,0.0,1.0,0,0,0,0.0,0.14974361439277184
2023-03-13 00:00:00+00:00,36612.700234345924,0.0,0.0,0.0,0.0,0.0,0.0,0.0,0.0,1.0,0,0,0,0.0,0.14974361439277184
2023-03-14 00:00:00+00:00,36612.700234345924,0.0,0.0,0.0,0.0,0.0,0.0,0.0,0.0,1.0,0,0,0,0.0,0.14974361439277184
2023-03-15 00:00:00+00:00,36612.700234345924,0.0,0.0,0.0,0.0,0.0,0.0,0.0,0.0,1.0,0,0,0,0.0,0.14974361439277184
2023-03-16 00:00:00+00:00,36612.700234345924,0.0,0.0,0.0,0.0,0.0,0.0,0.0,0.0,1.0,0,0,0,0.0,0.14974361439277184
2023-03-17 00:00:00+00:00,36612.700234345924,0.0,0.0,0.0,0.0,0.0,0.0,0.0,0.0,1.0,0,0,0,0.0,0.14974361439277184
2023-03-18 00:00:00+00:00,36612.700234345924,0.0,0.0,0.0,0.0,0.0,0.0,0.0,0.0,1.0,0,0,0,0.0,0.14974361439277184
2023-03-19 00:00:00+00:00,36612.700234345924,0.0,0.0,0.0,0.0,0.0,0.0,0.0,0.0,1.0,0,0,0,0.0,0.14974361439277184
2023-03-20 00:00:00+00:00,36612.700234345924,0.0,0.0,0.0,0.0,0.0,0.0,0.0,0.0,1.0,0,0,0,0.0,0.14974361439277184
2023-03-21 00:00:00+00:00,36612.700234345924,0.0,0.0,0.0,0.0,0.0,0.0,0.0,0.0,1.0,0,0,0,0.0,0.14974361439277184
2023-03-22 00:00:00+00:00,36612.700234345924,0.0,0.0,0.0,0.0,0.0,0.0,0.0,0.0,1.0,0,0,0,0.0,0.14974361439277184
2023-03-23 00:00:00+00:00,36828.184770783504,0.005885513361711503,0.13267887494854397,0.12612851023401653,0.1272258119295399,13.974241542742552,-0.5607137831957503,230.01949176351354,0.0,0.9857709179255023,0,0,1,0.1272258119295399,0.14974361439277184
2023-03-24 00:00:00+00:00,36687.44425875776,-0.0038215435515409624,0.13156471122022967,0.12893667460212907,0.002526967602519106,0.27919073914858883,-0.06986877289495796,-140.39145251369428,0.0,0.9803699775340841,0,0,1,0.1348745535614929,0.1587461131794129
2023-03-25 00:00:00+00:00,36605.27408120095,-0.0022397356702543725,0.12809119427963378,0.1263754782117298,0.060674678721514386,6.677976627924295,-0.28683573638958226,-75.20536519249198,0.0,0.9832280663617633,0,0,1,0.12987522522139083,0.1528619495507485
2023-03-26 00:00:00+00:00,36689.589403388476,0.002303365411238101,0.12914604944421393,0.1264101200689932,0.0667285944471755,7.3278469976005765,-0.1348974873140102,91.77806667244437,0.0,0.9865391851014792,0,0,1,0.12696069055918288,0.14943156897016519
2023-03-27 00:00:00+00:00,36489.214741925294,-0.005461349247061209,0.1253330194356821,0.12328521260790534,0.06352570140634674,6.992376162716349,0.8208757687308101,-194.20316106919816,0.0,0.9799325867015313,0,0,1,0.129988900174573,0.15299574392861304
2023-03-28 00:00:00+00:00,36615.528523911315,0.0034616744394033727,0.12600362176405125,0.12115159810918107,0.05847732733402993,6.401387353326456,0.684685216361842,132.0304841229836,0.0,0.9858087404660731,0,0,1,0.12284467006628588,0.1445870505805914
2023-03-29 00:00:00+00:00,36719.58541566968,0.0028418787315991345,0.12998171896264601,0.12713741679341783,0.061948470004741414,6.8048377188155875,-0.74043034461648,111.60215982179595,0.0,0.9868871515146382,0,0,1,0.12732808618377817,0.14986399025248687
2023-03-30 00:00:00+00:00,36678.808732142046,-0.0011104886688135807,0.13045255126677296,0.1277004406684113,0.13797028948722634,15.198757089003598,-1.2818699792413106,-24.296056459388208,0.0,0.9830540345053063,0,0,1,0.1310305377485574,0.15422174180475257
2023-03-31 00:00:00+00:00,36708.86477646582,0.000819438944794193,0.13067800670886395,0.12768614940670914,0.13497795901503504,14.853069071665557,-0.874459884788805,45.78357328023696,0.0,0.98464032543139,0,0,1,0.12962315464683638,0.15256526479516797
2023-04-01 00:00:00+00:00,36618.20085582543,-0.002469809981661908,0.12868399712290074,0.12699951066793905,0.06444704309505478,7.097292283518365,-1.1332266788649592,-82.4334016780094,0.0,0.9830018819935386,0,0,1,0.13063199495644684,0.15375266059178394
2023-04-02 00:00:00+00:00,36619.80600832088,4.383482688741225e-05,0.1274883406771684,0.12478617944386508,0.0028314660111456664,0.31105215210326786,-0.6613977878587142,2.5776024354025857,0.0,0.9845278507473517,0,0,1,0.12743185433291002,0.14998612441279746
2023-04-03 00:00:00+00:00,36512.84437807259,-0.002920868292529577,0.12509275285264718,0.12215647225081928,0.06638768381149075,7.293021198772381,-0.4930704117900146,-99.17553863772753,0.0,0.9816591292965062,0,0,1,0.12742617124464867,0.14997943547000936
2023-04-04 00:00:00+00:00,36576.6273780025,0.0017468647270937332,0.1253906950246368,0.12275532761454125,0.06656053456793458,7.29076202228763,-0.630775389090097,71.70453734129718,0.0,0.9865214227327267,0,0,1,0.12364881695628938,0.14553352409870512
2023-04-05 00:00:00+00:00,36595.35021382127,0.0005118797757179827,0.12658017984082187,0.1246065976403239,0.06520134156865577,7.154348890834734,-1.021367801532237,26.898552511132298,0.0,0.9858745048613747,0,0,1,0.125911397425225,0.14819656057011354
2023-04-06 00:00:00+00:00,36581.237692347895,-0.00038563701101146375,0.14461636236524228,0.14211398343764348,0.08383246481546688,9.203919780577428,-0.365317402361049,-4.543284290429034,0.0,0.9825151883861244,0,0,1,0.1447475891585653,0.14906597309556113
2023-04-07 00:00:00+00:00,36594.144983549035,0.00035283910592887047,0.14444906455744322,0.14227583068903424,0.001718198593407785,0.1885657249403689,0.016085401636150756,13.079771524440334,0.0,0.983599104046649,0,0,1,0.14416242664639287,0.14846335290821921
2023-04-08 00:00:00+00:00,36538.290786117315,-0.0015263151374852457,0.1433522741368313,0.14282831934698306,0.0012376508941923127,0.13586944747755184,-0.628321930839474,-55.09000605340867,0.0,0.9836516473758489,0,0,1,0.14462130345990298,0.14893591980300835
2023-04-09 00:00:00+00:00,36576.1906965348,0.001037265553535116,0.14327441783068198,0.1409793117723823,0.0012159363880921553,0.13328459892128514,0.12929055779336016,37.90390445861129,0.0,0.9842846485825215,0,0,1,0.1423854485294822,0.14663336061814636
2023-04-10 00:00:00+00:00,36691.77750466797,0.0031601652859960527,0.14663175436229975,0.1427402412143859,0.0008700247654965732,0.09546657520053191,-0.3064307937932084,115.9887055021596,0.0,0.9843618425955013,0,0,1,0.14392435735913528,0.14821818108756568
2023-04-11 00:00:00+00:00,36665.72974087053,-0.0007099073844031301,0.1482442170390051,0.14666837907221172,0.08258192526631729,9.090183181604685,-1.0115136028866842,-15.946067012936528,0.0,0.982852560975395,0,0,1,0.14860573364335602,0.15303922104609236
2023-04-12 00:00:00+00:00,36596.488183598536,-0.0018884543621889849,0.14591789654019235,0.1421229317093827,0.00128227150679564,0.14104305748213825,0.5551062270075496,-69.65562044151741,0.0,0.9795783833116759,0,0,1,0.14752328667946274,0.1519244804764216
2023-04-13 00:00:00+00:00,36765.94691298896,0.004630464227613373,0.1488882826418293,0.14355515265702415,0.07708698190230569,8.463032778175757,-0.8903937530092325,178.8121559216116,0.0,0.984105938118068,0,0,1,0.1446942256402558,0.14901101753581159
2023-04-14 00:00:00+00:00,36857.01264487133,0.002476904296736304,0.15398955919595064,0.15029610082155215,0.0864582676595255,9.536233518403193,-1.6932546250543372,102.29522002582155,0.0,0.9831638647211077,0,0,1,0.15163449034604826,0.15615833734903772
2023-04-15 00:00:00+00:00,36870.93118630691,0.00037763617929886806,0.15587408431298366,0.1532563228215985,0.07454649213813336,8.242783830826658,-1.5023311238742516,23.663656390278327,0.0,0.9820362729078459,0,0,1,0.15533597977557667,0.1599702566143123
2023-04-16 00:00:00+00:00,37008.31932482044,0.003726191178067051,0.15927247215319837,0.15423607069583106,0.07541556538581501,8.341914971235024,-2.480973944522461,148.211027429287,0.0,0.9824399302943614,0,0,1,0.15588034060809358,0.16053085784909593
2023-04-17 00:00:00+00:00,36843.48948597441,-0.004453859074207811,0.15780383058883338,0.15657514614869503,0.0035658346978463566,0.39589649939314087,-3.3204607694540527,-161.11348157718302,0.0,0.9786358575680467,0,0,1,0.1614558476601115,0.1662727039761479
2023-04-18 00:00:00+00:00,36951.78538234276,0.00293934960773945,0.15730588262765113,0.1530365557591954,0.003029423456441742,0.33484634950075637,-1.7259761726029894,110.3567188904486,0.0,0.9826588953209343,0,0,1,0.15478133819904527,0.15939906792090797
2023-04-19 00:00:00+00:00,36531.900636345854,-0.011363043535037032,0.14952661311506535,0.1448483007871878,0.0026240553490741976,0.2908930979024913,-0.5740487568896457,-419.0198041421007,0.0,0.9689960350731416,0,0,1,0.15917567334705313,0.16392450318897478
2023-04-20 00:00:00+00:00,36394.07605045115,-0.0037727187333248535,0.13926666012989816,0.1378618711919232,0.1451163178701375,15.904100173654081,-0.5116336298214654,-121.40885209122561,0.0,0.980909741608363,0,0,1,0.142125161676015,0.1463653083948132
2023-04-21 00:00:00+00:00,36243.8252358929,-0.004128441517514014,0.13313661011021535,0.13156596608432403,0.06746661992167739,7.366076904041236,-0.41839729789470614,-142.46634035630228,0.0,0.9810154310295661,0,0,1,0.13651988342521137,0.14059280287824738
2023-04-22 00:00:00+00:00,36376.07142960653,0.0036487923902319697,0.13374009962092703,0.12982787236219692,0.06592377396496059,7.167945209049723,1.0446128686276492,138.36952605404687,0.0,0.9861382520172491,0,0,1,0.13043080411631064,0.13432206263508506
2023-04-23 00:00:00+00:00,36337.29864051593,-0.001065887204604432,0.13482024908134774,0.13305153297112593,0.0024234142566556096,0.2644616156057609,2.407802081491126,-40.91612955647976,0.0,0.9835616004572062,0,0,1,0.13579824202478247,0.13984963210624135
2023-04-24 00:00:00+00:00,36317.25150780127,-0.0005516957359154029,0.13368762536709422,0.13128579175980992,0.0007553062832778047,0.0823378611838907,2.6237172364501014,-22.588512089925583,0.0,0.9835120638199647,0,0,1,0.1342409742826732,0.1382459050065551
2023-04-25 00:00:00+00:00,36421.97034026033,0.0028834459688273917,0.13581830182261323,0.1315937446653816,0.0006107770861417478,0.06654522709700712,3.4091958009139494,101.37618188525005,0.0,0.9847650210302733,0,0,1,0.13341866038003158,0.1373990582797816
2023-04-26 00:00:00+00:00,36389.589081899976,-0.0008890583913457872,0.13701721870045036,0.13146615501628495,0.06718191242306008,7.340684073753301,2.0406346547257668,-27.081208941334808,0.0,0.9796118549795866,0,0,1,0.13766565601691605,0.14177275832566816
2023-04-27 00:00:00+00:00,36476.72818035616,0.002394616170577235,0.13832485668105773,0.13559847013070533,0.0021115173657426803,0.23051291976296762,3.667491939111125,83.7021194368307,0.0,0.9855635190186114,0,0,1,0.13636117951424728,0.1404293642119493
2023-04-28 00:00:00+00:00,36457.35912453053,-0.0005309976193549337,0.13933944079418728,0.1367857312019647,0.002185392485077047,0.2391510278507535,3.878025720022518,-23.007930517793625,0.0,0.9827470168988532,0,0,1,0.1399083642838912,0.14408237530878687
2023-04-29 00:00:00+00:00,36422.984780063205,-0.0009428643569576733,0.13846118393235612,0.13743678567014464,0.0656312415289591,7.178121377547519,-0.355010589322475,-26.841212500453146,0.0,0.9841815935561857,0,0,1,0.13908179843440427,0.1432311497830453
2023-04-30 00:00:00+00:00,36353.941949287975,-0.001895584098671188,0.13627353319261423,0.1358986344364824,0.07599421205681575,8.303808087354888,-0.20502327573111312,-60.53399941214499,0.0,0.9841195865257175,0,0,1,0.13770858292511134,0.1418169659106049
2023-05-01 00:00:00+00:00,36217.325559694655,-0.0037579525704225514,0.1318812337237194,0.13014203270886662,0.13558953183499065,14.787697767427774,4.290957456347707,-126.11964928224228,0.0,0.9811731470267364,0,0,1,0.13491299194047743,0.13893797156656007
2023-05-02 00:00:00+00:00,36234.42522679253,0.0004721405248351296,0.1296514227811515,0.12766226271714592,0.0025151849879727667,0.2732804309743308,4.784909473250011,12.588038055595423,0.0,0.9852959524192819,0,0,1,0.1293679875064838,0.13322753806934318
2023-05-03 00:00:00+00:00,36268.11109676535,0.000929664808037689,0.13099092161545847,0.12805741161641945,0.0648800711721717,7.052781745299889,1.9468223902892428,38.791829327823486,0.0,0.9847121173257622,0,0,1,0.1300804499753584,0.13396125606654252
2023-05-04 00:00:00+00:00,36206.797635733,-0.0016905611893811567,0.13015772653896243,0.12961120797931394,0.06591146638710733,7.171516424814517,-0.9443615960515459,-53.19758301149345,0.0,0.9847723540963352,0,0,1,0.13143812638003408,0.1353594372423973
2023-05-05 00:00:00+00:00,36271.47945866735,0.001786455228244721,0.1306822731858007,0.12773492614131005,0.06277750135893115,6.818964005783618,-0.8515909765571668,72.3523779166922,0.0,0.9856681928672518,0,0,1,0.12894772920457628,0.13279474182665962
2023-05-06 00:00:00+00:00,36161.48471654591,-0.0030325408216885785,0.12925857201107024,0.12783467416610128,0.13379390314928835,14.558755621005622,0.478876075854462,-95.91486257630093,0.0,0.9825977860207211,0,0,1,0.13156657406999117,0.13549171702685958
2023-05-07 00:00:00+00:00,36075.61916488625,-0.002374502936832279,0.12538260225441222,0.12499624959970113,0.13283485235092424,14.410641392436482,-0.2608162943816789,-71.19409397283071,0.0,0.9847201650248649,0,0,1,0.1271118865606107,0.1309041288515912
2023-05-08 00:00:00+00:00,35973.35003188594,-0.0028348545463041663,0.12111999864866146,0.1183652736352048,0.0017705619506110633,0.19162123595551306,0.1879587874598643,-102.2654705518223,0.0,0.9822832461484436,0,0,1,0.12360692847269342,0.12729460422274086
2023-05-09 00:00:00+00:00,35967.83883103822,-0.0001532023245772729,0.1194808523485948,0.11845910489461638,0.06288365837608088,6.7864398464608815,0.6979198958647084,0.5773191028767064,0.0,0.9868311183664824,0,0,1,0.11947322677442397,0.12303757811459415
2023-05-10 00:00:00+00:00,35976.844030069224,0.00025036808781608855,0.11944749232293522,0.11650730645359372,0.0004431896569841715,0.047821938223455394,0.6991351918676875,8.353885777356636,0.0,0.9852805675360271,0,0,1,0.11924927059909417,0.1228069404549249
2023-05-11 00:00:00+00:00,35876.158232746995,-0.0027986278406765264,0.11712783579334023,0.11587591721429384,0.00046052308640252186,0.04970450691107362,0.3831531224640049,-101.01924593777598,0.0,0.9842385276878866,0,0,1,0.11960819140468698,0.12317656926505538
2023-05-12 00:00:00+00:00,35863.5576520484,-0.0003512243595550357,0.0,0.0,0.11712797672329228,12.606307491522028,0.0,0.005726792928541472,0.0,0.9996486160698301,0,0,1,0.0,0.1
2023-05-13 00:00:00+00:00,35863.5576520484,0.0,0.0,0.0,0.0,0.0,0.0,0.0,0.0,1.0,0,0,0,0.0,0.1
2023-05-14 00:00:00+00:00,35863.5576520484,0.0,0.0,0.0,0.0,0.0,0.0,0.0,0.0,1.0,0,0,0,0.0,0.1
2023-05-15 00:00:00+00:00,35863.5576520484,0.0,0.0,0.0,0.0,0.0,0.0,0.0,0.0,1.0,0,0,0,0.0,0.1
2023-05-16 00:00:00+00:00,35863.5576520484,0.0,0.0,0.0,0.0,0.0,0.0,0.0,0.0,1.0,0,0,0,0.0,0.1
2023-05-17 00:00:00+00:00,35863.5576520484,0.0,0.0,0.0,0.0,0.0,0.0,0.0,0.0,1.0,0,0,0,0.0,0.1
2023-05-18 00:00:00+00:00,35830.34411192675,-0.000926108347752086,0.09653486920638238,0.09513906167868694,0.09710303844175928,10.44738125203532,-0.19779645235873364,-22.568362417253034,0.0,0.98804835856653,0,0,1,0.09710303844175928,0.1
2023-05-19 00:00:00+00:00,35850.46950329459,0.0005616856847641127,0.09776553054960788,0.09674453836872147,0.0539192234688314,5.795837994517577,-0.37436900720780225,26.295598369562434,0.0,0.9897723589950826,0,0,1,0.0971030384417593,0.1
2023-05-20 00:00:00+00:00,35883.5325675773,0.0009222491292526502,0.09808323218090756,0.09646612668318602,0.051680473977767975,5.558286441224536,-0.1775109743847474,38.7988616983236,0.0,0.9895018379053914,0,0,1,0.09710303844175928,0.1
2023-05-21 00:00:00+00:00,35871.390287554386,-0.00033838028627886096,0.09693149627457268,0.0956535383420198,0.054002333862184164,5.813397811733828,0.35946352209344473,-6.688345733273671,0.0,0.9886869624663057,0,0,1,0.09710303844175927,0.1
2023-05-22 00:00:00+00:00,35910.350448742625,0.0010861068075678215,0.09821177998404343,0.09581922139396173,0.05061747213810436,5.447132911045476,0.4248995750079688,43.98239452428328,0.0,0.9888616314263599,0,0,1,0.09710303844175927,0.1
2023-05-23 00:00:00+00:00,35954.23920144124,0.0012221755608110563,0.11802736037296535,0.11642903271108808,0.01870075435516599,2.014660021324582,0.45669711127131535,45.446715608675206,0.0,0.9877567837745285,0,0,1,0.11691615717417664,0.1204042211761488
2023-05-24 00:00:00+00:00,35941.61587768145,-0.00035109416970457996,0.0,0.0,0.11803000355071794,12.731075095500026,0.0,0.10775133570619692,0.0,0.9996459099893479,0,0,1,0.0,0.12223644551288937
2023-05-25 00:00:00+00:00,35941.61587768145,0.0,0.0,0.0,0.0,0.0,0.0,0.0,0.0,1.0,0,0,0,0.0,0.12170451859389553
2023-05-26 00:00:00+00:00,35941.61587768145,0.0,0.0,0.0,0.0,0.0,0.0,0.0,0.0,1.0,0,0,0,0.0,0.12170451859389553
2023-05-27 00:00:00+00:00,35941.61587768145,0.0,0.0,0.0,0.0,0.0,0.0,0.0,0.0,1.0,0,0,0,0.0,0.12170451859389553
2023-05-28 00:00:00+00:00,35941.61587768145,0.0,0.0,0.0,0.0,0.0,0.0,0.0,0.0,1.0,0,0,0,0.0,0.12170451859389553
2023-05-29 00:00:00+00:00,35941.61587768145,0.0,0.0,0.0,0.0,0.0,0.0,0.0,0.0,1.0,0,0,0,0.0,0.12170451859389553
2023-05-30 00:00:00+00:00,35941.61587768145,0.0,0.0,0.0,0.0,0.0,0.0,0.0,0.0,1.0,0,0,0,0.0,0.12170451859389553
2023-05-31 00:00:00+00:00,35941.61587768145,0.0,0.0,0.0,0.0,0.0,0.0,0.0,0.0,1.0,0,0,0,0.0,0.12170451859389553
2023-06-01 00:00:00+00:00,35941.61587768145,0.0,0.0,0.0,0.0,0.0,0.0,0.0,0.0,1.0,0,0,0,0.0,0.12170451859389553
2023-06-02 00:00:00+00:00,35941.61587768145,0.0,0.0,0.0,0.0,0.0,0.0,0.0,0.0,1.0,0,0,0,0.0,0.12170451859389553
2023-06-03 00:00:00+00:00,35941.61587768145,0.0,0.0,0.0,0.0,0.0,0.0,0.0,0.0,1.0,0,0,0,0.0,0.12170451859389553
2023-06-04 00:00:00+00:00,35941.61587768145,0.0,0.0,0.0,0.0,0.0,0.0,0.0,0.0,1.0,0,0,0,0.0,0.12170451859389553
2023-06-05 00:00:00+00:00,35941.61587768145,0.0,0.0,0.0,0.0,0.0,0.0,0.0,0.0,1.0,0,0,0,0.0,0.12170451859389553
2023-06-06 00:00:00+00:00,35941.61587768145,0.0,0.0,0.0,0.0,0.0,0.0,0.0,0.0,1.0,0,0,0,0.0,0.12170451859389553
2023-06-07 00:00:00+00:00,35941.61587768145,0.0,0.0,0.0,0.0,0.0,0.0,0.0,0.0,1.0,0,0,0,0.0,0.12170451859389553
2023-06-08 00:00:00+00:00,35941.61587768145,0.0,0.0,0.0,0.0,0.0,0.0,0.0,0.0,1.0,0,0,0,0.0,0.12170451859389553
2023-06-09 00:00:00+00:00,35941.61587768145,0.0,0.0,0.0,0.0,0.0,0.0,0.0,0.0,1.0,0,0,0,0.0,0.12170451859389553
2023-06-10 00:00:00+00:00,35941.61587768145,0.0,0.0,0.0,0.0,0.0,0.0,0.0,0.0,1.0,0,0,0,0.0,0.12170451859389553
2023-06-11 00:00:00+00:00,35941.61587768145,0.0,0.0,0.0,0.0,0.0,0.0,0.0,0.0,1.0,0,0,0,0.0,0.12170451859389553
2023-06-12 00:00:00+00:00,35941.61587768145,0.0,0.0,0.0,0.0,0.0,0.0,0.0,0.0,1.0,0,0,0,0.0,0.12170451859389553
2023-06-13 00:00:00+00:00,35941.61587768145,0.0,0.0,0.0,0.0,0.0,0.0,0.0,0.0,1.0,0,0,0,0.0,0.12170451859389553
2023-06-14 00:00:00+00:00,35941.61587768145,0.0,0.0,0.0,0.0,0.0,0.0,0.0,0.0,1.0,0,0,0,0.0,0.12170451859389553
2023-06-15 00:00:00+00:00,35941.61587768145,0.0,0.0,0.0,0.0,0.0,0.0,0.0,0.0,1.0,0,0,0,0.0,0.12170451859389553
2023-06-16 00:00:00+00:00,35941.61587768145,0.0,0.0,0.0,0.0,0.0,0.0,0.0,0.0,1.0,0,0,0,0.0,0.12170451859389553
2023-06-17 00:00:00+00:00,35941.61587768145,0.0,0.0,0.0,0.0,0.0,0.0,0.0,0.0,1.0,0,0,0,0.0,0.12170451859389553
2023-06-18 00:00:00+00:00,35941.61587768145,0.0,0.0,0.0,0.0,0.0,0.0,0.0,0.0,1.0,0,0,0,0.0,0.12170451859389553
2023-06-19 00:00:00+00:00,35941.61587768145,0.0,0.0,0.0,0.0,0.0,0.0,0.0,0.0,1.0,0,0,0,0.0,0.12170451859389553
2023-06-20 00:00:00+00:00,35941.61587768145,0.0,0.0,0.0,0.0,0.0,0.0,0.0,0.0,1.0,0,0,0,0.0,0.12170451859389553
2023-06-21 00:00:00+00:00,35941.61587768145,0.0,0.0,0.0,0.0,0.0,0.0,0.0,0.0,1.0,0,0,0,0.0,0.12170451859389553
2023-06-22 00:00:00+00:00,35941.61587768145,0.0,0.0,0.0,0.0,0.0,0.0,0.0,0.0,1.0,0,0,0,0.0,0.12170451859389553
2023-06-23 00:00:00+00:00,35941.61587768145,0.0,0.0,0.0,0.0,0.0,0.0,0.0,0.0,1.0,0,0,0,0.0,0.12170451859389553
2023-06-24 00:00:00+00:00,35941.61587768145,0.0,0.0,0.0,0.0,0.0,0.0,0.0,0.0,1.0,0,0,0,0.0,0.12170451859389553
2023-06-25 00:00:00+00:00,35941.61587768145,0.0,0.0,0.0,0.0,0.0,0.0,0.0,0.0,1.0,0,0,0,0.0,0.12170451859389553
2023-06-26 00:00:00+00:00,35941.61587768145,0.0,0.0,0.0,0.0,0.0,0.0,0.0,0.0,1.0,0,0,0,0.0,0.12170451859389553
2023-06-27 00:00:00+00:00,35941.61587768145,0.0,0.0,0.0,0.0,0.0,0.0,0.0,0.0,1.0,0,0,0,0.0,0.12170451859389553
2023-06-28 00:00:00+00:00,35941.61587768145,0.0,0.0,0.0,0.0,0.0,0.0,0.0,0.0,1.0,0,0,0,0.0,0.12170451859389553
2023-06-29 00:00:00+00:00,36077.85886037996,0.003790674942445005,0.1217756402675805,0.11768717650256912,0.11817878547558842,12.742609537363556,1.6118363653076209,147.373755870569,0.0,0.9873304887984254,0,0,1,0.11817878547558844,0.12170451859389553
2023-06-30 00:00:00+00:00,36273.502181482756,0.005422808539163437,0.12838063377513836,0.12093488137766406,0.005143742933661286,0.5567262140506272,2.3959959341148163,193.80405138274503,0.0,0.9847751626034437,0,0,1,0.12370771579000187,0.12739839841798528
2023-07-01 00:00:00+00:00,36240.53687275156,-0.0009087986201681275,0.13099966913134284,0.12822814066714278,0.07017480509472723,7.636486033350835,1.4324591602908046,-26.761281858145168,0.0,0.9830961207446053,0,0,1,0.13164930247980594,0.1355769135471151
2023-07-02 00:00:00+00:00,36302.98263595846,0.0017230915597681307,0.13180293967281365,0.12675876158132252,0.002468070001267927,0.2683325456564469,0.21394643201649863,62.50014932053673,0.0,0.9833057070419072,0,0,1,0.13030642076370955,0.13419396844298037
2023-07-03 00:00:00+00:00,36276.27226179856,-0.0007357625247421673,0.13220594610677322,0.12937943761656648,0.0034691924833119172,0.3778261034474104,0.16407933880267894,-26.496627395264582,0.0,0.9831285055425653,0,0,1,0.1328399311358533,0.13680306328985614
2023-07-04 00:00:00+00:00,36175.81446171908,-0.002769242643083536,0.12952278489238334,0.12912192223105776,0.06904178418663412,7.513676910210332,-0.07173122838187113,-92.87239194088578,0.0,0.9839111639359311,0,0,1,0.13174474249476686,0.1356752009091714
2023-07-05 00:00:00+00:00,36124.70473906195,-0.0014128147055600948,0.12664983934341337,0.12368719202825373,0.071007826864069,7.706260719415959,-0.7316836024293389,-42.67177833528012,0.0,0.9829292028901566,0,0,1,0.1276734605527101,0.1314824567815006
2023-07-06 00:00:00+00:00,36055.14519998236,-0.001925539311173119,0.12388079404290656,0.12321096411307896,0.0012103483104891762,0.1311707986294972,1.5898613961236756,-71.01822967707842,0.0,0.984971622559119,0,0,1,0.12561111510208958,0.12935858353951402
2023-07-07 00:00:00+00:00,36123.4357996172,0.00189405975918433,0.1245779895562971,0.12184372635627087,0.06857817954711981,7.417702786794926,1.3929411910181035,74.31536123060977,0.0,0.9865730442693429,0,0,1,0.12276789091716687,0.12643053491142908
2023-07-08 00:00:00+00:00,36127.903736129396,0.00012368525898209803,0.12563549217891687,0.12373608308410174,0.0009820148385394007,0.10642206769632173,1.2730585752964356,3.301300004610016,0.0,0.9855601868022748,0,0,1,0.1255667313547718,0.12931287565227378
2023-07-09 00:00:00+00:00,36056.14411837572,-0.001986265748430749,0.12397124149747447,0.12341378958692853,0.0013062216027695166,0.1415734442327929,1.0892053758508535,-72.70724968529919,0.0,0.9850339784108219,0,0,1,0.12573983811868295,0.12949114686467766
2023-07-10 00:00:00+00:00,36119.4223503786,0.0017549916539918442,0.1243360993661223,0.1211031066314868,0.0016746094846305944,0.18114111795764803,1.2416834211724541,62.21768969966627,0.0,0.9859376996592696,0,0,1,0.12283532868416853,0.12649998460948575
2023-07-11 00:00:00+00:00,36099.343078271915,-0.0005559134338279925,0.12508116873006855,0.12401701338119277,0.07038518186648551,7.626844698385421,0.43218509121705406,-12.88461249950891,0.0,0.9858330428856841,0,0,1,0.12539808835320565,0.12913920137361845
2023-07-12 00:00:00+00:00,36117.80119208499,0.0005113143963049183,0.12501370931911138,0.12344044893980344,0.000501781618638988,0.05434208872962892,0.5193794540807094,17.99307644773005,0.0,0.9863688535532931,0,0,1,0.12458145316669139,0.12829820278117576
2023-07-13 00:00:00+00:00,37053.69273961183,0.025912196109322938,0.14755640851969662,0.12399265507654914,0.07023337807973073,7.609968645992096,1.4093119473663678,942.0922042254698,0.0,0.9859011424224035,0,0,1,0.1253159066405079,0.12905456786058267
2023-07-14 00:00:00+00:00,36754.92370221362,-0.008063137984593238,0.1568912438449688,0.1526217560073957,0.1358188171935926,15.097752339783085,-1.918090775099445,-281.7531942833309,0.0,0.9719372297076794,0,0,1,0.1632958947415236,0.16816764682339536
2023-07-15 00:00:00+00:00,36715.906072013786,-0.001061561996862137,0.1504881095148712,0.14917261319656677,0.08823612255734549,9.72935995423468,0.4470596654972458,-29.735329911099896,0.0,0.9824990395864642,0,0,1,0.1511794941802403,0.15568976687677505
2023-07-16 00:00:00+00:00,36661.065685004214,-0.001493641118429978,0.14852817871739443,0.14656077413635696,0.08164728417931214,8.993263276799889,0.044698078316922796,-45.89182181108728,0.0,0.9816025457787134,0,0,1,0.1495930050741601,0.1540559466261021
2023-07-17 00:00:00+00:00,36596.766908868005,-0.001753870896407439,0.14588186985968346,0.14270910016229038,0.0011582979217576324,0.12739371496287685,-0.25819987035496283,-63.91318255088441,0.0,0.9803635075511948,0,0,1,0.14737259698970961,0.1517692951267443
2023-07-18 00:00:00+00:00,36533.580646961986,-0.0017265531150160163,0.14332244164939062,0.14042071779803983,0.001976225864108133,0.2169716287313679,-1.2382660210369598,-61.73102425625538,0.0,0.9809664186231328,0,0,1,0.14476735259264262,0.14908632614979556
2023-07-19 00:00:00+00:00,36581.1642824829,0.0013024629581408487,0.14348811544955622,0.14112624205987928,0.05933773647272746,6.503481316511608,-0.810277636119836,54.89739447354697,0.0,0.9844789932649006,0,0,1,0.14220048052627277,0.14644287429951242
2023-07-20 00:00:00+00:00,36562.565005430566,-0.0005084386300203692,0.14371513455801094,0.14197578778449282,0.0026352036268202433,0.28919645037151825,-0.6436121058563598,-17.666468496102603,0.0,0.9833240586449178,0,0,1,0.14412614257144044,0.14842598633809467
2023-07-21 00:00:00+00:00,36538.64025937237,-0.0006543508655545427,0.11308507594142907,0.11230149376245879,0.030146722545871217,3.3067536705906,-0.6257426384821018,-19.992249749126195,0.0,0.9872609764279536,0,0,1,0.1135759635825912,0.14766234796745403
2023-07-22 00:00:00+00:00,36518.043705897704,-0.0005636923905338875,0.11228565949434656,0.10982606331347321,0.0011917495923711716,0.1306354239462845,0.5618387030285086,-21.027756753736668,0.0,0.9857063983815116,0,0,1,0.112802982237426,0.1466573796910534
2023-07-23 00:00:00+00:00,36559.265560756896,0.00112880786252334,0.1133109165293354,0.11147705314848268,0.060699336843246084,6.649857066300596,-0.502851619495286,48.37456354499277,0.0,0.9879414996603904,0,0,1,0.11213375987117542,0.14578731050743576
2023-07-24 00:00:00+00:00,36426.06751066318,-0.0036433458946912856,0.11038392352568963,0.10885858499217645,0.06120104602691601,6.712395499586162,-0.10164072180392394,-126.38401387232679,0.0,0.983826731516593,0,0,1,0.11345950021024616,0.14751093164246576
2023-07-25 00:00:00+00:00,36435.0953705677,0.00024784064054883537,0.10953235876651092,0.10737365801840164,0.043938676098391034,4.801555701752658,-0.5208825485955427,14.350298154857011,0.0,0.9871273440501532,0,0,1,0.10918293801043777,0.14195088886815677
2023-07-26 00:00:00+00:00,36416.125725379025,-0.0005206421170507181,0.10915627744435918,0.10702192690124021,0.05149706840405435,5.628877565741442,-0.5315676430897736,-12.809199979852451,0.0,0.9864398085717782,0,0,1,0.10946408600529242,0.14231641491554436
2023-07-27 00:00:00+00:00,36414.241282773495,-5.1747476371821755e-05,0.1089466529284859,0.10794370255651133,0.04952283273322657,5.410254420444536,-0.09670455673315745,3.622516371650236,0.0,0.9880516015604773,0,0,1,0.10885199775674843,0.14152062692403355
2023-07-28 00:00:00+00:00,36423.18566764565,0.00024562875833944453,0.10920877088059104,0.10792315317370636,0.06497492889629862,7.098010140185594,-0.6704578850134771,16.7128528973559,0.0,0.9880490390760381,0,0,1,0.10879431266269968,0.14144562939672867
2023-07-29 00:00:00+00:00,36412.32830012838,-0.0002980894536888101,0.10884844647812637,0.1080482243998666,0.0015878089880267576,0.17349867504148153,-0.8843995362463664,-9.799469305992943,0.0,0.9880429396314165,0,0,1,0.10908294709659594,0.14182088871101473
2023-07-30 00:00:00+00:00,36367.03519713969,-0.0012438947220118068,0.10765634118963141,0.10545631984403611,0.0012866851752182502,0.14055348571155094,-0.9344588090015375,-44.2180906939744,0.0,0.9858224265002441,0,0,1,0.10873643703563857,0.1413703841537005
2023-07-31 00:00:00+00:00,36301.27128264953,-0.001808338626826722,0.10568174302850931,0.10509735160447979,0.0029740983284558546,0.3244790096947198,-0.28245853849661273,-65.15697694196157,0.0,0.9870596796993846,0,0,1,0.10728762656064536,0.13948675711018643
2023-08-01 00:00:00+00:00,36332.648936067315,0.0008643678942665822,0.10595916803491237,0.10214286729611463,0.0008056557203531281,0.08773941586201453,-0.5241009824942603,31.989493816140822,0.0,0.9864415989405418,0,0,1,0.10517422670046934,0.1367390843130215
2023-08-02 00:00:00+00:00,36198.42507739422,-0.003694304230591139,0.10287569797181602,0.10155821029591416,0.0007450897957016921,0.08121325791922711,-0.40443332470814236,-133.7382120904717,0.0,0.9847534982172,0,0,1,0.10617681873846921,0.13804257397504738
2023-08-03 00:00:00+00:00,36182.33164435584,-0.000444589315804933,0.1014695841939168,0.1004642423052686,0.0018658799618710474,0.2026255985962813,-0.03420730431586254,-15.85660013545693,0.0,0.9884093187727487,0,0,1,0.10186242650168044,0.13243334762431946
2023-08-04 00:00:00+00:00,36186.56430891206,0.00011698153114658716,0.10144337519217021,0.10001646991073314,0.0011972685326861804,0.12996029684434485,0.42922069664540097,3.933404156419943,0.0,0.9885283015046944,0,0,1,0.10134963035877097,0.13176665125563225
2023-08-05 00:00:00+00:00,36161.49647582166,-0.0006927386882159547,0.10104447001408483,0.09969212964953823,0.060614561729221715,6.580292062755379,-0.7943681190149209,-17.693172908627478,0.0,0.9878839349489388,0,0,1,0.10148103027954065,0.13193748688151252
2023-08-06 00:00:00+00:00,36164.298796248804,7.74945923218695e-05,0.10077194468534285,0.09986203319684488,0.00044673709784372434,0.04846423745833977,-0.8498319286425813,3.7006165932454236,0.0,0.9891116160219138,0,0,1,0.10068110645124698,0.13089749015196628
2023-08-07 00:00:00+00:00,36217.61341052123,0.0014742333197943491,0.10207914593737928,0.09818443199054129,0.001079341581534731,0.11710090591600669,0.5102448756487362,52.92147030269463,0.0,0.9873430778530187,0,0,1,0.10076668706909604,0.13100875519937139
2023-08-08 00:00:00+00:00,36289.14103555248,0.001974940320348839,0.10438254122838396,0.10205496339225244,0.05657806640847834,6.147355453545416,0.6519231206128369,77.02305736417986,0.0,0.9891606740886049,0,0,1,0.1024776355578201,0.1332331930392726
2023-08-09 00:00:00+00:00,36283.0507699995,-0.00016782611489785104,0.10477321371066871,0.10349361100933276,0.058097425554326114,6.32491105596489,0.39664330181814805,-0.16199779882935217,0.0,0.9880611015813597,0,0,1,0.10477751338882191,0.136223309520363
2023-08-10 00:00:00+00:00,36258.76829841549,-0.0006692510984794842,0.0873472296450561,0.08669808392534924,0.06611619611320659,7.196692136194098,-0.6312538758273296,-16.4545255719869,0.0,0.9899814607053128,0,0,1,0.08775971372526215,0.13597032411262677
2023-08-11 00:00:00+00:00,36241.98595466837,-0.00046284925094519647,0.08683254588668134,0.08615034504847101,0.04879710237845537,5.307977031256237,-0.6023330648371159,-10.872033651019935,0.0,0.9902027917342583,0,0,1,0.0871064223976992,0.13495814859634392
2023-08-12 00:00:00+00:00,36246.02956945919,0.00011157266039107938,0.08691305737510538,0.08633067989739283,0.05311971121891017,5.7754914837353475,-0.4841291018493404,10.303235376398591,0.0,0.9908600628333302,0,0,1,0.08665227329452424,0.13425451365802277
2023-08-13 00:00:00+00:00,36217.46716597866,-0.0007880146824300605,0.08605509781127509,0.08573767114432089,0.00032380786796338797,0.03521015683889152,-0.4806719106035391,-28.04652141308962,0.0,0.9903179916583303,0,0,1,0.08675876947100222,0.13441951328048962
2023-08-14 00:00:00+00:00,36255.38672730968,0.0010469964991541847,0.08696747917919981,0.08547749070075505,0.0007100517978280051,0.07714883430568636,-0.6708300871430085,38.66754025247441,0.0,0.9908933441277257,0,0,1,0.08599108327368554,0.1332301003182651
2023-08-15 00:00:00+00:00,36196.89636760423,-0.0016132874307857037,0.08554279087209503,0.08469831102874374,0.000996243459661529,0.10835765550230417,-0.059477218074265675,-58.322524831860974,0.0,0.9890182603505522,0,0,1,0.08701437628902835,0.13481553715542172
2023-08-16 00:00:00+00:00,36079.90248200832,-0.0032321524035585636,0.0824829699992132,0.08113652777899967,0.0012426640134549562,0.13494119267912016,-0.327158168577516,-116.53178623465051,0.0,0.987245444108661,0,0,1,0.0854323571586486,0.132364439211056
2023-08-17 00:00:00+00:00,35893.615931819586,-0.005163166676562692,0.07752672036768472,0.07201693089694677,0.001981941224499589,0.214525047717349,-0.09931415156393107,-185.97271098946152,0.0,0.9818096652716599,0,0,1,0.08228271804996166,0.1274845526176852
2023-08-18 00:00:00+00:00,35885.20098705724,-0.00023444126605509652,0.0,0.0,0.07752499837892478,8.347941967609525,0.0,-0.06700279474156655,0.0,0.9997674250048633,0,0,1,0.0,0.1
2023-08-19 00:00:00+00:00,35885.20098705724,0.0,0.0,0.0,0.0,0.0,0.0,0.0,0.0,1.0,0,0,0,0.0,0.1
2023-08-20 00:00:00+00:00,35885.20098705724,0.0,0.0,0.0,0.0,0.0,0.0,0.0,0.0,1.0,0,0,0,0.0,0.1
2023-08-21 00:00:00+00:00,35885.20098705724,0.0,0.0,0.0,0.0,0.0,0.0,0.0,0.0,1.0,0,0,0,0.0,0.1
2023-08-22 00:00:00+00:00,35885.20098705724,0.0,0.0,0.0,0.0,0.0,0.0,0.0,0.0,1.0,0,0,0,0.0,0.1
2023-08-23 00:00:00+00:00,35885.20098705724,0.0,0.0,0.0,0.0,0.0,0.0,0.0,0.0,1.0,0,0,0,0.0,0.1
2023-08-24 00:00:00+00:00,35885.20098705724,0.0,0.0,0.0,0.0,0.0,0.0,0.0,0.0,1.0,0,0,0,0.0,0.1
2023-08-25 00:00:00+00:00,35885.20098705724,0.0,0.0,0.0,0.0,0.0,0.0,0.0,0.0,1.0,0,0,0,0.0,0.1
2023-08-26 00:00:00+00:00,35885.20098705724,0.0,0.0,0.0,0.0,0.0,0.0,0.0,0.0,1.0,0,0,0,0.0,0.1
2023-08-27 00:00:00+00:00,35885.20098705724,0.0,0.0,0.0,0.0,0.0,0.0,0.0,0.0,1.0,0,0,0,0.0,0.1
2023-08-28 00:00:00+00:00,35885.20098705724,0.0,0.0,0.0,0.0,0.0,0.0,0.0,0.0,1.0,0,0,0,0.0,0.1
2023-08-29 00:00:00+00:00,35885.20098705724,0.0,0.0,0.0,0.0,0.0,0.0,0.0,0.0,1.0,0,0,0,0.0,0.1
2023-08-30 00:00:00+00:00,35885.20098705724,0.0,0.0,0.0,0.0,0.0,0.0,0.0,0.0,1.0,0,0,0,0.0,0.1
2023-08-31 00:00:00+00:00,35885.20098705724,0.0,0.0,0.0,0.0,0.0,0.0,0.0,0.0,1.0,0,0,0,0.0,0.1
2023-09-01 00:00:00+00:00,35885.20098705724,0.0,0.0,0.0,0.0,0.0,0.0,0.0,0.0,1.0,0,0,0,0.0,0.1
2023-09-02 00:00:00+00:00,35885.20098705724,0.0,0.0,0.0,0.0,0.0,0.0,0.0,0.0,1.0,0,0,0,0.0,0.1
2023-09-03 00:00:00+00:00,35885.20098705724,0.0,0.0,0.0,0.0,0.0,0.0,0.0,0.0,1.0,0,0,0,0.0,0.1
2023-09-04 00:00:00+00:00,35885.20098705724,0.0,0.0,0.0,0.0,0.0,0.0,0.0,0.0,1.0,0,0,0,0.0,0.1
2023-09-05 00:00:00+00:00,35885.20098705724,0.0,0.0,0.0,0.0,0.0,0.0,0.0,0.0,1.0,0,0,0,0.0,0.1
2023-09-06 00:00:00+00:00,35885.20098705724,0.0,0.0,0.0,0.0,0.0,0.0,0.0,0.0,1.0,0,0,0,0.0,0.1
2023-09-07 00:00:00+00:00,35885.20098705724,0.0,0.0,0.0,0.0,0.0,0.0,0.0,0.0,1.0,0,0,0,0.0,0.1
2023-09-08 00:00:00+00:00,35885.20098705724,0.0,0.0,0.0,0.0,0.0,0.0,0.0,0.0,1.0,0,0,0,0.0,0.1
2023-09-09 00:00:00+00:00,35885.20098705724,0.0,0.0,0.0,0.0,0.0,0.0,0.0,0.0,1.0,0,0,0,0.0,0.1
2023-09-10 00:00:00+00:00,35885.20098705724,0.0,0.0,0.0,0.0,0.0,0.0,0.0,0.0,1.0,0,0,0,0.0,0.1
2023-09-11 00:00:00+00:00,35885.20098705724,0.0,0.0,0.0,0.0,0.0,0.0,0.0,0.0,1.0,0,0,0,0.0,0.1
2023-09-12 00:00:00+00:00,35885.20098705724,0.0,0.0,0.0,0.0,0.0,0.0,0.0,0.0,1.0,0,0,0,0.0,0.1
2023-09-13 00:00:00+00:00,35885.20098705724,0.0,0.0,0.0,0.0,0.0,0.0,0.0,0.0,1.0,0,0,0,0.0,0.1
2023-09-14 00:00:00+00:00,35885.20098705724,0.0,0.0,0.0,0.0,0.0,0.0,0.0,0.0,1.0,0,0,0,0.0,0.1
2023-09-15 00:00:00+00:00,35885.20098705724,0.0,0.0,0.0,0.0,0.0,0.0,0.0,0.0,1.0,0,0,0,0.0,0.1
2023-09-16 00:00:00+00:00,35885.20098705724,0.0,0.0,0.0,0.0,0.0,0.0,0.0,0.0,1.0,0,0,0,0.0,0.1
2023-09-17 00:00:00+00:00,35885.20098705724,0.0,0.0,0.0,0.0,0.0,0.0,0.0,0.0,1.0,0,0,0,0.0,0.1
2023-09-18 00:00:00+00:00,35885.20098705724,0.0,0.0,0.0,0.0,0.0,0.0,0.0,0.0,1.0,0,0,0,0.0,0.1
2023-09-19 00:00:00+00:00,35885.20098705724,0.0,0.0,0.0,0.0,0.0,0.0,0.0,0.0,1.0,0,0,0,0.0,0.1
2023-09-20 00:00:00+00:00,35885.20098705724,0.0,0.0,0.0,0.0,0.0,0.0,0.0,0.0,1.0,0,0,0,0.0,0.1
2023-09-21 00:00:00+00:00,35885.20098705724,0.0,0.0,0.0,0.0,0.0,0.0,0.0,0.0,1.0,0,0,0,0.0,0.1
2023-09-22 00:00:00+00:00,35885.20098705724,0.0,0.0,0.0,0.0,0.0,0.0,0.0,0.0,1.0,0,0,0,0.0,0.1
2023-09-23 00:00:00+00:00,35885.20098705724,0.0,0.0,0.0,0.0,0.0,0.0,0.0,0.0,1.0,0,0,0,0.0,0.1
2023-09-24 00:00:00+00:00,35885.20098705724,0.0,0.0,0.0,0.0,0.0,0.0,0.0,0.0,1.0,0,0,0,0.0,0.1
2023-09-25 00:00:00+00:00,35885.20098705724,0.0,0.0,0.0,0.0,0.0,0.0,0.0,0.0,1.0,0,0,0,0.0,0.1
2023-09-26 00:00:00+00:00,35885.20098705724,0.0,0.0,0.0,0.0,0.0,0.0,0.0,0.0,1.0,0,0,0,0.0,0.1
2023-09-27 00:00:00+00:00,35885.20098705724,0.0,0.0,0.0,0.0,0.0,0.0,0.0,0.0,1.0,0,0,0,0.0,0.1
2023-09-28 00:00:00+00:00,35885.20098705724,0.0,0.0,0.0,0.0,0.0,0.0,0.0,0.0,1.0,0,0,0,0.0,0.1
2023-09-29 00:00:00+00:00,35885.20098705724,0.0,0.0,0.0,0.0,0.0,0.0,0.0,0.0,1.0,0,0,0,0.0,0.1
2023-09-30 00:00:00+00:00,35885.20098705724,0.0,0.0,0.0,0.0,0.0,0.0,0.0,0.0,1.0,0,0,0,0.0,0.1
2023-10-01 00:00:00+00:00,35885.20098705724,0.0,0.0,0.0,0.0,0.0,0.0,0.0,0.0,1.0,0,0,0,0.0,0.1
2023-10-02 00:00:00+00:00,35885.20098705724,0.0,0.0,0.0,0.0,0.0,0.0,0.0,0.0,1.0,0,0,0,0.0,0.1
2023-10-03 00:00:00+00:00,35885.20098705724,0.0,0.0,0.0,0.0,0.0,0.0,0.0,0.0,1.0,0,0,0,0.0,0.1
2023-10-04 00:00:00+00:00,35885.20098705724,0.0,0.0,0.0,0.0,0.0,0.0,0.0,0.0,1.0,0,0,0,0.0,0.1
2023-10-05 00:00:00+00:00,35885.20098705724,0.0,0.0,0.0,0.0,0.0,0.0,0.0,0.0,1.0,0,0,0,0.0,0.1
2023-10-06 00:00:00+00:00,35885.20098705724,0.0,0.0,0.0,0.0,0.0,0.0,0.0,0.0,1.0,0,0,0,0.0,0.1
2023-10-07 00:00:00+00:00,35885.20098705724,0.0,0.0,0.0,0.0,0.0,0.0,0.0,0.0,1.0,0,0,0,0.0,0.1
2023-10-08 00:00:00+00:00,35885.20098705724,0.0,0.0,0.0,0.0,0.0,0.0,0.0,0.0,1.0,0,0,0,0.0,0.1
2023-10-09 00:00:00+00:00,35885.20098705724,0.0,0.0,0.0,0.0,0.0,0.0,0.0,0.0,1.0,0,0,0,0.0,0.1
2023-10-10 00:00:00+00:00,35885.20098705724,0.0,0.0,0.0,0.0,0.0,0.0,0.0,0.0,1.0,0,0,0,0.0,0.1
2023-10-11 00:00:00+00:00,35885.20098705724,0.0,0.0,0.0,0.0,0.0,0.0,0.0,0.0,1.0,0,0,0,0.0,0.1
2023-10-12 00:00:00+00:00,35885.20098705724,0.0,0.0,0.0,0.0,0.0,0.0,0.0,0.0,1.0,0,0,0,0.0,0.1
2023-10-13 00:00:00+00:00,35885.20098705724,0.0,0.0,0.0,0.0,0.0,0.0,0.0,0.0,1.0,0,0,0,0.0,0.1
2023-10-14 00:00:00+00:00,35885.20098705724,0.0,0.0,0.0,0.0,0.0,0.0,0.0,0.0,1.0,0,0,0,0.0,0.1
2023-10-15 00:00:00+00:00,35885.20098705724,0.0,0.0,0.0,0.0,0.0,0.0,0.0,0.0,1.0,0,0,0,0.0,0.1
2023-10-16 00:00:00+00:00,35885.20098705724,0.0,0.0,0.0,0.0,0.0,0.0,0.0,0.0,1.0,0,0,0,0.0,0.1
2023-10-17 00:00:00+00:00,35885.20098705724,0.0,0.0,0.0,0.0,0.0,0.0,0.0,0.0,1.0,0,0,0,0.0,0.1
2023-10-18 00:00:00+00:00,35885.20098705724,0.0,0.0,0.0,0.0,0.0,0.0,0.0,0.0,1.0,0,0,0,0.0,0.1
2023-10-19 00:00:00+00:00,35913.808306597086,0.000797189893130712,0.06104281217625158,0.059404657783328575,0.06012938951047181,6.473265683436996,0.16672452842788965,34.91386069486131,0.0,0.9931144297483637,0,0,1,0.06012938951047182,0.1
2023-10-20 00:00:00+00:00,36023.72078837417,0.0030604518696195626,0.07533533736384436,0.07214238596312895,0.011438779731908164,1.2324297224523066,0.2861874780164415,110.85872402152879,0.0,0.9923893375820717,0,0,1,0.07248105462861378,0.12054181028395583
2023-10-21 00:00:00+00:00,36202.74993049379,0.004969757098977734,0.07981940113821998,0.07467834867876368,0.0018264951365286903,0.19739173374002997,0.05865004098984353,179.1678838123677,0.0,0.9919197719345997,0,0,1,0.0752442057457146,0.1251371523281647
2023-10-22 00:00:00+00:00,36276.59421352622,0.00203974237244986,0.08160995631069438,0.07785241406201318,0.004452532304807882,0.48358317368107806,0.5890654870700794,73.73880071904625,0.0,0.990166882594407,0,0,1,0.07974338290255215,0.13261964498852008
2023-10-23 00:00:00+00:00,36444.36962994985,0.004624894372279975,0.0859532844546872,0.08060521185120927,0.04390999086716185,4.778721639128011,-0.32854201005738093,172.88268007280902,0.0,0.9907386922002545,0,0,1,0.08159719873313385,0.1357026894791994
2023-10-24 00:00:00+00:00,36392.05247236634,-0.0014355347098804483,0.08465639591891003,0.08196393090834873,0.049607047640473446,5.423712945668488,-0.8534325823651385,-46.0400120554886,0.0,0.9874968202066111,0,0,1,0.08581434088280443,0.14271613528998073
2023-10-25 00:00:00+00:00,36472.521661113205,0.0022111747835042994,0.08653513909797746,0.08349455294936003,0.0010447766499721571,0.11406451250874375,-0.5778178835138026,81.16107114287999,0.0,0.9905649040020391,0,0,1,0.08449505669265289,0.1405220598122615
2023-10-26 00:00:00+00:00,36491.43881717913,0.0005186687183762473,0.08713391846060277,0.08447322525400947,0.04243692924035878,4.643342470590479,-0.9465334556488372,24.507031992158655,0.0,0.9892125759139876,0,0,1,0.08651760666565639,0.14388572272231193
2023-10-27 00:00:00+00:00,36452.0726320645,-0.00107877865029804,0.08603865119494401,0.08404830497213739,0.0018464653080483599,0.20214065327611888,-0.9523564695823312,-38.21168799177846,0.0,0.9884007022935849,0,0,1,0.08699402591823241,0.1446780461708862
2023-10-28 00:00:00+00:00,36457.06987117663,0.0001370906714297515,0.0862593692511242,0.08525234522392103,0.04145232655655562,4.533067571161368,-0.5828477310022051,10.11315441429292,0.0,0.9905368326809563,0,0,1,0.08600403257633668,0.14303160779864343
2023-10-29 00:00:00+00:00,36492.543646926126,0.0009730287122591275,0.08703742457766493,0.08543820907606119,0.0010472189218354193,0.11453564619996576,-0.591115439333697,36.17942683502994,0.0,0.9907027128695196,0,0,1,0.0861303676381977,0.1432417131446141
2023-10-30 00:00:00+00:00,36541.042132710805,0.0013289971303156456,0.08825622744390901,0.08586356521245482,0.000572340037835709,0.06265858007148983,-0.7931241258613383,49.35426849060491,0.0,0.9901540753271968,0,0,1,0.08702338685477153,0.14472687576449783
2023-10-31 00:00:00+00:00,36560.49275694695,0.0005322952795243641,0.08887491443599324,0.08590150195523402,0.04479526867628868,4.910620176807724,-1.013082509651221,25.37432692260481,0.0,0.9887364456954816,0,0,1,0.0882439036665463,0.1467566931661234
2023-11-01 00:00:00+00:00,36666.37443415807,0.002896068111417849,0.0914915419891582,0.08661452436074168,0.04309689112063086,4.726888416115971,-0.5257148904450488,111.13428051767457,0.0,0.9889254126263706,0,0,1,0.0887200844705782,0.14754862005563385
2023-11-02 00:00:00+00:00,36552.75997587536,-0.003098600830761966,0.13799874983506816,0.13528805943741826,0.04899731006071888,5.389667410466545,-1.9982248168742665,-106.2265660553688,0.0,0.9803927481243039,0,0,1,0.14048990719973167,0.1519879970134118
2023-11-03 00:00:00+00:00,36571.347774772454,0.0005085197098486649,0.1367619117560266,0.13275528552375618,0.06769992390128364,7.4238530594861905,-1.733322281809807,27.74497423839579,0.0,0.9827198071882276,0,0,1,0.13609957800521605,0.14723835090854764
2023-11-04 00:00:00+00:00,36603.80928158186,0.000887621287826823,0.13764419083732554,0.13572396410466242,0.0023421400522397784,0.2569650471296724,-2.0383173197460818,34.756789176285714,0.0,0.9851755561808608,0,0,1,0.13681490254149709,0.1480122196201935
2023-11-05 00:00:00+00:00,36739.351716785364,0.0037029598247770856,0.14148909245677205,0.13618593100069412,0.06750239780657424,7.412493116239047,-2.4403679415635118,145.39529626130337,0.0,0.9840375303055593,0,0,1,0.13806401023910636,0.14936355781094168
2023-11-06 00:00:00+00:00,36974.26464581531,0.006394041213378943,0.14896196338346282,0.14189365246733748,0.06794226166310945,7.4883923185861265,-1.6325932999279082,244.03391464845924,0.0,0.9840022651620768,0,0,1,0.14329314169562155,0.15502065611812232
2023-11-07 00:00:00+00:00,36909.05002648523,-0.001763784079407249,0.1511380434567046,0.14604944954828725,0.0769306280720054,8.533398226655951,-2.136174837805199,-54.54504626562462,0.0,0.9778578415413215,0,0,1,0.15238563129323449,0.16485730068107862
2023-11-08 00:00:00+00:00,37117.3802311234,0.005644420663460048,0.1546870164999504,0.14823088030339823,0.0031459578426359255,0.3483429461851888,-1.7373610891701214,210.41590867352733,0.0,0.9832826357209596,0,0,1,0.14986061950913976,0.16212563481874576
2023-11-09 00:00:00+00:00,37112.79688663886,-0.000123482434805533,0.15791097262039588,0.14835278526210727,0.008460626240652398,0.9421059109720163,-3.299626836492852,-0.341611737078928,0.0,0.9740936243516847,0,0,1,0.15790206355540481,0.17082521330127454
2023-11-10 00:00:00+00:00,37611.1737262864,0.013428706038238758,0.16894275026198363,0.15498696719733224,0.003799648122465295,0.4230501296443622,-1.4411327850984827,500.24102256227445,0.0,0.9812813433289762,0,0,1,0.15774110886633555,0.17065108562698705
2023-11-11 00:00:00+00:00,37709.82971060412,0.0026230498690544835,0.17943798058700625,0.17128618762293152,0.09143443377023838,10.316838251060673,-3.1759346844504073,112.14875725323735,0.0,0.9758590188518325,0,0,1,0.17697294336235617,0.19145690764086332
2023-11-12 00:00:00+00:00,37667.30968309328,-0.0011275581946976754,0.17996562699784444,0.17521368768842888,0.0042102984130761275,0.47630890856378255,-3.485925381141764,-38.55779322113686,0.0,0.9758268557906216,0,0,1,0.18078747532580228,0.19558363164704817
2023-11-13 00:00:00+00:00,37242.81565757323,-0.011269560504624576,0.16989231744610883,0.16924889466072623,0.002153415044107324,0.24334176468954524,-3.4727258626457442,-420.7779578927049,0.0,0.9713457386294129,0,0,1,0.1791555390911272,0.19381813315320084
2023-11-14 00:00:00+00:00,37135.14347621079,-0.002891085957421269,0.16062223233530484,0.15387123406715483,0.09100146765587203,10.167290560616788,-2.941976893775081,-94.56291390805268,0.0,0.9740405201644479,0,0,1,0.1627280277805262,0.1760461480349832
2023-11-15 00:00:00+00:00,37490.297199601984,0.009563817186238,0.1666327924448898,0.1579534845145366,0.006500075901584493,0.7241433265134866,-2.0054501678595176,357.8833168855698,0.0,0.9834394969974664,0,0,1,0.15859171278744963,0.1715713053694493
2023-11-16 00:00:00+00:00,37098.925369514676,-0.01043928320982912,0.16367337942304774,0.16139182832614038,0.009231098168794262,1.0382365164394336,-2.5566606847150246,-387.7769328861531,0.0,0.9710149916556425,0,0,1,0.17231823453480202,0.18642124432894425
2023-11-17 00:00:00+00:00,37097.882439539084,-2.8112134386804044e-05,0.15744314537414533,0.1514123940121045,0.08861307552445086,9.86238058707649,-1.7491065608195582,10.568557172301183,0.0,0.9778837146896643,0,0,1,0.15719827963466343,0.170063829721658
2023-11-18 00:00:00+00:00,37075.633327421485,-0.0005997407575448754,0.15691178909819503,0.15234573738641433,0.0847110567391017,9.42784386293791,-1.7486518326129437,-11.072616422044415,0.0,0.9789238394040156,0,0,1,0.15715979296639665,0.17002219319603007
2023-11-19 00:00:00+00:00,37255.73394224771,0.004857654439392123,0.1606290324130928,0.15328877063834345,0.08374025702783124,9.314147098296427,-1.737933555137014,191.15269547965949,0.0,0.9809334327871807,0,0,1,0.1562908247755292,0.16908210620023933
2023-11-20 00:00:00+00:00,37060.46637824945,-0.005241275458455652,0.15890410423577767,0.15802854263454713,0.004877318383329481,0.5451255193912634,-1.8246138860627923,-192.89782459279894,0.0,0.9780755317741073,0,0,1,0.16325328291078758,0.17661439152492975
2023-11-21 00:00:00+00:00,36678.86333998845,-0.01029676837755511,0.14694179835488794,0.14619840398446193,0.004689668902655829,0.5213955072494973,-0.5450752419172735,-380.5365675118452,0.0,0.9744175569158975,0,0,1,0.15568528331042275,0.16842700551560974
2023-11-22 00:00:00+00:00,37045.31797388827,0.009990893951729918,0.14951115329856218,0.14045207773939,0.005962970090898476,0.6561544808374655,-0.7299577624006581,367.84074614305246,0.0,0.9853186552147376,0,0,1,0.14099129043933412,0.1525304148699126
2023-11-23 00:00:00+00:00,37082.304234629504,0.0009984058111556227,0.15602434391945164,0.15371892111732122,0.0057685023152518645,0.641088541276414,-1.6000101300069787,39.22735941251334,0.0,0.9829756159769666,0,0,1,0.15512460553952484,0.16782044029631915
2023-11-24 00:00:00+00:00,37144.38095961098,0.0016740255564675621,0.15824017408527039,0.1559536759962624,0.09034535300069407,10.05070355171026,-1.7412279696488868,73.86865650284201,0.0,0.9834300640655018,0,0,1,0.1565606860333185,0.1693740536636582
2023-11-25 00:00:00+00:00,37285.45709470392,0.0037980478190318134,0.16218659522498596,0.15797505684840402,0.0013476067066560495,0.150169096357072,-1.7713387029937997,142.99764289228986,0.0,0.9830480759469833,0,0,1,0.158959308163052,0.17196898578623376
2023-11-26 00:00:00+00:00,37223.527145941254,-0.0016609679373210673,0.1630607284608122,0.16083398944305993,0.002564872404812504,0.2868960387697417,-1.8387999581827992,-59.80425276571325,0.0,0.9797380458616395,0,0,1,0.16439137958273306,0.17784563323491753
2023-11-27 00:00:00+00:00,37050.78595019883,-0.004640645553688816,0.12223024170089983,0.12058060884845592,0.03688239450803961,4.118707153118391,-1.0756582033617175,-167.54683038594803,0.0,0.9815382695516225,0,0,1,0.12618416867886498,0.1752758897747192
2023-11-28 00:00:00+00:00,37160.21001165147,0.0029533533134686873,0.12355596606862616,0.11894717488084404,0.002049157437061128,0.227767892121596,0.6475680248785849,109.00426131988387,0.0,0.9858232699859064,0,0,1,0.12097654778522926,0.1680422534533167
2023-11-29 00:00:00+00:00,37184.59724742862,0.0006562728189507538,0.12486809570719354,0.12359847053326772,0.0020004109052778754,0.22300714371111885,-0.617349185302029,25.227592106161932,0.0,0.9868749880412794,0,0,1,0.12427219891660563,0.17262007165735105
2023-11-30 00:00:00+00:00,37172.05391462755,-0.0003373260363048747,0.12474968704132285,0.12388175046202447,0.0007746955480015212,0.08642023393184103,-1.3944804038074858,-11.062432163331902,0.0,0.9863428002753152,0,0,1,0.12500547871329287,0.1736386326239433
2023-12-01 00:00:00+00:00,37244.86287625041,0.001958701603900659,0.12637753116855868,0.12377121911570635,0.0003337971274540154,0.03722377796824003,-1.3898044013288313,74.23598980216225,0.0,0.9866559811476102,0,0,1,0.12462818305035889,0.17311455077024263
2023-12-02 00:00:00+00:00,37401.40967823451,0.004203178368631377,0.13051866926186892,0.12635622062052343,0.0019456632012968135,0.217397364080143,-1.5434801958351798,158.30767954401685,0.0,0.9868395726969494,0,0,1,0.12681548416721491,0.17615281740444988
2023-12-03 00:00:00+00:00,37389.31583666447,-0.00032335256007942625,0.13129945777941962,0.13013194489336347,0.0036186708091659604,0.40602796577238043,-1.696151091297429,-9.991662512965561,0.0,0.9854001838101021,0,0,1,0.13152086518711742,0.18268881834361228
2023-12-04 00:00:00+00:00,37455.90487409695,0.0017809643194162117,0.13276804346443719,0.12832869190126653,0.00132886378311619,0.14905624058097217,-2.1062795913060928,68.84437326437512,0.0,0.9839504258443929,0,0,1,0.13116558759898883,0.18219532065663435
2023-12-05 00:00:00+00:00,37503.249384643175,0.001264006588690414,0.1343083419784355,0.13022455166980548,0.0028882296538314724,0.3245437655053728,-1.5146807345963142,49.18373504632601,0.0,0.9836310412641314,0,0,1,0.1331661521359411,0.1849742011844956
2023-12-06 00:00:00+00:00,37470.66131538363,-0.0008689398863899189,0.1341064428318,0.13287551485274496,0.08050481816538978,9.057600344870743,-2.2094371968309603,-21.321031717841127,0.0,0.9845200633102754,0,0,1,0.13459317823653785,0.18695640919151113
2023-12-07 00:00:00+00:00,37597.07348049422,0.003373630479766687,0.136588497306266,0.13105771466516877,0.0017864615982094024,0.20081970790757148,-2.2851545390382864,128.89813935753804,0.0,0.9839900992845693,0,0,1,0.13361010393956574,0.18559087162906962
2023-12-08 00:00:00+00:00,37905.6350750938,0.008207064168429756,0.14476906791462607,0.13704712979014622,0.08640434336756266,9.745636527557554,-4.3057447721739734,322.6129758993058,0.0,0.9856241937064214,0,0,1,0.13741070428806398,0.19087008862384558
2023-12-09 00:00:00+00:00,37760.2031826033,-0.0038366826516001984,0.1435722700822754,0.1423678020390492,0.003713913063533359,0.42233044564196914,-5.978257216299859,-139.03130482856614,0.0,0.9807932105457865,0,0,1,0.14668229438759356,0.20374877397190472
2023-12-10 00:00:00+00:00,37875.24968282831,0.0030467659209529874,0.1450256827706497,0.1403596591948658,0.001983754935010928,0.2247201746575686,-3.6771900054526974,118.94841040512767,0.0,0.9837152039575937,0,0,1,0.1423152603745579,0.1976827533266422
2023-12-11 00:00:00+00:00,37507.04308663197,-0.009721562214896062,0.13745056623265092,0.12962892122817452,0.0017179871805808335,0.19520652195926072,-2.0161977321778743,-365.9951919421951,0.0,0.9687233442652331,0,0,1,0.1457736279320417,0.20248659248612244
2023-12-12 00:00:00+00:00,37454.91800693239,-0.0013897411102011814,0.13355683690346273,0.1307916100516989,0.0036263268787019845,0.40803772626935075,-1.7863049983991497,-49.93073697492019,0.0,0.9824696173665026,0,0,1,0.1347025100946569,0.18710827640998373
2023-12-13 00:00:00+00:00,37691.47071339112,0.0063156647790536535,0.1387769525081455,0.1276712909958584,0.06796647153994187,7.6369650623516385,-1.0091503760412617,245.19882189711996,0.0,0.9808595963987498,0,0,1,0.1331260241553845,0.18491846148615976
2023-12-14 00:00:00+00:00,37798.94706907209,0.002851476836715383,0.14276131622948354,0.13452851436747923,0.00744439519645217,0.8417709501480933,-1.7251611787358934,110.04328780984665,0.0,0.980000748779881,0,0,1,0.14025229528981653,0.1948171954314798
2023-12-15 00:00:00+00:00,37507.68089939281,-0.007705668868157378,0.13707086633216636,0.13646177703117818,0.06989525630994543,7.925861471672082,-2.1717929415501374,-281.168515266063,0.0,0.9781334920371053,0,0,1,0.1434789546519664,0.19929918074407527
2023-12-16 00:00:00+00:00,37547.66707298939,0.0010660796039037024,0.13588729398699576,0.1334999526539635,0.07696352257282676,8.66024683662946,-1.5157267953353948,50.162147228530316,0.0,0.9850178262909037,0,0,1,0.13473358963462853,0.1871514473883985
2023-12-17 00:00:00+00:00,37442.28625450259,-0.0028065876444984816,0.13351624294110973,0.13303311137286555,0.0005633979948053425,0.0634625586933862,-0.8079819635030008,-104.50937396461089,0.0,0.9834079938034407,0,0,1,0.13592128230083084,0.18880120972409464
2023-12-18 00:00:00+00:00,37566.800028515325,0.0033254853393938077,0.13565105919133136,0.12843392748214474,0.0014477617178001384,0.16262287368138367,-0.5933552517490122,125.26975213814863,0.0,0.9822537512347795,0,0,1,0.13275891972053977,0.1844085357392825
2023-12-19 00:00:00+00:00,37461.42170280115,-0.002805091879909627,0.13430474262163838,0.13301657715832127,0.0763891735383684,8.609087918386605,-1.2575126141772244,-95.51172518161401,0.0,0.9825070187518175,0,0,1,0.13650148664985917,0.18960714151880265
2023-12-20 00:00:00+00:00,37659.46488690603,0.005286590180053841,0.13793768293111144,0.13282617134445146,0.0017524555054716175,0.1969479185640671,-1.660625401306902,199.9007574247653,0.0,0.9861398219734688,0,0,1,0.13332920272269355,0.18520068630517705
2023-12-21 00:00:00+00:00,37982.816159223665,0.008586188712151888,0.14670453307283757,0.13837122445646813,0.005668267307162676,0.6403903734382187,-2.8169619172975553,326.80862460837886,0.0,0.9850983311064736,0,0,1,0.13928670215037953,0.19347594003908652
2023-12-22 00:00:00+00:00,38045.75308085534,0.0016569840784803613,0.15075641598304737,0.14692458707392,0.07995493407654887,9.110766730145516,-4.897354352259745,76.94504271409252,0.0,0.9826531728670694,0,0,1,0.14901860838480674,0.20699402667628186
2023-12-23 00:00:00+00:00,38196.40051305196,0.003959638592945236,0.15435474989770995,0.14744554444089086,0.001895428147987841,0.2163385101728611,-3.5632160541055935,154.42698676089086,0.0,0.9812507913888909,0,0,1,0.15090599601000343,0.20961569902091692
2023-12-24 00:00:00+00:00,38171.88220258969,-0.0006419010726911312,0.15504232284584593,0.15267355891336987,0.005311103627196873,0.6085953170099764,-5.015614195086309,-18.89410095016717,0.0,0.9815017108772117,0,0,1,0.15544020221101496,0.21591392988953662
2023-12-25 00:00:00+00:00,38301.26479939045,0.003389473857068115,0.1577193449636841,0.15284778150888126,0.002749310679565285,0.31483918397637767,-5.918686884818882,135.61612286956534,0.0,0.9825510121125536,0,0,1,0.15470268295555006,0.21488948011044762
2023-12-26 00:00:00+00:00,38074.63173003313,-0.005917117112041792,0.1537677517272356,0.14765715188472328,0.0037919347187534936,0.4357083042226929,-6.54568536589718,-219.6516756871991,0.0,0.9725791785487398,0,0,1,0.1585957267632056,0.22029710552386506
2023-12-27 00:00:00+00:00,38217.32104841079,0.0037476217600578288,0.15532129384443877,0.14797184205586303,0.09032254104729319,10.317011554173494,-5.645125235575394,158.65145516741723,0.0,0.9805345657004266,0,0,1,0.15177922170433616,0.2108286515818506
2023-12-28 00:00:00+00:00,38046.8362654095,-0.004460929712612027,0.15279127972675424,0.15078824710220368,0.1003525151788824,11.505592962006533,-9.476357888539884,-149.50283215073742,0.0,0.9785040230877444,0,0,1,0.15606712621815708,0.2167847575402907
2023-12-29 00:00:00+00:00,38009.98439616329,-0.0009685922106411615,0.15036876819075257,0.14667879820343038,0.08026090358029113,9.161123169773845,-1.6333990042811621,-26.057347072162912,0.0,0.9801596187765582,0,0,1,0.1509538726036681,0.20968220191618359
2023-12-30 00:00:00+00:00,37952.42100015328,-0.0015144282988924784,0.14855206876651458,0.14709660846959208,0.003532440674964018,0.40280527651123643,0.035264195827981015,-57.19585492932387,0.0,0.9821152833789855,0,0,1,0.14983604353317792,0.20812948348091898
2023-12-31 00:00:00+00:00,37935.46314434703,-0.00044681881575303617,0.14767908204280758,0.14548644792109738,0.002867900640911124,0.32653292723582517,1.8944303022299063,-18.5257531812407,0.0,0.982421145973512,0,0,1,0.1481067011077335,0.2057273435332655
2024-01-01 00:00:00+00:00,38135.951689978865,0.00528499005980132,0.15240644350891613,0.14659793392056444,0.0841125856067498,9.572519748000762,-4.618126835528086,214.67919221536434,0.0,0.9839493890903928,0,0,1,0.14758742356097218,0.2050060420023242
2024-01-02 00:00:00+00:00,38099.047478267705,-0.000967701344158578,0.1530476477270203,0.1516830488847289,0.0032494705798829784,0.3717672484774591,-8.98369518967752,-27.548749273004795,0.0,0.9825634379284603,0,0,1,0.15362863552775027,0.21339757648625401
2024-01-03 00:00:00+00:00,37814.76645181755,-0.007461630808809905,0.14624214681081252,0.1348842132084419,0.002934832853440828,0.3354427880882074,-3.5734325163436633,-280.37215114571546,0.0,0.9664031096094567,0,0,1,0.1525107604737992,0.2118447941777467
2024-01-04 00:00:00+00:00,37964.72102745321,0.003965503154084837,0.1473937110248262,0.14276629644310762,0.0035194096595005404,0.3992560781772425,-1.6555367870865223,152.00936850092015,0.0,0.9843426708603434,0,0,1,0.14395798259550233,0.1999645736369341
2024-01-05 00:00:00+00:00,37830.58569196544,-0.003533157411871324,0.1455031180574407,0.14148180125895335,0.002793813869296282,0.31819850253662824,-1.6909571917396613,-132.12617979350298,0.0,0.9778201744987047,0,0,1,0.14846893411221485,0.20623050262866538
2024-01-06 00:00:00+00:00,37692.22598645912,-0.0036573503416762465,0.14132810357217906,0.13891752321925127,0.0021316349806717603,0.24192297615759073,-1.0133460969788304,-137.1044364331853,0.0,0.9797819835281654,0,0,1,0.1444362276536045,0.20062887906420646
2024-01-07 00:00:00+00:00,37598.11052529273,-0.002496946219100904,0.1381643952622002,0.13688654847951148,0.0036150322504415354,0.4087739972505981,-1.2704610840125894,-92.43622608512149,0.0,0.982434922905544,0,0,1,0.14026945183074166,0.19484102669341696
2024-01-08 00:00:00+00:00,37904.323009934014,0.008144358329796653,0.14443803550891982,0.13386809679544992,0.00207948684160487,0.2345547325443713,-0.7734653647629156,307.2205047385911,0.0,0.9825319561236504,0,0,1,0.13744556585801962,0.1909185130241241
2024-01-09 00:00:00+00:00,37831.38138751433,-0.0019243615669001235,0.14503699181783533,0.141124938444355,0.0032635642621065444,0.3711094359582066,-0.7464998939952532,-71.8240130897254,0.0,0.9795313585601705,0,0,1,0.1466538651029617,0.20370928432584468
2024-01-10 00:00:00+00:00,38036.254474786954,0.00541542708086884,0.14909506228617114,0.1409396788449312,0.0015587076982001282,0.17690303795955356,-0.9316330224640039,205.9816233330466,0.0,0.9818695613577101,0,0,1,0.14445282055795702,0.2006519274077886
2024-01-11 00:00:00+00:00,38010.129474606816,-0.0006868447101555653,0.15009549869543046,0.14755951806576242,0.004751891801477979,0.5422331724850347,-1.6750900173729406,-23.907676990290167,0.0,0.9816879631766819,0,0,1,0.15062416085766983,0.20922421641567202
2024-01-12 00:00:00+00:00,37734.557923544846,-0.007249950338792388,0.1436754435440305,0.13926404341343662,0.0012542238340122313,0.1430189941265826,-1.7085240310656022,-273.7200080367793,0.0,0.9739633078371455,0,0,1,0.14983182036650422,0.20812361729893947
2024-01-13 00:00:00+00:00,37906.8165849637,0.004565010719560503,0.14566858650997475,0.13977056605943156,0.07241981405806669,8.198159354475095,-1.327166542532455,181.78398731586606,0.0,0.9837766564843676,0,0,1,0.1415437714763464,0.1966111180771405
2024-01-14 00:00:00+00:00,37737.52442115354,-0.004466008466596283,0.14312446128551598,0.1428805334557986,0.06938861058130977,7.890912919147708,-1.6682815960302346,-159.73296929498585,0.0,0.981079981896257,0,0,1,0.14673060700770457,0.2038158825289128
2024-01-15 00:00:00+00:00,37783.3073194973,0.0012131929437877442,0.1430693289444945,0.14018988638965513,0.13701179304103678,15.511452584640816,-1.5046899497235833,62.79904087812527,0.0,0.9839172560663902,0,0,1,0.14163673590819129,0.19674025015194518
2024-01-16 00:00:00+00:00,37804.24460548776,0.0005541411664524709,0.1436539909848861,0.14120235862372385,0.06848531991653646,7.762808159952398,0.41330030190989925,28.286793848507358,0.0,0.9835972309132751,0,0,1,0.14301459541417294,0.19865416339022246
2024-01-17 00:00:00+00:00,37879.16076303666,0.0019816864040189675,0.1453300835275076,0.14225620323961927,0.001819862827604185,0.20639456461389455,0.41048477848745135,74.71206733503203,0.0,0.9841807198055977,0,0,1,0.1436382060826023,0.19952038865386978
2024-01-18 00:00:00+00:00,37641.661173764965,-0.006269927434703226,0.14073949578778921,0.13778578162163563,0.07343897656093873,8.345420398274038,-1.5672953053541319,-227.5868735680667,0.0,0.9767278657915083,0,0,1,0.14589744735592525,0.2026585836314444
2024-01-19 00:00:00+00:00,37787.76185516522,0.0038813558393666625,0.14230762223282994,0.1351564214714169,0.0757214394620599,8.550787179781954,-1.1713911557999248,155.8228597358291,0.0,0.9821664009763642,0,0,1,0.13874629638538474,0.1927252903950737
2024-01-20 00:00:00+00:00,37745.106127619445,-0.001128823869200546,0.14223386784521244,0.14087851368781512,0.0049148009420198705,0.5571570335355964,-1.5779084761297848,-40.5206620361092,0.0,0.9832951983263386,0,0,1,0.1431462841228715,0.19883708535129008
2024-01-21 00:00:00+00:00,37631.02880260621,-0.003022307703349103,0.13950046684364842,0.13908432676099206,0.07532909393598324,8.529899280401198,-1.6060267908691865,-103.94139894195797,0.0,0.9826865136987976,0,0,1,0.14186320993858806,0.19705483349155328
2024-01-22 00:00:00+00:00,37330.697160407544,-0.007980957517108034,0.13170639961928798,0.1305505384578482,0.08673139791089612,9.791453238156688,0.8991811770798985,-291.43937013759955,0.0,0.9777316737875945,0,0,1,0.13844280147395183,0.19230372134088525
2024-01-23 00:00:00+00:00,37246.92065196672,-0.002244172083924467,0.12764703680340006,0.12365885698130219,0.08152689483301395,9.130404879783415,0.34322830126938525,-74.98933186231204,0.0,0.9809187306222938,0,0,1,0.12940457716369733,0.17974919231755704
2024-01-24 00:00:00+00:00,37310.91869490834,0.0017182103062858278,0.12858336576485355,0.12511809729240483,0.06518658373998198,7.284006582574228,-1.3052196382231194,72.5872691624119,0.0,0.9853053623851831,0,0,1,0.12688126377949804,0.17624418845513456
2024-01-25 00:00:00+00:00,37274.51345665216,-0.0009757261286934549,0.12815094995732662,0.12573961511156648,0.06058217765767367,6.7811197031732595,-1.4414669020763524,-28.182651650932186,0.0,0.9837869218415755,0,0,1,0.12880332758323776,0.17891402768244402
2024-01-26 00:00:00+00:00,37435.209093057936,0.004311139744121784,0.13179342376459793,0.12710844632917315,0.1192750702694265,13.337783925519847,-1.0399617650062558,175.07338209630697,0.0,0.98625351520608,0,0,1,0.12771195978563626,0.17739806523011048
2024-01-27 00:00:00+00:00,37426.74200568822,-0.0002261797803417842,0.13271378561087047,0.1306968069657324,0.12627803581380984,14.181875554163648,-1.3144119249935824,7.029200109431738,0.0,0.9844477516622239,0,0,1,0.13255487239407035,0.18412510417193506
2024-01-28 00:00:00+00:00,37441.71200241225,0.00039998129470508736,0.13280574702984135,0.13118444050528125,0.05863590046776644,6.583626329642537,-0.685319472551323,22.238942526226538,0.0,0.9854585879124301,0,0,1,0.13228453332022932,0.18374959017359072
2024-01-29 00:00:00+00:00,37627.22245912934,0.004954646750798819,0.13705171818544792,0.13192685521288341,0.0009611203739694794,0.10795797672544802,-1.2870585144641054,186.90547320828875,0.0,0.9858809713746296,0,0,1,0.13273923866784992,0.18438119780887463
2024-01-30 00:00:00+00:00,37572.33225723879,-0.0014587896289759428,0.13707785264498862,0.13657990185379104,0.0033219611546329657,0.37498837299587084,-0.3349418337647776,-54.18027168378465,0.0,0.9843456712068658,0,0,1,0.1383188612944068,0.19213156246013152
2024-01-31 00:00:00+00:00,37505.207067903415,-0.0017865590263549391,0.13530211366912742,0.13396047949172044,0.05740758285406646,6.470786990706725,-1.1648586875718776,-59.48954365710189,0.0,0.9833545147749678,0,0,1,0.13666414475336439,0.18983308146134414
2024-02-01 00:00:00+00:00,37698.40984829795,0.0051513588511789,0.13912143074176875,0.13254684475099204,0.0022581395635232664,0.2540743840193866,-1.2521617746543772,194.70901655320876,0.0,0.9843552905032189,0,0,1,0.13464206640504095,0.18702431721296542
2024-02-02 00:00:00+00:00,37781.72275048068,0.0022099845197181,0.142384066686003,0.13979350482506006,0.0050269463735171825,0.5685259569079637,-0.5319809147601529,84.4134090543947,0.0,0.9852359035428301,0,0,1,0.14046515636250123,0.1951128697169614
2024-02-03 00:00:00+00:00,37749.18182544221,-0.0008612874868988429,0.14224561768795346,0.1411537444453334,0.0020559195410748145,0.2330289558179222,-0.4551242129127292,-31.852771869726602,0.0,0.9837952936743324,0,0,1,0.142968564827625,0.19859022468778054
2024-02-04 00:00:00+00:00,37754.05621172932,0.00012912561415645563,0.14212527972668082,0.14027354871701742,0.0014693786547050607,0.16640375437108218,-0.8526760534664534,5.893466094956093,0.0,0.9840005920476032,0,0,1,0.141989313380522,0.19722999724798995
2024-02-05 00:00:00+00:00,37829.06003620128,0.001986642813988526,0.14384434538354524,0.14070511762652774,0.002400835247809104,0.2719243461169997,-0.08933298607112872,75.36508180413495,0.0,0.9842799278248319,0,0,1,0.14213662668473442,0.1974346225250102
2024-02-06 00:00:00+00:00,37834.208017602825,0.0001360853639138515,0.1445348822541454,0.14230505117906142,0.00275870252722826,0.3130758569169589,-0.8437160678253883,6.304773326276013,0.0,0.9833708844667217,0,0,1,0.1443849447590197,0.2005576446528482
2024-02-07 00:00:00+00:00,37968.01559025343,0.003536682268817426,0.14778771446839245,0.14329858312740035,0.07715701645040239,8.757523831206383,-1.1502705402597948,143.7153670220775,0.0,0.9840079270408738,0,0,1,0.14454529446680492,0.20078037812251737
2024-02-08 00:00:00+00:00,38035.422609250476,0.0017753632353214588,0.15024052888754755,0.14760592033587353,0.07399316452717784,8.428137472697363,1.0564546559265078,74.77870181382181,0.0,0.983903848822489,0,0,1,0.14857239911858766,0.20637422050740095
2024-02-09 00:00:00+00:00,38194.16835136909,0.004173628981317012,0.1540489637835558,0.15035596760605976,0.002268797534242956,0.2588840408819708,3.242235470113519,155.7623906893801,0.0,0.9846773403609699,0,0,1,0.15059781068412742,0.20918761475508563
2024-02-10 00:00:00+00:00,38243.43833467862,0.0012899870696561067,0.15642298676382255,0.15435654795247075,0.0019766349846239827,0.2264868871759286,1.5931028624700785,47.903367334243555,0.0,0.9833807559414787,0,0,1,0.15536812554953866,0.21581381193413451
2024-02-11 00:00:00+00:00,38232.89245334653,-0.0002757566210390694,0.15659396487275443,0.15584592487795143,0.0011415421098881708,0.1309693335637296,1.1740382739063886,-11.58895027243025,0.0,0.9832372010219571,0,0,1,0.15685337086090198,0.21787688922987247
2024-02-12 00:00:00+00:00,38378.18407766649,0.00380017348928674,0.15970776114900592,0.15427589119228835,0.0011358483222967898,0.13027980951864698,0.9446959244591014,144.47720820502056,0.0,0.9819412017995593,0,0,1,0.15653316259333577,0.21743210451877515
2024-02-13 00:00:00+00:00,38394.811115307486,0.00043324190658289297,0.16124154370816868,0.15771599686828433,0.001867175477992309,0.21497721871653994,1.3627157634314968,15.479299096275264,0.0,0.980488173160337,0,0,1,0.16091211217462295,0.22351467646242418
2024-02-14 00:00:00+00:00,38595.13416805371,0.00521745118486483,0.16576919064138157,0.16030466084320458,0.0015940356555556555,0.18360809371837422,-0.18071118184588464,200.68737202179207,0.0,0.9826720220701526,0,0,1,0.1614079152232339,0.22420337078444696
2024-02-15 00:00:00+00:00,38673.59737538229,0.002032981851725957,0.16916191521918564,0.16565823374423727,0.0016680008703602303,0.19313013644893795,-1.3577325180266742,80.01406998304627,0.0,0.9813368590138154,0,0,1,0.16743342375972337,0.23257309244712376
2024-02-16 00:00:00+00:00,38697.06027387205,0.00060669035419747,0.17036138244179416,0.16767688779679873,0.0042886333964425125,0.4975710613064396,-2.066766627843934,26.027236178911892,0.0,0.9807179900600768,0,0,1,0.16979462269145826,0.23585291152449328
2024-02-17 00:00:00+00:00,38671.754817166046,-0.0006539374445218016,0.17003621044153755,0.16690601936088975,0.0021798943633148603,0.25306631539966135,-2.87871878197698,-22.1736716086183,0.0,0.9790627547512842,0,0,1,0.17049849885189142,0.2368306294236785
2024-02-18 00:00:00+00:00,38705.91394983366,0.0008833096100528959,0.17052086091164045,0.1682194220786141,0.0025408335313137943,0.2947770606397182,-1.6176290867549994,36.071538815000174,0.0,0.9813679290769786,0,0,1,0.16974448433310213,0.23578326692909968
2024-02-19 00:00:00+00:00,38707.17753490927,3.2645788373475426e-05,0.170904920438104,0.16991583554557305,0.002142857038430677,0.24882271382385399,-4.186731923567691,5.699139713009448,0.0,0.982001235641436,0,0,1,0.17076100083559187,0.23719525732623115
2024-02-20 00:00:00+00:00,38733.55080450191,0.0006813534665206511,0.17150279357551942,0.16682537456987862,0.0011792874503179097,0.13694112775147552,-5.051763709558813,31.561974429954155,0.0,0.9786141037290499,0,0,1,0.17080764350966207,0.23726004624773156
2024-02-21 00:00:00+00:00,38791.032839460124,0.0014840373207285484,0.1728857012363459,0.167403660659386,0.0023329166146154757,0.2710866434544109,-2.136607896352458,59.88972949802671,0.0,0.9782995542906732,0,0,1,0.17159791748595649,0.2383577748757445
2024-02-22 00:00:00+00:00,38714.8525453279,-0.0019638635157641637,0.21652085011773722,0.2150092244346161,0.04512599070407523,5.251433238663626,2.246155307145874,-73.17501620070473,0.0,0.974628068004042,0,0,1,0.21800883747681632,0.24075262443488687
2024-02-23 00:00:00+00:00,38610.16192039432,-0.002704146291426679,0.21299935674709145,0.2113797210905428,0.002883645998952096,0.33491808281040447,0.28846309635332745,-104.64416994711917,0.0,0.9742058460758026,0,0,1,0.215124184467638,0.23756702980220357
2024-02-24 00:00:00+00:00,38733.88034237004,0.0032042968954857365,0.2136593784463464,0.2096135647971057,0.0018317677826706785,0.2121735690204298,1.244123309677048,122.68647223506423,0.0,0.9771128465251206,0,0,1,0.2111639426129367,0.2331936354437404
2024-02-25 00:00:00+00:00,38844.2646447918,0.0028498126561571357,0.21828779829081474,0.2150062050117082,0.09595521684375721,11.150148799906395,0.6555307753100712,120.87892044636253,0.0,0.9771650671830013,0,0,1,0.21585091748289176,0.2383695792892372
2024-02-26 00:00:00+00:00,39097.2780518417,0.006513533191155885,0.2252127133261027,0.21755198056868916,0.0034029198996535313,0.39654990142671864,-5.184782948598099,258.5947398999352,0.0,0.9751479775779388,0,0,1,0.22002100948304953,0.24297471642400892
2024-02-27 00:00:00+00:00,39193.140715752066,0.0024519012239996307,0.23191271860434762,0.2273425386146623,0.10147011875692324,11.9016742373478,-7.463299380511061,115.22763752824036,0.0,0.9741040195914191,0,0,1,0.22960778507351537,0.2535616330370495
2024-02-28 00:00:00+00:00,39540.83628411803,0.008871337229328535,0.24014971884643943,0.228851030915915,0.004921024764479101,0.5786181896093616,-6.325714854248559,354.59990140982336,0.0,0.9715326069900667,0,0,1,0.233245310978893,0.2575786440825888
2024-02-29 00:00:00+00:00,39446.30817709187,-0.0023906451129898088,0.24523452225213133,0.24074844451945962,0.10750243544872848,12.75216510505065,-16.445586392212434,-65.33035552888984,0.0,0.9683774545379561,0,0,1,0.24637736622268444,0.2720807018925292
2024-03-01 00:00:00+00:00,39634.41218422727,0.004768608669052599,0.24702021707462551,0.2424360186916807,0.11926525219104271,14.113727756529661,-13.896333167975856,216.11406805990526,0.0,0.9749300393780177,0,0,1,0.24280667181568,0.26813749454602565
2024-03-02 00:00:00+00:00,39615.051414030335,-0.0004884838485038623,0.2502909843475071,0.2479492565391151,0.11776138343620586,14.002352490170493,-18.29874969979648,12.940331993026561,0.0,0.9722823667078214,0,0,1,0.24993818156964204,0.2760129995453674
2024-03-03 00:00:00+00:00,39650.41089399119,0.0008925769044523246,0.250271607790174,0.24421591876037752,0.0014733832220920594,0.17510445628723983,-16.191661017831322,51.72624543497701,0.0,0.9691530165808794,0,0,1,0.2491903738737527,0.275187176760192
2024-03-04 00:00:00+00:00,39894.016951553036,0.00614384698844983,0.25550687982675296,0.24803708539388883,0.001980808755427244,0.23561964316531658,-15.867546388485945,259.70922359349913,0.0,0.9719598853310256,0,0,1,0.2505281881535578,0.2766645586067137
2024-03-05 00:00:00+00:00,39324.00535132392,-0.014288147541555829,0.24957193924835303,0.23251282449293198,0.008740311016912406,1.0460563160375964,-21.19595005711357,-547.7695938559727,0.0,0.9420705711310565,0,0,1,0.2597420117216638,0.2868396149520208
2024-03-06 00:00:00+00:00,39735.84123381254,0.010472887459180402,0.24617582898787746,0.23473033482832042,0.011392819033071011,1.3440345193583951,-2.9870926435497607,416.1670096515326,0.0,0.9720924061509103,0,0,1,0.23817950518445188,0.2630275984378728
2024-03-07 00:00:00+00:00,40208.71573381878,0.011900452722864552,0.2627369606227245,0.2519818404270021,0.009100969450849062,1.0848981669131343,-7.410654270974886,481.3700524441224,0.0,0.972468050550176,0,0,1,0.2537522901224139,0.28022501523513055
2024-03-08 00:00:00+00:00,40308.45873632618,0.0024806313926486467,0.27369612110182584,0.2684948842685188,0.01325894686600042,1.5993769821919335,-8.578216938713474,109.92059642829982,0.0,0.9689109880248944,0,0,1,0.2716527099483543,0.29999289759008196
2024-03-09 00:00:00+00:00,40299.967740990236,-0.00021065045903856383,0.28628274068564225,0.28465922113721676,0.012618109892596558,1.525852401004093,-3.700961870600102,-3.2641810643266655,0.0,0.9692478932115215,0,0,1,0.28631552342422084,0.31618541008989975
2024-03-10 00:00:00+00:00,40496.327908712236,0.004872464637788676,0.2887998260961138,0.2821955570841081,0.0013440772457462152,0.16249946743232885,-10.271080977254273,206.79374816668613,0.0,0.9678719525733688,0,0,1,0.28507967701231673,0.31482063391610826
2024-03-11 00:00:00+00:00,40672.78775869537,0.004357428416248421,0.31726851280422225,0.30612982913262426,0.02515602906946329,3.056185523841859,-11.577393760822915,191.0934292678019,0.0,0.9583794940834729,0,0,1,0.3139570460760749,0.34671063649278777
2024-03-12 00:00:00+00:00,40487.65255639651,-0.004551819840755256,0.3375997530620289,0.3280406475299534,0.17179725302083793,20.96227172873457,-16.340782884220545,-147.83214768591245,0.0,0.9496819873040283,0,0,1,0.3398682359659453,0.3753250130493363
2024-03-13 00:00:00+00:00,41282.99991163844,0.01964419532928141,0.3267487222447785,0.3111948294409157,0.16740298530686396,20.333573617845502,-17.273691906288747,832.9546207660637,0.0,0.9661906437044022,0,0,1,0.3127620010946406,0.34539091836150493
2024-03-14 00:00:00+00:00,41380.08350684402,0.0023516603786879475,0.43190759949934393,0.41819673735033863,0.2669657422500764,33.063629728823564,-16.076747118646136,146.22397205304247,0.0,0.9384358923428949,0,0,1,0.4297287500134982,0.4745602314028905
2024-03-15 00:00:00+00:00,41030.871608676105,-0.00843912985603712,0.4395348861153426,0.42468396805985,0.019958261275522537,2.4776253349871,-10.310200626827264,-336.4240722060997,0.0,0.9253562474548395,0,0,1,0.4439826735483965,0.49030119649053705
2024-03-16 00:00:00+00:00,40376.68080353915,-0.015943868104391523,0.3833796326984717,0.37999835642157176,0.21250503643850083,26.15802857082089,-7.359356315581516,-620.6734202505594,0.0,0.9417694810195633,0,0,1,0.3926496798955511,0.4336128847456695
2024-03-17 00:00:00+00:00,40908.661115201925,0.013175434460579671,0.30601669638137446,0.2918141796227682,0.21113440429478827,25.574694856565607,-3.620410188306823,561.1754167076454,0.0,0.9640072993332978,0,0,1,0.2963371232603039,0.32725251401787614
2024-03-18 00:00:00+00:00,40609.54863313372,-0.007311715267969254,0.37028240435467585,0.3664204832664337,0.06855440310244013,8.413336153519161,-7.673084914775757,-283.0260609999028,0.0,0.9507781826426722,0,0,1,0.3745652941203033,0.4136418441811014
2024-03-19 00:00:00+00:00,39186.41538016362,-0.035044301177210246,0.30647009640808975,0.3029229868941217,0.03967662362990342,4.833749330691317,-3.61053781911685,-1414.6889658202924,0.0,0.9310871728098039,0,0,1,0.3306057807247724,0.36509625152832603
2024-03-20 00:00:00+00:00,40186.01380481476,0.025508799795888937,0.25277614780456276,0.2281515642576803,0.28048659117921265,32.973481098979605,-4.0603761415938715,1036.6322818917106,0.0,0.9702812317833329,0,0,1,0.23295908209325106,0.25726255434877376
2024-03-21 00:00:00+00:00,39896.707330775615,-0.007199183164678047,0.26564909213312493,0.2615993635066939,0.01801390404596988,2.171713979227902,-4.27648993917168,-282.8582701207385,0.0,0.9616701277763187,0,0,1,0.2707876396436061,0.29903757876631654
2024-03-22 00:00:00+00:00,39831.47902971726,-0.001634929432084764,0.2587347214128923,0.24976637615258546,0.008225373857310616,0.9844959192058736,-3.2597385361817315,-60.98406660297221,0.0,0.9618990909751032,0,0,1,0.2598466082170535,0.2869551234839832
2024-03-23 00:00:00+00:00,39904.22880510039,0.0018264392173048538,0.2588356171450447,0.25339937352694963,0.005401439526330601,0.6454428061333956,-3.587495648135507,76.9827138374048,0.0,0.9694467707104502,0,0,1,0.257380780448179,0.28423204806359303
2024-03-24 00:00:00+00:00,40435.51257294445,0.013313971570255045,0.26999191468932143,0.2583736450576565,0.005844708650705217,0.6996869369790091,-5.0698255906447125,537.0532803716767,0.0,0.9718335254020082,0,0,1,0.2601338149146475,0.2872722930400494
2024-03-25 00:00:00+00:00,40771.9738445072,0.008320934993856888,0.31101495237717164,0.3019979617919679,0.03501083731143597,4.2470464980505795,-8.336921571486936,349.0452396322861,0.0,0.9655232165194955,0,0,1,0.30500327473426914,0.3368227623401684
2024-03-26 00:00:00+00:00,40846.777790180546,0.0018346903183699137,0.35627436243816535,0.3515024973642359,0.16224487937531434,19.84497362234013,-12.950773400134649,107.59969269581944,0.0,0.959987481666459,0,0,1,0.35445633041770447,0.39143501145771975
2024-03-27 00:00:00+00:00,40556.53924917622,-0.007105543122525093,0.3613990406385285,0.35630901790763414,0.009263546632904837,1.1351639006419265,-15.565020821664712,-273.53835628203234,0.0,0.9505111481553229,0,0,1,0.3655412026854188,0.4036763137868582
2024-03-28 00:00:00+00:00,40765.58428249486,0.00515441004554873,0.3269842126970677,0.3189941481391972,0.1647611296707794,20.046444400177663,-14.955833834410104,244.04731155323006,0.0,0.9621967857615376,0,0,1,0.3228124258035229,0.35648985431911706
2024-03-29 00:00:00+00:00,40961.617029455076,0.004808780504696131,0.35713322340305603,0.3472593974302754,0.026589818291931765,3.251854525207378,-16.96550930625163,216.25011079166924,0.0,0.9558578499653664,0,0,1,0.3535752912528421,0.39046205782141086
2024-03-30 00:00:00+00:00,40755.042601326124,-0.005043121905573322,0.3800047895919346,0.37777512871438523,0.20502618577887416,25.194612308652456,-14.104251226812028,-167.2755645934862,0.0,0.9544717502175183,0,0,1,0.38240730451725635,0.4223019728518618
2024-03-31 00:00:00+00:00,41040.251252750604,0.006998119330028585,0.357216373948333,0.35163949844586556,0.20104546831508294,24.580884980970872,-12.496654360604108,322.2861907660504,0.0,0.9636858917114418,0,0,1,0.35202157442703125,0.38874624938092794
2024-04-01 00:00:00+00:00,40327.131703558916,-0.017376100960003082,0.38414072458743315,0.3774802027227458,0.2107139151251575,25.94337012937313,-18.790537540096683,-668.3856415222205,0.0,0.9361188796600047,0,0,1,0.39400368853474044,0.43510815042923157
2024-04-02 00:00:00+00:00,39783.09755242815,-0.013490524323175546,0.27966952143911544,0.2733776201138283,0.09509738794496582,11.5049950263705,-5.679188999020653,-526.8499671053752,0.0,0.951421887368764,0,0,1,0.28904228539390503,0.31919664168953865
2024-04-03 00:00:00+00:00,39749.221195603335,-0.0008515263744903745,0.1976960793153537,0.191576722310222,0.08156903012020808,9.735154232240575,-3.266447208047396,-20.874755384532328,0.0,0.9726937494809361,0,0,1,0.19809665736077953,0.2821995956997071
2024-04-04 00:00:00+00:00,39909.50059184867,0.004032265071474361,0.2006782850006984,0.1954789826866714,0.11947679230239741,14.247341925722985,-2.297391303636334,176.8241294746951,0.0,0.9781132224292103,0,0,1,0.19711039642333938,0.28079461269036166
2024-04-05 00:00:00+00:00,39747.32676689578,-0.004063539321412013,0.19855902393778674,0.19507201697079335,0.003087861156800165,0.36970231254476676,-0.03120950446837034,-161.77291313586122,0.0,0.9722862148040974,0,0,1,0.20180175407676348,0.2874777099758846
2024-04-06 00:00:00+00:00,39878.8966390385,0.0033101565022055635,0.19970837507595304,0.1963974258618047,0.0037668271417658668,0.44916637250579927,0.2180224220177156,131.80101609320428,0.0,0.9795407954652039,0,0,1,0.1970600662757933,0.28072291462398213
2024-04-07 00:00:00+00:00,39916.14724764806,0.0009340932610730768,0.20164198151240767,0.200021797797446,0.0013646439402817596,0.16326069308795968,0.7123265781636062,36.701542724481776,0.0,0.9789094609655007,0,0,1,0.20090696066763714,0.28620302749686466
2024-04-08 00:00:00+00:00,40054.240395065375,0.0034595810703010876,0.20480567488974616,0.20058313887077744,0.0006104331248579202,0.07309878521521773,-1.8406670646292462,140.00691326716145,0.0,0.9781894740822558,0,0,1,0.2020110971025668,0.2877759306426607
2024-04-09 00:00:00+00:00,39836.28023450025,-0.0054416251167249685,0.20180108776585826,0.1995516765609749,0.0022428545324508727,0.2695089818546014,-3.274427330689627,-214.41622425258757,0.0,0.9720674323338597,0,0,1,0.20606184914829556,0.2935464499679946
2024-04-10 00:00:00+00:00,39934.96519681664,0.0024772634828220674,0.20176118725111894,0.19480244520201742,0.003002796605603504,0.35886071515202184,-4.5356148781303744,103.57943790968443,0.0,0.9745925616801886,0,0,1,0.19966261515187747,0.28443038879545235
2024-04-11 00:00:00+00:00,39816.53489582474,-0.0029655791712407398,0.20060599846819183,0.19816645581308884,0.11901516359941973,14.258681939849067,-5.298310808543683,-98.87330824351056,0.0,0.9744597553928476,0,0,1,0.20256389321223775,0.2885634191380845
2024-04-12 00:00:00+00:00,39296.85877231198,-0.013051766681164811,0.18858387232803106,0.17807895783830463,0.0023711860949330115,0.2832371359140827,-3.3904125824898914,-516.0024737943663,0.0,0.9570853898986725,0,0,1,0.19908313899381705,0.2836048931020826
2024-04-13 00:00:00+00:00,38711.343536018874,-0.014899797454183572,0.1714697560583799,0.15224631936490937,0.008249307578652429,0.9725154655481099,1.8502368439400065,-586.392957671501,0.0,0.9480500919937578,0,0,1,0.1838414407003375,0.2618922546683943
2024-04-14 00:00:00+00:00,39028.27241393123,0.00818697696755133,0.17341333944386172,0.16069231109783005,0.006083353228980162,0.7064864664630969,1.496974717955415,316.1383896608749,0.0,0.9769027886300697,0,0,1,0.16667207528134242,0.23743354827620744
2024-04-15 00:00:00+00:00,38768.041423716946,-0.006667755811845533,0.1704090277671206,0.1658430283356264,0.004805319593597516,0.5626302330246017,1.3880351821358425,-261.0563951633924,0.0,0.9714690148269477,0,0,1,0.17596461388638882,0.25067128117036785
2024-04-16 00:00:00+00:00,38667.16205053965,-0.0026021271509367727,0.16608639704829767,0.15937584774320013,0.005119933369871652,0.5954712394037501,3.4488962848249964,-103.73279822271898,0.0,0.9735594064451882,0,0,1,0.16833514961263846,0.23980268923074444
2024-04-17 00:00:00+00:00,38460.397959135116,-0.005347278684023515,0.16089577701170663,0.15651810385415568,0.0021258668042361826,0.24660410375210084,-0.15800561358348558,-206.35948168719406,0.0,0.9740063621774293,0,0,1,0.1653746291307867,0.23558526479678388
2024-04-18 00:00:00+00:00,38632.3553855963,0.004471025667594164,0.1363277743633008,0.12990313375652804,0.08143678721856505,9.396284081189513,1.0063284161803545,180.34738212617506,0.0,0.9840713791090351,0,0,1,0.1322814015681129,0.2269454749846963
2024-04-19 00:00:00+00:00,38672.119439456845,0.0010292940584040178,0.13752565476014186,0.1278312188969784,0.06392720543835058,7.408971354553313,-0.16176589490493573,47.33479111001242,0.0,0.9772537816112079,0,0,1,0.13646762827451508,0.23412747636218312
2024-04-20 00:00:00+00:00,38861.596244155866,0.00489957125302265,0.1416579597668955,0.13523890485031403,0.0009929945647677199,0.11520342004807026,-0.5202563888373453,190.1122645079102,0.0,0.9839680026801241,0,0,1,0.1374349827641932,0.23578709533761055
2024-04-21 00:00:00+00:00,38832.11923505124,-0.0007585125664789638,0.14141095441557983,0.13938367415462236,0.0019168268365403786,0.22347321674571252,-0.23752454915165241,-29.01601133872263,0.0,0.982998070824728,0,0,1,0.14205256049519524,0.24370913395391158
2024-04-22 00:00:00+00:00,39032.452702022056,0.005158963016110185,0.14575334793533137,0.14030433631979608,0.002032951144897288,0.23683092659237492,-0.31522436436922874,200.88552226177947,0.0,0.9847858268857527,0,0,1,0.14133123645478837,0.2424716113314761
2024-04-23 00:00:00+00:00,38997.01293018141,-0.0009079565691451075,0.14543491795776622,0.14386858514111658,0.0016928986831868942,0.19823395091958718,0.21460713388095182,-35.456145023608265,0.0,0.9829103909440512,0,0,1,0.14621193447504088,0.2508450660827303
2024-04-24 00:00:00+00:00,38828.128491968775,-0.004330701905681744,0.14160574746327162,0.1395944676137228,0.0006929588485038171,0.08106995263358681,1.070813152899966,-169.87418141289749,0.0,0.9794441321950665,0,0,1,0.1453486378945254,0.24936397161143475
2024-04-25 00:00:00+00:00,38834.62917380166,0.00016742197178598595,0.1415202106534271,0.13859026754088005,0.0650534191385871,7.577715766340136,1.0546184066682223,13.023779192556313,0.0,0.9829191578162436,0,0,1,0.14123697784783967,0.24230989876968134
2024-04-26 00:00:00+00:00,38765.34252598364,-0.0017841459875395094,0.13978422990416098,0.13842632373396183,0.0004650759678845881,0.05418333913593233,2.981591059170126,-72.21405553806548,0.0,0.9827552729841199,0,0,1,0.1413974254270326,0.2425851668847635
2024-04-27 00:00:00+00:00,38739.51055008057,-0.0006663677971050497,0.1390894088164935,0.1359587011708504,0.001456635485231112,0.16940067325177915,1.838646066584765,-27.50122129640199,0.0,0.9821224216388216,0,0,1,0.13970550671070003,0.23968246633758283
2024-04-28 00:00:00+00:00,38721.12500557128,-0.00047459413524397753,0.1385840538189003,0.13788169506913434,0.0003801179673007183,0.04417674911048562,3.3270075154910987,-21.668375275667824,0.0,0.984842526420355,0,0,1,0.13907771994957663,0.2386054187481007
2024-04-29 00:00:00+00:00,38687.331349802014,-0.0008727446778574732,0.13778910486215243,0.1341444161144006,0.0008466825953561917,0.09835357879965227,3.5111820893272907,-37.206484279796705,0.0,0.9814712315890922,0,0,1,0.1386307070498901,0.23783851158170355
2024-04-30 00:00:00+00:00,38417.81437109616,-0.006966543550624982,0.13171850468218957,0.12806874879573454,0.0015782331002244386,0.1831727617025506,1.6880227857281753,-271.02182872988146,0.0,0.9761635998569038,0,0,1,0.13780641569374322,0.23642433550608788
2024-05-01 00:00:00+00:00,38272.279423444386,-0.0037882151817899556,0.1279235986800578,0.12222288391813278,0.002149507176074482,0.24773810303930566,0.8334610430328191,-146.12067059176414,0.0,0.9776205730109443,0,0,1,0.13124330419713182,0.22516448764902497
2024-05-02 00:00:00+00:00,38315.303417504176,0.0011241555169414497,0.12884759514468594,0.12316627813498206,0.07568122163862281,8.689471295728449,1.0988822210885851,50.614583134423356,0.0,0.9823554185808733,0,0,1,0.12769821441855606,0.2190824377604924
2024-05-03 00:00:00+00:00,38620.57916773406,0.007967462684646875,0.13560377137633808,0.12793349139074503,0.0009713571104220739,0.11165317423398552,1.2415857564638935,304.14581764765603,0.0,0.9862864393431819,0,0,1,0.12874383765738082,0.22087633667430107
2024-05-04 00:00:00+00:00,38772.497851400294,0.003933620026940421,0.1397154270621927,0.1356516447738076,0.07690472371718919,8.910352981751277,1.915451267691559,158.913585380288,0.0,0.9855982603364145,0,0,1,0.1361853866433123,0.23364325514669504
2024-05-05 00:00:00+00:00,38789.70657614364,0.00044383843437945103,0.14039235401910838,0.13742153297973805,0.06589001211066536,7.664176733267878,1.57059463670172,23.302306839910322,0.0,0.9832489639340747,0,0,1,0.13988307443312442,0.23998710622368813
2024-05-06 00:00:00+00:00,38785.64247361532,-0.00010477270613895584,0.14021222715772128,0.13787179722986334,0.0006013639776114571,0.06998037389944671,-0.011818141370972202,-3.9823040130516176,0.0,0.9834303471453305,0,0,1,0.14030263053626543,0.2407069077829499
2024-05-07 00:00:00+00:00,38769.307839811045,-0.00042115155924993264,0.0,0.0,0.14021178313982188,16.31460384904043,0.0,-0.02002995523738965,0.0,0.9995793646505806,0,0,1,0.0,0.240532161891171
2024-05-08 00:00:00+00:00,38769.307839811045,0.0,0.0,0.0,0.0,0.0,0.0,0.0,0.0,1.0,0,0,0,0.0,0.2398505087790085
2024-05-09 00:00:00+00:00,38769.307839811045,0.0,0.0,0.0,0.0,0.0,0.0,0.0,0.0,1.0,0,0,0,0.0,0.2398505087790085
2024-05-10 00:00:00+00:00,38769.307839811045,0.0,0.0,0.0,0.0,0.0,0.0,0.0,0.0,1.0,0,0,0,0.0,0.2398505087790085
2024-05-11 00:00:00+00:00,38769.307839811045,0.0,0.0,0.0,0.0,0.0,0.0,0.0,0.0,1.0,0,0,0,0.0,0.2398505087790085
2024-05-12 00:00:00+00:00,38769.307839811045,0.0,0.0,0.0,0.0,0.0,0.0,0.0,0.0,1.0,0,0,0,0.0,0.2398505087790085
2024-05-13 00:00:00+00:00,38769.307839811045,0.0,0.0,0.0,0.0,0.0,0.0,0.0,0.0,1.0,0,0,0,0.0,0.2398505087790085
2024-05-14 00:00:00+00:00,38769.307839811045,0.0,0.0,0.0,0.0,0.0,0.0,0.0,0.0,1.0,0,0,0,0.0,0.2398505087790085
2024-05-15 00:00:00+00:00,38769.307839811045,0.0,0.0,0.0,0.0,0.0,0.0,0.0,0.0,1.0,0,0,0,0.0,0.2398505087790085
2024-05-16 00:00:00+00:00,38769.307839811045,0.0,0.0,0.0,0.0,0.0,0.0,0.0,0.0,1.0,0,0,0,0.0,0.2398505087790085
2024-05-17 00:00:00+00:00,38769.307839811045,0.0,0.0,0.0,0.0,0.0,0.0,0.0,0.0,1.0,0,0,0,0.0,0.2398505087790085
2024-05-18 00:00:00+00:00,38769.307839811045,0.0,0.0,0.0,0.0,0.0,0.0,0.0,0.0,1.0,0,0,0,0.0,0.2398505087790085
2024-05-19 00:00:00+00:00,38769.307839811045,0.0,0.0,0.0,0.0,0.0,0.0,0.0,0.0,1.0,0,0,0,0.0,0.2398505087790085
2024-05-20 00:00:00+00:00,38769.307839811045,0.0,0.0,0.0,0.0,0.0,0.0,0.0,0.0,1.0,0,0,0,0.0,0.2398505087790085
2024-05-21 00:00:00+00:00,38769.307839811045,0.0,0.0,0.0,0.0,0.0,0.0,0.0,0.0,1.0,0,0,0,0.0,0.2398505087790085
2024-05-22 00:00:00+00:00,38769.307839811045,0.0,0.0,0.0,0.0,0.0,0.0,0.0,0.0,1.0,0,0,0,0.0,0.2398505087790085
2024-05-23 00:00:00+00:00,38769.307839811045,0.0,0.0,0.0,0.0,0.0,0.0,0.0,0.0,1.0,0,0,0,0.0,0.2398505087790085
2024-05-24 00:00:00+00:00,38769.307839811045,0.0,0.0,0.0,0.0,0.0,0.0,0.0,0.0,1.0,0,0,0,0.0,0.2398505087790085
2024-05-25 00:00:00+00:00,38769.307839811045,0.0,0.0,0.0,0.0,0.0,0.0,0.0,0.0,1.0,0,0,0,0.0,0.2398505087790085
2024-05-26 00:00:00+00:00,38769.307839811045,0.0,0.0,0.0,0.0,0.0,0.0,0.0,0.0,1.0,0,0,0,0.0,0.2398505087790085
2024-05-27 00:00:00+00:00,38769.307839811045,0.0,0.0,0.0,0.0,0.0,0.0,0.0,0.0,1.0,0,0,0,0.0,0.2398505087790085
2024-05-28 00:00:00+00:00,38769.307839811045,0.0,0.0,0.0,0.0,0.0,0.0,0.0,0.0,1.0,0,0,0,0.0,0.2398505087790085
2024-05-29 00:00:00+00:00,38769.307839811045,0.0,0.0,0.0,0.0,0.0,0.0,0.0,0.0,1.0,0,0,0,0.0,0.2398505087790085
2024-05-30 00:00:00+00:00,38769.307839811045,0.0,0.0,0.0,0.0,0.0,0.0,0.0,0.0,1.0,0,0,0,0.0,0.2398505087790085
2024-05-31 00:00:00+00:00,38769.307839811045,0.0,0.0,0.0,0.0,0.0,0.0,0.0,0.0,1.0,0,0,0,0.0,0.2398505087790085
2024-06-01 00:00:00+00:00,38769.307839811045,0.0,0.0,0.0,0.0,0.0,0.0,0.0,0.0,1.0,0,0,0,0.0,0.2398505087790085
2024-06-02 00:00:00+00:00,38769.307839811045,0.0,0.0,0.0,0.0,0.0,0.0,0.0,0.0,1.0,0,0,0,0.0,0.2398505087790085
2024-06-03 00:00:00+00:00,38769.307839811045,0.0,0.0,0.0,0.0,0.0,0.0,0.0,0.0,1.0,0,0,0,0.0,0.2398505087790085
2024-06-04 00:00:00+00:00,38769.307839811045,0.0,0.0,0.0,0.0,0.0,0.0,0.0,0.0,1.0,0,0,0,0.0,0.2398505087790085
2024-06-05 00:00:00+00:00,38769.307839811045,0.0,0.0,0.0,0.0,0.0,0.0,0.0,0.0,1.0,0,0,0,0.0,0.2398505087790085
2024-06-06 00:00:00+00:00,38769.307839811045,0.0,0.0,0.0,0.0,0.0,0.0,0.0,0.0,1.0,0,0,0,0.0,0.2398505087790085
2024-06-07 00:00:00+00:00,38769.307839811045,0.0,0.0,0.0,0.0,0.0,0.0,0.0,0.0,1.0,0,0,0,0.0,0.2398505087790085
2024-06-08 00:00:00+00:00,38769.307839811045,0.0,0.0,0.0,0.0,0.0,0.0,0.0,0.0,1.0,0,0,0,0.0,0.2398505087790085
2024-06-09 00:00:00+00:00,38769.307839811045,0.0,0.0,0.0,0.0,0.0,0.0,0.0,0.0,1.0,0,0,0,0.0,0.2398505087790085
2024-06-10 00:00:00+00:00,38769.307839811045,0.0,0.0,0.0,0.0,0.0,0.0,0.0,0.0,1.0,0,0,0,0.0,0.2398505087790085
2024-06-11 00:00:00+00:00,38769.307839811045,0.0,0.0,0.0,0.0,0.0,0.0,0.0,0.0,1.0,0,0,0,0.0,0.2398505087790085
2024-06-12 00:00:00+00:00,38769.307839811045,0.0,0.0,0.0,0.0,0.0,0.0,0.0,0.0,1.0,0,0,0,0.0,0.2398505087790085
2024-06-13 00:00:00+00:00,38769.307839811045,0.0,0.0,0.0,0.0,0.0,0.0,0.0,0.0,1.0,0,0,0,0.0,0.2398505087790085
2024-06-14 00:00:00+00:00,38769.307839811045,0.0,0.0,0.0,0.0,0.0,0.0,0.0,0.0,1.0,0,0,0,0.0,0.2398505087790085
2024-06-15 00:00:00+00:00,38769.307839811045,0.0,0.0,0.0,0.0,0.0,0.0,0.0,0.0,1.0,0,0,0,0.0,0.2398505087790085
2024-06-16 00:00:00+00:00,38769.307839811045,0.0,0.0,0.0,0.0,0.0,0.0,0.0,0.0,1.0,0,0,0,0.0,0.2398505087790085
2024-06-17 00:00:00+00:00,38769.307839811045,0.0,0.0,0.0,0.0,0.0,0.0,0.0,0.0,1.0,0,0,0,0.0,0.2398505087790085
2024-06-18 00:00:00+00:00,38769.307839811045,0.0,0.0,0.0,0.0,0.0,0.0,0.0,0.0,1.0,0,0,0,0.0,0.2398505087790085
2024-06-19 00:00:00+00:00,38769.307839811045,0.0,0.0,0.0,0.0,0.0,0.0,0.0,0.0,1.0,0,0,0,0.0,0.2398505087790085
2024-06-20 00:00:00+00:00,38769.307839811045,0.0,0.0,0.0,0.0,0.0,0.0,0.0,0.0,1.0,0,0,0,0.0,0.2398505087790085
2024-06-21 00:00:00+00:00,38769.307839811045,0.0,0.0,0.0,0.0,0.0,0.0,0.0,0.0,1.0,0,0,0,0.0,0.2398505087790085
2024-06-22 00:00:00+00:00,38769.307839811045,0.0,0.0,0.0,0.0,0.0,0.0,0.0,0.0,1.0,0,0,0,0.0,0.2398505087790085
2024-06-23 00:00:00+00:00,38769.307839811045,0.0,0.0,0.0,0.0,0.0,0.0,0.0,0.0,1.0,0,0,0,0.0,0.2398505087790085
2024-06-24 00:00:00+00:00,38769.307839811045,0.0,0.0,0.0,0.0,0.0,0.0,0.0,0.0,1.0,0,0,0,0.0,0.2398505087790085
2024-06-25 00:00:00+00:00,38769.307839811045,0.0,0.0,0.0,0.0,0.0,0.0,0.0,0.0,1.0,0,0,0,0.0,0.2398505087790085
2024-06-26 00:00:00+00:00,38769.307839811045,0.0,0.0,0.0,0.0,0.0,0.0,0.0,0.0,1.0,0,0,0,0.0,0.2398505087790085
2024-06-27 00:00:00+00:00,38769.307839811045,0.0,0.0,0.0,0.0,0.0,0.0,0.0,0.0,1.0,0,0,0,0.0,0.2398505087790085
2024-06-28 00:00:00+00:00,38769.307839811045,0.0,0.0,0.0,0.0,0.0,0.0,0.0,0.0,1.0,0,0,0,0.0,0.2398505087790085
2024-06-29 00:00:00+00:00,38769.307839811045,0.0,0.0,0.0,0.0,0.0,0.0,0.0,0.0,1.0,0,0,0,0.0,0.2398505087790085
2024-06-30 00:00:00+00:00,38769.307839811045,0.0,0.0,0.0,0.0,0.0,0.0,0.0,0.0,1.0,0,0,0,0.0,0.2398505087790085
2024-07-01 00:00:00+00:00,38769.307839811045,0.0,0.0,0.0,0.0,0.0,0.0,0.0,0.0,1.0,0,0,0,0.0,0.2398505087790085
2024-07-02 00:00:00+00:00,38769.307839811045,0.0,0.0,0.0,0.0,0.0,0.0,0.0,0.0,1.0,0,0,0,0.0,0.2398505087790085
2024-07-03 00:00:00+00:00,38769.307839811045,0.0,0.0,0.0,0.0,0.0,0.0,0.0,0.0,1.0,0,0,0,0.0,0.2398505087790085
2024-07-04 00:00:00+00:00,38769.307839811045,0.0,0.0,0.0,0.0,0.0,0.0,0.0,0.0,1.0,0,0,0,0.0,0.2398505087790085
2024-07-05 00:00:00+00:00,38769.307839811045,0.0,0.0,0.0,0.0,0.0,0.0,0.0,0.0,1.0,0,0,0,0.0,0.2398505087790085
2024-07-06 00:00:00+00:00,38769.307839811045,0.0,0.0,0.0,0.0,0.0,0.0,0.0,0.0,1.0,0,0,0,0.0,0.2398505087790085
2024-07-07 00:00:00+00:00,38769.307839811045,0.0,0.0,0.0,0.0,0.0,0.0,0.0,0.0,1.0,0,0,0,0.0,0.2398505087790085
2024-07-08 00:00:00+00:00,38769.307839811045,0.0,0.0,0.0,0.0,0.0,0.0,0.0,0.0,1.0,0,0,0,0.0,0.2398505087790085
2024-07-09 00:00:00+00:00,38769.307839811045,0.0,0.0,0.0,0.0,0.0,0.0,0.0,0.0,1.0,0,0,0,0.0,0.2398505087790085
2024-07-10 00:00:00+00:00,38769.307839811045,0.0,0.0,0.0,0.0,0.0,0.0,0.0,0.0,1.0,0,0,0,0.0,0.2398505087790085
2024-07-11 00:00:00+00:00,38769.307839811045,0.0,0.0,0.0,0.0,0.0,0.0,0.0,0.0,1.0,0,0,0,0.0,0.2398505087790085
2024-07-12 00:00:00+00:00,38769.307839811045,0.0,0.0,0.0,0.0,0.0,0.0,0.0,0.0,1.0,0,0,0,0.0,0.2398505087790085
2024-07-13 00:00:00+00:00,38769.307839811045,0.0,0.0,0.0,0.0,0.0,0.0,0.0,0.0,1.0,0,0,0,0.0,0.2398505087790085
2024-07-14 00:00:00+00:00,38769.307839811045,0.0,0.0,0.0,0.0,0.0,0.0,0.0,0.0,1.0,0,0,0,0.0,0.2398505087790085
2024-07-15 00:00:00+00:00,38769.307839811045,0.0,0.0,0.0,0.0,0.0,0.0,0.0,0.0,1.0,0,0,0,0.0,0.2398505087790085
2024-07-16 00:00:00+00:00,38769.307839811045,0.0,0.0,0.0,0.0,0.0,0.0,0.0,0.0,1.0,0,0,0,0.0,0.2398505087790085
2024-07-17 00:00:00+00:00,38769.307839811045,0.0,0.0,0.0,0.0,0.0,0.0,0.0,0.0,1.0,0,0,0,0.0,0.2398505087790085
2024-07-18 00:00:00+00:00,38769.307839811045,0.0,0.0,0.0,0.0,0.0,0.0,0.0,0.0,1.0,0,0,0,0.0,0.2398505087790085
2024-07-19 00:00:00+00:00,38769.307839811045,0.0,0.0,0.0,0.0,0.0,0.0,0.0,0.0,1.0,0,0,0,0.0,0.2398505087790085
2024-07-20 00:00:00+00:00,38769.307839811045,0.0,0.0,0.0,0.0,0.0,0.0,0.0,0.0,1.0,0,0,0,0.0,0.2398505087790085
2024-07-21 00:00:00+00:00,38769.307839811045,0.0,0.0,0.0,0.0,0.0,0.0,0.0,0.0,1.0,0,0,0,0.0,0.2398505087790085
2024-07-22 00:00:00+00:00,38769.307839811045,0.0,0.0,0.0,0.0,0.0,0.0,0.0,0.0,1.0,0,0,0,0.0,0.2398505087790085
2024-07-23 00:00:00+00:00,38769.307839811045,0.0,0.0,0.0,0.0,0.0,0.0,0.0,0.0,1.0,0,0,0,0.0,0.2398505087790085
2024-07-24 00:00:00+00:00,38769.307839811045,0.0,0.0,0.0,0.0,0.0,0.0,0.0,0.0,1.0,0,0,0,0.0,0.2398505087790085
2024-07-25 00:00:00+00:00,38769.307839811045,0.0,0.0,0.0,0.0,0.0,0.0,0.0,0.0,1.0,0,0,0,0.0,0.2398505087790085
2024-07-26 00:00:00+00:00,38769.307839811045,0.0,0.0,0.0,0.0,0.0,0.0,0.0,0.0,1.0,0,0,0,0.0,0.2398505087790085
2024-07-27 00:00:00+00:00,38769.307839811045,0.0,0.0,0.0,0.0,0.0,0.0,0.0,0.0,1.0,0,0,0,0.0,0.2398505087790085
2024-07-28 00:00:00+00:00,38769.307839811045,0.0,0.0,0.0,0.0,0.0,0.0,0.0,0.0,1.0,0,0,0,0.0,0.2398505087790085
2024-07-29 00:00:00+00:00,38769.307839811045,0.0,0.0,0.0,0.0,0.0,0.0,0.0,0.0,1.0,0,0,0,0.0,0.2398505087790085
2024-07-30 00:00:00+00:00,38769.307839811045,0.0,0.0,0.0,0.0,0.0,0.0,0.0,0.0,1.0,0,0,0,0.0,0.2398505087790085
2024-07-31 00:00:00+00:00,38769.307839811045,0.0,0.0,0.0,0.0,0.0,0.0,0.0,0.0,1.0,0,0,0,0.0,0.2398505087790085
2024-08-01 00:00:00+00:00,38769.307839811045,0.0,0.0,0.0,0.0,0.0,0.0,0.0,0.0,1.0,0,0,0,0.0,0.2398505087790085
2024-08-02 00:00:00+00:00,38769.307839811045,0.0,0.0,0.0,0.0,0.0,0.0,0.0,0.0,1.0,0,0,0,0.0,0.2398505087790085
2024-08-03 00:00:00+00:00,38769.307839811045,0.0,0.0,0.0,0.0,0.0,0.0,0.0,0.0,1.0,0,0,0,0.0,0.2398505087790085
2024-08-04 00:00:00+00:00,38769.307839811045,0.0,0.0,0.0,0.0,0.0,0.0,0.0,0.0,1.0,0,0,0,0.0,0.2398505087790085
2024-08-05 00:00:00+00:00,38769.307839811045,0.0,0.0,0.0,0.0,0.0,0.0,0.0,0.0,1.0,0,0,0,0.0,0.2398505087790085
2024-08-06 00:00:00+00:00,38769.307839811045,0.0,0.0,0.0,0.0,0.0,0.0,0.0,0.0,1.0,0,0,0,0.0,0.2398505087790085
2024-08-07 00:00:00+00:00,38769.307839811045,0.0,0.0,0.0,0.0,0.0,0.0,0.0,0.0,1.0,0,0,0,0.0,0.2398505087790085
2024-08-08 00:00:00+00:00,38769.307839811045,0.0,0.0,0.0,0.0,0.0,0.0,0.0,0.0,1.0,0,0,0,0.0,0.2398505087790085
2024-08-09 00:00:00+00:00,38769.307839811045,0.0,0.0,0.0,0.0,0.0,0.0,0.0,0.0,1.0,0,0,0,0.0,0.2398505087790085
2024-08-10 00:00:00+00:00,38769.307839811045,0.0,0.0,0.0,0.0,0.0,0.0,0.0,0.0,1.0,0,0,0,0.0,0.2398505087790085
2024-08-11 00:00:00+00:00,38769.307839811045,0.0,0.0,0.0,0.0,0.0,0.0,0.0,0.0,1.0,0,0,0,0.0,0.2398505087790085
2024-08-12 00:00:00+00:00,38769.307839811045,0.0,0.0,0.0,0.0,0.0,0.0,0.0,0.0,1.0,0,0,0,0.0,0.2398505087790085
2024-08-13 00:00:00+00:00,38769.307839811045,0.0,0.0,0.0,0.0,0.0,0.0,0.0,0.0,1.0,0,0,0,0.0,0.2398505087790085
2024-08-14 00:00:00+00:00,38769.307839811045,0.0,0.0,0.0,0.0,0.0,0.0,0.0,0.0,1.0,0,0,0,0.0,0.2398505087790085
2024-08-15 00:00:00+00:00,38769.307839811045,0.0,0.0,0.0,0.0,0.0,0.0,0.0,0.0,1.0,0,0,0,0.0,0.2398505087790085
2024-08-16 00:00:00+00:00,38769.307839811045,0.0,0.0,0.0,0.0,0.0,0.0,0.0,0.0,1.0,0,0,0,0.0,0.2398505087790085
2024-08-17 00:00:00+00:00,38769.307839811045,0.0,0.0,0.0,0.0,0.0,0.0,0.0,0.0,1.0,0,0,0,0.0,0.2398505087790085
2024-08-18 00:00:00+00:00,38769.307839811045,0.0,0.0,0.0,0.0,0.0,0.0,0.0,0.0,1.0,0,0,0,0.0,0.2398505087790085
2024-08-19 00:00:00+00:00,38769.307839811045,0.0,0.0,0.0,0.0,0.0,0.0,0.0,0.0,1.0,0,0,0,0.0,0.2398505087790085
2024-08-20 00:00:00+00:00,38769.307839811045,0.0,0.0,0.0,0.0,0.0,0.0,0.0,0.0,1.0,0,0,0,0.0,0.2398505087790085
2024-08-21 00:00:00+00:00,38769.307839811045,0.0,0.0,0.0,0.0,0.0,0.0,0.0,0.0,1.0,0,0,0,0.0,0.2398505087790085
2024-08-22 00:00:00+00:00,38769.307839811045,0.0,0.0,0.0,0.0,0.0,0.0,0.0,0.0,1.0,0,0,0,0.0,0.2398505087790085
2024-08-23 00:00:00+00:00,38769.307839811045,0.0,0.0,0.0,0.0,0.0,0.0,0.0,0.0,1.0,0,0,0,0.0,0.2398505087790085
2024-08-24 00:00:00+00:00,38769.307839811045,0.0,0.0,0.0,0.0,0.0,0.0,0.0,0.0,1.0,0,0,0,0.0,0.2398505087790085
2024-08-25 00:00:00+00:00,38769.307839811045,0.0,0.0,0.0,0.0,0.0,0.0,0.0,0.0,1.0,0,0,0,0.0,0.2398505087790085
2024-08-26 00:00:00+00:00,38769.307839811045,0.0,0.0,0.0,0.0,0.0,0.0,0.0,0.0,1.0,0,0,0,0.0,0.2398505087790085
2024-08-27 00:00:00+00:00,38769.307839811045,0.0,0.0,0.0,0.0,0.0,0.0,0.0,0.0,1.0,0,0,0,0.0,0.2398505087790085
2024-08-28 00:00:00+00:00,38769.307839811045,0.0,0.0,0.0,0.0,0.0,0.0,0.0,0.0,1.0,0,0,0,0.0,0.2398505087790085
2024-08-29 00:00:00+00:00,38769.307839811045,0.0,0.0,0.0,0.0,0.0,0.0,0.0,0.0,1.0,0,0,0,0.0,0.2398505087790085
2024-08-30 00:00:00+00:00,38769.307839811045,0.0,0.0,0.0,0.0,0.0,0.0,0.0,0.0,1.0,0,0,0,0.0,0.2398505087790085
2024-08-31 00:00:00+00:00,38769.307839811045,0.0,0.0,0.0,0.0,0.0,0.0,0.0,0.0,1.0,0,0,0,0.0,0.2398505087790085
2024-09-01 00:00:00+00:00,38769.307839811045,0.0,0.0,0.0,0.0,0.0,0.0,0.0,0.0,1.0,0,0,0,0.0,0.2398505087790085
2024-09-02 00:00:00+00:00,38769.307839811045,0.0,0.0,0.0,0.0,0.0,0.0,0.0,0.0,1.0,0,0,0,0.0,0.2398505087790085
2024-09-03 00:00:00+00:00,38769.307839811045,0.0,0.0,0.0,0.0,0.0,0.0,0.0,0.0,1.0,0,0,0,0.0,0.2398505087790085
2024-09-04 00:00:00+00:00,38769.307839811045,0.0,0.0,0.0,0.0,0.0,0.0,0.0,0.0,1.0,0,0,0,0.0,0.2398505087790085
2024-09-05 00:00:00+00:00,38769.307839811045,0.0,0.0,0.0,0.0,0.0,0.0,0.0,0.0,1.0,0,0,0,0.0,0.2398505087790085
2024-09-06 00:00:00+00:00,38769.307839811045,0.0,0.0,0.0,0.0,0.0,0.0,0.0,0.0,1.0,0,0,0,0.0,0.2398505087790085
2024-09-07 00:00:00+00:00,38769.307839811045,0.0,0.0,0.0,0.0,0.0,0.0,0.0,0.0,1.0,0,0,0,0.0,0.2398505087790085
2024-09-08 00:00:00+00:00,38769.307839811045,0.0,0.0,0.0,0.0,0.0,0.0,0.0,0.0,1.0,0,0,0,0.0,0.2398505087790085
2024-09-09 00:00:00+00:00,38769.307839811045,0.0,0.0,0.0,0.0,0.0,0.0,0.0,0.0,1.0,0,0,0,0.0,0.2398505087790085
2024-09-10 00:00:00+00:00,38769.307839811045,0.0,0.0,0.0,0.0,0.0,0.0,0.0,0.0,1.0,0,0,0,0.0,0.2398505087790085
2024-09-11 00:00:00+00:00,38769.307839811045,0.0,0.0,0.0,0.0,0.0,0.0,0.0,0.0,1.0,0,0,0,0.0,0.2398505087790085
2024-09-12 00:00:00+00:00,38769.307839811045,0.0,0.0,0.0,0.0,0.0,0.0,0.0,0.0,1.0,0,0,0,0.0,0.2398505087790085
2024-09-13 00:00:00+00:00,38769.307839811045,0.0,0.0,0.0,0.0,0.0,0.0,0.0,0.0,1.0,0,0,0,0.0,0.2398505087790085
2024-09-14 00:00:00+00:00,38769.307839811045,0.0,0.0,0.0,0.0,0.0,0.0,0.0,0.0,1.0,0,0,0,0.0,0.2398505087790085
2024-09-15 00:00:00+00:00,38769.307839811045,0.0,0.0,0.0,0.0,0.0,0.0,0.0,0.0,1.0,0,0,0,0.0,0.2398505087790085
2024-09-16 00:00:00+00:00,38769.307839811045,0.0,0.0,0.0,0.0,0.0,0.0,0.0,0.0,1.0,0,0,0,0.0,0.2398505087790085
2024-09-17 00:00:00+00:00,38769.307839811045,0.0,0.0,0.0,0.0,0.0,0.0,0.0,0.0,1.0,0,0,0,0.0,0.2398505087790085
2024-09-18 00:00:00+00:00,38769.307839811045,0.0,0.0,0.0,0.0,0.0,0.0,0.0,0.0,1.0,0,0,0,0.0,0.2398505087790085
2024-09-19 00:00:00+00:00,38769.307839811045,0.0,0.0,0.0,0.0,0.0,0.0,0.0,0.0,1.0,0,0,0,0.0,0.2398505087790085
2024-09-20 00:00:00+00:00,38769.307839811045,0.0,0.0,0.0,0.0,0.0,0.0,0.0,0.0,1.0,0,0,0,0.0,0.2398505087790085
2024-09-21 00:00:00+00:00,38769.307839811045,0.0,0.0,0.0,0.0,0.0,0.0,0.0,0.0,1.0,0,0,0,0.0,0.2398505087790085
2024-09-22 00:00:00+00:00,38769.307839811045,0.0,0.0,0.0,0.0,0.0,0.0,0.0,0.0,1.0,0,0,0,0.0,0.2398505087790085
2024-09-23 00:00:00+00:00,38769.307839811045,0.0,0.0,0.0,0.0,0.0,0.0,0.0,0.0,1.0,0,0,0,0.0,0.2398505087790085
2024-09-24 00:00:00+00:00,38769.307839811045,0.0,0.0,0.0,0.0,0.0,0.0,0.0,0.0,1.0,0,0,0,0.0,0.2398505087790085
2024-09-25 00:00:00+00:00,38769.307839811045,0.0,0.0,0.0,0.0,0.0,0.0,0.0,0.0,1.0,0,0,0,0.0,0.2398505087790085
2024-09-26 00:00:00+00:00,38769.307839811045,0.0,0.0,0.0,0.0,0.0,0.0,0.0,0.0,1.0,0,0,0,0.0,0.2398505087790085
2024-09-27 00:00:00+00:00,38769.307839811045,0.0,0.0,0.0,0.0,0.0,0.0,0.0,0.0,1.0,0,0,0,0.0,0.2398505087790085
2024-09-28 00:00:00+00:00,38769.307839811045,0.0,0.0,0.0,0.0,0.0,0.0,0.0,0.0,1.0,0,0,0,0.0,0.2398505087790085
2024-09-29 00:00:00+00:00,38769.307839811045,0.0,0.0,0.0,0.0,0.0,0.0,0.0,0.0,1.0,0,0,0,0.0,0.2398505087790085
2024-09-30 00:00:00+00:00,38769.307839811045,0.0,0.0,0.0,0.0,0.0,0.0,0.0,0.0,1.0,0,0,0,0.0,0.2398505087790085
2024-10-01 00:00:00+00:00,38769.307839811045,0.0,0.0,0.0,0.0,0.0,0.0,0.0,0.0,1.0,0,0,0,0.0,0.2398505087790085
2024-10-02 00:00:00+00:00,38769.307839811045,0.0,0.0,0.0,0.0,0.0,0.0,0.0,0.0,1.0,0,0,0,0.0,0.2398505087790085
2024-10-03 00:00:00+00:00,38769.307839811045,0.0,0.0,0.0,0.0,0.0,0.0,0.0,0.0,1.0,0,0,0,0.0,0.2398505087790085
2024-10-04 00:00:00+00:00,38769.307839811045,0.0,0.0,0.0,0.0,0.0,0.0,0.0,0.0,1.0,0,0,0,0.0,0.2398505087790085
2024-10-05 00:00:00+00:00,38769.307839811045,0.0,0.0,0.0,0.0,0.0,0.0,0.0,0.0,1.0,0,0,0,0.0,0.2398505087790085
2024-10-06 00:00:00+00:00,38769.307839811045,0.0,0.0,0.0,0.0,0.0,0.0,0.0,0.0,1.0,0,0,0,0.0,0.2398505087790085
2024-10-07 00:00:00+00:00,38769.307839811045,0.0,0.0,0.0,0.0,0.0,0.0,0.0,0.0,1.0,0,0,0,0.0,0.2398505087790085
2024-10-08 00:00:00+00:00,38769.307839811045,0.0,0.0,0.0,0.0,0.0,0.0,0.0,0.0,1.0,0,0,0,0.0,0.2398505087790085
2024-10-09 00:00:00+00:00,38769.307839811045,0.0,0.0,0.0,0.0,0.0,0.0,0.0,0.0,1.0,0,0,0,0.0,0.2398505087790085
2024-10-10 00:00:00+00:00,38769.307839811045,0.0,0.0,0.0,0.0,0.0,0.0,0.0,0.0,1.0,0,0,0,0.0,0.2398505087790085
2024-10-11 00:00:00+00:00,38769.307839811045,0.0,0.0,0.0,0.0,0.0,0.0,0.0,0.0,1.0,0,0,0,0.0,0.2398505087790085
2024-10-12 00:00:00+00:00,38769.307839811045,0.0,0.0,0.0,0.0,0.0,0.0,0.0,0.0,1.0,0,0,0,0.0,0.2398505087790085
2024-10-13 00:00:00+00:00,38769.307839811045,0.0,0.0,0.0,0.0,0.0,0.0,0.0,0.0,1.0,0,0,0,0.0,0.2398505087790085
2024-10-14 00:00:00+00:00,38769.307839811045,0.0,0.0,0.0,0.0,0.0,0.0,0.0,0.0,1.0,0,0,0,0.0,0.2398505087790085
2024-10-15 00:00:00+00:00,38769.307839811045,0.0,0.0,0.0,0.0,0.0,0.0,0.0,0.0,1.0,0,0,0,0.0,0.2398505087790085
2024-10-16 00:00:00+00:00,38769.307839811045,0.0,0.0,0.0,0.0,0.0,0.0,0.0,0.0,1.0,0,0,0,0.0,0.2398505087790085
2024-10-17 00:00:00+00:00,38696.770219481186,-0.0018710063287581402,0.13262903826506925,0.13130227328847896,0.13387611330443538,15.570852747291237,-1.0825019063018613,-55.884265676273905,0.0,0.9835506235102845,0,0,1,0.13387611330443538,0.2398505087790085
2024-10-18 00:00:00+00:00,38755.16384482645,0.00150900514472041,0.1334963208283811,0.13164808331946878,0.0010422764070107933,0.12099803386514123,-0.06342543577531179,58.57804881491375,0.0,0.9862238897307952,0,0,1,0.13218327645157288,0.23681764675144412
2024-10-19 00:00:00+00:00,38774.705882127404,0.000504243444285235,0.13394532938891993,0.13252572064725568,0.001277022351863721,0.1484733201419492,1.584065580028644,18.106445041068127,0.0,0.9855849499855877,0,0,1,0.13354436456242325,0.23925615252982857
2024-10-20 00:00:00+00:00,38862.41471039078,0.002262011439364775,0.13593952569428377,0.13313594455629524,0.0016475455518145453,0.1916487606162118,0.8207343225989148,87.07974270139351,0.0,0.9856985689606553,0,0,1,0.13399953878763687,0.2400716360900087
2024-10-21 00:00:00+00:00,38816.41621239612,-0.0011836242893666915,0.13503272239967953,0.13306726407421218,0.0019004487540139284,0.22156822530359682,-0.159190483925998,-45.6177392854385,0.0,0.9832951048127755,0,0,1,0.1360480522195437,0.24374172313358888
2024-10-22 00:00:00+00:00,38831.30646734235,0.00038360715385854505,0.1353395761874263,0.13333060120080462,0.0013698595218685464,0.15951837489679704,-1.1561099917304976,16.205883312859278,0.0,0.9847958796325735,0,0,1,0.1349705498862005,0.24181128553360243
2024-10-23 00:00:00+00:00,38808.78657098793,-0.0005799417635704573,0.1350295827442573,0.13176937711438286,0.0691728795790022,8.05824247437969,-1.1522444420024642,-13.309409438034493,0.0,0.9825783596624333,0,0,1,0.13532453212008405,0.2424454749853281
2024-10-24 00:00:00+00:00,38931.754538209134,0.003168559959901618,0.1377691301720906,0.13458746639843533,0.08075964351550133,9.402563328271333,-1.1886007047497222,133.55913125422242,0.0,0.9860623392799519,0,0,1,0.13479795860748134,0.24150207349427866
2024-10-25 00:00:00+00:00,38757.68006470357,-0.004471272244735869,0.13382272247123742,0.13185971370069516,0.0007549790518514983,0.08817770760953272,-1.1395926356707151,-172.84670316227948,0.0,0.9802166135378922,0,0,1,0.13766177393991866,0.2466328436337749
2024-10-26 00:00:00+00:00,38870.40255591612,0.002908391085956641,0.1363184370733143,0.1329222239086988,0.06458114501720483,7.509039397335751,-1.3079807023666226,121.53951131225273,0.0,0.9857407633090461,0,0,1,0.13360413736488602,0.23936324061842018
2024-10-27 00:00:00+00:00,38917.4831375728,0.0012112192969691016,0.1374650997362442,0.13571748871589553,0.06546539795944334,7.6339995059460355,-0.6601465676717542,55.374727730300634,0.0,0.985645355141247,0,0,1,0.1362338012122766,0.2440745083430823
2024-10-28 00:00:00+00:00,38983.31908354066,0.0016916804649242945,0.1390309483748358,0.13569645656169352,0.08337599829414138,9.73436640744248,-1.0466188524243811,76.6169312277339,0.0,0.9843162218709479,0,0,1,0.13733306785409588,0.24604393856342777
2024-10-29 00:00:00+00:00,39066.32048529463,0.002129151742469748,0.1409540282290003,0.1384195556947333,0.08706186484970424,10.181880817711871,-1.2857334051929987,94.46901597688671,0.0,0.9853884153272788,0,0,1,0.1388670449537252,0.2487921897541744
2024-10-30 00:00:00+00:00,39021.84998667705,-0.0011383334305650195,0.14003380198689228,0.13871779206241425,0.061042984151914,7.154189271325569,-2.0509165710900836,-35.26539277516277,0.0,0.9835586792153201,0,0,1,0.14080468045753153,0.25226362950503856
2024-10-31 00:00:00+00:00,38790.756319329834,-0.00592216072344387,0.22882440685529956,0.2274840972850137,0.15206959870834066,17.80203788141751,-2.348583183450792,-210.94304628235045,0.0,0.9698587978238405,0,0,1,0.23297816641614147,0.25039545269123165
2024-11-01 00:00:00+00:00,38703.60762237683,-0.002246635673601838,0.22231503226865987,0.22042610521628736,0.004824560491082202,0.5614445231195228,-1.983161125983061,-84.60409130390651,0.0,0.9734610339500028,0,0,1,0.2239991211914078,0.2407451402676789
2024-11-02 00:00:00+00:00,38663.10515134286,-0.001046477926015199,0.21981794317009987,0.21820546930525106,0.0017055527171622518,0.1980322813897019,-0.8093598100554837,-39.49507894251948,0.0,0.9751707384256816,0,0,1,0.22060614923330785,0.237098512077209
2024-11-03 00:00:00+00:00,38555.25726334159,-0.002789426446197507,0.21683064996667245,0.21356483837259033,0.0007822473338100113,0.0907320385491221,0.8617167567703514,-108.61887271948837,0.0,0.9718364236276367,0,0,1,0.21903316595318728,0.23540793365709212
2024-11-04 00:00:00+00:00,38495.699869043674,-0.00154472822969709,0.21391457065771696,0.21036162560660274,0.10110282513434807,11.69422689787592,-1.5339202311473379,-46.3292471688958,0.0,0.9730953864980764,0,0,1,0.21485701443913136,0.23091957594978052
2024-11-05 00:00:00+00:00,38706.91442816933,0.005486705264332814,0.21677785159287338,0.2108550505706054,0.0033455906954163663,0.38637151432566114,2.1369672819768377,209.46396335801205,0.0,0.9768319105293687,0,0,1,0.21252600746892086,0.22841430451378797
2024-11-06 00:00:00+00:00,39240.40518106393,0.01378282823046062,0.23155076627563956,0.22057456910987852,0.10094826926213218,11.72218806000344,0.6881380193782256,544.5248029352261,0.0,0.9774374378906552,0,0,1,0.2207411461533696,0.2372436012734661
2024-11-07 00:00:00+00:00,39330.98139089738,0.0023082383939594386,0.243199946008833,0.2391768687911106,0.01089924931275709,1.2830694882763525,1.9838311553867496,89.8754481663436,0.0,0.9730998174092281,0,0,1,0.24147682126719242,0.2595294610896598
2024-11-08 00:00:00+00:00,39381.880100251175,0.0012941123652097097,0.24621324973162156,0.24350136666202926,0.12326059705390884,14.543842795476431,1.6300488960057047,63.81250325327669,0.0,0.9733595346062145,0,0,1,0.2449980540002209,0.2633139387417115
2024-11-09 00:00:00+00:00,39580.94116234008,0.005054635826988729,0.25093939148165617,0.2443454959866277,0.10297767248918384,12.166271981532915,2.1425007510756187,209.08483331936176,0.0,0.9718777342226869,0,0,1,0.24696929498235087,0.2654325483336605
2024-11-10 00:00:00+00:00,40368.593847739394,0.019899796777665735,0.26965374204017595,0.2536380790368737,0.12002849464797202,14.25259523780064,-5.075509054945529,806.9807896920483,0.0,0.9728635022558796,0,0,1,0.2547272166784764,0.2737704468798047
2024-11-11 00:00:00+00:00,40876.70178640584,0.012586713834594088,0.31263595532607136,0.2990681848144077,0.2874958155231423,34.81740263648326,-4.499349999136882,547.4246913020693,0.0,0.9634435860172833,0,0,1,0.3032718689959036,0.3259442637646408
2024-11-12 00:00:00+00:00,41555.74808556576,0.01661206187104236,0.3908444881850523,0.3682940751711711,0.06751535659408174,8.279508722228242,-18.293859776152463,705.6196676582978,0.0,0.9448884540745665,0,0,1,0.38015906844772596,0.40857949696718965
2024-11-13 00:00:00+00:00,41321.683283132545,-0.005632549363598582,0.480604256952326,0.46389969173374496,0.26479404100707776,33.011703732789144,-11.300001386297549,-189.7530973141343,0.0,0.9191603151100695,0,0,1,0.48285581635920927,0.5189537825870782
2024-11-14 00:00:00+00:00,41405.96273467487,0.0020395938608031017,0.4487516670506163,0.4380414327602009,0.03321065607867746,4.116982848520899,-7.391017812815554,95.78745220366278,0.0,0.940184304075356,0,0,1,0.4473964031491749,0.4808434482176649
2024-11-15 00:00:00+00:00,43030.990654664754,0.039246229592653004,0.48065183763236713,0.45670819442418054,0.03159477191010601,3.924616680853317,-5.874160973995123,1634.8266976447308,0.0,0.9483275447168769,0,0,1,0.46007370012976057,0.4944684911355707
2024-11-16 00:00:00+00:00,45020.991151642236,0.046245751415480374,0.7194093966863876,0.7003187505548619,0.2252288473193928,29.07595092301367,-15.063666867525114,2034.1401147680165,0.0,0.9120645537327555,0,0,1,0.7058894309804926,0.7586612356825144
2024-11-17 00:00:00+00:00,45249.434826864555,0.005074159172836934,0.9313846126913347,0.9275134661217763,0.4805569091913154,64.90397530329803,-22.22726037321013,315.5749108988208,0.0,0.869353666190122,0,0,1,0.9304408842577193,1.0
2024-11-18 00:00:00+00:00,46064.93272976298,0.018022278201235364,0.9324351570874045,0.9298303403686882,0.4886198808563751,66.33118339686226,-30.61519846121785,912.4442847565,0.0,0.8978070502115534,0,0,1,0.9304408842577193,1.0
2024-11-19 00:00:00+00:00,46097.31763618126,0.0007030273246737551,0.9330697815387996,0.9308162727691209,0.0,0.0,-27.06640380076018,59.45131021903646,0.0,0.8857135452526899,0,0,0,0.9304408842577193,1.0
2024-11-20 00:00:00+00:00,45381.86904112834,-0.015520395366592221,0.9323362969711396,0.9303685428692602,0.0,0.0,-14.598230171424504,-700.8503648815012,0.0,0.8717749800863163,0,0,0,0.9304408842577193,1.0
2024-11-21 00:00:00+00:00,48089.02505673798,0.05965281009374501,0.9364093499272683,0.9310380564823741,0.0,0.0,-12.692944971671565,2719.8489605813156,0.0,0.8898498691218686,0,0,0,0.9304408842577193,1.0
2024-11-22 00:00:00+00:00,50579.108022505854,0.051780691391225764,0.9345782505786933,0.9296573220117734,0.5830668274661933,84.11892027730775,-30.267701088354777,2604.469587133539,0.0,0.8953617061936776,0,0,1,0.930440884257719,1.0
2024-11-23 00:00:00+00:00,51146.89633012569,0.011225747740889247,0.9321060166114489,0.9292336838511055,0.5545788130946441,84.15106617790107,-39.84984608935257,691.7892198870802,0.0,0.890119447173411,0,0,1,0.9304408842577193,1.0
2024-11-24 00:00:00+00:00,50666.6752625935,-0.009389055876091179,0.9320413908830246,0.9277247719122435,0.0,0.0,-29.32975038618739,-450.89131714600853,0.0,0.8521941689311491,0,0,0,0.9304408842577193,1.0
2024-11-25 00:00:00+00:00,48116.436745435225,-0.050333646404485455,0.9289932638873117,0.9271470366974681,0.0,0.0,-26.64565276132825,-2523.5928643969396,0.0,0.8463359890506819,0,0,0,0.9304408842577193,1.0
2024-11-26 00:00:00+00:00,47511.301670615656,-0.012576473150351819,0.9299710801986208,0.9259501655107251,0.5253702828178557,75.83288434980442,-14.32230446065271,-514.979886009116,0.0,0.8510323795402586,0,0,1,0.9304408842577191,1.0
2024-11-27 00:00:00+00:00,49504.279041076996,0.041947437775503804,0.925988390943804,0.9207205984680008,0.562461068828364,80.16771672343582,-14.657691424996306,2087.8027786097728,0.0,0.8867103463925871,0,0,1,0.9224424291701294,0.9914035859527275
2024-11-28 00:00:00+00:00,49925.023929730734,0.008499162028086982,0.7444050887377615,0.7349229422389143,0.6405793058923005,95.13066742965053,-15.868356165240805,531.7439122486305,0.0,0.9021125478707335,0,0,1,0.7414055304575848,1.0
2024-11-29 00:00:00+00:00,52051.99363754378,0.04260327868458802,0.7525724179517784,0.7396022614274018,0.32308750098896716,48.39044257436841,-18.719696437579017,2194.0798468250086,0.0,0.9187355363127623,0,0,1,0.7414055304575848,1.0
2024-11-30 00:00:00+00:00,52704.394958331446,0.012533647132337844,0.745257810836552,0.7375887137538146,0.38701878803336764,60.435734561588,-18.793512652512373,731.6305680017639,0.0,0.9117090181583702,0,0,1,0.7414055304575848,1.0
2024-12-01 00:00:00+00:00,55502.05070203342,0.053082019932376046,0.7584367855642403,0.7395856968346677,0.0,0.0,-18.77917486064342,2816.4349185626124,0.0,0.9059067879128105,0,0,0,0.7414055304575848,1.0
2024-12-02 00:00:00+00:00,57897.31534479472,0.04315632688277482,0.7529687467977428,0.7329790845034381,0.3759772158159727,62.60142030443307,-33.63660916958133,2491.502672235321,0.0,0.8964456501942114,0,0,1,0.7414055304575848,1.0
2024-12-03 00:00:00+00:00,69439.76874850041,0.1993607706154794,0.7852671526880174,0.7257480750011436,0.3908636059442473,67.88837436527847,-43.04302317127559,11653.384801242246,0.0,0.8734516876320237,0,0,1,0.7414055304575847,1.0
2024-12-04 00:00:00+00:00,69852.31191591744,0.005941021619919162,0.7442271494785119,0.7320690796397643,0.7191466615417843,149.80146010844683,-50.39805570049738,612.7426832259828,0.0,0.8925677854747471,0,0,1,0.7414055304575847,1.0
2024-12-05 00:00:00+00:00,69488.95840890319,-0.00520173917008826,0.7439605756869933,0.7318103520869707,0.0,0.0,-74.41202712427315,-288.94147988998236,0.0,0.8838878479558296,0,0,0,0.7414055304575847,1.0
2024-12-06 00:00:00+00:00,70739.45565885976,0.017995625184048736,0.7491888826612556,0.7379250051122356,0.0,0.0,-49.67099339283172,1300.1682433494343,0.0,0.9047520657243365,0,0,0,0.7414055304575847,1.0
2024-12-07 00:00:00+00:00,71699.78398122566,0.013575568449339936,0.7532992066890171,0.7443342962840465,0.0,0.0,-53.84832533869596,1014.1766477045906,0.0,0.9081075470418256,0,0,0,0.7414055304575847,1.0
2024-12-08 00:00:00+00:00,71861.35726993211,0.0022534696722205094,0.7545552269587122,0.7465465211141793,0.0,0.0,-50.399062837109554,211.9723515435603,0.0,0.900557672599217,0,0,0,0.7414055304575847,1.0
2024-12-09 00:00:00+00:00,65513.148072234246,-0.08833967849858648,0.4938299535626607,0.46396947953837847,0.2165853773079945,46.69291603696042,-19.933271296448606,-6281.583010364443,0.0,0.8214164468006347,0,0,1,0.5379727854601883,1.0
2024-12-10 00:00:00+00:00,65583.12989574193,0.0010682103603161242,0.46284873234569945,0.4382677881750453,0.5458867541967227,107.28890831548688,-9.050739352065143,186.32147117524136,0.0,0.9155383501883368,0,0,1,0.4612576669105418,0.8573996294551895
2024-12-11 00:00:00+00:00,66903.57145799903,0.020133860100245426,0.47603393650497317,0.4558111261856767,0.015838231183839556,3.116193369403004,-7.624327424156772,1331.1820830506695,0.0,0.9376479495931678,0,0,1,0.46534814602412033,0.8650031351047913
2024-12-12 00:00:00+00:00,66667.62382712489,-0.003526682144648574,0.5365934334012114,0.5319460194783735,0.06194759662343682,12.433338796150856,-10.795503303419338,-212.71878877457377,0.0,0.9344404322409883,0,0,1,0.5379727854601885,1.0
2024-12-13 00:00:00+00:00,67146.95425011356,0.0071898531171834534,0.5320111237136429,0.5231118309791506,0.008730436232411182,1.746122450624577,-10.52449345693239,491.601038896226,0.0,0.9369986992092617,0,0,1,0.5284788742927224,0.9823524322715603
2024-12-14 00:00:00+00:00,66413.77251809216,-0.010919061634432459,0.5330449447089218,0.5287582104843705,0.008463073226192542,1.7047954103581195,-10.442601054786424,-721.0343355562427,0.0,0.9285807110273422,0,0,1,0.5379727854601885,1.0
2024-12-15 00:00:00+00:00,67338.06375988142,0.013917162159964303,0.5205354902109733,0.5107923312106464,0.019342524741453947,3.853860650545027,-8.781195500299608,936.9262979401052,0.0,0.9432141276361572,0,0,1,0.5137061199060451,0.9548923919387756
2024-12-16 00:00:00+00:00,67377.34358476016,0.0005833227551479414,0.5383931733693037,0.5295962278951686,0.0174358570888145,3.522301134255078,-8.64219473967544,51.44432075266455,0.0,0.9301276177333745,0,0,1,0.5379727854601885,1.0
2024-12-17 00:00:00+00:00,67294.21676773757,-0.0012337502875580109,0.5379754252771366,0.533449885097604,0.0,0.0,-10.259875545121623,-72.86694147748409,0.0,0.9366248165204573,0,0,0,0.5379727854601885,1.0
2024-12-18 00:00:00+00:00,64439.34208971305,-0.04242377451063839,0.5176485735814901,0.51300857794004,0.0,0.0,-9.173308978725151,-2845.7013690457984,0.0,0.9000616804780248,0,0,0,0.5379727854601885,1.0
2024-12-19 00:00:00+00:00,62788.44031933272,-0.025619469672454542,0.3831299415722551,0.3754834007795123,0.11898005495039476,23.000687909266038,-3.1645126731321382,-1624.7365697979276,0.0,0.9263996920617628,0,0,1,0.39866219625965926,0.7410452852529311
2024-12-20 00:00:00+00:00,62897.65729537253,0.0017394440040929826,0.30432137006791043,0.28010819446988094,0.2338899566057365,44.05686266679574,-1.8592328149328776,155.13307152154192,0.0,0.9409684171467397,0,0,1,0.30259399173195123,0.5624708162014341
2024-12-21 00:00:00+00:00,62493.030719041904,-0.006433094549618379,0.3044967177053686,0.3011250821114476,0.004626070789774414,0.8729079047887044,-0.8755413100601861,-402.8781271157809,0.0,0.9590174867303665,0,0,1,0.30894812569972285,0.5742820716022742
2024-12-22 00:00:00+00:00,62079.37512075855,-0.006619227672651662,0.28099827979762243,0.2770784751583238,0.14324152782623506,26.85473603439743,-4.4951212127964375,-382.3057410361594,0.0,0.9607180202779588,0,0,1,0.2853770169610661,0.5304673854774106
2024-12-23 00:00:00+00:00,62466.59052315967,0.006237424291850591,0.2659783038001868,0.2556543509928394,0.01969399249666868,3.6677791402837974,-3.2284482792685036,394.1116298206683,0.0,0.9669792403172737,0,0,1,0.26130563929485207,0.48572278441804084
2024-12-24 00:00:00+00:00,62989.36100857957,0.008368801323102248,0.2899316681647798,0.27901270405442624,0.017898054049098267,3.354127438026713,-4.637814170771865,530.7624270287004,0.0,0.9654785982469052,0,0,1,0.28388427939921845,0.5276926399843449
2024-12-25 00:00:00+00:00,62863.33909957304,-0.002000685623551157,0.3129841553301629,0.3088226407817287,0.02432633913447291,4.596861112512066,-3.2011574645945444,-118.22389042942751,0.0,0.9614352823648016,0,0,1,0.3142517419558322,0.5841405930729702
2024-12-26 00:00:00+00:00,62005.160490086186,-0.013651495796739854,0.2384603425117005,0.23653278099380706,0.06430789249472066,12.127825254654422,-2.2178224609917874,-843.8329617712023,0.0,0.9606319721945821,0,0,1,0.2486761890023175,0.5705602739533939
2024-12-27 00:00:00+00:00,61963.49054411737,-0.0006720399663424637,0.20775342703023905,0.2053939260216187,0.03027974313637255,5.632466853701015,-2.0546780091702868,-33.98280110595429,0.0,0.9759426801298822,0,0,1,0.20817598284174535,0.4776369875911052
2024-12-28 00:00:00+00:00,62152.95697075835,0.003057710677323522,0.20890207759813523,0.20550208203921008,0.09080937394155159,16.880597350633654,-2.4080376729158015,208.7550616645246,0.0,0.9782882749708268,0,0,1,0.2062280210228225,0.4731676025908187
2024-12-29 00:00:00+00:00,61738.099661288885,-0.0066747799250267414,0.2101613535847291,0.20867955576022051,0.08849958973616574,16.501509245102564,-3.88078623728454,-394.4750139870805,0.0,0.9708539948739907,0,0,1,0.21516138273075747,0.4936642224073491
2024-12-30 00:00:00+00:00,61602.152729707355,-0.0022019941061900417,0.19406081713447426,0.19044962872701854,0.087793530839584,16.26067952164336,-1.2275833722589335,-118.458668687635,0.0,0.9744491995310075,0,0,1,0.1956068239032367,0.4487984293194388
2024-12-31 00:00:00+00:00,61584.826342552966,-0.00028126268947792354,0.1893145466154634,0.18629620070081856,0.13012736945184789,24.048344031667153,-2.855538424544006,9.577495301820157,0.0,0.9775123914584692,0,0,1,0.18917852380192146,0.4340493989374956
2025-01-01 00:00:00+00:00,62333.17897681209,0.01215157496907704,0.19817102793349653,0.18723465102294382,0.0024521272841499567,0.4530430374136608,-3.0262241898907773,751.8319014864353,0.0,0.9798923192144567,0,0,1,0.1883751895681548,0.43220623654091495
2025-01-02 00:00:00+00:00,62666.668373145476,0.005350110515901063,0.22816180627753607,0.22326856446907528,0.12651111182628644,23.65755608680741,-4.181072723018712,361.3280251432102,0.0,0.9767946305137355,0,0,1,0.2236718738289355,0.513190611933968
2025-01-03 00:00:00+00:00,63943.64969540729,0.020377360970557756,0.254898536811105,0.23817616894963983,0.10806382658715337,20.316051181088273,-4.026062259003099,1301.323435701908,0.0,0.9742899990550675,0,0,1,0.23940642902352802,0.5492918251557849
2025-01-04 00:00:00+00:00,63900.09639960777,-0.0006811199549444646,0.29933075958560607,0.295116709839867,0.044725880219559595,8.57975705791061,-5.7468333164797105,-29.22670542513002,0.0,0.9641587969204747,0,0,1,0.2996199885602304,0.6874452413023134
2025-01-05 00:00:00+00:00,63777.05988685014,-0.0019254511290280885,0.296602499268003,0.29100663190902915,0.14178271959619335,27.179653002471102,-5.509014564742403,-90.34784519041287,0.0,0.9615045099045433,0,0,1,0.2975683694294804,0.6827380259553792
2025-01-06 00:00:00+00:00,63890.16698183939,0.0017734761556886802,0.29314018892168103,0.28759326640914273,0.007149677130088818,1.3679659182313761,-4.821625021241268,119.29668592872062,0.0,0.9654836669188486,0,0,1,0.2918008505220941,0.6695050856363565
2025-01-07 00:00:00+00:00,62404.657043629464,-0.023250994767820554,0.2811701759992918,0.28003507085464213,0.3245444211118862,62.205577429568585,-5.423267723892026,-1417.8810930564769,0.0,0.9480145952101675,0,0,1,0.2971142854115728,0.6816961799197992
2025-01-08 00:00:00+00:00,62288.237074438875,-0.0018655654033832292,0.2260204825099309,0.217613575758871,0.17025873738030703,31.874811150763463,-1.9136356260386993,-82.63152241379038,0.0,0.9659603418749955,0,0,1,0.22703883938488,0.5209157455613513
2025-01-09 00:00:00+00:00,61542.76434127951,-0.01196811417649335,0.26299130451353325,0.2591754820360447,0.15897863036405738,29.707493674000858,-3.1964508411697654,-712.5687886441966,0.0,0.9575348321117783,0,0,1,0.27141304894571,0.5083154330448542
2025-01-10 00:00:00+00:00,61957.55118871453,0.006739815019274564,0.23358801289805275,0.22763431089868383,0.034664143083193974,6.399970668223234,-0.9274057940495717,422.1142238972993,0.0,0.9762599927122341,0,0,1,0.22832590639539968,0.4276197568081994
2025-01-11 00:00:00+00:00,62618.61509780028,0.010669626161825319,0.2602672096843493,0.2501371241809606,0.018719437042647082,3.479437232117533,-1.5530949550097752,666.0964412728724,0.0,0.9721081329364643,0,0,1,0.2523087265614638,0.4725359377571421
2025-01-12 00:00:00+00:00,62324.78845449759,-0.004692321010992928,0.287499779233793,0.28512698699480854,0.14732345683017717,27.675407256318323,-2.553321034358083,-263.59791501200266,0.0,0.9637805281406135,0,0,1,0.29048446356509716,0.5440332970852486
2025-01-13 00:00:00+00:00,62221.55835695906,-0.00165632487647982,0.27257440640448133,0.2595277679195366,0.11127874600030639,20.806367228062516,0.12057142745963956,-82.54430173792686,0.0,0.9552933576136732,0,0,1,0.27354196804357106,0.5123025752893053
2025-01-14 00:00:00+00:00,62798.31854529399,0.009269459067966501,0.27484653538764053,0.2666490683156692,0.23305481063247024,43.50291098156017,-4.0579282541646,624.3210275706452,0.0,0.9714672893989459,0,0,1,0.26754424194345283,0.5010697449161574
2025-01-15 00:00:00+00:00,64431.647305118866,0.02600911613018453,0.31942834973066664,0.29987148144855413,0.26128431865462337,49.2281632964665,-4.955566415033514,1687.512489536372,0.0,0.9674819124838221,0,0,1,0.30115044838370875,0.5640090672738324
2025-01-16 00:00:00+00:00,64589.456864794796,0.002449255393527583,0.3972337879707322,0.3841288165902454,0.20471325057455883,39.57017456868506,-5.9780115280786355,203.35774577268913,0.0,0.9435723554003667,0,0,1,0.39529542392066247,0.7403283127742071
2025-01-17 00:00:00+00:00,66154.02767530347,0.024223315792603728,0.4192241074750666,0.40308649573784316,0.355923955508875,68.96740652205773,-5.826065117750593,1639.3642821484789,0.0,0.9565011087723262,0,0,1,0.4044348500811562,0.757445070367841
2025-01-18 00:00:00+00:00,65180.92409755866,-0.014709664882703533,0.487529255409681,0.4789560362111694,0.07559616090385085,15.002973515825651,-8.77739294130291,-949.3232112876622,0.0,0.9229061715645552,0,0,1,0.49482034402297315,0.9267233776285868
2025-01-19 00:00:00+00:00,62876.243404392204,-0.03535820832667169,0.41855775818414764,0.4117015352545345,0.23073737531099575,45.11936042651726,-7.860328251211943,-2251.701004488722,0.0,0.9143377044938403,0,0,1,0.4386114793841119,0.821452708142178
2025-01-20 00:00:00+00:00,62983.96260024357,0.0017131938872136931,0.3073872450906113,0.2975746644637296,0.3881750404987231,73.2204784021464,-1.0506572534940752,181.990331507006,0.0,0.9583571044508388,0,0,1,0.30537043088231675,0.571912453789529
2025-01-21 00:00:00+00:00,63305.47544479577,0.005104677941475844,0.31550806977688917,0.30398467855167216,0.14538144881577306,27.470178850534946,-5.38084154089241,354.3638649436248,0.0,0.9585323764916179,0,0,1,0.31163029339103315,0.5836362258567884
2025-01-22 00:00:00+00:00,62746.093473655295,-0.008836233630821866,0.32463166187484616,0.32260102687146464,0.14893808060311306,28.285814521110257,-6.148470600463996,-524.9476860189008,0.0,0.9564512228624611,0,0,1,0.33020360330784526,0.6184212154146379
2025-01-23 00:00:00+00:00,62760.90500975055,0.00023605511156610248,0.29818384597360065,0.2900592756839041,0.026748680393208758,5.035142411465445,-4.953451986313227,24.800130493038708,0.0,0.9602133567946876,0,0,1,0.29788523631886554,0.5578938208213449
2025-01-24 00:00:00+00:00,62774.31146835609,0.0002136116202189342,0.29922571641860274,0.29436882351108296,0.13482167732216482,25.384527695856843,-4.432833321163774,43.22381962256486,0.0,0.9641881527486722,0,0,1,0.2987199885577763,0.5594571850275072
2025-01-25 00:00:00+00:00,62900.1982476646,0.002005386859113001,0.3012299089162642,0.29749518996657065,0.13311502552970264,25.068557289573615,-3.2272766358442397,154.18261323393105,0.0,0.9671008562042029,0,0,1,0.29949591654984103,0.5609103803503928
2025-01-26 00:00:00+00:00,62259.17245420449,-0.010191156964817871,0.3000149634537276,0.2996202706183607,0.1259524867956445,23.76749610096187,-5.321901715396056,-611.9363956437533,0.0,0.9597207145032778,0,0,1,0.3068075342230602,0.5746039301567036
2025-01-27 00:00:00+00:00,62200.39661214961,-0.0009440511291426423,0.2691251758365137,0.25412212395990924,0.030285543171528036,5.656650309721223,-1.2043810535485135,-51.9148106916066,0.0,0.9541094370070403,0,0,1,0.2697283986597424,0.5051603388334036
2025-01-28 00:00:00+00:00,61901.60344865366,-0.004803717978826949,0.2628922937297544,0.26087044776024215,0.0032731222686343477,0.6107729819516026,-4.232293347110422,-293.95009716689935,0.0,0.9666658457186639,0,0,1,0.2663632763072029,0.49885797558106715
2025-01-29 00:00:00+00:00,62238.916387283105,0.005449179340067278,0.25319956061382726,0.24717909877269661,0.01383786764492152,2.5697449423476693,-2.750726346525258,342.63340991832655,0.0,0.9728172805007105,0,0,1,0.24905051235862474,0.46643379723772904
2025-01-30 00:00:00+00:00,62989.245395926926,0.012055624554497157,0.27739931664291984,0.2671344334879034,0.01538342357438103,2.872362942391655,-4.4231434483629615,757.6245150345698,0.0,0.9713110309346041,0,0,1,0.26858821050765574,0.5030249395350579
2025-01-31 00:00:00+00:00,62642.434098439546,-0.005505881127920387,0.30827549553899175,0.3055188006301197,0.03452973472226611,6.525014781197958,-5.2704885814567675,-335.0157941247319,0.0,0.9603989641681691,0,0,1,0.31193004579068034,0.5841976165910392
2025-02-01 00:00:00+00:00,61850.59660186598,-0.012640592722326649,0.28289103522420445,0.28156305832636486,0.01640898848117373,3.0836800054531786,-3.3990513895752894,-785.3547651785349,0.0,0.9578640008077624,0,0,1,0.29186270863664054,0.5466145408504428
2025-02-02 00:00:00+00:00,60846.03827149189,-0.016241691843984385,0.23378968102793612,0.2280015916498845,0.036769601740914815,6.82266456746479,-1.8329690408876829,-995.9026967657369,0.0,0.9541584940200126,0,0,1,0.24612134456276838,0.4609479106807065
2025-02-03 00:00:00+00:00,61251.67322547955,0.00666657954257821,0.19374376349414205,0.16091365434857643,0.13205946814523278,24.105930612287576,1.5548837398829074,428.18600086006177,0.0,0.9516831592510865,0,0,1,0.1880741690224806,0.35223436397981045
2025-02-04 00:00:00+00:00,61215.8374825712,-0.000585057371027764,0.0,0.0,0.19374066939871654,35.60068389601636,0.0,-0.2350590123282371,0.0,0.9994187779918039,0,0,1,0.0,0.39609996332124364
2025-02-05 00:00:00+00:00,61215.8374825712,0.0,0.0,0.0,0.0,0.0,0.0,0.0,0.0,1.0,0,0,0,0.0,0.39224679078735925
2025-02-06 00:00:00+00:00,61215.8374825712,0.0,0.0,0.0,0.0,0.0,0.0,0.0,0.0,1.0,0,0,0,0.0,0.39224679078735925
2025-02-07 00:00:00+00:00,61215.8374825712,0.0,0.0,0.0,0.0,0.0,0.0,0.0,0.0,1.0,0,0,0,0.0,0.39224679078735925
2025-02-08 00:00:00+00:00,61215.8374825712,0.0,0.0,0.0,0.0,0.0,0.0,0.0,0.0,1.0,0,0,0,0.0,0.39224679078735925
2025-02-09 00:00:00+00:00,61215.8374825712,0.0,0.0,0.0,0.0,0.0,0.0,0.0,0.0,1.0,0,0,0,0.0,0.39224679078735925
2025-02-10 00:00:00+00:00,61215.8374825712,0.0,0.0,0.0,0.0,0.0,0.0,0.0,0.0,1.0,0,0,0,0.0,0.39224679078735925
2025-02-11 00:00:00+00:00,61215.8374825712,0.0,0.0,0.0,0.0,0.0,0.0,0.0,0.0,1.0,0,0,0,0.0,0.39224679078735925
2025-02-12 00:00:00+00:00,61215.8374825712,0.0,0.0,0.0,0.0,0.0,0.0,0.0,0.0,1.0,0,0,0,0.0,0.39224679078735925
2025-02-13 00:00:00+00:00,61215.8374825712,0.0,0.0,0.0,0.0,0.0,0.0,0.0,0.0,1.0,0,0,0,0.0,0.39224679078735925
2025-02-14 00:00:00+00:00,61215.8374825712,0.0,0.0,0.0,0.0,0.0,0.0,0.0,0.0,1.0,0,0,0,0.0,0.39224679078735925
2025-02-15 00:00:00+00:00,61215.8374825712,0.0,0.0,0.0,0.0,0.0,0.0,0.0,0.0,1.0,0,0,0,0.0,0.39224679078735925
2025-02-16 00:00:00+00:00,61215.8374825712,0.0,0.0,0.0,0.0,0.0,0.0,0.0,0.0,1.0,0,0,0,0.0,0.39224679078735925
2025-02-17 00:00:00+00:00,61215.8374825712,0.0,0.0,0.0,0.0,0.0,0.0,0.0,0.0,1.0,0,0,0,0.0,0.39224679078735925
2025-02-18 00:00:00+00:00,61215.8374825712,0.0,0.0,0.0,0.0,0.0,0.0,0.0,0.0,1.0,0,0,0,0.0,0.39224679078735925
2025-02-19 00:00:00+00:00,61215.8374825712,0.0,0.0,0.0,0.0,0.0,0.0,0.0,0.0,1.0,0,0,0,0.0,0.39224679078735925
2025-02-20 00:00:00+00:00,61215.8374825712,0.0,0.0,0.0,0.0,0.0,0.0,0.0,0.0,1.0,0,0,0,0.0,0.39224679078735925
2025-02-21 00:00:00+00:00,61215.8374825712,0.0,0.0,0.0,0.0,0.0,0.0,0.0,0.0,1.0,0,0,0,0.0,0.39224679078735925
2025-02-22 00:00:00+00:00,61215.8374825712,0.0,0.0,0.0,0.0,0.0,0.0,0.0,0.0,1.0,0,0,0,0.0,0.39224679078735925
2025-02-23 00:00:00+00:00,61215.8374825712,0.0,0.0,0.0,0.0,0.0,0.0,0.0,0.0,1.0,0,0,0,0.0,0.39224679078735925
2025-02-24 00:00:00+00:00,61215.8374825712,0.0,0.0,0.0,0.0,0.0,0.0,0.0,0.0,1.0,0,0,0,0.0,0.39224679078735925
2025-02-25 00:00:00+00:00,61215.8374825712,0.0,0.0,0.0,0.0,0.0,0.0,0.0,0.0,1.0,0,0,0,0.0,0.39224679078735925
2025-02-26 00:00:00+00:00,61215.8374825712,0.0,0.0,0.0,0.0,0.0,0.0,0.0,0.0,1.0,0,0,0,0.0,0.39224679078735925
2025-02-27 00:00:00+00:00,61215.8374825712,0.0,0.0,0.0,0.0,0.0,0.0,0.0,0.0,1.0,0,0,0,0.0,0.39224679078735925
2025-02-28 00:00:00+00:00,61215.8374825712,0.0,0.0,0.0,0.0,0.0,0.0,0.0,0.0,1.0,0,0,0,0.0,0.39224679078735925
2025-03-01 00:00:00+00:00,61215.8374825712,0.0,0.0,0.0,0.0,0.0,0.0,0.0,0.0,1.0,0,0,0,0.0,0.39224679078735925
2025-03-02 00:00:00+00:00,61215.8374825712,0.0,0.0,0.0,0.0,0.0,0.0,0.0,0.0,1.0,0,0,0,0.0,0.39224679078735925
2025-03-03 00:00:00+00:00,61215.8374825712,0.0,0.0,0.0,0.0,0.0,0.0,0.0,0.0,1.0,0,0,0,0.0,0.39224679078735925
2025-03-04 00:00:00+00:00,61215.8374825712,0.0,0.0,0.0,0.0,0.0,0.0,0.0,0.0,1.0,0,0,0,0.0,0.39224679078735925
2025-03-05 00:00:00+00:00,61215.8374825712,0.0,0.0,0.0,0.0,0.0,0.0,0.0,0.0,1.0,0,0,0,0.0,0.39224679078735925
2025-03-06 00:00:00+00:00,61215.8374825712,0.0,0.0,0.0,0.0,0.0,0.0,0.0,0.0,1.0,0,0,0,0.0,0.39224679078735925
2025-03-07 00:00:00+00:00,61215.8374825712,0.0,0.0,0.0,0.0,0.0,0.0,0.0,0.0,1.0,0,0,0,0.0,0.39224679078735925
2025-03-08 00:00:00+00:00,61215.8374825712,0.0,0.0,0.0,0.0,0.0,0.0,0.0,0.0,1.0,0,0,0,0.0,0.39224679078735925
2025-03-09 00:00:00+00:00,61215.8374825712,0.0,0.0,0.0,0.0,0.0,0.0,0.0,0.0,1.0,0,0,0,0.0,0.39224679078735925
2025-03-10 00:00:00+00:00,61215.8374825712,0.0,0.0,0.0,0.0,0.0,0.0,0.0,0.0,1.0,0,0,0,0.0,0.39224679078735925
2025-03-11 00:00:00+00:00,61215.8374825712,0.0,0.0,0.0,0.0,0.0,0.0,0.0,0.0,1.0,0,0,0,0.0,0.39224679078735925
2025-03-12 00:00:00+00:00,61215.8374825712,0.0,0.0,0.0,0.0,0.0,0.0,0.0,0.0,1.0,0,0,0,0.0,0.39224679078735925
2025-03-13 00:00:00+00:00,61215.8374825712,0.0,0.0,0.0,0.0,0.0,0.0,0.0,0.0,1.0,0,0,0,0.0,0.39224679078735925
2025-03-14 00:00:00+00:00,61215.8374825712,0.0,0.0,0.0,0.0,0.0,0.0,0.0,0.0,1.0,0,0,0,0.0,0.39224679078735925
2025-03-15 00:00:00+00:00,61215.8374825712,0.0,0.0,0.0,0.0,0.0,0.0,0.0,0.0,1.0,0,0,0,0.0,0.39224679078735925
2025-03-16 00:00:00+00:00,61215.8374825712,0.0,0.0,0.0,0.0,0.0,0.0,0.0,0.0,1.0,0,0,0,0.0,0.39224679078735925
2025-03-17 00:00:00+00:00,61215.8374825712,0.0,0.0,0.0,0.0,0.0,0.0,0.0,0.0,1.0,0,0,0,0.0,0.39224679078735925
2025-03-18 00:00:00+00:00,61215.8374825712,0.0,0.0,0.0,0.0,0.0,0.0,0.0,0.0,1.0,0,0,0,0.0,0.39224679078735925
2025-03-19 00:00:00+00:00,61215.8374825712,0.0,0.0,0.0,0.0,0.0,0.0,0.0,0.0,1.0,0,0,0,0.0,0.39224679078735925
2025-03-20 00:00:00+00:00,61215.8374825712,0.0,0.0,0.0,0.0,0.0,0.0,0.0,0.0,1.0,0,0,0,0.0,0.39224679078735925
2025-03-21 00:00:00+00:00,61215.8374825712,0.0,0.0,0.0,0.0,0.0,0.0,0.0,0.0,1.0,0,0,0,0.0,0.39224679078735925
2025-03-22 00:00:00+00:00,61215.8374825712,0.0,0.0,0.0,0.0,0.0,0.0,0.0,0.0,1.0,0,0,0,0.0,0.39224679078735925
2025-03-23 00:00:00+00:00,61215.8374825712,0.0,0.0,0.0,0.0,0.0,0.0,0.0,0.0,1.0,0,0,0,0.0,0.39224679078735925
2025-03-24 00:00:00+00:00,61215.8374825712,0.0,0.0,0.0,0.0,0.0,0.0,0.0,0.0,1.0,0,0,0,0.0,0.39224679078735925
2025-03-25 00:00:00+00:00,61215.8374825712,0.0,0.0,0.0,0.0,0.0,0.0,0.0,0.0,1.0,0,0,0,0.0,0.39224679078735925
2025-03-26 00:00:00+00:00,61215.8374825712,0.0,0.0,0.0,0.0,0.0,0.0,0.0,0.0,1.0,0,0,0,0.0,0.39224679078735925
2025-03-27 00:00:00+00:00,61215.8374825712,0.0,0.0,0.0,0.0,0.0,0.0,0.0,0.0,1.0,0,0,0,0.0,0.39224679078735925
2025-03-28 00:00:00+00:00,61215.8374825712,0.0,0.0,0.0,0.0,0.0,0.0,0.0,0.0,1.0,0,0,0,0.0,0.39224679078735925
2025-03-29 00:00:00+00:00,61215.8374825712,0.0,0.0,0.0,0.0,0.0,0.0,0.0,0.0,1.0,0,0,0,0.0,0.39224679078735925
2025-03-30 00:00:00+00:00,61215.8374825712,0.0,0.0,0.0,0.0,0.0,0.0,0.0,0.0,1.0,0,0,0,0.0,0.39224679078735925
2025-03-31 00:00:00+00:00,61215.8374825712,0.0,0.0,0.0,0.0,0.0,0.0,0.0,0.0,1.0,0,0,0,0.0,0.39224679078735925
2025-04-01 00:00:00+00:00,61215.8374825712,0.0,0.0,0.0,0.0,0.0,0.0,0.0,0.0,1.0,0,0,0,0.0,0.39224679078735925
2025-04-02 00:00:00+00:00,61215.8374825712,0.0,0.0,0.0,0.0,0.0,0.0,0.0,0.0,1.0,0,0,0,0.0,0.39224679078735925
2025-04-03 00:00:00+00:00,61215.8374825712,0.0,0.0,0.0,0.0,0.0,0.0,0.0,0.0,1.0,0,0,0,0.0,0.39224679078735925
2025-04-04 00:00:00+00:00,61215.8374825712,0.0,0.0,0.0,0.0,0.0,0.0,0.0,0.0,1.0,0,0,0,0.0,0.39224679078735925
2025-04-05 00:00:00+00:00,61215.8374825712,0.0,0.0,0.0,0.0,0.0,0.0,0.0,0.0,1.0,0,0,0,0.0,0.39224679078735925
2025-04-06 00:00:00+00:00,61215.8374825712,0.0,0.0,0.0,0.0,0.0,0.0,0.0,0.0,1.0,0,0,0,0.0,0.39224679078735925
2025-04-07 00:00:00+00:00,61215.8374825712,0.0,0.0,0.0,0.0,0.0,0.0,0.0,0.0,1.0,0,0,0,0.0,0.39224679078735925
2025-04-08 00:00:00+00:00,61215.8374825712,0.0,0.0,0.0,0.0,0.0,0.0,0.0,0.0,1.0,0,0,0,0.0,0.39224679078735925
2025-04-09 00:00:00+00:00,61215.8374825712,0.0,0.0,0.0,0.0,0.0,0.0,0.0,0.0,1.0,0,0,0,0.0,0.39224679078735925
2025-04-10 00:00:00+00:00,61215.8374825712,0.0,0.0,0.0,0.0,0.0,0.0,0.0,0.0,1.0,0,0,0,0.0,0.39224679078735925
2025-04-11 00:00:00+00:00,61215.8374825712,0.0,0.0,0.0,0.0,0.0,0.0,0.0,0.0,1.0,0,0,0,0.0,0.39224679078735925
2025-04-12 00:00:00+00:00,61215.8374825712,0.0,0.0,0.0,0.0,0.0,0.0,0.0,0.0,1.0,0,0,0,0.0,0.39224679078735925
2025-04-13 00:00:00+00:00,61215.8374825712,0.0,0.0,0.0,0.0,0.0,0.0,0.0,0.0,1.0,0,0,0,0.0,0.39224679078735925
2025-04-14 00:00:00+00:00,61215.8374825712,0.0,0.0,0.0,0.0,0.0,0.0,0.0,0.0,1.0,0,0,0,0.0,0.39224679078735925
2025-04-15 00:00:00+00:00,61215.8374825712,0.0,0.0,0.0,0.0,0.0,0.0,0.0,0.0,1.0,0,0,0,0.0,0.39224679078735925
2025-04-16 00:00:00+00:00,61215.8374825712,0.0,0.0,0.0,0.0,0.0,0.0,0.0,0.0,1.0,0,0,0,0.0,0.39224679078735925
2025-04-17 00:00:00+00:00,61215.8374825712,0.0,0.0,0.0,0.0,0.0,0.0,0.0,0.0,1.0,0,0,0,0.0,0.39224679078735925
2025-04-18 00:00:00+00:00,61215.8374825712,0.0,0.0,0.0,0.0,0.0,0.0,0.0,0.0,1.0,0,0,0,0.0,0.39224679078735925
2025-04-19 00:00:00+00:00,61215.8374825712,0.0,0.0,0.0,0.0,0.0,0.0,0.0,0.0,1.0,0,0,0,0.0,0.39224679078735925
2025-04-20 00:00:00+00:00,61215.8374825712,0.0,0.0,0.0,0.0,0.0,0.0,0.0,0.0,1.0,0,0,0,0.0,0.39224679078735925
2025-04-21 00:00:00+00:00,61215.8374825712,0.0,0.0,0.0,0.0,0.0,0.0,0.0,0.0,1.0,0,0,0,0.0,0.39224679078735925
2025-04-22 00:00:00+00:00,61215.8374825712,0.0,0.0,0.0,0.0,0.0,0.0,0.0,0.0,1.0,0,0,0,0.0,0.39224679078735925
2025-04-23 00:00:00+00:00,61215.8374825712,0.0,0.0,0.0,0.0,0.0,0.0,0.0,0.0,1.0,0,0,0,0.0,0.39224679078735925
2025-04-24 00:00:00+00:00,61215.8374825712,0.0,0.0,0.0,0.0,0.0,0.0,0.0,0.0,1.0,0,0,0,0.0,0.39224679078735925
2025-04-25 00:00:00+00:00,61215.8374825712,0.0,0.0,0.0,0.0,0.0,0.0,0.0,0.0,1.0,0,0,0,0.0,0.39224679078735925
2025-04-26 00:00:00+00:00,61215.8374825712,0.0,0.0,0.0,0.0,0.0,0.0,0.0,0.0,1.0,0,0,0,0.0,0.39224679078735925
2025-04-27 00:00:00+00:00,61215.8374825712,0.0,0.0,0.0,0.0,0.0,0.0,0.0,0.0,1.0,0,0,0,0.0,0.39224679078735925
2025-04-28 00:00:00+00:00,61215.8374825712,0.0,0.0,0.0,0.0,0.0,0.0,0.0,0.0,1.0,0,0,0,0.0,0.39224679078735925
2025-04-29 00:00:00+00:00,61215.8374825712,0.0,0.0,0.0,0.0,0.0,0.0,0.0,0.0,1.0,0,0,0,0.0,0.39224679078735925
2025-04-30 00:00:00+00:00,61215.8374825712,0.0,0.0,0.0,0.0,0.0,0.0,0.0,0.0,1.0,0,0,0,0.0,0.39224679078735925
2025-05-01 00:00:00+00:00,61326.33197790973,0.0018049985082697617,0.2296400093791726,0.22636614973627986,0.22770801045105957,41.81800968375506,-0.8526801095800529,153.1651851318646,0.0,0.97500165496431,0,0,1,0.22770801045105954,0.39224679078735925
2025-05-02 00:00:00+00:00,61459.66569043669,0.00217416741270271,0.23672885551338974,0.23361561992846921,0.10224191878222334,18.81169805421068,2.124350606132816,150.02105997503313,0.0,0.9746726626391151,0,0,1,0.23492352780299583,0.4046761450272962
2025-05-03 00:00:00+00:00,61206.96491052366,-0.004111652367031149,0.24012307171611327,0.23896494856366418,0.10501353226251713,19.362344388686026,1.719106966153617,-235.05754249050318,0.0,0.9705721911769861,0,0,1,0.243039054474754,0.4186558433534143
2025-05-04 00:00:00+00:00,60993.54383094648,-0.0034868757156831798,0.22441798780333405,0.22287063625455245,0.012981446771052986,2.383657991250163,3.024541142177058,-214.06196272810246,0.0,0.9723044618859532,0,0,1,0.22713943177323748,0.39126736471778856
2025-05-05 00:00:00+00:00,60952.479685819875,-0.0006732539634100032,0.0,0.0,0.22441798780333405,41.06414512660641,0.0,0.0,0.0,0.99932674603659,0,0,1,0.0,0.36818725880199255
2025-05-06 00:00:00+00:00,60952.479685819875,0.0,0.0,0.0,0.0,0.0,0.0,0.0,0.0,1.0,0,0,0,0.0,0.36374275889880436
2025-05-07 00:00:00+00:00,60952.479685819875,0.0,0.0,0.0,0.0,0.0,0.0,0.0,0.0,1.0,0,0,0,0.0,0.36374275889880436
2025-05-08 00:00:00+00:00,60952.479685819875,0.0,0.0,0.0,0.0,0.0,0.0,0.0,0.0,1.0,0,0,0,0.0,0.36374275889880436
2025-05-09 00:00:00+00:00,60952.479685819875,0.0,0.0,0.0,0.0,0.0,0.0,0.0,0.0,1.0,0,0,0,0.0,0.36374275889880436
2025-05-10 00:00:00+00:00,60952.479685819875,0.0,0.0,0.0,0.0,0.0,0.0,0.0,0.0,1.0,0,0,0,0.0,0.36374275889880436
2025-05-11 00:00:00+00:00,60952.479685819875,0.0,0.0,0.0,0.0,0.0,0.0,0.0,0.0,1.0,0,0,0,0.0,0.36374275889880436
2025-05-12 00:00:00+00:00,60952.479685819875,0.0,0.0,0.0,0.0,0.0,0.0,0.0,0.0,1.0,0,0,0,0.0,0.36374275889880436
2025-05-13 00:00:00+00:00,60952.479685819875,0.0,0.0,0.0,0.0,0.0,0.0,0.0,0.0,1.0,0,0,0,0.0,0.36374275889880436
2025-05-14 00:00:00+00:00,60952.479685819875,0.0,0.0,0.0,0.0,0.0,0.0,0.0,0.0,1.0,0,0,0,0.0,0.36374275889880436
2025-05-15 00:00:00+00:00,60725.27110379332,-0.0037276347606808313,0.3402288682393504,0.33392025853579627,0.3419518111977134,62.52843247667382,-3.741295900021263,-160.93885364985752,0.0,0.9539730253019699,0,0,1,0.34195181119771345,0.36374275889880436
2025-05-16 00:00:00+00:00,60953.445038024176,0.0037574790541627934,0.322139441434467,0.3174078042631574,0.16943049777718577,30.86866722212821,2.279428710133405,256.76317274285185,0.0,0.9650280721184535,0,0,1,0.3193396874113544,0.33968967299233466
2025-05-17 00:00:00+00:00,60522.64201564917,-0.007067738699695458,0.3369463182575794,0.3334453967899374,0.019481231576950073,3.5620676478636035,1.5255792986145151,-428.7665340257433,0.0,0.954820062407588,0,0,1,0.3415679815373642,0.3633344696164239
2025-05-18 00:00:00+00:00,60886.186637674145,0.0060067540001140785,0.30204437604046275,0.2935799821338359,0.03915978074793176,7.109604214769227,1.2205247942185595,369.43370144551716,0.0,0.9648199536566756,0,0,1,0.29773468773422546,0.3167078903807993
2025-05-19 00:00:00+00:00,60355.19843594767,-0.008720996190586194,0.329417325065629,0.32175224407475356,0.03320273267053129,6.064808079293067,2.928288731681856,-527.8516823788649,0.0,0.9484664633314733,0,0,1,0.3352522580391683,0.35661627537253526
2025-05-20 00:00:00+00:00,60304.274087510836,-0.0008437441969622039,0.28131308138614225,0.27657297412298765,0.04760611501899319,8.61984602082872,-0.3488313743928406,-41.955671041611716,0.0,0.9651625181807804,0,0,1,0.28181249091518207,0.29977104837840385
2025-05-21 00:00:00+00:00,60344.57248844707,0.0006682511570863525,0.28100563394173284,0.2747797256250443,0.00536599774054349,0.970772725130238,-2.471148644804546,43.74032230616535,0.0,0.9648773712206841,0,0,1,0.2804688460695078,0.29834177949565144
2025-05-22 00:00:00+00:00,60643.003016645016,0.004945441087598645,0.23124089928915795,0.22627934340057895,0.15588037710434682,61.23205605816817,-2.6868269671605924,362.3494112232694,0.0,0.9764945057747978,0,1,1,0.22661238151137675,0.2985585892477892
2025-05-23 00:00:00+00:00,60053.28604059274,-0.009724402597450665,0.2433978550683327,0.24130968516048623,0.019437506763744533,3.5362578724235867,-2.0130253093476447,-584.1676928705047,0.0,0.963759043476646,0,0,1,0.2506809122713693,0.33026853616703833
2025-05-24 00:00:00+00:00,60025.38379732818,-0.00046462475418418414,0.2741109048600002,0.27269491876925295,0.2280704283240814,41.08900457910661,-2.6335085042944386,15.82026981882904,0.0,0.9704473848169856,0,0,1,0.27390519485014514,0.29135985828687605
2025-05-25 00:00:00+00:00,60119.84777731234,0.0015737338773729181,0.2743560277728879,0.26972165872232606,0.002049281582744053,0.3690310393043206,-1.175054691251797,96.00806571472704,0.0,0.9683893409734708,0,0,1,0.27319847945027304,0.2906081073065102
2025-05-26 00:00:00+00:00,60112.0249191186,-0.00013012105790277673,0.27588454240150956,0.27404066224175805,0.14207743156675215,25.62506761751653,-1.0054786012195174,18.80768802500753,0.0,0.9700200116866398,0,0,1,0.27565462747015024,0.2932207738512048
2025-05-27 00:00:00+00:00,60241.059863437484,0.002146574574596327,0.27704154121514907,0.2728601799913109,0.0023214906910120426,0.4186489671973159,-2.2021528081620576,131.65574609424516,0.0,0.9692444301257991,0,0,1,0.2754487527311412,0.29300177970319197
2025-05-28 00:00:00+00:00,60204.98771883053,-0.0005987966461533656,0.27839916465100684,0.2751846297824508,0.0026109514098833003,0.4718594117170542,-0.1514449762869875,-35.44884021894836,0.0,0.9675923059881171,0,0,1,0.2788230498875413,0.2965911046221458
2025-05-29 00:00:00+00:00,59892.485080749655,-0.005190643664613415,0.3144601645407451,0.3131028850398139,0.039522216492122675,7.138296138346461,-0.9841318555830865,-304.3802100869412,0.0,0.9617815018547596,0,0,1,0.3179206192134739,0.29558550064750466
2025-05-30 00:00:00+00:00,59428.78160233039,-0.0077422647898827135,0.30320048100940183,0.30224335509822287,0.006109725747302613,1.0977762429692974,-1.1023711485077947,-461.5033310277852,0.0,0.9609762920420459,0,0,1,0.30856185779595013,0.28688422739922304
2025-05-31 00:00:00+00:00,59595.02289360645,0.0027973195275727836,0.2966596612850207,0.29148360058270445,0.008528688171982027,1.5205268794881004,-0.1326544870179035,167.8944726425754,0.0,0.966471923328101,0,0,1,0.294661820741066,0.27396072019779816
2025-06-01 00:00:00+00:00,59657.986843315026,0.0010565303384644231,0.30037347643457146,0.29626962966930953,0.005647181816802763,1.0096300176602013,2.3404275185673478,61.6331522076765,0.0,0.9656810389043747,0,0,1,0.29966047848752864,0.2786082034475762
2025-06-02 00:00:00+00:00,59666.772756734375,0.00014727136942149777,0.3016730941239525,0.2978009960494764,0.0036960103906947856,0.6614878526499816,-1.014967268756981,10.462368540753609,0.0,0.9650380487835147,0,0,1,0.3015436292039926,0.2803590557474295
2025-06-03 00:00:00+00:00,59613.50989359886,-0.0008926720966235813,0.30125022639905624,0.30004247448873206,0.0013892532922539433,0.24867798749809938,-3.245843979199066,-49.76834116881865,0.0,0.9675283593093192,0,0,1,0.30182005745738183,0.28061606387692206
2025-06-04 00:00:00+00:00,59668.382415108696,0.0009204712423036554,0.3008870660662492,0.29857735061713686,0.0012721517121365188,0.22751193549195523,-1.5230240527696546,56.62305749810354,0.0,0.9678745571769942,0,0,1,0.30021425551606273,0.27912307555820337
2025-06-05 00:00:00+00:00,59325.66365870534,-0.005743724608102907,0.29784573290204314,0.2917811493131217,0.0025029764790563407,0.44804498277981797,-0.9289421317010929,-341.3417692888676,0.0,0.9570030240176679,0,0,1,0.3018568271430473,0.28065025035395197
2025-06-06 00:00:00+00:00,59539.31240887018,0.0036012871494188747,0.2940767835061844,0.28911795118869343,0.007158187405624451,1.2739906308678348,4.7148362537785315,210.20790454193053,0.0,0.9676800236941168,0,0,1,0.2915976868169508,0.2711118531999567
2025-06-07 00:00:00+00:00,59942.57298671216,0.0067730136866999135,0.3026875284445321,0.2971237478111595,0.004390167252432942,0.7841648275043207,2.596921879504598,401.4478207899775,0.0,0.9690638978419056,0,0,1,0.29800097011302695,0.27706528177448886
2025-06-08 00:00:00+00:00,59875.51401238058,-0.001118720318302735,0.30930069475135147,0.30788951678849547,0.007376372923274651,1.3264722051439812,0.3447946387761126,-66.07729676520162,0.0,0.9661477509801261,0,0,1,0.31006173981270585,0.28827873706623286
2025-06-09 00:00:00+00:00,60400.52388711571,0.008768356871668326,0.3140821977279327,0.30726780143441285,0.0031107793993836296,0.5587810003022637,0.20343257093591674,525.3652231645027,0.0,0.9681448179688512,0,0,1,0.30806780433640146,0.2864248830523587
2025-06-10 00:00:00+00:00,60702.29727487157,0.0049962048064327025,0.3304072720121696,0.3242002360267426,0.012901982216556668,2.337863197123416,-3.1166245978075318,307.22787555078617,0.0,0.9635551809630778,0,0,1,0.32698527781066467,0.3040133329041165
2025-06-11 00:00:00+00:00,60174.08270654248,-0.00870172286787152,0.3565944088347965,0.354215949186811,0.03167355909136845,5.767952598116237,-3.145203288089304,-519.3014124428771,0.0,0.9527440547982763,0,0,1,0.3620784163433095,0.3366410465394466
2025-06-12 00:00:00+00:00,59747.328301894035,-0.0070919968440507075,0.312157730842986,0.3114326144767289,0.039595283075980287,7.147840169361093,2.665203060094441,-422.27176753917144,0.0,0.9609088089323614,0,0,1,0.31700008472751456,0.29472963716948064
2025-06-13 00:00:00+00:00,59946.56839370725,0.0033347113164037268,0.3065291727892634,0.2974180391602988,0.007933062605014102,1.4219403336072154,1.4677353078501831,199.1942968389756,0.0,0.9608338123563528,0,0,1,0.30422585140701,0.2828528417581896
2025-06-14 00:00:00+00:00,59721.07213731381,-0.0037616207638854204,0.30757332160900297,0.3048396367577851,0.008146396564664099,1.4650433495450548,1.4464069024927948,-225.47761994637796,0.0,0.9620386490798414,0,0,1,0.31018419880178094,0.28839259285100105
2025-06-15 00:00:00+00:00,60057.543477845094,0.00563404722135008,0.307352189664706,0.30250993070467797,0.006010351904651401,1.0768359845113296,0.09710021027187025,337.4510763055221,0.0,0.9684382329090233,0,0,1,0.3034401426358488,0.28212233198168823
2025-06-16 00:00:00+00:00,60158.118150544615,0.0016746384696306738,0.31471068933698726,0.31112257767579954,0.0098258207513449,1.770340509719047,-2.1706424975695158,104.51565570680786,0.0,0.9655079656912444,0,0,1,0.3135053565288344,0.29148042676346975
2025-06-17 00:00:00+00:00,59975.69705903876,-0.0030323603382896858,0.3144862186903106,0.3123068619923955,0.0018361753318844912,0.3313825576818681,-2.506636899188858,-179.58307204898668,0.0,0.9628295533241487,0,0,1,0.31651951104681314,0.2942828255963289
2025-06-18 00:00:00+00:00,59968.40701271338,-0.00012155000579983088,0.31097930794761086,0.3080336941744853,0.0035474947940703724,0.6382886199774443,0.0003066374603637456,-6.652064342853109,0.0,0.9649562906850396,0,0,1,0.3110537893708982,0.28920109141383976
2025-06-19 00:00:00+00:00,60306.419475196846,0.0056365089439811555,0.3147372257727899,0.3089677458523665,0.0016766101580894647,0.3016309210858763,-1.837573193015817,340.1516665975674,0.0,0.9664718363534494,0,0,1,0.31084062730745754,0.2890029047866337
2025-06-20 00:00:00+00:00,59977.911092482864,-0.0054473202948003285,0.3173082517989727,0.31577242626958274,0.01174261351117446,2.1244705197992766,-2.4960393595740786,-323.8878728346136,0.0,0.9610416069923259,0,0,1,0.32096356923867997,0.29841467199496574
2025-06-21 00:00:00+00:00,59751.374683784954,-0.00377699730736869,0.3085296696922734,0.3057484682545361,0.007678003422255133,1.381535464616106,0.15362809097941443,-225.30850132427327,0.0,0.9618886321051121,0,0,1,0.31112986256041736,0.2892718201758354
2025-06-22 00:00:00+00:00,59695.82695716551,-0.0009296476761148087,0.0,0.0,0.3085268547882994,55.304485962571704,0.0,-0.24324065686962582,0.0,0.999074419435635,0,0,1,0.0,0.28295582808672803
2025-06-23 00:00:00+00:00,59695.82695716551,0.0,0.0,0.0,0.0,0.0,0.0,0.0,0.0,1.0,0,0,0,0.0,0.28141662849285376
2025-06-24 00:00:00+00:00,59695.82695716551,0.0,0.0,0.0,0.0,0.0,0.0,0.0,0.0,1.0,0,0,0,0.0,0.28141662849285376
2025-06-25 00:00:00+00:00,59695.82695716551,0.0,0.0,0.0,0.0,0.0,0.0,0.0,0.0,1.0,0,0,0,0.0,0.28141662849285376
2025-06-26 00:00:00+00:00,59601.62259312725,-0.0015780728543363098,0.30222453286089745,0.3010982472490377,0.30268111457236163,54.20639831614107,-0.6783260270977828,-39.31963969501214,0.0,0.9668148677431944,0,0,1,0.3026811145723617,0.28141662849285376
2025-06-27 00:00:00+00:00,59788.78448992994,0.0031402147904655564,0.3020379396439774,0.29872461479986456,0.00236741945482771,0.4233045434385331,0.9480218931985066,186.6371794529324,0.0,0.9685575891815639,0,0,1,0.29985451031731647,0.27878860381195414
2025-06-28 00:00:00+00:00,59745.93131114733,-0.0007167427661926018,0.3049961494908473,0.30360229358675583,0.004685063833575242,0.8403433540362698,-1.2008570143483266,-40.81197841422857,0.0,0.9670327692652169,0,0,1,0.3054648866659746,0.2840048301326682
2025-06-29 00:00:00+00:00,59981.93379032734,0.003950101270510764,0.3069287494436662,0.3036576876420445,0.003558564196015164,0.6378283587899655,-0.2447678443617032,236.88507538317006,0.0,0.9688985209255188,0,0,1,0.30417860923853296,0.28280891852963175
2025-06-30 00:00:00+00:00,59998.67016038976,0.00027902351599595754,0.3114729836161812,0.3084290994732094,0.004341788059039491,0.781287506669436,-1.4979313646402674,19.015588933733078,0.0,0.9651944561955181,0,0,1,0.3112477836102341,0.28938145682863625
2025-07-01 00:00:00+00:00,59789.73289097627,-0.003482365006673538,0.30937283268645305,0.30832908539857395,0.0019199407790848279,0.3455827003614309,-1.4447589072615445,-207.14692780586338,0.0,0.964365590340991,0,0,1,0.3117518354486338,0.28985009713065335
2025-07-02 00:00:00+00:00,60215.94585673851,0.007128531022866591,0.31042065367176475,0.3046519207689197,0.0038807115394988447,0.6960801136966802,-0.28454994094909036,427.19359581687775,0.0,0.9683520369549535,0,0,1,0.30549211576542934,0.2840301462855318
2025-07-03 00:00:00+00:00,60214.98692612939,-1.5924861686889002e-05,0.31823436441445174,0.3154285552978054,0.00782852924675743,1.414205146326241,1.202103193407397,-0.7468286561945092,0.0,0.9644453722873254,0,0,1,0.31824833766970134,0.2958901956502856
2025-07-04 00:00:00+00:00,59886.77243649348,-0.005450710967330519,0.31448426861654616,0.31209286749992343,0.003630006296125842,0.6557422936978573,0.503536128074189,-328.0622834702999,0.0,0.9601489218108532,0,0,1,0.31822170113201137,0.2958654304294953
2025-07-05 00:00:00+00:00,59966.01636895278,0.0013232293081637536,0.3092621008362477,0.30759394215896596,0.006090684224219979,1.094250936386811,3.4820420299265713,76.85614136576905,0.0,0.968106479651384,0,0,1,0.3083915020247895,0.28672583976135513
2025-07-06 00:00:00+00:00,60154.86823277131,0.0031493148161882978,0.3128866657141639,0.3096181864401783,0.0017408226655316013,0.3131713898927728,3.1613578201776114,186.00367738824474,0.0,0.9674113816574178,0,0,1,0.310773584576965,0.28894057205997237
2025-07-07 00:00:00+00:00,60127.928696111754,-0.00044783635058953664,0.3161293350493741,0.3142423875300531,0.0035355610856197288,0.638043633703106,-0.3681417501450142,-25.93335127570263,0.0,0.9654866783214013,0,0,1,0.31642222679978366,0.29419237593334546
2025-07-08 00:00:00+00:00,60202.135219780255,0.0012341440205523302,0.31645507562195635,0.31444413724248965,0.001489953311953705,0.2687629556392676,0.32828548210776876,74.14700114202338,0.0,0.9669003118998933,0,0,1,0.31561270221243604,0.29343972349126857
2025-07-09 00:00:00+00:00,60522.16676802781,0.005315950125011515,0.321433923141898,0.31704795494120835,0.001475650557542872,0.2665124115182771,0.9284676600855312,319.3695929989852,0.0,0.9671675278987903,0,0,1,0.3178403010132716,0.29551082510278326
2025-07-10 00:00:00+00:00,61150.01778603059,0.01037390185333642,0.3116921974609392,0.3034263123566905,0.14052358565629902,25.514438127185326,-1.670582609060425,655.0360387390252,0.0,0.968126756358026,0,0,1,0.3042325446361558,0.3171846942255282
2025-07-11 00:00:00+00:00,61721.18210726431,0.009340378660759763,0.37566387718729255,0.367855847016609,0.18776966659761263,34.44634776417268,-5.004756190081834,610.6154251879693,0.0,0.9603276989804691,0,0,1,0.36939513317682643,0.3851214619567219
2025-07-12 00:00:00+00:00,61691.790202708704,-0.00047620449823082556,0.4286072676947622,0.42507913817604764,0.053027185493555354,9.818701717450242,-6.012883011761134,-13.560319826391675,0.0,0.951325306091419,0,0,1,0.4286910626808479,0.44694180826794416
2025-07-13 00:00:00+00:00,62043.45547108771,0.0057003576525092026,0.4289759660402685,0.42455270475097306,0.002985850444833441,0.5526056372511766,-5.820814072264458,358.0386880885326,0.0,0.9557608242699775,0,0,1,0.42561961767400003,0.4437396020526536
2025-07-14 00:00:00+00:00,62295.13455059105,0.00405649681489173,0.464484697344658,0.4603546589555246,0.0331714016530894,6.174205144131052,-6.917197220274016,264.7704818677453,0.0,0.9507008340448294,0,0,1,0.46214736769335785,0.4818224548733233
2025-07-15 00:00:00+00:00,62023.828627532916,-0.004355170351832194,0.4861881392919094,0.48017483612419415,0.023799956973726166,4.4478717772134715,-6.519071342505072,-260.3389799384239,0.0,0.9370620889631529,0,0,1,0.4882855225432415,0.509073394326875
2025-07-16 00:00:00+00:00,62754.73008697812,0.011784204161829903,0.46654108328931165,0.45836167161603975,0.02607767169601636,4.852311636734456,-6.325964930685863,742.0797360126282,0.0,0.9510086071072699,0,0,1,0.460110522224405,0.47969889439748037
2025-07-17 00:00:00+00:00,64111.21218652452,0.021615615231972418,0.5460658112060937,0.5338703917689405,0.0694900691043259,13.082587661229484,-7.866818572398135,1377.4315057800322,0.0,0.9420205227218579,0,0,1,0.5360350697735405,0.5588557920508359
2025-07-18 00:00:00+00:00,64307.6395307581,0.00306385322526892,0.6782093814145336,0.6736700935767275,0.13075192774694927,25.148032043298308,-17.87126386973231,239.44664014660367,0.0,0.9232729159735663,0,0,1,0.6768184301522162,0.7056327490235246
2025-07-19 00:00:00+00:00,64051.43203307521,-0.0039840911523482125,0.6962252555917756,0.6936635704522087,0.01905407777794619,3.6760049538472908,-9.939875702323729,-242.5916170267135,0.0,0.9196350539935526,0,0,1,0.6972666681515834,0.7269515337217127
2025-07-20 00:00:00+00:00,64281.425176533754,0.003590757242395215,0.6719654675821819,0.6680465136542445,0.025613728258638502,4.921795071102196,-9.657320536891847,244.572259066536,0.0,0.9259121288813937,0,0,1,0.6706119684535812,0.699162058458653
2025-07-21 00:00:00+00:00,64688.47485892059,0.0063323064364078085,0.6966200802958218,0.692115532020926,0.022529248045365904,4.344647489742537,-11.799803368369286,423.1941332449443,0.0,0.9235308316949893,0,0,1,0.694495544063661,0.7240624340445567
2025-07-22 00:00:00+00:00,65575.05073060462,0.013705314178724448,0.7408245417695123,0.7316598469087634,0.3990318523082857,77.43878997108972,-11.607471791841567,975.6221334469699,0.0,0.9080621699494629,0,0,1,0.7367796358324973,0.7681466944393225
2025-07-23 00:00:00+00:00,62868.304031218664,-0.0412770812866895,0.8218573730339519,0.8173198812719967,0.08800099634558062,17.312144583077295,-22.24076554795857,-2667.193789254913,0.0,0.8601958381429463,0,0,1,0.8288275619178084,0.8641133942688243
2025-07-24 00:00:00+00:00,62764.95996952611,-0.001643818189229873,0.6336007021087049,0.6256088799178962,0.7745296313122767,146.07900227944657,-6.815037283151614,49.54997787004959,0.0,0.916198546331654,0,0,1,0.6332396617348369,0.5710475679230851
2025-07-25 00:00:00+00:00,63685.58956847145,0.014667891119381382,0.6265785362987626,0.616455074901096,0.012652380689982494,2.382397031709999,-8.700490773223349,931.7124867502637,0.0,0.9273194547233657,0,0,1,0.6209511710952931,0.5599659615152799
2025-07-26 00:00:00+00:00,63958.49717108029,0.004285233197306448,0.7328039895716852,0.7301099313772657,0.1048076203478751,20.024202584032526,-11.99782253136283,304.92962772424664,0.0,0.9223156516392952,0,0,1,0.7313861063826419,0.6595547981285985
2025-07-27 00:00:00+00:00,65498.76718794556,0.024082335967733126,0.7699006022018021,0.7634799012160961,0.03130925107219529,6.007454878986183,-14.326345745847744,1560.6038174901032,0.0,0.921096190171674,0,0,1,0.7641122150214594,0.6890667915728893
2025-07-28 00:00:00+00:00,64418.75594204257,-0.01648903166076321,0.948382693542465,0.9476926105370361,0.5722617094963258,112.44504111570849,-19.497065126816448,-948.0691396604595,0.0,0.8837280288701637,0,0,1,0.9488472939197505,0.8556585638348144
2025-07-29 00:00:00+00:00,64605.547009580405,0.002899637920761755,0.8202326116703451,0.8166268439175083,0.12893883194194072,24.918437399825038,-12.798842983823066,224.5083479214802,0.0,0.9038777766543725,0,0,1,0.8194442758095333,0.7389645485368759
2025-07-30 00:00:00+00:00,64339.778849169925,-0.004113704979095245,0.8415184164558954,0.8365445761590137,0.43477666369439194,84.26668493506058,-12.087383420308448,-169.4140920551119,0.0,0.885858570050605,0,0,1,0.8417763901621667,0.7591033685733752
2025-07-31 00:00:00+00:00,63266.72220193419,-0.01667796604883065,0.8068937553008202,0.8063419977348957,0.03156955130114409,6.093570515019433,-9.502985544871258,-1057.4600911758428,0.0,0.9021526961936996,0,0,1,0.8099498188101238,0.7304025665482408
2025-08-01 00:00:00+00:00,62163.96283746792,-0.017430322388861774,0.6756383237433781,0.6730965348089826,0.12579888206816753,23.87658575324498,-4.839490098235153,-1074.0432886147835,0.0,0.909528308228244,0,0,1,0.6810943635297807,0.6142023365281037
2025-08-02 00:00:00+00:00,61585.93082650523,-0.009298506475109991,0.5448364657465105,0.5431095545829824,0.12681909354129564,23.650926814288106,-4.908744603172858,-549.4723395452297,0.0,0.9335101241332291,0,0,1,0.5488218985084341,0.4949206900710623
2025-08-03 00:00:00+00:00,62283.16375924254,0.011321302176977577,0.48571785083347696,0.47739413150817517,0.26393613238737534,48.76425717547268,-6.068042491867956,752.0652324046429,0.0,0.9478822671589393,0,0,1,0.47938475000483677,0.4323031422885021
2025-08-04 00:00:00+00:00,63391.00417457557,0.01778715704962308,0.5709473208493372,0.5628277910142201,0.07739490718666962,14.461293903649178,-6.2899326049168796,1128.5916418416075,0.0,0.9428758117029353,0,0,1,0.5631161317908836,0.5078110499845669
2025-08-05 00:00:00+00:00,62783.841934431846,-0.009578050514417402,0.6936514707823797,0.6908148302157935,0.3688453494390152,70.14474302603934,-11.79723191352658,-525.2202652041572,0.0,0.9140994297752533,0,0,1,0.6960646237942013,0.6277023290771375
2025-08-06 00:00:00+00:00,63370.22574377442,0.009339724860338405,0.6271409095545138,0.6211315840309801,0.3291595682309571,61.997541362297945,-9.208755440704152,657.5901061455719,0.0,0.931997032840156,0,0,1,0.6231386864405456,0.5619386353593008
2025-08-07 00:00:00+00:00,64333.311869684054,0.015197770161079927,0.6392779322699954,0.6322685224892114,0.008590828808287423,1.633208282721884,-9.518878846105775,974.2382130384657,0.0,0.9332652539713729,0,0,1,0.6336361084965725,0.6254229202020876
2025-08-08 00:00:00+00:00,64508.4000081536,0.0027215781899152525,0.7401673823500171,0.7368868447216924,0.09996485058101573,19.293209725304557,-8.958094908259156,203.33944310310716,0.0,0.9177417349474878,0,0,1,0.7392427828510112,0.7296607213341884
2025-08-09 00:00:00+00:00,64632.56966246101,0.0019248602397783365,0.7590901992508048,0.7563639338403039,0.01829045395633693,3.5396719999059973,-10.021310710685064,137.73063701800714,0.0,0.9163666889363554,0,0,1,0.7584584411314512,0.7486273063412725
2025-08-10 00:00:00+00:00,65163.15666316396,0.008209282154088893,0.7740751138496865,0.7706843058703852,0.02629133350120159,5.097817190218974,-10.409724938516364,546.0945428316845,0.0,0.9173994949779101,0,0,1,0.7720408497081453,0.7620336598010988
2025-08-11 00:00:00+00:00,65015.91194029696,-0.00225963152196762,0.8303193856458141,0.8283657468707419,0.37329127014140323,72.97541155517386,-12.243925894672033,-62.02538541714796,0.0,0.905667794101372,0,0,1,0.8303269804203971,0.8195642859578534
2025-08-12 00:00:00+00:00,67474.01496867459,0.0378077143735962,0.8212278916523468,0.8136208195078324,0.33116401404426865,64.59237865021935,-15.318367299907013,2538.0137743277464,0.0,0.9156248456145962,0,0,1,0.814047388619907,0.803495710150647
2025-08-13 00:00:00+00:00,68389.83941503464,0.013572994682252704,1.0132569456556593,1.0132897979917583,0.6619973794159861,134.00164308320294,-22.131092851785112,1072.15100486362,0.19382256857074173,0.8864457421575115,0,0,1,1.0131322150646973,1.0
2025-08-14 00:00:00+00:00,66567.12790394269,-0.026651788141079602,1.0137999900029782,1.0137389301051782,0.5520889896999296,113.27207119744591,-21.80471674125734,-1687.4382027231457,0.19652043012164275,0.8577078352977103,0,0,1,1.0131322150646973,1.0
2025-08-15 00:00:00+00:00,65877.2950436522,-0.010362965656050771,0.9841419326611236,0.983803731119468,0.0296156190485678,5.914275033856388,-8.019192868771912,-675.8993923878677,0.0,0.8803511519802902,0,0,1,0.984184382783548,0.9714273893863885
2025-08-16 00:00:00+00:00,65727.12752364436,-0.0022795034299499806,0.9084846229653453,0.9074788294436519,0.07559618345603672,14.940212822485407,-8.348318977920497,-126.87898820743112,0.0,0.898563165124417,0,0,1,0.9085457455721797,0.89676917983914
2025-08-17 00:00:00+00:00,67631.58454300153,0.028975205384900837,0.8954117060694626,0.891564120567803,0.47985286465074367,94.6186140147765,-6.760442150266083,2005.8360755222218,0.0,0.9048385228516895,0,0,1,0.8921237290262385,0.8805600253953713
2025-08-18 00:00:00+00:00,66955.05581778401,-0.01000314763862098,1.0134231878129423,1.0136396496073201,0.11772157973254538,23.88484639219108,-10.725936491391156,-641.7233495098249,0.1945928240992086,0.8650881742396703,0,0,1,1.0131322150646973,1.0
2025-08-19 00:00:00+00:00,64605.99013384654,-0.035084216647214506,1.0140493960496606,1.013962497353471,0.0,0.0,-8.727866937943757,-2340.1408306347475,0.19698636477110518,0.8640884876486771,0,0,0,1.0131322150646973,1.0
2025-08-20 00:00:00+00:00,67047.66143243067,0.03779326488961221,0.777833654318195,0.7679407091660876,0.2448539559528305,47.457446269030086,-4.786286908193472,2493.9150317613667,0.0,0.9175401351028164,0,0,1,0.7691953366356479,0.759225030255827
2025-08-21 00:00:00+00:00,65309.537568409854,-0.025923706015793968,1.0136588002407871,1.01358158697366,0.23529650870271382,47.328679107466,-11.986167237508289,-1678.6161692568119,0.19284841902653205,0.8684855727509142,0,0,1,1.0131322150646973,1.0
2025-08-22 00:00:00+00:00,68859.8038537285,0.054360609759330325,0.8544993336075476,0.8453886169219258,0.16730395608931362,32.779927024808195,-10.408584740694888,3593.4547970841472,0.0,0.9092841804088206,0,0,1,0.8463547212269427,0.8353842752625289
2025-08-23 00:00:00+00:00,67672.47491382883,-0.01724269999986916,1.0137356443834928,1.0134433059908883,0.49027956225790176,101.2820321981962,-26.372153801297216,-1059.476845957547,0.19790794262427844,0.8767608541715218,0,0,1,1.0131322150646973,1.0
2025-08-24 00:00:00+00:00,66815.34757270252,-0.012665819333750328,1.0135706131714413,1.0133843937406803,0.5373945455293986,109.10113869274035,-19.268457244761134,-728.56327673729,0.19446845153496198,0.8805010898128218,0,0,1,1.0131322150646973,1.0
2025-08-25 00:00:00+00:00,62620.80395849278,-0.06277814553977457,1.0125132741639904,1.0124407975384528,0.4238890292734564,84.96893081283277,-10.264901227431384,-4099.140323116768,0.16945905271714232,0.8361219965273577,0,0,1,1.0115860009355804,0.9984738278912408
2025-08-26 00:00:00+00:00,63581.3226548793,0.01533865162483683,0.5588749199101875,0.5481369559638096,0.461054595393766,86.61482829694569,-1.8517661408757036,1048.9852908243345,0.0,0.9369403406914274,0,0,1,0.5514586787702244,0.5443106739380594
2025-08-27 00:00:00+00:00,63053.023248436664,-0.008309034546359784,0.6543220912245613,0.6533019608034398,0.3299004680528939,62.926326517865505,-5.827309045609545,-459.5457708791602,0.0,0.9244262528110093,0,0,1,0.65676190861308,0.6482489638049266
2025-08-28 00:00:00+00:00,63328.144354731085,0.0043633293396641015,0.6009269118505014,0.5967662501287283,0.30525094629336397,57.74015580372001,-3.674419827814398,336.5356819259512,0.0,0.9348308205568933,0,0,1,0.5987541502948189,0.590993101780485
2025-08-29 00:00:00+00:00,62198.6268738948,-0.01783594786086451,0.622628380323872,0.6196177635587709,0.2767005603819569,52.56879909271064,-1.869066583501446,-1075.0796151600812,0.0,0.914088320393809,0,0,1,0.629021697147967,0.6208683208319443
2025-08-30 00:00:00+00:00,62026.86302670755,-0.002761537606537412,0.5047467273027882,0.5006933263849743,0.5464267137181931,101.96265180068411,-2.127210831742991,-67.67398455482694,0.0,0.9396667030199253,0,0,1,0.505277326744324,0.4987279243825621
2025-08-31 00:00:00+00:00,61787.10665500762,-0.003865363489310991,0.4847711035130269,0.4839500725516358,0.23770703002696655,44.232497857638904,-5.554630979588191,-189.96924286270732,0.0,0.9465872451157096,0,0,1,0.48630484144865394,0.4800013603531491
2025-09-01 00:00:00+00:00,61557.274038328556,-0.003719750432114477,0.4580883263306564,0.45403290904327953,0.024756481928699222,4.588875517505362,-3.0446155591212243,-222.19912560243898,0.0,0.9440715182324048,0,0,1,0.46001252754830446,0.4540498473034229
2025-09-02 00:00:00+00:00,62261.83216374694,0.011445570591376297,0.44132235121903834,0.4335844271456803,0.023247362279354238,4.293134873209134,-2.930053516084926,711.781313807675,0.0,0.9544523201746984,0,0,1,0.4348412318699014,0.4292048218426585
2025-09-03 00:00:00+00:00,62542.210045413376,0.0045032064094909785,0.5143869239977956,0.5099726830958529,0.07076232584944733,13.217352659224536,-0.7458201422296247,294.34105446788305,0.0,0.9447139071788189,0,0,1,0.5120836834443205,0.5054460571186353
2025-09-04 00:00:00+00:00,61983.087888779315,-0.008939916837413797,0.4624021274511541,0.4614165691489584,0.04722545020644293,8.860719579115301,1.8093383923011628,-552.0707754472579,0.0,0.9435532844226937,0,0,1,0.46715969263564655,0.5357793826579496
2025-09-05 00:00:00+00:00,62188.792989926515,0.0033187294817629276,0.41642425378899584,0.4128631026896248,0.047995170999560494,8.924650988968043,0.2376510379537048,214.39210109821454,0.0,0.9560566570406266,0,0,1,0.41440600964356406,0.47527686895226606
2025-09-06 00:00:00+00:00,61729.404016088956,-0.007387005789161627,0.4295269119005276,0.42333600917080016,0.017368701055169137,3.240393595099631,5.058405467819944,-461.2069857102868,0.0,0.9402581446252807,0,0,1,0.4337889804967639,0.4975069464215224
2025-09-07 00:00:00+00:00,62473.428054091804,0.012052992408754237,0.3976051697368816,0.38939015003604516,0.03903424794861165,7.228705701693786,13.543721738844098,737.7090219656953,0.0,0.9592104878258161,0,0,1,0.3904944881702385,0.4478530556067456
2025-09-08 00:00:00+00:00,62131.60841349396,-0.005471440438675534,0.45801293323736414,0.4562636116420417,0.2257231762930703,42.304931402471844,3.4708595321461293,-302.98556872752954,0.0,0.946004502747282,0,0,1,0.46066654897004344,0.5283324805396636
2025-09-09 00:00:00+00:00,62111.15693744751,-0.00032916379550884667,0.4286061575660596,0.4253343701877601,0.21139216663371438,39.402279810918394,-1.0142475364955863,19.965051300961107,0.0,0.9517322221822998,0,0,1,0.42841360012844676,0.49134199250814004
2025-09-10 00:00:00+00:00,62433.37921563998,0.0051878324938783305,0.4294773343392421,0.4254555771702299,0.003951122139363582,0.7362231329306987,-1.936595666022522,324.8950969914318,0.0,0.9557407678772761,0,0,1,0.4264771120698947,0.48912105951051366
2025-09-11 00:00:00+00:00,62929.513260500054,0.007946615273641822,0.46123712239540193,0.4543229702293379,0.02737811958152532,5.12787218900837,-3.4963498973917173,504.7582669464675,0.0,0.9500699091472093,0,0,1,0.45684951522756156,0.5239547741271231
2025-09-12 00:00:00+00:00,63430.787347091675,0.007965643791277621,0.5081022058024866,0.5023351370663237,0.2366561373348005,44.67796659776715,-6.29156207430148,552.2436152636906,0.0,0.9464289803830666,0,0,1,0.5037316103880081,0.5777232400259267
2025-09-13 00:00:00+00:00,63454.27950061563,0.0003703588510639566,0.5514339132747692,0.5490459513488626,0.04294576150632781,8.172266043760493,-10.26890967697814,41.93332924468976,0.0,0.9407764458453719,0,0,1,0.5510489091227876,0.6319908352504455
2025-09-14 00:00:00+00:00,63242.520812766474,-0.003337185285463673,0.5521286566138509,0.550038543870995,0.23627895380233357,44.97854195287782,-4.798631471968619,-161.9815144243122,0.0,0.9376303631247185,0,0,1,0.5532290855243811,0.6344912512429748
2025-09-15 00:00:00+00:00,62810.075200865445,-0.006837893340483903,0.5300814295599888,0.5273331428912669,0.01888485779529915,3.5829607004457786,-1.539864512009303,-427.322786688571,0.0,0.9353725489756416,0,0,1,0.5332416318061945,0.6115679002286429
2025-09-16 00:00:00+00:00,63204.142641237675,0.00627395269169817,0.4957230148692236,0.489972392442833,0.037604120456531664,7.08577524803511,-1.5551501799950387,402.70836580025855,0.0,0.9462225461862938,0,0,1,0.49247879111312465,0.5648175277838374
2025-09-17 00:00:00+00:00,64018.315603621166,0.012881639214773255,0.5356242571565011,0.5261608296799372,0.033935962803839835,6.434692395210924,4.0823238933326484,816.5253308853645,0.0,0.9402921607457255,0,0,1,0.5296599254649232,0.6074600877554357
2025-09-18 00:00:00+00:00,64375.710115702816,0.005582691589302469,0.6903586027303125,0.6868485330913706,0.15277117173265467,29.340380815559175,-5.898461838252038,392.63335473545504,0.0,0.9262936302398099,0,0,1,0.6883941873128512,0.6955491722314938
2025-09-19 00:00:00+00:00,63367.97736723452,-0.015653928269794504,0.7225575845017527,0.7209275737695258,0.03637683297711301,7.025394867730656,-8.702056590972216,-992.0052970095926,0.0,0.9084910429913557,0,0,1,0.7267372649679527,0.7342907775723497
2025-09-20 00:00:00+00:00,64035.99164980083,0.010541827439038975,0.6228292405307699,0.6174048513556778,0.10383262625653897,19.7389192610562,-0.5748787295729778,688.328080556943,0.0,0.9347333412676445,0,0,1,0.6187239564917176,0.6251548076800197
2025-09-21 00:00:00+00:00,63769.26089639871,-0.004165325569733036,0.6890188068817742,0.6881915105435745,0.06743750261966648,12.955203656295296,0.9511396686028357,-254.72668941442993,0.0,0.9248030810547163,0,0,1,0.6902644604337729,0.6974388844706134
2025-09-22 00:00:00+00:00,62052.30054170606,-0.02692457667781445,0.652299496565836,0.6461243044994645,0.027342170371782343,5.230724087868677,2.77029425442967,-1714.4999248592014,0.0,0.8942124782038604,0,0,1,0.6616739076343646,0.6685511691183168
2025-09-23 00:00:00+00:00,61782.7794520762,-0.004343450400339455,0.4757019061930728,0.4710829537464906,0.17457136010703245,32.49722303119968,1.5422205386609151,-238.5660871373247,0.0,0.9404355225928291,0,0,1,0.47772342360370124,0.4826887529951498
2025-09-24 00:00:00+00:00,61830.64410867191,0.0007747248832150611,0.44973810753745547,0.44473627764549983,0.2070318519764111,38.37304115610652,-1.3649160132395095,87.60261376505869,0.0,0.9476898095224636,0,0,1,0.44894790849155697,0.4536141528813479
2025-09-25 00:00:00+00:00,60383.00988699726,-0.02341289246688638,0.44132383267123304,0.43966003369615453,0.1842675585309027,34.18042348188727,1.043390994746527,-1414.4971891875089,0.0,0.9308418558899254,0,0,1,0.454123607876879,0.4588436471006878
2025-09-26 00:00:00+00:00,60770.05748850832,0.006409875927606112,0.30409749881958054,0.2976148393866192,0.25809069197094126,46.753353541749306,-2.1717947813257146,435.9727498341344,0.0,0.9674852659008731,0,0,1,0.2990652867112224,0.30217369124970506
2025-09-27 00:00:00+00:00,60673.54087408891,-0.0015882264787664413,0.33981702889307486,0.33755658642615854,0.18484938959011651,33.6999898951132,-1.7257505923359076,-61.0908739319581,0.0,0.961457411056605,0,0,1,0.34047269827694926,0.344011480367615
2025-09-28 00:00:00+00:00,61093.363327594714,0.006919366291428863,0.334793708167434,0.32696097442714706,0.00965602280397774,1.7576072782365164,-0.6405938782509757,422.22065466228696,0.0,0.9626703958662886,0,0,1,0.3301655117372132,0.33359716368993675
2025-09-29 00:00:00+00:00,61397.05918971065,0.00497101232563435,0.37825650559156837,0.371019916157096,0.04030402858148359,7.386932662218223,0.4594461865538171,310.6233485915972,0.0,0.9565387305423387,0,0,1,0.37509833803669895,0.3789970097586912
2025-09-30 00:00:00+00:00,60974.8105012604,-0.006877343866675156,0.4036483184940356,0.40019564581335987,0.029409793528431292,5.417062759602483,-1.8950834977540654,-414.93654219289436,0.0,0.9479330642406294,0,0,1,0.40767069012947865,0.41190791016039585
2025-10-01 00:00:00+00:00,61955.84443000388,0.016089167324647935,0.37301595540255017,0.3601296570426654,0.22177982611603478,40.569270347898104,-3.920135410032584,1025.5233345014126,0.0,0.9598600190014527,0,0,1,0.36244487538027975,0.366212030398407
2025-10-02 00:00:00+00:00,62419.9628246636,0.007491115631295564,0.472159946526787,0.46435750914951923,0.4494197089740555,83.53197078006383,-2.955585280053044,550.6059507198394,0.0,0.9468046557975829,0,0,1,0.46743651955015253,0.47229492961439123
2025-10-03 00:00:00+00:00,63252.40634494978,0.013336174560444558,0.5240053148600748,0.5155062914977859,0.22474235084184838,42.08540341775591,-6.774995582673546,881.303919286608,0.0,0.9444469364045925,0,0,1,0.5172253440275473,0.5226012458062981
2025-10-04 00:00:00+00:00,62612.72934377351,-0.010113085622193707,0.6027285283986938,0.6008318315123993,0.31191201779592215,59.187335115964146,-2.100987780853846,-578.3886782794493,0.0,0.9260720791801821,0,0,1,0.6063431190292723,0.6126452871070012
2025-10-05 00:00:00+00:00,62870.377896838545,0.00411495483051727,0.5399074008687519,0.5369716914429369,0.06485832837663791,12.182916639285878,-3.397694899080505,273.2291646033834,0.0,0.9442797073608479,0,0,1,0.5378716921490161,0.5434621865436791
2025-10-06 00:00:00+00:00,63531.76130608728,0.010519793762556517,0.5700869380740894,0.5645009660577025,0.025517812085572085,4.812927718041283,-6.660718643043064,672.857055609825,0.0,0.9414786178269254,0,0,1,0.5654237074529023,0.5713005701197132
2025-10-07 00:00:00+00:00,63183.10639260129,-0.0054878836399044895,0.6345251015865471,0.6293331982052893,0.06623583309326218,12.624296448859777,-8.604682308533198,-327.42593472860955,0.0,0.9192088712408795,0,0,1,0.6363247815660361,0.6429385710189015
2025-10-08 00:00:00+00:00,63590.69525676014,0.006450915243486399,0.6016216036287224,0.5965245184336181,0.035538212740805014,6.736287957303732,-1.4081851238774834,415.73333724003385,0.0,0.9345035044774133,0,0,1,0.5989892721159326,0.6052150062772679
2025-10-09 00:00:00+00:00,62853.623235845946,-0.011590878475822852,0.6385943577310572,0.6345911795544075,0.04102979124216733,7.827394322671975,-5.576598805526788,-723.6680277859921,0.0,0.9157626225274786,0,0,1,0.6426542179719986,0.6493337938926507
2025-10-10 00:00:00+00:00,58104.44737450333,-0.07555930138700606,0.5288167772605262,0.4572423860946679,0.5757390499317356,108.56130762942789,-2.9002034801894716,-4637.714350233005,0.0,0.7659228759028691,0,0,1,0.5636169815971999,0.5694750656390777
2025-10-11 00:00:00+00:00,58014.922305446635,-0.0015407610450139941,0.0,0.0,0.5288383690748384,92.18780803219258,0.0,2.6627389754945696,0.0,0.9984134848927755,0,0,1,0.0,0.23720046269684725
2025-10-12 00:00:00+00:00,58014.922305446635,0.0,0.0,0.0,0.0,0.0,0.0,0.0,0.0,1.0,0,0,0,0.0,0.23463474973136822
2025-10-13 00:00:00+00:00,58014.922305446635,0.0,0.0,0.0,0.0,0.0,0.0,0.0,0.0,1.0,0,0,0,0.0,0.23463474973136822
2025-10-14 00:00:00+00:00,58014.922305446635,0.0,0.0,0.0,0.0,0.0,0.0,0.0,0.0,1.0,0,0,0,0.0,0.23463474973136822
2025-10-15 00:00:00+00:00,58014.922305446635,0.0,0.0,0.0,0.0,0.0,0.0,0.0,0.0,1.0,0,0,0,0.0,0.23463474973136822
2025-10-16 00:00:00+00:00,58014.922305446635,0.0,0.0,0.0,0.0,0.0,0.0,0.0,0.0,1.0,0,0,0,0.0,0.23463474973136822
2025-10-17 00:00:00+00:00,58014.922305446635,0.0,0.0,0.0,0.0,0.0,0.0,0.0,0.0,1.0,0,0,0,0.0,0.23463474973136822
2025-10-18 00:00:00+00:00,58014.922305446635,0.0,0.0,0.0,0.0,0.0,0.0,0.0,0.0,1.0,0,0,0,0.0,0.23463474973136822
2025-10-19 00:00:00+00:00,58014.922305446635,0.0,0.0,0.0,0.0,0.0,0.0,0.0,0.0,1.0,0,0,0,0.0,0.23463474973136822
2025-10-20 00:00:00+00:00,58014.922305446635,0.0,0.0,0.0,0.0,0.0,0.0,0.0,0.0,1.0,0,0,0,0.0,0.23463474973136822
2025-10-21 00:00:00+00:00,58014.922305446635,0.0,0.0,0.0,0.0,0.0,0.0,0.0,0.0,1.0,0,0,0,0.0,0.23463474973136822
2025-10-22 00:00:00+00:00,58014.922305446635,0.0,0.0,0.0,0.0,0.0,0.0,0.0,0.0,1.0,0,0,0,0.0,0.23463474973136822
2025-10-23 00:00:00+00:00,58014.922305446635,0.0,0.0,0.0,0.0,0.0,0.0,0.0,0.0,1.0,0,0,0,0.0,0.23463474973136822
2025-10-24 00:00:00+00:00,58014.922305446635,0.0,0.0,0.0,0.0,0.0,0.0,0.0,0.0,1.0,0,0,0,0.0,0.23463474973136822
2025-10-25 00:00:00+00:00,58014.922305446635,0.0,0.0,0.0,0.0,0.0,0.0,0.0,0.0,1.0,0,0,0,0.0,0.23463474973136822
2025-10-26 00:00:00+00:00,58014.922305446635,0.0,0.0,0.0,0.0,0.0,0.0,0.0,0.0,1.0,0,0,0,0.0,0.23463474973136822
2025-10-27 00:00:00+00:00,58014.922305446635,0.0,0.0,0.0,0.0,0.0,0.0,0.0,0.0,1.0,0,0,0,0.0,0.23463474973136822
2025-10-28 00:00:00+00:00,58014.922305446635,0.0,0.0,0.0,0.0,0.0,0.0,0.0,0.0,1.0,0,0,0,0.0,0.23463474973136822
2025-10-29 00:00:00+00:00,58014.922305446635,0.0,0.0,0.0,0.0,0.0,0.0,0.0,0.0,1.0,0,0,0,0.0,0.23463474973136822
2025-10-30 00:00:00+00:00,58014.922305446635,0.0,0.0,0.0,0.0,0.0,0.0,0.0,0.0,1.0,0,0,0,0.0,0.23463474973136822
2025-10-31 00:00:00+00:00,58014.922305446635,0.0,0.0,0.0,0.0,0.0,0.0,0.0,0.0,1.0,0,0,0,0.0,0.23463474973136822
2025-11-01 00:00:00+00:00,58014.922305446635,0.0,0.0,0.0,0.0,0.0,0.0,0.0,0.0,1.0,0,0,0,0.0,0.23463474973136822
2025-11-02 00:00:00+00:00,58014.922305446635,0.0,0.0,0.0,0.0,0.0,0.0,0.0,0.0,1.0,0,0,0,0.0,0.23463474973136822
2025-11-03 00:00:00+00:00,58014.922305446635,0.0,0.0,0.0,0.0,0.0,0.0,0.0,0.0,1.0,0,0,0,0.0,0.23463474973136822
2025-11-04 00:00:00+00:00,58014.922305446635,0.0,0.0,0.0,0.0,0.0,0.0,0.0,0.0,1.0,0,0,0,0.0,0.23463474973136822
2025-11-05 00:00:00+00:00,58014.922305446635,0.0,0.0,0.0,0.0,0.0,0.0,0.0,0.0,1.0,0,0,0,0.0,0.23463474973136822
2025-11-06 00:00:00+00:00,58014.922305446635,0.0,0.0,0.0,0.0,0.0,0.0,0.0,0.0,1.0,0,0,0,0.0,0.23463474973136822
2025-11-07 00:00:00+00:00,58014.922305446635,0.0,0.0,0.0,0.0,0.0,0.0,0.0,0.0,1.0,0,0,0,0.0,0.23463474973136822
2025-11-08 00:00:00+00:00,58014.922305446635,0.0,0.0,0.0,0.0,0.0,0.0,0.0,0.0,1.0,0,0,0,0.0,0.23463474973136822
2025-11-09 00:00:00+00:00,58014.922305446635,0.0,0.0,0.0,0.0,0.0,0.0,0.0,0.0,1.0,0,0,0,0.0,0.23463474973136822
2025-11-10 00:00:00+00:00,58014.922305446635,0.0,0.0,0.0,0.0,0.0,0.0,0.0,0.0,1.0,0,0,0,0.0,0.23463474973136822
2025-11-11 00:00:00+00:00,58014.922305446635,0.0,0.0,0.0,0.0,0.0,0.0,0.0,0.0,1.0,0,0,0,0.0,0.23463474973136822
2025-11-12 00:00:00+00:00,58014.922305446635,0.0,0.0,0.0,0.0,0.0,0.0,0.0,0.0,1.0,0,0,0,0.0,0.23463474973136822
2025-11-13 00:00:00+00:00,58014.922305446635,0.0,0.0,0.0,0.0,0.0,0.0,0.0,0.0,1.0,0,0,0,0.0,0.23463474973136822
2025-11-14 00:00:00+00:00,58014.922305446635,0.0,0.0,0.0,0.0,0.0,0.0,0.0,0.0,1.0,0,0,0,0.0,0.23463474973136822
2025-11-15 00:00:00+00:00,58014.922305446635,0.0,0.0,0.0,0.0,0.0,0.0,0.0,0.0,1.0,0,0,0,0.0,0.23463474973136822
2025-11-16 00:00:00+00:00,58014.922305446635,0.0,0.0,0.0,0.0,0.0,0.0,0.0,0.0,1.0,0,0,0,0.0,0.23463474973136822
2025-11-17 00:00:00+00:00,58014.922305446635,0.0,0.0,0.0,0.0,0.0,0.0,0.0,0.0,1.0,0,0,0,0.0,0.23463474973136822
2025-11-18 00:00:00+00:00,58014.922305446635,0.0,0.0,0.0,0.0,0.0,0.0,0.0,0.0,1.0,0,0,0,0.0,0.23463474973136822
2025-11-19 00:00:00+00:00,58014.922305446635,0.0,0.0,0.0,0.0,0.0,0.0,0.0,0.0,1.0,0,0,0,0.0,0.23463474973136822
2025-11-20 00:00:00+00:00,58014.922305446635,0.0,0.0,0.0,0.0,0.0,0.0,0.0,0.0,1.0,0,0,0,0.0,0.23463474973136822
2025-11-21 00:00:00+00:00,58014.922305446635,0.0,0.0,0.0,0.0,0.0,0.0,0.0,0.0,1.0,0,0,0,0.0,0.23463474973136822
2025-11-22 00:00:00+00:00,58014.922305446635,0.0,0.0,0.0,0.0,0.0,0.0,0.0,0.0,1.0,0,0,0,0.0,0.23463474973136822
2025-11-23 00:00:00+00:00,58014.922305446635,0.0,0.0,0.0,0.0,0.0,0.0,0.0,0.0,1.0,0,0,0,0.0,0.23463474973136822
2025-11-24 00:00:00+00:00,58014.922305446635,0.0,0.0,0.0,0.0,0.0,0.0,0.0,0.0,1.0,0,0,0,0.0,0.23463474973136822
2025-11-25 00:00:00+00:00,58014.922305446635,0.0,0.0,0.0,0.0,0.0,0.0,0.0,0.0,1.0,0,0,0,0.0,0.23463474973136822
2025-11-26 00:00:00+00:00,58014.922305446635,0.0,0.0,0.0,0.0,0.0,0.0,0.0,0.0,1.0,0,0,0,0.0,0.23463474973136822
2025-11-27 00:00:00+00:00,58014.922305446635,0.0,0.0,0.0,0.0,0.0,0.0,0.0,0.0,1.0,0,0,0,0.0,0.23463474973136822
2025-11-28 00:00:00+00:00,58014.922305446635,0.0,0.0,0.0,0.0,0.0,0.0,0.0,0.0,1.0,0,0,0,0.0,0.23463474973136822
2025-11-29 00:00:00+00:00,58014.922305446635,0.0,0.0,0.0,0.0,0.0,0.0,0.0,0.0,1.0,0,0,0,0.0,0.23463474973136822
2025-11-30 00:00:00+00:00,58014.922305446635,0.0,0.0,0.0,0.0,0.0,0.0,0.0,0.0,1.0,0,0,0,0.0,0.23463474973136822
2025-12-01 00:00:00+00:00,58014.922305446635,0.0,0.0,0.0,0.0,0.0,0.0,0.0,0.0,1.0,0,0,0,0.0,0.23463474973136822
2025-12-02 00:00:00+00:00,58014.922305446635,0.0,0.0,0.0,0.0,0.0,0.0,0.0,0.0,1.0,0,0,0,0.0,0.23463474973136822
2025-12-03 00:00:00+00:00,58014.922305446635,0.0,0.0,0.0,0.0,0.0,0.0,0.0,0.0,1.0,0,0,0,0.0,0.23463474973136822
2025-12-04 00:00:00+00:00,58014.922305446635,0.0,0.0,0.0,0.0,0.0,0.0,0.0,0.0,1.0,0,0,0,0.0,0.23463474973136822
2025-12-05 00:00:00+00:00,58014.922305446635,0.0,0.0,0.0,0.0,0.0,0.0,0.0,0.0,1.0,0,0,0,0.0,0.23463474973136822
2025-12-06 00:00:00+00:00,58014.922305446635,0.0,0.0,0.0,0.0,0.0,0.0,0.0,0.0,1.0,0,0,0,0.0,0.23463474973136822
2025-12-07 00:00:00+00:00,58014.922305446635,0.0,0.0,0.0,0.0,0.0,0.0,0.0,0.0,1.0,0,0,0,0.0,0.23463474973136822
2025-12-08 00:00:00+00:00,58014.922305446635,0.0,0.0,0.0,0.0,0.0,0.0,0.0,0.0,1.0,0,0,0,0.0,0.23463474973136822
2025-12-09 00:00:00+00:00,58014.922305446635,0.0,0.0,0.0,0.0,0.0,0.0,0.0,0.0,1.0,0,0,0,0.0,0.23463474973136822
2025-12-10 00:00:00+00:00,58014.922305446635,0.0,0.0,0.0,0.0,0.0,0.0,0.0,0.0,1.0,0,0,0,0.0,0.23463474973136822
2025-12-11 00:00:00+00:00,58014.922305446635,0.0,0.0,0.0,0.0,0.0,0.0,0.0,0.0,1.0,0,0,0,0.0,0.23463474973136822
2025-12-12 00:00:00+00:00,58014.922305446635,0.0,0.0,0.0,0.0,0.0,0.0,0.0,0.0,1.0,0,0,0,0.0,0.23463474973136822
2025-12-13 00:00:00+00:00,58014.922305446635,0.0,0.0,0.0,0.0,0.0,0.0,0.0,0.0,1.0,0,0,0,0.0,0.23463474973136822
2025-12-14 00:00:00+00:00,58014.922305446635,0.0,0.0,0.0,0.0,0.0,0.0,0.0,0.0,1.0,0,0,0,0.0,0.23463474973136822
2025-12-15 00:00:00+00:00,58014.922305446635,0.0,0.0,0.0,0.0,0.0,0.0,0.0,0.0,1.0,0,0,0,0.0,0.23463474973136822
2025-12-16 00:00:00+00:00,58014.922305446635,0.0,0.0,0.0,0.0,0.0,0.0,0.0,0.0,1.0,0,0,0,0.0,0.23463474973136822
2025-12-17 00:00:00+00:00,58014.922305446635,0.0,0.0,0.0,0.0,0.0,0.0,0.0,0.0,1.0,0,0,0,0.0,0.23463474973136822
2025-12-18 00:00:00+00:00,58014.922305446635,0.0,0.0,0.0,0.0,0.0,0.0,0.0,0.0,1.0,0,0,0,0.0,0.23463474973136822
2025-12-19 00:00:00+00:00,58014.922305446635,0.0,0.0,0.0,0.0,0.0,0.0,0.0,0.0,1.0,0,0,0,0.0,0.23463474973136822
2025-12-20 00:00:00+00:00,58014.922305446635,0.0,0.0,0.0,0.0,0.0,0.0,0.0,0.0,1.0,0,0,0,0.0,0.23463474973136822
2025-12-21 00:00:00+00:00,58014.922305446635,0.0,0.0,0.0,0.0,0.0,0.0,0.0,0.0,1.0,0,0,0,0.0,0.23463474973136822
2025-12-22 00:00:00+00:00,58014.922305446635,0.0,0.0,0.0,0.0,0.0,0.0,0.0,0.0,1.0,0,0,0,0.0,0.23463474973136822
2025-12-23 00:00:00+00:00,58014.922305446635,0.0,0.0,0.0,0.0,0.0,0.0,0.0,0.0,1.0,0,0,0,0.0,0.23463474973136822
2025-12-24 00:00:00+00:00,58014.922305446635,0.0,0.0,0.0,0.0,0.0,0.0,0.0,0.0,1.0,0,0,0,0.0,0.23463474973136822
2025-12-25 00:00:00+00:00,58014.922305446635,0.0,0.0,0.0,0.0,0.0,0.0,0.0,0.0,1.0,0,0,0,0.0,0.23463474973136822
2025-12-26 00:00:00+00:00,58014.922305446635,0.0,0.0,0.0,0.0,0.0,0.0,0.0,0.0,1.0,0,0,0,0.0,0.23463474973136822
2025-12-27 00:00:00+00:00,58014.922305446635,0.0,0.0,0.0,0.0,0.0,0.0,0.0,0.0,1.0,0,0,0,0.0,0.23463474973136822
2025-12-28 00:00:00+00:00,58014.922305446635,0.0,0.0,0.0,0.0,0.0,0.0,0.0,0.0,1.0,0,0,0,0.0,0.23463474973136822
2025-12-29 00:00:00+00:00,58014.922305446635,0.0,0.0,0.0,0.0,0.0,0.0,0.0,0.0,1.0,0,0,0,0.0,0.23463474973136822
2025-12-30 00:00:00+00:00,58014.922305446635,0.0,0.0,0.0,0.0,0.0,0.0,0.0,0.0,1.0,0,0,0,0.0,0.23463474973136822
2025-12-31 00:00:00+00:00,58014.922305446635,0.0,0.0,0.0,0.0,0.0,0.0,0.0,0.0,1.0,0,0,0,0.0,0.23463474973136822
2026-01-01 00:00:00+00:00,58014.922305446635,0.0,0.0,0.0,0.0,0.0,0.0,0.0,0.0,1.0,0,0,0,0.0,0.23463474973136822
2026-01-02 00:00:00+00:00,58014.922305446635,0.0,0.0,0.0,0.0,0.0,0.0,0.0,0.0,1.0,0,0,0,0.0,0.23463474973136822
2026-01-03 00:00:00+00:00,58014.922305446635,0.0,0.0,0.0,0.0,0.0,0.0,0.0,0.0,1.0,0,0,0,0.0,0.23463474973136822
2026-01-04 00:00:00+00:00,58014.922305446635,0.0,0.0,0.0,0.0,0.0,0.0,0.0,0.0,1.0,0,0,0,0.0,0.23463474973136822
2026-01-05 00:00:00+00:00,58014.922305446635,0.0,0.0,0.0,0.0,0.0,0.0,0.0,0.0,1.0,0,0,0,0.0,0.23463474973136822
2026-01-06 00:00:00+00:00,58014.922305446635,0.0,0.0,0.0,0.0,0.0,0.0,0.0,0.0,1.0,0,0,0,0.0,0.23463474973136822
2026-01-07 00:00:00+00:00,58014.922305446635,0.0,0.0,0.0,0.0,0.0,0.0,0.0,0.0,1.0,0,0,0,0.0,0.23463474973136822
2026-01-08 00:00:00+00:00,58014.922305446635,0.0,0.0,0.0,0.0,0.0,0.0,0.0,0.0,1.0,0,0,0,0.0,0.23463474973136822
2026-01-09 00:00:00+00:00,58014.922305446635,0.0,0.0,0.0,0.0,0.0,0.0,0.0,0.0,1.0,0,0,0,0.0,0.23463474973136822
2026-01-10 00:00:00+00:00,58014.922305446635,0.0,0.0,0.0,0.0,0.0,0.0,0.0,0.0,1.0,0,0,0,0.0,0.23463474973136822
2026-01-11 00:00:00+00:00,58014.922305446635,0.0,0.0,0.0,0.0,0.0,0.0,0.0,0.0,1.0,0,0,0,0.0,0.23463474973136822
2026-01-12 00:00:00+00:00,58014.922305446635,0.0,0.0,0.0,0.0,0.0,0.0,0.0,0.0,1.0,0,0,0,0.0,0.23463474973136822
2026-01-13 00:00:00+00:00,58014.922305446635,0.0,0.0,0.0,0.0,0.0,0.0,0.0,0.0,1.0,0,0,0,0.0,0.23463474973136822
2026-01-14 00:00:00+00:00,58014.922305446635,0.0,0.0,0.0,0.0,0.0,0.0,0.0,0.0,1.0,0,0,0,0.0,0.23463474973136822
2026-01-15 00:00:00+00:00,58014.922305446635,0.0,0.0,0.0,0.0,0.0,0.0,0.0,0.0,1.0,0,0,0,0.0,0.23463474973136822
2026-01-16 00:00:00+00:00,58014.922305446635,0.0,0.0,0.0,0.0,0.0,0.0,0.0,0.0,1.0,0,0,0,0.0,0.23463474973136822
2026-01-17 00:00:00+00:00,58014.922305446635,0.0,0.0,0.0,0.0,0.0,0.0,0.0,0.0,1.0,0,0,0,0.0,0.23463474973136822
2026-01-18 00:00:00+00:00,58014.922305446635,0.0,0.0,0.0,0.0,0.0,0.0,0.0,0.0,1.0,0,0,0,0.0,0.23463474973136822
2026-01-19 00:00:00+00:00,58014.922305446635,0.0,0.0,0.0,0.0,0.0,0.0,0.0,0.0,1.0,0,0,0,0.0,0.23463474973136822
2026-01-20 00:00:00+00:00,58014.922305446635,0.0,0.0,0.0,0.0,0.0,0.0,0.0,0.0,1.0,0,0,0,0.0,0.23463474973136822
2026-01-21 00:00:00+00:00,58014.922305446635,0.0,0.0,0.0,0.0,0.0,0.0,0.0,0.0,1.0,0,0,0,0.0,0.23463474973136822
2026-01-22 00:00:00+00:00,58014.922305446635,0.0,0.0,0.0,0.0,0.0,0.0,0.0,0.0,1.0,0,0,0,0.0,0.23463474973136822
2026-01-23 00:00:00+00:00,58014.922305446635,0.0,0.0,0.0,0.0,0.0,0.0,0.0,0.0,1.0,0,0,0,0.0,0.23463474973136822
2026-01-24 00:00:00+00:00,58014.922305446635,0.0,0.0,0.0,0.0,0.0,0.0,0.0,0.0,1.0,0,0,0,0.0,0.23463474973136822
2026-01-25 00:00:00+00:00,58014.922305446635,0.0,0.0,0.0,0.0,0.0,0.0,0.0,0.0,1.0,0,0,0,0.0,0.23463474973136822
2026-01-26 00:00:00+00:00,58014.922305446635,0.0,0.0,0.0,0.0,0.0,0.0,0.0,0.0,1.0,0,0,0,0.0,0.23463474973136822
2026-01-27 00:00:00+00:00,58014.922305446635,0.0,0.0,0.0,0.0,0.0,0.0,0.0,0.0,1.0,0,0,0,0.0,0.23463474973136822
2026-01-28 00:00:00+00:00,58014.922305446635,0.0,0.0,0.0,0.0,0.0,0.0,0.0,0.0,1.0,0,0,0,0.0,0.23463474973136822
2026-01-29 00:00:00+00:00,58014.922305446635,0.0,0.0,0.0,0.0,0.0,0.0,0.0,0.0,1.0,0,0,0,0.0,0.23463474973136822
2026-01-30 00:00:00+00:00,58014.922305446635,0.0,0.0,0.0,0.0,0.0,0.0,0.0,0.0,1.0,0,0,0,0.0,0.23463474973136822
2026-01-31 00:00:00+00:00,58014.922305446635,0.0,0.0,0.0,0.0,0.0,0.0,0.0,0.0,1.0,0,0,0,0.0,0.23463474973136822
2026-02-01 00:00:00+00:00,58014.922305446635,0.0,0.0,0.0,0.0,0.0,0.0,0.0,0.0,1.0,0,0,0,0.0,0.23463474973136822
2026-02-02 00:00:00+00:00,58014.922305446635,0.0,0.0,0.0,0.0,0.0,0.0,0.0,0.0,1.0,0,0,0,0.0,0.23463474973136822
2026-02-03 00:00:00+00:00,58014.922305446635,0.0,0.0,0.0,0.0,0.0,0.0,0.0,0.0,1.0,0,0,0,0.0,0.23463474973136822
2026-02-04 00:00:00+00:00,58014.922305446635,0.0,0.0,0.0,0.0,0.0,0.0,0.0,0.0,1.0,0,0,0,0.0,0.23463474973136822
2026-02-05 00:00:00+00:00,58014.922305446635,0.0,0.0,0.0,0.0,0.0,0.0,0.0,0.0,1.0,0,0,0,0.0,0.23463474973136822
2026-02-06 00:00:00+00:00,58014.922305446635,0.0,0.0,0.0,0.0,0.0,0.0,0.0,0.0,1.0,0,0,0,0.0,0.23463474973136822
2026-02-07 00:00:00+00:00,58014.922305446635,0.0,0.0,0.0,0.0,0.0,0.0,0.0,0.0,1.0,0,0,0,0.0,0.23463474973136822
2026-02-08 00:00:00+00:00,58014.922305446635,0.0,0.0,0.0,0.0,0.0,0.0,0.0,0.0,1.0,0,0,0,0.0,0.23463474973136822
2026-02-09 00:00:00+00:00,58014.922305446635,0.0,0.0,0.0,0.0,0.0,0.0,0.0,0.0,1.0,0,0,0,0.0,0.23463474973136822
2026-02-10 00:00:00+00:00,58014.922305446635,0.0,0.0,0.0,0.0,0.0,0.0,0.0,0.0,1.0,0,0,0,0.0,0.23463474973136822
2026-02-11 00:00:00+00:00,58014.922305446635,0.0,0.0,0.0,0.0,0.0,0.0,0.0,0.0,1.0,0,0,0,0.0,0.23463474973136822
2026-02-12 00:00:00+00:00,58014.922305446635,0.0,0.0,0.0,0.0,0.0,0.0,0.0,0.0,1.0,0,0,0,0.0,0.23463474973136822
2026-02-13 00:00:00+00:00,58014.922305446635,0.0,0.0,0.0,0.0,0.0,0.0,0.0,0.0,1.0,0,0,0,0.0,0.23463474973136822
2026-02-14 00:00:00+00:00,58014.922305446635,0.0,0.0,0.0,0.0,0.0,0.0,0.0,0.0,1.0,0,0,0,0.0,0.23463474973136822
2026-02-15 00:00:00+00:00,58014.922305446635,0.0,0.0,0.0,0.0,0.0,0.0,0.0,0.0,1.0,0,0,0,0.0,0.23463474973136822
2026-02-16 00:00:00+00:00,58014.922305446635,0.0,0.0,0.0,0.0,0.0,0.0,0.0,0.0,1.0,0,0,0,0.0,0.23463474973136822
2026-02-17 00:00:00+00:00,58014.922305446635,0.0,0.0,0.0,0.0,0.0,0.0,0.0,0.0,1.0,0,0,0,0.0,0.23463474973136822
2026-02-18 00:00:00+00:00,58014.922305446635,0.0,0.0,0.0,0.0,0.0,0.0,0.0,0.0,1.0,0,0,0,0.0,0.23463474973136822
2026-02-19 00:00:00+00:00,58014.922305446635,0.0,0.0,0.0,0.0,0.0,0.0,0.0,0.0,1.0,0,0,0,0.0,0.23463474973136822
2026-02-20 00:00:00+00:00,58014.922305446635,0.0,0.0,0.0,0.0,0.0,0.0,0.0,0.0,1.0,0,0,0,0.0,0.23463474973136822
2026-02-21 00:00:00+00:00,58014.922305446635,0.0,0.0,0.0,0.0,0.0,0.0,0.0,0.0,1.0,0,0,0,0.0,0.23463474973136822
2026-02-22 00:00:00+00:00,58014.922305446635,0.0,0.0,0.0,0.0,0.0,0.0,0.0,0.0,1.0,0,0,0,0.0,0.23463474973136822
2026-02-23 00:00:00+00:00,58014.922305446635,0.0,0.0,0.0,0.0,0.0,0.0,0.0,0.0,1.0,0,0,0,0.0,0.23463474973136822
2026-02-24 00:00:00+00:00,58014.922305446635,0.0,0.0,0.0,0.0,0.0,0.0,0.0,0.0,1.0,0,0,0,0.0,0.23463474973136822
2026-02-25 00:00:00+00:00,58014.922305446635,0.0,0.0,0.0,0.0,0.0,0.0,0.0,0.0,1.0,0,0,0,0.0,0.23463474973136822
2026-02-26 00:00:00+00:00,58014.922305446635,0.0,0.0,0.0,0.0,0.0,0.0,0.0,0.0,1.0,0,0,0,0.0,0.23463474973136822
2026-02-27 00:00:00+00:00,58014.922305446635,0.0,0.0,0.0,0.0,0.0,0.0,0.0,0.0,1.0,0,0,0,0.0,0.23463474973136822
2026-02-28 00:00:00+00:00,58014.922305446635,0.0,0.0,0.0,0.0,0.0,0.0,0.0,0.0,1.0,0,0,0,0.0,0.23463474973136822
2026-03-01 00:00:00+00:00,58014.922305446635,0.0,0.0,0.0,0.0,0.0,0.0,0.0,0.0,1.0,0,0,0,0.0,0.23463474973136822
2026-03-02 00:00:00+00:00,58014.922305446635,0.0,0.0,0.0,0.0,0.0,0.0,0.0,0.0,1.0,0,0,0,0.0,0.23463474973136822
2026-03-03 00:00:00+00:00,58014.922305446635,0.0,0.0,0.0,0.0,0.0,0.0,0.0,0.0,1.0,0,0,0,0.0,0.23463474973136822
2026-03-04 00:00:00+00:00,58014.922305446635,0.0,0.0,0.0,0.0,0.0,0.0,0.0,0.0,1.0,0,0,0,0.0,0.23463474973136822
2026-03-05 00:00:00+00:00,58014.922305446635,0.0,0.0,0.0,0.0,0.0,0.0,0.0,0.0,1.0,0,0,0,0.0,0.23463474973136822
2026-03-06 00:00:00+00:00,58014.922305446635,0.0,0.0,0.0,0.0,0.0,0.0,0.0,0.0,1.0,0,0,0,0.0,0.23463474973136822
2026-03-07 00:00:00+00:00,58014.922305446635,0.0,0.0,0.0,0.0,0.0,0.0,0.0,0.0,1.0,0,0,0,0.0,0.23463474973136822
2026-03-08 00:00:00+00:00,58014.922305446635,0.0,0.0,0.0,0.0,0.0,0.0,0.0,0.0,1.0,0,0,0,0.0,0.23463474973136822
2026-03-09 00:00:00+00:00,58014.922305446635,0.0,0.0,0.0,0.0,0.0,0.0,0.0,0.0,1.0,0,0,0,0.0,0.23463474973136822
2026-03-10 00:00:00+00:00,58014.922305446635,0.0,0.0,0.0,0.0,0.0,0.0,0.0,0.0,1.0,0,0,0,0.0,0.23463474973136822
2026-03-11 00:00:00+00:00,58014.922305446635,0.0,0.0,0.0,0.0,0.0,0.0,0.0,0.0,1.0,0,0,0,0.0,0.23463474973136822
2026-03-12 00:00:00+00:00,58014.922305446635,0.0,0.0,0.0,0.0,0.0,0.0,0.0,0.0,1.0,0,0,0,0.0,0.23463474973136822
2026-03-13 00:00:00+00:00,58014.922305446635,0.0,0.0,0.0,0.0,0.0,0.0,0.0,0.0,1.0,0,0,0,0.0,0.23463474973136822
2026-03-14 00:00:00+00:00,58014.922305446635,0.0,0.0,0.0,0.0,0.0,0.0,0.0,0.0,1.0,0,0,0,0.0,0.23463474973136822
2026-03-15 00:00:00+00:00,58014.922305446635,0.0,0.0,0.0,0.0,0.0,0.0,0.0,0.0,1.0,0,0,0,0.0,0.23463474973136822
2026-03-16 00:00:00+00:00,58014.922305446635,0.0,0.0,0.0,0.0,0.0,0.0,0.0,0.0,1.0,0,0,0,0.0,0.23463474973136822
2026-03-17 00:00:00+00:00,58014.922305446635,0.0,0.0,0.0,0.0,0.0,0.0,0.0,0.0,1.0,0,0,0,0.0,0.23463474973136822
2026-03-18 00:00:00+00:00,58014.922305446635,0.0,0.0,0.0,0.0,0.0,0.0,0.0,0.0,1.0,0,0,0,0.0,0.23463474973136822
2026-03-19 00:00:00+00:00,58014.922305446635,0.0,0.0,0.0,0.0,0.0,0.0,0.0,0.0,1.0,0,0,0,0.0,0.23463474973136822
2026-03-20 00:00:00+00:00,58014.922305446635,0.0,0.0,0.0,0.0,0.0,0.0,0.0,0.0,1.0,0,0,0,0.0,0.23463474973136822
2026-03-21 00:00:00+00:00,58014.922305446635,0.0,0.0,0.0,0.0,0.0,0.0,0.0,0.0,1.0,0,0,0,0.0,0.23463474973136822
2026-03-22 00:00:00+00:00,58014.922305446635,0.0,0.0,0.0,0.0,0.0,0.0,0.0,0.0,1.0,0,0,0,0.0,0.23463474973136822
2026-03-23 00:00:00+00:00,58014.922305446635,0.0,0.0,0.0,0.0,0.0,0.0,0.0,0.0,1.0,0,0,0,0.0,0.23463474973136822
2026-03-24 00:00:00+00:00,58014.922305446635,0.0,0.0,0.0,0.0,0.0,0.0,0.0,0.0,1.0,0,0,0,0.0,0.23463474973136822
2026-03-25 00:00:00+00:00,58014.922305446635,0.0,0.0,0.0,0.0,0.0,0.0,0.0,0.0,1.0,0,0,0,0.0,0.23463474973136822
2026-03-26 00:00:00+00:00,58014.922305446635,0.0,0.0,0.0,0.0,0.0,0.0,0.0,0.0,1.0,0,0,0,0.0,0.23463474973136822
2026-03-27 00:00:00+00:00,58014.922305446635,0.0,0.0,0.0,0.0,0.0,0.0,0.0,0.0,1.0,0,0,0,0.0,0.23463474973136822
2026-03-28 00:00:00+00:00,58014.922305446635,0.0,0.0,0.0,0.0,0.0,0.0,0.0,0.0,1.0,0,0,0,0.0,0.23463474973136822
2026-03-29 00:00:00+00:00,58014.922305446635,0.0,0.0,0.0,0.0,0.0,0.0,0.0,0.0,1.0,0,0,0,0.0,0.23463474973136822
2026-03-30 00:00:00+00:00,58014.922305446635,0.0,0.0,0.0,0.0,0.0,0.0,0.0,0.0,1.0,0,0,0,0.0,0.23463474973136822
2026-03-31 00:00:00+00:00,58014.922305446635,0.0,0.0,0.0,0.0,0.0,0.0,0.0,0.0,1.0,0,0,0,0.0,0.23463474973136822
2026-04-01 00:00:00+00:00,58014.922305446635,0.0,0.0,0.0,0.0,0.0,0.0,0.0,0.0,1.0,0,0,0,0.0,0.23463474973136822
2026-04-02 00:00:00+00:00,58014.922305446635,0.0,0.0,0.0,0.0,0.0,0.0,0.0,0.0,1.0,0,0,0,0.0,0.23463474973136822
2026-04-03 00:00:00+00:00,58014.922305446635,0.0,0.0,0.0,0.0,0.0,0.0,0.0,0.0,1.0,0,0,0,0.0,0.23463474973136822
2026-04-04 00:00:00+00:00,58014.922305446635,0.0,0.0,0.0,0.0,0.0,0.0,0.0,0.0,1.0,0,0,0,0.0,0.23463474973136822
2026-04-05 00:00:00+00:00,58014.922305446635,0.0,0.0,0.0,0.0,0.0,0.0,0.0,0.0,1.0,0,0,0,0.0,0.23463474973136822
2026-04-06 00:00:00+00:00,58014.922305446635,0.0,0.0,0.0,0.0,0.0,0.0,0.0,0.0,1.0,0,0,0,0.0,0.23463474973136822
2026-04-07 00:00:00+00:00,58014.922305446635,0.0,0.0,0.0,0.0,0.0,0.0,0.0,0.0,1.0,0,0,0,0.0,0.23463474973136822
2026-04-08 00:00:00+00:00,58014.922305446635,0.0,0.0,0.0,0.0,0.0,0.0,0.0,0.0,1.0,0,0,0,0.0,0.23463474973136822
2026-04-09 00:00:00+00:00,58014.922305446635,0.0,0.0,0.0,0.0,0.0,0.0,0.0,0.0,1.0,0,0,0,0.0,0.23463474973136822
2026-04-10 00:00:00+00:00,58014.922305446635,0.0,0.0,0.0,0.0,0.0,0.0,0.0,0.0,1.0,0,0,0,0.0,0.23463474973136822
2026-04-11 00:00:00+00:00,58014.922305446635,0.0,0.0,0.0,0.0,0.0,0.0,0.0,0.0,1.0,0,0,0,0.0,0.23463474973136822
2026-04-12 00:00:00+00:00,58014.922305446635,0.0,0.0,0.0,0.0,0.0,0.0,0.0,0.0,1.0,0,0,0,0.0,0.23463474973136822
2026-04-13 00:00:00+00:00,58014.922305446635,0.0,0.0,0.0,0.0,0.0,0.0,0.0,0.0,1.0,0,0,0,0.0,0.23463474973136822
2026-04-14 00:00:00+00:00,58014.922305446635,0.0,0.0,0.0,0.0,0.0,0.0,0.0,0.0,1.0,0,0,0,0.0,0.23463474973136822
2026-04-15 00:00:00+00:00,58014.922305446635,0.0,0.0,0.0,0.0,0.0,0.0,0.0,0.0,1.0,0,0,0,0.0,0.23463474973136822
2026-04-16 00:00:00+00:00,58014.922305446635,0.0,0.0,0.0,0.0,0.0,0.0,0.0,0.0,1.0,0,0,0,0.0,0.23463474973136822
2026-04-17 00:00:00+00:00,58014.922305446635,0.0,0.0,0.0,0.0,0.0,0.0,0.0,0.0,1.0,0,0,0,0.0,0.23463474973136822
2026-04-18 00:00:00+00:00,58014.922305446635,0.0,0.0,0.0,0.0,0.0,0.0,0.0,0.0,1.0,0,0,0,0.0,0.23463474973136822
2026-04-19 00:00:00+00:00,58014.922305446635,0.0,0.0,0.0,0.0,0.0,0.0,0.0,0.0,1.0,0,0,0,0.0,0.23463474973136822
2026-04-20 00:00:00+00:00,58014.922305446635,0.0,0.0,0.0,0.0,0.0,0.0,0.0,0.0,1.0,0,0,0,0.0,0.23463474973136822
2026-04-21 00:00:00+00:00,58014.922305446635,0.0,0.0,0.0,0.0,0.0,0.0,0.0,0.0,1.0,0,0,0,0.0,0.23463474973136822
2026-04-22 00:00:00+00:00,58014.922305446635,0.0,0.0,0.0,0.0,0.0,0.0,0.0,0.0,1.0,0,0,0,0.0,0.23463474973136822
2026-04-23 00:00:00+00:00,58014.922305446635,0.0,0.0,0.0,0.0,0.0,0.0,0.0,0.0,1.0,0,0,0,0.0,0.23463474973136822
2026-04-24 00:00:00+00:00,58014.922305446635,0.0,0.0,0.0,0.0,0.0,0.0,0.0,0.0,1.0,0,0,0,0.0,0.23463474973136822
2026-04-25 00:00:00+00:00,58014.922305446635,0.0,0.0,0.0,0.0,0.0,0.0,0.0,0.0,1.0,0,0,0,0.0,0.23463474973136822
2026-04-26 00:00:00+00:00,58014.922305446635,0.0,0.0,0.0,0.0,0.0,0.0,0.0,0.0,1.0,0,0,0,0.0,0.23463474973136822
2026-04-27 00:00:00+00:00,58014.922305446635,0.0,0.0,0.0,0.0,0.0,0.0,0.0,0.0,1.0,0,0,0,0.0,0.23463474973136822
2026-04-28 00:00:00+00:00,58014.922305446635,0.0,0.0,0.0,0.0,0.0,0.0,0.0,0.0,1.0,0,0,0,0.0,0.23463474973136822
2026-04-29 00:00:00+00:00,58014.922305446635,0.0,0.0,0.0,0.0,0.0,0.0,0.0,0.0,1.0,0,0,0,0.0,0.23463474973136822
2026-04-30 00:00:00+00:00,58014.922305446635,0.0,0.0,0.0,0.0,0.0,0.0,0.0,0.0,1.0,0,0,0,0.0,0.23463474973136822
2026-05-01 00:00:00+00:00,58014.922305446635,0.0,0.0,0.0,0.0,0.0,0.0,0.0,0.0,1.0,0,0,0,0.0,0.23463474973136822
2026-05-02 00:00:00+00:00,58014.922305446635,0.0,0.0,0.0,0.0,0.0,0.0,0.0,0.0,1.0,0,0,0,0.0,0.23463474973136822
2026-05-03 00:00:00+00:00,58014.922305446635,0.0,0.0,0.0,0.0,0.0,0.0,0.0,0.0,1.0,0,0,0,0.0,0.23463474973136822
2026-05-04 00:00:00+00:00,58014.922305446635,0.0,0.0,0.0,0.0,0.0,0.0,0.0,0.0,1.0,0,0,0,0.0,0.23463474973136822
2026-05-05 00:00:00+00:00,58014.922305446635,0.0,0.0,0.0,0.0,0.0,0.0,0.0,0.0,1.0,0,0,0,0.0,0.23463474973136822
2026-05-06 00:00:00+00:00,58014.922305446635,0.0,0.0,0.0,0.0,0.0,0.0,0.0,0.0,1.0,0,0,0,0.0,0.23463474973136822
2026-05-07 00:00:00+00:00,58014.922305446635,0.0,0.0,0.0,0.0,0.0,0.0,0.0,0.0,1.0,0,0,0,0.0,0.23463474973136822
2026-05-08 00:00:00+00:00,58014.922305446635,0.0,0.0,0.0,0.0,0.0,0.0,0.0,0.0,1.0,0,0,0,0.0,0.23463474973136822
2026-05-09 00:00:00+00:00,58014.922305446635,0.0,0.0,0.0,0.0,0.0,0.0,0.0,0.0,1.0,0,0,0,0.0,0.23463474973136822
2026-05-10 00:00:00+00:00,58014.922305446635,0.0,0.0,0.0,0.0,0.0,0.0,0.0,0.0,1.0,0,0,0,0.0,0.23463474973136822
2026-05-11 00:00:00+00:00,58014.922305446635,0.0,0.0,0.0,0.0,0.0,0.0,0.0,0.0,1.0,0,0,0,0.0,0.23463474973136822
2026-05-12 00:00:00+00:00,58014.922305446635,0.0,0.0,0.0,0.0,0.0,0.0,0.0,0.0,1.0,0,0,0,0.0,0.23463474973136822
2026-05-13 00:00:00+00:00,58014.922305446635,0.0,0.0,0.0,0.0,0.0,0.0,0.0,0.0,1.0,0,0,0,0.0,0.23463474973136822
2026-05-14 00:00:00+00:00,58014.922305446635,0.0,0.0,0.0,0.0,0.0,0.0,0.0,0.0,1.0,0,0,0,0.0,0.23463474973136822
2026-05-15 00:00:00+00:00,58014.922305446635,0.0,0.0,0.0,0.0,0.0,0.0,0.0,0.0,1.0,0,0,0,0.0,0.23463474973136822
2026-05-16 00:00:00+00:00,58014.922305446635,0.0,0.0,0.0,0.0,0.0,0.0,0.0,0.0,1.0,0,0,0,0.0,0.23463474973136822
2026-05-17 00:00:00+00:00,58014.922305446635,0.0,0.0,0.0,0.0,0.0,0.0,0.0,0.0,1.0,0,0,0,0.0,0.23463474973136822
2026-05-18 00:00:00+00:00,58014.922305446635,0.0,0.0,0.0,0.0,0.0,0.0,0.0,0.0,1.0,0,0,0,0.0,0.23463474973136822
2026-05-19 00:00:00+00:00,58014.922305446635,0.0,0.0,0.0,0.0,0.0,0.0,0.0,0.0,1.0,0,0,0,0.0,0.23463474973136822
2026-05-20 00:00:00+00:00,58014.922305446635,0.0,0.0,0.0,0.0,0.0,0.0,0.0,0.0,1.0,0,0,0,0.0,0.23463474973136822
2026-05-21 00:00:00+00:00,58014.922305446635,0.0,0.0,0.0,0.0,0.0,0.0,0.0,0.0,1.0,0,0,0,0.0,0.23463474973136822
2026-05-22 00:00:00+00:00,58014.922305446635,0.0,0.0,0.0,0.0,0.0,0.0,0.0,0.0,1.0,0,0,0,0.0,0.23463474973136822
2026-05-23 00:00:00+00:00,58014.922305446635,0.0,0.0,0.0,0.0,0.0,0.0,0.0,0.0,1.0,0,0,0,0.0,0.23463474973136822
2026-05-24 00:00:00+00:00,58014.922305446635,0.0,0.0,0.0,0.0,0.0,0.0,0.0,0.0,1.0,0,0,0,0.0,0.23463474973136822
2026-05-25 00:00:00+00:00,58014.922305446635,0.0,0.0,0.0,0.0,0.0,0.0,0.0,0.0,1.0,0,0,0,0.0,0.23463474973136822
2026-05-26 00:00:00+00:00,58014.922305446635,0.0,0.0,0.0,0.0,0.0,0.0,0.0,0.0,1.0,0,0,0,0.0,0.23463474973136822
2026-05-27 00:00:00+00:00,58014.922305446635,0.0,0.0,0.0,0.0,0.0,0.0,0.0,0.0,1.0,0,0,0,0.0,0.23463474973136822
2026-05-28 00:00:00+00:00,58014.922305446635,0.0,0.0,0.0,0.0,0.0,0.0,0.0,0.0,1.0,0,0,0,0.0,0.23463474973136822
2026-05-29 00:00:00+00:00,58014.922305446635,0.0,0.0,0.0,0.0,0.0,0.0,0.0,0.0,1.0,0,0,0,0.0,0.23463474973136822
2026-05-30 00:00:00+00:00,58014.922305446635,0.0,0.0,0.0,0.0,0.0,0.0,0.0,0.0,1.0,0,0,0,0.0,0.23463474973136822
2026-05-31 00:00:00+00:00,58014.922305446635,0.0,0.0,0.0,0.0,0.0,0.0,0.0,0.0,1.0,0,0,0,0.0,0.23463474973136822
2026-06-01 00:00:00+00:00,58014.922305446635,0.0,0.0,0.0,0.0,0.0,0.0,0.0,0.0,1.0,0,0,0,0.0,0.23463474973136822
2026-06-02 00:00:00+00:00,58014.922305446635,0.0,0.0,0.0,0.0,0.0,0.0,0.0,0.0,1.0,0,0,0,0.0,0.23463474973136822
2026-06-03 00:00:00+00:00,58014.922305446635,0.0,0.0,0.0,0.0,0.0,0.0,0.0,0.0,1.0,0,0,0,0.0,0.23463474973136822
2026-06-04 00:00:00+00:00,58014.922305446635,0.0,0.0,0.0,0.0,0.0,0.0,0.0,0.0,1.0,0,0,0,0.0,0.23463474973136822
2026-06-05 00:00:00+00:00,58014.922305446635,0.0,0.0,0.0,0.0,0.0,0.0,0.0,0.0,1.0,0,0,0,0.0,0.23463474973136822
2026-06-06 00:00:00+00:00,58014.922305446635,0.0,0.0,0.0,0.0,0.0,0.0,0.0,0.0,1.0,0,0,0,0.0,0.23463474973136822
2026-06-07 00:00:00+00:00,58014.922305446635,0.0,0.0,0.0,0.0,0.0,0.0,0.0,0.0,1.0,0,0,0,0.0,0.23463474973136822
2026-06-08 00:00:00+00:00,58014.922305446635,0.0,0.0,0.0,0.0,0.0,0.0,0.0,0.0,1.0,0,0,0,0.0,0.23463474973136822
2026-06-09 00:00:00+00:00,58014.922305446635,0.0,0.0,0.0,0.0,0.0,0.0,0.0,0.0,1.0,0,0,0,0.0,0.23463474973136822
2026-06-10 00:00:00+00:00,58014.922305446635,0.0,0.0,0.0,0.0,0.0,0.0,0.0,0.0,1.0,0,0,0,0.0,0.23463474973136822
2026-06-11 00:00:00+00:00,58014.922305446635,0.0,0.0,0.0,0.0,0.0,0.0,0.0,0.0,1.0,0,0,0,0.0,0.23463474973136822
2026-06-12 00:00:00+00:00,58014.922305446635,0.0,0.0,0.0,0.0,0.0,0.0,0.0,0.0,1.0,0,0,0,0.0,0.23463474973136822
2026-06-13 00:00:00+00:00,58014.922305446635,0.0,0.0,0.0,0.0,0.0,0.0,0.0,0.0,1.0,0,0,0,0.0,0.23463474973136822
2026-06-14 00:00:00+00:00,58014.922305446635,0.0,0.0,0.0,0.0,0.0,0.0,0.0,0.0,1.0,0,0,0,0.0,0.23463474973136822
2026-06-15 00:00:00+00:00,58014.922305446635,0.0,0.0,0.0,0.0,0.0,0.0,0.0,0.0,1.0,0,0,0,0.0,0.23463474973136822
2026-06-16 00:00:00+00:00,58014.922305446635,0.0,0.0,0.0,0.0,0.0,0.0,0.0,0.0,1.0,0,0,0,0.0,0.23463474973136822
2026-06-17 00:00:00+00:00,58014.922305446635,0.0,0.0,0.0,0.0,0.0,0.0,0.0,0.0,1.0,0,0,0,0.0,0.23463474973136822
2026-06-18 00:00:00+00:00,58014.922305446635,0.0,0.0,0.0,0.0,0.0,0.0,0.0,0.0,1.0,0,0,0,0.0,0.23463474973136822
2026-06-19 00:00:00+00:00,58014.922305446635,0.0,0.0,0.0,0.0,0.0,0.0,0.0,0.0,1.0,0,0,0,0.0,0.23463474973136822
2026-06-20 00:00:00+00:00,58014.922305446635,0.0,0.0,0.0,0.0,0.0,0.0,0.0,0.0,1.0,0,0,0,0.0,0.23463474973136822
2026-06-21 00:00:00+00:00,58014.922305446635,0.0,0.0,0.0,0.0,0.0,0.0,0.0,0.0,1.0,0,0,0,0.0,0.23463474973136822
2026-06-22 00:00:00+00:00,58014.922305446635,0.0,0.0,0.0,0.0,0.0,0.0,0.0,0.0,1.0,0,0,0,0.0,0.23463474973136822
2026-06-23 00:00:00+00:00,58014.922305446635,0.0,0.0,0.0,0.0,0.0,0.0,0.0,0.0,1.0,0,0,0,0.0,0.23463474973136822
2026-06-24 00:00:00+00:00,58014.922305446635,0.0,0.0,0.0,0.0,0.0,0.0,0.0,0.0,1.0,0,0,0,0.0,0.23463474973136822
2026-06-25 00:00:00+00:00,58014.922305446635,0.0,0.0,0.0,0.0,0.0,0.0,0.0,0.0,1.0,0,0,0,0.0,0.23463474973136822
2026-06-26 00:00:00+00:00,58014.922305446635,0.0,0.0,0.0,0.0,0.0,0.0,0.0,0.0,1.0,0,0,0,0.0,0.23463474973136822
2026-06-27 00:00:00+00:00,58014.922305446635,0.0,0.0,0.0,0.0,0.0,0.0,0.0,0.0,1.0,0,0,0,0.0,0.23463474973136822
2026-06-28 00:00:00+00:00,58014.922305446635,0.0,0.0,0.0,0.0,0.0,0.0,0.0,0.0,1.0,0,0,0,0.0,0.23463474973136822
2026-06-29 00:00:00+00:00,58014.922305446635,0.0,0.0,0.0,0.0,0.0,0.0,0.0,0.0,1.0,0,0,0,0.0,0.23463474973136822
2026-06-30 00:00:00+00:00,58014.922305446635,0.0,0.0,0.0,0.0,0.0,0.0,0.0,0.0,1.0,0,0,0,0.0,0.23463474973136822
