open_time,net_return,gross_return,w_v285,w_v365,w_cash,risky_budget,gross,underlying_turnover,meta_turnover,meta_cost,underlying_stress_cost,financing,equity,drawdown,state_label,state_duration_days,novelty_flag
2021-01-01 00:00:00+00:00,-0.00413543635104262,-0.0031354363510426196,0.4,0.6,0.0,1.0,0.2036026174008315,0.19996938843504294,2.0,0.001,0.0,0.0,9958.645636489573,0.0,calm_risk_on,1,True
2021-01-02 00:00:00+00:00,0.00747455054007288,0.00747455054007288,0.4,0.6,0.0,1.0,0.2067495404750197,0.0,0.0,0.0,0.0,0.0,10033.08203661019,0.0,calm_risk_on,2,True
2021-01-03 00:00:00+00:00,0.00211564268397708,0.00211564268397708,0.4,0.6,0.0,1.0,0.2249969017328993,0.0,0.0,0.0,0.0,0.0,10054.308453218686,0.0,calm_risk_on,3,True
2021-01-04 00:00:00+00:00,0.00078933552791688,0.00078933552791688,0.4,0.6,0.0,1.0,0.22630167984675686,0.0,0.0,0.0,0.0,0.0,10062.244676089447,0.0,calm_risk_on,4,True
2021-01-05 00:00:00+00:00,0.007587174306465779,0.007587174306465779,0.4,0.6,0.0,1.0,0.23191323104295322,0.0,0.0,0.0,0.0,0.0,10138.588680361245,0.0,calm_risk_on,5,True
2021-01-06 00:00:00+00:00,0.00082375547323548,0.00082375547323548,0.4,0.6,0.0,1.0,0.25904819538031604,0.0,0.0,0.0,0.0,0.0,10146.940398277575,0.0,calm_risk_on,6,True
2021-01-07 00:00:00+00:00,-0.00848817363425802,-0.00848817363425802,0.4,0.6,0.0,1.0,0.20665820714490316,0.2988218649376746,0.0,0.0,0.0,0.0,10060.811406320528,-0.008488173634257912,calm_risk_on,7,True
2021-01-08 00:00:00+00:00,-0.00274195497569004,-0.00274195497569004,0.4,0.6,0.0,1.0,0.2060981043030965,0.0,0.0,0.0,0.0,0.0,10033.225114425488,-0.01120685442001712,calm_risk_on,8,True
2021-01-09 00:00:00+00:00,0.00837952665952704,0.00837952665952704,0.4,0.6,0.0,1.0,0.21871668255379667,0.0,0.0,0.0,0.0,0.0,10117.298791752854,-0.0029212358958718987,calm_risk_on,9,True
2021-01-10 00:00:00+00:00,0.0011445799603644,0.0011445799603644,0.4,0.6,0.0,1.0,0.21043424157773188,0.0,0.0,0.0,0.0,0.0,10128.878849202914,-0.0017799995235732169,calm_risk_on,10,False
2021-01-11 00:00:00+00:00,-0.0030907632695142003,-0.0030907632695142003,0.4,0.6,0.0,1.0,0.18594731783911841,0.0,0.0,0.0,0.0,0.0,10097.572882494438,-0.0048652612359403324,calm_risk_on,11,False
2021-01-12 00:00:00+00:00,0.0008205317466168599,0.0008205317466168599,0.4,0.6,0.0,1.0,0.1815274446785877,0.0,0.0,0.0,0.0,0.0,10105.858261608302,-0.004048721590623194,calm_risk_on,12,True
2021-01-13 00:00:00+00:00,0.00070277068818732,0.00070277068818732,0.4,0.6,0.0,1.0,0.19655387769274132,0.0,0.0,0.0,0.0,0.0,10112.960362573536,-0.0033487962252943815,calm_risk_on,13,False
2021-01-14 00:00:00+00:00,0.00302127004988676,0.00302127004988676,0.4,0.6,0.0,1.0,0.2287613358750138,0.20234233522546768,0.0,0.0,0.0,0.0,10143.514346832671,-0.00033764379314626947,calm_risk_on,14,False
2021-01-15 00:00:00+00:00,0.008805692348500739,0.008805692348500739,0.4,0.6,0.0,1.0,0.22574395853584572,0.0,0.0,0.0,0.0,0.0,10232.835013503483,0.0,calm_risk_on,15,False
2021-01-16 00:00:00+00:00,3.318330981088024e-05,3.318330981088024e-05,0.4,0.6,0.0,1.0,0.22990344694765733,0.0,0.0,0.0,0.0,0.0,10233.17457283798,0.0,calm_risk_on,16,False
2021-01-17 00:00:00+00:00,0.01012714358862498,0.01012714358862498,0.4,0.6,0.0,1.0,0.23836661823059044,0.0,0.0,0.0,0.0,0.0,10336.807401104576,0.0,calm_risk_on,17,False
2021-01-18 00:00:00+00:00,-0.00443736692524992,-0.00443736692524992,0.4,0.6,0.0,1.0,0.23953428597790705,0.0,0.0,0.0,0.0,0.0,10290.939193830236,-0.004437366925249875,calm_risk_on,18,False
2021-01-19 00:00:00+00:00,-0.00743816172766536,-0.00743816172766536,0.4,0.6,0.0,1.0,0.2327465225303995,0.0,0.0,0.0,0.0,0.0,10214.393523776956,-0.011842522800080246,calm_risk_on,19,False
2021-01-20 00:00:00+00:00,0.00334379029949256,0.00334379029949256,0.4,0.6,0.0,1.0,0.2342547789246976,0.0,0.0,0.0,0.0,0.0,10248.548313756963,-0.008538331413447953,calm_risk_on,20,False
2021-01-21 00:00:00+00:00,-0.0001819343566743,-0.0001819343566743,0.4,0.6,0.0,1.0,0.16524422244024048,0.1934160228024469,0.0,0.0,0.0,0.0,10246.683750712653,-0.00871871235428956,calm_risk_on,21,False
2021-01-22 00:00:00+00:00,-0.0008395111169530199,-0.0008395111169530199,0.4,0.6,0.0,1.0,0.17567556518433827,0.0,0.0,0.0,0.0,0.0,10238.081545792029,-0.00955090401529557,calm_risk_on,22,False
2021-01-23 00:00:00+00:00,-4.120909571467823e-05,-4.120909571467823e-05,0.4,0.6,0.0,1.0,0.17749234827512608,0.0,0.0,0.0,0.0,0.0,10237.659643709674,-0.009591719526892528,calm_risk_on,23,False
2021-01-24 00:00:00+00:00,0.0030474397627036796,0.0030474397627036796,0.4,0.6,0.0,1.0,0.1810615537567003,0.0,0.0,0.0,0.0,0.0,10268.858294784939,-0.006573509951668055,calm_risk_on,24,False
2021-01-25 00:00:00+00:00,-0.00037350653405166,-0.00037350653405166,0.4,0.6,0.0,1.0,0.17719876960469969,0.0,0.0,0.0,0.0,0.0,10265.022809114585,-0.0069445612368012055,calm_risk_on,25,False
2021-01-26 00:00:00+00:00,0.00066533645681274,0.00066533645681274,0.4,0.6,0.0,1.0,0.17740024878208824,0.0,0.0,0.0,0.0,0.0,10271.852503019505,-0.006283845249755671,calm_risk_on,26,False
2021-01-27 00:00:00+00:00,0.00056282424699816,0.00056282424699816,0.4,0.6,0.0,1.0,0.16647775328841183,0.0,0.0,0.0,0.0,0.0,10277.633750669793,-0.00572455770322855,calm_risk_on,27,False
2021-01-28 00:00:00+00:00,0.054567888008018144,0.054567888008018144,0.4,0.6,0.0,1.0,0.4305520251840289,0.3812462932940903,0.0,0.0,0.0,0.0,10838.462518163768,0.0,calm_risk_on,28,False
2021-01-29 00:00:00+00:00,0.014679644937371679,0.014679644937371679,0.4,0.6,0.0,1.0,0.43823826713920205,0.05099851189694313,0.0,0.0,0.0,0.0,10997.567299597422,0.0,calm_risk_on,29,False
2021-01-30 00:00:00+00:00,-0.01375295806396758,-0.01375295806396758,0.4,0.6,0.0,1.0,0.3978302014491417,0.0,0.0,0.0,0.0,0.0,10846.318217720396,-0.013752958063967702,calm_risk_on,30,False
2021-01-31 00:00:00+00:00,0.0215873439236946,0.0215873439236946,0.4,0.6,0.0,1.0,0.4079035816023253,0.0,0.0,0.0,0.0,0.0,11080.461419392162,0.0,calm_risk_on,31,False
2021-02-01 00:00:00+00:00,-0.01491151481608792,-0.01491151481608792,0.4,0.6,0.0,1.0,0.41155222634355515,0.0,0.0,0.0,0.0,0.0,10915.234954767806,-0.014911514816087879,calm_risk_on,32,False
2021-02-02 00:00:00+00:00,-0.00475043552547398,-0.00475043552547398,0.4,0.6,0.0,1.0,0.4147683478566928,0.0,0.0,0.0,0.0,0.0,10863.38283486978,-0.019591114151841005,calm_risk_on,33,False
2021-02-03 00:00:00+00:00,0.01322970839438886,0.01322970839438886,0.4,0.6,0.0,1.0,0.43967881891441113,0.0,0.0,0.0,0.0,0.0,11007.102221951718,-0.006620590484802125,calm_risk_on,34,False
2021-02-04 00:00:00+00:00,0.0006907370439573199,0.0006907370439573199,0.4,0.6,0.0,1.0,0.4365105856585961,0.3136259877335508,0.0,0.0,0.0,0.0,11014.705235203046,-0.005934426527945402,calm_risk_on,35,False
2021-02-05 00:00:00+00:00,0.00947322009511224,0.00947322009511224,0.4,0.6,0.0,1.0,0.4594050739154376,0.0,0.0,0.0,0.0,0.0,11119.049962178908,0.0,calm_risk_on,36,False
2021-02-06 00:00:00+00:00,0.00273256347386708,0.00273256347386708,0.4,0.6,0.0,1.0,0.46713082171289855,0.0,0.0,0.0,0.0,0.0,11149.433471969662,0.0,calm_risk_on,37,False
2021-02-07 00:00:00+00:00,-0.0019958748598122604,-0.0019958748598122604,0.4,0.6,0.0,1.0,0.46407083754887946,0.0,0.0,0.0,0.0,0.0,11127.180598001807,-0.001995874859812341,calm_risk_on,38,False
2021-02-08 00:00:00+00:00,0.00480308450732696,0.00480308450732696,0.4,0.6,0.0,1.0,0.4978250727055806,0.0,0.0,0.0,0.0,0.0,11180.6253867423,0.0,calm_risk_on,39,False
2021-02-09 00:00:00+00:00,0.01131370247302776,0.01131370247302776,0.4,0.6,0.0,1.0,0.530527201859801,0.04069263670324244,0.0,0.0,0.0,0.0,11307.119655830282,0.0,calm_risk_on,40,False
2021-02-10 00:00:00+00:00,0.01900547757045544,0.01900547757045544,0.4,0.6,0.0,1.0,0.5167039644008121,0.0,0.0,0.0,0.0,0.0,11522.016864835621,0.0,calm_risk_on,41,False
2021-02-11 00:00:00+00:00,0.00208016308918052,0.00208016308918052,0.4,0.6,0.0,1.0,0.4111892661663098,0.29215766473313814,0.0,0.0,0.0,0.0,11545.984539030767,0.0,calm_risk_on,42,False
2021-02-12 00:00:00+00:00,0.00220439513456288,0.00220439513456288,0.4,0.6,0.0,1.0,0.43360966769378617,0.0,0.0,0.0,0.0,0.0,11571.436451172345,0.0,calm_risk_on,43,False
2021-02-13 00:00:00+00:00,0.0021175275614127003,0.0021175275614127003,0.4,0.6,0.0,1.0,0.4503516163234631,0.04090005747331377,0.0,0.0,0.0,0.0,11595.93928678284,0.0,calm_risk_on,44,False
2021-02-14 00:00:00+00:00,-0.0027576600158143397,-0.0027576600158143397,0.4,0.6,0.0,1.0,0.415906550915883,0.0,0.0,0.0,0.0,0.0,11563.961628665866,-0.002757660015814456,calm_risk_on,45,False
2021-02-15 00:00:00+00:00,-0.0039764654076566205,-0.0039764654076566205,0.4,0.6,0.0,1.0,0.39855941602830947,0.0,0.0,0.0,0.0,0.0,11517.977935274008,-0.006723159683812097,calm_risk_on,46,False
2021-02-16 00:00:00+00:00,0.00068220274314644,0.00068220274314644,0.4,0.6,0.0,1.0,0.3975836662841118,0.0,0.0,0.0,0.0,0.0,11525.835531416953,-0.006045543498644501,calm_risk_on,47,False
2021-02-17 00:00:00+00:00,0.009001432221495902,0.009001432221495902,0.4,0.6,0.0,1.0,0.40715442557637516,0.0,0.0,0.0,0.0,0.0,11629.584558749113,0.0,calm_risk_on,48,False
2021-02-18 00:00:00+00:00,-0.0011362576794466401,-0.0011362576794466401,0.4,0.6,0.0,1.0,0.3702796401098361,0.10004320867865592,0.0,0.0,0.0,0.0,11616.37035398546,-0.001136257679446695,calm_risk_on,49,False
2021-02-19 00:00:00+00:00,0.02015348942913788,0.02015348942913788,0.4,0.6,0.0,1.0,0.3965747642662447,0.0,0.0,0.0,0.0,0.0,11850.480751119456,0.0,calm_risk_on,50,False
2021-02-20 00:00:00+00:00,-0.01558012220328486,-0.01558012220328486,0.4,0.6,0.0,1.0,0.3957331487619491,0.0,0.0,0.0,0.0,0.0,11665.848812849339,-0.015580122203284863,calm_risk_on,51,False
2021-02-21 00:00:00+00:00,0.00767788563681022,0.00767788563681022,0.4,0.6,0.0,1.0,0.3978128480191443,0.0,0.0,0.0,0.0,0.0,11755.417865890717,-0.008021858962958817,calm_risk_on,52,False
2021-02-22 00:00:00+00:00,-0.00047511504706671936,-0.00047511504706671936,0.4,0.6,0.0,1.0,0.3733221769462529,0.0,0.0,0.0,0.0,0.0,11749.832689978075,-0.008493162704126811,calm_risk_on,53,False
2021-02-23 00:00:00+00:00,-0.0032227793635301403,-0.0032227793635301403,0.4,0.6,0.0,1.0,0.3173627612277677,0.0,0.0,0.0,0.0,0.0,11711.96557165988,-0.011688570478163074,calm_risk_on,54,False
2021-02-24 00:00:00+00:00,-0.00198581185180552,-0.00198581185180552,0.4,0.6,0.0,1.0,0.33076908224984625,0.0,0.0,0.0,0.0,0.0,11688.70781161974,-0.013651171028182363,calm_risk_on,55,False
2021-02-25 00:00:00+00:00,-0.00611307719023816,-0.00611307719023816,0.4,0.6,0.0,1.0,0.33256928773322814,0.4312076564152414,0.0,0.0,0.0,0.0,11617.25383851317,-0.019680797556188123,calm_risk_on,56,False
2021-02-26 00:00:00+00:00,0.0009540690102718598,0.0009540690102718598,0.4,0.6,0.0,1.0,0.32167265433774234,0.0,0.0,0.0,0.0,0.0,11628.337500384958,-0.018745505384962002,calm_risk_on,57,False
2021-02-27 00:00:00+00:00,-0.00038830737495579976,-0.00038830737495579976,0.4,0.6,0.0,1.0,0.33818665986125446,0.0,0.0,0.0,0.0,0.0,11623.822131175084,-0.019126533741929408,calm_risk_on,58,False
2021-02-28 00:00:00+00:00,0.00224564786961934,0.00224564786961934,0.4,0.6,0.0,1.0,0.31791587048968084,0.0,0.0,0.0,0.0,0.0,11649.92514258079,-0.01692383733206093,calm_risk_on,59,False
2021-03-01 00:00:00+00:00,-0.0010311089511327398,-0.0010311089511327398,0.4,0.6,0.0,1.0,0.3410315566268848,0.0,0.0,0.0,0.0,0.0,11637.912800486247,-0.01793749596303329,calm_risk_on,60,False
2021-03-02 00:00:00+00:00,-0.00024346602961800007,-0.00024346602961800007,0.4,0.6,0.0,1.0,0.3420091587007897,0.0,0.0,0.0,0.0,0.0,11635.079364063671,-0.018176594821727954,calm_risk_on,61,False
2021-03-03 00:00:00+00:00,0.0038801555168123405,0.0038801555168123405,0.4,0.6,0.0,1.0,0.3500963804835258,0.0,0.0,0.0,0.0,0.0,11680.225281446694,-0.014366967319589863,calm_risk_on,62,False
2021-03-04 00:00:00+00:00,0.009482508383042841,0.009482508383042841,0.4,0.6,0.0,1.0,0.38676463901871005,0.16450437569759765,0.0,0.0,0.0,0.0,11790.983115593841,-0.005020693824593914,calm_risk_on,63,False
2021-03-05 00:00:00+00:00,-0.0033015059839396196,-0.0033015059839396196,0.4,0.6,0.0,1.0,0.37590665014140295,0.0,0.0,0.0,0.0,0.0,11752.055114281176,-0.00830562395782819,calm_risk_on,64,False
2021-03-06 00:00:00+00:00,0.00370780240346588,0.00370780240346588,0.4,0.6,0.0,1.0,0.37981201915047913,0.0,0.0,0.0,0.0,0.0,11795.629412479571,-0.004628617166835491,calm_risk_on,65,False
2021-03-07 00:00:00+00:00,-0.0009283915505716596,-0.0009283915505716596,0.4,0.6,0.0,1.0,0.3913076865572327,0.0,0.0,0.0,0.0,0.0,11784.67844979935,-0.005552711548338585,calm_risk_on,66,True
2021-03-08 00:00:00+00:00,0.00752386933467368,0.00752386933467368,0.4,0.6,0.0,1.0,0.39786269690824994,0.0,0.0,0.0,0.0,0.0,11873.344830606788,0.0,speculative_risk_on,1,True
2021-03-09 00:00:00+00:00,-0.01292097452606716,-0.01292097452606716,0.4,0.6,0.0,1.0,0.42117296588461123,0.0,0.0,0.0,0.0,0.0,11719.929644511307,-0.012920974526067108,speculative_risk_on,2,True
2021-03-10 00:00:00+00:00,6.111041328710014e-05,6.111041328710014e-05,0.4,0.6,0.0,1.0,0.4190327295188695,0.0,0.0,0.0,0.0,0.0,11720.645854255577,-0.01286065371887346,calm_risk_on,1,True
2021-03-11 00:00:00+00:00,-0.00103627299429608,-0.00103627299429608,0.4,0.6,0.0,1.0,0.41287615043684034,0.18519838180993614,0.0,0.0,0.0,0.0,11708.500065481105,-0.013883599565031601,calm_risk_on,2,True
2021-03-12 00:00:00+00:00,0.0061161251048585,0.0061161251048585,0.4,0.6,0.0,1.0,0.3979936485119156,0.0,0.0,0.0,0.0,0.0,11780.11071667183,-0.00785238829201873,calm_risk_on,3,False
2021-03-13 00:00:00+00:00,0.00026875534996564,0.00026875534996564,0.4,0.6,0.0,1.0,0.41373587995399885,0.0,0.0,0.0,0.0,0.0,11783.276684450124,-0.007585743313416438,calm_risk_on,4,False
2021-03-14 00:00:00+00:00,0.0011273183308058003,0.0011273183308058003,0.4,0.6,0.0,1.0,0.4072043931432121,0.0,0.0,0.0,0.0,0.0,11796.56018825346,-0.006466976530100865,calm_risk_on,5,False
2021-03-15 00:00:00+00:00,0.0011670121030303198,0.0011670121030303198,0.4,0.6,0.0,1.0,0.3914942467205599,0.0,0.0,0.0,0.0,0.0,11810.326916767277,-0.005307511466951187,calm_risk_on,6,False
2021-03-16 00:00:00+00:00,-0.007145617286310621,-0.007145617286310621,0.4,0.6,0.0,1.0,0.401510138168081,0.0,0.0,0.0,0.0,0.0,11725.934840593845,-0.012415203307576173,calm_risk_on,7,False
2021-03-17 00:00:00+00:00,-0.0023744211915196606,-0.0023744211915196606,0.4,0.6,0.0,1.0,0.4200472355247735,0.0,0.0,0.0,0.0,0.0,11698.09253241796,-0.014760145577265349,calm_risk_on,8,False
2021-03-18 00:00:00+00:00,0.005426611326554841,0.005426611326554841,0.4,0.6,0.0,1.0,0.4568906015039441,0.09877962388463687,0.0,0.0,0.0,0.0,11761.573533853467,-0.009413631823881663,calm_risk_on,9,False
2021-03-19 00:00:00+00:00,0.0017270265744672,0.0017270265744672,0.4,0.6,0.0,1.0,0.45893425481034056,0.0,0.0,0.0,0.0,0.0,11781.88608390398,-0.007702862841736602,calm_risk_on,10,False
2021-03-20 00:00:00+00:00,0.014470787061082901,0.014470787061082901,0.4,0.6,0.0,1.0,0.46270976252392215,0.0,0.0,0.0,0.0,0.0,11952.379248602092,0.0,calm_risk_on,11,False
2021-03-21 00:00:00+00:00,0.0030797667289188795,0.0030797667289188795,0.4,0.6,0.0,1.0,0.4553964901558572,0.0,0.0,0.0,0.0,0.0,11989.189788543357,0.0,calm_risk_on,12,False
2021-03-22 00:00:00+00:00,0.00219348683715444,0.00219348683715444,0.4,0.6,0.0,1.0,0.44428284989474554,0.0,0.0,0.0,0.0,0.0,12015.487918532675,0.0,calm_risk_on,13,False
2021-03-23 00:00:00+00:00,-0.0008084265252530801,-0.0008084265252530801,0.4,0.6,0.0,1.0,0.43871745607550194,0.0,0.0,0.0,0.0,0.0,12005.774279385474,-0.0008084265252532585,calm_risk_on,14,False
2021-03-24 00:00:00+00:00,-0.00653312091374272,-0.00653312091374272,0.4,0.6,0.0,1.0,0.4220164193147817,0.0,0.0,0.0,0.0,0.0,11927.339104355147,-0.007336265890756533,calm_risk_on,15,False
2021-03-25 00:00:00+00:00,-0.00010833339743375968,-0.00010833339743375968,0.4,0.6,0.0,1.0,0.4350519246151828,0.2154230690774261,0.0,0.0,0.0,0.0,11926.046975187628,-0.007443804525581799,calm_risk_on,16,False
2021-03-26 00:00:00+00:00,0.00102372472650472,0.00102372472650472,0.4,0.6,0.0,1.0,0.46853589106212373,0.0,0.0,0.0,0.0,0.0,11938.255964365586,-0.006427700205829057,calm_risk_on,17,False
2021-03-27 00:00:00+00:00,0.0014916152236668801,0.0014916152236668801,0.4,0.6,0.0,1.0,0.4715559759911905,0.0,0.0,0.0,0.0,0.0,11956.063248706063,-0.004945672637642562,calm_risk_on,18,False
2021-03-28 00:00:00+00:00,-0.0005886392470483401,-0.0005886392470483401,0.4,0.6,0.0,1.0,0.4729922520173433,0.0,0.0,0.0,0.0,0.0,11949.025440637684,-0.005531400667673214,calm_risk_on,19,False
2021-03-29 00:00:00+00:00,0.0015193834737345202,0.0015193834737345202,0.4,0.6,0.0,1.0,0.4868069093297111,0.0,0.0,0.0,0.0,0.0,11967.180592419425,-0.004020421512699546,calm_risk_on,20,True
2021-03-30 00:00:00+00:00,-0.00337363781398422,-0.00337363781398422,0.4,0.6,0.0,1.0,0.4978003970886825,0.0,0.0,0.0,0.0,0.0,11926.80765944606,-0.007380495880640492,calm_risk_on,21,True
2021-03-31 00:00:00+00:00,0.019500553017199083,0.019500553017199083,0.4,0.6,0.0,1.0,0.5179855264365365,0.0,0.0,0.0,0.0,0.0,12159.387004535023,0.0,calm_risk_on,22,True
2021-04-01 00:00:00+00:00,-0.0076133291697227,-0.0076133291697227,0.4,0.6,0.0,1.0,0.4194292612881937,0.16963473077868077,0.0,0.0,0.0,0.0,12066.813588767449,-0.007613329169722793,calm_risk_on,23,False
2021-04-02 00:00:00+00:00,9.941287431782008e-05,9.941287431782008e-05,0.4,0.6,0.0,1.0,0.4263076582517098,0.04007553807386724,0.0,0.0,0.0,0.0,12068.013185390168,-0.007514673158340646,calm_risk_on,24,False
2021-04-03 00:00:00+00:00,0.00595849355290936,0.00595849355290936,0.4,0.6,0.0,1.0,0.39231625817016247,0.0,0.0,0.0,0.0,0.0,12139.92036415174,-0.001600955736997478,calm_risk_on,25,False
2021-04-04 00:00:00+00:00,0.0008677274497604398,0.0008677274497604398,0.4,0.6,0.0,1.0,0.40383330456970945,0.0,0.0,0.0,0.0,0.0,12150.454506289618,-0.0007346174804760963,calm_risk_on,26,False
2021-04-05 00:00:00+00:00,0.00378755008404074,0.00378755008404074,0.4,0.6,0.0,1.0,0.4217957158250295,0.0,0.0,0.0,0.0,0.0,12196.47496127605,0.0,calm_risk_on,27,False
2021-04-06 00:00:00+00:00,0.00239345584862268,0.00239345584862268,0.4,0.6,0.0,1.0,0.43797012729153795,0.0,0.0,0.0,0.0,0.0,12225.666685604698,0.0,calm_risk_on,28,False
2021-04-07 00:00:00+00:00,-0.001495050126307601,-0.001495050126307601,0.4,0.6,0.0,1.0,0.4188370642305269,0.0,0.0,0.0,0.0,0.0,12207.388701082189,-0.0014950501263076843,calm_risk_on,29,False
2021-04-08 00:00:00+00:00,0.0016024388601839203,0.0016024388601839203,0.4,0.6,0.0,1.0,0.3516949830693398,0.13883337023137313,0.0,0.0,0.0,0.0,12226.950295118173,0.0,calm_risk_on,30,False
2021-04-09 00:00:00+00:00,-0.0036117441321479402,-0.0036117441321479402,0.4,0.6,0.0,1.0,0.3552835523578962,0.0,0.0,0.0,0.0,0.0,12182.789679135714,-0.0036117441321480426,calm_risk_on,31,False
2021-04-10 00:00:00+00:00,0.01446039160785828,0.01446039160785828,0.4,0.6,0.0,1.0,0.37605440677781177,0.0,0.0,0.0,0.0,0.0,12358.957588772193,0.0,calm_risk_on,32,False
2021-04-11 00:00:00+00:00,-0.002498350704137841,-0.002498350704137841,0.4,0.6,0.0,1.0,0.34973821484757944,0.041252751098494404,0.0,0.0,0.0,0.0,12328.080578377874,-0.0024983507041378417,calm_risk_on,33,False
2021-04-12 00:00:00+00:00,-0.0036086599225923204,-0.0036086599225923204,0.4,0.6,0.0,1.0,0.3615365916929524,0.0,0.0,0.0,0.0,0.0,12283.592728072192,-0.006097994928671691,calm_risk_on,34,False
2021-04-13 00:00:00+00:00,0.019724211786238118,0.019724211786238118,0.4,0.6,0.0,1.0,0.38567459336033927,0.0,0.0,0.0,0.0,0.0,12525.876912536583,0.0,calm_risk_on,35,False
2021-04-14 00:00:00+00:00,0.00932081215762798,0.00932081215762798,0.4,0.6,0.0,1.0,0.4075556595988171,0.0,0.0,0.0,0.0,0.0,12642.628258347908,0.0,calm_risk_on,36,False
2021-04-15 00:00:00+00:00,0.0010686302060333593,0.0010686302060333593,0.4,0.6,0.0,1.0,0.4435501062456248,0.17678743088207838,0.0,0.0,0.0,0.0,12656.13855278843,0.0,calm_risk_on,37,False
2021-04-16 00:00:00+00:00,0.0015010826080388198,0.0015010826080388198,0.4,0.6,0.0,1.0,0.4262498686658567,0.0411829555335076,0.0,0.0,0.0,0.0,12675.13646225495,0.0,calm_risk_on,38,False
2021-04-17 00:00:00+00:00,-0.004538819437622359,-0.004538819437622359,0.4,0.6,0.0,1.0,0.4126150062120348,0.0,0.0,0.0,0.0,0.0,12617.606306505551,-0.0045388194376223545,calm_risk_on,39,True
2021-04-18 00:00:00+00:00,0.00619126388919238,0.00619126388919238,0.4,0.6,0.0,1.0,0.37746524393798375,0.0,0.0,0.0,0.0,0.0,12695.725236799064,0.0,calm_risk_on,40,True
2021-04-19 00:00:00+00:00,0.01039388037891504,0.01039388037891504,0.4,0.6,0.0,1.0,0.3822777233747342,0.0,0.0,0.0,0.0,0.0,12827.683086233925,0.0,speculative_risk_on,1,False
2021-04-20 00:00:00+00:00,-0.011595653741130061,-0.011595653741130061,0.4,0.6,0.0,1.0,0.37988045963291395,0.0,0.0,0.0,0.0,0.0,12678.937714865006,-0.01159565374113003,speculative_risk_on,2,False
2021-04-21 00:00:00+00:00,0.00428839250358838,0.00428839250358838,0.4,0.6,0.0,1.0,0.3804772172458596,0.0,0.0,0.0,0.0,0.0,12733.309976314897,-0.007356987952119365,speculative_risk_on,3,False
2021-04-22 00:00:00+00:00,0.00958498253268246,0.00958498253268246,0.4,0.6,0.0,1.0,0.3878947829589656,0.25351027019222455,0.0,0.0,0.0,0.0,12855.358530021105,0.0,speculative_risk_on,4,False
2021-04-23 00:00:00+00:00,-0.0008993411310570599,-0.0008993411310570599,0.4,0.6,0.0,1.0,0.36114673348748805,0.0,0.0,0.0,0.0,0.0,12843.797177340572,-0.000899341131057052,speculative_risk_on,5,False
2021-04-24 00:00:00+00:00,-0.0024198701529571194,-0.0024198701529571194,0.4,0.6,0.0,1.0,0.35323005583626216,0.0,0.0,0.0,0.0,0.0,12812.716855900493,-0.0033170349952535982,speculative_risk_on,6,False
2021-04-25 00:00:00+00:00,0.004458531228891579,0.004458531228891579,0.4,0.6,0.0,1.0,0.34959073504668814,0.0,0.0,0.0,0.0,0.0,12869.84275412947,0.0,speculative_risk_on,7,False
2021-04-26 00:00:00+00:00,0.0020188027648940397,0.0020188027648940397,0.4,0.6,0.0,1.0,0.3861349234559007,0.0,0.0,0.0,0.0,0.0,12895.824428265258,0.0,speculative_risk_on,8,False
2021-04-27 00:00:00+00:00,-0.0017936971009403803,-0.0017936971009403803,0.4,0.6,0.0,1.0,0.40469385597360275,0.0,0.0,0.0,0.0,0.0,12872.693225374042,-0.0017936971009404612,speculative_risk_on,9,False
2021-04-28 00:00:00+00:00,0.00144197578777852,0.00144197578777852,0.4,0.6,0.0,1.0,0.4071151156168057,0.0,0.0,0.0,0.0,0.0,12891.255337328534,-0.0003543077809519124,speculative_risk_on,10,False
2021-04-29 00:00:00+00:00,0.0004233045566943796,0.0004233045566943796,0.4,0.6,0.0,1.0,0.40402845768621765,0.1471383836810376,0.0,0.0,0.0,0.0,12896.712264454336,0.0,speculative_risk_on,11,False
2021-04-30 00:00:00+00:00,-0.00771372996690934,-0.00771372996690934,0.4,0.6,0.0,1.0,0.42596978998536383,0.0,0.0,0.0,0.0,0.0,12797.230508585406,-0.007713729966909444,speculative_risk_on,12,False
2021-05-01 00:00:00+00:00,0.008133831524750959,0.008133831524750959,0.4,0.6,0.0,1.0,0.43850517577905784,0.0,0.0,0.0,0.0,0.0,12901.321025525644,0.0,speculative_risk_on,13,False
2021-05-02 00:00:00+00:00,0.00162770780357968,0.00162770780357968,0.4,0.6,0.0,1.0,0.4317199770555201,0.0,0.0,0.0,0.0,0.0,12922.320606435376,0.0,speculative_risk_on,14,True
2021-05-03 00:00:00+00:00,0.01198770805507356,0.01198770805507356,0.4,0.6,0.0,1.0,0.4505521177256743,0.0,0.0,0.0,0.0,0.0,13077.229613259384,0.0,speculative_risk_on,15,False
2021-05-04 00:00:00+00:00,0.0049271624058391,0.0049271624058391,0.4,0.6,0.0,1.0,0.43058097789158456,0.0,0.0,0.0,0.0,0.0,13141.663247382363,0.0,speculative_risk_on,16,False
2021-05-05 00:00:00+00:00,-0.0210635115575677,-0.0210635115575677,0.4,0.6,0.0,1.0,0.46136870736871605,0.04025344023110052,0.0,0.0,0.0,0.0,12864.853671685461,-0.021063511557567693,speculative_risk_on,17,False
2021-05-06 00:00:00+00:00,0.005536070423829,0.005536070423829,0.4,0.6,0.0,1.0,0.40669772999797094,0.13933886122929864,0.0,0.0,0.0,0.0,12936.074407604166,-0.015644050217094585,speculative_risk_on,18,False
2021-05-07 00:00:00+00:00,0.00486371902400304,0.00486371902400304,0.4,0.6,0.0,1.0,0.4091480597435109,0.0,0.0,0.0,0.0,0.0,12998.99183879635,-0.010856419457744959,speculative_risk_on,19,False
2021-05-08 00:00:00+00:00,0.00545680057000912,0.00545680057000912,0.4,0.6,0.0,1.0,0.4112542844356424,0.0,0.0,0.0,0.0,0.0,13069.924744871836,-0.005458860203621185,speculative_risk_on,20,False
2021-05-09 00:00:00+00:00,0.0050262887780633,0.0050262887780633,0.4,0.6,0.0,1.0,0.4134643305244182,0.0,0.0,0.0,0.0,0.0,13135.617960947116,-0.0004600092333404415,speculative_risk_on,21,False
2021-05-10 00:00:00+00:00,0.0028149453251726203,0.0028149453251726203,0.4,0.6,0.0,1.0,0.407681781924596,0.0,0.0,0.0,0.0,0.0,13172.59400731954,0.0,speculative_risk_on,22,False
2021-05-11 00:00:00+00:00,0.00922620746860494,0.00922620746860494,0.4,0.6,0.0,1.0,0.40984547409578903,0.0,0.0,0.0,0.0,0.0,13294.127092530773,0.0,speculative_risk_on,23,False
2021-05-12 00:00:00+00:00,-0.00482343745362594,-0.00482343745362594,0.4,0.6,0.0,1.0,0.35963925859389445,0.04055754733953468,0.0,0.0,0.0,0.0,13230.003701999396,-0.004823437453626012,speculative_risk_on,24,False
2021-05-13 00:00:00+00:00,0.00168243478856726,0.00168243478856726,0.4,0.6,0.0,1.0,0.41075681670016045,0.14992105599923983,0.0,0.0,0.0,0.0,13252.262320480515,-0.0031491177840310414,speculative_risk_on,25,False
2021-05-14 00:00:00+00:00,0.00701082269397654,0.00701082269397654,0.4,0.6,0.0,1.0,0.42271405833021936,0.0,0.0,0.0,0.0,0.0,13345.171581903467,0.0,speculative_risk_on,26,False
2021-05-15 00:00:00+00:00,0.00245515624087644,0.00245515624087644,0.4,0.6,0.0,1.0,0.4048684862492473,0.0,0.0,0.0,0.0,0.0,13377.936063198344,0.0,speculative_risk_on,27,False
2021-05-16 00:00:00+00:00,0.0018471678103875195,0.0018471678103875195,0.4,0.6,0.0,1.0,0.400886332964918,0.0,0.0,0.0,0.0,0.0,13402.647356063706,0.0,speculative_risk_on,28,False
2021-05-17 00:00:00+00:00,-0.00149862790962132,-0.00149862790962132,0.4,0.6,0.0,1.0,0.3703941605044384,0.0,0.0,0.0,0.0,0.0,13382.561774673097,-0.0014986279096212973,speculative_risk_on,29,False
2021-05-18 00:00:00+00:00,0.007173060161917179,0.007173060161917179,0.4,0.6,0.0,1.0,0.37653401125645164,0.0,0.0,0.0,0.0,0.0,13478.555695403398,0.0,speculative_risk_on,30,False
2021-05-19 00:00:00+00:00,-0.011724037156422718,-0.011724037156422718,0.4,0.6,0.0,1.0,0.2860547185349124,0.0,0.0,0.0,0.0,0.0,13320.532607615576,-0.011724037156422673,speculative_risk_on,31,False
2021-05-20 00:00:00+00:00,-0.0010596213735765202,-0.0010596213735765202,0.4,0.6,0.0,1.0,0.4974914929294807,0.3592758641624512,0.0,0.0,0.0,0.0,13306.417886557125,-0.01277123548964354,speculative_risk_on,32,True
2021-05-21 00:00:00+00:00,7.423217975754005e-05,7.423217975754005e-05,0.4,0.6,0.0,1.0,0.45434715108509616,0.0,0.0,0.0,0.0,0.0,13307.405650961608,-0.01269795134653473,speculative_risk_on,33,True
2021-05-22 00:00:00+00:00,0.00299795365154624,0.00299795365154624,0.4,0.6,0.0,1.0,0.4148494846738965,0.0,0.0,0.0,0.0,0.0,13347.300636325517,-0.009738065564594778,speculative_risk_on,34,True
2021-05-23 00:00:00+00:00,0.005215051863038631,0.005215051863038631,0.4,0.6,0.0,1.0,0.36101765115480533,0.0,0.0,0.0,0.0,0.0,13416.907501375523,-0.004573798218521219,speculative_risk_on,35,True
2021-05-24 00:00:00+00:00,0.0009454062396333598,0.0009454062396333598,0.4,0.6,0.0,1.0,0.4254957367482328,0.0,0.0,0.0,0.0,0.0,13429.59192944391,-0.0036327160762622546,speculative_risk_on,36,True
2021-05-25 00:00:00+00:00,0.00551675950113226,0.00551675950113226,0.4,0.6,0.0,1.0,0.43910731330136965,0.0,0.0,0.0,0.0,0.0,13503.679758316997,0.0,speculative_risk_on,37,True
2021-05-26 00:00:00+00:00,0.0028209082904357002,0.0028209082904357002,0.4,0.6,0.0,1.0,0.47494925483760575,0.0,0.0,0.0,0.0,0.0,13541.772400498625,0.0,speculative_risk_on,38,True
2021-05-27 00:00:00+00:00,-0.006527809997103601,-0.006527809997103601,0.4,0.6,0.0,1.0,0.3938244321085925,0.138569009278815,0.0,0.0,0.0,0.0,13453.374283244148,-0.006527809997103673,speculative_risk_on,39,True
2021-05-28 00:00:00+00:00,-0.0017961071519581404,-0.0017961071519581404,0.4,0.6,0.0,1.0,0.36003754176651626,0.0,0.0,0.0,0.0,0.0,13429.210581476043,-0.008312192502839322,speculative_risk_on,40,True
2021-05-29 00:00:00+00:00,-0.00028495403563008007,-0.00028495403563008007,0.4,0.6,0.0,1.0,0.3430656609154271,0.0,0.0,0.0,0.0,0.0,13425.383873725525,-0.008594777945670873,speculative_risk_on,41,True
2021-05-30 00:00:00+00:00,0.00301262768197682,0.00301262768197682,0.4,0.6,0.0,1.0,0.34874012867224946,0.0,0.0,0.0,0.0,0.0,13465.829556824676,-0.005608043129653573,rotation,1,True
2021-05-31 00:00:00+00:00,0.005243873493997701,0.005243873493997701,0.4,0.6,0.0,1.0,0.3709142804616414,0.0,0.0,0.0,0.0,0.0,13536.442663512398,-0.0003935775043767409,rotation,2,True
2021-06-01 00:00:00+00:00,-0.0007569383686998005,-0.0007569383686998005,0.4,0.6,0.0,1.0,0.3739214479888134,0.0,0.0,0.0,0.0,0.0,13526.19641068468,-0.0011502179591624806,rotation,3,True
2021-06-02 00:00:00+00:00,-0.0051405349447593805,-0.0051405349447593805,0.4,0.6,0.0,1.0,0.3904860650237224,0.0,0.0,0.0,0.0,0.0,13456.664525365877,-0.0062848401683086585,rotation,4,True
2021-06-03 00:00:00+00:00,-0.00172314454404862,-0.00172314454404862,0.4,0.6,0.0,1.0,0.4122458410051868,0.07221857895557382,0.0,0.0,0.0,0.0,13433.4767473079,-0.007997155024311198,rotation,5,True
2021-06-04 00:00:00+00:00,-0.00099087600257286,-0.00099087600257286,0.4,0.6,0.0,1.0,0.38758938278459965,0.0,0.0,0.0,0.0,0.0,13420.165837567873,-0.008980106837881419,rotation,6,False
2021-06-05 00:00:00+00:00,-0.00443925395982754,-0.00443925395982754,0.4,0.6,0.0,1.0,0.38395808980340473,0.0,0.0,0.0,0.0,0.0,13360.590313231905,-0.013379495822869347,rotation,7,True
2021-06-06 00:00:00+00:00,9.719691849398022e-05,9.719691849398022e-05,0.4,0.6,0.0,1.0,0.38551748692013377,0.0,0.0,0.0,0.0,0.0,13361.888921439613,-0.01328359935014034,rotation,8,False
2021-06-07 00:00:00+00:00,0.0031166515361988802,0.0031166515361988802,0.4,0.6,0.0,1.0,0.3699636991180565,0.0,0.0,0.0,0.0,0.0,13403.533273073135,-0.010208348164262415,rotation,9,False
2021-06-08 00:00:00+00:00,-0.00292970258995882,-0.00292970258995882,0.4,0.6,0.0,1.0,0.35016778821066996,0.0,0.0,0.0,0.0,0.0,13364.264906928414,-0.01310814333016519,rotation,10,False
2021-06-09 00:00:00+00:00,0.0030896274004569005,0.0030896274004569005,0.4,0.6,0.0,1.0,0.363670135896066,0.0,0.0,0.0,0.0,0.0,13405.555505971823,-0.01005901520851038,rotation,11,False
2021-06-10 00:00:00+00:00,-0.00109357840520548,-0.00109357840520548,0.4,0.6,0.0,1.0,0.3517830056269282,0.22933622184879893,0.0,0.0,0.0,0.0,13390.895479960707,-0.011141593291906338,rotation,12,False
2021-06-11 00:00:00+00:00,-0.0039603923347455595,-0.0039603923347455595,0.4,0.6,0.0,1.0,0.34175821203654844,0.0,0.0,0.0,0.0,0.0,13337.862280146494,-0.015057860545981683,rotation,13,False
2021-06-12 00:00:00+00:00,2.7400637394300008e-05,2.7400637394300008e-05,0.4,0.6,0.0,1.0,0.33231194556018506,0.0,0.0,0.0,0.0,0.0,13338.227746074446,-0.015030872503564163,deleveraging,1,False
2021-06-13 00:00:00+00:00,0.0023369210223767203,0.0023369210223767203,0.4,0.6,0.0,1.0,0.34549615008602164,0.0,0.0,0.0,0.0,0.0,13369.398130895495,-0.01272907744312568,deleveraging,2,False
2021-06-14 00:00:00+00:00,0.00338980425439424,0.00338980425439424,0.4,0.6,0.0,1.0,0.3644060966513421,0.0,0.0,0.0,0.0,0.0,13414.717773558295,-0.00938242226960273,deleveraging,3,False
2021-06-15 00:00:00+00:00,-0.00124669344378176,-0.00124669344378176,0.4,0.6,0.0,1.0,0.364857092871143,0.0,0.0,0.0,0.0,0.0,13397.993732859817,-0.010617418709054194,deleveraging,4,False
2021-06-16 00:00:00+00:00,0.00022952549863774,0.00022952549863774,0.4,0.6,0.0,1.0,0.35041111076044684,0.0,0.0,0.0,0.0,0.0,13401.068914052097,-0.010390330178739915,deleveraging,5,False
2021-06-17 00:00:00+00:00,-0.00140306758916044,-0.00140306758916044,0.4,0.6,0.0,1.0,0.36766598176015314,0.21517783922613953,0.0,0.0,0.0,0.0,13382.266308598684,-0.0117788194323859,deleveraging,6,False
2021-06-18 00:00:00+00:00,-0.0004876726981670003,-0.0004876726981670003,0.4,0.6,0.0,1.0,0.3498300140844781,0.0,0.0,0.0,0.0,0.0,13375.74014268038,-0.012260747921899129,deleveraging,7,False
2021-06-19 00:00:00+00:00,-0.00197302018517352,-0.00197302018517352,0.4,0.6,0.0,1.0,0.3414557285127875,0.0,0.0,0.0,0.0,0.0,13349.349537387236,-0.014209577403937468,deleveraging,8,False
2021-06-20 00:00:00+00:00,-0.00053912257026554,-0.00053912257026554,0.4,0.6,0.0,1.0,0.33855811404027925,0.0,0.0,0.0,0.0,0.0,13342.152601753267,-0.014741039270310563,deleveraging,9,False
2021-06-21 00:00:00+00:00,-0.006366631826157341,-0.006366631826157341,0.4,0.6,0.0,1.0,0.2960355073054439,0.0,0.0,0.0,0.0,0.0,13257.208028369496,-0.021013820326698962,deleveraging,10,False
2021-06-22 00:00:00+00:00,4.5635092498600175e-05,4.5635092498600175e-05,0.4,0.6,0.0,1.0,0.2789032064051188,0.0,0.0,0.0,0.0,0.0,13257.813022284145,-0.0209691442018346,deleveraging,11,False
2021-06-23 00:00:00+00:00,0.00490243261525608,0.00490243261525608,0.4,0.6,0.0,1.0,0.29858055786925275,0.0,0.0,0.0,0.0,0.0,13322.808557251556,-0.016169511403027803,deleveraging,12,False
2021-06-24 00:00:00+00:00,0.00014521115914217997,0.00014521115914217997,0.4,0.6,0.0,1.0,0.3255655939906798,0.18558484068512404,0.0,0.0,0.0,0.0,13324.743177725184,-0.016026648237379093,deleveraging,13,False
2021-06-25 00:00:00+00:00,-0.0018862994840327801,-0.0018862994840327801,0.4,0.6,0.0,1.0,0.30720157790021396,0.0,0.0,0.0,0.0,0.0,13299.608721544173,-0.01788271666311092,deleveraging,14,False
2021-06-26 00:00:00+00:00,-6.821143348245966e-05,-6.821143348245966e-05,0.4,0.6,0.0,1.0,0.30050391446954205,0.0,0.0,0.0,0.0,0.0,13298.701536168523,-0.01794970829085507,deleveraging,15,False
2021-06-27 00:00:00+00:00,0.00296481275364996,0.00296481275364996,0.4,0.6,0.0,1.0,0.3130183386725276,0.0,0.0,0.0,0.0,0.0,13338.129696089938,-0.01503811306127023,deleveraging,16,False
2021-06-28 00:00:00+00:00,-0.00275387534339092,-0.00275387534339092,0.4,0.6,0.0,1.0,0.324165822674251,0.0,0.0,0.0,0.0,0.0,13301.398149592927,-0.017750575315890416,deleveraging,17,False
2021-06-29 00:00:00+00:00,0.0031194388339404,0.0031194388339404,0.4,0.6,0.0,1.0,0.3401601621138327,0.0,0.0,0.0,0.0,0.0,13342.891047526471,-0.014686508315915225,deleveraging,18,False
2021-06-30 00:00:00+00:00,-0.0004883722105585691,-0.0004883722105585691,0.4,0.6,0.0,1.0,0.3384697258074756,0.0,0.0,0.0,0.0,0.0,13336.37475033035,-0.015167708043942074,deleveraging,19,False
2021-07-01 00:00:00+00:00,-0.00278227737548766,-0.00278227737548766,0.4,0.6,0.0,1.0,0.3576490181656845,0.16360503530805814,0.0,0.0,0.0,0.0,13299.269256591479,-0.01790778464850118,deleveraging,20,False
2021-07-02 00:00:00+00:00,0.0033263512917579,0.0033263512917579,0.4,0.6,0.0,1.0,0.35588520610109153,0.0,0.0,0.0,0.0,0.0,13343.507298062577,-0.014641000939341398,deleveraging,21,False
2021-07-03 00:00:00+00:00,0.0006565124374559001,0.0006565124374559001,0.4,0.6,0.0,1.0,0.36497724949459154,0.0,0.0,0.0,0.0,0.0,13352.267476563038,-0.01399410050109906,deleveraging,22,False
2021-07-04 00:00:00+00:00,0.00202181017939472,0.00202181017939472,0.4,0.6,0.0,1.0,0.3755873599425401,0.0,0.0,0.0,0.0,0.0,13379.263226865154,-0.012000583736548887,deleveraging,23,False
2021-07-05 00:00:00+00:00,-0.0017553510390932003,-0.0017553510390932003,0.4,0.6,0.0,1.0,0.361878485520865,0.0,0.0,0.0,0.0,0.0,13355.777923257574,-0.013734869538510552,deleveraging,24,False
2021-07-06 00:00:00+00:00,0.0026215723986773203,0.0026215723986773203,0.4,0.6,0.0,1.0,0.36970589091330985,0.0,0.0,0.0,0.0,0.0,13390.791062024051,-0.011149304094714707,deleveraging,25,False
2021-07-07 00:00:00+00:00,6.345404808419993e-05,6.345404808419993e-05,0.4,0.6,0.0,1.0,0.37425417190652444,0.0,0.0,0.0,0.0,0.0,13391.640761923984,-0.011086557515108786,deleveraging,26,False
2021-07-08 00:00:00+00:00,-0.00570839020164342,-0.00570839020164342,0.4,0.6,0.0,1.0,0.3994238414685418,0.16775100574257576,0.0,0.0,0.0,0.0,13315.19605101469,-0.016731661320462998,deleveraging,27,False
2021-07-09 00:00:00+00:00,-0.0039471266969230995,-0.0039471266969230995,0.4,0.6,0.0,1.0,0.4084953768479216,0.0,0.0,0.0,0.0,0.0,13262.639285206964,-0.020612746030304163,deleveraging,28,False
2021-07-10 00:00:00+00:00,-0.0003035147209150599,-0.0003035147209150599,0.4,0.6,0.0,1.0,0.40624667556781713,0.0,0.0,0.0,0.0,0.0,13258.613878945715,-0.020910004479360755,deleveraging,29,False
2021-07-11 00:00:00+00:00,0.00103775030391594,0.00103775030391594,0.4,0.6,0.0,1.0,0.4098953700021673,0.0,0.0,0.0,0.0,0.0,13272.373009528093,-0.019893953538948295,deleveraging,30,False
2021-07-12 00:00:00+00:00,-0.0038255924443929,-0.0038255924443929,0.4,0.6,0.0,1.0,0.40562720430171006,0.0,0.0,0.0,0.0,0.0,13221.59831962368,-0.023643439824993395,deleveraging,31,False
2021-07-13 00:00:00+00:00,-0.00026483329085447995,-0.00026483329085447995,0.4,0.6,0.0,1.0,0.3931611272334671,0.0,0.0,0.0,0.0,0.0,13218.096800230336,-0.023902011545872015,deleveraging,32,False
2021-07-14 00:00:00+00:00,0.0024095386347429597,0.0024095386347429597,0.4,0.6,0.0,1.0,0.38937944737721775,0.0,0.0,0.0,0.0,0.0,13249.946315148265,-0.021550065731396728,transition,1,False
2021-07-15 00:00:00+00:00,-0.0053631664294199796,-0.0053631664294199796,0.4,0.6,0.0,1.0,0.42691585087738815,0.34583284303475015,0.0,0.0,0.0,0.0,13178.884647879244,-0.026797655571734413,transition,2,False
2021-07-16 00:00:00+00:00,0.00079637064424382,0.00079637064424382,0.4,0.6,0.0,1.0,0.41587363676452627,0.0,0.0,0.0,0.0,0.0,13189.379924736688,-0.02602262579372261,transition,3,False
2021-07-17 00:00:00+00:00,0.0012281348294444596,0.0012281348294444596,0.4,0.6,0.0,1.0,0.41463957466241186,0.0,0.0,0.0,0.0,0.0,13205.578261601035,-0.02482645025736885,transition,4,False
2021-07-18 00:00:00+00:00,0.0009389093610309599,0.0009389093610309599,0.4,0.6,0.0,1.0,0.41814661883375176,0.0,0.0,0.0,0.0,0.0,13217.97710264868,-0.023910850682885676,transition,5,False
2021-07-19 00:00:00+00:00,0.0006427200328386401,0.0006427200328386401,0.4,0.6,0.0,1.0,0.40028916408593895,0.0,0.0,0.0,0.0,0.0,13226.472561326154,-0.023283498632783117,transition,6,False
2021-07-20 00:00:00+00:00,-0.00012681259795224,-0.00012681259795224,0.4,0.6,0.0,1.0,0.3815626646715806,0.0,0.0,0.0,0.0,0.0,13224.795277978908,-0.023407358589784377,transition,7,False
2021-07-21 00:00:00+00:00,0.0029613919920860998,0.0029613919920860998,0.4,0.6,0.0,1.0,0.4123402851698298,0.0,0.0,0.0,0.0,0.0,13263.959080812094,-0.02051528496198185,transition,8,False
2021-07-22 00:00:00+00:00,-0.0012278918103953399,-0.0012278918103953399,0.4,0.6,0.0,1.0,0.3978272578514599,0.20508895143375408,0.0,0.0,0.0,0.0,13247.672374083346,-0.02171798622198451,deleveraging,1,False
2021-07-23 00:00:00+00:00,0.0027458702474291,0.0027458702474291,0.4,0.6,0.0,1.0,0.40521303075996107,0.0,0.0,0.0,0.0,0.0,13284.04876350303,-0.01903175074675645,transition,1,False
2021-07-24 00:00:00+00:00,0.0005049362613790802,0.0005049362613790802,0.4,0.6,0.0,1.0,0.41487646974272097,0.0,0.0,0.0,0.0,0.0,13290.756361421652,-0.018536424306446753,transition,2,False
2021-07-25 00:00:00+00:00,0.0030278178756536,0.0030278178756536,0.4,0.6,0.0,1.0,0.41413874541313145,0.0,0.0,0.0,0.0,0.0,13330.998351113722,-0.0155647313476589,transition,3,False
2021-07-26 00:00:00+00:00,0.0040165954302503,0.0040165954302503,0.4,0.6,0.0,1.0,0.4378136874294162,0.0,0.0,0.0,0.0,0.0,13384.543578171477,-0.011610653146212901,transition,4,False
2021-07-27 00:00:00+00:00,0.004636051838653959,0.004636051838653959,0.4,0.6,0.0,1.0,0.43778671974710953,0.0,0.0,0.0,0.0,0.0,13446.595016036603,-0.007028428897425387,deleveraging,1,False
2021-07-28 00:00:00+00:00,0.0041762903686585005,0.0041762903686585005,0.4,0.6,0.0,1.0,0.45039504347633874,0.0,0.0,0.0,0.0,0.0,13502.751901293326,-0.0028814912886780952,deleveraging,2,False
2021-07-29 00:00:00+00:00,-0.00363884383934596,-0.00363884383934596,0.4,0.6,0.0,1.0,0.4216358029564546,0.11411010395013604,0.0,0.0,0.0,0.0,13453.617495723087,-0.006509849831200287,deleveraging,3,False
2021-07-30 00:00:00+00:00,0.00644756608991308,0.00644756608991308,0.4,0.6,0.0,1.0,0.4309882430220087,0.0,0.0,0.0,0.0,0.0,13540.360583675172,-0.0001042564283092462,transition,1,False
2021-07-31 00:00:00+00:00,-0.0025171507369063204,-0.0025171507369063204,0.4,0.6,0.0,1.0,0.4400214345558625,0.0,0.0,0.0,0.0,0.0,13506.277455053998,-0.0026211447360701134,deleveraging,1,False
2021-08-01 00:00:00+00:00,-0.00464487194964624,-0.00464487194964624,0.4,0.6,0.0,1.0,0.4439956780802313,0.0,0.0,0.0,0.0,0.0,13443.542525758878,-0.0072538418040558605,transition,1,False
2021-08-02 00:00:00+00:00,-0.0006475669720506998,-0.0006475669720506998,0.4,0.6,0.0,1.0,0.44201317162417153,0.0,0.0,0.0,0.0,0.0,13434.836931631837,-0.007896711427733849,deleveraging,1,False
2021-08-03 00:00:00+00:00,0.00119040781217646,0.00119040781217646,0.4,0.6,0.0,1.0,0.43249672872234346,0.0,0.0,0.0,0.0,0.0,13450.829866470569,-0.006715703922531402,deleveraging,2,False
2021-08-04 00:00:00+00:00,-0.0002841863211522802,-0.0002841863211522802,0.4,0.6,0.0,1.0,0.44568511597977867,0.0,0.0,0.0,0.0,0.0,13447.007324614371,-0.006997981732491998,deleveraging,3,False
2021-08-05 00:00:00+00:00,0.0011274881935677003,0.0011274881935677003,0.4,0.6,0.0,1.0,0.3991833426938733,0.1583605315448599,0.0,0.0,0.0,0.0,13462.168666611691,-0.005878383680706589,deleveraging,4,False
2021-08-06 00:00:00+00:00,0.00235527246872266,0.00235527246872266,0.4,0.6,0.0,1.0,0.4082317136342707,0.0,0.0,0.0,0.0,0.0,13493.87574184146,-0.0035369564072278425,deleveraging,5,False
2021-08-07 00:00:00+00:00,8.400136213147997e-05,8.400136213147997e-05,0.4,0.6,0.0,1.0,0.40902911919873164,0.044944580975295925,0.0,0.0,0.0,0.0,13495.00924578421,-0.0034532521542522954,deleveraging,6,False
2021-08-08 00:00:00+00:00,-0.00150478571202394,-0.00150478571202394,0.4,0.6,0.0,1.0,0.38675054533957454,0.0,0.0,0.0,0.0,0.0,13474.70214868752,-0.00495284146177466,deleveraging,7,False
2021-08-09 00:00:00+00:00,0.00097439136825674,0.00097439136825674,0.4,0.6,0.0,1.0,0.39533447727561993,0.0,0.0,0.0,0.0,0.0,13487.831782151032,-0.003983276099486566,deleveraging,8,False
2021-08-10 00:00:00+00:00,0.00417825249223786,0.00417825249223786,0.4,0.6,0.0,1.0,0.40311252669644726,0.0,0.0,0.0,0.0,0.0,13544.187348909689,0.0,deleveraging,9,False
2021-08-11 00:00:00+00:00,0.004505786385909479,0.004505786385909479,0.4,0.6,0.0,1.0,0.4192782440861571,0.0,0.0,0.0,0.0,0.0,13605.214563874613,0.0,deleveraging,10,False
2021-08-12 00:00:00+00:00,-0.0006966429362321802,-0.0006966429362321802,0.4,0.6,0.0,1.0,0.4499615160396214,0.14462232893908242,0.0,0.0,0.0,0.0,13595.736587252766,-0.0006966429362322835,transition_2,1,False
2021-08-13 00:00:00+00:00,0.0071877912652555795,0.0071877912652555795,0.4,0.6,0.0,1.0,0.47697155455332696,0.0,0.0,0.0,0.0,0.0,13693.459903939338,0.0,transition_2,2,False
2021-08-14 00:00:00+00:00,-0.0001508309734274205,-0.0001508309734274205,0.4,0.6,0.0,1.0,0.48691913622843175,0.0,0.0,0.0,0.0,0.0,13691.394506052438,-0.00015083097342738494,transition_2,3,False
2021-08-15 00:00:00+00:00,0.0043386366651436995,0.0043386366651436995,0.4,0.6,0.0,1.0,0.49824941401913847,0.04165539132586141,0.0,0.0,0.0,0.0,13750.796492253345,0.0,transition_2,4,False
2021-08-16 00:00:00+00:00,0.00406877059004116,0.00406877059004116,0.4,0.6,0.0,1.0,0.46626384102430485,0.0,0.0,0.0,0.0,0.0,13806.745328610665,0.0,transition_2,5,False
2021-08-17 00:00:00+00:00,0.00058777683730718,0.00058777683730718,0.4,0.6,0.0,1.0,0.4521962787130783,0.0,0.0,0.0,0.0,0.0,13814.860613713423,0.0,rotation,1,False
2021-08-18 00:00:00+00:00,0.011242228364072938,0.011242228364072938,0.4,0.6,0.0,1.0,0.44800949069355545,0.0,0.0,0.0,0.0,0.0,13970.170431550627,0.0,rotation,2,False
2021-08-19 00:00:00+00:00,-0.0007965569715159,-0.0007965569715159,0.4,0.6,0.0,1.0,0.44528253769966153,0.21384634283613785,0.0,0.0,0.0,0.0,13959.042394900107,-0.0007965569715161491,rotation,3,False
2021-08-20 00:00:00+00:00,-0.0010105861220883598,-0.0010105861220883598,0.4,0.6,0.0,1.0,0.4684064894863568,0.0,0.0,0.0,0.0,0.0,13944.935580378176,-0.0018063381041837356,rotation,4,False
2021-08-21 00:00:00+00:00,-0.00064927145658228,-0.00064927145658228,0.4,0.6,0.0,1.0,0.46655179994292195,0.0,0.0,0.0,0.0,0.0,13935.881531741958,-0.002454436756994083,rotation,5,False
2021-08-22 00:00:00+00:00,0.00450130373577076,0.00450130373577076,0.4,0.6,0.0,1.0,0.46528743356287594,0.0,0.0,0.0,0.0,0.0,13998.611167342047,0.0,rotation,6,False
2021-08-23 00:00:00+00:00,-0.0021509101585340403,-0.0021509101585340403,0.4,0.6,0.0,1.0,0.4807691352109432,0.0,0.0,0.0,0.0,0.0,13968.501412376843,-0.0021509101585340806,rotation,7,False
2021-08-24 00:00:00+00:00,0.00284077740589584,0.00284077740589584,0.4,0.6,0.0,1.0,0.45451346187000397,0.0,0.0,0.0,0.0,0.0,14008.182815583348,0.0,rotation,8,False
2021-08-25 00:00:00+00:00,-0.0025954542750551996,-0.0025954542750551996,0.4,0.6,0.0,1.0,0.4586112952088615,0.0,0.0,0.0,0.0,0.0,13971.825217608886,-0.0025954542750552534,rotation,9,False
2021-08-26 00:00:00+00:00,0.0007113850235716601,0.0007113850235716601,0.4,0.6,0.0,1.0,0.3010160547294952,0.23030621869234355,0.0,0.0,0.0,0.0,13981.764564820653,-0.0018859156187843729,rotation,10,False
2021-08-27 00:00:00+00:00,-0.0008372504129450999,-0.0008372504129450999,0.4,0.6,0.0,1.0,0.311818154021366,0.0,0.0,0.0,0.0,0.0,13970.058326665056,-0.0027215870480988835,rotation,11,False
2021-08-28 00:00:00+00:00,0.0003744452318549,0.0003744452318549,0.4,0.6,0.0,1.0,0.3134690600818416,0.0,0.0,0.0,0.0,0.0,13975.289348394208,-0.002348160901537333,rotation,12,False
2021-08-29 00:00:00+00:00,-0.0009043557182591184,-0.0009043557182591184,0.4,0.6,0.0,1.0,0.31407547596524726,0.0,0.0,0.0,0.0,0.0,13962.650715557664,-0.0032503930470576536,rotation,13,False
2021-08-30 00:00:00+00:00,0.00142112176318736,0.00142112176318736,0.4,0.6,0.0,1.0,0.3063554687400778,0.0,0.0,0.0,0.0,0.0,13982.493342361326,-0.0018338904881683993,rotation,14,False
2021-08-31 00:00:00+00:00,0.0013856928507803602,0.0013856928507803602,0.4,0.6,0.0,1.0,0.30854104356675166,0.0,0.0,0.0,0.0,0.0,14001.86878342192,-0.000450738846326626,rotation,15,False
2021-09-01 00:00:00+00:00,0.0036530883978134806,0.0036530883978134806,0.4,0.6,0.0,1.0,0.32008873299002005,0.0,0.0,0.0,0.0,0.0,14053.018847822344,0.0,rotation,16,False
2021-09-02 00:00:00+00:00,0.00081482078334912,0.00081482078334912,0.4,0.6,0.0,1.0,0.41544079955452917,0.1626820085338041,0.0,0.0,0.0,0.0,14064.469539648348,0.0,rotation,17,False
2021-09-03 00:00:00+00:00,-0.0014343572680050399,-0.0014343572680050399,0.4,0.6,0.0,1.0,0.4243449972226865,0.0,0.0,0.0,0.0,0.0,14044.296065543518,-0.0014343572680050043,rotation,18,False
2021-09-04 00:00:00+00:00,-0.0008630607939217202,-0.0008630607939217202,0.4,0.6,0.0,1.0,0.42477892404822737,0.0,0.0,0.0,0.0,0.0,14032.174984231118,-0.0022961801244042457,rotation,19,True
2021-09-05 00:00:00+00:00,-0.0021432351864442397,-0.0021432351864442397,0.4,0.6,0.0,1.0,0.44039422735434697,0.0,0.0,0.0,0.0,0.0,14002.100733062573,-0.0044344940568114,rotation,20,True
2021-09-06 00:00:00+00:00,-0.0007265448763261995,-0.0007265448763261995,0.4,0.6,0.0,1.0,0.44810774915517565,0.0,0.0,0.0,0.0,0.0,13991.927578517163,-0.005157817074201487,rotation,21,True
2021-09-07 00:00:00+00:00,-0.00332422477802532,-0.00332422477802532,0.4,0.6,0.0,1.0,0.3953608788309833,0.0,0.0,0.0,0.0,0.0,13945.41526616832,-0.008464896108908215,rotation,22,True
2021-09-08 00:00:00+00:00,0.0062759526443665,0.0062759526443665,0.4,0.6,0.0,1.0,0.37942351096130444,0.0,0.0,0.0,0.0,0.0,14032.936031984817,-0.002242068751660775,rotation,23,False
2021-09-09 00:00:00+00:00,-0.0008471747386802802,-0.0008471747386802802,0.4,0.6,0.0,1.0,0.442790472630641,0.2848400875822425,0.0,0.0,0.0,0.0,14021.047683069004,-0.003087344066332265,rotation,24,True
2021-09-10 00:00:00+00:00,0.00118697608863678,0.00118697608863678,0.4,0.6,0.0,1.0,0.42862773604209103,0.0,0.0,0.0,0.0,0.0,14037.69033140644,-0.001904032581279802,rotation,25,False
2021-09-11 00:00:00+00:00,0.0005402073152503803,0.0005402073152503803,0.4,0.6,0.0,1.0,0.4323408726468825,0.0,0.0,0.0,0.0,0.0,14045.273594412683,-0.001364853838358382,rotation,26,False
2021-09-12 00:00:00+00:00,0.00711683171534602,0.00711683171534602,0.4,0.6,0.0,1.0,0.4443270929219195,0.0,0.0,0.0,0.0,0.0,14145.231442980114,0.0,rotation,27,False
2021-09-13 00:00:00+00:00,-0.0003023807369887399,-0.0003023807369887399,0.4,0.6,0.0,1.0,0.4288988896566509,0.0,0.0,0.0,0.0,0.0,14140.954197471508,-0.0003023807369887388,rotation,28,False
2021-09-14 00:00:00+00:00,0.0028337500378569575,0.0028337500378569575,0.4,0.6,0.0,1.0,0.4432102031973453,0.0,0.0,0.0,0.0,0.0,14181.026126963929,0.0,rotation,29,False
2021-09-15 00:00:00+00:00,-0.00092436886137254,-0.00092436886137254,0.4,0.6,0.0,1.0,0.45443539373690733,0.0,0.0,0.0,0.0,0.0,14167.917627989853,-0.0009243688613724821,rotation,30,False
2021-09-16 00:00:00+00:00,0.0005352523140881936,0.0005352523140881936,0.4,0.6,0.0,1.0,0.4374438759716491,0.24699516861141615,0.0,0.0,0.0,0.0,14175.501038686045,-0.0003896113178565308,rotation,31,False
2021-09-17 00:00:00+00:00,-0.00316944784080672,-0.00316944784080672,0.4,0.6,0.0,1.0,0.4310216810548127,0.0,0.0,0.0,0.0,0.0,14130.572527526629,-0.0035578243059130044,rotation,32,False
2021-09-18 00:00:00+00:00,0.0004292283325047201,0.0004292283325047201,0.4,0.6,0.0,1.0,0.43535335242609546,0.0,0.0,0.0,0.0,0.0,14136.637769609953,-0.0031301230924026813,rotation,33,False
2021-09-19 00:00:00+00:00,0.00593399565238486,0.00593399565238486,0.4,0.6,0.0,1.0,0.4228406145419851,0.0,0.0,0.0,0.0,0.0,14220.52451667416,0.0,rotation,34,False
2021-09-20 00:00:00+00:00,-0.0019477832888963403,-0.0019477832888963403,0.4,0.6,0.0,1.0,0.3787819311350575,0.0,0.0,0.0,0.0,0.0,14192.826016661242,-0.001947783288896332,rotation,35,False
2021-09-21 00:00:00+00:00,-0.00063364465277248,-0.00063364465277248,0.4,0.6,0.0,1.0,0.35900973726606594,0.0,0.0,0.0,0.0,0.0,14183.832808348054,-0.0025801937392031515,rotation,36,True
2021-09-22 00:00:00+00:00,0.00212870243992134,0.00212870243992134,0.4,0.6,0.0,1.0,0.3805725615981344,0.0,0.0,0.0,0.0,0.0,14214.025967854619,-0.0004569837639899488,rotation,37,False
2021-09-23 00:00:00+00:00,0.00101264293968722,0.00101264293968722,0.4,0.6,0.0,1.0,0.4252976424329322,0.12484631305238705,0.0,0.0,0.0,0.0,14228.4197008955,0.0,transition_2,1,False
2021-09-24 00:00:00+00:00,-0.00177822510489204,-0.00177822510489204,0.4,0.6,0.0,1.0,0.4035128886488813,0.0,0.0,0.0,0.0,0.0,14203.118367780427,-0.0017782251048920061,transition_2,2,False
2021-09-25 00:00:00+00:00,-0.0029287101811903598,-0.0029287101811903598,0.4,0.6,0.0,1.0,0.4011629962579852,0.0,0.0,0.0,0.0,0.0,14161.521550412057,-0.0047017273801132076,rotation,1,False
2021-09-26 00:00:00+00:00,0.0024011800229107,0.0024011800229107,0.4,0.6,0.0,1.0,0.3943223236674049,0.0,0.0,0.0,0.0,0.0,14195.525913052927,-0.00231183705106075,transition_2,1,False
2021-09-27 00:00:00+00:00,0.00015162825913597993,0.00015162825913597993,0.4,0.6,0.0,1.0,0.38775229026730273,0.0,0.0,0.0,0.0,0.0,14197.678355934644,-0.0021605593317521876,rotation,1,False
2021-09-28 00:00:00+00:00,0.0016578563472023598,0.0016578563472023598,0.4,0.6,0.0,1.0,0.3751782887665204,0.0,0.0,0.0,0.0,0.0,14221.216067112568,-0.0005062848815514664,deleveraging,1,False
2021-09-29 00:00:00+00:00,0.00615316283682304,0.00615316283682304,0.4,0.6,0.0,1.0,0.38244160056559484,0.0,0.0,0.0,0.0,0.0,14308.721525311154,0.0,deleveraging,2,False
2021-09-30 00:00:00+00:00,0.0033490640801954203,0.0033490640801954203,0.4,0.6,0.0,1.0,0.3880080378956299,0.1595121951326485,0.0,0.0,0.0,0.0,14356.642350605094,0.0,deleveraging,3,False
2021-10-01 00:00:00+00:00,0.004459699924325741,0.004459699924325741,0.4,0.6,0.0,1.0,0.4183217104879794,0.0,0.0,0.0,0.0,0.0,14420.66866740966,0.0,deleveraging,4,False
2021-10-02 00:00:00+00:00,-0.0002585060904269745,-0.0002585060904269745,0.4,0.6,0.0,1.0,0.4269344297842502,0.0,0.0,0.0,0.0,0.0,14416.940836731104,-0.0002585060904269909,transition_2,1,False
2021-10-03 00:00:00+00:00,-0.0022629626232891203,-0.0022629626232891203,0.4,0.6,0.0,1.0,0.43302888240422055,0.0,0.0,0.0,0.0,0.0,14384.315838475412,-0.002520883724095646,transition_2,2,False
2021-10-04 00:00:00+00:00,0.00412313480895946,0.00412313480895946,0.4,0.6,0.0,1.0,0.4281120577453039,0.0,0.0,0.0,0.0,0.0,14443.624311812095,0.0,transition_2,3,False
2021-10-05 00:00:00+00:00,0.00341932765015922,0.00341932765015922,0.4,0.6,0.0,1.0,0.4404777811988636,0.0,0.0,0.0,0.0,0.0,14493.011795789987,0.0,transition_2,4,False
2021-10-06 00:00:00+00:00,0.006375178847264301,0.006375178847264301,0.4,0.6,0.0,1.0,0.44605882440293676,0.0,0.0,0.0,0.0,0.0,14585.407338023659,0.0,transition_2,5,False
2021-10-07 00:00:00+00:00,-0.0029280097156856003,-0.0029280097156856003,0.4,0.6,0.0,1.0,0.4383785460772107,0.30700898356254325,0.0,0.0,0.0,0.0,14542.701123630692,-0.002928009715685742,rotation,1,False
2021-10-08 00:00:00+00:00,-0.0016257013815169602,-0.0016257013815169602,0.4,0.6,0.0,1.0,0.43501945677115195,0.0,0.0,0.0,0.0,0.0,14519.059034323018,-0.00454895102776276,rotation,2,False
2021-10-09 00:00:00+00:00,-0.0010485356693726202,-0.0010485356693726202,0.4,0.6,0.0,1.0,0.4421326684784373,0.0,0.0,0.0,0.0,0.0,14503.835283039805,-0.005592716959724409,rotation,3,False
2021-10-10 00:00:00+00:00,0.00409742138921216,0.00409742138921216,0.4,0.6,0.0,1.0,0.42944130800907543,0.0,0.0,0.0,0.0,0.0,14563.263607954144,-0.0015182112886066301,rotation,4,False
2021-10-11 00:00:00+00:00,0.0044281213975046405,0.0044281213975046405,0.4,0.6,0.0,1.0,0.42959358728401453,0.0,0.0,0.0,0.0,0.0,14627.751507154026,0.0,rotation,5,False
2021-10-12 00:00:00+00:00,0.0031087249980375,0.0031087249980375,0.4,0.6,0.0,1.0,0.4209017771244994,0.0,0.0,0.0,0.0,0.0,14673.225163929395,0.0,rotation,6,False
2021-10-13 00:00:00+00:00,0.0019088974637279403,0.0019088974637279403,0.4,0.6,0.0,1.0,0.43065032008589116,0.0,0.0,0.0,0.0,0.0,14701.23484622953,0.0,rotation,7,False
2021-10-14 00:00:00+00:00,-0.00252885362794088,-0.00252885362794088,0.4,0.6,0.0,1.0,0.44191508640197186,0.07837825346918285,0.0,0.0,0.0,0.0,14664.05757515343,-0.0025288536279409746,rotation,8,False
2021-10-15 00:00:00+00:00,0.0058377451443213,0.0058377451443213,0.4,0.6,0.0,1.0,0.44966623399023053,0.0,0.0,0.0,0.0,0.0,14749.66260605883,0.0,rotation,9,False
2021-10-16 00:00:00+00:00,-0.00210570092390834,-0.00210570092390834,0.4,0.6,0.0,1.0,0.4517582784851509,0.0,0.0,0.0,0.0,0.0,14718.604227881913,-0.0021057009239084934,rotation,10,False
2021-10-17 00:00:00+00:00,0.00246430259097374,0.00246430259097374,0.4,0.6,0.0,1.0,0.4469307070147483,0.0,0.0,0.0,0.0,0.0,14754.8753224162,0.0,rotation,11,False
2021-10-18 00:00:00+00:00,0.005146583358463699,0.005146583358463699,0.4,0.6,0.0,1.0,0.44592639627722686,0.0,0.0,0.0,0.0,0.0,14830.81251820675,0.0,rotation,12,False
2021-10-19 00:00:00+00:00,0.0015370466934129402,0.0015370466934129402,0.4,0.6,0.0,1.0,0.4508850971757479,0.0,0.0,0.0,0.0,0.0,14853.608169548488,0.0,rotation,13,False
2021-10-20 00:00:00+00:00,-0.00019418057450237987,-0.00019418057450237987,0.4,0.6,0.0,1.0,0.46827282137706633,0.0,0.0,0.0,0.0,0.0,14850.723887380693,-0.00019418057450237836,rotation,14,False
2021-10-21 00:00:00+00:00,-0.00436028140874234,-0.00436028140874234,0.4,0.6,0.0,1.0,0.4040011098592937,0.17720457393293268,0.0,0.0,0.0,0.0,14785.970552108181,-0.0045536153012957215,rotation,15,False
2021-10-22 00:00:00+00:00,-0.0008884018241408201,-0.0008884018241408201,0.4,0.6,0.0,1.0,0.39939576007942656,0.0,0.0,0.0,0.0,0.0,14772.834668897995,-0.005437971685296472,rotation,16,False
2021-10-23 00:00:00+00:00,-0.003139347317323789,-0.003139347317323789,0.4,0.6,0.0,1.0,0.4055791661601645,0.0,0.0,0.0,0.0,0.0,14726.45761001092,-0.008560247320798409,rotation,17,False
2021-10-24 00:00:00+00:00,-0.00317133265052594,-0.00317133265052594,0.4,0.6,0.0,1.0,0.4034479405088863,0.0,0.0,0.0,0.0,0.0,14679.755114165706,-0.01170443257949938,rotation,18,False
2021-10-25 00:00:00+00:00,0.0020059258733815402,0.0020059258733815402,0.4,0.6,0.0,1.0,0.4121202094054784,0.0,0.0,0.0,0.0,0.0,14709.201614764119,-0.009721984930262106,rotation,19,False
2021-10-26 00:00:00+00:00,0.00010603333425847996,0.00010603333425847996,0.4,0.6,0.0,1.0,0.4093249103392799,0.0,0.0,0.0,0.0,0.0,14710.76128045561,-0.009616982450481593,rotation,20,False
2021-10-27 00:00:00+00:00,0.00114206914273962,0.00114206914273962,0.4,0.6,0.0,1.0,0.37824792190931295,0.0,0.0,0.0,0.0,0.0,14727.561986980227,-0.008485896566645001,rotation,21,False
2021-10-28 00:00:00+00:00,-0.0022225262305993806,-0.0022225262305993806,0.4,0.6,0.0,1.0,0.3801591693466766,0.12358050045401861,0.0,0.0,0.0,0.0,14694.829594151384,-0.010689562669534913,rotation,22,False
2021-10-29 00:00:00+00:00,0.006928174515498,0.006928174515498,0.4,0.6,0.0,1.0,0.3904814548327873,0.0,0.0,0.0,0.0,0.0,14796.63793805517,-0.003835447309705753,rotation,23,False
2021-10-30 00:00:00+00:00,0.0016586697305097401,0.0016586697305097401,0.4,0.6,0.0,1.0,0.3853995451859771,0.0,0.0,0.0,0.0,0.0,14821.180673516334,-0.002183139319551608,rotation,24,False
2021-10-31 00:00:00+00:00,-0.00192991151802128,-0.00192991151802128,0.4,0.6,0.0,1.0,0.3842281320957398,0.0,0.0,0.0,0.0,0.0,14792.57710622384,-0.004108837571854651,rotation,25,False
2021-11-01 00:00:00+00:00,0.0051290829181421405,0.0051290829181421405,0.4,0.6,0.0,1.0,0.3878219692582676,0.0,0.0,0.0,0.0,0.0,14868.449460774673,0.0,rotation,26,False
2021-11-02 00:00:00+00:00,0.0007733501283465801,0.0007733501283465801,0.4,0.6,0.0,1.0,0.3966550761837768,0.0,0.0,0.0,0.0,0.0,14879.94797807348,0.0,rotation,27,False
2021-11-03 00:00:00+00:00,0.00480673888690722,0.00480673888690722,0.4,0.6,0.0,1.0,0.4014557277437576,0.0,0.0,0.0,0.0,0.0,14951.472002654844,0.0,rotation,28,False
2021-11-04 00:00:00+00:00,0.00089050041385232,0.00089050041385232,0.4,0.6,0.0,1.0,0.31301954776330754,0.3838421677521663,0.0,0.0,0.0,0.0,14964.78629466091,0.0,rotation,29,False
2021-11-05 00:00:00+00:00,0.00314017931084252,0.00314017931084252,0.4,0.6,0.0,1.0,0.3131234461335668,0.0,0.0,0.0,0.0,0.0,15011.778406974585,0.0,rotation,30,False
2021-11-06 00:00:00+00:00,0.004251926220830661,0.004251926220830661,0.4,0.6,0.0,1.0,0.3131901114360294,0.0,0.0,0.0,0.0,0.0,15075.607381204502,0.0,rotation,31,False
2021-11-07 00:00:00+00:00,-0.00045399849771706017,-0.00045399849771706017,0.4,0.6,0.0,1.0,0.3187208690280464,0.0,0.0,0.0,0.0,0.0,15068.763078101261,-0.00045399849771710077,rotation,32,False
2021-11-08 00:00:00+00:00,-0.0003660894318435197,-0.0003660894318435197,0.4,0.6,0.0,1.0,0.33192033441169866,0.0,0.0,0.0,0.0,0.0,15063.246563187413,-0.0008199217255087099,rotation,33,False
2021-11-09 00:00:00+00:00,-0.0009340649543057395,-0.0009340649543057395,0.4,0.6,0.0,1.0,0.34878337151381505,0.0,0.0,0.0,0.0,0.0,15049.176512474674,-0.0017532208196652244,rotation,34,False
2021-11-10 00:00:00+00:00,0.0033569538711767,0.0033569538711767,0.4,0.6,0.0,1.0,0.3427303267794984,0.0,0.0,0.0,0.0,0.0,15099.695903826245,0.0,rotation,35,False
2021-11-11 00:00:00+00:00,0.00089912665534514,0.00089912665534514,0.4,0.6,0.0,1.0,0.37838773385957025,0.12667917200395057,0.0,0.0,0.0,0.0,15113.27244290098,0.0,rotation,36,False
2021-11-12 00:00:00+00:00,-0.00098090228662974,-0.00098090228662974,0.4,0.6,0.0,1.0,0.37238237409697933,0.0,0.0,0.0,0.0,0.0,15098.44779940328,-0.0009809022866297257,rotation,37,False
2021-11-13 00:00:00+00:00,0.00225926121699994,0.00225926121699994,0.4,0.6,0.0,1.0,0.3731889837650413,0.0,0.0,0.0,0.0,0.0,15132.559136953372,0.0,rotation,38,False
2021-11-14 00:00:00+00:00,0.007514150365885401,0.007514150365885401,0.4,0.6,0.0,1.0,0.37611971197311167,0.0,0.0,0.0,0.0,0.0,15246.26746172909,0.0,rotation,39,False
2021-11-15 00:00:00+00:00,-0.0017269682206627402,-0.0017269682206627402,0.4,0.6,0.0,1.0,0.3742780240605027,0.0,0.0,0.0,0.0,0.0,15219.937642338959,-0.0017269682206628723,rotation,40,False
2021-11-16 00:00:00+00:00,-0.00492028085075794,-0.00492028085075794,0.4,0.6,0.0,1.0,0.3431005123218229,0.0,0.0,0.0,0.0,0.0,15145.051274607627,-0.006638751902754869,rotation,41,False
2021-11-17 00:00:00+00:00,-0.0013999045343622602,-0.0013999045343622602,0.4,0.6,0.0,1.0,0.3387022065143017,0.0,0.0,0.0,0.0,0.0,15123.849648655156,-0.00802936281822586,rotation,42,False
2021-11-18 00:00:00+00:00,-0.002790557983559621,-0.002790557983559621,0.4,0.6,0.0,1.0,0.40656503270195476,0.16786082422161971,0.0,0.0,0.0,0.0,15081.645669275948,-0.010797514399270125,rotation,43,False
2021-11-19 00:00:00+00:00,0.00066952207777648,0.00066952207777648,0.4,0.6,0.0,1.0,0.41670167581767215,0.0,0.0,0.0,0.0,0.0,15091.743164020727,-0.010135221495769176,rotation,44,False
2021-11-20 00:00:00+00:00,0.0006022554531276204,0.0006022554531276204,0.4,0.6,0.0,1.0,0.42673349884500555,0.0,0.0,0.0,0.0,0.0,15100.83224863846,-0.009539070035056052,rotation,45,False
2021-11-21 00:00:00+00:00,-0.00051854681321792,-0.00051854681321792,0.4,0.6,0.0,1.0,0.4207578962737222,0.0,0.0,0.0,0.0,0.0,15093.00176019899,-0.010052670393906338,rotation,46,False
2021-11-22 00:00:00+00:00,-0.00028106162912906003,-0.00028106162912906003,0.4,0.6,0.0,1.0,0.40479259122934375,0.0,0.0,0.0,0.0,0.0,15088.75969653582,-0.010330906603117307,transition_2,1,False
2021-11-23 00:00:00+00:00,0.0033946708691156603,0.0033946708691156603,0.4,0.6,0.0,1.0,0.4105451170713461,0.0,0.0,0.0,0.0,0.0,15139.981069528738,-0.006971305761698798,transition_2,2,False
2021-11-24 00:00:00+00:00,0.0036904642845877007,0.0036904642845877007,0.4,0.6,0.0,1.0,0.4035648275498236,0.0,0.0,0.0,0.0,0.0,15195.854628935169,-0.003306568832041501,transition_2,3,False
2021-11-25 00:00:00+00:00,0.0021833907645768405,0.0021833907645768405,0.4,0.6,0.0,1.0,0.3529689719796478,0.176309288744991,0.0,0.0,0.0,0.0,15229.033117591836,-0.0011303975993151028,transition_2,4,False
2021-11-26 00:00:00+00:00,-0.0034670937102530604,-0.0034670937102530604,0.4,0.6,0.0,1.0,0.3262135624269618,0.0,0.0,0.0,0.0,0.0,15176.232632656598,-0.004593572115161426,transition_2,5,False
2021-11-27 00:00:00+00:00,0.0007672788691676601,0.0007672788691676601,0.4,0.6,0.0,1.0,0.32448850028995313,0.0,0.0,0.0,0.0,0.0,15187.87703526921,-0.0038298177968116853,rotation,1,False
2021-11-28 00:00:00+00:00,-0.0005667145281853,-0.0005667145281853,0.4,0.6,0.0,1.0,0.3242614156050087,0.0,0.0,0.0,0.0,0.0,15179.269844701032,-0.004394361911611133,transition_2,1,False
2021-11-29 00:00:00+00:00,0.00205114668263088,0.00205114668263088,0.4,0.6,0.0,1.0,0.33434283001334275,0.0,0.0,0.0,0.0,0.0,15210.40475368775,-0.002352228709837534,transition_2,2,False
2021-11-30 00:00:00+00:00,0.00117366785933072,0.00117366785933072,0.4,0.6,0.0,1.0,0.33578103193024944,0.0,0.0,0.0,0.0,0.0,15228.256716874566,-0.0011813215857411352,transition_2,3,False
2021-12-01 00:00:00+00:00,-0.00038379102082839985,-0.00038379102082839985,0.4,0.6,0.0,1.0,0.33640764202780327,0.0,0.0,0.0,0.0,0.0,15222.41224868376,-0.0015646592259522807,transition_2,4,False
2021-12-02 00:00:00+00:00,-0.009719611139529419,-0.009719611139529419,0.4,0.6,0.0,1.0,0.4079398752590119,0.42941662525987967,0.0,0.0,0.0,0.0,15074.456321020944,-0.0112690624862396,transition_2,5,False
2021-12-03 00:00:00+00:00,0.00432956118050994,0.00432956118050994,0.4,0.6,0.0,1.0,0.39101731757365377,0.0,0.0,0.0,0.0,0.0,15139.722101925729,-0.006988291401210822,transition_2,6,False
2021-12-04 00:00:00+00:00,0.0032666867418668,0.0032666867418668,0.4,0.6,0.0,1.0,0.3435837458526989,0.0,0.0,0.0,0.0,0.0,15189.178831391635,-0.003744433218212828,transition_2,7,False
2021-12-05 00:00:00+00:00,0.0027751636552035604,0.0027751636552035604,0.4,0.6,0.0,1.0,0.33716157655380086,0.0,0.0,0.0,0.0,0.0,15231.3312884369,-0.0009796609779857413,deleveraging,1,False
2021-12-06 00:00:00+00:00,0.0008093685388861399,0.0008093685388861399,0.4,0.6,0.0,1.0,0.33831440091682696,0.0,0.0,0.0,0.0,0.0,15243.659048787113,-0.00017108534587406687,deleveraging,2,False
2021-12-07 00:00:00+00:00,9.924606732896e-05,9.924606732896e-05,0.4,0.6,0.0,1.0,0.34653521648954955,0.0,0.0,0.0,0.0,0.0,15245.17192199941,-7.185625809269514e-05,deleveraging,3,False
2021-12-08 00:00:00+00:00,0.0017861583517489398,0.0017861583517489398,0.4,0.6,0.0,1.0,0.3510239773733693,0.0,0.0,0.0,0.0,0.0,15272.402213151736,0.0,deleveraging,4,False
2021-12-09 00:00:00+00:00,0.0012746349258886,0.0012746349258886,0.4,0.6,0.0,1.0,0.390801078953369,0.2039522728157621,0.0,0.0,0.0,0.0,15291.868950414837,0.0,deleveraging,5,False
2021-12-10 00:00:00+00:00,0.0017007821237353398,0.0017007821237353398,0.4,0.6,0.0,1.0,0.37393047076951497,0.0,0.0,0.0,0.0,0.0,15317.877087764207,0.0,deleveraging,6,False
2021-12-11 00:00:00+00:00,-0.0086150624527113,-0.0086150624527113,0.4,0.6,0.0,1.0,0.38800053871022167,0.0,0.0,0.0,0.0,0.0,15185.912620010162,-0.008615062452711375,deleveraging,7,False
2021-12-12 00:00:00+00:00,0.0019203840168758798,0.0019203840168758798,0.4,0.6,0.0,1.0,0.3923281061541991,0.0,0.0,0.0,0.0,0.0,15215.075403887302,-0.006711222664074201,deleveraging,8,False
2021-12-13 00:00:00+00:00,0.00031990778157040006,0.00031990778157040006,0.4,0.6,0.0,1.0,0.36661548507877123,0.0,0.0,0.0,0.0,0.0,15219.942824906186,-0.006393461854857896,deleveraging,9,False
2021-12-14 00:00:00+00:00,0.00333613456137362,0.00333613456137362,0.4,0.6,0.0,1.0,0.3744471340652731,0.0,0.0,0.0,0.0,0.0,15270.718602186485,-0.0030786567425450384,deleveraging,10,False
2021-12-15 00:00:00+00:00,-0.00023805126742088034,-0.00023805126742088034,0.4,0.6,0.0,1.0,0.3827192562860705,0.0,0.0,0.0,0.0,0.0,15267.083388268808,-0.003315975131826465,deleveraging,11,False
2021-12-16 00:00:00+00:00,0.0024114700082539598,0.0024114700082539598,0.4,0.6,0.0,1.0,0.3966382330803806,0.12634176083136756,0.0,0.0,0.0,0.0,15303.89950197313,-0.0009125014981509194,deleveraging,12,False
2021-12-17 00:00:00+00:00,-0.00046399834497596004,-0.00046399834497596004,0.4,0.6,0.0,1.0,0.3848348989652426,0.0,0.0,0.0,0.0,0.0,15296.798517932535,-0.0013760764439421092,deleveraging,13,False
2021-12-18 00:00:00+00:00,-0.0016756003994485799,-0.0016756003994485799,0.4,0.6,0.0,1.0,0.3919504387439252,0.0,0.0,0.0,0.0,0.0,15271.167196225604,-0.003049371089151376,deleveraging,14,False
2021-12-19 00:00:00+00:00,-0.00235682051108486,-0.00235682051108486,0.4,0.6,0.0,1.0,0.3935176650451759,0.0,0.0,0.0,0.0,0.0,15235.175796149331,-0.0053990047799076235,deleveraging,15,False
2021-12-20 00:00:00+00:00,-0.0022503544586229803,-0.0022503544586229803,0.4,0.6,0.0,1.0,0.390896418319947,0.0,0.0,0.0,0.0,0.0,15200.891250368562,-0.0076372095640518944,deleveraging,16,False
2021-12-21 00:00:00+00:00,-0.00292320298367778,-0.00292320298367778,0.4,0.6,0.0,1.0,0.4022522354962961,0.0,0.0,0.0,0.0,0.0,15156.455959710924,-0.010538087433945131,deleveraging,17,False
2021-12-22 00:00:00+00:00,-0.0031490432242339,-0.0031490432242339,0.4,0.6,0.0,1.0,0.41014623809425715,0.0,0.0,0.0,0.0,0.0,15108.727624767596,-0.01365394576534873,deleveraging,18,False
2021-12-23 00:00:00+00:00,-0.00652648457709042,-0.00652648457709042,0.4,0.6,0.0,1.0,0.31428700849442437,0.24120506959792715,0.0,0.0,0.0,0.0,15010.120746945093,-0.020091318075985076,deleveraging,19,False
2021-12-24 00:00:00+00:00,0.007470647786584501,0.007470647786584501,0.4,0.6,0.0,1.0,0.31420760189102726,0.0,0.0,0.0,0.0,0.0,15122.256072279622,-0.012770765450314636,deleveraging,20,False
2021-12-25 00:00:00+00:00,-0.0028580049333393398,-0.0028580049333393398,0.4,0.6,0.0,1.0,0.3145699905795718,0.0,0.0,0.0,0.0,0.0,15079.036589821828,-0.015592271472994357,deleveraging,21,False
2021-12-26 00:00:00+00:00,-0.0007889446128982601,-0.0007889446128982601,0.4,0.6,0.0,1.0,0.3156790505618887,0.0,0.0,0.0,0.0,0.0,15067.140065136593,-0.01636891464731105,transition,1,False
2021-12-27 00:00:00+00:00,-0.00299633050037624,-0.00299633050037624,0.4,0.6,0.0,1.0,0.32189293650608797,0.0,0.0,0.0,0.0,0.0,15021.993933805981,-0.019316198469471635,transition,2,False
2021-12-28 00:00:00+00:00,0.0035305036575216,0.0035305036575216,0.4,0.6,0.0,1.0,0.30073717054821436,0.0,0.0,0.0,0.0,0.0,15075.02913833255,-0.01585389072129606,transition,3,False
2021-12-29 00:00:00+00:00,0.00094322744953756,0.00094322744953756,0.4,0.6,0.0,1.0,0.29034449857518185,0.0,0.0,0.0,0.0,0.0,15089.248319618404,-0.01492561709666873,deleveraging,1,False
2021-12-30 00:00:00+00:00,-0.00202119613656126,-0.00202119613656126,0.4,0.6,0.0,1.0,0.4477051610419908,0.3632518150477047,0.0,0.0,0.0,0.0,15058.749989211177,-0.016916645633618388,transition,1,False
2021-12-31 00:00:00+00:00,0.001493712368463,0.001493712368463,0.4,0.6,0.0,1.0,0.44341625523427625,0.0,0.0,0.0,0.0,0.0,15081.243430323657,-0.015448201867971134,transition,2,False
2022-01-01 00:00:00+00:00,0.00012299078988584002,0.00012299078988584002,0.4,0.6,0.0,1.0,0.45267698033597287,0.0,0.0,0.0,0.0,0.0,15083.098284365613,-0.015327111064635357,transition,3,False
2022-01-02 00:00:00+00:00,0.0009010666792374717,0.0009010666792374717,0.4,0.6,0.0,1.0,0.45722228246917607,0.0,0.0,0.0,0.0,0.0,15096.68916164932,-0.014439855134467106,transition,4,False
2022-01-03 00:00:00+00:00,0.0019042849913894406,0.0019042849913894406,0.4,0.6,0.0,1.0,0.45263638155040775,0.0,0.0,0.0,0.0,0.0,15125.437560239521,-0.012563067742487943,transition,5,False
2022-01-04 00:00:00+00:00,0.0008619683067864199,0.0008619683067864199,0.4,0.6,0.0,1.0,0.44930564194249667,0.0,0.0,0.0,0.0,0.0,15138.475208042722,-0.011711928401931693,transition,6,False
2022-01-05 00:00:00+00:00,0.0008435110940405405,0.0008435110940405405,0.4,0.6,0.0,1.0,0.43626085784309976,0.0,0.0,0.0,0.0,0.0,15151.244679827565,-0.010878296449430724,transition,7,False
2022-01-06 00:00:00+00:00,-0.0036811795068029,-0.0036811795068029,0.4,0.6,0.0,1.0,0.3892646573881856,0.05704390308384024,0.0,0.0,0.0,0.0,15095.470228409626,-0.014519430994275218,transition,8,False
2022-01-07 00:00:00+00:00,-0.0010349381058366342,-0.0010349381058366342,0.4,0.6,0.0,1.0,0.37929592438222387,0.0,0.0,0.0,0.0,0.0,15079.847351044722,-0.015539342387700827,transition,9,False
2022-01-08 00:00:00+00:00,0.00022778431217485162,0.00022778431217485162,0.4,0.6,0.0,1.0,0.3753438512052307,0.0,0.0,0.0,0.0,0.0,15083.282303701282,-0.015315097693943347,transition,10,False
2022-01-09 00:00:00+00:00,0.0017524792378979003,0.0017524792378979003,0.4,0.6,0.0,1.0,0.37668162201483085,0.0,0.0,0.0,0.0,0.0,15109.715442777873,-0.01358945784678034,transition,11,False
2022-01-10 00:00:00+00:00,0.0005692716114365803,0.0005692716114365803,0.4,0.6,0.0,1.0,0.36930266872429157,0.0,0.0,0.0,0.0,0.0,15118.31697483633,-0.013027922327910835,transition,12,False
2022-01-11 00:00:00+00:00,-0.0022936865272990808,-0.0022936865272990808,0.4,0.6,0.0,1.0,0.3768925769215477,0.0,0.0,0.0,0.0,0.0,15083.640294875711,-0.015291726885287682,transition,13,False
2022-01-12 00:00:00+00:00,-0.00284050057831508,-0.00284050057831508,0.4,0.6,0.0,1.0,0.3941346963500296,0.0,0.0,0.0,0.0,0.0,15040.79520589502,-0.018088791304541663,transition,14,False
2022-01-13 00:00:00+00:00,-0.0012354697819974203,-0.0012354697819974203,0.4,0.6,0.0,1.0,0.38419389768885126,0.1662514684826838,0.0,0.0,0.0,0.0,15022.212757920925,-0.01930191293148953,transition,15,False
2022-01-14 00:00:00+00:00,-0.0016196207895014,-0.0016196207895014,0.4,0.6,0.0,1.0,0.3945612571431193,0.0,0.0,0.0,0.0,0.0,14997.882469833883,-0.020890271941529925,transition,16,False
2022-01-15 00:00:00+00:00,8.188777473571991e-05,8.188777473571991e-05,0.4,0.6,0.0,1.0,0.39788595336799615,0.0,0.0,0.0,0.0,0.0,14999.110613055087,-0.020810094824676995,deleveraging,1,False
2022-01-16 00:00:00+00:00,-0.0007340935627764998,-0.0007340935627764998,0.4,0.6,0.0,1.0,0.3966474526574526,0.0,0.0,0.0,0.0,0.0,14988.09986250667,-0.021528911830801967,transition,1,False
2022-01-17 00:00:00+00:00,-0.00418433683659504,-0.00418433683659504,0.4,0.6,0.0,1.0,0.39009728343511874,0.0,0.0,0.0,0.0,0.0,14925.384604141418,-0.0256231644485716,transition,2,False
2022-01-18 00:00:00+00:00,0.0032510147775478403,0.0032510147775478403,0.4,0.6,0.0,1.0,0.3792961055955989,0.0,0.0,0.0,0.0,0.0,14973.907250050064,-0.022455450957293732,deleveraging,1,False
2022-01-19 00:00:00+00:00,0.00083859737270744,0.00083859737270744,0.4,0.6,0.0,1.0,0.3675458479530176,0.0,0.0,0.0,0.0,0.0,14986.464329329121,-0.021635684666762134,deleveraging,2,False
2022-01-20 00:00:00+00:00,0.00163059477929226,0.00163059477929226,0.4,0.6,0.0,1.0,0.3754333761917694,0.17767171930844025,0.0,0.0,0.0,0.0,15010.901179824576,-0.020040368921933838,deleveraging,3,False
2022-01-21 00:00:00+00:00,-0.0009615346891828804,-0.0009615346891828804,0.4,0.6,0.0,1.0,0.3355869015578539,0.0,0.0,0.0,0.0,0.0,14996.46767762428,-0.020982634101214148,deleveraging,4,False
2022-01-22 00:00:00+00:00,0.00041226016188256,0.00041226016188256,0.4,0.6,0.0,1.0,0.3056848307146293,0.0,0.0,0.0,0.0,0.0,15002.650123816724,-0.020579024243462807,deleveraging,5,False
2022-01-23 00:00:00+00:00,-0.00019176944520626004,-0.00019176944520626004,0.4,0.6,0.0,1.0,0.3148649543470689,0.0,0.0,0.0,0.0,0.0,14999.773073925855,-0.02076684726060707,deleveraging,6,False
2022-01-24 00:00:00+00:00,0.0023926722575934997,0.0023926722575934997,0.4,0.6,0.0,1.0,0.30445761291455253,0.0,0.0,0.0,0.0,0.0,15035.662614830037,-0.018423863262331697,deleveraging,7,False
2022-01-25 00:00:00+00:00,0.00203037750192548,0.00203037750192548,0.4,0.6,0.0,1.0,0.30800054291861334,0.0,0.0,0.0,0.0,0.0,15066.19068592973,-0.016430893157872495,deleveraging,8,False
2022-01-26 00:00:00+00:00,-0.0013082191086136999,-0.0013082191086136999,0.4,0.6,0.0,1.0,0.31360336677630773,0.0,0.0,0.0,0.0,0.0,15046.48080738038,-0.0177176170580855,deleveraging,9,False
2022-01-27 00:00:00+00:00,0.0031828028755409602,0.0031828028755409602,0.4,0.6,0.0,1.0,0.4349028737776889,0.18250718169737282,0.0,0.0,0.0,0.0,15094.370789760882,-0.014591205865064683,deleveraging,10,False
2022-01-28 00:00:00+00:00,0.0004220889814575803,0.0004220889814575803,0.4,0.6,0.0,1.0,0.441083329814434,0.0,0.0,0.0,0.0,0.0,15100.741957353277,-0.01417527567082888,deleveraging,11,False
2022-01-29 00:00:00+00:00,0.0005546098657906503,0.0005546098657906503,0.4,0.6,0.0,1.0,0.4503401369542342,0.0,0.0,0.0,0.0,0.0,15109.116977823585,-0.013628527552775438,deleveraging,12,False
2022-01-30 00:00:00+00:00,-0.0007853469297983001,-0.0007853469297983001,0.4,0.6,0.0,1.0,0.4483313150397389,0.0,0.0,0.0,0.0,0.0,15097.251079193087,-0.014403171360302558,deleveraging,13,False
2022-01-31 00:00:00+00:00,-0.00057949237259014,-0.00057949237259014,0.4,0.6,0.0,1.0,0.4480522974483122,0.0,0.0,0.0,0.0,0.0,15088.502337345617,-0.01497431720494824,deleveraging,14,False
2022-02-01 00:00:00+00:00,-0.00451496510375866,-0.00451496510375866,0.4,0.6,0.0,1.0,0.46438044925292943,0.0,0.0,0.0,0.0,0.0,15020.37827582452,-0.019421673789074,deleveraging,15,False
2022-02-02 00:00:00+00:00,0.00310245646748802,0.00310245646748802,0.4,0.6,0.0,1.0,0.45019578262670135,0.0,0.0,0.0,0.0,0.0,15066.978345550468,-0.016379472219042346,deleveraging,16,False
2022-02-03 00:00:00+00:00,-0.00099970271128706,-0.00099970271128706,0.4,0.6,0.0,1.0,0.4418991377197624,0.21277583253323032,0.0,0.0,0.0,0.0,15051.915846447519,-0.01736280032754256,deleveraging,17,False
2022-02-04 00:00:00+00:00,0.0034492392455366797,0.0034492392455366797,0.4,0.6,0.0,1.0,0.47191489955823684,0.0,0.0,0.0,0.0,0.0,15103.833505305602,-0.013973449534308013,deleveraging,18,False
2022-02-05 00:00:00+00:00,-0.00228079375046132,-0.00228079375046132,0.4,0.6,0.0,1.0,0.48682589522056324,0.0,0.0,0.0,0.0,0.0,15069.384776238692,-0.016222372728399104,deleveraging,19,False
2022-02-06 00:00:00+00:00,0.0011219802368303599,0.0011219802368303599,0.4,0.6,0.0,1.0,0.4933897482032801,0.0,0.0,0.0,0.0,0.0,15086.292328138825,-0.015118593673164482,deleveraging,20,False
2022-02-07 00:00:00+00:00,-0.003821729098455959,-0.003821729098455959,0.4,0.6,0.0,1.0,0.5061656796958859,0.040016733593285364,0.0,0.0,0.0,0.0,15028.636605760563,-0.018882543602251944,deleveraging,21,False
2022-02-08 00:00:00+00:00,-0.00025458043602738013,-0.00025458043602738013,0.4,0.6,0.0,1.0,0.4828546840554019,0.0,0.0,0.0,0.0,0.0,15024.810608900572,-0.019132316912095715,deleveraging,22,False
2022-02-09 00:00:00+00:00,0.00028887311791700004,0.00028887311791700004,0.4,0.6,0.0,1.0,0.49055657545282005,0.0,0.0,0.0,0.0,0.0,15029.150872787275,-0.018848970606218263,deleveraging,23,False
2022-02-10 00:00:00+00:00,0.00100716285605888,0.00100716285605888,0.4,0.6,0.0,1.0,0.37479500003886246,0.28070159483920143,0.0,0.0,0.0,0.0,15044.287675304451,-0.017860791733228965,deleveraging,24,False
2022-02-11 00:00:00+00:00,0.0013339079892929601,0.0013339079892929601,0.4,0.6,0.0,1.0,0.3547395200178689,0.0,0.0,0.0,0.0,0.0,15064.35537082776,-0.016550708396724123,deleveraging,25,False
2022-02-12 00:00:00+00:00,-0.00323183233816674,-0.00323183233816674,0.4,0.6,0.0,1.0,0.3478391488234255,0.0,0.0,0.0,0.0,0.0,15015.669899986684,-0.019729051620274718,deleveraging,26,False
2022-02-13 00:00:00+00:00,0.00053758606587648,0.00053758606587648,0.4,0.6,0.0,1.0,0.35050945845837944,0.0,0.0,0.0,0.0,0.0,15023.742114894718,-0.019202071617642202,deleveraging,27,False
2022-02-14 00:00:00+00:00,0.0012877480851779402,0.0012877480851779402,0.4,0.6,0.0,1.0,0.3476841624363577,0.0,0.0,0.0,0.0,0.0,15043.08891003538,-0.01793905096342141,deleveraging,28,False
2022-02-15 00:00:00+00:00,-0.0003236055064349398,-0.0003236055064349398,0.4,0.6,0.0,1.0,0.3662496942971978,0.0,0.0,0.0,0.0,0.0,15038.220883630302,-0.018256851294184417,deleveraging,29,False
2022-02-16 00:00:00+00:00,0.00118061048623918,0.00118061048623918,0.4,0.6,0.0,1.0,0.3642549559986601,0.0,0.0,0.0,0.0,0.0,15055.975164899895,-0.017097795038028885,deleveraging,30,False
2022-02-17 00:00:00+00:00,-0.0016984577895771198,-0.0016984577895771198,0.4,0.6,0.0,1.0,0.357230250102763,0.16542637969335725,0.0,0.0,0.0,0.0,15030.403226601393,-0.01876721294443906,transition,1,False
2022-02-18 00:00:00+00:00,-0.00218427670000448,-0.00218427670000448,0.4,0.6,0.0,1.0,0.3465983240155095,0.0,0.0,0.0,0.0,0.0,14997.572667041857,-0.020910496858484784,deleveraging,1,False
2022-02-19 00:00:00+00:00,-0.00348410503596548,-0.00348410503596548,0.4,0.6,0.0,1.0,0.34841193203189835,0.0,0.0,0.0,0.0,0.0,14945.319548585356,-0.024321747527041304,deleveraging,2,False
2022-02-20 00:00:00+00:00,-3.971793141179998e-05,-3.971793141179998e-05,0.4,0.6,0.0,1.0,0.3361271025421608,0.0,0.0,0.0,0.0,0.0,14944.7259514086,-0.0243604994489528,transition,1,False
2022-02-21 00:00:00+00:00,0.004770975617977981,0.004770975617977981,0.4,0.6,0.0,1.0,0.32583670685020605,0.0,0.0,0.0,0.0,0.0,15016.026874540132,-0.01970574717988771,transition,2,False
2022-02-22 00:00:00+00:00,0.0006031992687553799,0.0006031992687553799,0.4,0.6,0.0,1.0,0.32017176214227316,0.0,0.0,0.0,0.0,0.0,15025.084530970465,-0.019114434403421532,deleveraging,1,False
2022-02-23 00:00:00+00:00,-7.845052138783998e-05,-7.845052138783998e-05,0.4,0.6,0.0,1.0,0.3211134716345253,0.0,0.0,0.0,0.0,0.0,15023.905805255114,-0.019191385387464344,deleveraging,2,False
2022-02-24 00:00:00+00:00,0.0015541011188566801,0.0015541011188566801,0.4,0.6,0.0,1.0,0.38733414876715067,0.3292748803178356,0.0,0.0,0.0,0.0,15047.254474076657,-0.01766710962211082,deleveraging,3,False
2022-02-25 00:00:00+00:00,-0.00323776467193742,-0.00323776467193742,0.4,0.6,0.0,1.0,0.4093095740972562,0.0,0.0,0.0,0.0,0.0,14998.53500513084,-0.02084767235065854,deleveraging,4,False
2022-02-26 00:00:00+00:00,-0.00010621758945095994,-0.00010621758945095994,0.4,0.6,0.0,1.0,0.30932657997792323,0.01329960021693102,0.0,0.0,0.0,0.0,14996.9418968973,-0.02095167555060662,deleveraging,5,False
2022-02-27 00:00:00+00:00,-0.0017981391763516028,-0.0017981391763516028,0.4,0.6,0.0,1.0,0.30078112711012484,0.0,0.0,0.0,0.0,0.0,14969.975308147019,-0.0227121406983406,deleveraging,6,False
2022-02-28 00:00:00+00:00,0.0068223370676259,0.0068223370676259,0.4,0.6,0.0,1.0,0.3168196249825888,0.0,0.0,0.0,0.0,0.0,15072.105525593235,-0.01604475351008605,deleveraging,7,False
2022-03-01 00:00:00+00:00,0.00206055419168996,0.00206055419168996,0.4,0.6,0.0,1.0,0.3273651087795949,0.0,0.0,0.0,0.0,0.0,15103.16241581159,-0.014017260402495957,deleveraging,8,False
2022-03-02 00:00:00+00:00,-0.0008769237543749401,-0.0008769237543749401,0.4,0.6,0.0,1.0,0.3242404872227618,0.0,0.0,0.0,0.0,0.0,15089.918093922983,-0.014881892088252635,deleveraging,9,False
2022-03-03 00:00:00+00:00,-0.0019131786763184,-0.0019131786763184,0.4,0.6,0.0,1.0,0.33706860343793327,0.1862805055231072,0.0,0.0,0.0,0.0,15061.048384398298,-0.01676659904596456,deleveraging,10,False
2022-03-04 00:00:00+00:00,-0.00374415818316296,-0.00374415818316296,0.4,0.6,0.0,1.0,0.31806910276298883,0.0,0.0,0.0,0.0,0.0,15004.657436842841,-0.02044798043010565,deleveraging,11,False
2022-03-05 00:00:00+00:00,-5.260916824707357e-05,-5.260916824707357e-05,0.4,0.6,0.0,1.0,0.317441049271499,0.0,0.0,0.0,0.0,0.0,15003.868054295255,-0.020499513847110018,deleveraging,12,False
2022-03-06 00:00:00+00:00,-0.00088189428076278,-0.00088189428076278,0.4,0.6,0.0,1.0,0.31101503664571734,0.0,0.0,0.0,0.0,0.0,14990.636228868852,-0.021363329723852686,deleveraging,13,False
2022-03-07 00:00:00+00:00,0.000392753518610427,0.000392753518610427,0.4,0.6,0.0,1.0,0.3024579878337357,0.0,0.0,0.0,0.0,0.0,14996.52385399395,-0.020978966728160575,deleveraging,14,False
2022-03-08 00:00:00+00:00,0.0005506820343291001,0.0005506820343291001,0.4,0.6,0.0,1.0,0.30577624570312817,0.0,0.0,0.0,0.0,0.0,15004.782170257731,-0.020439837433907426,deleveraging,15,False
2022-03-09 00:00:00+00:00,0.0029774750163507804,0.0029774750163507804,0.4,0.6,0.0,1.0,0.3213392546367764,0.0,0.0,0.0,0.0,0.0,15049.45853429546,-0.01752322152285435,deleveraging,16,False
2022-03-10 00:00:00+00:00,-0.00333232624795578,-0.00333232624795578,0.4,0.6,0.0,1.0,0.2407159286664694,0.16753520345447662,0.0,0.0,0.0,0.0,14999.308828604106,-0.020797154679780716,deleveraging,17,False
2022-03-11 00:00:00+00:00,-0.00081783705344116,-0.00081783705344116,0.4,0.6,0.0,1.0,0.23795329381318223,0.0,0.0,0.0,0.0,0.0,14987.041838068064,-0.021597983049518765,deleveraging,18,False
2022-03-12 00:00:00+00:00,0.000279948635420261,0.000279948635420261,0.4,0.6,0.0,1.0,0.23845036527814992,0.0,0.0,0.0,0.0,0.0,14991.237439979619,-0.021324080739980933,deleveraging,19,False
2022-03-13 00:00:00+00:00,-0.0015156118536319505,-0.0015156118536319505,0.4,0.6,0.0,1.0,0.23527917241677243,0.0,0.0,0.0,0.0,0.0,14968.516542814976,-0.022807373564075473,deleveraging,20,False
2022-03-14 00:00:00+00:00,0.00313684272270126,0.00313684272270126,0.4,0.6,0.0,1.0,0.23776044117992984,0.0,0.0,0.0,0.0,0.0,15015.470425001939,-0.0197420739851627,deleveraging,21,False
2022-03-15 00:00:00+00:00,0.0001359562948054201,0.0001359562948054201,0.4,0.6,0.0,1.0,0.2375042905607745,0.0,0.0,0.0,0.0,0.0,15017.51187272568,-0.019608801749588234,transition,1,False
2022-03-16 00:00:00+00:00,0.0023376094648090715,0.0023376094648090715,0.4,0.6,0.0,1.0,0.24514807756768203,0.0,0.0,0.0,0.0,0.0,15052.616950617246,-0.01731703000534246,transition,2,False
2022-03-17 00:00:00+00:00,-0.00163287245393904,-0.00163287245393904,0.4,0.6,0.0,1.0,0.3267630780758869,0.1712918576998246,0.0,0.0,0.0,0.0,15028.037947038885,-0.018921625958001953,transition,3,False
2022-03-18 00:00:00+00:00,0.0013556687347382201,0.0013556687347382201,0.4,0.6,0.0,1.0,0.331101608902703,0.0,0.0,0.0,0.0,0.0,15048.410988228146,-0.017591608679985327,transition,4,False
2022-03-19 00:00:00+00:00,0.0013467798533345796,0.0013467798533345796,0.4,0.6,0.0,1.0,0.33972475402680763,0.0,0.0,0.0,0.0,0.0,15068.677884971792,-0.016268520850808543,transition,5,False
2022-03-20 00:00:00+00:00,0.00089740252273492,0.00089740252273492,0.4,0.6,0.0,1.0,0.3356070312111415,0.0,0.0,0.0,0.0,0.0,15082.200554520045,-0.015385717739726412,transition,6,False
2022-03-21 00:00:00+00:00,0.0034032108635097596,0.0034032108635097596,0.4,0.6,0.0,1.0,0.33947441256320476,0.0,0.0,0.0,0.0,0.0,15133.52846329282,-0.012034867717971465,transition,7,False
2022-03-22 00:00:00+00:00,0.00605971422927978,0.00605971422927978,0.4,0.6,0.0,1.0,0.3527518835181031,0.0,0.0,0.0,0.0,0.0,15225.233321061047,-0.006048081347849621,transition,8,False
2022-03-23 00:00:00+00:00,-0.00616362720393988,-0.00616362720393988,0.4,0.6,0.0,1.0,0.35900813925483266,0.0,0.0,0.0,0.0,0.0,15131.390658777022,-0.012174430433062433,transition,9,False
2022-03-24 00:00:00+00:00,-0.0003695178004438002,-0.0003695178004438002,0.4,0.6,0.0,1.0,0.36373050517690797,0.26324829305497965,0.0,0.0,0.0,0.0,15125.799340583135,-0.012539449564750837,transition,10,False
2022-03-25 00:00:00+00:00,0.0005881435904401405,0.0005881435904401405,0.4,0.6,0.0,1.0,0.3606877061820635,0.0,0.0,0.0,0.0,0.0,15134.695482515583,-0.011958680971199898,transition,11,False
2022-03-26 00:00:00+00:00,0.00013918137037633978,0.00013918137037633978,0.4,0.6,0.0,1.0,0.36223909428937195,0.0,0.0,0.0,0.0,0.0,15136.801950173069,-0.011821164026428965,deleveraging,1,False
2022-03-27 00:00:00+00:00,6.946496088165998e-05,6.946496088165998e-05,0.4,0.6,0.0,1.0,0.37544333493697035,0.0,0.0,0.0,0.0,0.0,15137.853427528411,-0.011752520222243934,transition,1,False
2022-03-28 00:00:00+00:00,0.00428576607410202,0.00428576607410202,0.4,0.6,0.0,1.0,0.38800783310520165,0.0,0.0,0.0,0.0,0.0,15202.730726182843,-0.007517122700595569,deleveraging,1,False
2022-03-29 00:00:00+00:00,9.133740661267992e-05,9.133740661267992e-05,0.4,0.6,0.0,1.0,0.38837435443701646,0.0,0.0,0.0,0.0,0.0,15204.119304180804,-0.00742647188847545,transition_2,1,False
2022-03-30 00:00:00+00:00,0.00012910698853908005,0.00012910698853908005,0.4,0.6,0.0,1.0,0.3871346722949457,0.0,0.0,0.0,0.0,0.0,15206.082262237556,-0.007298323709357346,transition_2,2,False
2022-03-31 00:00:00+00:00,-0.00107355118977046,-0.00107355118977046,0.4,0.6,0.0,1.0,0.3708231038344566,0.13753424267406947,0.0,0.0,0.0,0.0,15189.757754533184,-0.0083640397750262,transition_2,3,False
2022-04-01 00:00:00+00:00,0.0006944965162772,0.0006944965162772,0.4,0.6,0.0,1.0,0.3655236648344331,0.0,0.0,0.0,0.0,0.0,15200.306988376802,-0.007675352055234841,transition_2,4,False
2022-04-02 00:00:00+00:00,-0.0012516454863276602,-0.0012516454863276602,0.4,0.6,0.0,1.0,0.3719467915344047,0.0,0.0,0.0,0.0,0.0,15181.281592744004,-0.00891739072180664,transition_2,5,False
2022-04-03 00:00:00+00:00,-0.00219097241822838,-0.00219097241822838,0.4,0.6,0.0,1.0,0.37704584443002953,0.0,0.0,0.0,0.0,0.0,15148.019823500945,-0.011088825382920886,transition_2,6,False
2022-04-04 00:00:00+00:00,0.000782688904180639,0.000782688904180639,0.4,0.6,0.0,1.0,0.378547130438995,0.0,0.0,0.0,0.0,0.0,15159.876010537108,-0.010314815579327896,transition_2,7,False
2022-04-05 00:00:00+00:00,-0.013088681482502262,-0.013088681482502262,0.4,0.6,0.0,1.0,0.38429023469169493,0.0,0.0,0.0,0.0,0.0,14961.45322212096,-0.02326848972616158,transition_2,8,False
2022-04-06 00:00:00+00:00,0.00806778612821974,0.00806778612821974,0.4,0.6,0.0,1.0,0.3536358936356666,0.0,0.0,0.0,0.0,0.0,15082.159026884394,-0.015388428796579312,transition_2,9,False
2022-04-07 00:00:00+00:00,-0.0008177262818589201,-0.0008177262818589201,0.4,0.6,0.0,1.0,0.40898475354714015,0.1610173414254624,0.0,0.0,0.0,0.0,15069.825949060936,-0.016193571555774722,deleveraging,1,False
2022-04-08 00:00:00+00:00,0.00098142545546562,0.00098142545546562,0.4,0.6,0.0,1.0,0.40221438169802914,0.0,0.0,0.0,0.0,0.0,15084.61585985678,-0.015228038883648876,transition_2,1,False
2022-04-09 00:00:00+00:00,0.00038927640238223385,0.00038927640238223385,0.4,0.6,0.0,1.0,0.39948800306140564,0.0,0.0,0.0,0.0,0.0,15090.487944850023,-0.014844690397458615,deleveraging,1,False
2022-04-10 00:00:00+00:00,-0.00299965293675724,-0.00299965293675724,0.4,0.6,0.0,1.0,0.4025255502250949,0.0,0.0,0.0,0.0,0.0,15045.221718369155,-0.017799814415069726,transition,1,False
2022-04-11 00:00:00+00:00,0.00392285272963622,0.00392285272963622,0.4,0.6,0.0,1.0,0.3728591868549898,0.0,0.0,0.0,0.0,0.0,15104.24190745504,-0.013946787735998889,transition,2,False
2022-04-12 00:00:00+00:00,-0.00145036947091886,-0.00145036947091886,0.4,0.6,0.0,1.0,0.3731937830376123,0.0,0.0,0.0,0.0,0.0,15082.335176111095,-0.01537692921176792,deleveraging,1,False
2022-04-13 00:00:00+00:00,-0.00261796772807348,-0.00261796772807348,0.4,0.6,0.0,1.0,0.3855402162760389,0.0,0.0,0.0,0.0,0.0,15042.85010935605,-0.01795464063540808,deleveraging,2,False
2022-04-14 00:00:00+00:00,-0.00561074674805468,-0.00561074674805468,0.4,0.6,0.0,1.0,0.3884457452300952,0.05211155438278386,0.0,0.0,0.0,0.0,14958.448487023506,-0.0234646484419051,deleveraging,3,False
2022-04-15 00:00:00+00:00,0.00039513648179671784,0.00039513648179671784,0.4,0.6,0.0,1.0,0.39405179739240537,0.0,0.0,0.0,0.0,0.0,14964.359115731804,-0.0230787836987405,deleveraging,4,False
2022-04-16 00:00:00+00:00,0.0018547357711024605,0.0018547357711024605,0.4,0.6,0.0,1.0,0.3970937169004739,0.0,0.0,0.0,0.0,0.0,14992.114047875375,-0.02126685297331765,transition,1,False
2022-04-17 00:00:00+00:00,0.0014473520151031198,0.0014473520151031198,0.4,0.6,0.0,1.0,0.38854356871339457,0.0,0.0,0.0,0.0,0.0,15013.812914353222,-0.01985028158072044,transition,2,False
2022-04-18 00:00:00+00:00,0.00072433739859466,0.00072433739859466,0.4,0.6,0.0,1.0,0.3851626784355114,0.0,0.0,0.0,0.0,0.0,15024.68798054259,-0.019140322483447325,transition,3,False
2022-04-19 00:00:00+00:00,0.0004032327690516001,0.0004032327690516001,0.4,0.6,0.0,1.0,0.3959709206375505,0.0,0.0,0.0,0.0,0.0,15030.746427081118,-0.018744807719631496,deleveraging,1,False
2022-04-20 00:00:00+00:00,0.0012532824558954799,0.0012532824558954799,0.4,0.6,0.0,1.0,0.398103020345271,0.0,0.0,0.0,0.0,0.0,15049.584197877193,-0.017515017802390176,transition,1,False
2022-04-21 00:00:00+00:00,0.00197398688164146,0.00197398688164146,0.4,0.6,0.0,1.0,0.42807431307554,0.2500626105810866,0.0,0.0,0.0,0.0,15079.291879657962,-0.015575605336122345,transition,2,False
2022-04-22 00:00:00+00:00,-0.0018291549046258492,-0.0018291549046258492,0.4,0.6,0.0,1.0,0.4209683759791821,0.0,0.0,0.0,0.0,0.0,15051.709518957998,-0.01737627004585529,transition,3,False
2022-04-23 00:00:00+00:00,0.0011276269181831821,0.0011276269181831821,0.4,0.6,0.0,1.0,0.4150753374003497,0.0,0.0,0.0,0.0,0.0,15068.68223177625,-0.016268237077513237,transition,4,False
2022-04-24 00:00:00+00:00,0.0020700943622218,0.0020700943622218,0.4,0.6,0.0,1.0,0.40982403496207337,0.0,0.0,0.0,0.0,0.0,15099.875825910363,-0.014231819501148824,transition,5,False
2022-04-25 00:00:00+00:00,-0.0081621511342332,-0.0081621511342332,0.4,0.6,0.0,1.0,0.41661726624642653,0.0,0.0,0.0,0.0,0.0,14976.628357311129,-0.022277808373698527,transition,6,False
2022-04-26 00:00:00+00:00,0.0064583604357481205,0.0064583604357481205,0.4,0.6,0.0,1.0,0.40409146821276837,0.0,0.0,0.0,0.0,0.0,15073.35282135489,-0.0159633260541463,transition_2,1,False
2022-04-27 00:00:00+00:00,0.00016994084847548002,0.00016994084847548002,0.4,0.6,0.0,1.0,0.40179003758474685,0.0,0.0,0.0,0.0,0.0,15075.91439972272,-0.015796098026845007,transition,1,False
2022-04-28 00:00:00+00:00,0.0037691974212871997,0.0037691974212871997,0.4,0.6,0.0,1.0,0.42839172294702754,0.05761070566683594,0.0,0.0,0.0,0.0,15132.738497401704,-0.01208643921750685,transition,2,False
2022-04-29 00:00:00+00:00,-0.0010862741765749,-0.0010862741765749,0.4,0.6,0.0,1.0,0.41793396014284845,0.0,0.0,0.0,0.0,0.0,15116.300194351115,-0.013159584207273034,transition,3,False
2022-04-30 00:00:00+00:00,0.00562992194874714,0.00562992194874714,0.4,0.6,0.0,1.0,0.3950168449173458,0.0,0.0,0.0,0.0,0.0,15201.403784599146,-0.007603749690490713,transition,4,False
2022-05-01 00:00:00+00:00,-0.00161174695103022,-0.00161174695103022,0.4,0.6,0.0,1.0,0.39866201095105236,0.0,0.0,0.0,0.0,0.0,15176.90296839794,-0.009203241321140698,deleveraging,1,False
2022-05-02 00:00:00+00:00,0.00196719628005962,0.00196719628005962,0.4,0.6,0.0,1.0,0.39882226669204107,0.0,0.0,0.0,0.0,0.0,15206.7589154602,-0.007254149623172501,transition,1,False
2022-05-03 00:00:00+00:00,-0.00061346348431708,-0.00061346348431708,0.4,0.6,0.0,1.0,0.39482851696199783,0.0,0.0,0.0,0.0,0.0,15197.430124150751,-0.007863162951586067,deleveraging,1,False
2022-05-04 00:00:00+00:00,-0.00440882496221702,-0.00440882496221702,0.4,0.6,0.0,1.0,0.41454586367783025,0.0,0.0,0.0,0.0,0.0,15130.427314857843,-0.012237320604700286,transition,1,False
2022-05-05 00:00:00+00:00,0.00258359440853704,0.00258359440853704,0.4,0.6,0.0,1.0,0.40054712586826546,0.039515569088299375,0.0,0.0,0.0,0.0,15169.518202267287,-0.009685342469253011,deleveraging,1,False
2022-05-06 00:00:00+00:00,-0.00114607981002488,-0.00114607981002488,0.4,0.6,0.0,1.0,0.3895705413965414,0.0,0.0,0.0,0.0,0.0,15152.132723727862,-0.010820322103820779,deleveraging,2,False
2022-05-07 00:00:00+00:00,-0.0009574240048012799,-0.0009574240048012799,0.4,0.6,0.0,1.0,0.3837519021865166,0.0,0.0,0.0,0.0,0.0,15137.62570813423,-0.011767386472500196,deleveraging,3,False
2022-05-08 00:00:00+00:00,-0.00174404592969602,-0.00174404592969602,0.4,0.6,0.0,1.0,0.3725673940697154,0.0,0.0,0.0,0.0,0.0,15111.224993632697,-0.013490909539715656,deleveraging,4,False
2022-05-09 00:00:00+00:00,0.00895367656421312,0.00895367656421312,0.4,0.6,0.0,1.0,0.3239684694371554,0.0,0.0,0.0,0.0,0.0,15246.526014714736,-0.004658026216078359,deleveraging,5,False
2022-05-10 00:00:00+00:00,-0.00139744390836546,-0.00139744390836546,0.4,0.6,0.0,1.0,0.32988182794028886,0.0,0.0,0.0,0.0,0.0,15225.219849811738,-0.006048960794083125,deleveraging,6,False
2022-05-11 00:00:00+00:00,0.01123226689652524,0.01123226689652524,0.4,0.6,0.0,1.0,0.28718316406973476,0.0,0.0,0.0,0.0,0.0,15396.233582723098,0.0,deleveraging,7,False
2022-05-12 00:00:00+00:00,-0.00013096892812210003,-0.00013096892812210003,0.4,0.6,0.0,1.0,0.28637299509357017,0.13782422383524714,0.0,0.0,0.0,0.0,15394.21715451365,-0.0001309689281222548,deleveraging,8,True
2022-05-13 00:00:00+00:00,-0.009282631532163878,-0.009282631532163878,0.4,0.6,0.0,1.0,0.3100772467946945,0.0,0.0,0.0,0.0,0.0,15251.318308942184,-0.00941238472398409,deleveraging,9,True
2022-05-14 00:00:00+00:00,-0.0006761834950231059,-0.0006761834950231059,0.4,0.6,0.0,1.0,0.3110614243274727,0.0,0.0,0.0,0.0,0.0,15241.005619224332,-0.01008220371980817,deleveraging,10,True
2022-05-15 00:00:00+00:00,-0.00178385375352706,-0.00178385375352706,0.4,0.6,0.0,1.0,0.3231893150574486,0.0,0.0,0.0,0.0,0.0,15213.81789414295,-0.011848072296385848,deleveraging,11,True
2022-05-16 00:00:00+00:00,0.0029627514191289195,0.0029627514191289195,0.4,0.6,0.0,1.0,0.30962569361233583,0.0,0.0,0.0,0.0,0.0,15258.89265469919,-0.008920423770267139,deleveraging,12,True
2022-05-17 00:00:00+00:00,-0.00154234579857566,-0.00154234579857566,0.4,0.6,0.0,1.0,0.31774520853702304,0.0,0.0,0.0,0.0,0.0,15235.358165722297,-0.010449011190719282,deleveraging,13,False
2022-05-18 00:00:00+00:00,0.004020218812116,0.004020218812116,0.4,0.6,0.0,1.0,0.29744573218771586,0.0,0.0,0.0,0.0,0.0,15296.607639229458,-0.006470799689960227,deleveraging,14,False
2022-05-19 00:00:00+00:00,0.00121164814027978,0.00121164814027978,0.4,0.6,0.0,1.0,0.3596690695026483,0.2393682646467013,0.0,0.0,0.0,0.0,15315.14174542812,-0.005266991882090899,deleveraging,15,False
2022-05-20 00:00:00+00:00,-0.00100109358310422,-0.00100109358310422,0.4,0.6,0.0,1.0,0.3562883313027144,0.0,0.0,0.0,0.0,0.0,15299.809855302443,-0.006262812713419552,deleveraging,16,False
2022-05-21 00:00:00+00:00,-0.00068389431559558,-0.00068389431559558,0.4,0.6,0.0,1.0,0.35788652802773024,0.0,0.0,0.0,0.0,0.0,15289.346402312707,-0.00694242392700084,deleveraging,17,False
2022-05-22 00:00:00+00:00,0.0019410739721415203,0.0019410739721415203,0.4,0.6,0.0,1.0,0.36580653801977553,0.0,0.0,0.0,0.0,0.0,15319.02415466529,-0.005014825713247739,deleveraging,18,False
2022-05-23 00:00:00+00:00,-0.00063335148310082,-0.00063335148310082,0.4,0.6,0.0,1.0,0.363828572271009,0.0,0.0,0.0,0.0,0.0,15309.321827997275,-0.005645001049045639,deleveraging,19,False
2022-05-24 00:00:00+00:00,0.0008683923551930003,0.0008683923551930003,0.4,0.6,0.0,1.0,0.3602607380863653,0.0,0.0,0.0,0.0,0.0,15322.616326035899,-0.004781510769608532,deleveraging,20,False
2022-05-25 00:00:00+00:00,0.00111109218658916,0.00111109218658916,0.4,0.6,0.0,1.0,0.3597914088904253,0.0,0.0,0.0,0.0,0.0,15339.64116531386,-0.003675731282275607,deleveraging,21,False
2022-05-26 00:00:00+00:00,0.00190430564764718,0.00190430564764718,0.4,0.6,0.0,1.0,0.35264884796381235,0.21428966365747434,0.0,0.0,0.0,0.0,15368.852530617847,-0.001778425350468571,deleveraging,22,False
2022-05-27 00:00:00+00:00,-0.0021039851266692,-0.0021039851266692,0.4,0.6,0.0,1.0,0.343641962783382,0.0,0.0,0.0,0.0,0.0,15336.516693479454,-0.003878668696651544,deleveraging,23,False
2022-05-28 00:00:00+00:00,-0.00098114395413736,-0.00098114395413736,0.4,0.6,0.0,1.0,0.351190402805833,0.0,0.0,0.0,0.0,0.0,15321.46936284812,-0.0048560071184471365,deleveraging,24,False
2022-05-29 00:00:00+00:00,-0.00220218852111698,-0.00220218852111698,0.4,0.6,0.0,1.0,0.3574275456912862,0.0,0.0,0.0,0.0,0.0,15287.728598890608,-0.007047501796429545,transition,1,False
2022-05-30 00:00:00+00:00,-0.0014754871613689201,-0.0014754871613689201,0.4,0.6,0.0,1.0,0.3833584803752064,0.0,0.0,0.0,0.0,0.0,15265.171751616454,-0.008512590459378022,transition,2,False
2022-05-31 00:00:00+00:00,-0.002530133959041,-0.002530133959041,0.4,0.6,0.0,1.0,0.3966327228326456,0.0,0.0,0.0,0.0,0.0,15226.548822177096,-0.011021186424218343,deleveraging,1,False
2022-06-01 00:00:00+00:00,0.00170106013609864,0.00170106013609864,0.4,0.6,0.0,1.0,0.3750473101593901,0.0,0.0,0.0,0.0,0.0,15252.45009738886,-0.009338873988998464,deleveraging,2,False
2022-06-02 00:00:00+00:00,-0.0019229810345363,-0.0019229810345363,0.4,0.6,0.0,1.0,0.33171781590764654,0.12913057296488165,0.0,0.0,0.0,0.0,15223.119925121371,-0.011243896545969911,deleveraging,3,False
2022-06-03 00:00:00+00:00,0.0009791427425119026,0.0009791427425119026,0.4,0.6,0.0,1.0,0.3252803894406502,0.0,0.0,0.0,0.0,0.0,15238.02553251444,-0.010275763183158704,deleveraging,4,False
2022-06-04 00:00:00+00:00,0.00239423106499586,0.00239423106499586,0.4,0.6,0.0,1.0,0.32640068309345366,0.0,0.0,0.0,0.0,0.0,15274.508886613587,-0.007906134669592557,deleveraging,5,False
2022-06-05 00:00:00+00:00,0.0017705225768893998,0.0017705225768893998,0.4,0.6,0.0,1.0,0.32746261283900685,0.0,0.0,0.0,0.0,0.0,15301.552749448232,-0.006149610082631707,transition,1,False
2022-06-06 00:00:00+00:00,0.0018406265340926197,0.0018406265340926197,0.4,0.6,0.0,1.0,0.33886057739398656,0.0,0.0,0.0,0.0,0.0,15329.717193451686,-0.004320302684031274,deleveraging,1,False
2022-06-07 00:00:00+00:00,0.004748103858070246,0.004748103858070246,0.4,0.6,0.0,1.0,0.33192816396720976,0.0,0.0,0.0,0.0,0.0,15402.504282801041,0.0,deleveraging,2,False
2022-06-08 00:00:00+00:00,-0.0030122756252955003,-0.0030122756252955003,0.4,0.6,0.0,1.0,0.33492267494724853,0.0,0.0,0.0,0.0,0.0,15356.107694581451,-0.0030122756252953797,deleveraging,3,False
2022-06-09 00:00:00+00:00,0.00055666263043688,0.00055666263043688,0.4,0.6,0.0,1.0,0.4064918942244784,0.15490354037029558,0.0,0.0,0.0,0.0,15364.65586588399,-0.0024572898161316914,deleveraging,4,False
2022-06-10 00:00:00+00:00,-0.0023624066659100203,-0.0023624066659100203,0.4,0.6,0.0,1.0,0.3881562701934035,0.0,0.0,0.0,0.0,0.0,15328.358300447011,-0.004813891364200074,deleveraging,5,False
2022-06-11 00:00:00+00:00,-0.0004376009692719599,-0.0004376009692719599,0.4,0.6,0.0,1.0,0.3663334890966641,0.0,0.0,0.0,0.0,0.0,15321.65059599739,-0.0052493857699449364,deleveraging,6,False
2022-06-12 00:00:00+00:00,-0.0017240309871309196,-0.0017240309871309196,0.4,0.6,0.0,1.0,0.3374050098426267,0.0,0.0,0.0,0.0,0.0,15295.235595595897,-0.006964366653344989,deleveraging,7,False
2022-06-13 00:00:00+00:00,-0.00398289198568238,-0.00398289198568238,0.4,0.6,0.0,1.0,0.30035826835271046,0.0,0.0,0.0,0.0,0.0,15234.316324323074,-0.010919520318898535,deleveraging,8,False
2022-06-14 00:00:00+00:00,0.0009763929904848191,0.0009763929904848191,0.4,0.6,0.0,1.0,0.3052299370097086,0.0,0.0,0.0,0.0,0.0,15249.191003996973,-0.009953789071512342,deleveraging,9,False
2022-06-15 00:00:00+00:00,-0.003603772412365961,-0.003603772412365961,0.4,0.6,0.0,1.0,0.3159814944396931,0.0,0.0,0.0,0.0,0.0,15194.23639014587,-0.013521690293423871,deleveraging,10,False
2022-06-16 00:00:00+00:00,0.00012807979039548,0.00012807979039548,0.4,0.6,0.0,1.0,0.29701148693060186,0.2746847251053631,0.0,0.0,0.0,0.0,15196.18246475794,-0.013395342358286988,deleveraging,11,False
2022-06-17 00:00:00+00:00,0.00136038036487126,0.00136038036487126,0.4,0.6,0.0,1.0,0.29417290773490173,0.0,0.0,0.0,0.0,0.0,15216.855053003996,-0.012053184754140744,deleveraging,12,False
2022-06-18 00:00:00+00:00,-0.0020896692793631,-0.0020896692793631,0.4,0.6,0.0,1.0,0.2742049468955005,0.0,0.0,0.0,0.0,0.0,15185.056858471211,-0.014117666863604716,deleveraging,13,False
2022-06-19 00:00:00+00:00,0.002254820026026,0.002254820026026,0.4,0.6,0.0,1.0,0.2903437601410491,0.0,0.0,0.0,0.0,0.0,15219.296428772033,-0.011894679635543692,deleveraging,14,False
2022-06-20 00:00:00+00:00,-0.00293742361711408,-0.00293742361711408,0.4,0.6,0.0,1.0,0.30078995164108263,0.0,0.0,0.0,0.0,0.0,15174.590908006297,-0.014797163539778335,deleveraging,15,False
2022-06-21 00:00:00+00:00,0.0030455006648795802,0.0030455006648795802,0.4,0.6,0.0,1.0,0.30940826588311166,0.0,0.0,0.0,0.0,0.0,15220.805134705906,-0.011796727646297467,deleveraging,16,False
2022-06-22 00:00:00+00:00,-0.00089913588831338,-0.00089913588831338,0.4,0.6,0.0,1.0,0.29352489590030084,0.0,0.0,0.0,0.0,0.0,15207.119562560267,-0.012685256673419465,deleveraging,17,False
2022-06-23 00:00:00+00:00,0.0006770686385824806,0.0006770686385824806,0.4,0.6,0.0,1.0,0.3062396626041945,0.07308422172657318,0.0,0.0,0.0,0.0,15217.41582629925,-0.012016776824303022,deleveraging,18,False
2022-06-24 00:00:00+00:00,-0.00013248605748395989,-0.00013248605748395989,0.4,0.6,0.0,1.0,0.3216801219473657,0.0,0.0,0.0,0.0,0.0,15215.399730871331,-0.012147670826401669,deleveraging,19,False
2022-06-25 00:00:00+00:00,0.0007022351089664683,0.0007022351089664683,0.4,0.6,0.0,1.0,0.3239771181608343,0.0,0.0,0.0,0.0,0.0,15226.084518759308,-0.011453966238381685,deleveraging,20,False
2022-06-26 00:00:00+00:00,0.00370226765422404,0.00370226765422404,0.4,0.6,0.0,1.0,0.32301381113132305,0.0,0.0,0.0,0.0,0.0,15282.455558973592,-0.007794104232874632,deleveraging,21,False
2022-06-27 00:00:00+00:00,0.0006146420408406801,0.0006146420408406801,0.4,0.6,0.0,1.0,0.3169262934044884,0.0,0.0,0.0,0.0,0.0,15291.848798647414,-0.0071842527761663,deleveraging,22,False
2022-06-28 00:00:00+00:00,-0.0008242453624252599,-0.0008242453624252599,0.4,0.6,0.0,1.0,0.30632063396660303,0.0,0.0,0.0,0.0,0.0,15279.24456319222,-0.008002576551558338,deleveraging,23,False
2022-06-29 00:00:00+00:00,0.0016293578329428398,0.0016293578329428398,0.4,0.6,0.0,1.0,0.29633446817942793,0.0,0.0,0.0,0.0,0.0,15304.139920002708,-0.0063862577794033815,deleveraging,24,False
2022-06-30 00:00:00+00:00,-0.00152718949924426,-0.00152718949924426,0.4,0.6,0.0,1.0,0.3146492011911146,0.14674005733237444,0.0,0.0,0.0,0.0,15280.767598221915,-0.007903694252827553,deleveraging,25,False
2022-07-01 00:00:00+00:00,0.0012332264853702145,0.0012332264853702145,0.4,0.6,0.0,1.0,0.31371442991718157,0.0,0.0,0.0,0.0,0.0,15299.61224554083,-0.006680214812542107,deleveraging,26,False
2022-07-02 00:00:00+00:00,-0.00065093908456444,-0.00065093908456444,0.4,0.6,0.0,1.0,0.3173188660303706,0.0,0.0,0.0,0.0,0.0,15289.653129951526,-0.007326805484191845,deleveraging,27,False
2022-07-03 00:00:00+00:00,0.00099420523363762,0.00099420523363762,0.4,0.6,0.0,1.0,0.31772939448643545,0.0,0.0,0.0,0.0,0.0,15304.854183113828,-0.0063398845989124375,deleveraging,28,False
2022-07-04 00:00:00+00:00,0.0031005967648251804,0.0031005967648251804,0.4,0.6,0.0,1.0,0.3262754812832344,0.0,0.0,0.0,0.0,0.0,15352.308364480112,-0.003258945259764001,transition,1,False
2022-07-05 00:00:00+00:00,0.0019254448166938598,0.0019254448166938598,0.4,0.6,0.0,1.0,0.324638582902467,0.0,0.0,0.0,0.0,0.0,15381.868387044786,-0.0013397753623284325,deleveraging,1,False
2022-07-06 00:00:00+00:00,0.00274341523391198,0.00274341523391198,0.4,0.6,0.0,1.0,0.3289515357805802,0.0,0.0,0.0,0.0,0.0,15424.067239103835,0.0,deleveraging,2,False
2022-07-07 00:00:00+00:00,-0.0014640438496782999,-0.0014640438496782999,0.4,0.6,0.0,1.0,0.2638805024364095,0.07362623741215896,0.0,0.0,0.0,0.0,15401.485728325402,-0.0014640438496782426,deleveraging,3,False
2022-07-08 00:00:00+00:00,0.00177786791757798,0.00177786791757798,0.4,0.6,0.0,1.0,0.26342279485716596,0.0,0.0,0.0,0.0,0.0,15428.867535684825,0.0,deleveraging,4,False
2022-07-09 00:00:00+00:00,-0.0008280199820561801,-0.0008280199820561801,0.4,0.6,0.0,1.0,0.2661523561773354,0.0,0.0,0.0,0.0,0.0,15416.092125064779,-0.0008280199820562828,deleveraging,5,False
2022-07-10 00:00:00+00:00,-0.00028670864585806006,-0.00028670864585806006,0.4,0.6,0.0,1.0,0.25832518425366147,0.0,0.0,0.0,0.0,0.0,15411.672198167178,-0.0011144912274265728,transition,1,False
2022-07-11 00:00:00+00:00,-0.0017875717341844398,-0.0017875717341844398,0.4,0.6,0.0,1.0,0.2484750538611393,0.0,0.0,0.0,0.0,0.0,15384.122728569218,-0.0029000707285948835,transition,2,False
2022-07-12 00:00:00+00:00,-0.0015131976436772,-0.0015131976436772,0.4,0.6,0.0,1.0,0.24080028736069714,0.0,0.0,0.0,0.0,0.0,15360.843510306306,-0.004408879992079062,transition,3,False
2022-07-13 00:00:00+00:00,0.0015234400079906201,0.0015234400079906201,0.4,0.6,0.0,1.0,0.24214813883904607,0.0,0.0,0.0,0.0,0.0,15384.244833866389,-0.0028921566482589256,transition,4,False
2022-07-14 00:00:00+00:00,0.00366315767177036,0.00366315767177036,0.4,0.6,0.0,1.0,0.3813072757241241,0.16712462030069844,0.0,0.0,0.0,0.0,15440.59974835396,0.0,transition,5,False
2022-07-15 00:00:00+00:00,-0.0002887372049697601,-0.0002887372049697601,0.4,0.6,0.0,1.0,0.38885403110788597,0.0,0.0,0.0,0.0,0.0,15436.141472739564,-0.00028873720496969124,transition,6,False
2022-07-16 00:00:00+00:00,0.0042113414394143005,0.0042113414394143005,0.4,0.6,0.0,1.0,0.39686893628901754,0.0,0.0,0.0,0.0,0.0,15501.148334988373,0.0,transition,7,False
2022-07-17 00:00:00+00:00,0.0010416237733687802,0.0010416237733687802,0.4,0.6,0.0,1.0,0.39876382837515173,0.0,0.0,0.0,0.0,0.0,15517.294699608612,0.0,transition,8,False
2022-07-18 00:00:00+00:00,0.0019019880329999611,0.0019019880329999611,0.4,0.6,0.0,1.0,0.42552767200937713,0.0,0.0,0.0,0.0,0.0,15546.808408431803,0.0,transition,9,False
2022-07-19 00:00:00+00:00,-0.0056539689338036,-0.0056539689338036,0.4,0.6,0.0,1.0,0.441080583306683,0.0,0.0,0.0,0.0,0.0,15458.907236670731,-0.005653968933803766,deleveraging,1,False
2022-07-20 00:00:00+00:00,0.0011972125440049201,0.0011972125440049201,0.4,0.6,0.0,1.0,0.4374770033035521,0.0,0.0,0.0,0.0,0.0,15477.414834331083,-0.004463525392329748,deleveraging,2,False
2022-07-21 00:00:00+00:00,0.0007080022892167602,0.0007080022892167602,0.4,0.6,0.0,1.0,0.39874647822041487,0.21022869337984434,0.0,0.0,0.0,0.0,15488.372879464947,-0.0037586832893087285,deleveraging,3,False
2022-07-22 00:00:00+00:00,0.00985611817576556,0.00985611817576556,0.4,0.6,0.0,1.0,0.40319377252601735,0.0,0.0,0.0,0.0,0.0,15641.028112915274,0.0,deleveraging,4,False
2022-07-23 00:00:00+00:00,-0.0011413563291073402,-0.0011413563291073402,0.4,0.6,0.0,1.0,0.39979596254131866,0.0,0.0,0.0,0.0,0.0,15623.176126484852,-0.0011413563291073903,deleveraging,5,False
2022-07-24 00:00:00+00:00,0.0018716031260331402,0.0018716031260331402,0.4,0.6,0.0,1.0,0.4089756904999071,0.0,0.0,0.0,0.0,0.0,15652.416511761747,0.0,transition,1,False
2022-07-25 00:00:00+00:00,-0.00415924565674964,-0.00415924565674964,0.4,0.6,0.0,1.0,0.3853539564271141,0.0,0.0,0.0,0.0,0.0,15587.314266367564,-0.004159245656749744,transition,2,False
2022-07-26 00:00:00+00:00,0.00135708370956026,0.00135708370956026,0.4,0.6,0.0,1.0,0.375131925843208,0.0,0.0,0.0,0.0,0.0,15608.467556634247,-0.002807806391714407,transition,3,False
2022-07-27 00:00:00+00:00,0.00757966701137326,0.00757966701137326,0.4,0.6,0.0,1.0,0.4015407681032158,0.0,0.0,0.0,0.0,0.0,15726.774543271358,0.0,transition,4,False
2022-07-28 00:00:00+00:00,0.0022528828757800603,0.0022528828757800603,0.4,0.6,0.0,1.0,0.41338316901127137,0.09575090179230024,0.0,0.0,0.0,0.0,15762.205124331145,0.0,deleveraging,1,False
2022-07-29 00:00:00+00:00,-0.00111801684637136,-0.00111801684637136,0.4,0.6,0.0,1.0,0.42381131896868895,0.0,0.0,0.0,0.0,0.0,15744.582713466181,-0.0011180168463713613,deleveraging,2,False
2022-07-30 00:00:00+00:00,-0.00015368852875972017,-0.00015368852875972017,0.4,0.6,0.0,1.0,0.4270409641901346,0.0,0.0,0.0,0.0,0.0,15742.162951713013,-0.0012715335487668566,deleveraging,3,False
2022-07-31 00:00:00+00:00,0.0030401365611602994,0.0030401365611602994,0.4,0.6,0.0,1.0,0.42637738413547166,0.0,0.0,0.0,0.0,0.0,15790.021276854259,0.0,deleveraging,4,False
2022-08-01 00:00:00+00:00,-0.004947767587374321,-0.004947767587374321,0.4,0.6,0.0,1.0,0.41815143921429865,0.0,0.0,0.0,0.0,0.0,15711.895921376687,-0.004947767587374474,deleveraging,5,False
2022-08-02 00:00:00+00:00,-0.0014970710210921597,-0.0014970710210921597,0.4,0.6,0.0,1.0,0.40431294889109093,0.0,0.0,0.0,0.0,0.0,15688.374097306376,-0.006437431448992559,transition,1,False
2022-08-03 00:00:00+00:00,0.00094625004919076,0.00094625004919076,0.4,0.6,0.0,1.0,0.4076956289082025,0.0,0.0,0.0,0.0,0.0,15703.219222067677,-0.005497272819626975,deleveraging,1,False
2022-08-04 00:00:00+00:00,0.00340505011893934,0.00340505011893934,0.4,0.6,0.0,1.0,0.3766473110290911,0.1529425710222951,0.0,0.0,0.0,0.0,15756.68947054751,-0.0021109411901558683,transition,1,False
2022-08-05 00:00:00+00:00,0.00199757876422226,0.00199757876422226,0.4,0.6,0.0,1.0,0.39093416981389123,0.0,0.0,0.0,0.0,0.0,15788.16469882832,-0.00011757919722765742,transition,2,False
2022-08-06 00:00:00+00:00,-0.00161280855890906,-0.00161280855890906,0.4,0.6,0.0,1.0,0.39212888315285266,0.0,0.0,0.0,0.0,0.0,15762.701411672584,-0.0017301981234010277,transition,3,False
2022-08-07 00:00:00+00:00,-0.0009106219865956,-0.0009106219865956,0.4,0.6,0.0,1.0,0.39308202092109995,0.0,0.0,0.0,0.0,0.0,15748.347549198974,-0.002639244553544251,transition,4,False
2022-08-08 00:00:00+00:00,0.0008967866588002198,0.0008967866588002198,0.4,0.6,0.0,1.0,0.4081727395492869,0.0,0.0,0.0,0.0,0.0,15762.470457179244,-0.001744824734048911,transition,5,False
2022-08-09 00:00:00+00:00,-0.0006107114960780603,-0.0006107114960780603,0.4,0.6,0.0,1.0,0.398608281355917,0.0,0.0,0.0,0.0,0.0,15752.844135264455,-0.002354470645603235,transition,6,False
2022-08-10 00:00:00+00:00,0.00363962934955874,0.00363962934955874,0.4,0.6,0.0,1.0,0.4085118520569355,0.0,0.0,0.0,0.0,0.0,15810.178649118185,0.0,deleveraging,1,False
2022-08-11 00:00:00+00:00,0.00229124032246204,0.00229124032246204,0.4,0.6,0.0,1.0,0.39023812935518265,0.22500595777178112,0.0,0.0,0.0,0.0,15846.403567944371,0.0,transition_2,1,False
2022-08-12 00:00:00+00:00,0.0016302292331513198,0.0016302292331513198,0.4,0.6,0.0,1.0,0.3922532139380558,0.0,0.0,0.0,0.0,0.0,15872.23683828115,0.0,deleveraging,1,False
2022-08-13 00:00:00+00:00,-0.00015306652991847985,-0.00015306652991847985,0.4,0.6,0.0,1.0,0.3654930316611416,0.04055978438206432,0.0,0.0,0.0,0.0,15869.807330066267,-0.000153066529918644,transition,1,False
2022-08-14 00:00:00+00:00,0.0023582036107170994,0.0023582036107170994,0.4,0.6,0.0,1.0,0.3601516684119265,0.0,0.0,0.0,0.0,0.0,15907.231567013414,0.0,transition_2,1,False
2022-08-15 00:00:00+00:00,-0.00148884688772842,-0.00148884688772842,0.4,0.6,0.0,1.0,0.3501372326280344,0.0,0.0,0.0,0.0,0.0,15883.54813480249,-0.0014888468877285455,transition_2,2,False
2022-08-16 00:00:00+00:00,0.0070621733528208,0.0070621733528208,0.4,0.6,0.0,1.0,0.35264688850561643,0.0,0.0,0.0,0.0,0.0,15995.72050518834,0.0,transition_2,3,False
2022-08-17 00:00:00+00:00,0.00106539412067834,0.00106539412067834,0.4,0.6,0.0,1.0,0.3469197830204295,0.0,0.0,0.0,0.0,0.0,16012.762251770582,0.0,transition_2,4,False
2022-08-18 00:00:00+00:00,0.00372124346094596,0.00372124346094596,0.4,0.6,0.0,1.0,0.3026697975347604,0.2343576430305993,0.0,0.0,0.0,0.0,16072.349638591666,0.0,transition_2,5,False
2022-08-19 00:00:00+00:00,-0.0077362594328852004,-0.0077362594328852004,0.4,0.6,0.0,1.0,0.27360270622817356,0.0,0.0,0.0,0.0,0.0,15948.00977209148,-0.007736259432885362,transition_2,6,False
2022-08-20 00:00:00+00:00,0.00384930358756376,0.00384930358756376,0.4,0.6,0.0,1.0,0.27072716044598033,0.0,0.0,0.0,0.0,0.0,16009.398503321694,-0.003916735056510912,deleveraging,1,False
2022-08-21 00:00:00+00:00,0.0073345563174471,0.0073345563174471,0.4,0.6,0.0,1.0,0.27720993700147056,0.0,0.0,0.0,0.0,0.0,16126.820338252763,0.0,deleveraging,2,False
2022-08-22 00:00:00+00:00,0.01007606810730266,0.01007606810730266,0.4,0.6,0.0,1.0,0.27998402847707204,0.0,0.0,0.0,0.0,0.0,16289.315278335233,0.0,deleveraging,3,False
2022-08-23 00:00:00+00:00,-0.0014124265492947803,-0.0014124265492947803,0.4,0.6,0.0,1.0,0.2863930777657942,0.0,0.0,0.0,0.0,0.0,16266.307816966279,-0.001412426549294743,deleveraging,4,False
2022-08-24 00:00:00+00:00,-0.0005028145937209201,-0.0005028145937209201,0.4,0.6,0.0,1.0,0.2852776951421256,0.0,0.0,0.0,0.0,0.0,16258.128880009952,-0.0019145309543341371,deleveraging,5,False
2022-08-25 00:00:00+00:00,0.00011644506292177997,0.00011644506292177997,0.4,0.6,0.0,1.0,0.2561951637077775,0.09891836868531846,0.0,0.0,0.0,0.0,16260.022058850376,-0.001798308829089712,transition,1,False
2022-08-26 00:00:00+00:00,-0.0064443476703924,-0.0064443476703924,0.4,0.6,0.0,1.0,0.24389047771685163,0.0,0.0,0.0,0.0,0.0,16155.236823574895,-0.008231067572168738,transition,2,False
2022-08-27 00:00:00+00:00,-0.0022992059419759403,-0.0022992059419759403,0.4,0.6,0.0,1.0,0.23491205035673457,0.0,0.0,0.0,0.0,0.0,16118.092607076102,-0.010511348594674064,deleveraging,1,False
2022-08-28 00:00:00+00:00,-0.00226613632651428,-0.00226613632651428,0.4,0.6,0.0,1.0,0.23245273637467956,0.0,0.0,0.0,0.0,0.0,16081.566811905086,-0.012753664772297224,transition,1,False
2022-08-29 00:00:00+00:00,0.0035037642949175005,0.0035037642949175005,0.4,0.6,0.0,1.0,0.23515403954729414,0.0,0.0,0.0,0.0,0.0,16137.91283150697,-0.009294586312638131,transition,2,False
2022-08-30 00:00:00+00:00,-0.00150637465211964,-0.00150637465211964,0.4,0.6,0.0,1.0,0.2360021712267556,0.0,0.0,0.0,0.0,0.0,16113.60308867947,-0.01078695983553457,transition,3,False
2022-08-31 00:00:00+00:00,0.0007121891261042733,0.0007121891261042733,0.4,0.6,0.0,1.0,0.236852919643666,0.0,0.0,0.0,0.0,0.0,16125.07902158159,-0.01008245306492872,deleveraging,1,False
2022-09-01 00:00:00+00:00,-0.00010532470473181995,-0.00010532470473181995,0.4,0.6,0.0,1.0,0.3595699833101932,0.18147502714464173,0.0,0.0,0.0,0.0,16123.380652394866,-0.010186715838268467,transition,1,False
2022-09-02 00:00:00+00:00,0.00041111222233135996,0.00041111222233135996,0.4,0.6,0.0,1.0,0.36621909372149064,0.0,0.0,0.0,0.0,0.0,16130.009171246367,-0.00977979149932362,transition,2,False
2022-09-03 00:00:00+00:00,-0.00372602017521368,-0.00372602017521368,0.4,0.6,0.0,1.0,0.3671919942871097,0.0,0.0,0.0,0.0,0.0,16069.908431647922,-0.013469371974101363,transition,3,False
2022-09-04 00:00:00+00:00,-0.0005873841392649002,-0.0005873841392649002,0.4,0.6,0.0,1.0,0.3719449842627822,0.0,0.0,0.0,0.0,0.0,16060.469222315733,-0.014048844417902884,transition,4,False
2022-09-05 00:00:00+00:00,0.0011912435748883598,0.0011912435748883598,0.4,0.6,0.0,1.0,0.3777438086355581,0.0,0.0,0.0,0.0,0.0,16079.601153086509,-0.01287433643866187,transition,5,False
2022-09-06 00:00:00+00:00,0.00025820804564643954,0.00025820804564643954,0.4,0.6,0.0,1.0,0.3600534755650574,0.0,0.0,0.0,0.0,0.0,16083.753035475022,-0.012619452650266316,transition_2,1,False
2022-09-07 00:00:00+00:00,0.002985862141773321,0.002985862141773321,0.4,0.6,0.0,1.0,0.3694785053258737,0.0,0.0,0.0,0.0,0.0,16131.776904761276,-0.009671270454411407,deleveraging,1,False
2022-09-08 00:00:00+00:00,-0.0027005810663484602,-0.0027005810663484602,0.4,0.6,0.0,1.0,0.4442312458111235,0.3661424543870583,0.0,0.0,0.0,0.0,16088.211733485723,-0.012345733470882969,deleveraging,2,False
2022-09-09 00:00:00+00:00,-0.0012620596251071196,-0.0012620596251071196,0.4,0.6,0.0,1.0,0.471884553657617,0.0,0.0,0.0,0.0,0.0,16067.907451016714,-0.01359221204423433,deleveraging,3,False
2022-09-10 00:00:00+00:00,0.0006555400065480601,0.0006555400065480601,0.4,0.6,0.0,1.0,0.48057706693768476,0.0,0.0,0.0,0.0,0.0,16078.440607172366,-0.012945582276458811,deleveraging,4,False
2022-09-11 00:00:00+00:00,0.0013977571579888602,0.0013977571579888602,0.4,0.6,0.0,1.0,0.4786735177152535,0.0,0.0,0.0,0.0,0.0,16100.91436262034,-0.011565919898761212,deleveraging,5,False
2022-09-12 00:00:00+00:00,-0.0008703880254980396,-0.0008703880254980396,0.4,0.6,0.0,1.0,0.4780664125985411,0.0,0.0,0.0,0.0,0.0,16086.900319559547,-0.012426241086075485,transition,1,False
2022-09-13 00:00:00+00:00,0.0034186407541252,0.0034186407541252,0.4,0.6,0.0,1.0,0.4438940314289975,0.0,0.0,0.0,0.0,0.0,16141.895652599544,-0.009050081186147585,transition_2,1,False
2022-09-14 00:00:00+00:00,0.0017910228182900596,0.0017910228182900596,0.4,0.6,0.0,1.0,0.44086395719939053,0.0,0.0,0.0,0.0,0.0,16170.806156043804,-0.00727526726976957,deleveraging,1,False
2022-09-15 00:00:00+00:00,-0.00011387475744597999,-0.00011387475744597999,0.4,0.6,0.0,1.0,0.425910912167922,0.19896913747263076,0.0,0.0,0.0,0.0,16168.964709415079,-0.007388313557919801,deleveraging,2,False
2022-09-16 00:00:00+00:00,0.0007805690112399799,0.0007805690112399799,0.4,0.6,0.0,1.0,0.4239777856564723,0.0,0.0,0.0,0.0,0.0,16181.585702211081,-0.006613511635288449,deleveraging,3,False
2022-09-17 00:00:00+00:00,4.867721171207995e-05,4.867721171207995e-05,0.4,0.6,0.0,1.0,0.4337749589347559,0.0,0.0,0.0,0.0,0.0,16182.373376684145,-0.006565156350882395,deleveraging,4,False
2022-09-18 00:00:00+00:00,0.00179566249394162,0.00179566249394162,0.4,0.6,0.0,1.0,0.4124318795312434,0.0,0.0,0.0,0.0,0.0,16211.431457619618,-0.004781282661966757,deleveraging,5,False
2022-09-19 00:00:00+00:00,0.0005771221142612601,0.0005771221142612601,0.4,0.6,0.0,1.0,0.4032177947688397,0.0,0.0,0.0,0.0,0.0,16220.78743321764,-0.004206919931664332,deleveraging,6,False
2022-09-20 00:00:00+00:00,-0.00114812366010322,-0.00114812366010322,0.4,0.6,0.0,1.0,0.4006783863138736,0.0,0.0,0.0,0.0,0.0,16202.163963380059,-0.005350213527457792,deleveraging,7,False
2022-09-21 00:00:00+00:00,0.003353567580478959,0.003353567580478959,0.4,0.6,0.0,1.0,0.391671765339371,0.0,0.0,0.0,0.0,0.0,16256.499015181256,-0.0020145882496129808,deleveraging,8,False
2022-09-22 00:00:00+00:00,-0.00104428028737966,-0.00104428028737966,0.4,0.6,0.0,1.0,0.4377388271446109,0.10118802195859272,0.0,0.0,0.0,0.0,16239.522673717895,-0.003056764742196516,deleveraging,9,False
2022-09-23 00:00:00+00:00,0.00212749332295726,0.00212749332295726,0.4,0.6,0.0,1.0,0.4414330921444395,0.0,0.0,0.0,0.0,0.0,16274.072149774243,-0.0009357746658180677,deleveraging,10,False
2022-09-24 00:00:00+00:00,0.0014882526958647,0.0014882526958647,0.4,0.6,0.0,1.0,0.43990265611037116,0.0,0.0,0.0,0.0,0.0,16298.29208152384,0.0,deleveraging,11,False
2022-09-25 00:00:00+00:00,0.0009126954266181601,0.0009126954266181601,0.4,0.6,0.0,1.0,0.43277889015980736,0.0,0.0,0.0,0.0,0.0,16313.167458168331,0.0,transition,1,False
2022-09-26 00:00:00+00:00,-0.0018776082044009799,-0.0018776082044009799,0.4,0.6,0.0,1.0,0.4370720826910578,0.0,0.0,0.0,0.0,0.0,16282.537721109107,-0.0018776082044009712,transition,2,False
2022-09-27 00:00:00+00:00,8.175282929288007e-05,8.175282929288007e-05,0.4,0.6,0.0,1.0,0.43850048352535376,0.0,0.0,0.0,0.0,0.0,16283.868864635875,-0.0017960088748911751,transition,3,False
2022-09-28 00:00:00+00:00,0.00299531052407736,0.00299531052407736,0.4,0.6,0.0,1.0,0.43451290476474336,0.0,0.0,0.0,0.0,0.0,16332.644108418817,0.0,deleveraging,1,False
2022-09-29 00:00:00+00:00,-0.00161348690651512,-0.00161348690651512,0.4,0.6,0.0,1.0,0.387057360621713,0.11783658533753807,0.0,0.0,0.0,0.0,16306.291601001112,-0.0016134869065150825,transition,1,False
2022-09-30 00:00:00+00:00,0.0013097090998437,0.0013097090998437,0.4,0.6,0.0,1.0,0.3866048831049339,0.0,0.0,0.0,0.0,0.0,16327.64809949565,-0.0003058910051553232,transition,2,False
2022-10-01 00:00:00+00:00,-0.000483602058112,-0.000483602058112,0.4,0.6,0.0,1.0,0.38364533019489067,0.0,0.0,0.0,0.0,0.0,16319.752015270604,-0.000789345133747732,deleveraging,1,False
2022-10-02 00:00:00+00:00,0.00309282430730248,0.00309282430730248,0.4,0.6,0.0,1.0,0.3765048383316043,0.0,0.0,0.0,0.0,0.0,16370.226140992581,0.0,transition,1,False
2022-10-03 00:00:00+00:00,-0.00079792508383312,-0.00079792508383312,0.4,0.6,0.0,1.0,0.3813246573218201,0.0,0.0,0.0,0.0,0.0,16357.163926926662,-0.0007979250838331398,transition,2,False
2022-10-04 00:00:00+00:00,0.00297191796883512,0.00297191796883512,0.4,0.6,0.0,1.0,0.39279790984016105,0.0,0.0,0.0,0.0,0.0,16405.77607632028,0.0,transition,3,False
2022-10-05 00:00:00+00:00,-0.00114274803367378,-0.00114274803367378,0.4,0.6,0.0,1.0,0.39208103322882504,0.0,0.0,0.0,0.0,0.0,16387.028407968173,-0.0011427480336736462,transition,4,False
2022-10-06 00:00:00+00:00,-0.0006250467825725401,-0.0006250467825725401,0.4,0.6,0.0,1.0,0.39563048033212955,0.17484573545156282,0.0,0.0,0.0,0.0,16376.785748585844,-0.0017670805452647542,transition,5,False
2022-10-07 00:00:00+00:00,-0.0019107028679708998,-0.0019107028679708998,0.4,0.6,0.0,1.0,0.3912021442715435,0.0,0.0,0.0,0.0,0.0,16345.494577087878,-0.0036744070473696544,transition,6,False
2022-10-08 00:00:00+00:00,-0.00132820331584778,-0.00132820331584778,0.4,0.6,0.0,1.0,0.3881555256770801,0.0,0.0,0.0,0.0,0.0,16323.784436991418,-0.004997730003593381,transition,7,False
2022-10-09 00:00:00+00:00,-0.00093271810415122,-0.00093271810415122,0.4,0.6,0.0,1.0,0.3904971891480523,0.0,0.0,0.0,0.0,0.0,16308.558947718775,-0.005925786634490504,transition,8,False
2022-10-10 00:00:00+00:00,0.00368574713414282,0.00368574713414282,0.4,0.6,0.0,1.0,0.3813312451627574,0.0,0.0,0.0,0.0,0.0,16368.668172122327,-0.0022618804514534796,transition,9,False
2022-10-11 00:00:00+00:00,0.00140379875383346,0.00140379875383346,0.4,0.6,0.0,1.0,0.37256337569567133,0.0,0.0,0.0,0.0,0.0,16391.646488104267,-0.0008612569225789901,transition,10,False
2022-10-12 00:00:00+00:00,-0.00010908351798289979,-0.00010908351798289979,0.4,0.6,0.0,1.0,0.37261176924759926,0.0,0.0,0.0,0.0,0.0,16389.858429639815,-0.0009702464916268028,transition,11,False
2022-10-13 00:00:00+00:00,0.001736950088049406,0.001736950088049406,0.4,0.6,0.0,1.0,0.3753466613233185,0.12002378377050071,0.0,0.0,0.0,0.0,16418.326795682293,0.0,transition,12,False
2022-10-14 00:00:00+00:00,0.00211873815908996,0.00211873815908996,0.4,0.6,0.0,1.0,0.3778975626178679,0.0,0.0,0.0,0.0,0.0,16453.112931172713,0.0,deleveraging,1,False
2022-10-15 00:00:00+00:00,-0.00173731057690208,-0.00173731057690208,0.4,0.6,0.0,1.0,0.3736601226339049,0.0,0.0,0.0,0.0,0.0,16424.528764054423,-0.0017373105769020736,transition,1,False
2022-10-16 00:00:00+00:00,-0.00034298247663356,-0.00034298247663356,0.4,0.6,0.0,1.0,0.37771528710639357,0.0,0.0,0.0,0.0,0.0,16418.89543850139,-0.0020796971864511793,transition,2,False
2022-10-17 00:00:00+00:00,0.0009311995614969201,0.0009311995614969201,0.4,0.6,0.0,1.0,0.38184635846395776,0.0,0.0,0.0,0.0,0.0,16434.184706733984,-0.001150434238062381,transition,3,False
2022-10-18 00:00:00+00:00,0.0018574623977218598,0.0018574623977218598,0.4,0.6,0.0,1.0,0.3777480247492229,0.0,0.0,0.0,0.0,0.0,16464.71058686396,0.0,transition,4,False
2022-10-19 00:00:00+00:00,0.00295306062575392,0.00295306062575392,0.4,0.6,0.0,1.0,0.3704223420871571,0.0,0.0,0.0,0.0,0.0,16513.331875412463,0.0,transition,5,False
2022-10-20 00:00:00+00:00,-0.00102269030061384,-0.00102269030061384,0.4,0.6,0.0,1.0,0.3298008327605698,0.14032112026540847,0.0,0.0,0.0,0.0,16496.44385107266,-0.00102269030061386,transition,6,False
2022-10-21 00:00:00+00:00,-0.0011429663477605927,-0.0011429663477605927,0.4,0.6,0.0,1.0,0.32794183772963365,0.0,0.0,0.0,0.0,0.0,16477.58897089316,-0.0021644877477767777,transition,7,False
2022-10-22 00:00:00+00:00,-0.00021442982478023134,-0.00021442982478023134,0.4,0.6,0.0,1.0,0.3299452029207577,0.0,0.0,0.0,0.0,0.0,16474.055684377334,-0.00237845344182841,transition,8,False
2022-10-23 00:00:00+00:00,0.0007691106477016,0.0007691106477016,0.4,0.6,0.0,1.0,0.3339092535307153,0.0,0.0,0.0,0.0,0.0,16486.726056015017,-0.001611172087993995,transition,9,False
2022-10-24 00:00:00+00:00,0.00067347627373092,0.00067347627373092,0.4,0.6,0.0,1.0,0.3330613214795414,0.0,0.0,0.0,0.0,0.0,16497.829474845243,-0.0009387809004373082,transition,10,False
2022-10-25 00:00:00+00:00,0.00010261479165561953,0.00010261479165561953,0.4,0.6,0.0,1.0,0.3465441072078801,0.0,0.0,0.0,0.0,0.0,16499.522396179575,-0.000836262441588187,transition,11,False
2022-10-26 00:00:00+00:00,0.005320585985590419,0.005320585985590419,0.4,0.6,0.0,1.0,0.36023929299825186,0.0,0.0,0.0,0.0,0.0,16587.309523809625,0.0,transition,12,False
2022-10-27 00:00:00+00:00,0.00198295751355888,0.00198295751355888,0.4,0.6,0.0,1.0,0.36052244390805266,0.14930935635356124,0.0,0.0,0.0,0.0,16620.201453859587,0.0,transition,13,False
2022-10-28 00:00:00+00:00,0.0039355187467276995,0.0039355187467276995,0.4,0.6,0.0,1.0,0.3645458440558065,0.0,0.0,0.0,0.0,0.0,16685.61056825564,0.0,transition,14,False
2022-10-29 00:00:00+00:00,0.01772461240247418,0.01772461240247418,0.4,0.6,0.0,1.0,0.3850897372592097,0.0,0.0,0.0,0.0,0.0,16981.3565482766,0.0,transition,15,False
2022-10-30 00:00:00+00:00,0.0027894152978751798,0.0027894152978751798,0.4,0.6,0.0,1.0,0.3841010340064748,0.0,0.0,0.0,0.0,0.0,17028.724604011033,0.0,transition,16,False
2022-10-31 00:00:00+00:00,0.00762911787160664,0.00762911787160664,0.4,0.6,0.0,1.0,0.3876721898170862,0.0,0.0,0.0,0.0,0.0,17158.63875121816,0.0,transition,17,False
2022-11-01 00:00:00+00:00,0.0076555570364515,0.0076555570364515,0.4,0.6,0.0,1.0,0.3910963509636085,0.0,0.0,0.0,0.0,0.0,17289.99768884598,0.0,transition,18,False
2022-11-02 00:00:00+00:00,-0.005007337986042439,-0.005007337986042439,0.4,0.6,0.0,1.0,0.3805483128620004,0.0,0.0,0.0,0.0,0.0,17203.420826640035,-0.0050073379860424705,transition,19,False
2022-11-03 00:00:00+00:00,0.00106994580123376,0.00106994580123376,0.4,0.6,0.0,1.0,0.3077078961492371,0.19843518941931676,0.0,0.0,0.0,0.0,17221.827554520354,-0.003942749765062259,transition_2,1,False
2022-11-04 00:00:00+00:00,0.00036587256277541985,0.00036587256277541985,0.4,0.6,0.0,1.0,0.32170840279537694,0.0,0.0,0.0,0.0,0.0,17228.1285487034,-0.0035783197462478933,transition,1,False
2022-11-05 00:00:00+00:00,-0.0036893562995774397,-0.0036893562995774397,0.4,0.6,0.0,1.0,0.3306866272241141,0.0,0.0,0.0,0.0,0.0,17164.567844112313,-0.007254474349327578,transition_2,1,False
2022-11-06 00:00:00+00:00,0.00332995848770674,0.00332995848770674,0.4,0.6,0.0,1.0,0.3212053756380514,0.0,0.0,0.0,0.0,0.0,17221.725142492633,-0.003948672960054189,transition_2,2,False
2022-11-07 00:00:00+00:00,-0.0010260699873800802,-0.0010260699873800802,0.4,0.6,0.0,1.0,0.3134115452302294,0.0,0.0,0.0,0.0,0.0,17204.05444719301,-0.00497069133262007,transition_2,3,False
2022-11-08 00:00:00+00:00,0.00653301008428582,0.00653301008428582,0.4,0.6,0.0,1.0,0.28975010938249185,0.0,0.0,0.0,0.0,0.0,17316.448708387124,0.0,transition_2,4,False
2022-11-09 00:00:00+00:00,-0.004209569396193413,-0.004209569396193413,0.4,0.6,0.0,1.0,0.24893697896986677,0.0,0.0,0.0,0.0,0.0,17243.553915853543,-0.0042095693961935465,deleveraging,1,False
2022-11-10 00:00:00+00:00,-0.00760595045254924,-0.00760595045254924,0.4,0.6,0.0,1.0,0.41700345609253936,0.2576302497821183,0.0,0.0,0.0,0.0,17112.4002991437,-0.011783502072488683,rotation,1,False
2022-11-11 00:00:00+00:00,0.00386548496979216,0.00386548496979216,0.4,0.6,0.0,1.0,0.40852456079833105,0.0,0.0,0.0,0.0,0.0,17178.548025297107,-0.007963566052849314,rotation,2,False
2022-11-12 00:00:00+00:00,0.00231530544537098,0.00231530544537098,0.4,0.6,0.0,1.0,0.39797656180644697,0.0,0.0,0.0,0.0,0.0,17218.321611083644,-0.005666698695325101,rotation,3,False
2022-11-13 00:00:00+00:00,0.00042357166205100004,0.00042357166205100004,0.4,0.6,0.0,1.0,0.38881046247073026,0.0,0.0,0.0,0.0,0.0,17225.61480418618,-0.0052455272862586,rotation,4,True
2022-11-14 00:00:00+00:00,0.00066473272835696,0.00066473272835696,0.4,0.6,0.0,1.0,0.3914647741018804,0.0,0.0,0.0,0.0,0.0,17237.065234112593,-0.004584281431566417,rotation,5,True
2022-11-15 00:00:00+00:00,-0.00024046679932998002,-0.00024046679932998002,0.4,0.6,0.0,1.0,0.3966752225044856,0.0,0.0,0.0,0.0,0.0,17232.920292205905,-0.004823645863413217,rotation,6,False
2022-11-16 00:00:00+00:00,0.0009331691065072001,0.0009331691065072001,0.4,0.6,0.0,1.0,0.39047495600357796,0.0,0.0,0.0,0.0,0.0,17249.00152103749,-0.0038949780342065754,rotation,7,False
2022-11-17 00:00:00+00:00,0.0006066498517301,0.0006066498517301,0.4,0.6,0.0,1.0,0.36799809586647225,0.05140134438241146,0.0,0.0,0.0,0.0,17259.46562525272,-0.003290691070323537,rotation,8,False
2022-11-18 00:00:00+00:00,0.00093175827456506,0.00093175827456506,0.4,0.6,0.0,1.0,0.3705739324208121,0.0,0.0,0.0,0.0,0.0,17275.547275163623,-0.00236199892439215,rotation,9,False
2022-11-19 00:00:00+00:00,0.00081857361571364,0.00081857361571364,0.4,0.6,0.0,1.0,0.36775210642624445,0.0,0.0,0.0,0.0,0.0,17289.688582360082,-0.0015453587786784517,rotation,10,False
2022-11-20 00:00:00+00:00,0.0025063143181087797,0.0025063143181087797,0.4,0.6,0.0,1.0,0.357439142175739,0.0,0.0,0.0,0.0,0.0,17333.021976409695,0.0,rotation,11,False
2022-11-21 00:00:00+00:00,-0.0004783512786378,-0.0004783512786378,0.4,0.6,0.0,1.0,0.34414841092954224,0.0,0.0,0.0,0.0,0.0,17324.73070318462,-0.000478351278637823,rotation,12,False
2022-11-22 00:00:00+00:00,-0.0004552584972426601,-0.0004552584972426601,0.4,0.6,0.0,1.0,0.3539711469160834,0.0,0.0,0.0,0.0,0.0,17316.843472319553,-0.0009333920023963937,rotation,13,False
2022-11-23 00:00:00+00:00,-0.0020204317238032596,-0.0020204317238032596,0.4,0.6,0.0,1.0,0.37707023693070696,0.0,0.0,0.0,0.0,0.0,17281.855972411944,-0.0029519378713872557,rotation,14,False
2022-11-24 00:00:00+00:00,0.00019292251546114002,0.00019292251546114002,0.4,0.6,0.0,1.0,0.3704724789082964,0.16498253256746412,0.0,0.0,0.0,0.0,17285.19003153798,-0.002759584851205754,rotation,15,False
2022-11-25 00:00:00+00:00,-0.00250900734335838,-0.00250900734335838,0.4,0.6,0.0,1.0,0.37104145881830625,0.0,0.0,0.0,0.0,0.0,17241.821362817504,-0.005261668375907913,rotation,16,False
2022-11-26 00:00:00+00:00,-0.0014101239697611994,-0.0014101239697611994,0.4,0.6,0.0,1.0,0.3774228400082813,0.0,0.0,0.0,0.0,0.0,17217.508257231457,-0.006664372740971092,rotation,17,False
2022-11-27 00:00:00+00:00,-0.00300064416869948,-0.00300064416869948,0.4,0.6,0.0,1.0,0.3788784060636603,0.0,0.0,0.0,0.0,0.0,17165.84464147986,-0.0096450194984673,rotation,18,False
2022-11-28 00:00:00+00:00,-0.00213724898916134,-0.00213724898916134,0.4,0.6,0.0,1.0,0.3701930583362182,0.0,0.0,0.0,0.0,0.0,17129.156957371757,-0.011761654679455114,rotation,19,False
2022-11-29 00:00:00+00:00,-0.0010771088525191,-0.0010771088525191,0.4,0.6,0.0,1.0,0.3774880696751911,0.0,0.0,0.0,0.0,0.0,17110.706990776784,-0.012826094949598632,rotation,20,False
2022-11-30 00:00:00+00:00,0.0006402661336408201,0.0006402661336408201,0.4,0.6,0.0,1.0,0.3891356950958633,0.0,0.0,0.0,0.0,0.0,17121.66239698563,-0.012194040930180838,rotation,21,False
2022-12-01 00:00:00+00:00,-0.0007098078549834599,-0.0007098078549834599,0.4,0.6,0.0,1.0,0.36340570518190507,0.14225005452519965,0.0,0.0,0.0,0.0,17109.509306525873,-0.012895193359128143,deleveraging,1,False
2022-12-02 00:00:00+00:00,7.684419404247996e-05,7.684419404247996e-05,0.4,0.6,0.0,1.0,0.3647077243169721,0.0,0.0,0.0,0.0,0.0,17110.824072978998,-0.012819340085826303,deleveraging,2,False
2022-12-03 00:00:00+00:00,-0.0016600917983460202,-0.0016600917983460202,0.4,0.6,0.0,1.0,0.3610007133201918,0.0,0.0,0.0,0.0,0.0,17082.4185342725,-0.01445815060283584,deleveraging,3,False
2022-12-04 00:00:00+00:00,0.00041451948549767995,0.00041451948549767995,0.4,0.6,0.0,1.0,0.3645684951296211,0.0,0.0,0.0,0.0,0.0,17089.499529614382,-0.014049624302487351,deleveraging,4,False
2022-12-05 00:00:00+00:00,0.00027872164605112,0.00027872164605112,0.4,0.6,0.0,1.0,0.36462037547527515,0.0,0.0,0.0,0.0,0.0,17094.262743053467,-0.01377481859084817,deleveraging,5,False
2022-12-06 00:00:00+00:00,0.00296089004097266,0.00296089004097266,0.4,0.6,0.0,1.0,0.36202376889231586,0.0,0.0,0.0,0.0,0.0,17144.876975367144,-0.010854714273057287,deleveraging,6,False
2022-12-07 00:00:00+00:00,0.0020874689982749804,0.0020874689982749804,0.4,0.6,0.0,1.0,0.3541259220357027,0.0,0.0,0.0,0.0,0.0,17180.666374532462,-0.008789904154312467,deleveraging,7,False
2022-12-08 00:00:00+00:00,0.0008685612708317599,0.0008685612708317599,0.4,0.6,0.0,1.0,0.37010400536372207,0.054698062390763164,0.0,0.0,0.0,0.0,17195.58883595246,-0.007928977453803498,deleveraging,8,False
2022-12-09 00:00:00+00:00,0.00195329293559638,0.00195329293559638,0.4,0.6,0.0,1.0,0.36897728146278275,0.0,0.0,0.0,0.0,0.0,17229.176858149145,-0.00599117213385425,transition,1,False
2022-12-10 00:00:00+00:00,0.00020567947637761998,0.00020567947637761998,0.4,0.6,0.0,1.0,0.3682248133579291,0.0,0.0,0.0,0.0,0.0,17232.720546223747,-0.0057867249186239755,transition,2,False
2022-12-11 00:00:00+00:00,0.00117050961943614,0.00117050961943614,0.4,0.6,0.0,1.0,0.36493814883079084,0.0,0.0,0.0,0.0,0.0,17252.891611392155,-0.0046229887163702355,transition,3,False
2022-12-12 00:00:00+00:00,0.0011895310859663197,0.0011895310859663197,0.4,0.6,0.0,1.0,0.35781062211485204,0.0,0.0,0.0,0.0,0.0,17273.414462286713,-0.0034389568191921516,transition,4,False
2022-12-13 00:00:00+00:00,0.00231912525726094,0.00231912525726094,0.4,0.6,0.0,1.0,0.3617872772551878,0.0,0.0,0.0,0.0,0.0,17313.473674045337,-0.0011278069335493024,transition,5,False
2022-12-14 00:00:00+00:00,0.00168299126929232,0.00168299126929232,0.4,0.6,0.0,1.0,0.3602334412900786,0.0,0.0,0.0,0.0,0.0,17342.61209907988,0.0,transition,6,False
2022-12-15 00:00:00+00:00,0.00022698898977189966,0.00022698898977189966,0.4,0.6,0.0,1.0,0.39449910286682943,0.15439665344492592,0.0,0.0,0.0,0.0,17346.548681080258,0.0,transition,7,False
2022-12-16 00:00:00+00:00,0.00446556207076942,0.00446556207076942,0.4,0.6,0.0,1.0,0.36727435323615987,0.0,0.0,0.0,0.0,0.0,17424.010770929246,0.0,transition,8,False
2022-12-17 00:00:00+00:00,-0.00074862930487232,-0.00074862930487232,0.4,0.6,0.0,1.0,0.36274916293427695,0.0,0.0,0.0,0.0,0.0,17410.966645857716,-0.0007486293048724058,deleveraging,1,False
2022-12-18 00:00:00+00:00,-0.0005685220177518598,-0.0005685220177518598,0.4,0.6,0.0,1.0,0.36537653049992225,0.0,0.0,0.0,0.0,0.0,17401.068127969203,-0.0013167257103812169,transition,1,False
2022-12-19 00:00:00+00:00,0.00308830873476816,0.00308830873476816,0.4,0.6,0.0,1.0,0.3549330489851561,0.0,0.0,0.0,0.0,0.0,17454.807998663106,0.0,transition,2,False
2022-12-20 00:00:00+00:00,0.00015045483889498013,0.00015045483889498013,0.4,0.6,0.0,1.0,0.36290337319076704,0.0,0.0,0.0,0.0,0.0,17457.43415898849,0.0,transition,3,False
2022-12-21 00:00:00+00:00,0.0008452023811843601,0.0008452023811843601,0.4,0.6,0.0,1.0,0.3586164646440486,0.0,0.0,0.0,0.0,0.0,17472.189223909038,0.0,transition,4,False
2022-12-22 00:00:00+00:00,-0.0021415699465503002,-0.0021415699465503002,0.4,0.6,0.0,1.0,0.3851686818381407,0.12539018590801865,0.0,0.0,0.0,0.0,17434.771308566673,-0.002141569946550348,transition,5,False
2022-12-23 00:00:00+00:00,0.00052336549061354,0.00052336549061354,0.4,0.6,0.0,1.0,0.3869844516936412,0.0,0.0,0.0,0.0,0.0,17443.89606620632,-0.0016193252797424007,transition,6,False
2022-12-24 00:00:00+00:00,5.181429037386387e-05,5.181429037386387e-05,0.4,0.6,0.0,1.0,0.385495652346502,0.0,0.0,0.0,0.0,0.0,17444.799909302343,-0.0015675948935589545,transition,7,False
2022-12-25 00:00:00+00:00,-0.00079202702449006,-0.00079202702449006,0.4,0.6,0.0,1.0,0.3846294616185427,0.0,0.0,0.0,0.0,0.0,17430.983156337355,-0.002358380340529709,transition,8,False
2022-12-26 00:00:00+00:00,0.0003705132988679798,0.0003705132988679798,0.4,0.6,0.0,1.0,0.3883891536158034,0.0,0.0,0.0,0.0,0.0,17437.44156740912,-0.0019887408529417616,transition,9,False
2022-12-27 00:00:00+00:00,0.0013140334339651401,0.0013140334339651401,0.4,0.6,0.0,1.0,0.38603061997474897,0.0,0.0,0.0,0.0,0.0,17460.35494863151,-0.000677320690948946,transition,10,False
2022-12-28 00:00:00+00:00,0.00195909806601524,0.00195909806601524,0.4,0.6,0.0,1.0,0.3754139155766292,0.0,0.0,0.0,0.0,0.0,17494.561496243314,0.0,transition,11,False
2022-12-29 00:00:00+00:00,3.2818833983400456e-06,3.2818833983400456e-06,0.4,0.6,0.0,1.0,0.40355965087538137,0.26367981372804045,0.0,0.0,0.0,0.0,17494.61891135425,0.0,transition,12,False
2022-12-30 00:00:00+00:00,0.0017317032506978002,0.0017317032506978002,0.4,0.6,0.0,1.0,0.3996211105601922,0.0,0.0,0.0,0.0,0.0,17524.91439979276,0.0,transition,13,False
2022-12-31 00:00:00+00:00,-0.0012744248943518401,-0.0012744248943518401,0.4,0.6,0.0,1.0,0.40176579021418435,0.0,0.0,0.0,0.0,0.0,17502.580212610283,-0.0012744248943517,transition,14,False
2023-01-01 00:00:00+00:00,2.8198653229380015e-05,2.8198653229380015e-05,0.4,0.6,0.0,1.0,0.4022489085693163,0.0,0.0,0.0,0.0,0.0,17503.073761800315,-0.001246262178188129,transition,15,False
2023-01-02 00:00:00+00:00,0.0009843078050374998,0.0009843078050374998,0.4,0.6,0.0,1.0,0.40905475946516334,0.0,0.0,0.0,0.0,0.0,17520.302173916203,-0.00026318107873968266,transition,16,False
2023-01-03 00:00:00+00:00,0.00274385900733714,0.00274385900733714,0.4,0.6,0.0,1.0,0.4107373098961834,0.0,0.0,0.0,0.0,0.0,17568.375412847374,0.0,transition,17,False
2023-01-04 00:00:00+00:00,-0.00112595395606236,-0.00112595395606236,0.4,0.6,0.0,1.0,0.4228597950515369,0.0,0.0,0.0,0.0,0.0,17548.59423104969,-0.0011259539560622978,transition,18,False
2023-01-05 00:00:00+00:00,0.0007052094524777001,0.0007052094524777001,0.4,0.6,0.0,1.0,0.4050335552879881,0.2051557394520013,0.0,0.0,0.0,0.0,17560.969665579123,-0.00042153853695747756,transition,19,False
2023-01-06 00:00:00+00:00,-0.00032441332230831986,-0.00032441332230831986,0.4,0.6,0.0,1.0,0.40591745150766734,0.0,0.0,0.0,0.0,0.0,17555.272653066957,-0.0007458151065484753,transition,20,False
2023-01-07 00:00:00+00:00,-0.0005508122070314,-0.0005508122070314,0.4,0.6,0.0,1.0,0.4082408526447274,0.0,0.0,0.0,0.0,0.0,17545.60299459188,-0.001296216509515058,transition,21,True
2023-01-08 00:00:00+00:00,0.0006020133899107402,0.0006020133899107402,0.4,0.6,0.0,1.0,0.41435566247692257,0.0,0.0,0.0,0.0,0.0,17556.165682528685,-0.0006949834592993032,transition,22,True
2023-01-09 00:00:00+00:00,-0.00226479537155268,-0.00226479537155268,0.4,0.6,0.0,1.0,0.4305824402888236,0.0,0.0,0.0,0.0,0.0,17516.40455974868,-0.0029582048355301094,transition,23,True
2023-01-10 00:00:00+00:00,-0.00027491764537885367,-0.00027491764537885367,0.4,0.6,0.0,1.0,0.43435163242284075,0.0,0.0,0.0,0.0,0.0,17511.588991051613,-0.003232309218200946,rotation,1,False
2023-01-11 00:00:00+00:00,0.0029851503403833402,0.0029851503403833402,0.4,0.6,0.0,1.0,0.44074545470809257,0.0,0.0,0.0,0.0,0.0,17563.8637168889,-0.00025680780678072335,rotation,2,True
2023-01-12 00:00:00+00:00,-0.0009074842681295399,-0.0009074842681295399,0.4,0.6,0.0,1.0,0.4385963381291688,0.18792134809415495,0.0,0.0,0.0,0.0,17547.92478687825,-0.0011640590258656935,rotation,3,False
2023-01-13 00:00:00+00:00,-0.0015101379584316601,-0.0015101379584316601,0.4,0.6,0.0,1.0,0.4504907181024082,0.04101484278966924,0.0,0.0,0.0,0.0,17521.424999565883,-0.0026724390945765952,rotation,4,False
2023-01-14 00:00:00+00:00,0.009266925462282121,0.009266925462282121,0.4,0.6,0.0,1.0,0.4351905472582489,0.0,0.0,0.0,0.0,0.0,17683.79473902983,0.0,rotation,5,False
2023-01-15 00:00:00+00:00,-0.0004277489492292,-0.0004277489492292,0.4,0.6,0.0,1.0,0.43209855542792264,0.0,0.0,0.0,0.0,0.0,17676.230514411825,-0.0004277489492291453,rotation,6,False
2023-01-16 00:00:00+00:00,0.0011604381368190853,0.0011604381368190853,0.4,0.6,0.0,1.0,0.43012426379784957,0.0,0.0,0.0,0.0,0.0,17696.742686415953,0.0,rotation,7,False
2023-01-17 00:00:00+00:00,0.00276065489596902,0.00276065489596902,0.4,0.6,0.0,1.0,0.4280900439282052,0.0,0.0,0.0,0.0,0.0,17745.597285755914,0.0,rotation,8,False
2023-01-18 00:00:00+00:00,-0.0007906596800216199,-0.0007906596800216199,0.4,0.6,0.0,1.0,0.41677054960614646,0.0,0.0,0.0,0.0,0.0,17731.566557484162,-0.000790659680021788,rotation,9,False
2023-01-19 00:00:00+00:00,-6.492437474131996e-05,-6.492437474131996e-05,0.4,0.6,0.0,1.0,0.36265066055076395,0.20334602730016296,0.0,0.0,0.0,0.0,17730.415346612233,-0.0008555327216777098,rotation,10,False
2023-01-20 00:00:00+00:00,0.0033913753383056603,0.0033913753383056603,0.4,0.6,0.0,1.0,0.37818751968782116,0.0,0.0,0.0,0.0,0.0,17790.545839956652,0.0,transition_2,1,False
2023-01-21 00:00:00+00:00,0.0001595506483961399,0.0001595506483961399,0.4,0.6,0.0,1.0,0.3872174716951519,0.0,0.0,0.0,0.0,0.0,17793.38433308074,0.0,transition_2,2,False
2023-01-22 00:00:00+00:00,-0.0031083128672332603,-0.0031083128672332603,0.4,0.6,0.0,1.0,0.3902499508076704,0.0,0.0,0.0,0.0,0.0,17738.0769276066,-0.0031083128672332316,transition_2,3,False
2023-01-23 00:00:00+00:00,0.0011216966710258,0.0011216966710258,0.4,0.6,0.0,1.0,0.39618864143364224,0.0,0.0,0.0,0.0,0.0,17757.973669446696,-0.0019901027804030136,transition_2,4,False
2023-01-24 00:00:00+00:00,0.00100277729415366,0.00100277729415366,0.4,0.6,0.0,1.0,0.39011457440947134,0.0,0.0,0.0,0.0,0.0,17775.780962232595,-0.0009893211161305926,transition_2,5,False
2023-01-25 00:00:00+00:00,4.067610126973995e-05,4.067610126973995e-05,0.4,0.6,0.0,1.0,0.38811103277519954,0.0,0.0,0.0,0.0,0.0,17776.504011699162,-0.0009486852565868675,transition_2,6,False
2023-01-26 00:00:00+00:00,-0.0002804796368467199,-0.0002804796368467199,0.4,0.6,0.0,1.0,0.32394821940705837,0.23401963855677999,0.0,0.0,0.0,0.0,17771.518064309555,-0.0012288988065374262,transition_2,7,False
2023-01-27 00:00:00+00:00,-0.00030120332245715993,-0.00030120332245715993,0.4,0.6,0.0,1.0,0.3249619902062036,0.0,0.0,0.0,0.0,0.0,17766.165224023476,-0.0015297319805911425,transition_2,8,False
2023-01-28 00:00:00+00:00,-0.0011777710730930002,-0.0011777710730930002,0.4,0.6,0.0,1.0,0.3251856559422479,0.0,0.0,0.0,0.0,0.0,17745.24074854283,-0.0027057013796077944,transition_2,9,False
2023-01-29 00:00:00+00:00,0.00161057195418634,0.00161057195418634,0.4,0.6,0.0,1.0,0.33258264985308483,0.0,0.0,0.0,0.0,0.0,17773.820735612717,-0.001099487152180001,transition_2,10,False
2023-01-30 00:00:00+00:00,-0.0018573412321930601,-0.0018573412321930601,0.4,0.6,0.0,1.0,0.3235484427041079,0.0,0.0,0.0,0.0,0.0,17740.808685506858,-0.002954786261550879,transition_2,11,False
2023-01-31 00:00:00+00:00,-0.0027880088883084,-0.0027880088883084,0.4,0.6,0.0,1.0,0.32709200534500216,0.0,0.0,0.0,0.0,0.0,17691.347153205887,-0.005734557179499,transition_2,12,False
2023-02-01 00:00:00+00:00,0.00283637199707706,0.00283637199707706,0.4,0.6,0.0,1.0,0.3295201558815477,0.0,0.0,0.0,0.0,0.0,17741.526394861805,-0.002914450519821754,transition_2,13,False
2023-02-02 00:00:00+00:00,0.00151525272444268,0.00151525272444268,0.4,0.6,0.0,1.0,0.36919673283172894,0.047310189423697864,0.0,0.0,0.0,0.0,17768.40929106739,-0.0014036139244695267,transition_2,14,False
2023-02-03 00:00:00+00:00,-9.13627986210599e-05,-9.13627986210599e-05,0.4,0.6,0.0,1.0,0.37071430311761444,0.0,0.0,0.0,0.0,0.0,17766.785919467515,-0.001494848484994149,transition_2,15,False
2023-02-04 00:00:00+00:00,-0.0020186335706884203,-0.0020186335706884203,0.4,0.6,0.0,1.0,0.3725000032831002,0.0,0.0,0.0,0.0,0.0,17730.92128896724,-0.0035104645043477767,transition_2,16,False
2023-02-05 00:00:00+00:00,0.00042941310593966,0.00042941310593966,0.4,0.6,0.0,1.0,0.3657272880702238,0.0,0.0,0.0,0.0,0.0,17738.53517894911,-0.0030825588378741164,transition_2,17,False
2023-02-06 00:00:00+00:00,0.00032108900631788,0.00032108900631788,0.4,0.6,0.0,1.0,0.3604089145719786,0.0,0.0,0.0,0.0,0.0,17744.230827583255,-0.0027624596073103636,transition_2,18,False
2023-02-07 00:00:00+00:00,0.0002012834377247601,0.0002012834377247601,0.4,0.6,0.0,1.0,0.36658587451422014,0.0,0.0,0.0,0.0,0.0,17747.80244736401,-0.0025617322069519943,transition_2,19,False
2023-02-08 00:00:00+00:00,0.00020480163716644003,0.00020480163716644003,0.4,0.6,0.0,1.0,0.36562688696076784,0.0,0.0,0.0,0.0,0.0,17751.43722636134,-0.00235745521673536,transition_2,20,False
2023-02-09 00:00:00+00:00,-4.6745069697480155e-05,-4.6745069697480155e-05,0.4,0.6,0.0,1.0,0.3393670346064319,0.17203846315709004,0.0,0.0,0.0,0.0,17750.607434190963,-0.0024040900870245796,transition_2,21,False
2023-02-10 00:00:00+00:00,-0.00078026514096656,-0.00078026514096656,0.4,0.6,0.0,1.0,0.3298875981926995,0.0,0.0,0.0,0.0,0.0,17736.75725397908,-0.0031824794003004753,transition_2,22,False
2023-02-11 00:00:00+00:00,0.00019241699133812015,0.00019241699133812015,0.4,0.6,0.0,1.0,0.33152935199349354,0.0,0.0,0.0,0.0,0.0,17740.17010744599,-0.002990674772073376,transition_2,23,False
2023-02-12 00:00:00+00:00,-0.0009194005150303001,-0.0009194005150303001,0.4,0.6,0.0,1.0,0.3320379712076796,0.0,0.0,0.0,0.0,0.0,17723.85978591248,-0.0039073256591779515,transition_2,24,False
2023-02-13 00:00:00+00:00,0.0004899877069160199,0.0004899877069160199,0.4,0.6,0.0,1.0,0.3279746262719391,0.0,0.0,0.0,0.0,0.0,17732.544259326678,-0.0034192524938018165,transition_2,25,False
2023-02-14 00:00:00+00:00,0.0014985970485740202,0.0014985970485740202,0.4,0.6,0.0,1.0,0.3342126460899104,0.0,0.0,0.0,0.0,0.0,17759.11819781741,-0.0019257795269235212,transition_2,26,False
2023-02-15 00:00:00+00:00,-7.073085325700002e-05,-7.073085325700002e-05,0.4,0.6,0.0,1.0,0.35107828573308636,0.0,0.0,0.0,0.0,0.0,17757.862080234187,-0.00199637416815146,transition_2,27,False
2023-02-16 00:00:00+00:00,-0.00328923980868246,-0.00328923980868246,0.4,0.6,0.0,1.0,0.39856554387341125,0.2080746121957305,0.0,0.0,0.0,0.0,17699.452213362787,-0.005279047423446981,transition_2,28,False
2023-02-17 00:00:00+00:00,0.0006786995974197598,0.0006786995974197598,0.4,0.6,0.0,1.0,0.4061114493737108,0.0,0.0,0.0,0.0,0.0,17711.464824454546,-0.004603930713388382,transition_2,29,False
2023-02-18 00:00:00+00:00,-0.0007495337634552599,-0.0007495337634552599,0.4,0.6,0.0,1.0,0.41688616147816926,0.0,0.0,0.0,0.0,0.0,17698.189483568367,-0.005350013675329279,transition_2,30,False
2023-02-19 00:00:00+00:00,0.00064995925971114,0.00064995925971114,0.4,0.6,0.0,1.0,0.4166570371475521,0.0,0.0,0.0,0.0,0.0,17709.692585703335,-0.004703531706546027,transition_2,31,False
2023-02-20 00:00:00+00:00,0.00038850171433657955,0.00038850171433657955,0.4,0.6,0.0,1.0,0.4206712104944159,0.0,0.0,0.0,0.0,0.0,17716.572831633253,-0.0043168573223408835,transition_2,32,False
2023-02-21 00:00:00+00:00,6.084660545079983e-06,6.084660545079983e-06,0.4,0.6,0.0,1.0,0.4139082579441378,0.0,0.0,0.0,0.0,0.0,17716.680630964955,-0.004310798928407356,transition_2,33,False
2023-02-22 00:00:00+00:00,-0.00015106930303642,-0.00015106930303642,0.4,0.6,0.0,1.0,0.40664110354912236,0.0,0.0,0.0,0.0,0.0,17714.004184369915,-0.004461217002054263,transition_2,34,False
2023-02-23 00:00:00+00:00,-0.0014295513256535,-0.0014295513256535,0.4,0.6,0.0,1.0,0.3671502335253919,0.27285362962656157,0.0,0.0,0.0,0.0,17688.68110620552,-0.005884390789028249,transition_2,35,False
2023-02-24 00:00:00+00:00,-8.368118103527981e-05,-8.368118103527981e-05,0.4,0.6,0.0,1.0,0.3558390625350044,0.0,0.0,0.0,0.0,0.0,17687.200896479597,-0.005967579557292546,transition_2,36,False
2023-02-25 00:00:00+00:00,-0.00010910320724698004,-0.00010910320724698004,0.4,0.6,0.0,1.0,0.34947992346687445,0.0,0.0,0.0,0.0,0.0,17685.271166134567,-0.006076031682470506,transition_2,37,False
2023-02-26 00:00:00+00:00,-0.00012028627457283999,-0.00012028627457283999,0.4,0.6,0.0,1.0,0.35432929772738825,0.0,0.0,0.0,0.0,0.0,17683.143870751184,-0.006195587093827948,transition_2,38,False
2023-02-27 00:00:00+00:00,-0.00045533960089767995,-0.00045533960089767995,0.4,0.6,0.0,1.0,0.35397172840875923,0.0,0.0,0.0,0.0,0.0,17675.092035078458,-0.006648105598571097,transition_2,39,False
2023-02-28 00:00:00+00:00,0.00046105461494603997,0.00046105461494603997,0.4,0.6,0.0,1.0,0.3508197015289722,0.0,0.0,0.0,0.0,0.0,17683.241217830826,-0.006190116123392042,transition_2,40,False
2023-03-01 00:00:00+00:00,0.00088357134662558,0.00088357134662558,0.4,0.6,0.0,1.0,0.3566199603856432,0.0,0.0,0.0,0.0,0.0,17698.86562308637,-0.005312014186005243,transition_2,41,False
2023-03-02 00:00:00+00:00,0.00018666577646484696,0.00018666577646484696,0.4,0.6,0.0,1.0,0.38577891868547143,0.19477126973794853,0.0,0.0,0.0,0.0,17702.16939558045,-0.005126339980793038,transition_2,42,False
2023-03-03 00:00:00+00:00,0.0037498095486198603,0.0037498095486198603,0.4,0.6,0.0,1.0,0.37074189114589157,0.0,0.0,0.0,0.0,0.0,17768.549159411286,-0.0013957532307825593,transition_2,43,False
2023-03-04 00:00:00+00:00,-0.0011693968025318197,-0.0011693968025318197,0.4,0.6,0.0,1.0,0.36704506098367495,0.0,0.0,0.0,0.0,0.0,17747.77067483864,-0.002563517843949148,transition_2,44,False
2023-03-05 00:00:00+00:00,-0.00102535442139652,-0.00102535442139652,0.4,0.6,0.0,1.0,0.3677630213663289,0.0,0.0,0.0,0.0,0.0,17729.572919707265,-0.003586243750990037,transition_2,45,False
2023-03-06 00:00:00+00:00,-0.00095805495314338,-0.00095805495314338,0.4,0.6,0.0,1.0,0.3660706803614328,0.0,0.0,0.0,0.0,0.0,17712.58701455442,-0.004540862885544672,transition_2,46,False
2023-03-07 00:00:00+00:00,0.0012557720374239802,0.0012557720374239802,0.4,0.6,0.0,1.0,0.3632003158774374,0.0,0.0,0.0,0.0,0.0,17734.829986037737,-0.0032907931367581744,transition_2,47,False
2023-03-08 00:00:00+00:00,-0.00035417817237124,-0.00035417817237124,0.4,0.6,0.0,1.0,0.354957732539726,0.0,0.0,0.0,0.0,0.0,17728.548696365968,-0.003643805782030607,transition_2,48,False
2023-03-09 00:00:00+00:00,1.93583849989402e-05,1.93583849989402e-05,0.4,0.6,0.0,1.0,0.31859760559095085,0.20357545975545616,0.0,0.0,0.0,0.0,17728.891892437106,-0.0036245179352266677,transition_2,49,False
2023-03-10 00:00:00+00:00,0.0008309468249520989,0.0008309468249520989,0.4,0.6,0.0,1.0,0.3081236158660843,0.0,0.0,0.0,0.0,0.0,17743.623658865046,-0.0027965828919448432,deleveraging,1,False
2023-03-11 00:00:00+00:00,0.0008177292058700199,0.0008177292058700199,0.4,0.6,0.0,1.0,0.308060785512319,0.0,0.0,0.0,0.0,0.0,17758.133138148867,-0.0019811405335822263,deleveraging,2,False
2023-03-12 00:00:00+00:00,-0.0008873060257709,-0.0008873060257709,0.4,0.6,0.0,1.0,0.3208236405651914,0.0,0.0,0.0,0.0,0.0,17742.376239608944,-0.0028666886814198156,deleveraging,3,False
2023-03-13 00:00:00+00:00,-0.00079919023351784,-0.00079919023351784,0.4,0.6,0.0,1.0,0.3419740997665862,0.0,0.0,0.0,0.0,0.0,17728.196705798848,-0.0036635878853410464,deleveraging,4,False
2023-03-14 00:00:00+00:00,-0.00326239533527474,-0.00326239533527474,0.4,0.6,0.0,1.0,0.35437906733707525,0.0,0.0,0.0,0.0,0.0,17670.36031956302,-0.006914031148588018,deleveraging,5,False
2023-03-15 00:00:00+00:00,0.0038162278542989998,0.0038162278542989998,0.4,0.6,0.0,1.0,0.34289519589667883,0.0,0.0,0.0,0.0,0.0,17737.794440810034,-0.0031241888125439488,deleveraging,6,False
2023-03-16 00:00:00+00:00,0.00149535013401204,0.00149535013401204,0.4,0.6,0.0,1.0,0.4312279753596168,0.2271278320163359,0.0,0.0,0.0,0.0,17764.31865410418,-0.0016335104346912876,deleveraging,7,False
2023-03-17 00:00:00+00:00,-0.00114912331986248,-0.00114912331986248,0.4,0.6,0.0,1.0,0.4578691539034136,0.0,0.0,0.0,0.0,0.0,17743.90526127728,-0.0027807566496200753,deleveraging,8,False
2023-03-18 00:00:00+00:00,0.00201261854699576,0.00201261854699576,0.4,0.6,0.0,1.0,0.4558841921223382,0.0,0.0,0.0,0.0,0.0,17779.61697410226,-0.0007737347050320587,deleveraging,9,False
2023-03-19 00:00:00+00:00,0.0003323726951039395,0.0003323726951039395,0.4,0.6,0.0,1.0,0.4598766807147536,0.0,0.0,0.0,0.0,0.0,17785.52643331386,-0.0004416191782173895,deleveraging,10,False
2023-03-20 00:00:00+00:00,0.0035093044121101797,0.0035093044121101797,0.4,0.6,0.0,1.0,0.4500624897210124,0.0,0.0,0.0,0.0,0.0,17847.94125969799,0.0,deleveraging,11,False
2023-03-21 00:00:00+00:00,-0.0011337018919878798,-0.0011337018919878798,0.4,0.6,0.0,1.0,0.4590945486365263,0.0,0.0,0.0,0.0,0.0,17827.70701492378,-0.001133701891987915,deleveraging,12,False
2023-03-22 00:00:00+00:00,0.0002091156376925,0.0002091156376925,0.4,0.6,0.0,1.0,0.44978315939009844,0.0,0.0,0.0,0.0,0.0,17831.435067244798,-0.000924823329089719,rotation,1,False
2023-03-23 00:00:00+00:00,-0.0059098814938583,-0.0059098814938583,0.4,0.6,0.0,1.0,0.459133994706153,0.1771238727362036,0.0,0.0,0.0,0.0,17726.053399131953,-0.006829239226670225,rotation,2,False
2023-03-24 00:00:00+00:00,-0.0008523145550746494,-0.0008523145550746494,0.4,0.6,0.0,1.0,0.45149179910364357,0.0,0.0,0.0,0.0,0.0,17710.945225815845,-0.007675733121751738,rotation,3,False
2023-03-25 00:00:00+00:00,0.0009659650263320127,0.0009659650263320127,0.4,0.6,0.0,1.0,0.4481958757928863,0.0,0.0,0.0,0.0,0.0,17728.053379487264,-0.006717182585166848,rotation,4,False
2023-03-26 00:00:00+00:00,0.000298450458795091,0.000298450458795091,0.4,0.6,0.0,1.0,0.45285712882829077,0.0,0.0,0.0,0.0,0.0,17733.344325151917,-0.0064207368725961445,rotation,5,False
2023-03-27 00:00:00+00:00,-0.0056966436558126,-0.0056966436558126,0.4,0.6,0.0,1.0,0.4451187389000594,0.0,0.0,0.0,0.0,0.0,17632.323781705698,-0.012080803878437907,rotation,6,False
2023-03-28 00:00:00+00:00,-0.0010239492217204399,-0.0010239492217204399,0.4,0.6,0.0,1.0,0.44750629109333423,0.0,0.0,0.0,0.0,0.0,17614.2691774923,-0.01309238297042914,rotation,7,False
2023-03-29 00:00:00+00:00,-0.0016683655063974001,-0.0016683655063974001,0.4,0.6,0.0,1.0,0.4593183437869965,0.0,0.0,0.0,0.0,0.0,17584.88213837617,-0.014738905596682228,rotation,8,False
2023-03-30 00:00:00+00:00,-0.0009333602718244601,-0.0009333602718244601,0.4,0.6,0.0,1.0,0.3967754282513271,0.18895297109353162,0.0,0.0,0.0,0.0,17568.469108003497,-0.015658509159572453,transition_2,1,False
2023-03-31 00:00:00+00:00,0.0007575574399434999,0.0007575574399434999,0.4,0.6,0.0,1.0,0.40218999432527536,0.0,0.0,0.0,0.0,0.0,17581.77823248468,-0.01491281393974131,rotation,1,False
2023-04-01 00:00:00+00:00,0.0003010670830849197,0.0003010670830849197,0.4,0.6,0.0,1.0,0.4072616231513023,0.0,0.0,0.0,0.0,0.0,17587.071527172582,-0.01461623661404976,transition_2,1,False
2023-04-02 00:00:00+00:00,-0.00204606786545256,-0.00204606786545256,0.4,0.6,0.0,1.0,0.40571575646535324,0.0,0.0,0.0,0.0,0.0,17551.087185273416,-0.016632398667452586,transition_2,2,False
2023-04-03 00:00:00+00:00,0.0027698775660042196,0.0027698775660042196,0.4,0.6,0.0,1.0,0.4120539312593198,0.0,0.0,0.0,0.0,0.0,17599.70154792689,-0.013908590809386223,transition_2,3,False
2023-04-04 00:00:00+00:00,0.0014987262548756802,0.0014987262548756802,0.4,0.6,0.0,1.0,0.42374307776790576,0.0,0.0,0.0,0.0,0.0,17626.078682714742,-0.012430709724724931,transition_2,4,False
2023-04-05 00:00:00+00:00,0.0007738537394589601,0.0007738537394589601,0.4,0.6,0.0,1.0,0.4236533359332793,0.0,0.0,0.0,0.0,0.0,17639.718689615358,-0.0116664755364706,transition_2,5,False
2023-04-06 00:00:00+00:00,0.0005361082197055602,0.0005361082197055602,0.4,0.6,0.0,1.0,0.3656717642631783,0.14125884942345246,0.0,0.0,0.0,0.0,17649.175487798155,-0.011136621810195146,transition_2,6,False
2023-04-07 00:00:00+00:00,0.0004631983352837201,0.0004631983352837201,0.4,0.6,0.0,1.0,0.3586188701565014,0.0,0.0,0.0,0.0,0.0,17657.350556503232,-0.0106785819395947,transition_2,7,False
2023-04-08 00:00:00+00:00,-0.000278045550680569,-0.000278045550680569,0.4,0.6,0.0,1.0,0.35676900010457147,0.0,0.0,0.0,0.0,0.0,17652.44100874419,-0.010953658358079266,transition_2,8,False
2023-04-09 00:00:00+00:00,-0.0005361786030476201,-0.0005361786030476201,0.4,0.6,0.0,1.0,0.3580507065781701,0.0,0.0,0.0,0.0,0.0,17642.976147583737,-0.011483963843890499,transition,1,False
2023-04-10 00:00:00+00:00,-0.00016639198441032217,-0.00016639198441032217,0.4,0.6,0.0,1.0,0.3642513503950859,0.0,0.0,0.0,0.0,0.0,17640.040497771635,-0.011648444988767936,transition,2,False
2023-04-11 00:00:00+00:00,0.0015000619724833,0.0015000619724833,0.4,0.6,0.0,1.0,0.37397301298086427,0.0,0.0,0.0,0.0,0.0,17666.501651715407,-0.01016585640565093,transition,3,False
2023-04-12 00:00:00+00:00,0.00324472145831386,0.00324472145831386,0.4,0.6,0.0,1.0,0.3706608774427306,0.0,0.0,0.0,0.0,0.0,17723.824528718065,-0.0069541203197586166,transition_2,1,False
2023-04-13 00:00:00+00:00,0.00024399909593804,0.00024399909593804,0.4,0.6,0.0,1.0,0.4291758018867683,0.18021081263633557,0.0,0.0,0.0,0.0,17728.149125879634,-0.00671181802289178,transition_2,2,False
2023-04-14 00:00:00+00:00,0.0019888535640324202,0.0019888535640324202,0.4,0.6,0.0,1.0,0.43931432841093476,0.0,0.0,0.0,0.0,0.0,17763.40781845234,-0.00473631328205526,transition_2,3,False
2023-04-15 00:00:00+00:00,0.00125216598294872,0.00125216598294872,0.4,0.6,0.0,1.0,0.4392710223214624,0.0,0.0,0.0,0.0,0.0,17785.650553463853,-0.0034900779494828615,transition_2,4,False
2023-04-16 00:00:00+00:00,0.00430841372469054,0.00430841372469054,0.4,0.6,0.0,1.0,0.444406961221223,0.0,0.0,0.0,0.0,0.0,17862.278494410944,0.0,transition_2,5,False
2023-04-17 00:00:00+00:00,-0.00165052741239788,-0.00165052741239788,0.4,0.6,0.0,1.0,0.4391725546003163,0.0,0.0,0.0,0.0,0.0,17832.796314108033,-0.0016505274123979063,transition_2,6,False
2023-04-18 00:00:00+00:00,-0.00294815732443394,-0.00294815732443394,0.4,0.6,0.0,1.0,0.4476376203400908,0.0,0.0,0.0,0.0,0.0,17780.222425039457,-0.004593818722351761,transition_2,7,False
2023-04-19 00:00:00+00:00,-0.00171619560949008,-0.00171619560949008,0.4,0.6,0.0,1.0,0.4255684899683372,0.0,0.0,0.0,0.0,0.0,17749.708085377846,-0.0063021304403199085,transition_2,8,False
2023-04-20 00:00:00+00:00,0.00018306886616097995,0.00018306886616097995,0.4,0.6,0.0,1.0,0.4066605277894078,0.4079330566932635,0.0,0.0,0.0,0.0,17752.957504311726,-0.006120215298032972,transition_2,9,False
2023-04-21 00:00:00+00:00,0.0053814749448108205,0.0053814749448108205,0.4,0.6,0.0,1.0,0.39332897116500254,0.0,0.0,0.0,0.0,0.0,17848.494600317474,-0.0007716761385051507,transition_2,10,False
2023-04-22 00:00:00+00:00,-8.53988838040191e-07,-8.53988838040191e-07,0.4,0.6,0.0,1.0,0.3935305482193315,0.0,0.0,0.0,0.0,0.0,17848.479357902306,-0.0007725294683404993,transition_2,11,False
2023-04-23 00:00:00+00:00,0.00024199969439906018,0.00024199969439906018,0.4,0.6,0.0,1.0,0.39330188656988807,0.0,0.0,0.0,0.0,0.0,17852.798684452406,-0.0005307167258368217,transition,1,False
2023-04-24 00:00:00+00:00,-0.0010538270502197,-0.0010538270502197,0.4,0.6,0.0,1.0,0.39270834866381227,0.0,0.0,0.0,0.0,0.0,17833.984922276606,-0.0015839844924145918,transition,2,False
2023-04-25 00:00:00+00:00,-0.0005515544773934002,-0.0005515544773934002,0.4,0.6,0.0,1.0,0.39628130920094073,0.0,0.0,0.0,0.0,0.0,17824.148508042956,-0.0021346653160692064,transition,3,False
2023-04-26 00:00:00+00:00,0.0005194158458245202,0.0005194158458245202,0.4,0.6,0.0,1.0,0.39771800156315684,0.0,0.0,0.0,0.0,0.0,17833.406653216363,-0.001616358249235339,transition,4,False
2023-04-27 00:00:00+00:00,0.00046585512906744016,0.00046585512906744016,0.4,0.6,0.0,1.0,0.3546211761373236,0.12680066149921038,0.0,0.0,0.0,0.0,17841.714437174513,-0.0011512561089486173,transition_2,1,False
2023-04-28 00:00:00+00:00,0.0009674687782130001,0.0009674687782130001,0.4,0.6,0.0,1.0,0.35720114645815226,0.0,0.0,0.0,0.0,0.0,17858.97573884227,-0.00018490113507685368,transition_2,2,False
2023-04-29 00:00:00+00:00,-0.00110897803458068,-0.00110897803458068,0.4,0.6,0.0,1.0,0.35983376692949354,0.0,0.0,0.0,0.0,0.0,17839.170527027785,-0.001293674118360122,transition_2,3,False
2023-04-30 00:00:00+00:00,0.00245707838053366,0.00245707838053366,0.4,0.6,0.0,1.0,0.3578391892523206,0.0,0.0,0.0,0.0,0.0,17883.002767256396,0.0,transition,1,False
2023-05-01 00:00:00+00:00,2.9441640078003463e-07,2.9441640078003463e-07,0.4,0.6,0.0,1.0,0.3484742659372375,0.0,0.0,0.0,0.0,0.0,17883.00803230571,0.0,transition,2,False
2023-05-02 00:00:00+00:00,-6.332858039867994e-05,-6.332858039867994e-05,0.4,0.6,0.0,1.0,0.3503992707925767,0.0,0.0,0.0,0.0,0.0,17881.875526793763,-6.33285803987027e-05,transition,3,False
2023-05-03 00:00:00+00:00,-0.00026166125962541996,-0.00026166125962541996,0.4,0.6,0.0,1.0,0.351098637422674,0.0,0.0,0.0,0.0,0.0,17877.196532718954,-0.0003249732693881846,transition,4,False
2023-05-04 00:00:00+00:00,-0.0011184204252696998,-0.0011184204252696998,0.4,0.6,0.0,1.0,0.305593835204198,0.13268399490332689,0.0,0.0,0.0,0.0,17857.202310970202,-0.001443030237915699,transition_2,1,False
2023-05-05 00:00:00+00:00,0.00372704217327668,0.00372704217327668,0.4,0.6,0.0,1.0,0.30947237370739755,0.0,0.0,0.0,0.0,0.0,17923.756857079923,0.0,transition,1,False
2023-05-06 00:00:00+00:00,0.00100498657488288,0.00100498657488288,0.4,0.6,0.0,1.0,0.3026529452834166,0.0,0.0,0.0,0.0,0.0,17941.76999209275,0.0,transition_2,1,False
2023-05-07 00:00:00+00:00,-0.00084474714674766,-0.00084474714674766,0.4,0.6,0.0,1.0,0.2993775286089197,0.0,0.0,0.0,0.0,0.0,17926.61373308433,-0.0008447471467475376,transition,1,False
2023-05-08 00:00:00+00:00,0.0029634545379815204,0.0029634545379815204,0.4,0.6,0.0,1.0,0.2864865977793022,0.0,0.0,0.0,0.0,0.0,17979.73843790228,0.0,transition,2,False
2023-05-09 00:00:00+00:00,-0.0028612164191324802,-0.0028612164191324802,0.4,0.6,0.0,1.0,0.28683618081435974,0.0,0.0,0.0,0.0,0.0,17928.294515072048,-0.002861216419132395,deleveraging,1,False
2023-05-10 00:00:00+00:00,0.00103422740674344,0.00103422740674344,0.4,0.6,0.0,1.0,0.28783835962919807,0.0,0.0,0.0,0.0,0.0,17946.8364486157,-0.001829948160826489,transition,1,False
2023-05-11 00:00:00+00:00,-0.00221281256226186,-0.00221281256226186,0.4,0.6,0.0,1.0,0.32215666706552437,0.11031747524003267,0.0,0.0,0.0,0.0,17907.123463469346,-0.0040387113908096905,transition,2,False
2023-05-12 00:00:00+00:00,0.00308029311898508,0.00308029311898508,0.4,0.6,0.0,1.0,0.32311003673146854,0.0,0.0,0.0,0.0,0.0,17962.282652654685,-0.0009708586867314128,transition,3,False
2023-05-13 00:00:00+00:00,0.0005822204757473778,0.0005822204757473778,0.4,0.6,0.0,1.0,0.3237123804946199,0.0,0.0,0.0,0.0,0.0,17972.740661406224,-0.000389203464790433,transition,4,False
2023-05-14 00:00:00+00:00,-0.0014751936754675602,-0.0014751936754675602,0.4,0.6,0.0,1.0,0.32640202248277705,0.0,0.0,0.0,0.0,0.0,17946.2273880517,-0.0018638229897682823,transition,5,False
2023-05-15 00:00:00+00:00,-0.00165320008726036,-0.00165320008726036,0.4,0.6,0.0,1.0,0.33104772998038906,0.0,0.0,0.0,0.0,0.0,17916.558683367777,-0.0035139418046993276,transition,6,False
2023-05-16 00:00:00+00:00,-0.00302518938481362,-0.00302518938481362,0.4,0.6,0.0,1.0,0.3313515064042156,0.0,0.0,0.0,0.0,0.0,17862.357700226465,-0.006528500850066399,transition,7,False
2023-05-17 00:00:00+00:00,-0.0016531273526614802,-0.0016531273526614802,0.4,0.6,0.0,1.0,0.3391202110618303,0.0,0.0,0.0,0.0,0.0,17832.828948129194,-0.008170835759400918,transition,8,False
2023-05-18 00:00:00+00:00,-0.000586683051553,-0.000586683051553,0.4,0.6,0.0,1.0,0.39091075394276564,0.22836119020928952,0.0,0.0,0.0,0.0,17822.366729624086,-0.008752725120096727,transition,9,False
2023-05-19 00:00:00+00:00,-0.00079746844506156,-0.00079746844506156,0.4,0.6,0.0,1.0,0.39152801036040513,0.0,0.0,0.0,0.0,0.0,17808.153954540896,-0.009543213543066642,transition,10,False
2023-05-20 00:00:00+00:00,1.708371261090007e-05,1.708371261090007e-05,0.4,0.6,0.0,1.0,0.393283636846014,0.0,0.0,0.0,0.0,0.0,17808.458183925188,-0.009526292863973218,transition,11,False
2023-05-21 00:00:00+00:00,0.00229063742258368,0.00229063742258368,0.4,0.6,0.0,1.0,0.3898994086460802,0.0,0.0,0.0,0.0,0.0,17849.250904679804,-0.007257476724322198,transition,12,False
2023-05-22 00:00:00+00:00,0.0025182516841795602,0.0025182516841795602,0.4,0.6,0.0,1.0,0.39023263656944035,0.0,0.0,0.0,0.0,0.0,17894.19981083186,-0.004757501193126457,transition,13,False
2023-05-23 00:00:00+00:00,0.00065133772985154,0.00065133772985154,0.4,0.6,0.0,1.0,0.394988025656853,0.0,0.0,0.0,0.0,0.0,17905.854978314153,-0.004109262203301989,transition,14,False
2023-05-24 00:00:00+00:00,0.0011607879687660799,0.0011607879687660799,0.4,0.6,0.0,1.0,0.38459447293798105,0.0,0.0,0.0,0.0,0.0,17926.639879343453,-0.0029532442166618766,transition,15,False
2023-05-25 00:00:00+00:00,-0.00124783477324706,-0.00124783477324706,0.4,0.6,0.0,1.0,0.4023996294443818,0.21876914230836234,0.0,0.0,0.0,0.0,17904.27039473453,-0.004197393829081575,transition,16,False
2023-05-26 00:00:00+00:00,-0.00226609757244384,-0.00226609757244384,0.4,0.6,0.0,1.0,0.4046291971259043,0.0,0.0,0.0,0.0,0.0,17863.697571056644,-0.006453979697558676,transition,17,False
2023-05-27 00:00:00+00:00,0.00154090821911854,0.00154090821911854,0.4,0.6,0.0,1.0,0.4093783463318389,0.0,0.0,0.0,0.0,0.0,17891.223889467732,-0.0049230164688022215,transition,18,False
2023-05-28 00:00:00+00:00,-0.0019768549946254797,-0.0019768549946254797,0.4,0.6,0.0,1.0,0.4182425294336774,0.0,0.0,0.0,0.0,0.0,17855.855534161874,-0.006890139373732729,transition,19,False
2023-05-29 00:00:00+00:00,-0.0014559551956021082,-0.0014559551956021082,0.4,0.6,0.0,1.0,0.4188445437529885,0.0,0.0,0.0,0.0,0.0,17829.858208524987,-0.008336062835115454,transition,20,False
2023-05-30 00:00:00+00:00,0.00064614421803338,0.00064614421803338,0.4,0.6,0.0,1.0,0.42116728418854193,0.0,0.0,0.0,0.0,0.0,17841.378868314783,-0.007695304915883994,transition,21,False
2023-05-31 00:00:00+00:00,0.00034135550584734,0.00034135550584734,0.4,0.6,0.0,1.0,0.41574873884522373,0.0,0.0,0.0,0.0,0.0,17847.469121223392,-0.007356576244738733,transition,22,False
2023-06-01 00:00:00+00:00,-0.00249641249183542,-0.00249641249183542,0.4,0.6,0.0,1.0,0.44137734113891425,0.2346065780801757,0.0,0.0,0.0,0.0,17802.914476361522,-0.009834623687739685,transition,23,False
2023-06-02 00:00:00+00:00,0.0031898801535829406,0.0031898801535829406,0.4,0.6,0.0,1.0,0.4521864171363491,0.0,0.0,0.0,0.0,0.0,17859.703639925603,-0.006676114805076239,transition,24,False
2023-06-03 00:00:00+00:00,-0.00131050604691338,-0.00131050604691338,0.4,0.6,0.0,1.0,0.45401588843179513,0.0,0.0,0.0,0.0,0.0,17836.2983903094,-0.007977871763167665,transition,25,False
2023-06-04 00:00:00+00:00,0.0007768378963596198,0.0007768378963596198,0.4,0.6,0.0,1.0,0.45508752135999964,0.0,0.0,0.0,0.0,0.0,17850.154302829767,-0.007207231379926071,transition,26,False
2023-06-05 00:00:00+00:00,-0.0018127314365344398,-0.0018127314365344398,0.4,0.6,0.0,1.0,0.4351502366137336,0.0,0.0,0.0,0.0,0.0,17817.796766978037,-0.009006898041567846,transition,27,False
2023-06-06 00:00:00+00:00,-0.0024980962964040996,-0.0024980962964040996,0.4,0.6,0.0,1.0,0.43860300104970595,0.0,0.0,0.0,0.0,0.0,17773.28619486437,-0.01148249423933212,transition,28,False
2023-06-07 00:00:00+00:00,-0.0042890069525027795,-0.0042890069525027795,0.4,0.6,0.0,1.0,0.429907747371986,0.0,0.0,0.0,0.0,0.0,17697.056446805775,-0.015722252694210348,transition,29,False
2023-06-08 00:00:00+00:00,-0.00040001155675821996,-0.00040001155675821996,0.4,0.6,0.0,1.0,0.3957296363098063,0.23596857569516147,0.0,0.0,0.0,0.0,17689.97741970645,-0.01611597516819252,transition,30,False
2023-06-09 00:00:00+00:00,-0.0025562231139275413,-0.0025562231139275413,0.4,0.6,0.0,1.0,0.39154224232821305,0.0,0.0,0.0,0.0,0.0,17644.75789054134,-0.018631002253891693,transition,31,False
2023-06-10 00:00:00+00:00,0.00321436021793414,0.00321436021793414,0.4,0.6,0.0,1.0,0.3608064608256265,0.0,0.0,0.0,0.0,0.0,17701.474498359777,-0.01547652878842265,transition,32,False
2023-06-11 00:00:00+00:00,0.0009666463478561999,0.0009666463478561999,0.4,0.6,0.0,1.0,0.3615217685876504,0.0,0.0,0.0,0.0,0.0,17718.585564035286,-0.01452484277059729,deleveraging,1,False
2023-06-12 00:00:00+00:00,0.00027711030396634543,0.00027711030396634543,0.4,0.6,0.0,1.0,0.3623229661013824,0.0,0.0,0.0,0.0,0.0,17723.49556666679,-0.014251757450226221,deleveraging,2,False
2023-06-13 00:00:00+00:00,-0.0033783573463767196,-0.0033783573463767196,0.4,0.6,0.0,1.0,0.36794610966701347,0.0,0.0,0.0,0.0,0.0,17663.619265215664,-0.017581967267122134,deleveraging,3,False
2023-06-14 00:00:00+00:00,-0.00223622703851496,-0.00223622703851496,0.4,0.6,0.0,1.0,0.35967857230678546,0.0,0.0,0.0,0.0,0.0,17624.119402216755,-0.019778877035044107,deleveraging,4,False
2023-06-15 00:00:00+00:00,0.0017630091828040799,0.0017630091828040799,0.4,0.6,0.0,1.0,0.43983513295406373,0.2425788794240133,0.0,0.0,0.0,0.0,17655.190886561697,-0.01805073819407843,deleveraging,5,False
2023-06-16 00:00:00+00:00,0.00178887350742442,0.00178887350742442,0.4,0.6,0.0,1.0,0.4410393836146361,0.0,0.0,0.0,0.0,0.0,17686.77378980719,-0.016294155173998792,deleveraging,6,False
2023-06-17 00:00:00+00:00,-0.0004873559928946599,-0.0004873559928946599,0.4,0.6,0.0,1.0,0.44703398143447437,0.0,0.0,0.0,0.0,0.0,17678.154034605755,-0.016773570112720293,deleveraging,7,False
2023-06-18 00:00:00+00:00,-0.0004395932500259,-0.0004395932500259,0.4,0.6,0.0,1.0,0.4464226783404117,0.0,0.0,0.0,0.0,0.0,17670.382837419224,-0.01720578981454579,deleveraging,8,False
2023-06-19 00:00:00+00:00,0.00155664880885962,0.00155664880885962,0.4,0.6,0.0,1.0,0.4475733020923834,0.0,0.0,0.0,0.0,0.0,17697.889417815186,-0.015675924377906436,deleveraging,9,False
2023-06-20 00:00:00+00:00,0.00073996909681298,0.00073996909681298,0.4,0.6,0.0,1.0,0.4530330269459337,0.0,0.0,0.0,0.0,0.0,17710.985309063184,-0.014947554980696998,deleveraging,10,False
2023-06-21 00:00:00+00:00,0.0010480750817372802,0.0010480750817372802,0.4,0.6,0.0,1.0,0.47218757754453367,0.0,0.0,0.0,0.0,0.0,17729.54775143863,-0.0139151460588679,deleveraging,11,False
2023-06-22 00:00:00+00:00,-0.00127015247075104,-0.00127015247075104,0.4,0.6,0.0,1.0,0.4533367695130567,0.17940799332725038,0.0,0.0,0.0,0.0,17707.02852255684,-0.015167624172471417,deleveraging,12,False
2023-06-23 00:00:00+00:00,0.00046854871812034216,0.00046854871812034216,0.4,0.6,0.0,1.0,0.4680043836464351,0.0,0.0,0.0,0.0,0.0,17715.325128072804,-0.014706182225214137,deleveraging,13,False
2023-06-24 00:00:00+00:00,0.004286566343618,0.004286566343618,0.4,0.6,0.0,1.0,0.46642120457010355,0.0,0.0,0.0,0.0,0.0,17791.26304453305,-0.010482654907365774,deleveraging,14,False
2023-06-25 00:00:00+00:00,-0.00313120246542562,-0.00313120246542562,0.4,0.6,0.0,1.0,0.4691296051208189,0.0,0.0,0.0,0.0,0.0,17735.554997824973,-0.013581034057901231,transition_2,1,False
2023-06-26 00:00:00+00:00,0.00555588300112108,0.00555588300112108,0.4,0.6,0.0,1.0,0.46349607434023177,0.0,0.0,0.0,0.0,0.0,17834.091666352837,-0.008100605693040164,transition_2,2,False
2023-06-27 00:00:00+00:00,0.00056199131935108,0.00056199131935108,0.4,0.6,0.0,1.0,0.466788270860076,0.0,0.0,0.0,0.0,0.0,17844.11427105784,-0.007543166843769988,transition_2,3,False
2023-06-28 00:00:00+00:00,0.0038038946514038796,0.0038038946514038796,0.4,0.6,0.0,1.0,0.4505682215414608,0.0,0.0,0.0,0.0,0.0,17911.99140189256,-0.0037679656043775323,transition_2,4,False
2023-06-29 00:00:00+00:00,-0.00237090078411618,-0.00237090078411618,0.4,0.6,0.0,1.0,0.45853212236644403,0.1936053741233694,0.0,0.0,0.0,0.0,17869.52384743273,-0.006129932915887815,deleveraging,1,False
2023-06-30 00:00:00+00:00,0.0022893555666488596,0.0022893555666488596,0.4,0.6,0.0,1.0,0.48166654367671036,0.0,0.0,0.0,0.0,0.0,17910.433541326212,-0.0038546109452832766,transition_2,1,False
2023-07-01 00:00:00+00:00,-0.00107628079455572,-0.00107628079455572,0.4,0.6,0.0,1.0,0.48919192723579497,0.0,0.0,0.0,0.0,0.0,17891.15688568352,-0.004926743096107966,transition_2,2,False
2023-07-02 00:00:00+00:00,-0.0021506304760772602,-0.0021506304760772602,0.4,0.6,0.0,1.0,0.4930135921906379,0.0,0.0,0.0,0.0,0.0,17852.67961843289,-0.007066777968334881,transition_2,3,False
2023-07-03 00:00:00+00:00,0.0009998785407451002,0.0009998785407451002,0.4,0.6,0.0,1.0,0.4957367298523373,0.0,0.0,0.0,0.0,0.0,17870.530129678154,-0.0060739653472327015,transition_2,4,False
2023-07-04 00:00:00+00:00,0.0013323019629881195,0.0013323019629881195,0.4,0.6,0.0,1.0,0.49025063800776114,0.0,0.0,0.0,0.0,0.0,17894.339072049563,-0.004749755740199868,transition_2,5,False
2023-07-05 00:00:00+00:00,0.00171816589623468,0.00171816589623468,0.4,0.6,0.0,1.0,0.48079653934094047,0.0,0.0,0.0,0.0,0.0,17925.084515178816,-0.003039750712293454,transition_2,6,False
2023-07-06 00:00:00+00:00,0.0009051508978087632,0.0009051508978087632,0.4,0.6,0.0,1.0,0.3786030342089466,0.1993444296110503,0.0,0.0,0.0,0.0,17941.30942152103,-0.0021373512475709733,transition_2,7,False
2023-07-07 00:00:00+00:00,0.0020891034002053005,0.0020891034002053005,0.4,0.6,0.0,1.0,0.3798288029719383,0.0,0.0,0.0,0.0,0.0,17978.790672037667,-5.271299512432659e-05,transition_2,8,False
2023-07-08 00:00:00+00:00,0.00070508996103212,0.00070508996103212,0.4,0.6,0.0,1.0,0.38108781735423136,0.0,0.0,0.0,0.0,0.0,17991.46733685202,0.0,transition_2,9,False
2023-07-09 00:00:00+00:00,-0.00084849828243616,-0.00084849828243616,0.4,0.6,0.0,1.0,0.37851764480844674,0.0,0.0,0.0,0.0,0.0,17976.201607718194,-0.0008484982824361609,transition_2,10,False
2023-07-10 00:00:00+00:00,-0.00155401222495738,-0.00155401222495738,0.4,0.6,0.0,1.0,0.3787728634463451,0.0,0.0,0.0,0.0,0.0,17948.266370661502,-0.002401191930689772,transition_2,11,False
2023-07-11 00:00:00+00:00,-0.0004314582389813292,-0.0004314582389813292,0.4,0.6,0.0,1.0,0.3811229728767789,0.0,0.0,0.0,0.0,0.0,17940.52244326045,-0.0028316141556292695,transition_2,12,False
2023-07-12 00:00:00+00:00,0.0004498389221410601,0.0004498389221410601,0.4,0.6,0.0,1.0,0.38189260341198994,0.0,0.0,0.0,0.0,0.0,17948.592788538972,-0.0023830490037478613,transition_2,13,False
2023-07-13 00:00:00+00:00,-0.024914225713092562,-0.024914225713092562,0.4,0.6,0.0,1.0,0.38299677363064366,0.22771271462205714,0.0,0.0,0.0,0.0,17501.41749657293,-0.027237902896075528,transition_2,14,False
2023-07-14 00:00:00+00:00,0.0092155472715149,0.0092155472715149,0.4,0.6,0.0,1.0,0.3708562196205303,0.0,0.0,0.0,0.0,0.0,17662.702636831116,-0.01827336780627631,transition_2,15,False
2023-07-15 00:00:00+00:00,0.0009534970779286998,0.0009534970779286998,0.4,0.6,0.0,1.0,0.3645149846124899,0.0,0.0,0.0,0.0,0.0,17679.54397218366,-0.017337294331154718,transition_2,16,False
2023-07-16 00:00:00+00:00,-0.00249094302663498,-0.00249094302663498,0.4,0.6,0.0,1.0,0.3623491962814199,0.0,0.0,0.0,0.0,0.0,17635.505235412063,-0.019785051145374766,transition_2,17,False
2023-07-17 00:00:00+00:00,0.0036951546786402603,0.0036951546786402603,0.4,0.6,0.0,1.0,0.36114819036412704,0.0,0.0,0.0,0.0,0.0,17700.67115509288,-0.01616300529104142,transition_2,18,False
2023-07-18 00:00:00+00:00,-0.00520929475908052,-0.00520929475908052,0.4,0.6,0.0,1.0,0.35898833351340775,0.0,0.0,0.0,0.0,0.0,17608.46314161245,-0.02128810219136823,transition_2,19,False
2023-07-19 00:00:00+00:00,-0.0048480007554581594,-0.0048480007554581594,0.4,0.6,0.0,1.0,0.3680173829240879,0.0,0.0,0.0,0.0,0.0,17523.097298999455,-0.026032898211320377,transition_2,20,False
2023-07-20 00:00:00+00:00,0.00283395940063704,0.00283395940063704,0.4,0.6,0.0,1.0,0.36980654184082873,0.13243368093925667,0.0,0.0,0.0,0.0,17572.75704531823,-0.023272714987295218,transition_2,21,False
2023-07-21 00:00:00+00:00,0.0015124814579496998,0.0015124814579496998,0.4,0.6,0.0,1.0,0.3681199550551173,0.0,0.0,0.0,0.0,0.0,17599.335514514332,-0.021795433079239812,transition_2,22,False
2023-07-22 00:00:00+00:00,0.00499698398755348,0.00499698398755348,0.4,0.6,0.0,1.0,0.3634956981658207,0.0,0.0,0.0,0.0,0.0,17687.27911227194,-0.01690736052178521,transition_2,23,False
2023-07-23 00:00:00+00:00,-0.00183051804659762,-0.00183051804659762,0.4,0.6,0.0,1.0,0.36303636303899567,0.0,0.0,0.0,0.0,0.0,17654.90222866172,-0.018706929339827316,transition_2,24,False
2023-07-24 00:00:00+00:00,0.0001664343590034199,0.0001664343590034199,0.4,0.6,0.0,1.0,0.3541420177986959,0.0,0.0,0.0,0.0,0.0,17657.84061099741,-0.018543608456617733,transition_2,25,False
2023-07-25 00:00:00+00:00,-0.0038164448355632206,-0.0038164448355632206,0.4,0.6,0.0,1.0,0.3550943641888966,0.0,0.0,0.0,0.0,0.0,17590.450436390372,-0.022289282633453866,transition_2,26,False
2023-07-26 00:00:00+00:00,0.00251592519899572,0.00251592519899572,0.4,0.6,0.0,1.0,0.3594337050968226,0.0,0.0,0.0,0.0,0.0,17634.706693904973,-0.019829435602303103,transition_2,27,False
2023-07-27 00:00:00+00:00,-0.0013899178660467591,-0.0013899178660467591,0.4,0.6,0.0,1.0,0.4094297418109919,0.1828318803591798,0.0,0.0,0.0,0.0,17610.195900008617,-0.021191792181532776,transition_2,28,False
2023-07-28 00:00:00+00:00,0.00301534788146204,0.00301534788146204,0.4,0.6,0.0,1.0,0.40792494744183266,0.0,0.0,0.0,0.0,0.0,17663.296766907843,-0.018240344925729568,transition_2,29,False
2023-07-29 00:00:00+00:00,-0.0027377940102333,-0.0027377940102333,0.4,0.6,0.0,1.0,0.41148702741906223,0.0,0.0,0.0,0.0,0.0,17614.938298818426,-0.02092820062888079,transition_2,30,False
2023-07-30 00:00:00+00:00,-0.0019259735764658998,-0.0019259735764658998,0.4,0.6,0.0,1.0,0.41178269137800994,0.0,0.0,0.0,0.0,0.0,17581.01239310383,-0.02281386704393218,transition_2,31,False
2023-07-31 00:00:00+00:00,-0.0001079663308552201,-0.0001079663308552201,0.4,0.6,0.0,1.0,0.40765229387641955,0.0,0.0,0.0,0.0,0.0,17579.114235703022,-0.022919370245270243,transition_2,32,False
2023-08-01 00:00:00+00:00,0.00056579071932124,0.00056579071932124,0.4,0.6,0.0,1.0,0.4062474728712867,0.0,0.0,0.0,0.0,0.0,17589.060335391474,-0.022366547092926292,transition_2,33,False
2023-08-02 00:00:00+00:00,0.00405576034216696,0.00405576034216696,0.4,0.6,0.0,1.0,0.3967073629092779,0.0,0.0,0.0,0.0,0.0,17660.397348755734,-0.018401500105450164,transition_2,34,False
2023-08-03 00:00:00+00:00,0.00172028351768296,0.00172028351768296,0.4,0.6,0.0,1.0,0.36301106671860767,0.17736502220179715,0.0,0.0,0.0,0.0,17690.77823923053,-0.01671287238509922,transition_2,35,False
2023-08-04 00:00:00+00:00,0.00173611258322356,0.00173611258322356,0.4,0.6,0.0,1.0,0.36106751587854696,0.0,0.0,0.0,0.0,0.0,17721.491421938677,-0.015005775229925189,transition_2,36,False
2023-08-05 00:00:00+00:00,-0.00104561675647088,-0.00104561675647088,0.4,0.6,0.0,1.0,0.35962265868057564,0.0,0.0,0.0,0.0,0.0,17702.961533558242,-0.016035701696371918,transition_2,37,False
2023-08-06 00:00:00+00:00,0.0020471417320686797,0.0020471417320686797,0.4,0.6,0.0,1.0,0.35900461893859015,0.0,0.0,0.0,0.0,0.0,17739.202004894796,-0.01402138731844882,transition_2,38,False
2023-08-07 00:00:00+00:00,-0.0011083903121653,-0.0011083903121653,0.4,0.6,0.0,1.0,0.35849949849904955,0.0,0.0,0.0,0.0,0.0,17719.540045247028,-0.015114236460747277,transition_2,39,False
2023-08-08 00:00:00+00:00,-0.0003983213115036602,-0.0003983213115036602,0.4,0.6,0.0,1.0,0.36214490733699645,0.0,0.0,0.0,0.0,0.0,17712.481974816965,-0.015506537449761382,transition_2,40,False
2023-08-09 00:00:00+00:00,-0.0011850618154601801,-0.0011850618154601801,0.4,0.6,0.0,1.0,0.3653590931369484,0.0,0.0,0.0,0.0,0.0,17691.491588771583,-0.01667322305979979,transition_2,41,False
2023-08-10 00:00:00+00:00,0.00022115761794188005,0.00022115761794188005,0.4,0.6,0.0,1.0,0.43802790642007794,0.268585622854271,0.0,0.0,0.0,0.0,17695.404196909192,-0.016455752852153394,transition_2,42,False
2023-08-11 00:00:00+00:00,0.00076943478129642,0.00076943478129642,0.4,0.6,0.0,1.0,0.4356118424026163,0.0,0.0,0.0,0.0,0.0,17709.01965636739,-0.015698979699454108,transition_2,43,False
2023-08-12 00:00:00+00:00,0.0011363966978788999,0.0011363966978788999,0.4,0.6,0.0,1.0,0.4368701214238797,0.0,0.0,0.0,0.0,0.0,17729.144127827556,-0.014580423270265763,transition_2,44,False
2023-08-13 00:00:00+00:00,0.00041822536067216004,0.00041822536067216004,0.4,0.6,0.0,1.0,0.4343843507255824,0.0,0.0,0.0,0.0,0.0,17736.558905524827,-0.014168295812374443,transition_2,45,False
2023-08-14 00:00:00+00:00,3.1622164239175635e-05,3.1622164239175635e-05,0.4,0.6,0.0,1.0,0.43457400015032105,0.0,0.0,0.0,0.0,0.0,17737.119773903574,-0.014137121680312559,transition_2,46,False
2023-08-15 00:00:00+00:00,0.00102209990737354,0.00102209990737354,0.4,0.6,0.0,1.0,0.42625601435086,0.0,0.0,0.0,0.0,0.0,17755.248882381555,-0.013129471323698905,transition_2,47,False
2023-08-16 00:00:00+00:00,0.00231057831057178,0.00231057831057178,0.4,0.6,0.0,1.0,0.4098904231677254,0.0,0.0,0.0,0.0,0.0,17796.273775347985,-0.01084922968479718,transition_2,48,False
2023-08-17 00:00:00+00:00,0.0059937946634891,0.0059937946634891,0.4,0.6,0.0,1.0,0.39678054702191057,0.18535127682199853,0.0,0.0,0.0,0.0,17902.940986132657,-0.0049204630762959,transition_2,49,False
2023-08-18 00:00:00+00:00,-0.00411796205455318,-0.00411796205455318,0.4,0.6,0.0,1.0,0.3862686070157795,0.0,0.0,0.0,0.0,0.0,17829.21735448686,-0.009018162850609857,transition_2,50,False
2023-08-19 00:00:00+00:00,0.0007988827988261401,0.0007988827988261401,0.4,0.6,0.0,1.0,0.38970996741289354,0.0,0.0,0.0,0.0,0.0,17843.46080954789,-0.008226484506962173,transition_2,51,False
2023-08-20 00:00:00+00:00,0.00010297195116101994,0.00010297195116101994,0.4,0.6,0.0,1.0,0.39367458085325147,0.0,0.0,0.0,0.0,0.0,17845.29818552291,-0.00812435965296221,transition,1,False
2023-08-21 00:00:00+00:00,-0.00088870931906598,-0.00088870931906598,0.4,0.6,0.0,1.0,0.39075530768038047,0.0,0.0,0.0,0.0,0.0,17829.43890272393,-0.0090058487778929,transition,2,False
2023-08-22 00:00:00+00:00,-0.0005074671051825162,-0.0005074671051825162,0.4,0.6,0.0,1.0,0.38658022175292606,0.0,0.0,0.0,0.0,0.0,17820.391048976933,-0.009508745711066635,transition,3,False
2023-08-23 00:00:00+00:00,0.0018752489073054798,0.0018752489073054798,0.4,0.6,0.0,1.0,0.39443424363407265,0.0,0.0,0.0,0.0,0.0,17853.808717819284,-0.007651328068765673,transition,4,False
2023-08-24 00:00:00+00:00,-0.0007149062948469201,-0.0007149062948469201,0.4,0.6,0.0,1.0,0.41234232846363617,0.1436163548657536,0.0,0.0,0.0,0.0,17841.044917579922,-0.008360764381012298,transition,5,False
2023-08-25 00:00:00+00:00,-0.0003560981303750399,-0.0003560981303750399,0.4,0.6,0.0,1.0,0.41044881604162126,0.0,0.0,0.0,0.0,0.0,17834.691754840835,-0.008713885258822662,transition,6,False
2023-08-26 00:00:00+00:00,0.0001886765751182495,0.0001886765751182495,0.4,0.6,0.0,1.0,0.4101076076345975,0.0,0.0,0.0,0.0,0.0,17838.056743399426,-0.008526852789731199,transition,7,False
2023-08-27 00:00:00+00:00,-0.00087993117246338,-0.00087993117246338,0.4,0.6,0.0,1.0,0.41386215164610607,0.0,0.0,0.0,0.0,0.0,17822.36048121474,-0.009399280918621855,transition,8,False
2023-08-28 00:00:00+00:00,0.00022626797866986004,0.00022626797866986004,0.4,0.6,0.0,1.0,0.4111405310121976,0.0,0.0,0.0,0.0,0.0,17826.393110695946,-0.009175139696246504,transition,9,False
2023-08-29 00:00:00+00:00,-0.006855754567580601,-0.006855754567580601,0.4,0.6,0.0,1.0,0.4314673736629846,0.0,0.0,0.0,0.0,0.0,17704.179734703805,-0.015967991757946387,transition,10,False
2023-08-30 00:00:00+00:00,9.750077472017163e-05,9.750077472017163e-05,0.4,0.6,0.0,1.0,0.42918514220621024,0.0,0.0,0.0,0.0,0.0,17705.90590594372,-0.01587204787479357,transition,11,False
2023-08-31 00:00:00+00:00,-0.0014431045477155198,-0.0014431045477155198,0.4,0.6,0.0,1.0,0.35525134240334316,0.22581405566796647,0.0,0.0,0.0,0.0,17680.35443260943,-0.017292247398039362,transition,12,False
2023-09-01 00:00:00+00:00,0.00022528203467665994,0.00022528203467665994,0.4,0.6,0.0,1.0,0.3486852755883727,0.0,0.0,0.0,0.0,0.0,17684.337498829813,-0.017070860996040715,transition,13,False
2023-09-02 00:00:00+00:00,0.0009406152656848201,0.0009406152656848201,0.4,0.6,0.0,1.0,0.3477733467078291,0.0,0.0,0.0,0.0,0.0,17700.971656644735,-0.016146302842807048,transition,14,False
2023-09-03 00:00:00+00:00,0.00020828461336822003,0.00020828461336822003,0.4,0.6,0.0,1.0,0.34771168310728895,0.0,0.0,0.0,0.0,0.0,17704.65849668248,-0.015941381255883846,transition,15,False
2023-09-04 00:00:00+00:00,0.00066509907135312,0.00066509907135312,0.4,0.6,0.0,1.0,0.3475590105428479,0.0,0.0,0.0,0.0,0.0,17716.43384860725,-0.015286884782400145,transition,16,False
2023-09-05 00:00:00+00:00,0.0007894676450411043,0.0007894676450411043,0.4,0.6,0.0,1.0,0.3479077784811223,0.0,0.0,0.0,0.0,0.0,17730.420399916235,-0.014509485638288133,transition,17,False
2023-09-06 00:00:00+00:00,0.00025435564687884,0.00025435564687884,0.4,0.6,0.0,1.0,0.3476558456073766,0.0,0.0,0.0,0.0,0.0,17734.93023246649,-0.014258820561014685,transition,18,False
2023-09-07 00:00:00+00:00,-3.413799356008002e-05,-3.413799356008002e-05,0.4,0.6,0.0,1.0,0.44121596097605276,0.33316424780599674,0.0,0.0,0.0,0.0,17734.324797532423,-0.014292471787050398,transition,19,False
2023-09-08 00:00:00+00:00,-4.007845012644922e-05,-4.007845012644922e-05,0.4,0.6,0.0,1.0,0.43962537258757556,0.0,0.0,0.0,0.0,0.0,17733.6140332805,-0.01433197741705905,transition,20,False
2023-09-09 00:00:00+00:00,-0.0001773396035570401,-0.0001773396035570401,0.4,0.6,0.0,1.0,0.4383193172893438,0.0,0.0,0.0,0.0,0.0,17730.469161198205,-0.014506775393422822,transition,21,False
2023-09-10 00:00:00+00:00,-0.00124809847849844,-0.00124809847849844,0.4,0.6,0.0,1.0,0.43110235288095056,0.0,0.0,0.0,0.0,0.0,17708.33978961505,-0.0157367679876248,transition,22,False
2023-09-11 00:00:00+00:00,-0.00234214499822104,-0.00234214499822104,0.4,0.6,0.0,1.0,0.41892583131458666,0.0,0.0,0.0,0.0,0.0,17666.864290150002,-0.018042055193415507,transition,23,False
2023-09-12 00:00:00+00:00,-0.00163383776395896,-0.00163383776395896,0.4,0.6,0.0,1.0,0.42568359201184625,0.0,0.0,0.0,0.0,0.0,17637.999500102018,-0.01964641516626009,transition,24,False
2023-09-13 00:00:00+00:00,1.0111988948599917e-05,1.0111988948599917e-05,0.4,0.6,0.0,1.0,0.4296007785637601,0.0,0.0,0.0,0.0,0.0,17638.17785535804,-0.019636501841644338,transition,25,False
2023-09-14 00:00:00+00:00,-0.00126873227713974,-0.00126873227713974,0.4,0.6,0.0,1.0,0.37155204107066564,0.19352763002087126,0.0,0.0,0.0,0.0,17615.799729803017,-0.020880320655087492,transition,26,False
2023-09-15 00:00:00+00:00,-0.00303940559252336,-0.00303940559252336,0.4,0.6,0.0,1.0,0.37860024337283527,0.0,0.0,0.0,0.0,0.0,17562.25816958748,-0.023856262484238222,transition,27,False
2023-09-16 00:00:00+00:00,0.00107207403775012,0.00107207403775012,0.4,0.6,0.0,1.0,0.3811289325604982,0.0,0.0,0.0,0.0,0.0,17581.086210615358,-0.022809764126135224,transition,28,False
2023-09-17 00:00:00+00:00,0.0011882881967776402,0.0011882881967776402,0.4,0.6,0.0,1.0,0.3761313248626274,0.0,0.0,0.0,0.0,0.0,17601.977607845965,-0.021648580502839798,transition,29,False
2023-09-18 00:00:00+00:00,-0.0026358110480736597,-0.0026358110480736597,0.4,0.6,0.0,1.0,0.3821985628187121,0.0,0.0,0.0,0.0,0.0,17555.582120799263,-0.024227329983248835,transition,30,False
2023-09-19 00:00:00+00:00,-0.0003698160907257,-0.0003698160907257,0.4,0.6,0.0,1.0,0.38675617312313293,0.0,0.0,0.0,0.0,0.0,17549.089784048934,-0.02458818641751148,transition,31,False
2023-09-20 00:00:00+00:00,-7.732613860430009e-05,-7.732613860430009e-05,0.4,0.6,0.0,1.0,0.3842608652712233,0.0,0.0,0.0,0.0,0.0,17547.732780699913,-0.024663611246604877,transition,32,False
2023-09-21 00:00:00+00:00,-0.0011897346870285601,-0.0011897346870285601,0.4,0.6,0.0,1.0,0.3698774524604449,0.07298764684213728,0.0,0.0,0.0,0.0,17526.85563433201,-0.025824002779825772,transition,33,False
2023-09-22 00:00:00+00:00,1.3418713107080072e-05,1.3418713107080072e-05,0.4,0.6,0.0,1.0,0.37044657352592997,0.0,0.0,0.0,0.0,0.0,17527.090822179434,-0.02581093059160333,transition,34,False
2023-09-23 00:00:00+00:00,-0.00027789740008216,-0.00027789740008216,0.4,0.6,0.0,1.0,0.37112389152451586,0.0,0.0,0.0,0.0,0.0,17522.22008920895,-0.02608165520118022,transition,35,False
2023-09-24 00:00:00+00:00,0.00021297140113041695,0.00021297140113041695,0.4,0.6,0.0,1.0,0.3690775388841955,0.0,0.0,0.0,0.0,0.0,17525.951820972266,-0.02587423844670167,transition,36,False
2023-09-25 00:00:00+00:00,-0.0013765050242600999,-0.0013765050242600999,0.4,0.6,0.0,1.0,0.3706079622886892,0.0,0.0,0.0,0.0,0.0,17501.827260235757,-0.027215127451740928,transition,37,False
2023-09-26 00:00:00+00:00,6.346752957593995e-05,6.346752957593995e-05,0.4,0.6,0.0,1.0,0.37073735971450006,0.0,0.0,0.0,0.0,0.0,17502.938057975025,-0.027153387199071677,transition,38,False
2023-09-27 00:00:00+00:00,-0.00237103749236716,-0.00237103749236716,0.4,0.6,0.0,1.0,0.3740183231631329,0.0,0.0,0.0,0.0,0.0,17461.43793561299,-0.029460042992344948,transition,39,False
2023-09-28 00:00:00+00:00,0.00052554599020912,0.00052554599020912,0.4,0.6,0.0,1.0,0.38560269335067904,0.10708670331984012,0.0,0.0,0.0,0.0,17470.614724303337,-0.028949979609601773,transition,40,False
2023-09-29 00:00:00+00:00,0.0012191557542759602,0.0012191557542759602,0.4,0.6,0.0,1.0,0.3896021470631043,0.0,0.0,0.0,0.0,0.0,17491.91412477521,-0.02776611838955312,transition,41,False
2023-09-30 00:00:00+00:00,0.0003137313546318601,0.0003137313546318601,0.4,0.6,0.0,1.0,0.39008474789437286,0.0,0.0,0.0,0.0,0.0,17497.401886688676,-0.0274610981368566,transition,42,False
2023-10-01 00:00:00+00:00,0.00213985738495246,0.00213985738495246,0.4,0.6,0.0,1.0,0.396891163847246,0.0,0.0,0.0,0.0,0.0,17534.84383133339,-0.025380003585551147,transition,43,False
2023-10-02 00:00:00+00:00,-0.0038619028351743203,-0.0038619028351743203,0.4,0.6,0.0,1.0,0.3955314042760144,0.0,0.0,0.0,0.0,0.0,17467.125968226825,-0.02914389131292161,transition,44,False
2023-10-03 00:00:00+00:00,0.0016595133478756001,0.0016595133478756001,0.4,0.6,0.0,1.0,0.3924916654332067,0.0,0.0,0.0,0.0,0.0,17496.112896920124,-0.027532742641688812,transition,45,False
2023-10-04 00:00:00+00:00,-4.035109356685998e-05,-4.035109356685998e-05,0.4,0.6,0.0,1.0,0.38683936366837,0.0,0.0,0.0,0.0,0.0,17495.406909631565,-0.027571982758981095,transition,46,False
2023-10-05 00:00:00+00:00,-0.0012070831573491201,-0.0012070831573491201,0.4,0.6,0.0,1.0,0.43526226121963474,0.3367083655058004,0.0,0.0,0.0,0.0,17474.28849861998,-0.028745784240327144,transition,47,False
2023-10-06 00:00:00+00:00,0.00144065546276884,0.00144065546276884,0.4,0.6,0.0,1.0,0.43842087783103134,0.0,0.0,0.0,0.0,0.0,17499.462927803514,-0.02734654154865568,transition,48,False
2023-10-07 00:00:00+00:00,0.00061448809233208,0.00061448809233208,0.4,0.6,0.0,1.0,0.43750858379515956,0.0,0.0,0.0,0.0,0.0,17510.216139394855,-0.02674885758047174,transition,49,False
2023-10-08 00:00:00+00:00,-0.00100677353619644,-0.00100677353619644,0.4,0.6,0.0,1.0,0.43642269721526994,0.0,0.0,0.0,0.0,0.0,17492.58731717263,-0.027728701074732798,transition,50,False
2023-10-09 00:00:00+00:00,-0.0008710479652756201,-0.0008710479652756201,0.4,0.6,0.0,1.0,0.42451195615337883,0.0,0.0,0.0,0.0,0.0,17477.350434582604,-0.028575596011357396,transition,51,False
2023-10-10 00:00:00+00:00,0.0007794656581958399,0.0007794656581958399,0.4,0.6,0.0,1.0,0.42083852759895507,0.0,0.0,0.0,0.0,0.0,17490.973429042617,-0.02781840404891478,transition,52,False
2023-10-11 00:00:00+00:00,-0.00189132373428162,-0.00189132373428162,0.4,0.6,0.0,1.0,0.41752917530956923,0.0,0.0,0.0,0.0,0.0,17457.89233586058,-0.02965711417536887,transition,53,False
2023-10-12 00:00:00+00:00,-0.00147843960344258,-0.00147843960344258,0.4,0.6,0.0,1.0,0.37991946192772685,0.0902629064087178,0.0,0.0,0.0,0.0,17432.081896438605,-0.03109170752669088,transition,54,False
2023-10-13 00:00:00+00:00,0.00122821752923316,0.00122821752923316,0.4,0.6,0.0,1.0,0.3821139530906245,0.0,0.0,0.0,0.0,0.0,17453.492284994838,-0.02990167737765581,transition,55,False
2023-10-14 00:00:00+00:00,0.0007974800177926599,0.0007974800177926599,0.4,0.6,0.0,1.0,0.38376035198697733,0.0,0.0,0.0,0.0,0.0,17467.41109633282,-0.029128043350070354,transition,56,False
2023-10-15 00:00:00+00:00,0.0015290857242917402,0.0015290857242917402,0.4,0.6,0.0,1.0,0.38478371254551,0.0,0.0,0.0,0.0,0.0,17494.12026528056,-0.02764349690104162,transition,57,False
2023-10-16 00:00:00+00:00,0.00158781339962822,0.00158781339962822,0.4,0.6,0.0,1.0,0.3939076883228606,0.0,0.0,0.0,0.0,0.0,17521.89766385248,-0.0260995762162054,transition,58,False
2023-10-17 00:00:00+00:00,-0.0012144219929299,-0.0012144219929299,0.4,0.6,0.0,1.0,0.39028556114244173,0.0,0.0,0.0,0.0,0.0,17500.61868597163,-0.027282302309772355,transition,59,False
2023-10-18 00:00:00+00:00,-0.00023919113397553995,-0.00023919113397553995,0.4,0.6,0.0,1.0,0.38856573626250274,0.0,0.0,0.0,0.0,0.0,17496.43269314286,-0.027514967758920816,transition,60,False
2023-10-19 00:00:00+00:00,-0.0022232981313334605,-0.0022232981313334605,0.4,0.6,0.0,1.0,0.4333851233768329,0.15590299593531895,0.0,0.0,0.0,0.0,17457.532907031193,-0.02967709191385215,transition,61,False
2023-10-20 00:00:00+00:00,0.0026035515211148405,0.0026035515211148405,0.4,0.6,0.0,1.0,0.44538566020474485,0.0,0.0,0.0,0.0,0.0,17502.984493386208,-0.0271508062305319,transition,62,False
2023-10-21 00:00:00+00:00,0.0013376345308179203,0.0013376345308179203,0.4,0.6,0.0,1.0,0.45555717879868074,0.0,0.0,0.0,0.0,0.0,17526.39708983693,-0.02584948955566757,transition,63,False
2023-10-22 00:00:00+00:00,-0.0023293726653547996,-0.0023293726653547996,0.4,0.6,0.0,1.0,0.4612381901964864,0.0,0.0,0.0,0.0,0.0,17485.57157953371,-0.028118649126637973,transition,64,False
2023-10-23 00:00:00+00:00,0.00742882666361804,0.00742882666361804,0.4,0.6,0.0,1.0,0.4838356825254253,0.0,0.0,0.0,0.0,0.0,17615.46885991235,-0.02089871103339691,transition,65,False
2023-10-24 00:00:00+00:00,-0.00298164263556874,-0.00298164263556874,0.4,0.6,0.0,1.0,0.49175076782519106,0.0,0.0,0.0,0.0,0.0,17562.945826914103,-0.023818041181119964,transition_2,1,False
2023-10-25 00:00:00+00:00,0.00294029303951538,0.00294029303951538,0.4,0.6,0.0,1.0,0.4955132798587921,0.0,0.0,0.0,0.0,0.0,17614.586034282365,-0.020947780162304253,deleveraging,1,False
2023-10-26 00:00:00+00:00,0.00060084378788092,0.00060084378788092,0.4,0.6,0.0,1.0,0.4557673331388943,0.20681913104178717,0.0,0.0,0.0,0.0,17625.169648877156,-0.020359522718003897,deleveraging,2,False
2023-10-27 00:00:00+00:00,-0.00031981638532331997,-0.00031981638532331997,0.4,0.6,0.0,1.0,0.45018039463144877,0.0,0.0,0.0,0.0,0.0,17619.53283082934,-0.020672827794364745,deleveraging,3,False
2023-10-28 00:00:00+00:00,0.0037563163724387196,0.0037563163724387196,0.4,0.6,0.0,1.0,0.4525090257726899,0.0,0.0,0.0,0.0,0.0,17685.71737047651,-0.016994165103434433,deleveraging,4,False
2023-10-29 00:00:00+00:00,0.00019310173301856001,0.00019310173301856001,0.4,0.6,0.0,1.0,0.4565986146328515,0.0,0.0,0.0,0.0,0.0,17689.132513150424,-0.016804344973148533,transition,1,False
2023-10-30 00:00:00+00:00,-0.00023886307580353984,-0.00023886307580353984,0.4,0.6,0.0,1.0,0.4621479816330223,0.0,0.0,0.0,0.0,0.0,17684.907232550035,-0.01703919411142507,transition,2,False
2023-10-31 00:00:00+00:00,-0.0030317618462565197,-0.0030317618462565197,0.4,0.6,0.0,1.0,0.46721873737773667,0.0,0.0,0.0,0.0,0.0,17631.290805547804,-0.020019297179083573,transition_2,1,False
2023-11-01 00:00:00+00:00,0.00557270257146354,0.00557270257146354,0.4,0.6,0.0,1.0,0.473236554033713,0.0,0.0,0.0,0.0,0.0,17729.544745158102,-0.014558156196488814,transition_2,2,False
2023-11-02 00:00:00+00:00,0.00238946956412096,0.00238946956412096,0.4,0.6,0.0,1.0,0.34500930574115873,0.3163102546884525,0.0,0.0,0.0,0.0,17771.908952712376,-0.012203472903509205,transition_2,3,False
2023-11-03 00:00:00+00:00,-0.0016264523151635801,-0.0016264523151635801,0.4,0.6,0.0,1.0,0.34365602820271746,0.0,0.0,0.0,0.0,0.0,17743.00379025136,-0.013810076851915709,transition_2,4,False
2023-11-04 00:00:00+00:00,0.00118223727975546,0.00118223727975546,0.4,0.6,0.0,1.0,0.34821885786397877,0.0,0.0,0.0,0.0,0.0,17763.980230787038,-0.012644166359850995,transition_2,5,False
2023-11-05 00:00:00+00:00,0.00156447303496832,0.00156447303496832,0.4,0.6,0.0,1.0,0.35544571946625414,0.0,0.0,0.0,0.0,0.0,17791.771498851816,-0.01109947478220219,transition_2,6,False
2023-11-06 00:00:00+00:00,0.00189008732272334,0.00189008732272334,0.4,0.6,0.0,1.0,0.3669317479246168,0.0,0.0,0.0,0.0,0.0,17825.399500610587,-0.009230366436053572,transition_2,7,False
2023-11-07 00:00:00+00:00,-0.00276942677161454,-0.00276942677161454,0.4,0.6,0.0,1.0,0.3651179404394572,0.0,0.0,0.0,0.0,0.0,17776.033362018872,-0.01197423038374823,transition_2,8,False
2023-11-08 00:00:00+00:00,0.00149836494838778,0.00149836494838778,0.4,0.6,0.0,1.0,0.3690163122734269,0.0,0.0,0.0,0.0,0.0,17802.668347329894,-0.0104938072024513,transition_2,9,False
2023-11-09 00:00:00+00:00,-0.00225416565261894,-0.00225416565261894,0.4,0.6,0.0,1.0,0.37100929296739216,0.12280909832688089,0.0,0.0,0.0,0.0,17762.538183816378,-0.012724318075309271,transition_2,10,False
2023-11-10 00:00:00+00:00,0.00583009254813004,0.00583009254813004,0.4,0.6,0.0,1.0,0.3721345156397018,0.0,0.0,0.0,0.0,0.0,17866.095425317722,-0.00696840947916999,transition_2,11,False
2023-11-11 00:00:00+00:00,0.00289030018810902,0.00289030018810902,0.4,0.6,0.0,1.0,0.3767275533013035,0.0,0.0,0.0,0.0,0.0,17917.73380428629,-0.004098250086289612,transition_2,12,False
2023-11-12 00:00:00+00:00,0.00142964149664968,0.00142964149664968,0.4,0.6,0.0,1.0,0.37746008946895937,0.0,0.0,0.0,0.0,0.0,17943.349740058824,-0.002674467618026699,transition_2,13,False
2023-11-13 00:00:00+00:00,-0.00335511353394196,-0.00335511353394196,0.4,0.6,0.0,1.0,0.3713830037543971,0.0,0.0,0.0,0.0,0.0,17883.1477645017,-0.006020608009467243,transition_2,14,False
2023-11-14 00:00:00+00:00,-0.00014234765590463998,-0.00014234765590463998,0.4,0.6,0.0,1.0,0.3628600850728577,0.0,0.0,0.0,0.0,0.0,17880.60214033723,-0.006162098645934533,transition_2,15,False
2023-11-15 00:00:00+00:00,0.0037366061256786016,0.0037366061256786016,0.4,0.6,0.0,1.0,0.37038103076515083,0.0,0.0,0.0,0.0,0.0,17947.41490782563,-0.002448517855803578,transition_2,16,False
2023-11-16 00:00:00+00:00,-0.00524876287395746,-0.00524876287395746,0.4,0.6,0.0,1.0,0.36847539920639244,0.1747919909885097,0.0,0.0,0.0,0.0,17853.213182773925,-0.007684429040143326,transition_2,17,False
2023-11-17 00:00:00+00:00,-0.00034261108272991975,-0.00034261108272991975,0.4,0.6,0.0,1.0,0.3658691011510093,0.0,0.0,0.0,0.0,0.0,17847.09647407517,-0.008024407352319463,transition_2,18,False
2023-11-18 00:00:00+00:00,0.00171695095932936,0.00171695095932936,0.4,0.6,0.0,1.0,0.361796637796121,0.0,0.0,0.0,0.0,0.0,17877.739063487574,-0.006321233906891877,transition_2,19,False
2023-11-19 00:00:00+00:00,0.0005778990488410229,0.0005778990488410229,0.4,0.6,0.0,1.0,0.366617017574344,0.0,0.0,0.0,0.0,0.0,17888.07059188779,-0.00574698789311312,transition_2,20,False
2023-11-20 00:00:00+00:00,0.0009725015315013802,0.0009725015315013802,0.4,0.6,0.0,1.0,0.3667578989230267,0.0,0.0,0.0,0.0,0.0,17905.466767934005,-0.004780075316139332,transition_2,21,False
2023-11-21 00:00:00+00:00,-0.01105064764903716,-0.01105064764903716,0.4,0.6,0.0,1.0,0.353873524219703,0.0,0.0,0.0,0.0,0.0,17707.59976369002,-0.015777900037122095,transition_2,22,False
2023-11-22 00:00:00+00:00,0.0046345016959384,0.0046345016959384,0.4,0.6,0.0,1.0,0.3564859766851275,0.0,0.0,0.0,0.0,0.0,17789.665664825843,-0.011216521045663952,rotation,1,True
2023-11-23 00:00:00+00:00,-0.0015195549407498001,-0.0015195549407498001,0.4,0.6,0.0,1.0,0.40159187143402925,0.21384338882327075,0.0,0.0,0.0,0.0,17762.633290470567,-0.012719031866440966,transition_2,1,False
2023-11-24 00:00:00+00:00,-2.5142771181739992e-05,-2.5142771181739992e-05,0.4,0.6,0.0,1.0,0.4046783648936698,0.0,0.0,0.0,0.0,0.0,17762.18668864616,-0.012743854845914782,transition_2,2,False
2023-11-25 00:00:00+00:00,0.00232231664547186,0.00232231664547186,0.4,0.6,0.0,1.0,0.4082887902522869,0.0,0.0,0.0,0.0,0.0,17803.43611045318,-0.010451133466679141,transition_2,3,False
2023-11-26 00:00:00+00:00,-0.00033019398367251996,-0.00033019398367251996,0.4,0.6,0.0,1.0,0.40589416533518685,0.0,0.0,0.0,0.0,0.0,17797.55752296081,-0.010777876548958454,transition_2,4,False
2023-11-27 00:00:00+00:00,-0.00336031142484318,-0.00336031142484318,0.4,0.6,0.0,1.0,0.3986236774813513,0.0,0.0,0.0,0.0,0.0,17737.752187082104,-0.01410197095209853,transition_2,5,False
2023-11-28 00:00:00+00:00,0.0005353452756660001,0.0005353452756660001,0.4,0.6,0.0,1.0,0.40177781792180345,0.0,0.0,0.0,0.0,0.0,17747.24800891639,-0.013574175099959396,transition_2,6,False
2023-11-29 00:00:00+00:00,-0.00147772571395614,-0.00147772571395614,0.4,0.6,0.0,1.0,0.4022804400589563,0.0,0.0,0.0,0.0,0.0,17721.02244418166,-0.01503184190632445,transition_2,7,False
2023-11-30 00:00:00+00:00,-0.0012394977235424599,-0.0012394977235424599,0.4,0.6,0.0,1.0,0.35917116066218924,0.25209071617339035,0.0,0.0,0.0,0.0,17699.05727720325,-0.016252707696043478,transition_2,8,False
2023-12-01 00:00:00+00:00,0.0006485912297080799,0.0006485912297080799,0.4,0.6,0.0,1.0,0.3637499952467768,0.0,0.0,0.0,0.0,0.0,17710.536730527347,-0.015614657830005929,transition_2,9,False
2023-12-02 00:00:00+00:00,0.0003040477207756125,0.0003040477207756125,0.4,0.6,0.0,1.0,0.36880619387098124,0.0,0.0,0.0,0.0,0.0,17715.921578853977,-0.015315357710354194,transition_2,10,False
2023-12-03 00:00:00+00:00,0.00020470297751487996,0.00020470297751487996,0.4,0.6,0.0,1.0,0.3696580762859129,0.0,0.0,0.0,0.0,0.0,17719.54808075059,-0.015113789832164382,transition_2,11,False
2023-12-04 00:00:00+00:00,0.0008579755531684402,0.0008579755531684402,0.4,0.6,0.0,1.0,0.38230661721300424,0.0,0.0,0.0,0.0,0.0,17734.751019817064,-0.014268781541187714,transition_2,12,False
2023-12-05 00:00:00+00:00,0.00411027666902652,0.00411027666902652,0.4,0.6,0.0,1.0,0.38294981627163366,0.0,0.0,0.0,0.0,0.0,17807.64575316481,-0.010217153512025567,transition_2,13,False
2023-12-06 00:00:00+00:00,9.877683881248e-05,9.877683881248e-05,0.4,0.6,0.0,1.0,0.38570530717513773,0.0,0.0,0.0,0.0,0.0,17809.404736119002,-0.010119385891338428,transition_2,14,False
2023-12-07 00:00:00+00:00,-0.00074281551862372,-0.00074281551862372,0.4,0.6,0.0,1.0,0.41661143630274444,0.1522260675640328,0.0,0.0,0.0,0.0,17796.17563390356,-0.01085468457308325,transition_2,15,False
2023-12-08 00:00:00+00:00,0.0023746871177556996,0.0023746871177556996,0.4,0.6,0.0,1.0,0.43261179164272934,0.0,0.0,0.0,0.0,0.0,17838.43598292671,-0.008505773934950556,transition_2,16,False
2023-12-09 00:00:00+00:00,0.00894366795154846,0.00894366795154846,0.4,0.6,0.0,1.0,0.4390281467430257,0.0,0.0,0.0,0.0,0.0,17997.97703113296,0.0,transition_2,17,False
2023-12-10 00:00:00+00:00,-0.0013725665692807002,-0.0013725665692807002,0.4,0.6,0.0,1.0,0.4389768010195721,0.0,0.0,0.0,0.0,0.0,17973.273609545344,-0.0013725665692807532,transition_2,18,False
2023-12-11 00:00:00+00:00,-8.215251212869996e-05,-8.215251212869996e-05,0.4,0.6,0.0,1.0,0.4128450042785146,0.0,0.0,0.0,0.0,0.0,17971.797059967143,-0.0014546063216177574,transition_2,19,False
2023-12-12 00:00:00+00:00,0.00462279422563464,0.00462279422563464,0.4,0.6,0.0,1.0,0.41213672201087503,0.0,0.0,0.0,0.0,0.0,18054.876979640238,0.0,transition_2,20,False
2023-12-13 00:00:00+00:00,0.00279773069424074,0.00279773069424074,0.4,0.6,0.0,1.0,0.41580228464229807,0.0,0.0,0.0,0.0,0.0,18105.38966314692,0.0,transition_2,21,False
2023-12-14 00:00:00+00:00,-0.0028513171563729,-0.0028513171563729,0.4,0.6,0.0,1.0,0.4565831343270472,0.15764887144659365,0.0,0.0,0.0,0.0,18053.765454977573,-0.00285131715637299,transition_2,22,False
2023-12-15 00:00:00+00:00,-0.0017026960345661799,-0.0017026960345661799,0.4,0.6,0.0,1.0,0.4451762426641137,0.0,0.0,0.0,0.0,0.0,18023.025380128394,-0.004549158264523734,transition_2,23,False
2023-12-16 00:00:00+00:00,0.0036717997310708405,0.0036717997310708405,0.4,0.6,0.0,1.0,0.4476125165613595,0.0,0.0,0.0,0.0,0.0,18089.202319872235,-0.0008940621315450814,transition_2,24,False
2023-12-17 00:00:00+00:00,-0.00042560860756048,-0.00042560860756048,0.4,0.6,0.0,1.0,0.4422692837349169,0.0,0.0,0.0,0.0,0.0,18081.503399660993,-0.0013192902185666933,transition_2,25,False
2023-12-18 00:00:00+00:00,-0.00321969379765958,-0.00321969379765958,0.4,0.6,0.0,1.0,0.4413408231825048,0.0,0.0,0.0,0.0,0.0,18023.286495312746,-0.004534736305692122,transition_2,26,False
2023-12-19 00:00:00+00:00,0.0011180633308692399,0.0011180633308692399,0.4,0.6,0.0,1.0,0.44085858333182804,0.0,0.0,0.0,0.0,0.0,18043.437671044903,-0.0034217430972015572,transition_2,27,False
2023-12-20 00:00:00+00:00,-0.0003121034092085995,-0.0003121034092085995,0.4,0.6,0.0,1.0,0.45059327493447593,0.0,0.0,0.0,0.0,0.0,18037.806252633927,-0.0037327785687241155,transition_2,28,False
2023-12-21 00:00:00+00:00,-2.625613329819681e-06,-2.625613329819681e-06,0.4,0.6,0.0,1.0,0.4411073887814852,0.19682600213622123,0.0,0.0,0.0,0.0,18037.758892329388,-0.0037353943812208357,transition_2,29,False
2023-12-22 00:00:00+00:00,0.00020029077802195946,0.00020029077802195946,0.4,0.6,0.0,1.0,0.4438803026183664,0.0,0.0,0.0,0.0,0.0,18041.371689091706,-0.003535851768245668,transition_2,30,False
2023-12-23 00:00:00+00:00,-0.00021086565482944,-0.00021086565482944,0.4,0.6,0.0,1.0,0.44253537932138,0.0,0.0,0.0,0.0,0.0,18037.567383436464,-0.00374597183337666,transition_2,31,False
2023-12-24 00:00:00+00:00,-0.0022256685258111603,-0.0022256685258111603,0.4,0.6,0.0,1.0,0.43956180054693095,0.0,0.0,0.0,0.0,0.0,17997.42173742895,-0.0059633030675797505,transition_2,32,False
2023-12-25 00:00:00+00:00,0.00223148442757252,0.00223148442757252,0.4,0.6,0.0,1.0,0.4485954521542118,0.0,0.0,0.0,0.0,0.0,18037.58270377248,-0.0037451256579392744,transition_2,33,False
2023-12-26 00:00:00+00:00,0.008995033017148019,0.008995033017148019,0.4,0.6,0.0,1.0,0.44558945638045844,0.0,0.0,0.0,0.0,0.0,18199.83135574245,0.0,transition_2,34,False
2023-12-27 00:00:00+00:00,0.0011625587124898197,0.0011625587124898197,0.4,0.6,0.0,1.0,0.46027579317256495,0.0,0.0,0.0,0.0,0.0,18220.989728250916,0.0,rotation,1,False
2023-12-28 00:00:00+00:00,5.767614013399858e-06,5.767614013399858e-06,0.4,0.6,0.0,1.0,0.4349276077592374,0.45811492300940226,0.0,0.0,0.0,0.0,18221.094819886614,0.0,rotation,2,False
2023-12-29 00:00:00+00:00,-0.0037521244460343396,-0.0037521244460343396,0.4,0.6,0.0,1.0,0.4269395071053419,0.0,0.0,0.0,0.0,0.0,18152.727004579407,-0.003752124446034344,rotation,3,False
2023-12-30 00:00:00+00:00,0.00356034546720534,0.00356034546720534,0.4,0.6,0.0,1.0,0.42577472436984887,0.0,0.0,0.0,0.0,0.0,18217.356983887574,-0.0002051378380930613,rotation,4,False
2023-12-31 00:00:00+00:00,-0.0006943545461207,-0.0006943545461207,0.4,0.6,0.0,1.0,0.42315617028259794,0.0,0.0,0.0,0.0,0.0,18204.70767924751,-0.0008993499458231913,rotation,5,False
2024-01-01 00:00:00+00:00,-0.00098753548190972,-0.00098753548190972,0.4,0.6,0.0,1.0,0.4329581675302067,0.0,0.0,0.0,0.0,0.0,18186.72988447646,-0.0018859972877507403,rotation,6,False
2024-01-02 00:00:00+00:00,-0.0012009576333272599,-0.0012009576333272599,0.4,0.6,0.0,1.0,0.4326098601603517,0.0,0.0,0.0,0.0,0.0,18164.888392396435,-0.0030846899182388476,rotation,7,True
2024-01-03 00:00:00+00:00,-0.00625881121456274,-0.00625881121456274,0.4,0.6,0.0,1.0,0.40683608412942474,0.0,0.0,0.0,0.0,0.0,18051.197785214823,-0.009324194640947914,rotation,8,True
2024-01-04 00:00:00+00:00,-0.0023881308403370595,-0.0023881308403370595,0.4,0.6,0.0,1.0,0.37439294656564515,0.13912303772544082,0.0,0.0,0.0,0.0,18008.089163078927,-0.011690058084501631,rotation,9,False
2024-01-05 00:00:00+00:00,0.00289897121085486,0.00289897121085486,0.4,0.6,0.0,1.0,0.3665587929823748,0.0,0.0,0.0,0.0,0.0,18060.2940951252,-0.00882497601548704,rotation,10,False
2024-01-06 00:00:00+00:00,0.00319733768997812,0.00319733768997812,0.4,0.6,0.0,1.0,0.3583759441065309,0.0,0.0,0.0,0.0,0.0,18118.038954127634,-0.0056558547539362625,rotation,11,False
2024-01-07 00:00:00+00:00,0.0013723227232410949,0.0013723227232410949,0.4,0.6,0.0,1.0,0.35378862405991657,0.0,0.0,0.0,0.0,0.0,18142.90275068495,-0.0042912936886935205,rotation,12,False
2024-01-08 00:00:00+00:00,-0.00037645854096130004,-0.00037645854096130004,0.4,0.6,0.0,1.0,0.3639320942351294,0.0,0.0,0.0,0.0,0.0,18136.072699986624,-0.004666136735493875,rotation,13,True
2024-01-09 00:00:00+00:00,-0.00010714235529717987,-0.00010714235529717987,0.4,0.6,0.0,1.0,0.36222378376548764,0.0,0.0,0.0,0.0,0.0,18134.129558441706,-0.004772779149911144,rotation,14,False
2024-01-10 00:00:00+00:00,-0.0005529937007770602,-0.0005529937007770602,0.4,0.6,0.0,1.0,0.3723066844467309,0.0,0.0,0.0,0.0,0.0,18124.10149902681,-0.005323133533883251,rotation,15,False
2024-01-11 00:00:00+00:00,0.0008332788754844801,0.0008332788754844801,0.4,0.6,0.0,1.0,0.39339876971942134,0.16605273589750122,0.0,0.0,0.0,0.0,18139.203929943087,-0.004494290313123761,rotation,16,False
2024-01-12 00:00:00+00:00,0.002435476807077962,0.002435476807077962,0.4,0.6,0.0,1.0,0.38197737934327614,0.0,0.0,0.0,0.0,0.0,18183.38154041332,-0.0020697592458677194,rotation,17,False
2024-01-13 00:00:00+00:00,0.0003382216944149,0.0003382216944149,0.4,0.6,0.0,1.0,0.3776951119135893,0.0,0.0,0.0,0.0,0.0,18189.531554528112,-0.0017322375889320396,rotation,18,False
2024-01-14 00:00:00+00:00,0.00069092192621622,0.00069092192621622,0.4,0.6,0.0,1.0,0.374084407921195,0.0,0.0,0.0,0.0,0.0,18202.099100706735,-0.001042512503647508,transition_2,1,False
2024-01-15 00:00:00+00:00,-0.0017427168513853598,-0.0017427168513853598,0.4,0.6,0.0,1.0,0.376273071429962,0.0,0.0,0.0,0.0,0.0,18170.377995873347,-0.0027834125509249574,transition_2,2,False
2024-01-16 00:00:00+00:00,-0.0006145758177118998,-0.0006145758177118998,0.4,0.6,0.0,1.0,0.37773295087886316,0.0,0.0,0.0,0.0,0.0,18159.2109209584,-0.003396277750592258,transition_2,3,False
2024-01-17 00:00:00+00:00,0.00034424170469734,0.00034424170469734,0.4,0.6,0.0,1.0,0.37513652646171813,0.0,0.0,0.0,0.0,0.0,18165.46207868179,-0.0030532051863373377,transition_2,4,False
2024-01-18 00:00:00+00:00,-0.00022341354114720018,-0.00022341354114720018,0.4,0.6,0.0,1.0,0.4103916638518217,0.2164565809483018,0.0,0.0,0.0,0.0,18161.403668472216,-0.0032759366001021695,transition_2,5,False
2024-01-19 00:00:00+00:00,0.00393253309914438,0.00393253309914438,0.4,0.6,0.0,1.0,0.40845304677605543,0.0,0.0,0.0,0.0,0.0,18232.823989525405,0.0,transition_2,6,False
2024-01-20 00:00:00+00:00,0.0012618887182238596,0.0012618887182238596,0.4,0.6,0.0,1.0,0.41279187955755514,0.0,0.0,0.0,0.0,0.0,18255.83178441915,0.0,transition_2,7,False
2024-01-21 00:00:00+00:00,0.00091089221985736,0.00091089221985736,0.4,0.6,0.0,1.0,0.4123728367011692,0.0,0.0,0.0,0.0,0.0,18272.4608795586,0.0,transition_2,8,False
2024-01-22 00:00:00+00:00,0.00015070952222531996,0.00015070952222531996,0.4,0.6,0.0,1.0,0.39572317257767076,0.0,0.0,0.0,0.0,0.0,18275.21471340764,0.0,transition_2,9,False
2024-01-23 00:00:00+00:00,-0.00290566185144204,-0.00290566185144204,0.4,0.6,0.0,1.0,0.387174467063819,0.0,0.0,0.0,0.0,0.0,18222.11311918798,-0.002905661851442032,transition_2,10,False
2024-01-24 00:00:00+00:00,0.0018739364908682199,0.0018739364908682199,0.4,0.6,0.0,1.0,0.38888026024017747,0.0,0.0,0.0,0.0,0.0,18256.260201902754,-0.0010371703863473192,transition_2,11,False
2024-01-25 00:00:00+00:00,-0.0022232809401958797,-0.0022232809401958797,0.4,0.6,0.0,1.0,0.4188326334164078,0.4026205337114025,0.0,0.0,0.0,0.0,18215.67140655661,-0.0032581454053914882,transition_2,12,False
2024-01-26 00:00:00+00:00,0.00143095366202186,0.00143095366202186,0.4,0.6,0.0,1.0,0.42909993588662043,0.0,0.0,0.0,0.0,0.0,18241.737188262006,-0.0018318539984689686,transition_2,13,False
2024-01-27 00:00:00+00:00,0.00045678327706073996,0.00045678327706073996,0.4,0.6,0.0,1.0,0.43217135650042127,0.0,0.0,0.0,0.0,0.0,18250.06970875414,-0.0013759074816807049,transition_2,14,False
2024-01-28 00:00:00+00:00,-0.0012022044287310599,-0.0012022044287310599,0.4,0.6,0.0,1.0,0.43282490323703715,0.0,0.0,0.0,0.0,0.0,18228.129394125626,-0.002576457788343811,transition,1,False
2024-01-29 00:00:00+00:00,0.0004179364218479,0.0004179364218479,0.4,0.6,0.0,1.0,0.43918913101775997,0.0,0.0,0.0,0.0,0.0,18235.74759330159,-0.002159598162044918,transition,2,False
2024-01-30 00:00:00+00:00,-0.00514144948674588,-0.00514144948674588,0.4,0.6,0.0,1.0,0.4408899653878632,0.0,0.0,0.0,0.0,0.0,18141.989418197583,-0.007289944183928809,transition_2,1,False
2024-01-31 00:00:00+00:00,0.00011440097499054009,0.00011440097499054009,0.4,0.6,0.0,1.0,0.4338350985983981,0.0,0.0,0.0,0.0,0.0,18144.06487947529,-0.007176377185660776,transition,1,False
2024-02-01 00:00:00+00:00,-0.00013476261965591997,-0.00013476261965591997,0.4,0.6,0.0,1.0,0.35829308676945615,0.259452246652775,0.0,0.0,0.0,0.0,18141.619737760924,-0.007310172697927553,transition_2,1,False
2024-02-02 00:00:00+00:00,0.0004898006741192601,0.0004898006741192601,0.4,0.6,0.0,1.0,0.3623681359884551,0.0,0.0,0.0,0.0,0.0,18150.505515338096,-0.00682395255132362,transition,1,False
2024-02-03 00:00:00+00:00,0.00217903381198586,0.00217903381198586,0.4,0.6,0.0,1.0,0.36372709253796653,0.0,0.0,0.0,0.0,0.0,18190.05608056065,-0.004659788362678552,transition,2,False
2024-02-04 00:00:00+00:00,-0.0035992388344934997,-0.0035992388344934997,0.4,0.6,0.0,1.0,0.3594524293832698,0.0,0.0,0.0,0.0,0.0,18124.585724313885,-0.008242255505936491,transition,3,False
2024-02-05 00:00:00+00:00,0.0011299673645795163,0.0011299673645795163,0.4,0.6,0.0,1.0,0.3600071395349436,0.0,0.0,0.0,0.0,0.0,18145.065914678882,-0.007121601621089213,transition,4,False
2024-02-06 00:00:00+00:00,-0.0024775771167868397,-0.0024775771167868397,0.4,0.6,0.0,1.0,0.3630721860688214,0.0,0.0,0.0,0.0,0.0,18100.110114586085,-0.009581534420664783,transition,5,False
2024-02-07 00:00:00+00:00,0.00108818675652006,0.00108818675652006,0.4,0.6,0.0,1.0,0.36714530057940453,0.0,0.0,0.0,0.0,0.0,18119.80641470433,-0.008503774163008626,transition,6,False
2024-02-08 00:00:00+00:00,-0.00027714069674115993,-0.00027714069674115993,0.4,0.6,0.0,1.0,0.3613664148526077,0.1641120299477322,0.0,0.0,0.0,0.0,18114.784678929744,-0.00877855811785333,transition,7,False
2024-02-09 00:00:00+00:00,0.00175515701112964,0.00175515701112964,0.4,0.6,0.0,1.0,0.3697003393581028,0.0,0.0,0.0,0.0,0.0,18146.57897026407,-0.007038808854551992,transition,8,False
2024-02-10 00:00:00+00:00,-0.0013271707541030798,-0.0013271707541030798,0.4,0.6,0.0,1.0,0.3713540077150316,0.0,0.0,0.0,0.0,0.0,18122.495361367713,-0.008356637907399489,transition,9,False
2024-02-11 00:00:00+00:00,0.0027395979257107,0.0027395979257107,0.4,0.6,0.0,1.0,0.3750140446603197,0.0,0.0,0.0,0.0,0.0,18172.14371206842,-0.005639933809565734,transition,10,False
2024-02-12 00:00:00+00:00,-0.00215278783454732,-0.00215278783454732,0.4,0.6,0.0,1.0,0.37985694712166507,0.0,0.0,0.0,0.0,0.0,18133.022942157437,-0.007780580063219911,transition,11,False
2024-02-13 00:00:00+00:00,-0.00022550332364549238,-0.00022550332364549238,0.4,0.6,0.0,1.0,0.3822624159303052,0.0,0.0,0.0,0.0,0.0,18128.93388521624,-0.008004328840201302,transition_2,1,False
2024-02-14 00:00:00+00:00,-0.00101188705567616,-0.00101188705567616,0.4,0.6,0.0,1.0,0.39266599918675393,0.0,0.0,0.0,0.0,0.0,18110.58945168458,-0.009008116419134793,transition_2,2,False
2024-02-15 00:00:00+00:00,0.0007924053060064198,0.0007924053060064198,0.4,0.6,0.0,1.0,0.3815552967288417,0.20007856995825088,0.0,0.0,0.0,0.0,18124.940378861,-0.008222849192375925,transition_2,3,False
2024-02-16 00:00:00+00:00,0.0017948659657354,0.0017948659657354,0.4,0.6,0.0,1.0,0.37809671353094143,0.0,0.0,0.0,0.0,0.0,18157.472217478,-0.006442742138797364,transition_2,4,False
2024-02-17 00:00:00+00:00,-0.0021546505550267,-0.0021546505550267,0.4,0.6,0.0,1.0,0.37539534902200705,0.0,0.0,0.0,0.0,0.0,18118.34920988673,-0.008583510835898811,transition_2,5,False
2024-02-18 00:00:00+00:00,-0.00108554571226198,-0.00108554571226198,0.4,0.6,0.0,1.0,0.3789114808128326,0.0,0.0,0.0,0.0,0.0,18098.680913588672,-0.009659738754776659,transition_2,6,False
2024-02-19 00:00:00+00:00,-0.00080778987698216,-0.00080778987698216,0.4,0.6,0.0,1.0,0.38276098171478856,0.0,0.0,0.0,0.0,0.0,18084.060982359944,-0.010459725592578462,transition_2,7,False
2024-02-20 00:00:00+00:00,0.0021352383353951997,0.0021352383353951997,0.4,0.6,0.0,1.0,0.3821921736494669,0.0,0.0,0.0,0.0,0.0,18122.674762629103,-0.00834682126424624,transition_2,8,False
2024-02-21 00:00:00+00:00,0.0005956131495696202,0.0005956131495696202,0.4,0.6,0.0,1.0,0.3805757825976238,0.0,0.0,0.0,0.0,0.0,18133.4688660231,-0.007756179591178691,transition_2,9,False
2024-02-22 00:00:00+00:00,-0.0007755040765332,-0.0007755040765332,0.4,0.6,0.0,1.0,0.38218617958176826,0.15706953919849312,0.0,0.0,0.0,0.0,18119.40628699581,-0.008525668718820656,transition_2,10,False
2024-02-23 00:00:00+00:00,0.00057148021684112,0.00057148021684112,0.4,0.6,0.0,1.0,0.3795182036407976,0.0,0.0,0.0,0.0,0.0,18129.761169229736,-0.007959060752987579,transition_2,11,False
2024-02-24 00:00:00+00:00,-0.00233892806195762,-0.00233892806195762,0.4,0.6,0.0,1.0,0.38380348000251585,0.0,0.0,0.0,0.0,0.0,18087.356962074435,-0.010279373144403303,transition_2,12,False
2024-02-25 00:00:00+00:00,-0.0025121226722034967,-0.0025121226722034967,0.4,0.6,0.0,1.0,0.3873390349840535,0.0,0.0,0.0,0.0,0.0,18041.91930256977,-0.012765672770274517,transition_2,13,False
2024-02-26 00:00:00+00:00,-0.00082447026050702,-0.00082447026050702,0.4,0.6,0.0,1.0,0.395363843977117,0.0,0.0,0.0,0.0,0.0,18027.044276662335,-0.013579618113227165,transition_2,14,False
2024-02-27 00:00:00+00:00,0.00456617333141478,0.00456617333141478,0.4,0.6,0.0,1.0,0.40869535561088255,0.0,0.0,0.0,0.0,0.0,18109.358885482663,-0.009075451671891832,transition_2,15,False
2024-02-28 00:00:00+00:00,-0.00819139415787138,-0.00819139415787138,0.4,0.6,0.0,1.0,0.423220175679342,0.0,0.0,0.0,0.0,0.0,17961.017988905325,-0.01719250522795801,rotation,1,False
2024-02-29 00:00:00+00:00,0.0015002331851653801,0.0015002331851653801,0.4,0.6,0.0,1.0,0.37208956889374933,0.25631700933279694,0.0,0.0,0.0,0.0,17987.963704131635,-0.01571806480967164,rotation,2,False
2024-03-01 00:00:00+00:00,0.0004754986087553997,0.0004754986087553997,0.4,0.6,0.0,1.0,0.3669771799466299,0.0,0.0,0.0,0.0,0.0,17996.51695584729,-0.015250040118865549,rotation,3,False
2024-03-02 00:00:00+00:00,-0.0015932312325665585,-0.0015932312325665585,0.4,0.6,0.0,1.0,0.38872622339533336,0.0,0.0,0.0,0.0,0.0,17967.844342955825,-0.016818974511216722,rotation,4,False
2024-03-03 00:00:00+00:00,-0.0006654385591068801,-0.0006654385591068801,0.4,0.6,0.0,1.0,0.387907080536668,0.0,0.0,0.0,0.0,0.0,17955.88784650599,-0.01747322107615934,rotation,5,False
2024-03-04 00:00:00+00:00,0.00295538189376648,0.00295538189376648,0.4,0.6,0.0,1.0,0.3995453327154519,0.0,0.0,0.0,0.0,0.0,18008.954352334058,-0.014569479223586868,rotation,6,True
2024-03-05 00:00:00+00:00,-0.0039511121387671,-0.0039511121387671,0.4,0.6,0.0,1.0,0.38590268143403605,0.0,0.0,0.0,0.0,0.0,17937.798954186048,-0.018463025716138226,calm_risk_on,1,True
2024-03-06 00:00:00+00:00,-0.00594261370930832,-0.00594261370930832,0.4,0.6,0.0,1.0,0.39310601098183107,0.0,0.0,0.0,0.0,0.0,17831.201544206087,-0.024295920795710413,calm_risk_on,2,True
2024-03-07 00:00:00+00:00,0.00176002452432564,0.00176002452432564,0.4,0.6,0.0,1.0,0.41675783101342445,0.13042130085052864,0.0,0.0,0.0,0.0,17862.58489622208,-0.02257865768782641,calm_risk_on,3,True
2024-03-08 00:00:00+00:00,-0.0016848532779877399,-0.0016848532779877399,0.4,0.6,0.0,1.0,0.42449127215846283,0.0,0.0,0.0,0.0,0.0,17832.48906150635,-0.024225469240396147,calm_risk_on,4,True
2024-03-09 00:00:00+00:00,-0.00198833563368206,-0.00198833563368206,0.4,0.6,0.0,1.0,0.4262229051997178,0.0,0.0,0.0,0.0,0.0,17797.03208806811,-0.02616563651034487,calm_risk_on,5,True
2024-03-10 00:00:00+00:00,-0.00523024965460906,-0.00523024965460906,0.4,0.6,0.0,1.0,0.4283054189374565,0.0,0.0,0.0,0.0,0.0,17703.949167136427,-0.031259033353633,calm_risk_on,6,False
2024-03-11 00:00:00+00:00,0.004491122158453981,0.004491122158453981,0.4,0.6,0.0,1.0,0.43245921358015305,0.040279404460987406,0.0,0.0,0.0,0.0,17783.459765533094,-0.026908299332525476,calm_risk_on,7,False
2024-03-12 00:00:00+00:00,-0.0017515708541655604,-0.0017515708541655604,0.4,0.6,0.0,1.0,0.4008924020173177,0.0,0.0,0.0,0.0,0.0,17752.310775721562,-0.028612738393844928,calm_risk_on,8,False
2024-03-13 00:00:00+00:00,-0.0042994084462042205,-0.0042994084462042205,0.4,0.6,0.0,1.0,0.41057314296372266,0.0,0.0,0.0,0.0,0.0,17675.986340832784,-0.03278912899092956,calm_risk_on,9,False
2024-03-14 00:00:00+00:00,0.00207006806906496,0.00207006806906496,0.4,0.6,0.0,1.0,0.4014950576486941,0.18758908831558302,0.0,0.0,0.0,0.0,17712.57683574617,-0.030786936650801122,calm_risk_on,10,False
2024-03-15 00:00:00+00:00,-0.0017205981898162004,-0.0017205981898162004,0.4,0.6,0.0,1.0,0.38518806861772026,0.0,0.0,0.0,0.0,0.0,17682.100608105608,-0.032454562893145855,calm_risk_on,11,False
2024-03-16 00:00:00+00:00,0.005840324790276661,0.005840324790276661,0.4,0.6,0.0,1.0,0.37354316712954416,0.0,0.0,0.0,0.0,0.0,17785.369818631294,-0.026803783291091565,speculative_risk_on,1,False
2024-03-17 00:00:00+00:00,0.004501706405065441,0.004501706405065441,0.4,0.6,0.0,1.0,0.37440440982387235,0.0,0.0,0.0,0.0,0.0,17865.434331860284,-0.022422739648947587,speculative_risk_on,2,False
2024-03-18 00:00:00+00:00,0.0022240312666604,0.0022240312666604,0.4,0.6,0.0,1.0,0.36883872892874947,0.0,0.0,0.0,0.0,0.0,17905.16761640681,-0.020248577256350764,speculative_risk_on,3,False
2024-03-19 00:00:00+00:00,-0.0029500053643758198,-0.0029500053643758198,0.4,0.6,0.0,1.0,0.338801913308751,0.0,0.0,0.0,0.0,0.0,17852.34727588836,-0.023138849209199286,speculative_risk_on,4,False
2024-03-20 00:00:00+00:00,-0.00034106563523458,-0.00034106563523458,0.4,0.6,0.0,1.0,0.35534205152014237,0.0,0.0,0.0,0.0,0.0,17846.25845372428,-0.02347202297812978,speculative_risk_on,5,False
2024-03-21 00:00:00+00:00,-0.00493642536073634,-0.00493642536073634,0.4,0.6,0.0,1.0,0.43947118481506753,0.46591645226140144,0.0,0.0,0.0,0.0,17758.16173089906,-0.02829258044936911,speculative_risk_on,6,True
2024-03-22 00:00:00+00:00,-0.0034280065504823207,-0.0034280065504823207,0.4,0.6,0.0,1.0,0.4321117608894578,0.0,0.0,0.0,0.0,0.0,17697.286636161014,-0.03162359984874097,rotation,1,False
2024-03-23 00:00:00+00:00,-0.00325385130043174,-0.00325385130043174,0.4,0.6,0.0,1.0,0.43823804703451474,0.0,0.0,0.0,0.0,0.0,17639.70229702583,-0.03477455265768048,rotation,2,False
2024-03-24 00:00:00+00:00,0.0013618890876383799,0.0013618890876383799,0.4,0.6,0.0,1.0,0.4512711221011718,0.0,0.0,0.0,0.0,0.0,17663.725615093335,-0.0334600226538343,rotation,3,False
2024-03-25 00:00:00+00:00,0.00090751621568078,0.00090751621568078,0.4,0.6,0.0,1.0,0.4631158453962361,0.0,0.0,0.0,0.0,0.0,17679.75573251837,-0.03258287195128884,rotation,4,False
2024-03-26 00:00:00+00:00,-0.000791897740140116,-0.000791897740140116,0.4,0.6,0.0,1.0,0.4660147840946838,0.0,0.0,0.0,0.0,0.0,17665.75517390756,-0.03334896738876336,rotation,5,False
2024-03-27 00:00:00+00:00,-0.0033147296226863597,-0.0033147296226863597,0.4,0.6,0.0,1.0,0.46501761511033196,0.0,0.0,0.0,0.0,0.0,17607.197971925485,-0.03655315420136018,rotation,6,False
2024-03-28 00:00:00+00:00,-0.00521909516072138,-0.00521909516072138,0.4,0.6,0.0,1.0,0.4454783175104191,0.13595266498860178,0.0,0.0,0.0,0.0,17515.304330196348,-0.04158147497187992,rotation,7,False
2024-03-29 00:00:00+00:00,-0.00617683412081038,-0.00617683412081038,0.4,0.6,0.0,1.0,0.4531460872712333,0.0,0.0,0.0,0.0,0.0,17407.115200773213,-0.047501467219290494,rotation,8,False
2024-03-30 00:00:00+00:00,0.00577120982177474,0.00577120982177474,0.4,0.6,0.0,1.0,0.4487602189415858,0.0,0.0,0.0,0.0,0.0,17507.57531498868,-0.04200439833168035,rotation,9,False
2024-03-31 00:00:00+00:00,-0.00504246907615998,-0.00504246907615998,0.4,0.6,0.0,1.0,0.4569574832581098,0.0,0.0,0.0,0.0,0.0,17419.293907864307,-0.04683506152819017,rotation,10,False
2024-04-01 00:00:00+00:00,0.0040054907400316996,0.0040054907400316996,0.4,0.6,0.0,1.0,0.44659790193314464,0.0,0.0,0.0,0.0,0.0,17489.066728310147,-0.0430171681934185,rotation,11,False
2024-04-02 00:00:00+00:00,0.0005268248029909999,0.0005268248029909999,0.4,0.6,0.0,1.0,0.4220604545465614,0.0,0.0,0.0,0.0,0.0,17498.280402443786,-0.04251300590158624,rotation,12,False
2024-04-03 00:00:00+00:00,0.0032185141721312403,0.0032185141721312403,0.4,0.6,0.0,1.0,0.4183246393198905,0.0,0.0,0.0,0.0,0.0,17554.598865906977,-0.03943132044144915,rotation,13,False
2024-04-04 00:00:00+00:00,-0.00614301813419608,-0.00614301813419608,0.4,0.6,0.0,1.0,0.46545306390831354,0.20924801282371355,0.0,0.0,0.0,0.0,17446.760646735176,-0.04533211125911796,rotation,14,False
2024-04-05 00:00:00+00:00,-0.00120033687135812,-0.00120033687135812,0.4,0.6,0.0,1.0,0.46474324577334813,0.0,0.0,0.0,0.0,0.0,17425.81865664514,-0.04647803432587516,rotation,15,False
2024-04-06 00:00:00+00:00,-0.00555377825981516,-0.00555377825981516,0.4,0.6,0.0,1.0,0.4771779464160287,0.0,0.0,0.0,0.0,0.0,17329.039523830383,-0.051773683889092426,rotation,16,False
2024-04-07 00:00:00+00:00,-0.0003748848095733399,-0.0003748848095733399,0.4,0.6,0.0,1.0,0.4822391226061752,0.0,0.0,0.0,0.0,0.0,17322.543130148402,-0.05212915953104014,rotation,17,False
2024-04-08 00:00:00+00:00,0.0019809799100027,0.0019809799100027,0.4,0.6,0.0,1.0,0.49045848778345164,0.0,0.0,0.0,0.0,0.0,17356.858740079384,-0.050251446438793534,rotation,18,False
2024-04-09 00:00:00+00:00,0.0028693677379261,0.0028693677379261,0.4,0.6,0.0,1.0,0.4788890559991083,0.0,0.0,0.0,0.0,0.0,17406.66195057991,-0.047526268580063036,rotation,19,False
2024-04-10 00:00:00+00:00,0.0013060598116769,0.0013060598116769,0.4,0.6,0.0,1.0,0.47273700760176063,0.0,0.0,0.0,0.0,0.0,17429.39609220901,-0.04628228091777742,rotation,20,False
2024-04-11 00:00:00+00:00,-0.0010624454263798001,-0.0010624454263798001,0.4,0.6,0.0,1.0,0.4641234201175958,0.043931762807730534,0.0,0.0,0.0,0.0,17410.87831004628,-0.04729555394647378,rotation,21,False
2024-04-12 00:00:00+00:00,0.00875088788260822,0.00875088788260822,0.4,0.6,0.0,1.0,0.4336091184575501,0.0,0.0,0.0,0.0,0.0,17563.238954075227,-0.03895854415379707,rotation,22,False
2024-04-13 00:00:00+00:00,0.00784843726310366,0.00784843726310366,0.4,0.6,0.0,1.0,0.3904705927953543,0.0,0.0,0.0,0.0,0.0,17701.08293314318,-0.03141587058034656,rotation,23,False
2024-04-14 00:00:00+00:00,-0.0023266099105408,-0.0023266099105408,0.4,0.6,0.0,1.0,0.3880403636282278,0.0,0.0,0.0,0.0,0.0,17659.899418163626,-0.03366938801504682,rotation,24,True
2024-04-15 00:00:00+00:00,-0.00056054036061084,-0.00056054036061084,0.4,0.6,0.0,1.0,0.38969619077603146,0.0,0.0,0.0,0.0,0.0,17650.00033177542,-0.03421105532475799,rotation,25,True
2024-04-16 00:00:00+00:00,0.0032796598665059,0.0032796598665059,0.4,0.6,0.0,1.0,0.3803202600425001,0.0,0.0,0.0,0.0,0.0,17707.886329507357,-0.03104359608339169,rotation,26,True
2024-04-17 00:00:00+00:00,-3.437454870298007e-05,-3.437454870298007e-05,0.4,0.6,0.0,1.0,0.37407053636767196,0.0,0.0,0.0,0.0,0.0,17707.277628906297,-0.031076903522489152,rotation,27,True
2024-04-18 00:00:00+00:00,-0.00312160779066356,-0.00312160779066356,0.4,0.6,0.0,1.0,0.4164646852981344,0.30515233070432857,0.0,0.0,0.0,0.0,17652.00245310846,-0.03410150140900725,rotation,28,False
2024-04-19 00:00:00+00:00,0.0012238933464275201,0.0012238933464275201,0.4,0.6,0.0,1.0,0.4190212357517766,0.0,0.0,0.0,0.0,0.0,17673.606621461942,-0.03291934466325741,rotation,29,False
2024-04-20 00:00:00+00:00,-0.00704641995508154,-0.00704641995508154,0.4,0.6,0.0,1.0,0.4350126582419805,0.0,0.0,0.0,0.0,0.0,17549.070967086212,-0.03973380109119551,rotation,30,False
2024-04-21 00:00:00+00:00,0.0017914270295517802,0.0017914270295517802,0.4,0.6,0.0,1.0,0.43671754536038027,0.0,0.0,0.0,0.0,0.0,17580.508847160174,-0.038013554266905225,transition_2,1,False
2024-04-22 00:00:00+00:00,-0.0023421892432154198,-0.0023421892432154198,0.4,0.6,0.0,1.0,0.4485105220709956,0.0,0.0,0.0,0.0,0.0,17539.331968448103,-0.040266708572220256,transition_2,2,False
2024-04-23 00:00:00+00:00,0.0026237905614357997,0.0026237905614357997,0.4,0.6,0.0,1.0,0.4466060640870938,0.0,0.0,0.0,0.0,0.0,17585.351502120804,-0.0377485694206765,transition_2,3,False
2024-04-24 00:00:00+00:00,0.0016076783041038799,0.0016076783041038799,0.4,0.6,0.0,1.0,0.44058093655026653,0.0,0.0,0.0,0.0,0.0,17613.623090200803,-0.03620157867264129,transition_2,4,False
2024-04-25 00:00:00+00:00,0.0018826942339596402,0.0018826942339596402,0.4,0.6,0.0,1.0,0.41949522487848956,0.10309505514707425,0.0,0.0,0.0,0.0,17646.78415683186,-0.03438704094210887,transition_2,5,False
2024-04-26 00:00:00+00:00,-0.0017182082423937602,-0.0017182082423937602,0.4,0.6,0.0,1.0,0.42187628849974584,0.0,0.0,0.0,0.0,0.0,17616.463306841848,-0.03604616508732439,transition_2,6,False
2024-04-27 00:00:00+00:00,0.00403318594875496,0.00403318594875496,0.4,0.6,0.0,1.0,0.4152359874024931,0.0,0.0,0.0,0.0,0.0,17687.513779117762,-0.03215836002510608,transition_2,7,False
2024-04-28 00:00:00+00:00,0.0013548731059055,0.0013548731059055,0.4,0.6,0.0,1.0,0.41482656169920484,0.0,0.0,0.0,0.0,0.0,17711.478115847418,-0.03084705741632876,transition_2,8,False
2024-04-29 00:00:00+00:00,-0.0008533606693251597,-0.0008533606693251597,0.4,0.6,0.0,1.0,0.4109197588083901,0.0,0.0,0.0,0.0,0.0,17696.36383702774,-0.031674094420090504,transition_2,9,False
2024-04-30 00:00:00+00:00,0.00357219987830498,0.00357219987830498,0.4,0.6,0.0,1.0,0.3976656806752895,0.0,0.0,0.0,0.0,0.0,17759.57878577281,-0.028215040738018393,transition_2,10,False
2024-05-01 00:00:00+00:00,-0.0009654330563019398,-0.0009654330563019398,0.4,0.6,0.0,1.0,0.39255269213595334,0.0,0.0,0.0,0.0,0.0,17742.43310134703,-0.029153234061306876,transition_2,11,False
2024-05-02 00:00:00+00:00,0.0013216590034357202,0.0013216590034357202,0.4,0.6,0.0,1.0,0.3378758562539481,0.21126100722603125,0.0,0.0,0.0,0.0,17765.88254779828,-0.02787010569214754,transition_2,12,False
2024-05-03 00:00:00+00:00,-0.0011897325936820401,-0.0011897325936820401,0.4,0.6,0.0,1.0,0.3477514035281924,0.0,0.0,0.0,0.0,0.0,17744.745898275636,-0.029026680312698283,transition,1,False
2024-05-04 00:00:00+00:00,-0.0002826581915569191,-0.0002826581915569191,0.4,0.6,0.0,1.0,0.3534514299932246,0.0,0.0,0.0,0.0,0.0,17739.730200490394,-0.029301133875291097,transition,2,False
2024-05-05 00:00:00+00:00,-0.0006842011398076801,-0.0006842011398076801,0.4,0.6,0.0,1.0,0.3529604925552782,0.0,0.0,0.0,0.0,0.0,17727.59265686734,-0.02996528714590363,transition,3,False
2024-05-06 00:00:00+00:00,-0.0018863898109435198,-0.0018863898109435198,0.4,0.6,0.0,1.0,0.35378883926164817,0.0,0.0,0.0,0.0,0.0,17694.151506706865,-0.03179515074449313,transition,4,False
2024-05-07 00:00:00+00:00,-0.00042065576743723976,-0.00042065576743723976,0.4,0.6,0.0,1.0,0.35171363946121426,0.0,0.0,0.0,0.0,0.0,17686.70835982566,-0.0322024316983931,transition,5,False
2024-05-08 00:00:00+00:00,0.00115926226956502,0.00115926226956502,0.4,0.6,0.0,1.0,0.34873694151896795,0.0,0.0,0.0,0.0,0.0,17707.21189350001,-0.031080500492884133,transition,6,False
2024-05-09 00:00:00+00:00,0.0016026684817177,0.0016026684817177,0.4,0.6,0.0,1.0,0.38529100657651094,0.20918328007390882,0.0,0.0,0.0,0.0,17735.59068390082,-0.029527643749702404,transition,7,False
2024-05-10 00:00:00+00:00,-8.416763428059984e-05,-8.416763428059984e-05,0.4,0.6,0.0,1.0,0.37955156413775726,0.0,0.0,0.0,0.0,0.0,17734.097921190387,-0.029609326112062684,transition,8,False
2024-05-11 00:00:00+00:00,-0.001870425559275542,-0.001870425559275542,0.4,0.6,0.0,1.0,0.3764527909294657,0.0,0.0,0.0,0.0,0.0,17700.927611167896,-0.03142436963098538,transition,9,False
2024-05-12 00:00:00+00:00,0.0003992260226068613,0.0003992260226068613,0.4,0.6,0.0,1.0,0.3779764249660002,0.0,0.0,0.0,0.0,0.0,17707.994282094554,-0.031037689034479232,transition,10,False
2024-05-13 00:00:00+00:00,0.00185498637947616,0.00185498637947616,0.4,0.6,0.0,1.0,0.37851811623310533,0.0,0.0,0.0,0.0,0.0,17740.842370295682,-0.02924027714541244,transition,11,False
2024-05-14 00:00:00+00:00,0.00125428850006336,0.00125428850006336,0.4,0.6,0.0,1.0,0.37183086149497396,0.0,0.0,0.0,0.0,0.0,17763.09450486218,-0.02802266438871126,transition,12,False
2024-05-15 00:00:00+00:00,0.0016135652784615797,0.0016135652784615797,0.4,0.6,0.0,1.0,0.38118075265077883,0.0,0.0,0.0,0.0,0.0,17791.756417393255,-0.0264543155085174,transition,13,False
2024-05-16 00:00:00+00:00,0.00499906558086598,0.00499906558086598,0.4,0.6,0.0,1.0,0.4003431579451562,0.21180087623324384,0.0,0.0,0.0,0.0,17880.6985745226,-0.021587496785775206,transition,14,False
2024-05-17 00:00:00+00:00,0.0017819366264106799,0.0017819366264106799,0.4,0.6,0.0,1.0,0.4072350460412828,0.0,0.0,0.0,0.0,0.0,17912.56084621835,-0.019844027710559597,transition,15,False
2024-05-18 00:00:00+00:00,0.0006188665196864798,0.0006188665196864798,0.4,0.6,0.0,1.0,0.4087248954927664,0.0,0.0,0.0,0.0,0.0,17923.646330407923,-0.019237441995239024,transition,16,False
2024-05-19 00:00:00+00:00,0.002124839407017718,0.002124839407017718,0.4,0.6,0.0,1.0,0.4056951231675324,0.0,0.0,0.0,0.0,0.0,17961.73120044822,-0.017153479063063082,transition,17,False
2024-05-20 00:00:00+00:00,-0.00151567590217332,-0.00151567590217332,0.4,0.6,0.0,1.0,0.42184498842390694,0.0,0.0,0.0,0.0,0.0,17934.507037306386,-0.01864315585038201,transition,18,False
2024-05-21 00:00:00+00:00,-0.0060430949946087605,-0.0060430949946087605,0.4,0.6,0.0,1.0,0.43042270117624093,0.0,0.0,0.0,0.0,0.0,17826.127107598462,-0.024573588483187803,transition,19,False
2024-05-22 00:00:00+00:00,0.0005935204055580398,0.0005935204055580398,0.4,0.6,0.0,1.0,0.423474606698579,0.0,0.0,0.0,0.0,0.0,17836.707277788893,-0.0239946530038323,transition,20,False
2024-05-23 00:00:00+00:00,-0.0012055425310094,-0.0012055425310094,0.4,0.6,0.0,1.0,0.2852524343487057,0.257076697198622,0.0,0.0,0.0,0.0,17815.204368552357,-0.025171268960128668,transition,21,False
2024-05-24 00:00:00+00:00,0.0006226153935348203,0.0006226153935348203,0.4,0.6,0.0,1.0,0.28392367690737447,0.0,0.0,0.0,0.0,0.0,17826.296389031188,-0.024564325586123092,deleveraging,1,False
2024-05-25 00:00:00+00:00,-0.0006963556715951767,-0.0006963556715951767,0.4,0.6,0.0,1.0,0.2854778485219066,0.0,0.0,0.0,0.0,0.0,17813.88294643715,-0.02524357575027747,deleveraging,2,False
2024-05-26 00:00:00+00:00,-0.0004403954000829887,-0.0004403954000829887,0.4,0.6,0.0,1.0,0.2834209388538082,0.0,0.0,0.0,0.0,0.0,17806.037794329917,-0.025672853995718614,transition,1,False
2024-05-27 00:00:00+00:00,0.0029472041608525202,0.0029472041608525202,0.4,0.6,0.0,1.0,0.2854289831294468,0.0,0.0,0.0,0.0,0.0,17858.515823005666,-0.022801312976983068,transition,2,False
2024-05-28 00:00:00+00:00,0.0001386058538791,0.0001386058538791,0.4,0.6,0.0,1.0,0.28174383471511766,0.0,0.0,0.0,0.0,0.0,17860.991117840327,-0.022665867518558702,transition,3,False
2024-05-29 00:00:00+00:00,0.0004101728262832549,0.0004101728262832549,0.4,0.6,0.0,1.0,0.2814174231721184,0.0,0.0,0.0,0.0,0.0,17868.31721104735,-0.02226499161521589,transition,4,False
2024-05-30 00:00:00+00:00,-0.00193523442494964,-0.00193523442494964,0.4,0.6,0.0,1.0,0.3528831121553489,0.12701512884169705,0.0,0.0,0.0,0.0,17833.73782846461,-0.024157138061920547,transition,5,False
2024-05-31 00:00:00+00:00,0.00205721057907716,0.00205721057907716,0.4,0.6,0.0,1.0,0.35120539272333573,0.0,0.0,0.0,0.0,0.0,17870.425582589818,-0.02214962380282448,transition,6,False
2024-06-01 00:00:00+00:00,-0.00011663025007136005,-0.00011663025007136005,0.4,0.6,0.0,1.0,0.352824659100013,0.0,0.0,0.0,0.0,0.0,17868.34135038524,-0.022263670736732744,transition,7,False
2024-06-02 00:00:00+00:00,-0.0004408679242394999,-0.0004408679242394999,0.4,0.6,0.0,1.0,0.35385311102232764,0.0,0.0,0.0,0.0,0.0,17860.463771824492,-0.02269472332266853,transition,8,False
2024-06-03 00:00:00+00:00,-0.00224434384241972,-0.00224434384241972,0.4,0.6,0.0,1.0,0.35773690853918855,0.0,0.0,0.0,0.0,0.0,17820.37874993544,-0.024888132402543506,transition,9,False
2024-06-04 00:00:00+00:00,-0.00180374134181866,-0.00180374134181866,0.4,0.6,0.0,1.0,0.3649453334728796,0.0,0.0,0.0,0.0,0.0,17788.235396057313,-0.026646981991027108,transition,10,False
2024-06-05 00:00:00+00:00,-0.00122507240251988,-0.00122507240251988,0.4,0.6,0.0,1.0,0.3747075858841486,0.0,0.0,0.0,0.0,0.0,17766.443519784076,-0.027839409911299406,transition,11,False
2024-06-06 00:00:00+00:00,-0.00136158269433078,-0.00136158269433078,0.4,0.6,0.0,1.0,0.3797742760884855,0.11469193976670863,0.0,0.0,0.0,0.0,17742.253037747734,-0.029163086946874417,transition,12,False
2024-06-07 00:00:00+00:00,-0.0004796596942886601,-0.0004796596942886601,0.4,0.6,0.0,1.0,0.37285270051570596,0.0,0.0,0.0,0.0,0.0,17733.742794079655,-0.029628758283793744,transition,13,False
2024-06-08 00:00:00+00:00,6.155794460580011e-05,6.155794460580011e-05,0.4,0.6,0.0,1.0,0.36659408577181307,0.0,0.0,0.0,0.0,0.0,17734.834446836227,-0.029569024224649132,transition,14,False
2024-06-09 00:00:00+00:00,0.0006659374948249802,0.0006659374948249802,0.4,0.6,0.0,1.0,0.3667253843785354,0.0,0.0,0.0,0.0,0.0,17746.644738058887,-0.0289227778517408,transition,15,False
2024-06-10 00:00:00+00:00,-0.0004806287230293598,-0.0004806287230293598,0.4,0.6,0.0,1.0,0.3602507191188929,0.0,0.0,0.0,0.0,0.0,17738.11519086038,-0.02938950545698471,transition,16,False
2024-06-11 00:00:00+00:00,-0.0004164619703760799,-0.0004164619703760799,0.4,0.6,0.0,1.0,0.34797418731837954,0.0,0.0,0.0,0.0,0.0,17730.727940457236,-0.029793727816009752,transition,17,False
2024-06-12 00:00:00+00:00,0.00145210696930616,0.00145210696930616,0.4,0.6,0.0,1.0,0.3513257921548141,0.0,0.0,0.0,0.0,0.0,17756.474854070442,-0.028384884526507004,transition,18,False
2024-06-13 00:00:00+00:00,0.0013528873444756998,0.0013528873444756998,0.4,0.6,0.0,1.0,0.3965810532118254,0.40308754029524546,0.0,0.0,0.0,0.0,17780.49736418302,-0.02707039873308148,transition,19,False
2024-06-14 00:00:00+00:00,-4.55149533628472e-05,-4.55149533628472e-05,0.4,0.6,0.0,1.0,0.3921398735203922,0.0,0.0,0.0,0.0,0.0,17779.68808567472,-0.027114681578508493,transition,20,False
2024-06-15 00:00:00+00:00,-0.0011458935910897004,-0.0011458935910897004,0.4,0.6,0.0,1.0,0.3939200958950689,0.0,0.0,0.0,0.0,0.0,17759.31445504577,-0.028229504629753044,transition,21,False
2024-06-16 00:00:00+00:00,0.0005450798208403002,0.0005450798208403002,0.4,0.6,0.0,1.0,0.39629506768729184,0.0,0.0,0.0,0.0,0.0,17768.994698987175,-0.02769981214223849,transition,22,False
2024-06-17 00:00:00+00:00,0.00278240165695678,0.00278240165695678,0.4,0.6,0.0,1.0,0.38998066030269096,0.0,0.0,0.0,0.0,0.0,17818.435179280095,-0.02499448248848357,transition,23,False
2024-06-18 00:00:00+00:00,0.0010889220136974602,0.0010889220136974602,0.4,0.6,0.0,1.0,0.37428143232757893,0.0,0.0,0.0,0.0,0.0,17837.83806559645,-0.02393277751698908,transition,24,False
2024-06-19 00:00:00+00:00,-0.00164226980227152,-0.00164226980227152,0.4,0.6,0.0,1.0,0.37886343984854665,0.0,0.0,0.0,0.0,0.0,17808.543522803513,-0.025535743241459907,transition,25,False
2024-06-20 00:00:00+00:00,0.00153406650950478,0.00153406650950478,0.4,0.6,0.0,1.0,0.3956460220752442,0.07081257826514771,0.0,0.0,0.0,0.0,17835.863013004902,-0.024040850260457214,transition,26,False
2024-06-21 00:00:00+00:00,0.00090937036742512,0.00090937036742512,0.4,0.6,0.0,1.0,0.39287167324182215,0.0,0.0,0.0,0.0,0.0,17852.082418306385,-0.02315334192986651,transition,27,False
2024-06-22 00:00:00+00:00,-0.00018907991731979996,-0.00018907991731979996,0.4,0.6,0.0,1.0,0.3956040909389914,0.0,0.0,0.0,0.0,0.0,17848.706948038747,-0.023338044015208448,transition,28,False
2024-06-23 00:00:00+00:00,0.00140622327948922,0.00140622327948922,0.4,0.6,0.0,1.0,0.3923279351990617,0.0,0.0,0.0,0.0,0.0,17873.806215257857,-0.021964639236511374,transition,29,False
2024-06-24 00:00:00+00:00,-9.044830227259988e-05,-9.044830227259988e-05,0.4,0.6,0.0,1.0,0.38225566727719007,0.0,0.0,0.0,0.0,0.0,17872.18955983054,-0.022053100874455,transition,30,False
2024-06-25 00:00:00+00:00,0.00024034994505688,0.00024034994505688,0.4,0.6,0.0,1.0,0.39019467823066056,0.0,0.0,0.0,0.0,0.0,17876.48513960929,-0.021818051390981585,transition,31,False
2024-06-26 00:00:00+00:00,0.0006352708075459407,0.0006352708075459407,0.4,0.6,0.0,1.0,0.3888697596806465,0.0,0.0,0.0,0.0,0.0,17887.841548760014,-0.021196640954561752,transition,32,False
2024-06-27 00:00:00+00:00,-0.00348624824881324,-0.00348624824881324,0.4,0.6,0.0,1.0,0.40110033170951,0.08231013058085382,0.0,0.0,0.0,0.0,17825.4800924856,-0.024608992450966594,transition,33,False
2024-06-28 00:00:00+00:00,0.0022951561738845,0.0022951561738845,0.4,0.6,0.0,1.0,0.4003624102327541,0.0,0.0,0.0,0.0,0.0,17866.392353172323,-0.022370317758038882,transition,34,False
2024-06-29 00:00:00+00:00,0.00210156315734506,0.00210156315734506,0.4,0.6,0.0,1.0,0.40046584753950454,0.0,0.0,0.0,0.0,0.0,17903.93970509642,-0.020315767236312232,transition,35,False
2024-06-30 00:00:00+00:00,-0.00231486730457762,-0.00231486730457762,0.4,0.6,0.0,1.0,0.40537765173063234,0.0,0.0,0.0,0.0,0.0,17862.494460449965,-0.022583606235547116,transition,36,False
2024-07-01 00:00:00+00:00,0.0030446404529304604,0.0030446404529304604,0.4,0.6,0.0,1.0,0.4076222897849262,0.0,0.0,0.0,0.0,0.0,17916.879333674497,-0.01960772474373451,transition,37,False
2024-07-02 00:00:00+00:00,0.00151907219516292,0.00151907219516292,0.4,0.6,0.0,1.0,0.4092695216800093,0.0,0.0,0.0,0.0,0.0,17944.096366894373,-0.018118438098040035,transition,38,False
2024-07-03 00:00:00+00:00,0.00271902203831306,0.00271902203831306,0.4,0.6,0.0,1.0,0.39801004933843415,0.0,0.0,0.0,0.0,0.0,17992.88676037357,-0.015448680492215483,transition,39,False
2024-07-04 00:00:00+00:00,-0.00062864049764692,-0.00062864049764692,0.4,0.6,0.0,1.0,0.3746209833397154,0.19522987929416608,0.0,0.0,0.0,0.0,17981.575703086426,-0.016067609323669685,transition,40,False
2024-07-05 00:00:00+00:00,-0.0005778693197357799,-0.0005778693197357799,0.4,0.6,0.0,1.0,0.3577009642696738,0.0,0.0,0.0,0.0,0.0,17971.184702167106,-0.01663619366493585,transition,41,False
2024-07-06 00:00:00+00:00,0.0010242779244802802,0.0010242779244802802,0.4,0.6,0.0,1.0,0.37347972114850314,0.0,0.0,0.0,0.0,0.0,17989.592189934294,-0.015628955826373914,transition,42,False
2024-07-07 00:00:00+00:00,-0.0009780890904538798,-0.0009780890904538798,0.4,0.6,0.0,1.0,0.3615674958090297,0.0,0.0,0.0,0.0,0.0,17971.996766071607,-0.016591758405638757,transition,43,False
2024-07-08 00:00:00+00:00,0.00044572795351676005,0.00044572795351676005,0.4,0.6,0.0,1.0,0.36662750097598695,0.0,0.0,0.0,0.0,0.0,17980.00738741076,-0.016153425862641346,transition,44,False
2024-07-09 00:00:00+00:00,0.0015338850813509,0.0015338850813509,0.4,0.6,0.0,1.0,0.3739334536243327,0.0,0.0,0.0,0.0,0.0,18007.586652504884,-0.014644318280233937,deleveraging,1,False
2024-07-10 00:00:00+00:00,0.00136079710672748,0.00136079710672748,0.4,0.6,0.0,1.0,0.37780070827274864,0.0,0.0,0.0,0.0,0.0,18032.09132432076,-0.013303449119452027,transition,1,False
2024-07-11 00:00:00+00:00,0.0009179175515282498,0.0009179175515282498,0.4,0.6,0.0,1.0,0.32762982553227615,0.23621157799732434,0.0,0.0,0.0,0.0,18048.643297438113,-0.012397743037366515,transition,2,False
2024-07-12 00:00:00+00:00,0.00120612510735434,0.00120612510735434,0.4,0.6,0.0,1.0,0.33269081553475954,0.0,0.0,0.0,0.0,0.0,18070.412219272832,-0.011206571159164236,transition,3,False
2024-07-13 00:00:00+00:00,0.005735355300101221,0.005735355300101221,0.4,0.6,0.0,1.0,0.34128787599684485,0.0,0.0,0.0,0.0,0.0,18174.052453769655,-0.0055354895263566295,transition,4,False
2024-07-14 00:00:00+00:00,-0.00216405487719266,-0.00216405487719266,0.4,0.6,0.0,1.0,0.3452080523347371,0.0,0.0,0.0,0.0,0.0,18134.72280691872,-0.007687565300442123,transition,5,False
2024-07-15 00:00:00+00:00,-0.00464619859922878,-0.00464619859922878,0.4,0.6,0.0,1.0,0.3593048664939231,0.0,0.0,0.0,0.0,0.0,18050.46528321581,-0.012298045944540537,transition,6,False
2024-07-16 00:00:00+00:00,0.0015495447307968797,0.0015495447307968797,0.4,0.6,0.0,1.0,0.36120542202615125,0.0,0.0,0.0,0.0,0.0,18078.435286583852,-0.01076755758603598,transition,7,False
2024-07-17 00:00:00+00:00,0.004758729409551099,0.004758729409551099,0.4,0.6,0.0,1.0,0.36096433861587407,0.0,0.0,0.0,0.0,0.0,18164.465668260782,-0.006060068069438707,transition,8,False
2024-07-18 00:00:00+00:00,-0.0015380475550833403,-0.0015380475550833403,0.4,0.6,0.0,1.0,0.2703581811420081,0.12963418981026703,0.0,0.0,0.0,0.0,18136.52785625032,-0.007588794951644218,transition,9,False
2024-07-19 00:00:00+00:00,-0.00062662299035196,-0.00062662299035196,0.4,0.6,0.0,1.0,0.27389286591846246,0.0,0.0,0.0,0.0,0.0,18125.163090930433,-0.008210662628610366,transition,10,False
2024-07-20 00:00:00+00:00,0.0005361272494207999,0.0005361272494207999,0.4,0.6,0.0,1.0,0.27710970966641024,0.0,0.0,0.0,0.0,0.0,18134.88048476368,-0.007678937339160585,transition,11,False
2024-07-21 00:00:00+00:00,-0.0009365472777492201,-0.0009365472777492201,0.4,0.6,0.0,1.0,0.27854676895861197,0.0,0.0,0.0,0.0,0.0,18117.89631181337,-0.008608292929048633,transition,12,False
2024-07-22 00:00:00+00:00,0.0008704063425992801,0.0008704063425992801,0.4,0.6,0.0,1.0,0.2756881243793513,0.0,0.0,0.0,0.0,0.0,18133.666243677726,-0.007745379299213817,transition,13,False
2024-07-23 00:00:00+00:00,0.00045751506037542,0.00045751506037542,0.4,0.6,0.0,1.0,0.2708002189486042,0.0,0.0,0.0,0.0,0.0,18141.96266908403,-0.007291407866516053,transition,14,False
2024-07-24 00:00:00+00:00,0.0010345430559629,0.0010345430559629,0.4,0.6,0.0,1.0,0.26981102188489486,0.0,0.0,0.0,0.0,0.0,18160.731310584866,-0.006264408085929762,transition,15,False
2024-07-25 00:00:00+00:00,0.00270492780120468,0.00270492780120468,0.4,0.6,0.0,1.0,0.3861783874574306,0.24499542417902176,0.0,0.0,0.0,0.0,18209.854777597073,-0.003576425056314947,transition,16,False
2024-07-26 00:00:00+00:00,0.00147826733883176,0.00147826733883176,0.4,0.6,0.0,1.0,0.3964077572084375,0.0,0.0,0.0,0.0,0.0,18236.773811159666,-0.002103444629833584,transition,17,False
2024-07-27 00:00:00+00:00,-0.00027927480076872003,-0.00027927480076872003,0.4,0.6,0.0,1.0,0.3977962197586299,0.0,0.0,0.0,0.0,0.0,18231.680739786894,-0.0023821319915222627,transition,18,False
2024-07-28 00:00:00+00:00,-0.00043301249004202007,-0.00043301249004202007,0.4,0.6,0.0,1.0,0.39811636134469697,0.0,0.0,0.0,0.0,0.0,18223.786194312106,-0.0028141129886590788,transition,19,False
2024-07-29 00:00:00+00:00,-0.00317273788332419,-0.00317273788332419,0.4,0.6,0.0,1.0,0.4039037889397118,0.0,0.0,0.0,0.0,0.0,18165.966897475813,-0.005977922429096116,transition,20,False
2024-07-30 00:00:00+00:00,-0.0048511037858342005,-0.0048511037858342005,0.4,0.6,0.0,1.0,0.39968779072501454,0.0,0.0,0.0,0.0,0.0,18077.841906686128,-0.010800026692803222,transition,21,False
2024-07-31 00:00:00+00:00,-0.00247274461216396,-0.00247274461216396,0.4,0.6,0.0,1.0,0.3934434694763118,0.0,0.0,0.0,0.0,0.0,18033.14002051182,-0.013246065597151246,transition,22,False
2024-08-01 00:00:00+00:00,0.00116278647998648,0.00116278647998648,0.4,0.6,0.0,1.0,0.3818113912587319,0.18954156775353617,0.0,0.0,0.0,0.0,18054.108711919373,-0.012098681463154182,transition,23,False
2024-08-02 00:00:00+00:00,-0.0005417481449789001,-0.0005417481449789001,0.4,0.6,0.0,1.0,0.3662248856153725,0.0,0.0,0.0,0.0,0.0,18044.327932015443,-0.012633875169893671,transition,24,False
2024-08-03 00:00:00+00:00,0.0006990441613916602,0.0006990441613916602,0.4,0.6,0.0,1.0,0.35602422649017884,0.0,0.0,0.0,0.0,0.0,18056.941714102555,-0.011943662645175324,transition,25,False
2024-08-04 00:00:00+00:00,0.0038516409679600003,0.0038516409679600003,0.4,0.6,0.0,1.0,0.3445560777645893,0.0,0.0,0.0,0.0,0.0,18126.490570564663,-0.008138024377566722,transition,26,False
2024-08-05 00:00:00+00:00,0.0002034967541664731,0.0002034967541664731,0.4,0.6,0.0,1.0,0.3129586790652732,0.0,0.0,0.0,0.0,0.0,18130.1792525602,-0.00793618368494653,transition,27,False
2024-08-06 00:00:00+00:00,0.00278712519886664,0.00278712519886664,0.4,0.6,0.0,1.0,0.3257041138153659,0.0,0.0,0.0,0.0,0.0,18180.71033201498,-0.0051711776236109674,deleveraging,1,False
2024-08-07 00:00:00+00:00,-0.0032152877609594593,-0.0032152877609594593,0.4,0.6,0.0,1.0,0.3295980307027919,0.0,0.0,0.0,0.0,0.0,18122.254116598902,-0.008369838560447596,deleveraging,2,False
2024-08-08 00:00:00+00:00,0.003649554115764,0.003649554115764,0.4,0.6,0.0,1.0,0.4191380131824505,0.19584603390674246,0.0,0.0,0.0,0.0,18188.392263697056,-0.004750830623450164,transition,1,False
2024-08-09 00:00:00+00:00,0.0023942028531399,0.0023942028531399,0.4,0.6,0.0,1.0,0.4182417285858817,0.0,0.0,0.0,0.0,0.0,18231.93896434883,-0.0023680022225436304,deleveraging,1,False
2024-08-10 00:00:00+00:00,-0.0011764723178659601,-0.0011764723178659601,0.4,0.6,0.0,1.0,0.4217298900691774,0.0,0.0,0.0,0.0,0.0,18210.48959285625,-0.0035416886513460755,transition,1,False
2024-08-11 00:00:00+00:00,-0.0008516378728586199,-0.0008516378728586199,0.4,0.6,0.0,1.0,0.41400446000159147,0.0,0.0,0.0,0.0,0.0,18194.980850235675,-0.004390310288015398,transition,2,False
2024-08-12 00:00:00+00:00,-0.00180175447046598,-0.00180175447046598,0.4,0.6,0.0,1.0,0.4192597887043918,0.0,0.0,0.0,0.0,0.0,18162.19796214872,-0.00618415449729337,transition,3,False
2024-08-13 00:00:00+00:00,0.00130235834452736,0.00130235834452736,0.4,0.6,0.0,1.0,0.4231890713944929,0.0,0.0,0.0,0.0,0.0,18185.85165221968,-0.004889850137979379,deleveraging,1,False
2024-08-14 00:00:00+00:00,-0.0017297605487414402,-0.0017297605487414402,0.4,0.6,0.0,1.0,0.421006746468327,0.0,0.0,0.0,0.0,0.0,18154.39448348641,-0.006611152416862831,transition,1,False
2024-08-15 00:00:00+00:00,-0.0006138558114317402,-0.0006138558114317402,0.4,0.6,0.0,1.0,0.4448941255126877,0.1702803794096868,0.0,0.0,0.0,0.0,18143.250302929697,-0.007220949933963161,transition,2,False
2024-08-16 00:00:00+00:00,0.00205430334916938,0.00205430334916938,0.4,0.6,0.0,1.0,0.4469320393295574,0.0,0.0,0.0,0.0,0.0,18180.52204279182,-0.005181480606427424,transition,3,False
2024-08-17 00:00:00+00:00,0.00085797186659842,0.00085797186659842,0.4,0.6,0.0,1.0,0.4527556198385836,0.0,0.0,0.0,0.0,0.0,18196.12041922461,-0.00432795430441657,transition,4,False
2024-08-18 00:00:00+00:00,-0.00124291770445622,-0.00124291770445622,0.4,0.6,0.0,1.0,0.45235510452382477,0.0,0.0,0.0,0.0,0.0,18173.50413900314,-0.005565492717843679,transition,5,False
2024-08-19 00:00:00+00:00,-0.0023052470010140004,-0.0023052470010140004,0.4,0.6,0.0,1.0,0.46167905385563607,0.0,0.0,0.0,0.0,0.0,18131.60972308879,-0.007857909883460579,transition,6,False
2024-08-20 00:00:00+00:00,0.00505739899472234,0.00505739899472234,0.4,0.6,0.0,1.0,0.47597736094593346,0.0,0.0,0.0,0.0,0.0,18223.308507875034,-0.0028402514742836837,transition,7,False
2024-08-21 00:00:00+00:00,0.0033620958327166993,0.0033620958327166993,0.4,0.6,0.0,1.0,0.47822616163898,0.0,0.0,0.0,0.0,0.0,18284.577017467673,0.0,transition,8,False
2024-08-22 00:00:00+00:00,0.00066806100973812,0.00066806100973812,0.4,0.6,0.0,1.0,0.46585823063130394,0.23322199637634586,0.0,0.0,0.0,0.0,18296.792230452593,0.0,transition,9,False
2024-08-23 00:00:00+00:00,0.0035110618051864394,0.0035110618051864394,0.4,0.6,0.0,1.0,0.47886624290435054,0.0,0.0,0.0,0.0,0.0,18361.033398810367,0.0,transition,10,False
2024-08-24 00:00:00+00:00,0.0009582636960179601,0.0009582636960179601,0.4,0.6,0.0,1.0,0.483850570877592,0.0,0.0,0.0,0.0,0.0,18378.62811053782,0.0,transition,11,False
2024-08-25 00:00:00+00:00,-0.0011324646249349802,-0.0011324646249349802,0.4,0.6,0.0,1.0,0.4834503320908435,0.0,0.0,0.0,0.0,0.0,18357.8149643478,-0.0011324646249349923,transition,12,False
2024-08-26 00:00:00+00:00,-0.0012554111089595676,-0.0012554111089595676,0.4,0.6,0.0,1.0,0.47379485095816254,0.0,0.0,0.0,0.0,0.0,18334.768359505335,-0.00238645402522375,transition,13,False
2024-08-27 00:00:00+00:00,-0.00195665717753644,-0.00195665717753644,0.4,0.6,0.0,1.0,0.4574997474250833,0.0,0.0,0.0,0.0,0.0,18298.893503396237,-0.0043384417303631295,transition,14,False
2024-08-28 00:00:00+00:00,-0.0004417399416732,-0.0004417399416732,0.4,0.6,0.0,1.0,0.45234893614437766,0.0,0.0,0.0,0.0,0.0,18290.810151247366,-0.004778265209039234,transition,15,False
2024-08-29 00:00:00+00:00,0.0003827949749351002,0.0003827949749351002,0.4,0.6,0.0,1.0,0.42077307070344105,0.08411690049641117,0.0,0.0,0.0,0.0,18297.811781460754,-0.004397299330015092,transition,16,False
2024-08-30 00:00:00+00:00,-0.00027813171183728013,-0.00027813171183728013,0.4,0.6,0.0,1.0,0.41935708870597665,0.0,0.0,0.0,0.0,0.0,18292.7225797471,-0.004674208013462189,transition,17,False
2024-08-31 00:00:00+00:00,-0.00039994950788748015,-0.00039994950788748015,0.4,0.6,0.0,1.0,0.4169378452376953,0.0,0.0,0.0,0.0,0.0,18285.40641435341,-0.00507228807415494,transition,18,False
2024-09-01 00:00:00+00:00,-0.00180155339983534,-0.00180155339983534,0.4,0.6,0.0,1.0,0.4065093506702856,0.0,0.0,0.0,0.0,0.0,18252.464278260257,-0.0068647034761655235,transition,19,False
2024-09-02 00:00:00+00:00,0.0003194682431014999,0.0003194682431014999,0.4,0.6,0.0,1.0,0.4103044201594405,0.0,0.0,0.0,0.0,0.0,18258.29536095551,-0.006547428287822621,transition,20,False
2024-09-03 00:00:00+00:00,-0.0023410706707617797,-0.0023410706707617797,0.4,0.6,0.0,1.0,0.4040905605688008,0.0,0.0,0.0,0.0,0.0,18215.551401187873,-0.008873170966250843,transition,21,False
2024-09-04 00:00:00+00:00,0.00200913034503098,0.00200913034503098,0.4,0.6,0.0,1.0,0.400974142221195,0.0,0.0,0.0,0.0,0.0,18252.14881825947,-0.006881867978264844,transition,22,False
2024-09-05 00:00:00+00:00,-0.00038320575598334,-0.00038320575598334,0.4,0.6,0.0,1.0,0.40312254938299397,0.29489493657117205,0.0,0.0,0.0,0.0,18245.15448977325,-0.0072624365628269905,transition,23,False
2024-09-06 00:00:00+00:00,0.00108777123407848,0.00108777123407848,0.4,0.6,0.0,1.0,0.39238084967776216,0.0,0.0,0.0,0.0,0.0,18265.00104398854,-0.006182565198330936,transition,24,False
2024-09-07 00:00:00+00:00,-0.0010423689029088199,-0.0010423689029088199,0.4,0.6,0.0,1.0,0.39344762492702057,0.0,0.0,0.0,0.0,0.0,18245.96217488869,-0.007218489587536792,transition,25,False
2024-09-08 00:00:00+00:00,0.00097095162649792,0.00097095162649792,0.4,0.6,0.0,1.0,0.3961044757862604,0.0,0.0,0.0,0.0,0.0,18263.67812153942,-0.006254546765244728,transition,26,False
2024-09-09 00:00:00+00:00,0.00134077013732354,0.00134077013732354,0.4,0.6,0.0,1.0,0.403176545641795,0.0,0.0,0.0,0.0,0.0,18288.165515762466,-0.004922162537446595,transition,27,False
2024-09-10 00:00:00+00:00,0.00066251783751548,0.00066251783751548,0.4,0.6,0.0,1.0,0.40490088634468246,0.0,0.0,0.0,0.0,0.0,18300.281751632094,-0.004262905720411325,transition,28,False
2024-09-11 00:00:00+00:00,-0.0003309474981637915,-0.0003309474981637915,0.4,0.6,0.0,1.0,0.406345254232904,0.0,0.0,0.0,0.0,0.0,18294.225319170702,-0.004592442420591869,transition,29,False
2024-09-12 00:00:00+00:00,-0.0030068087249300202,-0.0030068087249300202,0.4,0.6,0.0,1.0,0.40695917534805226,0.15804813936089526,0.0,0.0,0.0,0.0,18239.218082865184,-0.0075854425495829325,transition,30,False
2024-09-13 00:00:00+00:00,0.00047234252078173983,0.00047234252078173983,0.4,0.6,0.0,1.0,0.4137017838999678,0.0,0.0,0.0,0.0,0.0,18247.83324111153,-0.007116682955856435,transition,31,False
2024-09-14 00:00:00+00:00,-0.00392451389046578,-0.00392451389046578,0.4,0.6,0.0,1.0,0.41696339918740327,0.0,0.0,0.0,0.0,0.0,18176.219366085887,-0.011013267325207798,transition,32,False
2024-09-15 00:00:00+00:00,0.00043354189805540545,0.00043354189805540545,0.4,0.6,0.0,1.0,0.4116098270943252,0.0,0.0,0.0,0.0,0.0,18184.09951872933,-0.010584500139972364,transition,33,False
2024-09-16 00:00:00+00:00,-0.00212300103306736,-0.00212300103306736,0.4,0.6,0.0,1.0,0.40274523640728177,0.0,0.0,0.0,0.0,0.0,18145.49465666567,-0.012685030268308028,transition,34,True
2024-09-17 00:00:00+00:00,0.00039805175404288,0.00039805175404288,0.4,0.6,0.0,1.0,0.40676135067077324,0.0,0.0,0.0,0.0,0.0,18152.71750264173,-0.012292027812813466,transition,35,False
2024-09-18 00:00:00+00:00,0.0013620589921335801,0.0013620589921335801,0.4,0.6,0.0,1.0,0.4104700868327034,0.0,0.0,0.0,0.0,0.0,18177.442574747864,-0.010946711287693978,transition,36,False
2024-09-19 00:00:00+00:00,-0.0010258242757399197,-0.0010258242757399197,0.4,0.6,0.0,1.0,0.38925495805778487,0.1963022385842907,0.0,0.0,0.0,0.0,18158.79571288382,-0.011961306161255458,transition,37,False
2024-09-20 00:00:00+00:00,-0.00092765141788466,-0.00092765141788466,0.4,0.6,0.0,1.0,0.3940726424688949,0.0,0.0,0.0,0.0,0.0,18141.950680293685,-0.01287786165651994,transition,38,False
2024-09-21 00:00:00+00:00,-0.0017154027050479003,-0.0017154027050479003,0.4,0.6,0.0,1.0,0.3992817840761325,0.0,0.0,0.0,0.0,0.0,18110.829929021864,-0.01457117364284699,transition,39,False
2024-09-22 00:00:00+00:00,-0.0019054378328341804,-0.0019054378328341804,0.4,0.6,0.0,1.0,0.3985159056128269,0.0,0.0,0.0,0.0,0.0,18076.320868491082,-0.016448847010153145,transition,40,False
2024-09-23 00:00:00+00:00,0.00043437957568288,0.00043437957568288,0.4,0.6,0.0,1.0,0.40252695896730234,0.0,0.0,0.0,0.0,0.0,18084.172853079846,-0.01602161247765488,transition,41,False
2024-09-24 00:00:00+00:00,0.0023130290447954402,0.0023130290447954402,0.4,0.6,0.0,1.0,0.40480496378646946,0.0,0.0,0.0,0.0,0.0,18126.002070140123,-0.013745641887864646,transition,42,False
2024-09-25 00:00:00+00:00,0.0020706585621704998,0.0020706585621704998,0.4,0.6,0.0,1.0,0.40119120739397496,0.0,0.0,0.0,0.0,0.0,18163.53483152458,-0.011703445856761752,transition,43,False
2024-09-26 00:00:00+00:00,0.0003454801849042202,0.0003454801849042202,0.4,0.6,0.0,1.0,0.40612358794335446,0.17923373333716902,0.0,0.0,0.0,0.0,18169.80997289669,-0.011362008980495997,transition,44,False
2024-09-27 00:00:00+00:00,-0.0028140941326825998,-0.0028140941326825998,0.4,0.6,0.0,1.0,0.4130986492372841,0.0,0.0,0.0,0.0,0.0,18118.678417260002,-0.014144129350371237,transition,45,False
2024-09-28 00:00:00+00:00,-0.0005809013040815401,-0.0005809013040815401,0.4,0.6,0.0,1.0,0.4143905207983102,0.0,0.0,0.0,0.0,0.0,18108.153253339184,-0.014716814311267923,transition,46,False
2024-09-29 00:00:00+00:00,0.0006163748880836799,0.0006163748880836799,0.4,0.6,0.0,1.0,0.41517380397442705,0.0,0.0,0.0,0.0,0.0,18119.314664274112,-0.014109510497958389,transition,47,False
2024-09-30 00:00:00+00:00,-0.0011778488047470797,-0.0011778488047470797,0.4,0.6,0.0,1.0,0.40333216412833484,0.0,0.0,0.0,0.0,0.0,18097.97285115396,-0.01527074043262977,transition,48,False
2024-10-01 00:00:00+00:00,-0.00205554070913738,-0.00205554070913738,0.4,0.6,0.0,1.0,0.39001281962300016,0.0,0.0,0.0,0.0,0.0,18060.77173120555,-0.017294891513149335,transition,49,False
2024-10-02 00:00:00+00:00,-8.650687068721945e-05,-8.650687068721945e-05,0.4,0.6,0.0,1.0,0.3777188068737984,0.0,0.0,0.0,0.0,0.0,18059.20935036089,-0.017379902256892787,transition,50,False
2024-10-03 00:00:00+00:00,0.00029352402568779995,0.00029352402568779995,0.4,0.6,0.0,1.0,0.3561461700635569,0.43525598228770723,0.0,0.0,0.0,0.0,18064.510162190145,-0.01709147965008151,transition,51,False
2024-10-04 00:00:00+00:00,6.0991851040660076e-05,6.0991851040660076e-05,0.4,0.6,0.0,1.0,0.3623226477829645,0.0,0.0,0.0,0.0,0.0,18065.611950103077,-0.017031530240021908,transition,52,False
2024-10-05 00:00:00+00:00,0.0017131475328348593,0.0017131475328348593,0.4,0.6,0.0,1.0,0.3611718782306861,0.0,0.0,0.0,0.0,0.0,18096.56100864455,-0.015347560231198099,transition,53,False
2024-10-06 00:00:00+00:00,-0.00013922709448904155,-0.00013922709448904155,0.4,0.6,0.0,1.0,0.36352702578658347,0.0,0.0,0.0,0.0,0.0,18094.041477035073,-0.015484650529468569,transition,54,False
2024-10-07 00:00:00+00:00,-0.00128475836280574,-0.00128475836280574,0.4,0.6,0.0,1.0,0.3646305788114287,0.0,0.0,0.0,0.0,0.0,18070.795005930497,-0.01674951485801157,transition,55,False
2024-10-08 00:00:00+00:00,-0.0015400003879298422,-0.0015400003879298422,0.4,0.6,0.0,1.0,0.36456101655994755,0.0,0.0,0.0,0.0,0.0,18042.96597461116,-0.01826372098656248,transition,56,False
2024-10-09 00:00:00+00:00,-0.00074451154947022,-0.00074451154947022,0.4,0.6,0.0,1.0,0.36211002873303855,0.0,0.0,0.0,0.0,0.0,18029.532778056368,-0.01899463498482179,transition,57,False
2024-10-10 00:00:00+00:00,0.00010367690632799321,0.00010367690632799321,0.4,0.6,0.0,1.0,0.36750211475271766,0.06113849085015852,0.0,0.0,0.0,0.0,18031.402024237337,-0.018892927383485802,transition,58,False
2024-10-11 00:00:00+00:00,0.0001354260174639801,0.0001354260174639801,0.4,0.6,0.0,1.0,0.37385627187951015,0.0,0.0,0.0,0.0,0.0,18033.84394520277,-0.01876005995993557,transition,59,False
2024-10-12 00:00:00+00:00,-0.00097348679296988,-0.00097348679296988,0.4,0.6,0.0,1.0,0.37772780874829925,0.0,0.0,0.0,0.0,0.0,18016.288236295637,-0.019715284082299167,transition,60,False
2024-10-13 00:00:00+00:00,-0.0004954418423573093,-0.0004954418423573093,0.4,0.6,0.0,1.0,0.3752966862980691,0.0,0.0,0.0,0.0,0.0,18007.362213259406,-0.020200958147988057,transition,61,True
2024-10-14 00:00:00+00:00,0.0042694342697069,0.0042694342697069,0.4,0.6,0.0,1.0,0.38883266789891735,0.0,0.0,0.0,0.0,0.0,18084.24346259972,-0.016017770541279286,transition,62,True
2024-10-15 00:00:00+00:00,0.0016719934201691203,0.0016719934201691203,0.4,0.6,0.0,1.0,0.38722038942208925,0.0,0.0,0.0,0.0,0.0,18114.480198677924,-0.014372558728060869,transition,63,False
2024-10-16 00:00:00+00:00,-0.00181297655506866,-0.00181297655506866,0.4,0.6,0.0,1.0,0.3922066426532186,0.0,0.0,0.0,0.0,0.0,18081.639070770467,-0.016159478171119068,transition,64,False
2024-10-17 00:00:00+00:00,-0.00039416870646473987,-0.00039416870646473987,0.4,0.6,0.0,1.0,0.4227157610862198,0.24621784792649712,0.0,0.0,0.0,0.0,18074.51185448718,-0.016547277316975917,transition,65,False
2024-10-18 00:00:00+00:00,0.0012336870172802,0.0012336870172802,0.4,0.6,0.0,1.0,0.4251725659092138,0.0,0.0,0.0,0.0,0.0,18096.81014510574,-0.015334004460892836,transition,66,False
2024-10-19 00:00:00+00:00,0.00282567339980538,0.00282567339980538,0.4,0.6,0.0,1.0,0.4261723071887479,0.0,0.0,0.0,0.0,0.0,18147.94582015409,-0.012551659949605276,transition,67,False
2024-10-20 00:00:00+00:00,-0.0016334419791880802,-0.0016334419791880802,0.4,0.6,0.0,1.0,0.4294205982540347,0.0,0.0,0.0,0.0,0.0,18118.30220361542,-0.01416459952052318,transition,68,True
2024-10-21 00:00:00+00:00,-0.0016854753035318,-0.0016854753035318,0.4,0.6,0.0,1.0,0.426493756613038,0.0,0.0,0.0,0.0,0.0,18087.7642527093,-0.01582620074137875,transition,69,True
2024-10-22 00:00:00+00:00,-0.0006244860735805072,-0.0006244860735805072,0.4,0.6,0.0,1.0,0.4230509311474908,0.0,0.0,0.0,0.0,0.0,18076.468695831278,-0.016440803572998486,transition,70,False
2024-10-23 00:00:00+00:00,0.0014941717811059602,0.0014941717811059602,0.4,0.6,0.0,1.0,0.41605768610809757,0.0,0.0,0.0,0.0,0.0,18103.478045258635,-0.014971197176649964,transition,71,False
2024-10-24 00:00:00+00:00,-0.0005171544272535,-0.0005171544272535,0.4,0.6,0.0,1.0,0.38205392658836845,0.15975050713836383,0.0,0.0,0.0,0.0,18094.115751438843,-0.015480609183002203,transition,72,False
2024-10-25 00:00:00+00:00,0.00028701175404982014,0.00028701175404982014,0.4,0.6,0.0,1.0,0.3731342617923995,0.0,0.0,0.0,0.0,0.0,18099.308975338645,-0.015198040545747804,transition,73,False
2024-10-26 00:00:00+00:00,-0.0021699374245954,-0.0021699374245954,0.4,0.6,0.0,1.0,0.3718419160196249,0.0,0.0,0.0,0.0,0.0,18060.034607433743,-0.017334999173382437,transition,74,False
2024-10-27 00:00:00+00:00,0.0007430493033605203,0.0007430493033605203,0.4,0.6,0.0,1.0,0.3775004439549666,0.0,0.0,0.0,0.0,0.0,18073.454103567463,-0.01660483062908147,transition,75,False
2024-10-28 00:00:00+00:00,-0.0017087308798416799,-0.0017087308798416799,0.4,0.6,0.0,1.0,0.3819280367273068,0.0,0.0,0.0,0.0,0.0,18042.571434435296,-0.0182851883220726,transition,76,False
2024-10-29 00:00:00+00:00,-0.0017133540209179,-0.0017133540209179,0.4,0.6,0.0,1.0,0.3933455490211616,0.0,0.0,0.0,0.0,0.0,18011.658122120407,-0.019967213342055756,transition,77,False
2024-10-30 00:00:00+00:00,-0.00225008204340174,-0.00225008204340174,0.4,0.6,0.0,1.0,0.3927582910928963,0.0,0.0,0.0,0.0,0.0,17971.13041360793,-0.022172367517259817,transition,78,False
2024-10-31 00:00:00+00:00,0.0010783779479935402,0.0010783779479935402,0.4,0.6,0.0,1.0,0.36900096194794174,0.2190802035876009,0.0,0.0,0.0,0.0,17990.510084346482,-0.02111789976145173,transition,79,False
2024-11-01 00:00:00+00:00,8.827355969064012e-05,8.827355969064012e-05,0.4,0.6,0.0,1.0,0.3651720305534294,0.0,0.0,0.0,0.0,0.0,17992.098170712277,-0.021031490353946247,transition,80,False
2024-11-02 00:00:00+00:00,-0.00011013377218376002,-0.00011013377218376002,0.4,0.6,0.0,1.0,0.3630778780484552,0.0,0.0,0.0,0.0,0.0,17990.116633071237,-0.021139307848762612,transition_2,1,False
2024-11-03 00:00:00+00:00,0.0008582160652849198,0.0008582160652849198,0.4,0.6,0.0,1.0,0.3550308057261514,0.0,0.0,0.0,0.0,0.0,18005.556040182088,-0.020299233877082545,transition,1,False
2024-11-04 00:00:00+00:00,-0.0003258963623581599,-0.0003258963623581599,0.4,0.6,0.0,1.0,0.35372889966989685,0.0,0.0,0.0,0.0,0.0,17999.688094966357,-0.020618514792961395,transition,2,False
2024-11-05 00:00:00+00:00,0.0009650204140880803,0.0009650204140880803,0.4,0.6,0.0,1.0,0.35544899816567815,0.0,0.0,0.0,0.0,0.0,18017.05816142522,-0.019673391666556683,transition,3,False
2024-11-06 00:00:00+00:00,-0.00265857122593834,-0.00265857122593834,0.4,0.6,0.0,1.0,0.3778141625205174,0.0,0.0,0.0,0.0,0.0,17969.158529021195,-0.022279659779493755,transition,4,False
2024-11-07 00:00:00+00:00,0.0002648247735805003,0.0002648247735805003,0.4,0.6,0.0,1.0,0.3798777187636727,0.08495042081466671,0.0,0.0,0.0,0.0,17973.91720736008,-0.022020735211769615,transition_2,1,False
2024-11-08 00:00:00+00:00,0.00082344376739382,0.00082344376739382,0.4,0.6,0.0,1.0,0.38586952696224985,0.0,0.0,0.0,0.0,0.0,17988.71771746013,-0.02121542428153944,transition_2,2,False
2024-11-09 00:00:00+00:00,-0.00240416468450022,-0.00240416468450022,0.4,0.6,0.0,1.0,0.3959996607824573,0.0,0.0,0.0,0.0,0.0,17945.46987760437,-0.023568583592215364,transition_2,3,False
2024-11-10 00:00:00+00:00,-0.0009467730812843991,-0.0009467730812843991,0.4,0.6,0.0,1.0,0.4292072321510155,0.0,0.0,0.0,0.0,0.0,17928.479589793253,-0.024493042572990675,transition_2,4,False
2024-11-11 00:00:00+00:00,-0.008261105897372242,-0.008261105897372242,0.4,0.6,0.0,1.0,0.45663599240081343,0.0,0.0,0.0,0.0,0.0,17780.370521323093,-0.03255180885191866,transition_2,5,False
2024-11-12 00:00:00+00:00,-0.01201387686093854,-0.01201387686093854,0.4,0.6,0.0,1.0,0.44741024092468706,0.042549639037043084,0.0,0.0,0.0,0.0,17566.759339338056,-0.044174612289709425,transition_2,6,False
2024-11-13 00:00:00+00:00,0.001378675574262661,0.001378675574262661,0.4,0.6,0.0,1.0,0.43523544012661997,0.0,0.0,0.0,0.0,0.0,17590.978201358153,-0.042856839174412964,transition_2,7,False
2024-11-14 00:00:00+00:00,0.0020539615639450794,0.0020539615639450794,0.4,0.6,0.0,1.0,0.36471793049467,0.32652203302521765,0.0,0.0,0.0,0.0,17627.109394455936,-0.04089090391088446,transition_2,8,False
2024-11-15 00:00:00+00:00,-0.00024524447631114004,-0.00024524447631114004,0.4,0.6,0.0,1.0,0.38050189766468046,0.0,0.0,0.0,0.0,0.0,17622.78644324361,-0.04112612011888028,transition_2,9,True
2024-11-16 00:00:00+00:00,-0.0017454395814743397,-0.0017454395814743397,0.4,0.6,0.0,1.0,0.39397816813415776,0.04445487821113912,0.0,0.0,0.0,0.0,17592.026934249705,-0.04279977654246658,rotation,1,True
2024-11-17 00:00:00+00:00,-0.00145171453202984,-0.00145171453202984,0.4,0.6,0.0,1.0,0.3670194289402787,0.0,0.0,0.0,0.0,0.0,17566.48833310139,-0.04418935801692225,rotation,2,False
2024-11-18 00:00:00+00:00,-0.00029570221825124684,-0.00029570221825124684,0.4,0.6,0.0,1.0,0.37830380921314083,0.0,0.0,0.0,0.0,0.0,17561.29388353441,-0.04447199334398466,rotation,3,False
2024-11-19 00:00:00+00:00,-1.1977764517399946e-05,-1.1977764517399946e-05,0.4,0.6,0.0,1.0,0.3748050936956609,0.0,0.0,0.0,0.0,0.0,17561.08353849165,-0.04448343843343838,rotation,4,False
2024-11-20 00:00:00+00:00,0.0014301586759717204,0.0014301586759717204,0.4,0.6,0.0,1.0,0.3710904967817673,0.0,0.0,0.0,0.0,0.0,17586.19867447369,-0.04311689813287922,rotation,5,False
2024-11-21 00:00:00+00:00,-0.00600407994873646,-0.00600407994873646,0.4,0.6,0.0,1.0,0.40022202855919103,0.129669815507161,0.0,0.0,0.0,0.0,17480.60973163779,-0.04886210077808417,rotation,6,False
2024-11-22 00:00:00+00:00,0.0019562976998004204,0.0019562976998004204,0.4,0.6,0.0,1.0,0.42452283491447507,0.0,0.0,0.0,0.0,0.0,17514.8070082469,-0.047001391893643496,rotation,7,True
2024-11-23 00:00:00+00:00,0.00096127042481322,0.00096127042481322,0.4,0.6,0.0,1.0,0.4038439482808047,0.04130809687772112,0.0,0.0,0.0,0.0,17531.643474220236,-0.04608530251678267,rotation,8,True
2024-11-24 00:00:00+00:00,0.00446896015099184,0.00446896015099184,0.4,0.6,0.0,1.0,0.3955939660209923,0.0,0.0,0.0,0.0,0.0,17609.991690287923,-0.04182229574628471,rotation,9,True
2024-11-25 00:00:00+00:00,-0.006296359662578761,-0.006296359662578761,0.4,0.6,0.0,1.0,0.38935131677205437,0.0,0.0,0.0,0.0,0.0,17499.112848950845,-0.047855327192930286,rotation,10,True
2024-11-26 00:00:00+00:00,0.00038961041909956005,0.00038961041909956005,0.4,0.6,0.0,1.0,0.37664137561018846,0.0,0.0,0.0,0.0,0.0,17505.930685641793,-0.04748436170791459,rotation,11,True
2024-11-27 00:00:00+00:00,-0.00322275472531746,-0.00322275472531746,0.4,0.6,0.0,1.0,0.3946787478148891,0.0,0.0,0.0,0.0,0.0,17449.513364803563,-0.05055408598215916,rotation,12,True
2024-11-28 00:00:00+00:00,-0.003981499353415701,-0.003981499353415701,0.4,0.6,0.0,1.0,0.43799562206353637,0.5165493397067358,0.0,0.0,0.0,0.0,17380.03813862418,-0.05433430427492436,rotation,13,True
2024-11-29 00:00:00+00:00,-0.005444224268614201,-0.005444224268614201,0.4,0.6,0.0,1.0,0.4583661507098667,0.0,0.0,0.0,0.0,0.0,17285.41731320044,-0.059482720405586775,rotation,14,True
2024-11-30 00:00:00+00:00,-0.0008805887265674398,-0.0008805887265674398,0.4,0.6,0.0,1.0,0.46991246475613213,0.0,0.0,0.0,0.0,0.0,17270.19596958042,-0.060310929319139506,rotation,15,True
2024-12-01 00:00:00+00:00,-0.009095487730084062,-0.009095487730084062,0.4,0.6,0.0,1.0,0.4843310583046615,0.0,0.0,0.0,0.0,0.0,17113.115114042957,-0.06885785973161129,rotation,16,True
2024-12-02 00:00:00+00:00,-0.004723472866385362,-0.004723472866385362,0.4,0.6,0.0,1.0,0.4762850873763895,0.041670800263019725,0.0,0.0,0.0,0.0,17032.281779142446,-0.07325608436591702,rotation,17,True
2024-12-03 00:00:00+00:00,-0.011551777491008736,-0.011551777491008736,0.4,0.6,0.0,1.0,0.5353346982323217,0.0,0.0,0.0,0.0,0.0,16835.528649865628,-0.08396162387046824,rotation,18,True
2024-12-04 00:00:00+00:00,0.011609121283023119,0.011609121283023119,0.4,0.6,0.0,1.0,0.5196026285339914,0.0,0.0,0.0,0.0,0.0,17030.97434382573,-0.07332722326207697,speculative_risk_on,1,True
2024-12-05 00:00:00+00:00,0.0008677688000447,0.0008677688000447,0.4,0.6,0.0,1.0,0.40188549484024527,0.26540355444759456,0.0,0.0,0.0,0.0,17045.75329199566,-0.072523085538573,speculative_risk_on,2,True
2024-12-06 00:00:00+00:00,-0.0033991556595716604,-0.0033991556595716604,0.4,0.6,0.0,1.0,0.4034419293812099,0.0,0.0,0.0,0.0,0.0,16987.812123221513,-0.07567572394148658,speculative_risk_on,3,True
2024-12-07 00:00:00+00:00,-0.00255387622767314,-0.00255387622767314,0.4,0.6,0.0,1.0,0.4098716505356822,0.0,0.0,0.0,0.0,0.0,16944.42735367984,-0.07803633373677366,speculative_risk_on,4,True
2024-12-08 00:00:00+00:00,-8.272851844285983e-05,-8.272851844285983e-05,0.4,0.6,0.0,1.0,0.4113749559319028,0.0,0.0,0.0,0.0,0.0,16943.02556630901,-0.07811260642494156,speculative_risk_on,5,True
2024-12-09 00:00:00+00:00,0.003733033088275422,0.003733033088275422,0.4,0.6,0.0,1.0,0.3769060497963538,0.0,0.0,0.0,0.0,0.0,17006.274441363537,-0.07467117028106196,speculative_risk_on,6,True
2024-12-10 00:00:00+00:00,-0.005622484046845481,-0.005622484046845481,0.4,0.6,0.0,1.0,0.35546423001804206,0.0,0.0,0.0,0.0,0.0,16910.656934620696,-0.07987381686424277,speculative_risk_on,7,True
2024-12-11 00:00:00+00:00,0.0013869614888381001,0.0013869614888381001,0.4,0.6,0.0,1.0,0.37375342740237566,0.0,0.0,0.0,0.0,0.0,16934.111364539964,-0.07859763728336211,speculative_risk_on,8,True
2024-12-12 00:00:00+00:00,-0.004645228965692,-0.004645228965692,0.4,0.6,0.0,1.0,0.44686786546135654,0.3515777351839419,0.0,0.0,0.0,0.0,16855.44853992115,-0.08287776222771037,speculative_risk_on,9,True
2024-12-13 00:00:00+00:00,-0.00152262751883158,-0.00152262751883158,0.4,0.6,0.0,1.0,0.4484112766283235,0.0,0.0,0.0,0.0,0.0,16829.78397013202,-0.08427419778507483,speculative_risk_on,10,True
2024-12-14 00:00:00+00:00,0.00699209492230022,0.00699209492230022,0.4,0.6,0.0,1.0,0.4403392977152959,0.0,0.0,0.0,0.0,0.0,16947.459417172984,-0.07787135605318873,speculative_risk_on,11,True
2024-12-15 00:00:00+00:00,-0.00192092888671616,-0.00192092888671616,0.4,0.6,0.0,1.0,0.4453283118834671,0.0,0.0,0.0,0.0,0.0,16914.90455282209,-0.0796426996026145,speculative_risk_on,12,True
2024-12-16 00:00:00+00:00,0.0025384848085915597,0.0025384848085915597,0.4,0.6,0.0,1.0,0.445658677629597,0.0,0.0,0.0,0.0,0.0,16957.842781068204,-0.07730638657707933,rotation,1,True
2024-12-17 00:00:00+00:00,-0.00357348054497538,-0.00357348054497538,0.4,0.6,0.0,1.0,0.4528702503757121,0.0,0.0,0.0,0.0,0.0,16897.244259805306,-0.08060361425361917,speculative_risk_on,1,True
2024-12-18 00:00:00+00:00,0.01134813815149948,0.01134813815149948,0.4,0.6,0.0,1.0,0.41933896580351626,0.0,0.0,0.0,0.0,0.0,17088.996522045207,-0.07017017705217998,speculative_risk_on,2,True
2024-12-19 00:00:00+00:00,0.00649417460509492,0.00649417460509492,0.4,0.6,0.0,1.0,0.4069238720405594,0.07769598707805624,0.0,0.0,0.0,0.0,17199.975449285226,-0.06413169982893252,rotation,1,True
2024-12-20 00:00:00+00:00,-0.00401134695843252,-0.00401134695843252,0.4,0.6,0.0,1.0,0.40142501381217555,0.0,0.0,0.0,0.0,0.0,17130.980380081623,-0.06788579228831704,rotation,2,True
2024-12-21 00:00:00+00:00,0.0029677949867239197,0.0029677949867239197,0.4,0.6,0.0,1.0,0.4018226143914396,0.0,0.0,0.0,0.0,0.0,17181.821617771293,-0.06511946841561633,rotation,3,True
2024-12-22 00:00:00+00:00,-0.00092627096205774,-0.00092627096205774,0.4,0.6,0.0,1.0,0.39346239315617193,0.0,0.0,0.0,0.0,0.0,17165.906595331497,-0.06598542110501593,rotation,4,True
2024-12-23 00:00:00+00:00,-0.00539363309468634,-0.00539363309468634,0.4,0.6,0.0,1.0,0.4053060177838308,0.0,0.0,0.0,0.0,0.0,17073.31999341862,-0.07102315304866358,rotation,5,True
2024-12-24 00:00:00+00:00,0.0007177715208190399,0.0007177715208190399,0.4,0.6,0.0,1.0,0.4168428870849481,0.0,0.0,0.0,0.0,0.0,17085.57473627573,-0.07035635992442157,transition_2,1,True
2024-12-25 00:00:00+00:00,0.0025661844218371798,0.0025661844218371798,0.4,0.6,0.0,1.0,0.4179845918679316,0.0,0.0,0.0,0.0,0.0,17129.419472002093,-0.06797072289739958,transition_2,2,False
2024-12-26 00:00:00+00:00,0.00217116375278966,0.00217116375278966,0.4,0.6,0.0,1.0,0.3768960391394619,0.4489172587479638,0.0,0.0,0.0,0.0,17166.610246666034,-0.06594713471441571,transition_2,3,False
2024-12-27 00:00:00+00:00,0.0009428423257174599,0.0009428423257174599,0.4,0.6,0.0,1.0,0.3749034831949588,0.0,0.0,0.0,0.0,0.0,17182.795653395682,-0.06506647013856692,transition_2,4,False
2024-12-28 00:00:00+00:00,-0.0008991311057687404,-0.0008991311057687404,0.4,0.6,0.0,1.0,0.3791980005139881,0.0,0.0,0.0,0.0,0.0,17167.346067339648,-0.06590709795709149,transition_2,5,False
2024-12-29 00:00:00+00:00,0.00204791572194534,0.00204791572194534,0.4,0.6,0.0,1.0,0.37334501600463765,0.0,0.0,0.0,0.0,0.0,17202.503345255027,-0.06399415441724032,transition_2,6,False
2024-12-30 00:00:00+00:00,-0.00029779517153110004,-0.00029779517153110004,0.4,0.6,0.0,1.0,0.3710907535668465,0.0,0.0,0.0,0.0,0.0,17197.380522820564,-0.0642728924385797,transition_2,7,False
2024-12-31 00:00:00+00:00,-0.00093478616181802,-0.00093478616181802,0.4,0.6,0.0,1.0,0.3728678056309479,0.0,0.0,0.0,0.0,0.0,17181.304649488313,-0.0651475971899661,transition_2,8,False
2025-01-01 00:00:00+00:00,-0.0018075876635553002,-0.0018075876635553002,0.4,0.6,0.0,1.0,0.3785887128763722,0.0,0.0,0.0,0.0,0.0,17150.24793516011,-0.06683742486053068,transition_2,9,False
2025-01-02 00:00:00+00:00,0.0018904461421699603,0.0018904461421699603,0.4,0.6,0.0,1.0,0.314891708446895,0.22575921021989154,0.0,0.0,0.0,0.0,17182.669555206397,-0.06507333127034054,transition_2,10,False
2025-01-03 00:00:00+00:00,-0.00277676305859848,-0.00277676305859848,0.4,0.6,0.0,1.0,0.32293436252256835,0.0,0.0,0.0,0.0,0.0,17134.957353137394,-0.06766940110656772,transition_2,11,False
2025-01-04 00:00:00+00:00,0.00111383674161066,0.00111383674161066,0.4,0.6,0.0,1.0,0.3254011918011922,0.0,0.0,0.0,0.0,0.0,17154.042898203246,-0.06663093703019252,transition_2,12,False
2025-01-05 00:00:00+00:00,-0.0004504835268595599,-0.0004504835268595599,0.4,0.6,0.0,1.0,0.323237945901822,0.0,0.0,0.0,0.0,0.0,17146.315284458564,-0.06705140441754076,transition_2,13,False
2025-01-06 00:00:00+00:00,-0.0009032633681525,-0.0009032633681525,0.4,0.6,0.0,1.0,0.329644162245083,0.0,0.0,0.0,0.0,0.0,17130.82764596332,-0.06789410270829965,transition_2,14,False
2025-01-07 00:00:00+00:00,0.00144919179630878,0.00144919179630878,0.4,0.6,0.0,1.0,0.3160566090690887,0.0,0.0,0.0,0.0,0.0,17155.65350085183,-0.06654330248865348,transition_2,15,False
2025-01-08 00:00:00+00:00,0.0022170213132671596,0.0022170213132671596,0.4,0.6,0.0,1.0,0.3037547885318259,0.0,0.0,0.0,0.0,0.0,17193.687950306245,-0.0644738090952589,transition_2,16,False
2025-01-09 00:00:00+00:00,-0.00453583457950476,-0.00453583457950476,0.4,0.6,0.0,1.0,0.3583488627384875,0.1951391510676064,0.0,0.0,0.0,0.0,17115.70022595203,-0.06871720114199698,transition_2,17,False
2025-01-10 00:00:00+00:00,0.0009644629341053401,0.0009644629341053401,0.4,0.6,0.0,1.0,0.3624723376763564,0.0,0.0,0.0,0.0,0.0,17132.20768441122,-0.06781901340132857,transition_2,18,False
2025-01-11 00:00:00+00:00,-0.0002522603193758,-0.0002522603193758,0.4,0.6,0.0,1.0,0.3635585988000505,0.0,0.0,0.0,0.0,0.0,17127.88590822914,-0.068054165674724,transition_2,19,False
2025-01-12 00:00:00+00:00,0.00277116158433102,0.00277116158433102,0.4,0.6,0.0,1.0,0.3609469886783664,0.0,0.0,0.0,0.0,0.0,17175.35004767883,-0.06547159317996443,transition_2,20,False
2025-01-13 00:00:00+00:00,0.0010380045221946399,0.0010380045221946399,0.4,0.6,0.0,1.0,0.34984596936628015,0.0,0.0,0.0,0.0,0.0,17193.178138698593,-0.06450154846756595,transition_2,21,False
2025-01-14 00:00:00+00:00,-0.00062884543786534,-0.00062884543786534,0.4,0.6,0.0,1.0,0.36072902654438666,0.0,0.0,0.0,0.0,0.0,17182.36628706367,-0.06508983240094213,transition_2,22,False
2025-01-15 00:00:00+00:00,-0.0025195930622857804,-0.0025195930622857804,0.4,0.6,0.0,1.0,0.3821134966350489,0.0,0.0,0.0,0.0,0.0,17139.07371617313,-0.06744542557308508,transition_2,23,False
2025-01-16 00:00:00+00:00,-0.0061798555206025,-0.0061798555206025,0.4,0.6,0.0,1.0,0.40101412073536546,0.20740916153967892,0.0,0.0,0.0,0.0,17033.156716850222,-0.07320847810812048,transition_2,24,False
2025-01-17 00:00:00+00:00,-0.0046218800252583,-0.0046218800252583,0.4,0.6,0.0,1.0,0.4207515378091258,0.0,0.0,0.0,0.0,0.0,16954.43151005352,-0.0774919973307312,transition_2,25,False
2025-01-18 00:00:00+00:00,0.0056669859703033796,0.0056669859703033796,0.4,0.6,0.0,1.0,0.4068427792079955,0.0,0.0,0.0,0.0,0.0,17050.512035555465,-0.07226415742211179,transition_2,26,False
2025-01-19 00:00:00+00:00,0.0025020332587011597,0.0025020332587011597,0.4,0.6,0.0,1.0,0.389916603708366,0.0,0.0,0.0,0.0,0.0,17093.172983746306,-0.0699429314886929,transition_2,27,False
2025-01-20 00:00:00+00:00,-0.00132278288528356,-0.00132278288528356,0.4,0.6,0.0,1.0,0.39323815665026735,0.0,0.0,0.0,0.0,0.0,17070.562427068216,-0.07117319506125663,transition_2,28,False
2025-01-21 00:00:00+00:00,0.0009511403892184597,0.0009511403892184597,0.4,0.6,0.0,1.0,0.3967414936100923,0.0,0.0,0.0,0.0,0.0,17086.798928459273,-0.07028975037249074,transition_2,29,False
2025-01-22 00:00:00+00:00,-0.00034933663814244015,-0.00034933663814244015,0.4,0.6,0.0,1.0,0.3960667465746475,0.0,0.0,0.0,0.0,0.0,17080.82988356499,-0.07061453222554215,transition_2,30,False
2025-01-23 00:00:00+00:00,0.00122630784722128,0.00122630784722128,0.4,0.6,0.0,1.0,0.38404609427410086,0.13016564220886362,0.0,0.0,0.0,0.0,17101.776239288258,-0.06947481953331691,transition_2,31,False
2025-01-24 00:00:00+00:00,0.0008226188662939601,0.0008226188662939601,0.4,0.6,0.0,1.0,0.38685265505609057,0.0,0.0,0.0,0.0,0.0,17115.84448306983,-0.06870935196430361,transition_2,32,False
2025-01-25 00:00:00+00:00,-0.0006579738716390598,-0.0006579738716390598,0.4,0.6,0.0,1.0,0.38757012098277754,0.0,0.0,0.0,0.0,0.0,17104.582704608936,-0.0693221168776128,transition_2,33,False
2025-01-26 00:00:00+00:00,0.0019726814101954796,0.0019726814101954796,0.4,0.6,0.0,1.0,0.381249038755459,0.0,0.0,0.0,0.0,0.0,17138.32459693947,-0.06748618591869715,transition_2,34,False
2025-01-27 00:00:00+00:00,-6.570676254388016e-05,-6.570676254388016e-05,0.4,0.6,0.0,1.0,0.36932361871274355,0.0,0.0,0.0,0.0,0.0,17137.198493114778,-0.06754745838244791,transition_2,35,False
2025-01-28 00:00:00+00:00,0.0023797762231076965,0.0023797762231076965,0.4,0.6,0.0,1.0,0.3683237665345367,0.0,0.0,0.0,0.0,0.0,17177.981190619368,-0.06532842999473021,transition_2,36,False
2025-01-29 00:00:00+00:00,-0.00074754969895204,-0.00074754969895204,0.4,0.6,0.0,1.0,0.3700322068799773,0.0,0.0,0.0,0.0,0.0,17165.13979595172,-0.06602714344550653,transition_2,37,False
2025-01-30 00:00:00+00:00,-0.00508483887563492,-0.00508483887563492,0.4,0.6,0.0,1.0,0.39496845106616074,0.08345319950748432,0.0,0.0,0.0,0.0,17077.857825811556,-0.07077624493530266,transition_2,38,False
2025-01-31 00:00:00+00:00,-0.0020235938144109,-0.0020235938144109,0.4,0.6,0.0,1.0,0.3948531085557935,0.0,0.0,0.0,0.0,0.0,17043.299178351856,-0.07265661637825516,transition_2,39,False
2025-02-01 00:00:00+00:00,0.0062859008343936,0.0062859008343936,0.4,0.6,0.0,1.0,0.3807818581802181,0.0,0.0,0.0,0.0,0.0,17150.431666877877,-0.0668274278293779,transition_2,40,False
2025-02-02 00:00:00+00:00,0.0064356244890569,0.0064356244890569,0.4,0.6,0.0,1.0,0.3552702954117344,0.0,0.0,0.0,0.0,0.0,17260.805404911134,-0.060821879571400395,transition_2,41,False
2025-02-03 00:00:00+00:00,0.0007840232975426801,0.0007840232975426801,0.4,0.6,0.0,1.0,0.3413741329571527,0.0,0.0,0.0,0.0,0.0,17274.338278482934,-0.06008554204444205,deleveraging,1,False
2025-02-04 00:00:00+00:00,0.0036062947860619,0.0036062947860619,0.4,0.6,0.0,1.0,0.3349829154259392,0.0,0.0,0.0,0.0,0.0,17336.634634549297,-0.056695933435372714,deleveraging,2,False
2025-02-05 00:00:00+00:00,0.00153855421538612,0.00153855421538612,0.4,0.6,0.0,1.0,0.32907519853688016,0.0,0.0,0.0,0.0,0.0,17363.307986846892,-0.055244608987368826,deleveraging,3,False
2025-02-06 00:00:00+00:00,0.00022198831207810013,0.00022198831207810013,0.4,0.6,0.0,1.0,0.31461940115002063,0.2006479676587288,0.0,0.0,0.0,0.0,17367.162438278985,-0.055034884332791134,deleveraging,4,False
2025-02-07 00:00:00+00:00,-0.0016551544735616,-0.0016551544735616,0.4,0.6,0.0,1.0,0.3152055996496636,0.0,0.0,0.0,0.0,0.0,17338.417101676197,-0.05659894757134731,deleveraging,5,False
2025-02-08 00:00:00+00:00,-0.0048161486735855,-0.0048161486735855,0.4,0.6,0.0,1.0,0.3180657127520715,0.0,0.0,0.0,0.0,0.0,17254.912707149888,-0.061142507298660775,deleveraging,6,False
2025-02-09 00:00:00+00:00,-0.00086009298368982,-0.00086009298368982,0.4,0.6,0.0,1.0,0.3226714359868995,0.0,0.0,0.0,0.0,0.0,17240.071877796287,-0.06195001204081785,deleveraging,7,False
2025-02-10 00:00:00+00:00,0.0007432235094206997,0.0007432235094206997,0.4,0.6,0.0,1.0,0.3258276979954693,0.0,0.0,0.0,0.0,0.0,17252.88510451997,-0.061252831236754735,deleveraging,8,False
2025-02-11 00:00:00+00:00,-0.0017408243812999404,-0.0017408243812999404,0.4,0.6,0.0,1.0,0.3307116564195,0.0,0.0,0.0,0.0,0.0,17222.850861482253,-0.06288702519601408,transition,1,False
2025-02-12 00:00:00+00:00,-0.004702762787680801,-0.004702762787680801,0.4,0.6,0.0,1.0,0.3378076205249567,0.0,0.0,0.0,0.0,0.0,17141.855879353097,-0.06729404522177518,transition,2,False
2025-02-13 00:00:00+00:00,0.0021734826790665404,0.0021734826790665404,0.4,0.6,0.0,1.0,0.3880366579940667,0.22702471017275316,0.0,0.0,0.0,0.0,17179.113406193926,-0.0652668249844025,transition,3,False
2025-02-14 00:00:00+00:00,-5.9101913497639933e-05,-5.9101913497639933e-05,0.4,0.6,0.0,1.0,0.3872772212697524,0.0,0.0,0.0,0.0,0.0,17178.098087719427,-0.06532206950365571,transition,4,False
2025-02-15 00:00:00+00:00,0.0008602682035616198,0.0008602682035616198,0.4,0.6,0.0,1.0,0.3850500956484188,0.0,0.0,0.0,0.0,0.0,17192.875859301956,-0.06451799579947881,transition,5,False
2025-02-16 00:00:00+00:00,-0.0015693217686789604,-0.0015693217686789604,0.4,0.6,0.0,1.0,0.38411356107905137,0.0,0.0,0.0,0.0,0.0,17165.89470494976,-0.0659860680728781,transition,6,False
2025-02-17 00:00:00+00:00,0.0003730090263023801,0.0003730090263023801,0.4,0.6,0.0,1.0,0.38355002454000964,0.0,0.0,0.0,0.0,0.0,17172.29773861926,-0.06563767244557706,transition,7,False
2025-02-18 00:00:00+00:00,0.00469787930503218,0.00469787930503218,0.4,0.6,0.0,1.0,0.3734425413207,0.0,0.0,0.0,0.0,0.0,17252.97112078537,-0.06124815100355763,deleveraging,1,False
2025-02-19 00:00:00+00:00,0.00116249635572858,0.00116249635572858,0.4,0.6,0.0,1.0,0.3762936048751257,0.0,0.0,0.0,0.0,0.0,17273.02763683877,-0.06015685540016591,deleveraging,2,False
2025-02-20 00:00:00+00:00,-0.0008200518385003799,-0.0008200518385003799,0.4,0.6,0.0,1.0,0.44508585244484655,0.21201243895911348,0.0,0.0,0.0,0.0,17258.862858768713,-0.060927575498797015,deleveraging,3,False
2025-02-21 00:00:00+00:00,0.0011929172418217002,0.0011929172418217002,0.4,0.6,0.0,1.0,0.43933088151956784,0.0,0.0,0.0,0.0,0.0,17279.45125384717,-0.05980733981229036,transition_2,1,False
2025-02-22 00:00:00+00:00,-0.0026661397921435397,-0.0026661397921435397,0.4,0.6,0.0,1.0,0.44220836160199684,0.0,0.0,0.0,0.0,0.0,17233.381821272887,-0.06231402487589799,transition_2,2,False
2025-02-23 00:00:00+00:00,0.0030695774056515197,0.0030695774056515197,0.4,0.6,0.0,1.0,0.4430399004889311,0.0,0.0,0.0,0.0,0.0,17286.28102073443,-0.05943572519306084,transition_2,3,False
2025-02-24 00:00:00+00:00,0.0033537210957033598,0.0033537210957033598,0.4,0.6,0.0,1.0,0.4146447975449169,0.0,0.0,0.0,0.0,0.0,17344.25438605992,-0.056281334942775985,transition_2,4,False
2025-02-25 00:00:00+00:00,-0.00203435054299494,-0.00203435054299494,0.4,0.6,0.0,1.0,0.40375337198799743,0.0,0.0,0.0,0.0,0.0,17308.9700927318,-0.058201189521469465,deleveraging,1,False
2025-02-26 00:00:00+00:00,0.0026535981529370997,0.0026535981529370997,0.4,0.6,0.0,1.0,0.3974041624795034,0.0,0.0,0.0,0.0,0.0,17354.901143799118,-0.05570203393754525,deleveraging,2,True
2025-02-27 00:00:00+00:00,0.00132339333479936,0.00132339333479936,0.4,0.6,0.0,1.0,0.42177431072663657,0.11482496523803026,0.0,0.0,0.0,0.0,17377.868504298924,-0.05445235630319356,deleveraging,3,False
2025-02-28 00:00:00+00:00,0.00473431450023444,0.00473431450023444,0.4,0.6,0.0,1.0,0.41634991496101775,0.0,0.0,0.0,0.0,0.0,17460.140799141995,-0.0499758363829772,deleveraging,4,False
2025-03-01 00:00:00+00:00,-0.00252901625066074,-0.00252901625066074,0.4,0.6,0.0,1.0,0.423969088542126,0.0,0.0,0.0,0.0,0.0,17415.98381932214,-0.05237846293128501,deleveraging,5,True
2025-03-02 00:00:00+00:00,-0.0025067041474830802,-0.0025067041474830802,0.4,0.6,0.0,1.0,0.45435462749757527,0.0,0.0,0.0,0.0,0.0,17372.327100449747,-0.0547538697684995,deleveraging,6,False
2025-03-03 00:00:00+00:00,0.0091120987894705,0.0091120987894705,0.4,0.6,0.0,1.0,0.4256041987625972,0.0,0.0,0.0,0.0,0.0,17530.62546119204,-0.04614069364946527,deleveraging,7,True
2025-03-04 00:00:00+00:00,-0.00261922739362338,-0.00261922739362338,0.4,0.6,0.0,1.0,0.4181486337063056,0.0,0.0,0.0,0.0,0.0,17484.708766756732,-0.04863906807432139,deleveraging,8,True
2025-03-05 00:00:00+00:00,0.011459350584493,0.011459350584493,0.4,0.6,0.0,1.0,0.43979904241199874,0.0,0.0,0.0,0.0,0.0,17685.07217438276,-0.037737089622994824,deleveraging,9,True
2025-03-06 00:00:00+00:00,-0.00035740092162398005,-0.00035740092162398005,0.4,0.6,0.0,1.0,0.4303537283912209,0.20999212462057223,0.0,0.0,0.0,0.0,17678.751513288647,-0.03808100327400832,deleveraging,10,False
2025-03-07 00:00:00+00:00,-0.00250139660509582,-0.00250139660509582,0.4,0.6,0.0,1.0,0.425960115832331,0.0,0.0,0.0,0.0,0.0,17634.529944270977,-0.040487144186795776,deleveraging,11,False
2025-03-08 00:00:00+00:00,0.00053685048426948,0.00053685048426948,0.4,0.6,0.0,1.0,0.42134018641717175,0.0,0.0,0.0,0.0,0.0,17643.997050211423,-0.03997202924548959,deleveraging,12,False
2025-03-09 00:00:00+00:00,0.00031091260263078,0.00031091260263078,0.4,0.6,0.0,1.0,0.3979277590636968,0.0,0.0,0.0,0.0,0.0,17649.482791255115,-0.03967354445050397,deleveraging,13,False
2025-03-10 00:00:00+00:00,0.0013977164475275196,0.0013977164475275196,0.4,0.6,0.0,1.0,0.3798251770329765,0.0,0.0,0.0,0.0,0.0,17674.15176364281,-0.03833128036858635,deleveraging,14,False
2025-03-11 00:00:00+00:00,-0.0005218579653548398,-0.0005218579653548398,0.4,0.6,0.0,1.0,0.38246052629142613,0.0,0.0,0.0,0.0,0.0,17664.92836676406,-0.03883313484995887,deleveraging,15,True
2025-03-12 00:00:00+00:00,-0.0018110520531737998,-0.0018110520531737998,0.4,0.6,0.0,1.0,0.3872401036892712,0.0,0.0,0.0,0.0,0.0,17632.936261976265,-0.04057385807453129,deleveraging,16,True
2025-03-13 00:00:00+00:00,-0.0037721603519490997,-0.0037721603519490997,0.4,0.6,0.0,1.0,0.4078084865622526,0.0705973076768391,0.0,0.0,0.0,0.0,17566.421998920396,-0.04419296732772593,deleveraging,17,False
2025-03-14 00:00:00+00:00,-0.00021381596213969995,-0.00021381596213969995,0.4,0.6,0.0,1.0,0.4153035386425217,0.0,0.0,0.0,0.0,0.0,17562.666017499345,-0.04439733412803659,deleveraging,18,False
2025-03-15 00:00:00+00:00,-0.00526037861704624,-0.00526037861704624,0.4,0.6,0.0,1.0,0.4245256496034444,0.0,0.0,0.0,0.0,0.0,17470.279744722568,-0.049424165957981825,deleveraging,19,False
2025-03-16 00:00:00+00:00,0.0014285737404068001,0.0014285737404068001,0.4,0.6,0.0,1.0,0.4139871887036668,0.0,0.0,0.0,0.0,0.0,17495.237327603438,-0.04806619828320413,deleveraging,20,False
2025-03-17 00:00:00+00:00,-0.00316564327836808,-0.00316564327836808,0.4,0.6,0.0,1.0,0.4247041660107965,0.0,0.0,0.0,0.0,0.0,17439.853647153857,-0.05107968112406025,deleveraging,21,False
2025-03-18 00:00:00+00:00,0.0030096670429384798,0.0030096670429384798,0.4,0.6,0.0,1.0,0.4273027714548385,0.0,0.0,0.0,0.0,0.0,17492.341799909365,-0.048223746913964693,deleveraging,22,False
2025-03-19 00:00:00+00:00,0.00435416188368836,0.00435416188368836,0.4,0.6,0.0,1.0,0.4336762980139578,0.0,0.0,0.0,0.0,0.0,17568.50628783098,-0.04407955903097771,deleveraging,23,False
2025-03-20 00:00:00+00:00,-0.0047332627489284,-0.0047332627489284,0.4,0.6,0.0,1.0,0.3127554330846909,0.3705586263540425,0.0,0.0,0.0,0.0,17485.349931464476,-0.048604181645155564,deleveraging,24,False
2025-03-21 00:00:00+00:00,-0.00062481206320864,-0.00062481206320864,0.4,0.6,0.0,1.0,0.31019541385684585,0.0,0.0,0.0,0.0,0.0,17474.42487389787,-0.049198625229350035,deleveraging,25,False
2025-03-22 00:00:00+00:00,-0.0004544950735139601,-0.0004544950735139601,0.4,0.6,0.0,1.0,0.31045932011641486,0.0,0.0,0.0,0.0,0.0,17466.482833880196,-0.049630759770073474,deleveraging,26,False
2025-03-23 00:00:00+00:00,0.00372231072077116,0.00372231072077116,0.4,0.6,0.0,1.0,0.3118556414950266,0.0,0.0,0.0,0.0,0.0,17531.49851018691,-0.046093190158474684,deleveraging,27,False
2025-03-24 00:00:00+00:00,0.0014794287137430801,0.0014794287137430801,0.4,0.6,0.0,1.0,0.31606875863072864,0.0,0.0,0.0,0.0,0.0,17557.43511247783,-0.04468195303375988,deleveraging,28,False
2025-03-25 00:00:00+00:00,-0.00035831371502834005,-0.00035831371502834005,0.4,0.6,0.0,1.0,0.3173331894176631,0.0,0.0,0.0,0.0,0.0,17551.144042676307,-0.045024256592201994,deleveraging,29,False
2025-03-26 00:00:00+00:00,-0.0022029378421580003,-0.0022029378421580003,0.4,0.6,0.0,1.0,0.31687747398691635,0.0,0.0,0.0,0.0,0.0,17512.47996329153,-0.047128008795697895,deleveraging,30,False
2025-03-27 00:00:00+00:00,-0.0032677734675339797,-0.0032677734675339797,0.4,0.6,0.0,1.0,0.3580902807221956,0.11760495488226047,0.0,0.0,0.0,0.0,17455.253145916766,-0.05024177860651169,deleveraging,31,False
2025-03-28 00:00:00+00:00,-0.00186030548572846,-0.00186030548572846,0.4,0.6,0.0,1.0,0.34478387946052413,0.0,0.0,0.0,0.0,0.0,17422.781042734638,-0.05200861903588572,deleveraging,32,False
2025-03-29 00:00:00+00:00,-0.0019302607170454998,-0.0019302607170454998,0.4,0.6,0.0,1.0,0.33608900975593575,0.0,0.0,0.0,0.0,0.0,17389.150532906162,-0.05383848955865844,deleveraging,33,False
2025-03-30 00:00:00+00:00,0.00099401122647534,0.00099401122647534,0.4,0.6,0.0,1.0,0.33441410001480365,0.0,0.0,0.0,0.0,0.0,17406.435543754742,-0.052897994395220804,deleveraging,34,False
2025-03-31 00:00:00+00:00,-0.0020488933713824604,-0.0020488933713824604,0.4,0.6,0.0,1.0,0.33506972213646313,0.0,0.0,0.0,0.0,0.0,17370.771613349745,-0.05483850541652757,deleveraging,35,False
2025-04-01 00:00:00+00:00,0.005010510363152939,0.005010510363152939,0.4,0.6,0.0,1.0,0.34285698611876037,0.0,0.0,0.0,0.0,0.0,17457.8080445344,-0.05010276395306379,deleveraging,36,False
2025-04-02 00:00:00+00:00,0.00285506462027786,0.00285506462027786,0.4,0.6,0.0,1.0,0.3380701955104033,0.0,0.0,0.0,0.0,0.0,17507.65121462995,-0.04739074596152659,deleveraging,37,False
2025-04-03 00:00:00+00:00,0.00036908545906812,0.00036908545906812,0.4,0.6,0.0,1.0,0.43202064432863313,0.19769856373494238,0.0,0.0,0.0,0.0,17514.113034115708,-0.047039151737687135,deleveraging,38,False
2025-04-04 00:00:00+00:00,-0.0035194356175454597,-0.0035194356175454597,0.4,0.6,0.0,1.0,0.43613009724929414,0.0,0.0,0.0,0.0,0.0,17452.473240893723,-0.05039303608918788,deleveraging,39,False
2025-04-05 00:00:00+00:00,-0.00134590412213184,-0.00134590412213184,0.4,0.6,0.0,1.0,0.4332751109865225,0.0,0.0,0.0,0.0,0.0,17428.983885217407,-0.051671116016320684,deleveraging,40,False
2025-04-06 00:00:00+00:00,0.00175420290719194,0.00175420290719194,0.4,0.6,0.0,1.0,0.4055003467623262,0.0,0.0,0.0,0.0,0.0,17459.55785941826,-0.05000755473106222,transition,1,False
2025-04-07 00:00:00+00:00,0.0009991319182674398,0.0009991319182674398,0.4,0.6,0.0,1.0,0.39488799425198895,0.0,0.0,0.0,0.0,0.0,17477.00226095444,-0.04905838695688125,deleveraging,1,False
2025-04-08 00:00:00+00:00,-0.00531017857634114,-0.00531017857634114,0.4,0.6,0.0,1.0,0.3915894176131271,0.0,0.0,0.0,0.0,0.0,17384.196257969652,-0.05410805673781416,deleveraging,2,False
2025-04-09 00:00:00+00:00,-0.0017837264804335797,-0.0017837264804335797,0.4,0.6,0.0,1.0,0.41264449326042585,0.0,0.0,0.0,0.0,0.0,17353.18760676326,-0.05579526924463962,deleveraging,3,False
2025-04-10 00:00:00+00:00,-0.0004741082749740804,-0.0004741082749740804,0.4,0.6,0.0,1.0,0.3761925890841441,0.21015821654366262,0.0,0.0,0.0,0.0,17344.960316921715,-0.05624292452076041,deleveraging,4,False
2025-04-11 00:00:00+00:00,0.0013070011929935598,0.0013070011929935598,0.4,0.6,0.0,1.0,0.38399141937584735,0.0,0.0,0.0,0.0,0.0,17367.630200748357,-0.05500943289721294,deleveraging,5,False
2025-04-12 00:00:00+00:00,-0.0033068404758804797,-0.0033068404758804797,0.4,0.6,0.0,1.0,0.3994077464903704,0.0,0.0,0.0,0.0,0.0,17310.1982182304,-0.0581343659538337,deleveraging,6,False
2025-04-13 00:00:00+00:00,0.00267882045987138,0.00267882045987138,0.4,0.6,0.0,1.0,0.39494101544948423,0.0,0.0,0.0,0.0,0.0,17356.569131381824,-0.05561127702290103,deleveraging,7,False
2025-04-14 00:00:00+00:00,0.0007945198112473601,0.0007945198112473601,0.4,0.6,0.0,1.0,0.3961307052076376,0.0,0.0,0.0,0.0,0.0,17370.35926941199,-0.054860941472977154,deleveraging,8,False
2025-04-15 00:00:00+00:00,0.0013266084586409565,0.0013266084586409565,0.4,0.6,0.0,1.0,0.3885619283400683,0.0,0.0,0.0,0.0,0.0,17393.402934948426,-0.05360711200334323,deleveraging,9,False
2025-04-16 00:00:00+00:00,-0.0006594947178606599,-0.0006594947178606599,0.4,0.6,0.0,1.0,0.3871749390156922,0.0,0.0,0.0,0.0,0.0,17381.932077587204,-0.05423125311399801,deleveraging,10,False
2025-04-17 00:00:00+00:00,-0.00271026799740302,-0.00271026799740302,0.4,0.6,0.0,1.0,0.4111511573700444,0.13220380570246482,0.0,0.0,0.0,0.0,17334.82238334429,-0.05679453988162686,deleveraging,11,False
2025-04-18 00:00:00+00:00,-0.0008810883988484002,-0.0008810883988484002,0.4,0.6,0.0,1.0,0.4093533179102078,0.0,0.0,0.0,0.0,0.0,17319.548872446227,-0.057625587270267675,deleveraging,12,False
2025-04-19 00:00:00+00:00,-0.0002519016407238401,-0.0002519016407238401,0.4,0.6,0.0,1.0,0.4130382777970347,0.0,0.0,0.0,0.0,0.0,17315.18604966866,-0.0578629729310105,transition,1,False
2025-04-20 00:00:00+00:00,-0.00136837738742746,-0.00136837738742746,0.4,0.6,0.0,1.0,0.4165646991173647,0.0,0.0,0.0,0.0,0.0,17291.492340619196,-0.059152171934709785,transition,2,False
2025-04-21 00:00:00+00:00,0.0027417183595796397,0.0027417183595796397,0.4,0.6,0.0,1.0,0.41870772140837076,0.0,0.0,0.0,0.0,0.0,17338.900742634003,-0.056572632170932446,transition,3,False
2025-04-22 00:00:00+00:00,0.001593552824234621,0.001593552824234621,0.4,0.6,0.0,1.0,0.43338688714117213,0.0,0.0,0.0,0.0,0.0,17366.531196881548,-0.05506923082446835,transition,4,False
2025-04-23 00:00:00+00:00,-0.0012270300894868399,-0.0012270300894868399,0.4,0.6,0.0,1.0,0.4428138326028114,0.0,0.0,0.0,0.0,0.0,17345.221940552965,-0.05622868931072855,deleveraging,1,False
2025-04-24 00:00:00+00:00,-0.00076202471146458,-0.00076202471146458,0.4,0.6,0.0,1.0,0.4150656757274695,0.1729129546363797,0.0,0.0,0.0,0.0,17332.004452808425,-0.05694786637144511,deleveraging,2,False
2025-04-25 00:00:00+00:00,0.00158590807001016,0.00158590807001016,0.4,0.6,0.0,1.0,0.418244303472519,0.0,0.0,0.0,0.0,0.0,17359.491418539586,-0.05545227238228334,deleveraging,3,False
2025-04-26 00:00:00+00:00,0.0021905154562610395,0.0021905154562610395,0.4,0.6,0.0,1.0,0.41897558839302973,0.0,0.0,0.0,0.0,0.0,17397.51765280473,-0.053383225985760396,deleveraging,4,False
2025-04-27 00:00:00+00:00,0.0001108207359507001,0.0001108207359507001,0.4,0.6,0.0,1.0,0.4144050026073026,0.0,0.0,0.0,0.0,0.0,17399.445658514727,-0.053278321218200975,transition,1,False
2025-04-28 00:00:00+00:00,-0.0021227635226278,-0.0021227635226278,0.4,0.6,0.0,1.0,0.4181931520479577,0.0,0.0,0.0,0.0,0.0,17362.510749956888,-0.05528798746399988,transition,2,False
2025-04-29 00:00:00+00:00,0.0008861982005147402,0.0008861982005147402,0.4,0.6,0.0,1.0,0.4168932065143913,0.0,0.0,0.0,0.0,0.0,17377.897375739918,-0.0544507853784858,transition,3,False
2025-04-30 00:00:00+00:00,-4.8110749350420065e-05,-4.8110749350420065e-05,0.4,0.6,0.0,1.0,0.41254326503417527,0.0,0.0,0.0,0.0,0.0,17377.06131207504,-0.05449627645974886,transition,4,False
2025-05-01 00:00:00+00:00,0.004561669092240461,0.004561669092240461,0.4,0.6,0.0,1.0,0.42050509995449636,0.08144823306797694,0.0,0.0,0.0,0.0,17456.3297155763,-0.05018320134747689,transition,5,False
2025-05-02 00:00:00+00:00,-0.0023496994170168796,-0.0023496994170168796,0.4,0.6,0.0,1.0,0.4244063882440175,0.0,0.0,0.0,0.0,0.0,17415.312587820354,-0.05241498532554367,transition,6,False
2025-05-03 00:00:00+00:00,0.00150026128821892,0.00150026128821892,0.4,0.6,0.0,1.0,0.4182240902381045,0.0,0.0,0.0,0.0,0.0,17441.440107118095,-0.05099336021073109,transition,7,False
2025-05-04 00:00:00+00:00,-0.00010752960780855997,-0.00010752960780855997,0.4,0.6,0.0,1.0,0.41271584797142247,0.0,0.0,0.0,0.0,0.0,17439.56463590376,-0.05109540652251532,transition,8,False
2025-05-05 00:00:00+00:00,0.00131997347732266,0.00131997347732266,0.4,0.6,0.0,1.0,0.40983602935666785,0.0,0.0,0.0,0.0,0.0,17462.584398679206,-0.049842877626615545,transition,9,False
2025-05-06 00:00:00+00:00,0.0029291950021659604,0.0029291950021659604,0.4,0.6,0.0,1.0,0.41358636103702295,0.0,0.0,0.0,0.0,0.0,17513.73571362472,-0.04705968213248701,transition,10,False
2025-05-07 00:00:00+00:00,-0.00256040615508698,-0.00256040615508698,0.4,0.6,0.0,1.0,0.4189671054212243,0.0,0.0,0.0,0.0,0.0,17468.893436904986,-0.04949959638778556,transition,11,False
2025-05-08 00:00:00+00:00,-0.0016481132305753198,-0.0016481132305753198,0.4,0.6,0.0,1.0,0.4489914297808055,0.1389021095216926,0.0,0.0,0.0,0.0,17440.102722508112,-0.05106612867864602,transition,12,False
2025-05-09 00:00:00+00:00,0.00533667277851512,0.00533667277851512,0.4,0.6,0.0,1.0,0.46484569099158124,0.0,0.0,0.0,0.0,0.0,17533.17484396183,-0.04600197911895432,transition_2,1,False
2025-05-10 00:00:00+00:00,-0.00346780839279326,-0.00346780839279326,0.4,0.6,0.0,1.0,0.4822500779749369,0.0,0.0,0.0,0.0,0.0,17472.373153085628,-0.04931026146247386,transition_2,2,False
2025-05-11 00:00:00+00:00,-0.00032133367272516034,-0.00032133367272516034,0.4,0.6,0.0,1.0,0.47607172539322007,0.0,0.0,0.0,0.0,0.0,17466.75869124912,-0.0496157500877803,transition_2,3,False
2025-05-12 00:00:00+00:00,0.0016813659942320597,0.0016813659942320597,0.4,0.6,0.0,1.0,0.4809574171441773,0.0,0.0,0.0,0.0,0.0,17496.126705342045,-0.04801780632852404,transition_2,4,False
2025-05-13 00:00:00+00:00,0.00048854036653098,0.00048854036653098,0.4,0.6,0.0,1.0,0.4816159881889107,0.0,0.0,0.0,0.0,0.0,17504.674269495543,-0.04755272459869697,transition_2,5,False
2025-05-14 00:00:00+00:00,0.0001540244451236402,0.0001540244451236402,0.4,0.6,0.0,1.0,0.4805970819288589,0.0,0.0,0.0,0.0,0.0,17507.370417236973,-0.04740602443559372,transition_2,6,False
2025-05-15 00:00:00+00:00,5.829775434256011e-05,5.829775434256011e-05,0.4,0.6,0.0,1.0,0.4305225263692422,0.40103603781996683,0.0,0.0,0.0,0.0,17508.391057616744,-0.047350490346017904,transition_2,7,False
2025-05-16 00:00:00+00:00,-0.0004286345095512198,-0.0004286345095512198,0.4,0.6,0.0,1.0,0.43102988979569046,0.0,0.0,0.0,0.0,0.0,17500.88635700273,-0.04775882880136262,transition_2,8,False
2025-05-17 00:00:00+00:00,-0.0013037308929702402,-0.0013037308929702402,0.4,0.6,0.0,1.0,0.422852315457799,0.0,0.0,0.0,0.0,0.0,17478.069910804745,-0.049000295033812535,transition_2,9,False
2025-05-18 00:00:00+00:00,0.00284104896367758,0.00284104896367758,0.4,0.6,0.0,1.0,0.42936038004254173,0.0,0.0,0.0,0.0,0.0,17527.72596321192,-0.04629845830756074,transition_2,10,False
2025-05-19 00:00:00+00:00,-0.00026919490417468017,-0.00026919490417468017,0.4,0.6,0.0,1.0,0.4214971007574657,0.0,0.0,0.0,0.0,0.0,17523.007588700857,-0.04655518990268759,transition_2,11,False
2025-05-20 00:00:00+00:00,-0.0014309514123943402,-0.0014309514123943402,0.4,0.6,0.0,1.0,0.4252490053760525,0.0,0.0,0.0,0.0,0.0,17497.93301624241,-0.047919523100336425,transition_2,12,False
2025-05-21 00:00:00+00:00,0.0007963680526175603,0.0007963680526175603,0.4,0.6,0.0,1.0,0.43025869224995983,0.0,0.0,0.0,0.0,0.0,17511.867811083386,-0.04716131662501266,transition_2,13,False
2025-05-22 00:00:00+00:00,0.0011760781904487998,0.0011760781904487998,0.4,0.6,0.0,1.0,0.438897656781794,0.11575937550377896,0.0,0.0,0.0,0.0,17532.463136890023,-0.046040703830479424,transition_2,14,False
2025-05-23 00:00:00+00:00,-0.00155935300708678,-0.00155935300708678,0.4,0.6,0.0,1.0,0.42650214821027355,0.0,0.0,0.0,0.0,0.0,17505.12383777588,-0.04752826312759961,transition_2,15,False
2025-05-24 00:00:00+00:00,0.00026163061972803614,0.00026163061972803614,0.4,0.6,0.0,1.0,0.4227409422503015,0.0,0.0,0.0,0.0,0.0,17509.70371417397,-0.04727906735680831,transition_2,16,False
2025-05-25 00:00:00+00:00,-0.00083842170907228,-0.00083842170907228,0.4,0.6,0.0,1.0,0.42197139844672765,0.0,0.0,0.0,0.0,0.0,17495.023198460585,-0.04807784926942382,transition_2,17,False
2025-05-26 00:00:00+00:00,-0.00020284284119520128,-0.00020284284119520128,0.4,0.6,0.0,1.0,0.4250687189186915,0.0,0.0,0.0,0.0,0.0,17491.474458248234,-0.048270939863074624,transition_2,18,False
2025-05-27 00:00:00+00:00,0.0012736402105116601,0.0012736402105116601,0.4,0.6,0.0,1.0,0.4272009789063176,0.0,0.0,0.0,0.0,0.0,17513.752303459394,-0.047058779462571976,transition_2,19,False
2025-05-28 00:00:00+00:00,0.00069073442601902,0.00069073442601902,0.4,0.6,0.0,1.0,0.42362146447327304,0.0,0.0,0.0,0.0,0.0,17525.84965510416,-0.046400550155574316,transition_2,20,False
2025-05-29 00:00:00+00:00,-0.00013017161820422013,-0.00013017161820422013,0.4,0.6,0.0,1.0,0.3674754871655428,0.1597707399708033,0.0,0.0,0.0,0.0,17523.568286894155,-0.04652468173907909,transition_2,21,False
2025-05-30 00:00:00+00:00,-0.0018544049469251798,-0.0018544049469251798,0.4,0.6,0.0,1.0,0.3523221957054429,0.0,0.0,0.0,0.0,0.0,17491.072495175158,-0.048292811086033116,transition_2,22,False
2025-05-31 00:00:00+00:00,0.0008209190296830376,0.0008209190296830376,0.4,0.6,0.0,1.0,0.34759007314179247,0.0,0.0,0.0,0.0,0.0,17505.431249436013,-0.04751153654396745,transition_2,23,False
2025-06-01 00:00:00+00:00,0.00121921272422046,0.00121921272422046,0.4,0.6,0.0,1.0,0.3500322498745013,0.0,0.0,0.0,0.0,0.0,17526.774093958295,-0.04635025048964858,transition_2,24,False
2025-06-02 00:00:00+00:00,-8.441958214063991e-05,-8.441958214063991e-05,0.4,0.6,0.0,1.0,0.35125336628353354,0.0,0.0,0.0,0.0,0.0,17525.294491013006,-0.04643075720301093,transition,1,False
2025-06-03 00:00:00+00:00,4.614020162289998e-05,4.614020162289998e-05,0.4,0.6,0.0,1.0,0.35341023071598404,0.0,0.0,0.0,0.0,0.0,17526.103111634322,-0.04638675932588687,transition,2,False
2025-06-04 00:00:00+00:00,0.0003488927411857798,0.0003488927411857798,0.4,0.6,0.0,1.0,0.35299565054757237,0.0,0.0,0.0,0.0,0.0,17532.217841791247,-0.04605405058831691,transition,3,False
2025-06-05 00:00:00+00:00,-0.00019002749601900078,-0.00019002749601900078,0.4,0.6,0.0,1.0,0.36547188087351645,0.09732876175124124,0.0,0.0,0.0,0.0,17528.88623833511,-0.04623532654842111,transition,4,False
2025-06-06 00:00:00+00:00,-0.0003049768566752596,-0.0003049768566752596,0.4,0.6,0.0,1.0,0.3676598771324052,0.0,0.0,0.0,0.0,0.0,17523.540333709127,-0.0465262027005382,transition_2,1,False
2025-06-07 00:00:00+00:00,5.76593633610801e-05,5.76593633610801e-05,0.4,0.6,0.0,1.0,0.3759948188049694,0.0,0.0,0.0,0.0,0.0,17524.5507298886,-0.046471226008404476,transition_2,2,False
2025-06-08 00:00:00+00:00,-0.0005811715466363599,-0.0005811715466363599,0.4,0.6,0.0,1.0,0.37598522423326575,0.0,0.0,0.0,0.0,0.0,17514.3659596368,-0.04702538980074755,transition,1,False
2025-06-09 00:00:00+00:00,0.00097559958487608,0.00097559958487608,0.4,0.6,0.0,1.0,0.3831126448562127,0.0,0.0,0.0,0.0,0.0,17531.45296779639,-0.04609566816663968,transition_2,1,False
2025-06-10 00:00:00+00:00,-0.0009675747298347602,-0.0009675747298347602,0.4,0.6,0.0,1.0,0.39326778959395037,0.0,0.0,0.0,0.0,0.0,17514.489976927467,-0.04701864189280147,transition_2,2,False
2025-06-11 00:00:00+00:00,-8.91700689518997e-05,-8.91700689518997e-05,0.4,0.6,0.0,1.0,0.3891142451163377,0.0,0.0,0.0,0.0,0.0,17512.928208648565,-0.04710361930621376,transition_2,3,False
2025-06-12 00:00:00+00:00,-0.00243047780789814,-0.00243047780789814,0.4,0.6,0.0,1.0,0.37546473474076136,0.4160815511166325,0.0,0.0,0.0,0.0,17470.363425286127,-0.049419612812716784,transition_2,4,False
2025-06-13 00:00:00+00:00,0.00126842953686418,0.00126842953686418,0.4,0.6,0.0,1.0,0.36562122127746055,0.0,0.0,0.0,0.0,0.0,17492.52335027451,-0.048213868572444696,transition_2,5,False
2025-06-14 00:00:00+00:00,0.00059948066528996,0.00059948066528996,0.4,0.6,0.0,1.0,0.36335768040016364,0.0,0.0,0.0,0.0,0.0,17503.009779810134,-0.04764329118916266,transition_2,6,False
2025-06-15 00:00:00+00:00,0.0004229959071891397,0.0004229959071891397,0.4,0.6,0.0,1.0,0.36565496311293844,0.0,0.0,0.0,0.0,0.0,17510.413481310487,-0.04724044819915152,transition,1,False
2025-06-16 00:00:00+00:00,-0.00011715692332302003,-0.00011715692332302003,0.4,0.6,0.0,1.0,0.37114887465388713,0.0,0.0,0.0,0.0,0.0,17508.3620151409,-0.04735207057690716,transition_2,1,False
2025-06-17 00:00:00+00:00,0.0003086363997363799,0.0003086363997363799,0.4,0.6,0.0,1.0,0.3635771987809143,0.0,0.0,0.0,0.0,0.0,17513.765732958538,-0.04705804874975361,transition_2,2,False
2025-06-18 00:00:00+00:00,0.00064300301418202,0.00064300301418202,0.4,0.6,0.0,1.0,0.36060133600694205,0.0,0.0,0.0,0.0,0.0,17525.027137114506,-0.046445304202759274,transition_2,3,False
2025-06-19 00:00:00+00:00,0.00041664769996230006,0.00041664769996230006,0.4,0.6,0.0,1.0,0.30989962365512413,0.09635792091289938,0.0,0.0,0.0,0.0,17532.32889936296,-0.046048007831967164,transition_2,4,False
2025-06-20 00:00:00+00:00,-0.00068531439335842,-0.00068531439335842,0.4,0.6,0.0,1.0,0.3053434350694571,0.0,0.0,0.0,0.0,0.0,17520.313742019134,-0.04670176486277289,transition_2,5,False
2025-06-21 00:00:00+00:00,-0.0006388096458570199,-0.0006388096458570199,0.4,0.6,0.0,1.0,0.29932134592285314,0.0,0.0,0.0,0.0,0.0,17509.12159660229,-0.04731074097075705,transition_2,6,False
2025-06-22 00:00:00+00:00,-0.0012229938031486799,-0.0012229938031486799,0.4,0.6,0.0,1.0,0.29107762908535795,0.0,0.0,0.0,0.0,0.0,17487.70804939107,-0.048475874030876054,transition,1,False
2025-06-23 00:00:00+00:00,0.00178964340564766,0.00178964340564766,0.4,0.6,0.0,1.0,0.2997825462311702,0.0,0.0,0.0,0.0,0.0,17519.004810781553,-0.046772985153520796,transition_2,1,False
2025-06-24 00:00:00+00:00,-0.00069221777090996,-0.00069221777090996,0.4,0.6,0.0,1.0,0.3083555304233325,0.0,0.0,0.0,0.0,0.0,17506.877844322873,-0.047432825832908976,transition_2,2,False
2025-06-25 00:00:00+00:00,0.0011449431780059401,0.0011449431780059401,0.4,0.6,0.0,1.0,0.3081215852202087,0.0,0.0,0.0,0.0,0.0,17526.922224678914,-0.046342190545254014,transition_2,3,False
2025-06-26 00:00:00+00:00,-0.0005266718312015997,-0.0005266718312015997,0.4,0.6,0.0,1.0,0.3400227102393616,0.1784555499810975,0.0,0.0,0.0,0.0,17517.691288455513,-0.04684445525009928,transition,1,False
2025-06-27 00:00:00+00:00,-0.00089268634796006,-0.00089268634796006,0.4,0.6,0.0,1.0,0.34105358234131183,0.0,0.0,0.0,0.0,0.0,17502.053484594533,-0.04769532419237976,transition,2,False
2025-06-28 00:00:00+00:00,0.0004957173012615601,0.0004957173012615601,0.4,0.6,0.0,1.0,0.3444106026713279,0.0,0.0,0.0,0.0,0.0,17510.729555314454,-0.04722325028850949,transition,3,False
2025-06-29 00:00:00+00:00,-0.00034601338298382005,-0.00034601338298382005,0.4,0.6,0.0,1.0,0.34943448748570705,0.0,0.0,0.0,0.0,0.0,17504.670608542503,-0.04755292379490561,transition,4,False
2025-06-30 00:00:00+00:00,-0.00040330698308374026,-0.00040330698308374026,0.4,0.6,0.0,1.0,0.34919264406745937,0.0,0.0,0.0,0.0,0.0,17497.610852649497,-0.047937052351756826,transition,5,False
2025-07-01 00:00:00+00:00,0.0010678270752429392,0.0010678270752429392,0.4,0.6,0.0,1.0,0.34374635330963427,0.0,0.0,0.0,0.0,0.0,17516.29527527002,-0.04692041375892253,transition_2,1,False
2025-07-02 00:00:00+00:00,0.0010826147622582001,0.0010826147622582001,0.4,0.6,0.0,1.0,0.35187088966457936,0.0,0.0,0.0,0.0,0.0,17535.258675115103,-0.04588859572925086,transition,1,False
2025-07-03 00:00:00+00:00,0.0010030608646626,0.0010030608646626,0.4,0.6,0.0,1.0,0.38606275617335606,0.11948413848072276,0.0,0.0,0.0,0.0,17552.847606843843,-0.044931563919098805,transition_2,1,False
2025-07-04 00:00:00+00:00,0.00012617050899249994,0.00012617050899249994,0.4,0.6,0.0,1.0,0.3774088328701053,0.0,0.0,0.0,0.0,0.0,17555.06225856067,-0.04481106244839561,transition_2,2,False
2025-07-05 00:00:00+00:00,0.0001976595427691,0.0001976595427691,0.4,0.6,0.0,1.0,0.3769756782271681,0.0,0.0,0.0,0.0,0.0,17558.53218413998,-0.04462226023974114,transition,1,False
2025-07-06 00:00:00+00:00,-0.0005519453176369801,-0.0005519453176369801,0.4,0.6,0.0,1.0,0.38112847191016386,0.0,0.0,0.0,0.0,0.0,17548.840834516363,-0.04514957650977647,transition,2,False
2025-07-07 00:00:00+00:00,-0.00013902880793904197,-0.00013902880793904197,0.4,0.6,0.0,1.0,0.38101559031841603,0.0,0.0,0.0,0.0,0.0,17546.401040094424,-0.0452823282259146,transition_2,1,False
2025-07-08 00:00:00+00:00,-0.00034020108621698,-0.00034020108621698,0.4,0.6,0.0,1.0,0.3833229477533243,0.0,0.0,0.0,0.0,0.0,17540.431735401387,-0.045607124214882555,transition_2,2,False
2025-07-09 00:00:00+00:00,-0.00118758187892426,-0.00118758187892426,0.4,0.6,0.0,1.0,0.3932805208567258,0.0,0.0,0.0,0.0,0.0,17519.601036523916,-0.04674054389953941,transition,1,False
2025-07-10 00:00:00+00:00,2.666681667102004e-05,2.666681667102004e-05,0.4,0.6,0.0,1.0,0.44943897307245617,0.11553724352310377,0.0,0.0,0.0,0.0,17520.068228512908,-0.04671512350438356,transition_2,1,False
2025-07-11 00:00:00+00:00,9.219332779303985e-05,9.219332779303985e-05,0.4,0.6,0.0,1.0,0.463360913186976,0.0,0.0,0.0,0.0,0.0,17521.683461906054,-0.04662723699928484,transition_2,2,False
2025-07-12 00:00:00+00:00,0.0023352186495227403,0.0023352186495227403,0.4,0.6,0.0,1.0,0.46072065502361137,0.0,0.0,0.0,0.0,0.0,17562.60042389733,-0.04440090314317857,transition_2,3,False
2025-07-13 00:00:00+00:00,-0.00038012269419634005,-0.00038012269419634005,0.4,0.6,0.0,1.0,0.4649074956221052,0.0,0.0,0.0,0.0,0.0,17555.924480907106,-0.04476414804644724,transition_2,4,False
2025-07-14 00:00:00+00:00,-0.0005832101963575,-0.0005832101963575,0.4,0.6,0.0,1.0,0.46894126006629766,0.0,0.0,0.0,0.0,0.0,17545.685686743356,-0.045321251335233015,transition_2,5,False
2025-07-15 00:00:00+00:00,-0.0019646631338133998,-0.0019646631338133998,0.4,0.6,0.0,1.0,0.46624680765461624,0.0,0.0,0.0,0.0,0.0,17511.214324917135,-0.04719687347736967,transition_2,6,False
2025-07-16 00:00:00+00:00,0.0008076685165312198,0.0008076685165312198,0.4,0.6,0.0,1.0,0.4780373564632903,0.0,0.0,0.0,0.0,0.0,17525.357581413602,-0.046427324389624824,transition_2,7,False
2025-07-17 00:00:00+00:00,0.0011539865176585186,0.0011539865176585186,0.4,0.6,0.0,1.0,0.47460991195215707,0.2164524510193475,0.0,0.0,0.0,0.0,17545.581607779695,-0.045326914378363004,transition_2,8,False
2025-07-18 00:00:00+00:00,0.0017315152190731401,0.0017315152190731401,0.4,0.6,0.0,1.0,0.4475146794394734,0.0414683112867436,0.0,0.0,0.0,0.0,17575.962049361053,-0.043673883401369795,transition_2,9,False
2025-07-19 00:00:00+00:00,-0.00273639913637954,-0.00273639913637954,0.4,0.6,0.0,1.0,0.4434555634118188,0.0,0.0,0.0,0.0,0.0,17527.86720198814,-0.04629077336092746,transition_2,10,False
2025-07-20 00:00:00+00:00,-0.00430272972817366,-0.00430272972817366,0.4,0.6,0.0,1.0,0.45130389257301645,0.0,0.0,0.0,0.0,0.0,17452.449526706667,-0.05039432640242092,transition_2,11,False
2025-07-21 00:00:00+00:00,0.00042539831079236017,0.00042539831079236017,0.4,0.6,0.0,1.0,0.4544472664827055,0.0,0.0,0.0,0.0,0.0,17459.87376925452,-0.04999036575295357,transition_2,12,False
2025-07-22 00:00:00+00:00,3.515343904818523e-05,3.515343904818523e-05,0.4,0.6,0.0,1.0,0.4579347145578795,0.0,0.0,0.0,0.0,0.0,17460.48754386285,-0.049956969647181104,transition_2,13,False
2025-07-23 00:00:00+00:00,0.0004654924157151603,0.0004654924157151603,0.4,0.6,0.0,1.0,0.44327160419567324,0.0,0.0,0.0,0.0,0.0,17468.61526838921,-0.049514731821948654,transition_2,14,False
2025-07-24 00:00:00+00:00,0.0029350483108142597,0.0029350483108142597,0.4,0.6,0.0,1.0,0.42862717936832256,0.19426294782424722,0.0,0.0,0.0,0.0,17519.886498124964,-0.04672501164112863,transition_2,15,False
2025-07-25 00:00:00+00:00,7.615673660912314e-05,7.615673660912314e-05,0.4,0.6,0.0,1.0,0.42990827513304297,0.0,0.0,0.0,0.0,0.0,17521.220755506423,-0.046652413328924225,transition_2,16,False
2025-07-26 00:00:00+00:00,0.00144643464698814,0.00144643464698814,0.4,0.6,0.0,1.0,0.4348799500928831,0.0,0.0,0.0,0.0,0.0,17546.564056264717,-0.04527345834894059,rotation,1,True
2025-07-27 00:00:00+00:00,0.00086064944329064,0.00086064944329064,0.4,0.6,0.0,1.0,0.44204229410753715,0.0,0.0,0.0,0.0,0.0,17561.665496851405,-0.044451773482373724,transition_2,1,False
2025-07-28 00:00:00+00:00,0.00312740716626178,0.00312740716626178,0.4,0.6,0.0,1.0,0.43470951486224085,0.0,0.0,0.0,0.0,0.0,17616.587975377748,-0.04146338511105385,transition_2,2,False
2025-07-29 00:00:00+00:00,0.00456962670937096,0.00456962670937096,0.4,0.6,0.0,1.0,0.43139800455864463,0.0,0.0,0.0,0.0,0.0,17697.089206318018,-0.037083230593747296,transition_2,3,False
2025-07-30 00:00:00+00:00,-0.0028657222059309,-0.0028657222059309,0.4,0.6,0.0,1.0,0.42717971712598996,0.0,0.0,0.0,0.0,0.0,17646.37426479913,-0.03984268256229817,transition_2,4,False
2025-07-31 00:00:00+00:00,0.00023821412289785695,0.00023821412289785695,0.4,0.6,0.0,1.0,0.3469190920594436,0.12885437445675454,0.0,0.0,0.0,0.0,17650.577880366945,-0.03961395952908087,transition_2,5,True
2025-08-01 00:00:00+00:00,0.00048612935032300007,0.00048612935032300007,0.4,0.6,0.0,1.0,0.33625597226360016,0.0,0.0,0.0,0.0,0.0,17659.15834432476,-0.03914708768716724,transition_2,6,False
2025-08-02 00:00:00+00:00,0.00321891314382462,0.00321891314382462,0.4,0.6,0.0,1.0,0.32868058789426957,0.0,0.0,0.0,0.0,0.0,17716.001641228184,-0.036054185618441315,transition_2,7,True
2025-08-03 00:00:00+00:00,-0.0012539970514363601,-0.0012539970514363601,0.4,0.6,0.0,1.0,0.3337272794067106,0.0,0.0,0.0,0.0,0.0,17693.785827406842,-0.03726297082742025,transition_2,8,False
2025-08-04 00:00:00+00:00,-0.0002126162244380401,-0.0002126162244380401,0.4,0.6,0.0,1.0,0.34424187802239314,0.0,0.0,0.0,0.0,0.0,17690.023841468206,-0.03746766433968951,transition_2,9,False
2025-08-05 00:00:00+00:00,0.00306235496768206,0.00306235496768206,0.4,0.6,0.0,1.0,0.3400695583437551,0.0,0.0,0.0,0.0,0.0,17744.19697385754,-0.03452004866002556,transition_2,10,False
2025-08-06 00:00:00+00:00,-1.5972337421179988e-05,-1.5972337421179988e-05,0.4,0.6,0.0,1.0,0.34144592784256833,0.0,0.0,0.0,0.0,0.0,17743.913557556207,-0.034535469631581606,transition_2,11,False
2025-08-07 00:00:00+00:00,-0.0036684868347080205,-0.0036684868347080205,0.4,0.6,0.0,1.0,0.3593976450016475,0.26444454718175525,0.0,0.0,0.0,0.0,17678.820244274113,-0.0380772635506158,transition_2,12,False
2025-08-08 00:00:00+00:00,-0.00134936796506714,-0.00134936796506714,0.4,0.6,0.0,1.0,0.3680120211535848,0.0,0.0,0.0,0.0,0.0,17654.96501057631,-0.03937525127605035,transition_2,13,False
2025-08-09 00:00:00+00:00,0.00022771558847158003,0.00022771558847158003,0.4,0.6,0.0,1.0,0.3726926481904464,0.0,0.0,0.0,0.0,0.0,17658.98532132314,-0.03915650204609422,transition_2,14,False
2025-08-10 00:00:00+00:00,0.00402027278993812,0.00402027278993812,0.4,0.6,0.0,1.0,0.37178480818248194,0.0,0.0,0.0,0.0,0.0,17729.97925950837,-0.03529364907588117,transition_2,15,False
2025-08-11 00:00:00+00:00,0.0038906613772021603,0.0038906613772021603,0.4,0.6,0.0,1.0,0.36804054554028964,0.0,0.0,0.0,0.0,0.0,17798.960605031934,-0.03154030333599922,transition_2,16,False
2025-08-12 00:00:00+00:00,-0.0010946535066150402,-0.0010946535066150402,0.4,0.6,0.0,1.0,0.3782634103416428,0.0,0.0,0.0,0.0,0.0,17779.47691039153,-0.03260043113896782,transition_2,17,True
2025-08-13 00:00:00+00:00,0.0020235073449271,0.0020235073449271,0.4,0.6,0.0,1.0,0.39206072668280206,0.0,0.0,0.0,0.0,0.0,17815.45381250867,-0.030642891005898343,transition_2,18,False
2025-08-14 00:00:00+00:00,0.00048156810681925996,0.00048156810681925996,0.4,0.6,0.0,1.0,0.39377581360420033,0.3190032496493852,0.0,0.0,0.0,0.0,17824.033166873287,-0.030176079538088096,transition_2,19,True
2025-08-15 00:00:00+00:00,-0.0035030624798576,-0.0035030624798576,0.4,0.6,0.0,1.0,0.3881046367598229,0.0,0.0,0.0,0.0,0.0,17761.594465046674,-0.03357343332592677,transition_2,20,True
2025-08-16 00:00:00+00:00,-0.000900240556951481,-0.000900240556951481,0.4,0.6,0.0,1.0,0.3864364183275032,0.0,0.0,0.0,0.0,0.0,17745.604757353114,-0.0344434497165621,transition_2,21,False
2025-08-17 00:00:00+00:00,0.0024800854324359837,0.0024800854324359837,0.4,0.6,0.0,1.0,0.39002418177582676,0.0,0.0,0.0,0.0,0.0,17789.615373201596,-0.03204878698201086,transition_2,22,False
2025-08-18 00:00:00+00:00,-5.239088915638004e-05,-5.239088915638004e-05,0.4,0.6,0.0,1.0,0.38163231131734976,0.0,0.0,0.0,0.0,0.0,17788.683359434443,-0.032099498806720916,transition_2,23,False
2025-08-19 00:00:00+00:00,0.00252397673135382,0.00252397673135382,0.4,0.6,0.0,1.0,0.3733558800611141,0.0,0.0,0.0,0.0,0.0,17833.581582315077,-0.02965654046344335,transition_2,24,False
2025-08-20 00:00:00+00:00,0.0023799400787037203,0.0023799400787037203,0.4,0.6,0.0,1.0,0.37584424378140163,0.0,0.0,0.0,0.0,0.0,17876.02443786966,-0.02734718117398438,transition_2,25,False
2025-08-21 00:00:00+00:00,-0.0010041799355836,-0.0010041799355836,0.4,0.6,0.0,1.0,0.4152944585000332,0.1545142863655231,0.0,0.0,0.0,0.0,17858.07369280115,-0.02832389961893811,transition_2,26,False
2025-08-22 00:00:00+00:00,0.00178009691164016,0.00178009691164016,0.4,0.6,0.0,1.0,0.43007372466333504,0.0,0.0,0.0,0.0,0.0,17889.86279462955,-0.026594221993535228,transition_2,27,False
2025-08-23 00:00:00+00:00,-8.349665731983996e-05,-8.349665731983996e-05,0.4,0.6,0.0,1.0,0.43228407811041564,0.0,0.0,0.0,0.0,0.0,17888.369050886282,-0.026675498122214814,transition_2,28,True
2025-08-24 00:00:00+00:00,0.00133386317511052,0.00133386317511052,0.4,0.6,0.0,1.0,0.4289293361862576,0.0,0.0,0.0,0.0,0.0,17912.229687626048,-0.025377216411727188,transition_2,29,False
2025-08-25 00:00:00+00:00,-0.00310819434879724,-0.00310819434879724,0.4,0.6,0.0,1.0,0.41084648590694717,0.0,0.0,0.0,0.0,0.0,17856.554996536608,-0.028406533439885417,transition_2,30,True
2025-08-26 00:00:00+00:00,0.00191968024467052,0.00191968024467052,0.4,0.6,0.0,1.0,0.4132614510100597,0.0,0.0,0.0,0.0,0.0,17890.833872401334,-0.026541384656278866,transition_2,31,True
2025-08-27 00:00:00+00:00,-0.0004053319402228196,-0.0004053319402228196,0.4,0.6,0.0,1.0,0.414742414403238,0.0,0.0,0.0,0.0,0.0,17883.582145995628,-0.026935958525562853,transition_2,32,True
2025-08-28 00:00:00+00:00,0.0014270041556595802,0.0014270041556595802,0.4,0.6,0.0,1.0,0.3808524242106807,0.15961643658968186,0.0,0.0,0.0,0.0,17909.102092036046,-0.02554739209465573,transition_2,33,True
2025-08-29 00:00:00+00:00,-0.0011267427721721002,-0.0011267427721721002,0.4,0.6,0.0,1.0,0.3694154916104563,0.0,0.0,0.0,0.0,0.0,17888.923140697756,-0.026645349527437134,transition_2,34,True
2025-08-30 00:00:00+00:00,-0.00052464790005978,-0.00052464790005978,0.4,0.6,0.0,1.0,0.36889525393561784,0.0,0.0,0.0,0.0,0.0,17879.537754737656,-0.027156018000821125,transition_2,35,True
2025-08-31 00:00:00+00:00,0.00096681480057732,0.00096681480057732,0.4,0.6,0.0,1.0,0.3687470665441401,0.0,0.0,0.0,0.0,0.0,17896.823956466418,-0.02621545804037173,transition_2,36,False
2025-09-01 00:00:00+00:00,-0.0017069735078377199,-0.0017069735078377199,0.4,0.6,0.0,1.0,0.3654287188503584,0.0,0.0,0.0,0.0,0.0,17866.27455209829,-0.027877682455838992,transition_2,37,False
2025-09-02 00:00:00+00:00,-0.0008711163593781799,-0.0008711163593781799,0.4,0.6,0.0,1.0,0.3714685431704684,0.0,0.0,0.0,0.0,0.0,17850.710948054817,-0.028724514109968236,transition_2,38,True
2025-09-03 00:00:00+00:00,0.0012962565038096999,0.0012962565038096999,0.4,0.6,0.0,1.0,0.37611258419204696,0.0,0.0,0.0,0.0,0.0,17873.850048218857,-0.027465491944392406,transition_2,39,False
2025-09-04 00:00:00+00:00,-0.00041733680369107997,-0.00041733680369107997,0.4,0.6,0.0,1.0,0.34000654835214816,0.34253418717542006,0.0,0.0,0.0,0.0,17866.390632770082,-0.02787136638746357,transition_2,40,False
2025-09-05 00:00:00+00:00,-0.0007529759550605201,-0.0007529759550605201,0.4,0.6,0.0,1.0,0.34054729814367635,0.0,0.0,0.0,0.0,0.0,17852.93767021989,-0.028603355873799474,transition_2,41,False
2025-09-06 00:00:00+00:00,-0.00364910452532694,-0.00364910452532694,0.4,0.6,0.0,1.0,0.3370157652426452,0.0,0.0,0.0,0.0,0.0,17787.79043457711,-0.032148083763767876,transition_2,42,False
2025-09-07 00:00:00+00:00,0.005413235887453681,0.005413235887453681,0.4,0.6,0.0,1.0,0.3417669977780007,0.0,0.0,0.0,0.0,0.0,17884.079940116066,-0.026908873037057246,transition_2,43,False
2025-09-08 00:00:00+00:00,0.00033249313659631987,0.00033249313659631987,0.4,0.6,0.0,1.0,0.3468454436775275,0.0,0.0,0.0,0.0,0.0,17890.026273950494,-0.026585326916059304,transition_2,44,False
2025-09-09 00:00:00+00:00,0.0019676970248923,0.0019676970248923,0.4,0.6,0.0,1.0,0.3486797544122897,0.0,0.0,0.0,0.0,0.0,17925.228425424993,-0.024669941759845382,transition_2,45,False
2025-09-10 00:00:00+00:00,0.00118013071845814,0.00118013071845814,0.4,0.6,0.0,1.0,0.3521646123267673,0.0,0.0,0.0,0.0,0.0,17946.382538125217,-0.023518924797480523,transition_2,46,False
2025-09-11 00:00:00+00:00,-0.0014623385764491997,-0.0014623385764491997,0.4,0.6,0.0,1.0,0.40217585377888865,0.2067166313878255,0.0,0.0,0.0,0.0,17920.138850632004,-0.02494687074292168,transition_2,47,False
2025-09-12 00:00:00+00:00,-8.009762698770037e-05,-8.009762698770037e-05,0.4,0.6,0.0,1.0,0.4109055132763918,0.0,0.0,0.0,0.0,0.0,17918.70349003478,-0.02502497018476213,transition_2,48,False
2025-09-13 00:00:00+00:00,0.00175904723460192,0.00175904723460192,0.4,0.6,0.0,1.0,0.4173648804144683,0.0,0.0,0.0,0.0,0.0,17950.223335856575,-0.023309943054759752,transition_2,49,False
2025-09-14 00:00:00+00:00,-0.0012760194535829,-0.0012760194535829,0.4,0.6,0.0,1.0,0.41220476505360404,0.0,0.0,0.0,0.0,0.0,17927.318501683865,-0.024556218567542865,transition_2,50,False
2025-09-15 00:00:00+00:00,-0.0015282121654841196,-0.0015282121654841196,0.4,0.6,0.0,1.0,0.4052907022753752,0.0,0.0,0.0,0.0,0.0,17899.92175545508,-0.02604690362107387,transition_2,51,False
2025-09-16 00:00:00+00:00,0.00256072771518686,0.00256072771518686,0.4,0.6,0.0,1.0,0.40664790455840777,0.0,0.0,0.0,0.0,0.0,17945.75858119395,-0.02355287493388436,transition_2,52,False
2025-09-17 00:00:00+00:00,0.00207799297558412,0.00207799297558412,0.4,0.6,0.0,1.0,0.40909937913041544,0.0,0.0,0.0,0.0,0.0,17983.0497414672,-0.021523824666967672,transition_2,53,False
2025-09-18 00:00:00+00:00,0.0003732647605090402,0.0003732647605090402,0.4,0.6,0.0,1.0,0.38999855404468947,0.20985759296647336,0.0,0.0,0.0,0.0,17989.76218022217,-0.021158593991718266,transition_2,54,False
2025-09-19 00:00:00+00:00,0.0015659101440039923,0.0015659101440039923,0.4,0.6,0.0,1.0,0.38297481019177276,0.0,0.0,0.0,0.0,0.0,18017.9325313084,-0.019625816304678634,transition_2,55,False
2025-09-20 00:00:00+00:00,0.00366370015318156,0.00366370015318156,0.4,0.6,0.0,1.0,0.38333953130383935,0.0,0.0,0.0,0.0,0.0,18083.944833483372,-0.01603401925769865,transition_2,56,False
2025-09-21 00:00:00+00:00,0.0004192985017321,0.0004192985017321,0.4,0.6,0.0,1.0,0.3812831123004571,0.0,0.0,0.0,0.0,0.0,18091.527404457458,-0.015621443796218104,transition_2,57,False
2025-09-22 00:00:00+00:00,-0.0008796305074071399,-0.0008796305074071399,0.4,0.6,0.0,1.0,0.36323698906838486,0.0,0.0,0.0,0.0,0.0,18075.613545026907,-0.016487333205092214,transition_2,58,False
2025-09-23 00:00:00+00:00,0.0002921981734343598,0.0002921981734343598,0.4,0.6,0.0,1.0,0.36210503984553166,0.0,0.0,0.0,0.0,0.0,18080.895206288464,-0.01619995260030549,transition_2,59,False
2025-09-24 00:00:00+00:00,0.0001515311784271601,0.0001515311784271601,0.4,0.6,0.0,1.0,0.36297622148411146,0.0,0.0,0.0,0.0,0.0,18083.635025646094,-0.01605087621978618,transition_2,60,False
2025-09-25 00:00:00+00:00,-2.2515105654780007e-05,-2.2515105654780007e-05,0.4,0.6,0.0,1.0,0.290521617044074,0.17858412295833523,0.0,0.0,0.0,0.0,18083.22787069287,-0.01607302993826687,transition_2,61,False
2025-09-26 00:00:00+00:00,-0.00075108529854384,-0.00075108529854384,0.4,0.6,0.0,1.0,0.29240677128430775,0.0,0.0,0.0,0.0,0.0,18069.645824088977,-0.01681204302032091,transition_2,62,False
2025-09-27 00:00:00+00:00,-0.0002147085305870099,-0.0002147085305870099,0.4,0.6,0.0,1.0,0.293612443567503,0.0,0.0,0.0,0.0,0.0,18065.76611698586,-0.01702314186185494,transition_2,63,False
2025-09-28 00:00:00+00:00,-0.0004626851597764,-0.0004626851597764,0.4,0.6,0.0,1.0,0.2962373021789947,0.0,0.0,0.0,0.0,0.0,18057.407355103536,-0.017477950666519138,transition_2,64,False
2025-09-29 00:00:00+00:00,0.00043342140824339994,0.00043342140824339994,0.4,0.6,0.0,1.0,0.3003952119698269,0.0,0.0,0.0,0.0,0.0,18065.233822028607,-0.017052104576266935,transition_2,65,False
2025-09-30 00:00:00+00:00,0.00011643628512596001,0.00011643628512596001,0.4,0.6,0.0,1.0,0.2989980513284334,0.0,0.0,0.0,0.0,0.0,18067.337270744778,-0.016937653774851347,transition_2,66,False
2025-10-01 00:00:00+00:00,-0.00027834173007531995,-0.00027834173007531995,0.4,0.6,0.0,1.0,0.30882221818537836,0.0,0.0,0.0,0.0,0.0,18062.308376830984,-0.017211281049071547,transition_2,67,False
2025-10-02 00:00:00+00:00,-0.0018502041886451998,-0.0018502041886451998,0.4,0.6,0.0,1.0,0.36234629854811046,0.1236253568991606,0.0,0.0,0.0,0.0,18028.88941821557,-0.019029640853427843,transition_2,68,False
2025-10-03 00:00:00+00:00,-0.0012643721668757998,-0.0012643721668757998,0.4,0.6,0.0,1.0,0.36742419631988604,0.0,0.0,0.0,0.0,0.0,18006.094192235494,-0.02026995247206309,transition_2,69,False
2025-10-04 00:00:00+00:00,-6.874274147109996e-05,-6.874274147109996e-05,0.4,0.6,0.0,1.0,0.36250007341338275,0.0,0.0,0.0,0.0,0.0,18004.856403957536,-0.020337301801431673,transition_2,70,False
2025-10-05 00:00:00+00:00,-0.0006279653390149055,-0.0006279653390149055,0.4,0.6,0.0,1.0,0.3655515321873708,0.0,0.0,0.0,0.0,0.0,17993.549978201907,-0.020952496019826294,transition_2,71,False
2025-10-06 00:00:00+00:00,-0.0030307201860986606,-0.0030307201860986606,0.4,0.6,0.0,1.0,0.3730119329312862,0.0,0.0,0.0,0.0,0.0,17939.016563063396,-0.023919715053288493,transition_2,72,False
2025-10-07 00:00:00+00:00,-0.0024417433397136597,-0.0024417433397136597,0.4,0.6,0.0,1.0,0.3686984549849356,0.0,0.0,0.0,0.0,0.0,17895.214088849523,-0.026303052588082965,transition_2,73,False
2025-10-08 00:00:00+00:00,-0.0004056548762201968,-0.0004056548762201968,0.4,0.6,0.0,1.0,0.3676660243816584,0.0,0.0,0.0,0.0,0.0,17887.954807993377,-0.02669803750276123,transition_2,74,False
2025-10-09 00:00:00+00:00,0.0013133258849980598,0.0013133258849980598,0.4,0.6,0.0,1.0,0.4368677000403117,0.15558713066217647,0.0,0.0,0.0,0.0,17911.447522072387,-0.02541977484149438,transition_2,75,False
2025-10-10 00:00:00+00:00,0.0021902236501301795,0.0021902236501301795,0.4,0.6,0.0,1.0,0.40119214191578634,0.0,0.0,0.0,0.0,0.0,17950.677598043294,-0.023285226183403118,transition_2,76,False
2025-10-11 00:00:00+00:00,-0.00285592581162706,-0.00285592581162706,0.4,0.6,0.0,1.0,0.3799239308471339,0.0,0.0,0.0,0.0,0.0,17899.411794554846,-0.0260746511165435,deleveraging,1,True
2025-10-12 00:00:00+00:00,-0.00641561786904324,-0.00641561786904324,0.4,0.6,0.0,1.0,0.40258380167867774,0.0,0.0,0.0,0.0,0.0,17784.576008400338,-0.0323229839879543,deleveraging,2,True
2025-10-13 00:00:00+00:00,-0.00068733316526152,-0.00068733316526152,0.4,0.6,0.0,1.0,0.4139834483781325,0.0,0.0,0.0,0.0,0.0,17772.352079479653,-0.03298810049432055,deleveraging,3,True
2025-10-14 00:00:00+00:00,0.0021096379764245594,0.0021096379764245594,0.4,0.6,0.0,1.0,0.40086718548431577,0.0,0.0,0.0,0.0,0.0,17809.845308356907,-0.030948055467469038,deleveraging,4,True
2025-10-15 00:00:00+00:00,0.0026554713419593796,0.0026554713419593796,0.4,0.6,0.0,1.0,0.39254135721227396,0.0,0.0,0.0,0.0,0.0,17857.13884217798,-0.028374765799892843,deleveraging,5,True
2025-10-16 00:00:00+00:00,-0.00119619090842092,-0.00119619090842092,0.4,0.6,0.0,1.0,0.41336058873308584,0.19117227326860656,0.0,0.0,0.0,0.0,17835.778295044554,-0.02953701507143547,deleveraging,6,False
2025-10-17 00:00:00+00:00,-0.0006717622682944601,-0.0006717622682944601,0.4,0.6,0.0,1.0,0.3977063273950585,0.0,0.0,0.0,0.0,0.0,17823.79689216028,-0.0301889354874868,deleveraging,7,True
2025-10-18 00:00:00+00:00,-9.762947973799993e-05,-9.762947973799993e-05,0.4,0.6,0.0,1.0,0.40250579803675623,0.0,0.0,0.0,0.0,0.0,17822.05676414274,-0.030283617637159477,deleveraging,8,True
2025-10-19 00:00:00+00:00,0.00036235726467395994,0.00036235726467395994,0.4,0.6,0.0,1.0,0.40908834025615687,0.0,0.0,0.0,0.0,0.0,17828.514715882662,-0.02993223386133681,deleveraging,9,False
2025-10-20 00:00:00+00:00,0.00111936574063428,0.00111936574063428,0.4,0.6,0.0,1.0,0.415781683047413,0.0,0.0,0.0,0.0,0.0,17848.471344462017,-0.02884637323782746,deleveraging,10,False
2025-10-21 00:00:00+00:00,0.00218186692857442,0.00218186692857442,0.4,0.6,0.0,1.0,0.4089679941091966,0.0,0.0,0.0,0.0,0.0,17887.414333814108,-0.02672744525702997,deleveraging,11,False
2025-10-22 00:00:00+00:00,-0.00067075072086536,-0.00067075072086536,0.4,0.6,0.0,1.0,0.4037520221645765,0.0,0.0,0.0,0.0,0.0,17875.416337755287,-0.027380268524722084,deleveraging,12,True
2025-10-23 00:00:00+00:00,-0.00297255255808872,-0.00297255255808872,0.4,0.6,0.0,1.0,0.4250329969155018,0.04005120387246353,0.0,0.0,0.0,0.0,17822.28072319359,-0.030271431795566572,deleveraging,13,False
2025-10-24 00:00:00+00:00,-0.0010174008019470599,-0.0010174008019470599,0.4,0.6,0.0,1.0,0.42908423874342283,0.0,0.0,0.0,0.0,0.0,17804.14832049329,-0.0312580344185287,deleveraging,14,False
2025-10-25 00:00:00+00:00,-0.00088175158914592,-0.00088175158914592,0.4,0.6,0.0,1.0,0.43019188416290544,0.0,0.0,0.0,0.0,0.0,17788.449484418306,-0.03211222418615234,deleveraging,15,False
2025-10-26 00:00:00+00:00,0.00185070072619286,0.00185070072619286,0.4,0.6,0.0,1.0,0.4399203957953437,0.0,0.0,0.0,0.0,0.0,17821.37058079696,-0.03032095357658071,deleveraging,16,False
2025-10-27 00:00:00+00:00,0.000265574701473,0.000265574701473,0.4,0.6,0.0,1.0,0.441638178649046,0.0,0.0,0.0,0.0,0.0,17826.103485968797,-0.030063431353302028,deleveraging,17,False
2025-10-28 00:00:00+00:00,0.00215239999109444,0.00215239999109444,0.4,0.6,0.0,1.0,0.4327303029002898,0.0,0.0,0.0,0.0,0.0,17864.472390953244,-0.02797573989158475,deleveraging,18,False
2025-10-29 00:00:00+00:00,-0.00322907689243076,-0.00322907689243076,0.4,0.6,0.0,1.0,0.4315509461752405,0.0,0.0,0.0,0.0,0.0,17806.786635960147,-0.03111448096878311,deleveraging,19,False
2025-10-30 00:00:00+00:00,-0.0040858594936867,-0.0040858594936867,0.4,0.6,0.0,1.0,0.3355042060679801,0.44229859872062605,0.0,0.0,0.0,0.0,17734.030607731558,-0.035073211065012266,deleveraging,20,False
2025-10-31 00:00:00+00:00,0.0007986242188154601,0.0007986242188154601,0.4,0.6,0.0,1.0,0.33632339375084086,0.0,0.0,0.0,0.0,0.0,17748.193434072105,-0.03430259716198503,deleveraging,21,True
2025-11-01 00:00:00+00:00,0.00286989646455374,0.00286989646455374,0.4,0.6,0.0,1.0,0.338553665408679,0.0,0.0,0.0,0.0,0.0,17799.128911660762,-0.031531145599751675,deleveraging,22,False
2025-11-02 00:00:00+00:00,-0.0004813785123790401,-0.0004813785123790401,0.4,0.6,0.0,1.0,0.33872621697577543,0.0,0.0,0.0,0.0,0.0,17790.560793463625,-0.03199734569616819,deleveraging,23,False
2025-11-03 00:00:00+00:00,-0.0026880590139260804,-0.0026880590139260804,0.4,0.6,0.0,1.0,0.3188290793155534,0.0,0.0,0.0,0.0,0.0,17742.738716159954,-0.034599393956574076,deleveraging,24,False
2025-11-04 00:00:00+00:00,-0.0019371227633329599,-0.0019371227633329599,0.4,0.6,0.0,1.0,0.3047076590844037,0.0,0.0,0.0,0.0,0.0,17708.368853109012,-0.03646949344627615,deleveraging,25,True
2025-11-05 00:00:00+00:00,0.0036308219632926802,0.0036308219632926802,0.4,0.6,0.0,1.0,0.3070029705816206,0.0,0.0,0.0,0.0,0.0,17772.66478767497,-0.03297108572077834,deleveraging,26,True
2025-11-06 00:00:00+00:00,-0.00304053227775254,-0.00304053227775254,0.4,0.6,0.0,1.0,0.41009523706518913,0.14947168848342293,0.0,0.0,0.0,0.0,17718.62642672637,-0.03591136834816422,deleveraging,27,False
2025-11-07 00:00:00+00:00,0.0026735730526982002,0.0026735730526982002,0.4,0.6,0.0,1.0,0.4295568127351185,0.0,0.0,0.0,0.0,0.0,17765.998468871687,-0.03333380696216748,deleveraging,28,False
2025-11-08 00:00:00+00:00,-0.0006890315680857999,-0.0006890315680857999,0.4,0.6,0.0,1.0,0.4340823274516104,0.0,0.0,0.0,0.0,0.0,17753.75713508807,-0.03399987048497177,deleveraging,29,False
2025-11-09 00:00:00+00:00,0.0021587523444026274,0.0021587523444026274,0.4,0.6,0.0,1.0,0.4391968429450388,0.0,0.0,0.0,0.0,0.0,17792.083099925396,-0.03191451544068802,deleveraging,30,False
2025-11-10 00:00:00+00:00,0.0015790501552053597,0.0015790501552053597,0.4,0.6,0.0,1.0,0.4457113603663339,0.0,0.0,0.0,0.0,0.0,17820.17769150576,-0.03038585990604259,deleveraging,31,False
2025-11-11 00:00:00+00:00,-0.00151260340331678,-0.00151260340331678,0.4,0.6,0.0,1.0,0.43270759161495254,0.0,0.0,0.0,0.0,0.0,17793.22283008188,-0.03185250155425279,deleveraging,32,False
2025-11-12 00:00:00+00:00,-0.0014970293712236998,-0.0014970293712236998,0.4,0.6,0.0,1.0,0.4257997226671836,0.0,0.0,0.0,0.0,0.0,17766.58585289652,-0.03330184679510284,deleveraging,33,False
2025-11-13 00:00:00+00:00,0.00041084225987992,0.00041084225987992,0.4,0.6,0.0,1.0,0.3770031944341439,0.07432559030237346,0.0,0.0,0.0,0.0,17773.885117178674,-0.03290468634121835,deleveraging,34,False
2025-11-14 00:00:00+00:00,-0.00377617584488246,-0.00377617584488246,0.4,0.6,0.0,1.0,0.3632813636458404,0.0,0.0,0.0,0.0,0.0,17706.76780152947,-0.03655660830435559,deleveraging,35,False
2025-11-15 00:00:00+00:00,-0.00027976567595306,-0.00027976567595306,0.4,0.6,0.0,1.0,0.36753144762623824,0.0,0.0,0.0,0.0,0.0,17701.814055666528,-0.03682614669607598,deleveraging,36,False
2025-11-16 00:00:00+00:00,-0.00106696233165416,-0.00106696233165416,0.4,0.6,0.0,1.0,0.3613605888233017,0.0,0.0,0.0,0.0,0.0,17682.926886867186,-0.03785381691638534,deleveraging,37,False
2025-11-17 00:00:00+00:00,-0.0014496921524599,-0.0014496921524599,0.4,0.6,0.0,1.0,0.3535166014564766,0.0,0.0,0.0,0.0,0.0,17657.292086526773,-0.03924863268752088,deleveraging,38,False
2025-11-18 00:00:00+00:00,-0.0018396762148147599,-0.0018396762148147599,0.4,0.6,0.0,1.0,0.35760974672013845,0.0,0.0,0.0,0.0,0.0,17624.808386257155,-0.04101610412631629,deleveraging,39,False
2025-11-19 00:00:00+00:00,6.635283127237997e-05,6.635283127237997e-05,0.4,0.6,0.0,1.0,0.35034992476431503,0.0,0.0,0.0,0.0,0.0,17625.977842194214,-0.04095247282968062,deleveraging,40,False
2025-11-20 00:00:00+00:00,-0.0039431847938742205,-0.0039431847938742205,0.4,0.6,0.0,1.0,0.30910338323491626,0.1922659512941311,0.0,0.0,0.0,0.0,17556.47535438971,-0.04473417445542127,deleveraging,41,False
2025-11-21 00:00:00+00:00,-0.0022348687578896,-0.0022348687578896,0.4,0.6,0.0,1.0,0.29548868161571173,0.0,0.0,0.0,0.0,0.0,17517.238936121525,-0.0468690682044105,deleveraging,42,False
2025-11-22 00:00:00+00:00,-0.00160128680289706,-0.00160128680289706,0.4,0.6,0.0,1.0,0.2940035779900182,0.0,0.0,0.0,0.0,0.0,17489.188812589917,-0.048395304186927945,deleveraging,43,False
2025-11-23 00:00:00+00:00,0.0014747015824066597,0.0014747015824066597,0.4,0.6,0.0,1.0,0.29750927836273056,0.0,0.0,0.0,0.0,0.0,17514.980147006852,-0.0469919712361867,deleveraging,44,False
2025-11-24 00:00:00+00:00,0.00028644836420993995,0.00028644836420993995,0.4,0.6,0.0,1.0,0.302744556860022,0.0,0.0,0.0,0.0,0.0,17519.997284419132,-0.046718983645268386,deleveraging,45,False
2025-11-25 00:00:00+00:00,8.098673897891985e-05,8.098673897891985e-05,0.4,0.6,0.0,1.0,0.3026629843199554,0.0,0.0,0.0,0.0,0.0,17521.416171866113,-0.04664178052442358,deleveraging,46,False
2025-11-26 00:00:00+00:00,0.000490011462717,0.000490011462717,0.4,0.6,0.0,1.0,0.30764498239153804,0.0,0.0,0.0,0.0,0.0,17530.001866633364,-0.046174624068804904,deleveraging,47,False
2025-11-27 00:00:00+00:00,0.0006814414246256805,0.0006814414246256805,0.4,0.6,0.0,1.0,0.35684757728615607,0.2670508044337022,0.0,0.0,0.0,0.0,17541.947536079053,-0.045524647945786256,deleveraging,48,False
2025-11-28 00:00:00+00:00,-0.0022740257818477,-0.0022740257818477,0.4,0.6,0.0,1.0,0.35496067618561455,0.0,0.0,0.0,0.0,0.0,17502.05669511819,-0.047695149504495715,deleveraging,49,False
2025-11-29 00:00:00+00:00,0.0031864987882177197,0.0031864987882177197,0.4,0.6,0.0,1.0,0.3499823058420036,0.0,0.0,0.0,0.0,0.0,17557.826977568504,-0.04466063125237785,deleveraging,50,False
2025-11-30 00:00:00+00:00,-0.00261992201323178,-0.00261992201323178,0.4,0.6,0.0,1.0,0.3513320553434607,0.0,0.0,0.0,0.0,0.0,17511.826840165457,-0.04716354589466665,deleveraging,51,False
2025-12-01 00:00:00+00:00,-5.239863529110016e-05,-5.239863529110016e-05,0.4,0.6,0.0,1.0,0.3311182080089654,0.0,0.0,0.0,0.0,0.0,17510.909244337578,-0.04721347322451741,deleveraging,52,False
2025-12-02 00:00:00+00:00,0.0012666702984725,0.0012666702984725,0.4,0.6,0.0,1.0,0.3470163453163817,0.0,0.0,0.0,0.0,0.0,17533.08979297663,-0.04600660683026614,deleveraging,53,False
2025-12-03 00:00:00+00:00,-0.00636511332213952,-0.00636511332213952,0.4,0.6,0.0,1.0,0.36948411945540194,0.0,0.0,0.0,0.0,0.0,17421.489689557082,-0.052078882886363975,deleveraging,54,False
2025-12-04 00:00:00+00:00,0.00106966125914722,0.00106966125914722,0.4,0.6,0.0,1.0,0.3840032591713821,0.06589632962637894,0.0,0.0,0.0,0.0,17440.124782154635,-0.0510649283906599,deleveraging,55,False
2025-12-05 00:00:00+00:00,-0.0003945204009985601,-0.0003945204009985601,0.4,0.6,0.0,1.0,0.3731096404657638,0.0,0.0,0.0,0.0,0.0,17433.244297132114,-0.0514393026356329,deleveraging,56,False
2025-12-06 00:00:00+00:00,-0.0037332339958281403,-0.0037332339958281403,0.4,0.6,0.0,1.0,0.37332912256228756,0.0,0.0,0.0,0.0,0.0,17368.161916864483,-0.05498050167813995,deleveraging,57,False
2025-12-07 00:00:00+00:00,-0.00022967502733714233,-0.00022967502733714233,0.4,0.6,0.0,1.0,0.3755387497526242,0.0,0.0,0.0,0.0,0.0,17364.17288380143,-0.05519754905725116,transition,1,False
2025-12-08 00:00:00+00:00,0.00215313349099472,0.00215313349099472,0.4,0.6,0.0,1.0,0.3780828982770602,0.0,0.0,0.0,0.0,0.0,17401.56026598097,-0.053163263257752225,transition,2,False
2025-12-09 00:00:00+00:00,0.0031651553329307,0.0031651553329307,0.4,0.6,0.0,1.0,0.3824140508346289,0.0,0.0,0.0,0.0,0.0,17456.63890725815,-0.05016637791103806,transition,3,False
2025-12-10 00:00:00+00:00,-0.00061322339811414,-0.00061322339811414,0.4,0.6,0.0,1.0,0.37979824983765575,0.0,0.0,0.0,0.0,0.0,17445.93408782779,-0.05074883811241848,deleveraging,1,False
2025-12-11 00:00:00+00:00,-0.00588866921219044,-0.00588866921219044,0.4,0.6,0.0,1.0,0.40281616228062167,0.30229297609785943,0.0,0.0,0.0,0.0,17343.200752886896,-0.05633866420406186,deleveraging,2,False
2025-12-12 00:00:00+00:00,-0.00324639090377844,-0.00324639090377844,0.4,0.6,0.0,1.0,0.40270168924372823,0.0,0.0,0.0,0.0,0.0,17286.89794372032,-0.05940215778083724,deleveraging,3,False
2025-12-13 00:00:00+00:00,9.603845468041995e-05,9.603845468041995e-05,0.4,0.6,0.0,1.0,0.4021938523804186,0.0,0.0,0.0,0.0,0.0,17288.558150685054,-0.05931182421759473,deleveraging,4,False
2025-12-14 00:00:00+00:00,-0.00144375778427232,-0.00144375778427232,0.4,0.6,0.0,1.0,0.3964337533994847,0.0,0.0,0.0,0.0,0.0,17263.59766027616,-0.060669950093953484,transition,1,False
2025-12-15 00:00:00+00:00,0.0008630162904629799,0.0008630162904629799,0.4,0.6,0.0,1.0,0.38776752770767325,0.0,0.0,0.0,0.0,0.0,17278.496426288977,-0.05985929295876302,transition,2,False
2025-12-16 00:00:00+00:00,-0.00164933714860868,-0.00164933714860868,0.4,0.6,0.0,1.0,0.38620147745492084,0.0,0.0,0.0,0.0,0.0,17249.998360260994,-0.06140990195180551,deleveraging,1,False
2025-12-17 00:00:00+00:00,-0.00225537125885718,-0.00225537125885718,0.4,0.6,0.0,1.0,0.38050753871365506,0.0,0.0,0.0,0.0,0.0,17211.093209743925,-0.06352677108279148,transition,1,False
2025-12-18 00:00:00+00:00,-0.00563930128357388,-0.00563930128357388,0.4,0.6,0.0,1.0,0.39169478701484983,0.05242918391218266,0.0,0.0,0.0,0.0,17114.034669714507,-0.06880782576465694,transition,2,False
2025-12-19 00:00:00+00:00,-0.0025472311273668,-0.0025472311273668,0.4,0.6,0.0,1.0,0.4080921436581757,0.0,0.0,0.0,0.0,0.0,17070.441267888975,-0.07117978745642961,deleveraging,1,False
2025-12-20 00:00:00+00:00,0.0033608032403407,0.0033608032403407,0.4,0.6,0.0,1.0,0.4077613850631739,0.0,0.0,0.0,0.0,0.0,17127.811662216143,-0.06805820547641905,transition,1,False
2025-12-21 00:00:00+00:00,-0.00266193953472666,-0.00266193953472666,0.4,0.6,0.0,1.0,0.406498327765349,0.0,0.0,0.0,0.0,0.0,17082.218463209138,-0.07053897818332555,transition,2,False
2025-12-22 00:00:00+00:00,0.0009486409483371,0.0009486409483371,0.4,0.6,0.0,1.0,0.4074498038014767,0.0,0.0,0.0,0.0,0.0,17098.423355131777,-0.06965725339814699,transition,3,False
2025-12-23 00:00:00+00:00,0.00139790356150826,0.00139790356150826,0.4,0.6,0.0,1.0,0.4010254027925122,0.0,0.0,0.0,0.0,0.0,17122.32530203609,-0.06835672395924908,transition,4,False
2025-12-24 00:00:00+00:00,-0.00052868703579438,-0.00052868703579438,0.4,0.6,0.0,1.0,0.3968871245165231,0.0,0.0,0.0,0.0,0.0,17113.27295062625,-0.06884927168127675,transition,5,False
2025-12-25 00:00:00+00:00,-0.00215419544707946,-0.00215419544707946,0.4,0.6,0.0,1.0,0.38484810651424206,0.2690405099883403,0.0,0.0,0.0,0.0,17076.407615951382,-0.07085515234076567,transition,6,False
2025-12-26 00:00:00+00:00,-0.0007191875510301999,-0.0007191875510301999,0.4,0.6,0.0,1.0,0.38632207655058926,0.0,0.0,0.0,0.0,0.0,17064.126476177673,-0.07152338174830608,transition,7,False
2025-12-27 00:00:00+00:00,2.8500242453040597e-05,2.8500242453040597e-05,0.4,0.6,0.0,1.0,0.39452526899770346,0.0,0.0,0.0,0.0,0.0,17064.612807919493,-0.07149691993957397,transition,8,False
2025-12-28 00:00:00+00:00,-0.0015096743673623603,-0.0015096743673623603,0.4,0.6,0.0,1.0,0.39635902976416076,0.0,0.0,0.0,0.0,0.0,17038.850799374413,-0.07289865723955813,transition,9,False
2025-12-29 00:00:00+00:00,0.0009236075197341001,0.0009236075197341001,0.4,0.6,0.0,1.0,0.393318677529122,0.0,0.0,0.0,0.0,0.0,17054.588010100342,-0.0720423794678291,transition,10,False
2025-12-30 00:00:00+00:00,0.00045546051775445984,0.00045546051775445984,0.4,0.6,0.0,1.0,0.39216903134393377,0.0,0.0,0.0,0.0,0.0,17062.35570158551,-0.07161973140952738,transition,11,False
2025-12-31 00:00:00+00:00,-0.0029696214351983804,-0.0029696214351983804,0.4,0.6,0.0,1.0,0.3900233871748597,0.0,0.0,0.0,0.0,0.0,17011.6869643591,-0.07437666935514897,transition,12,False
2026-01-01 00:00:00+00:00,0.0008842589330251209,0.0008842589330251209,0.4,0.6,0.0,1.0,0.40861073889869454,0.15804035379150444,0.0,0.0,0.0,0.0,17026.729700523163,-0.07355817865640979,transition,13,False
2026-01-02 00:00:00+00:00,-0.0016163906982754792,-0.0016163906982754792,0.4,0.6,0.0,1.0,0.4276974851528499,0.0,0.0,0.0,0.0,0.0,16999.207853013188,-0.07505567059892293,transition,14,False
2026-01-03 00:00:00+00:00,-0.00228189847543436,-0.00228189847543436,0.4,0.6,0.0,1.0,0.43453371425273163,0.0,0.0,0.0,0.0,0.0,16960.417386529803,-0.07716629965404498,transition,15,False
2026-01-04 00:00:00+00:00,0.0006032294164591,0.0006032294164591,0.4,0.6,0.0,1.0,0.4402582559982567,0.0,0.0,0.0,0.0,0.0,16970.648409212783,-0.07660961921949638,transition,16,False
2026-01-05 00:00:00+00:00,0.00352727051444956,0.00352727051444956,0.4,0.6,0.0,1.0,0.4504776555199059,0.0,0.0,0.0,0.0,0.0,17030.50847695769,-0.07335257155604302,transition,17,False
2026-01-06 00:00:00+00:00,-0.0003880745187106601,-0.0003880745187106601,0.4,0.6,0.0,1.0,0.45238327581865767,0.0,0.0,0.0,0.0,0.0,17023.899370577095,-0.07371217981085088,transition_2,1,False
2026-01-07 00:00:00+00:00,-0.00180134569826948,-0.00180134569826948,0.4,0.6,0.0,1.0,0.44324928266760577,0.0,0.0,0.0,0.0,0.0,16993.233442678134,-0.07538074439110798,transition_2,2,False
2026-01-08 00:00:00+00:00,-0.00107320110374594,-0.00107320110374594,0.4,0.6,0.0,1.0,0.4540211985682901,0.24144662968190245,0.0,0.0,0.0,0.0,16974.996285791236,-0.07637304679677248,transition,1,False
2026-01-09 00:00:00+00:00,7.360803465579968e-06,7.360803465579968e-06,0.4,0.6,0.0,1.0,0.4536896738256221,0.0,0.0,0.0,0.0,0.0,16975.121235402727,-0.07636624816029425,transition,2,False
2026-01-10 00:00:00+00:00,2.6530566093120058e-05,2.6530566093120058e-05,0.4,0.6,0.0,1.0,0.4543147521388302,0.0,0.0,0.0,0.0,0.0,16975.5715949786,-0.07634174363399537,transition,3,False
2026-01-11 00:00:00+00:00,-0.00029881867348866014,-0.00029881867348866014,0.4,0.6,0.0,1.0,0.455988023951247,0.0,0.0,0.0,0.0,0.0,16970.498977192878,-0.07661774996891946,transition,4,False
2026-01-12 00:00:00+00:00,0.0017581503136150202,0.0017581503136150202,0.4,0.6,0.0,1.0,0.45346126904420603,0.0,0.0,0.0,0.0,0.0,17000.33566529183,-0.0749943051764409,transition,5,False
2026-01-13 00:00:00+00:00,0.00346113834858336,0.00346113834858336,0.4,0.6,0.0,1.0,0.46817812227895683,0.0,0.0,0.0,0.0,0.0,17059.176179001763,-0.07179273249342899,transition,6,False
2026-01-14 00:00:00+00:00,0.0012527556412591802,0.0012527556412591802,0.4,0.6,0.0,1.0,0.4726459950284879,0.0,0.0,0.0,0.0,0.0,17080.54715819524,-0.0706299156028024,deleveraging,1,False
2026-01-15 00:00:00+00:00,0.0003754768368191598,0.0003754768368191598,0.4,0.6,0.0,1.0,0.4617522560492948,0.21851909197545133,0.0,0.0,0.0,0.0,17086.96050801334,-0.07028095866327855,deleveraging,2,False
2026-01-16 00:00:00+00:00,-0.00230288832533724,-0.00230288832533724,0.4,0.6,0.0,1.0,0.4612197628611896,0.0,0.0,0.0,0.0,0.0,17047.61114614394,-0.0724219977894166,deleveraging,3,False
2026-01-17 00:00:00+00:00,0.00205976064340366,0.00205976064340366,0.4,0.6,0.0,1.0,0.4634558166357666,0.0,0.0,0.0,0.0,0.0,17082.725144646814,-0.07051140912677634,deleveraging,4,False
2026-01-18 00:00:00+00:00,-0.00096019006870888,-0.00096019006870888,0.4,0.6,0.0,1.0,0.45828822764274335,0.0,0.0,0.0,0.0,0.0,17066.322481616444,-0.07140389484071086,transition,1,False
2026-01-19 00:00:00+00:00,-4.962985990528005e-05,-4.962985990528005e-05,0.4,0.6,0.0,1.0,0.4445890469195898,0.0,0.0,0.0,0.0,0.0,17065.475482422582,-0.07144998093531851,transition,2,False
2026-01-20 00:00:00+00:00,-0.0028607686768853,-0.0028607686768853,0.4,0.6,0.0,1.0,0.4298464381185422,0.0,0.0,0.0,0.0,0.0,17016.65510470631,-0.07410634774478009,deleveraging,1,False
2026-01-21 00:00:00+00:00,0.00040969870108330004,0.00040969870108330004,0.4,0.6,0.0,1.0,0.4297579020716381,0.0,0.0,0.0,0.0,0.0,17023.626806199492,-0.07372701031810991,deleveraging,2,False
2026-01-22 00:00:00+00:00,-0.0016449859310617401,-0.0016449859310617401,0.4,0.6,0.0,1.0,0.44149389666123434,0.22114247182777022,0.0,0.0,0.0,0.0,16995.62317960765,-0.07525071635445901,deleveraging,3,False
2026-01-23 00:00:00+00:00,0.0011395552407328,0.0011395552407328,0.4,0.6,0.0,1.0,0.4395107084796581,0.0,0.0,0.0,0.0,0.0,17014.99063107149,-0.07419691346191692,transition,1,False
2026-01-24 00:00:00+00:00,0.00012633889245782003,0.00012633889245782003,0.4,0.6,0.0,1.0,0.4381352758518279,0.0,0.0,0.0,0.0,0.0,17017.140286142996,-0.07407994852532984,transition,2,False
2026-01-25 00:00:00+00:00,0.00018023735487216006,0.00018023735487216006,0.4,0.6,0.0,1.0,0.42785063217779984,0.0,0.0,0.0,0.0,0.0,17020.207410495663,-0.0739130631444288,transition,3,False
2026-01-26 00:00:00+00:00,0.00027465460901944207,0.00027465460901944207,0.4,0.6,0.0,1.0,0.431754958009611,0.0,0.0,0.0,0.0,0.0,17024.882088907423,-0.07365870909886862,transition,4,False
2026-01-27 00:00:00+00:00,-0.00143513332539432,-0.00143513332539432,0.4,0.6,0.0,1.0,0.4380284537054932,0.0,0.0,0.0,0.0,0.0,17000.44911326072,-0.07498813235612978,transition,5,False
2026-01-28 00:00:00+00:00,0.00079646062611198,0.00079646062611198,0.4,0.6,0.0,1.0,0.43868802150715014,0.0,0.0,0.0,0.0,0.0,17013.989301605656,-0.07425139682486503,transition,6,False
2026-01-29 00:00:00+00:00,-0.00241971914592112,-0.00241971914592112,0.4,0.6,0.0,1.0,0.38949919143165,0.1701431002364952,0.0,0.0,0.0,0.0,16972.820225944062,-0.07649144844427769,transition,7,False
2026-01-30 00:00:00+00:00,-0.0006429463393789799,-0.0006429463393789799,0.4,0.6,0.0,1.0,0.3791030311126144,0.0,0.0,0.0,0.0,0.0,16961.907613310854,-0.07708521488688569,transition,8,False
2026-01-31 00:00:00+00:00,-0.00130312892079498,-0.00130312892079498,0.4,0.6,0.0,1.0,0.35771749520102686,0.0,0.0,0.0,0.0,0.0,16939.804060948096,-0.07828789183479579,deleveraging,1,False
2026-02-01 00:00:00+00:00,-0.0013204996113788002,-0.0013204996113788002,0.4,0.6,0.0,1.0,0.34404351410215606,0.0,0.0,0.0,0.0,0.0,16917.435056268783,-0.07950501231543095,deleveraging,2,False
2026-02-02 00:00:00+00:00,0.00014190380400135998,0.00014190380400135998,0.4,0.6,0.0,1.0,0.34708701566901456,0.0,0.0,0.0,0.0,0.0,16919.835704657213,-0.07937439057511442,deleveraging,3,False
2026-02-03 00:00:00+00:00,-0.00093417923646248,-0.00093417923646248,0.4,0.6,0.0,1.0,0.343115247316331,0.0,0.0,0.0,0.0,0.0,16904.029545457564,-0.08023441990399482,deleveraging,4,False
2026-02-04 00:00:00+00:00,-0.0007428067853554594,-0.0007428067853554594,0.4,0.6,0.0,1.0,0.3319886741465672,0.0,0.0,0.0,0.0,0.0,16891.47311761135,-0.08091762801782654,deleveraging,5,False
2026-02-05 00:00:00+00:00,-0.0046451797407635,-0.0046451797407635,0.4,0.6,0.0,1.0,0.33085668223615683,0.24623685889813943,0.0,0.0,0.0,0.0,16813.009188893768,-0.08518693083225104,deleveraging,6,False
2026-02-06 00:00:00+00:00,0.0026366809753662402,0.0026366809753662402,0.4,0.6,0.0,1.0,0.3417164568165264,0.0,0.0,0.0,0.0,0.0,16857.33973036078,-0.0827748606167601,deleveraging,7,False
2026-02-07 00:00:00+00:00,-0.0004890195153675,-0.0004890195153675,0.4,0.6,0.0,1.0,0.3457186804686298,0.0,0.0,0.0,0.0,0.0,16849.096162255453,-0.08322340160990427,deleveraging,8,False
2026-02-08 00:00:00+00:00,0.0003017357105222399,0.0003017357105222399,0.4,0.6,0.0,1.0,0.3452883690408891,0.0,0.0,0.0,0.0,0.0,16854.18013625763,-0.08294677737159883,deleveraging,9,False
2026-02-09 00:00:00+00:00,-0.00071836022178454,-0.00071836022178454,0.4,0.6,0.0,1.0,0.3435509853189592,0.0,0.0,0.0,0.0,0.0,16842.072763676948,-0.08360555192799457,deleveraging,10,False
2026-02-10 00:00:00+00:00,0.00023827141543450003,0.00023827141543450003,0.4,0.6,0.0,1.0,0.3369862091797312,0.0,0.0,0.0,0.0,0.0,16846.085748193203,-0.08338720132575594,deleveraging,11,False
2026-02-11 00:00:00+00:00,-0.00044516987835684,-0.00044516987835684,0.4,0.6,0.0,1.0,0.3291296178504129,0.0,0.0,0.0,0.0,0.0,16838.586378249893,-0.083795249733842,deleveraging,12,False
2026-02-12 00:00:00+00:00,0.0016442238102376725,0.0016442238102376725,0.4,0.6,0.0,1.0,0.34464943451880425,0.1582723531388793,0.0,0.0,0.0,0.0,16866.272782903754,-0.08228880406840156,deleveraging,13,False
2026-02-13 00:00:00+00:00,-0.0007523957765546,-0.0007523957765546,0.4,0.6,0.0,1.0,0.3556592000497586,0.0,0.0,0.0,0.0,0.0,16853.582670495678,-0.08297928609631744,transition,1,False
2026-02-14 00:00:00+00:00,0.00406932435270796,0.00406932435270796,0.4,0.6,0.0,1.0,0.36716830076487594,0.0,0.0,0.0,0.0,0.0,16922.1653648871,-0.07924763137329172,deleveraging,1,False
2026-02-15 00:00:00+00:00,-0.00029624117829164,-0.00029624117829164,0.4,0.6,0.0,1.0,0.3596875776974082,0.0,0.0,0.0,0.0,0.0,16917.152322680162,-0.07952039613988848,deleveraging,2,False
2026-02-16 00:00:00+00:00,-0.00199065048992708,-0.00199065048992708,0.4,0.6,0.0,1.0,0.3596450805566128,0.0,0.0,0.0,0.0,0.0,16883.476185120846,-0.08135274931428049,deleveraging,3,False
2026-02-17 00:00:00+00:00,-0.00134568771868496,-0.00134568771868496,0.4,0.6,0.0,1.0,0.35730125936731405,0.0,0.0,0.0,0.0,0.0,16860.75629856982,-0.08258896163733187,deleveraging,4,False
2026-02-18 00:00:00+00:00,0.00027194075636180004,0.00027194075636180004,0.4,0.6,0.0,1.0,0.3516748211821006,0.0,0.0,0.0,0.0,0.0,16865.341425390485,-0.08233948018566495,deleveraging,5,False
2026-02-19 00:00:00+00:00,-0.0010457193716209398,-0.0010457193716209398,0.4,0.6,0.0,1.0,0.4395097181128841,0.2653564075252978,0.0,0.0,0.0,0.0,16847.705011152953,-0.08329909556780657,deleveraging,6,False
2026-02-20 00:00:00+00:00,0.0031216530598308003,0.0031216530598308003,0.4,0.6,0.0,1.0,0.44726650710689997,0.0,0.0,0.0,0.0,0.0,16900.297701052146,-0.0804374733845361,deleveraging,7,False
2026-02-21 00:00:00+00:00,-0.0002592594085137674,-0.0002592594085137674,0.4,0.6,0.0,1.0,0.4502900611922607,0.0,0.0,0.0,0.0,0.0,16895.916139866466,-0.08067587862127779,deleveraging,8,False
2026-02-22 00:00:00+00:00,-0.0007732455496937398,-0.0007732455496937398,0.4,0.6,0.0,1.0,0.4434325912309486,0.0,0.0,0.0,0.0,0.0,16882.851447903315,-0.08138674190686002,transition,1,False
2026-02-23 00:00:00+00:00,0.0011965329910728396,0.0011965329910728396,0.4,0.6,0.0,1.0,0.42512611871896083,0.0,0.0,0.0,0.0,0.0,16903.052336644112,-0.08028759083751469,transition,2,False
2026-02-24 00:00:00+00:00,0.00125676657427502,0.00125676657427502,0.4,0.6,0.0,1.0,0.4191758480208121,0.0,0.0,0.0,0.0,0.0,16924.29552782403,-0.07913172702373328,deleveraging,1,False
2026-02-25 00:00:00+00:00,0.00688993386794878,0.00688993386794878,0.4,0.6,0.0,1.0,0.4489640825475357,0.0,0.0,0.0,0.0,0.0,17040.902804772355,-0.0727870055218347,transition,1,False
2026-02-26 00:00:00+00:00,-0.00059785591460006,-0.00059785591460006,0.4,0.6,0.0,1.0,0.4388535706256468,0.1717103498970387,0.0,0.0,0.0,0.0,17030.7148002404,-0.0733413452946774,deleveraging,1,False
2026-02-27 00:00:00+00:00,0.0013823057661446,0.0013823057661446,0.4,0.6,0.0,1.0,0.4262996725274868,0.0,0.0,0.0,0.0,0.0,17054.256455510334,-0.07206041969303056,deleveraging,2,False
2026-02-28 00:00:00+00:00,0.00054020011528422,0.00054020011528422,0.4,0.6,0.0,1.0,0.42210760546554293,0.0,0.0,0.0,0.0,0.0,17063.46916681369,-0.0715591466247717,transition,1,False
2026-03-01 00:00:00+00:00,-0.00212980645788038,-0.00212980645788038,0.4,0.6,0.0,1.0,0.4215816019839537,0.0,0.0,0.0,0.0,0.0,17027.127279988366,-0.07353654595005044,deleveraging,1,False
2026-03-02 00:00:00+00:00,3.6808712221140074e-05,3.6808712221140074e-05,0.4,0.6,0.0,1.0,0.4274297079696513,0.0,0.0,0.0,0.0,0.0,17027.754026616367,-0.0735024440233869,deleveraging,2,False
2026-03-03 00:00:00+00:00,0.00119587065587428,0.00119587065587428,0.4,0.6,0.0,1.0,0.42252247456169273,0.0,0.0,0.0,0.0,0.0,17048.117017992245,-0.07239447278345512,deleveraging,3,False
2026-03-04 00:00:00+00:00,-0.00262211175508354,-0.00262211175508354,0.4,0.6,0.0,1.0,0.44226476639278633,0.0,0.0,0.0,0.0,0.0,17003.41494995733,-0.07482675814045003,deleveraging,4,False
2026-03-05 00:00:00+00:00,-0.00096445616397158,-0.00096445616397158,0.4,0.6,0.0,1.0,0.4074180135868073,0.16438957574931515,0.0,0.0,0.0,0.0,16987.015901600276,-0.07571904717630307,deleveraging,5,False
2026-03-06 00:00:00+00:00,-0.00133429978595362,-0.00133429978595362,0.4,0.6,0.0,1.0,0.3952944450690225,0.0,0.0,0.0,0.0,0.0,16964.35012991878,-0.07695231505381661,deleveraging,6,False
2026-03-07 00:00:00+00:00,-0.00031576276708198,-0.00031576276708198,0.4,0.6,0.0,1.0,0.3901257570487255,0.0,0.0,0.0,0.0,0.0,16958.99341978001,-0.07724377914496383,deleveraging,7,False
2026-03-08 00:00:00+00:00,-0.0014106567894851,-0.0014106567894851,0.4,0.6,0.0,1.0,0.3849804075558787,0.0,0.0,0.0,0.0,0.0,16935.070100569563,-0.07854547147295277,transition,1,False
2026-03-09 00:00:00+00:00,0.00197734540111288,0.00197734540111288,0.4,0.6,0.0,1.0,0.3917085048836044,0.0,0.0,0.0,0.0,0.0,16968.55658355045,-0.07672343759863509,transition,2,False
2026-03-10 00:00:00+00:00,-0.000452664836856505,-0.000452664836856505,0.4,0.6,0.0,1.0,0.3989831637818809,0.0,0.0,0.0,0.0,0.0,16960.875514652867,-0.07714137243312791,deleveraging,1,False
2026-03-11 00:00:00+00:00,0.00045555558059562,0.00045555558059562,0.4,0.6,0.0,1.0,0.40065452545194297,0.0,0.0,0.0,0.0,0.0,16968.602136145353,-0.07672095903523912,deleveraging,2,False
2026-03-12 00:00:00+00:00,-0.00117746875278954,-0.00117746875278954,0.4,0.6,0.0,1.0,0.3729179781653288,0.11703293102092223,0.0,0.0,0.0,0.0,16948.622137351525,-0.07780809125608046,deleveraging,3,False
2026-03-13 00:00:00+00:00,0.0012858138318683399,0.0012858138318683399,0.4,0.6,0.0,1.0,0.3779047204337189,0.0,0.0,0.0,0.0,0.0,16970.41491012684,-0.07662232414418058,transition,1,False
2026-03-14 00:00:00+00:00,0.00040279172524355987,0.00040279172524355987,0.4,0.6,0.0,1.0,0.37357854760099574,0.0,0.0,0.0,0.0,0.0,16977.250452826593,-0.07625039525707111,deleveraging,1,False
2026-03-15 00:00:00+00:00,0.0005266935427698401,0.0005266935427698401,0.4,0.6,0.0,1.0,0.38006121440350227,0.0,0.0,0.0,0.0,0.0,16986.192261014083,-0.07576386230511678,transition,1,False
2026-03-16 00:00:00+00:00,-0.0037861669259332204,-0.0037861669259332204,0.4,0.6,0.0,1.0,0.4003585873680987,0.0,0.0,0.0,0.0,0.0,16921.879701677888,-0.07926317460140941,transition,2,False
2026-03-17 00:00:00+00:00,0.00126645801808202,0.00126645801808202,0.4,0.6,0.0,1.0,0.39819923142607283,0.0,0.0,0.0,0.0,0.0,16943.3105519071,-0.07809710006633985,deleveraging,1,False
2026-03-18 00:00:00+00:00,-0.0006891233973747201,-0.0006891233973747201,0.4,0.6,0.0,1.0,0.3861221270962809,0.0,0.0,0.0,0.0,0.0,16931.63452017679,-0.07873240492479194,deleveraging,2,False
2026-03-19 00:00:00+00:00,-0.00099731111324506,-0.00099731111324506,0.4,0.6,0.0,1.0,0.44120519433373706,0.26538401992979666,0.0,0.0,0.0,0.0,16914.748412904417,-0.07965119533563292,deleveraging,3,False
2026-03-20 00:00:00+00:00,-0.0010661950116107799,-0.0010661950116107799,0.4,0.6,0.0,1.0,0.4437031700386769,0.0,0.0,0.0,0.0,0.0,16896.713992523928,-0.08063246664010792,transition,1,False
2026-03-21 00:00:00+00:00,-0.0019434093835269,-0.0019434093835269,0.4,0.6,0.0,1.0,0.4390458108942992,0.0,0.0,0.0,0.0,0.0,16863.876760000087,-0.08241917413134958,transition,2,False
2026-03-22 00:00:00+00:00,-0.0024100162249186003,-0.0024100162249186003,0.4,0.6,0.0,1.0,0.43071520834709637,0.0,0.0,0.0,0.0,0.0,16823.234543393457,-0.08463055880936732,transition,3,False
2026-03-23 00:00:00+00:00,0.00342740476015792,0.00342740476015792,0.4,0.6,0.0,1.0,0.43917425942630595,0.0,0.0,0.0,0.0,0.0,16880.894577548737,-0.08149321722932734,transition,4,False
2026-03-24 00:00:00+00:00,0.0026346694478204796,0.0026346694478204796,0.4,0.6,0.0,1.0,0.4405771770999095,0.0,0.0,0.0,0.0,0.0,16925.370154744083,-0.07907325547114563,transition,5,False
2026-03-25 00:00:00+00:00,-0.00014280590765934,-0.00014280590765934,0.4,0.6,0.0,1.0,0.4460980065775755,0.0,0.0,0.0,0.0,0.0,16922.953111896666,-0.07920476925078579,transition,6,False
2026-03-26 00:00:00+00:00,-0.00348720088001394,-0.00348720088001394,0.4,0.6,0.0,1.0,0.3977894291753957,0.06995067610598935,0.0,0.0,0.0,0.0,16863.939374912425,-0.08241576718976706,transition,7,False
2026-03-27 00:00:00+00:00,-0.00217329469333934,-0.00217329469333934,0.4,0.6,0.0,1.0,0.3899980339129296,0.0,0.0,0.0,0.0,0.0,16827.28906496013,-0.08440994813362557,transition,8,False
2026-03-28 00:00:00+00:00,-0.0009385337197253401,-0.0009385337197253401,0.4,0.6,0.0,1.0,0.390255345033206,0.0,0.0,0.0,0.0,0.0,16811.4960867611,-0.0852692602707471,transition,9,False
2026-03-29 00:00:00+00:00,-0.0010202538798594202,-0.0010202538798594202,0.4,0.6,0.0,1.0,0.3872109854855485,0.0,0.0,0.0,0.0,0.0,16794.34409265234,-0.08620251785698263,transition,10,False
2026-03-30 00:00:00+00:00,0.00103476269393048,0.00103476269393048,0.4,0.6,0.0,1.0,0.39005220326835643,0.0,0.0,0.0,0.0,0.0,16811.72225338845,-0.08525695431265334,transition,11,False
2026-03-31 00:00:00+00:00,0.00010831847411585995,0.00010831847411585995,0.4,0.6,0.0,1.0,0.3895022760907202,0.0,0.0,0.0,0.0,0.0,16813.543273490195,-0.08515787074173642,transition,12,False
2026-04-01 00:00:00+00:00,0.0023730137505295,0.0023730137505295,0.4,0.6,0.0,1.0,0.391924246069979,0.0,0.0,0.0,0.0,0.0,16853.442042873314,-0.08298693778944266,transition,13,False
2026-04-02 00:00:00+00:00,-0.0019286804322501798,-0.0019286804322501798,0.4,0.6,0.0,1.0,0.42500440231024406,0.10560997395410736,0.0,0.0,0.0,0.0,16820.93713898916,-0.08475556293864606,transition,14,False
2026-04-03 00:00:00+00:00,0.00208643552956208,0.00208643552956208,0.4,0.6,0.0,1.0,0.4275237090104973,0.0,0.0,0.0,0.0,0.0,16856.032939876477,-0.08284596442692727,transition,15,False
2026-04-04 00:00:00+00:00,9.616082156867056e-05,9.616082156867056e-05,0.4,0.6,0.0,1.0,0.42958746844559104,0.0,0.0,0.0,0.0,0.0,16857.653829852363,-0.08275777014136165,transition,16,False
2026-04-05 00:00:00+00:00,0.00190241335181554,0.00190241335181554,0.4,0.6,0.0,1.0,0.4302270076534071,0.0,0.0,0.0,0.0,0.0,16889.724055578557,-0.08101279627642954,transition,17,False
2026-04-06 00:00:00+00:00,-0.0011750996614501,-0.0011750996614501,0.4,0.6,0.0,1.0,0.43321548873413085,0.0,0.0,0.0,0.0,0.0,16869.876946558863,-0.082092697828402,transition,18,False
2026-04-07 00:00:00+00:00,0.00279415517993274,0.00279415517993274,0.4,0.6,0.0,1.0,0.4400680517568921,0.0,0.0,0.0,0.0,0.0,16917.014000613915,-0.07952792238534123,transition,19,False
2026-04-08 00:00:00+00:00,-0.00216224054363662,-0.00216224054363662,0.4,0.6,0.0,1.0,0.4405248648676998,0.0,0.0,0.0,0.0,0.0,16880.43534706452,-0.08151820443084523,transition,20,False
2026-04-09 00:00:00+00:00,8.921214590252007e-05,8.921214590252007e-05,0.4,0.6,0.0,1.0,0.4041789994150165,0.2356948856526786,0.0,0.0,0.0,0.0,16881.941286925598,-0.08143626469889009,transition,21,False
2026-04-10 00:00:00+00:00,0.00086038371559546,0.00086038371559546,0.4,0.6,0.0,1.0,0.40757093134957467,0.0,0.0,0.0,0.0,0.0,16896.46623429651,-0.08064594741930042,transition,22,False
2026-04-11 00:00:00+00:00,0.0010267688472152402,0.0010267688472152402,0.4,0.6,0.0,1.0,0.40728076419519793,0.0,0.0,0.0,0.0,0.0,16913.814999453905,-0.07970198331854961,transition,23,False
2026-04-12 00:00:00+00:00,-0.00053376663856534,-0.00053376663856534,0.4,0.6,0.0,1.0,0.3949981357551138,0.0,0.0,0.0,0.0,0.0,16904.786969276334,-0.08019320769739191,transition,24,False
2026-04-13 00:00:00+00:00,0.00049982484469914,0.00049982484469914,0.4,0.6,0.0,1.0,0.4054880951749358,0.0,0.0,0.0,0.0,0.0,16913.236401797923,-0.07973346541027604,transition,25,False
2026-04-14 00:00:00+00:00,0.0015853231804194797,0.0015853231804194797,0.4,0.6,0.0,1.0,0.40546088339827036,0.0,0.0,0.0,0.0,0.0,16940.04934752161,-0.07827454554082658,transition,26,False
2026-04-15 00:00:00+00:00,-0.00037753810018347996,-0.00037753810018347996,0.4,0.6,0.0,1.0,0.408922825628544,0.0,0.0,0.0,0.0,0.0,16933.65383347393,-0.07862253201779401,transition,27,False
2026-04-16 00:00:00+00:00,-0.00788315394145126,-0.00788315394145126,0.4,0.6,0.0,1.0,0.37189029765699533,0.4587887667227716,0.0,0.0,0.0,0.0,16800.163233513413,-0.08588589243608213,transition,28,False
2026-04-17 00:00:00+00:00,0.0025512849936179804,0.0025512849936179804,0.4,0.6,0.0,1.0,0.37549781241044633,0.0,0.0,0.0,0.0,0.0,16843.02523786141,-0.08355372683099971,transition,29,False
2026-04-18 00:00:00+00:00,0.00292689031840354,0.00292689031840354,0.4,0.6,0.0,1.0,0.3701438473818709,0.0,0.0,0.0,0.0,0.0,16892.32292536273,-0.08087138910672453,deleveraging,1,False
2026-04-19 00:00:00+00:00,0.0007040441140610399,0.0007040441140610399,0.4,0.6,0.0,1.0,0.3637739003887306,0.0,0.0,0.0,0.0,0.0,16904.215865891154,-0.08022428201815979,transition,1,False
2026-04-20 00:00:00+00:00,-0.0006424488121356599,-0.0006424488121356599,0.4,0.6,0.0,1.0,0.3668430770929696,0.0,0.0,0.0,0.0,0.0,16893.355772488027,-0.08081519083560851,transition,2,False
2026-04-21 00:00:00+00:00,0.0009361570850195601,0.0009361570850195601,0.4,0.6,0.0,1.0,0.3690399536010457,0.0,0.0,0.0,0.0,0.0,16909.170607184195,-0.07995468946406703,transition,3,False
2026-04-22 00:00:00+00:00,0.0003640606757718001,0.0003640606757718001,0.4,0.6,0.0,1.0,0.372939286240744,0.0,0.0,0.0,0.0,0.0,16915.326571262187,-0.07961973714657256,transition,4,False
2026-04-23 00:00:00+00:00,-0.00080169438629012,-0.00080169438629012,0.4,0.6,0.0,1.0,0.36291093618655507,0.0982426497798057,0.0,0.0,0.0,0.0,16901.76564890774,-0.08035760083655441,transition,5,False
2026-04-24 00:00:00+00:00,-0.00288613536234,-0.00288613536234,0.4,0.6,0.0,1.0,0.36390576794836227,0.0,0.0,0.0,0.0,0.0,16852.984865382445,-0.08301181328548735,transition,6,False
2026-04-25 00:00:00+00:00,4.001006622752004e-05,4.001006622752004e-05,0.4,0.6,0.0,1.0,0.36312002700375023,0.0,0.0,0.0,0.0,0.0,16853.65915442304,-0.08297512452740707,transition,7,False
2026-04-26 00:00:00+00:00,0.00053563950519286,0.00053563950519286,0.4,0.6,0.0,1.0,0.3649753205467693,0.0,0.0,0.0,0.0,0.0,16862.6866400732,-0.08248392977685959,transition,8,False
2026-04-27 00:00:00+00:00,0.00022588561312616727,0.00022588561312616727,0.4,0.6,0.0,1.0,0.3611719955401429,0.0,0.0,0.0,0.0,0.0,16866.49567838385,-0.08227667609678391,transition,9,False
2026-04-28 00:00:00+00:00,-0.0013063846489135599,-0.0013063846489135599,0.4,0.6,0.0,1.0,0.35968315921816973,0.0,0.0,0.0,0.0,0.0,16844.46154734864,-0.08347557575908116,transition,10,False
2026-04-29 00:00:00+00:00,-0.0014129095123618604,-0.0014129095123618604,0.4,0.6,0.0,1.0,0.35993039278171635,0.0,0.0,0.0,0.0,0.0,16820.66184739778,-0.08477054183640298,transition,11,False
2026-04-30 00:00:00+00:00,-8.319993888807991e-05,-8.319993888807991e-05,0.4,0.6,0.0,1.0,0.39764209866117917,0.08462869923079153,0.0,0.0,0.0,0.0,16819.262369360018,-0.08484668887139091,transition,12,False
2026-05-01 00:00:00+00:00,0.0011585276379342398,0.0011585276379342398,0.4,0.6,0.0,1.0,0.400453406865355,0.0,0.0,0.0,0.0,0.0,16838.74794966459,-0.08378645846750132,transition,13,False
2026-05-02 00:00:00+00:00,2.066932398952007e-05,2.066932398952007e-05,0.4,0.6,0.0,1.0,0.40199209673541525,0.0,0.0,0.0,0.0,0.0,16839.09599520154,-0.08376752095296769,transition,14,False
2026-05-03 00:00:00+00:00,0.0021980455547132402,0.0021980455547132402,0.4,0.6,0.0,1.0,0.40164515597078754,0.0,0.0,0.0,0.0,0.0,16876.10909529918,-0.08175360022531464,transition,15,False
2026-05-04 00:00:00+00:00,0.00105267404076742,0.00105267404076742,0.4,0.6,0.0,1.0,0.40599861658704645,0.0,0.0,0.0,0.0,0.0,16893.874137252962,-0.08078698607724355,transition,16,False
2026-05-05 00:00:00+00:00,-0.0024106797534970597,-0.0024106797534970597,0.4,0.6,0.0,1.0,0.41323718523166225,0.0,0.0,0.0,0.0,0.0,16853.148416912158,-0.08300291427905826,transition,17,False
2026-05-06 00:00:00+00:00,0.00061850960162308,0.00061850960162308,0.4,0.6,0.0,1.0,0.42154901657410604,0.0,0.0,0.0,0.0,0.0,16863.5722510256,-0.08243574277687937,transition,18,False
2026-05-07 00:00:00+00:00,-0.0005690788321413598,-0.0005690788321413598,0.4,0.6,0.0,1.0,0.3916787502568064,0.19961076419351387,0.0,0.0,0.0,0.0,16853.975549023253,-0.08295790917279455,transition_2,1,False
2026-05-08 00:00:00+00:00,-0.00213823665274766,-0.00213823665274766,0.4,0.6,0.0,1.0,0.3953163831994192,0.0,0.0,0.0,0.0,0.0,16817.937760759818,-0.08491876218351369,transition,1,False
2026-05-09 00:00:00+00:00,0.0006510444378745601,0.0006510444378745601,0.4,0.6,0.0,1.0,0.3986374741779778,0.0,0.0,0.0,0.0,0.0,16828.886985595484,-0.08432300363342982,transition,2,True
2026-05-10 00:00:00+00:00,-0.001326800384982776,-0.001326800384982776,0.4,0.6,0.0,1.0,0.4029310568226635,0.0,0.0,0.0,0.0,0.0,16806.558411864164,-0.08553792422472883,transition,3,True
2026-05-11 00:00:00+00:00,0.00223237671432686,0.00223237671432686,0.4,0.6,0.0,1.0,0.40285760477557886,0.0,0.0,0.0,0.0,0.0,16844.07698151078,-0.08349650038063317,transition_2,1,True
2026-05-12 00:00:00+00:00,7.176723695593998e-05,7.176723695593998e-05,0.4,0.6,0.0,1.0,0.39774036764383003,0.0,0.0,0.0,0.0,0.0,16845.28583437482,-0.08343072545680497,transition_2,2,False
2026-05-13 00:00:00+00:00,0.00016470253735012335,0.00016470253735012335,0.4,0.6,0.0,1.0,0.39743019664281126,0.0,0.0,0.0,0.0,0.0,16848.06029569413,-0.08327976417163052,transition_2,3,False
2026-05-14 00:00:00+00:00,-0.001461469450662489,-0.001461469450662489,0.4,0.6,0.0,1.0,0.4004555476910171,0.3352669657731122,0.0,0.0,0.0,0.0,16823.437370269054,-0.08461952279109775,transition_2,4,False
2026-05-15 00:00:00+00:00,0.00203788842264718,0.00203788842264718,0.4,0.6,0.0,1.0,0.39462334799300414,0.0,0.0,0.0,0.0,0.0,16857.721658515053,-0.0827540795142766,transition_2,5,False
2026-05-16 00:00:00+00:00,0.00131607822084772,0.00131607822084772,0.4,0.6,0.0,1.0,0.3850206311211338,0.0,0.0,0.0,0.0,0.0,16879.907738842936,-0.08154691213516396,transition,1,False
2026-05-17 00:00:00+00:00,-0.00036680990208048003,-0.00036680990208048003,0.4,0.6,0.0,1.0,0.38221566244220284,0.0,0.0,0.0,0.0,0.0,16873.716021538123,-0.0818838098223893,transition,2,False
2026-05-18 00:00:00+00:00,0.00022706087607766014,0.00022706087607766014,0.4,0.6,0.0,1.0,0.37662258667208237,0.0,0.0,0.0,0.0,0.0,16877.54738228066,-0.08167534155590639,transition,3,False
2026-05-19 00:00:00+00:00,0.00211562866143696,0.00211562866143696,0.4,0.6,0.0,1.0,0.37428708559094,0.0,0.0,0.0,0.0,0.0,16913.254005257375,-0.07973250758799766,transition,4,False
2026-05-20 00:00:00+00:00,-0.00022673194526867557,-0.00022673194526867557,0.4,0.6,0.0,1.0,0.37650555131011826,0.0,0.0,0.0,0.0,0.0,16909.41923027594,-0.07994116162671971,transition,5,False
2026-05-21 00:00:00+00:00,-0.0013139380884027402,-0.0013139380884027402,0.4,0.6,0.0,1.0,0.3917605601630363,0.14112464805915437,0.0,0.0,0.0,0.0,16887.20130029651,-0.08115006197802999,transition,6,False
2026-05-22 00:00:00+00:00,0.0021323538776420597,0.0021323538776420597,0.4,0.6,0.0,1.0,0.3856636317575852,0.0,0.0,0.0,0.0,0.0,16923.21078947172,-0.07919074874971765,transition,7,False
2026-05-23 00:00:00+00:00,0.0009378815986872552,0.0009378815986872552,0.4,0.6,0.0,1.0,0.381829842877601,0.0,0.0,0.0,0.0,0.0,16939.082757461874,-0.07832713869706887,transition,8,False
2026-05-24 00:00:00+00:00,0.00199734155096052,0.00199734155096052,0.4,0.6,0.0,1.0,0.3821357094971982,0.0,0.0,0.0,0.0,0.0,16972.91589128851,-0.07648624319479591,transition,9,False
2026-05-25 00:00:00+00:00,0.0008001750763708799,0.0008001750763708799,0.4,0.6,0.0,1.0,0.3838393937564334,0.0,0.0,0.0,0.0,0.0,16986.49719555806,-0.07574727050391472,transition,10,False
2026-05-26 00:00:00+00:00,0.0005157442607598399,0.0005157442607598399,0.4,0.6,0.0,1.0,0.3798547113218991,0.0,0.0,0.0,0.0,0.0,16995.257883997077,-0.07527059246318568,transition,11,False
2026-05-27 00:00:00+00:00,-0.00017671427705156,-0.00017671427705156,0.4,0.6,0.0,1.0,0.3754918672326458,0.0,0.0,0.0,0.0,0.0,16992.2545792868,-0.07543400535190703,transition,12,False
2026-05-28 00:00:00+00:00,0.00214912601823954,0.00214912601823954,0.4,0.6,0.0,1.0,0.41503502527340197,0.12997032446883436,0.0,0.0,0.0,0.0,17028.773075711695,-0.0734469965172293,transition,13,False
2026-05-29 00:00:00+00:00,-0.0003695214629789399,-0.0003695214629789399,0.4,0.6,0.0,1.0,0.4163663265908859,0.0,0.0,0.0,0.0,0.0,17022.48057857202,-0.07378937773860383,transition,14,False
2026-05-30 00:00:00+00:00,0.00707208672149872,0.00707208672149872,0.4,0.6,0.0,1.0,0.4229764608117325,0.0,0.0,0.0,0.0,0.0,17142.865037438707,-0.06723913589559805,transition,15,False
2026-05-31 00:00:00+00:00,-0.00074527988826558,-0.00074527988826558,0.4,0.6,0.0,1.0,0.4221971256438197,0.0,0.0,0.0,0.0,0.0,17130.088804899056,-0.06793430380817611,transition,16,False
2026-06-01 00:00:00+00:00,-0.0036086986749153,-0.0036086986749153,0.4,0.6,0.0,1.0,0.41495255077219384,0.0,0.0,0.0,0.0,0.0,17068.271476127633,-0.07129784805095774,transition,17,False
2026-06-02 00:00:00+00:00,-0.0009427536021683401,-0.0009427536021683401,0.4,0.6,0.0,1.0,0.3913420974651639,0.0,0.0,0.0,0.0,0.0,17052.18030171073,-0.07217338535004891,transition,18,False
2026-06-03 00:00:00+00:00,-0.0014890939373195802,-0.0014890939373195802,0.4,0.6,0.0,1.0,0.3778866253749843,0.0,0.0,0.0,0.0,0.0,17026.78800340537,-0.073555006336808,transition,19,False
2026-06-04 00:00:00+00:00,-0.0023411160713769003,-0.0023411160713769003,0.4,0.6,0.0,1.0,0.36923414597385734,0.2650112941203592,0.0,0.0,0.0,0.0,16986.92631636667,-0.07572392160071972,transition,20,False
2026-06-05 00:00:00+00:00,0.00208565673663914,0.00208565673663914,0.4,0.6,0.0,1.0,0.3467839222013634,0.0,0.0,0.0,0.0,0.0,17022.355213673196,-0.07379619897129164,deleveraging,1,False
2026-06-06 00:00:00+00:00,-0.0036039230651364797,-0.0036039230651364797,0.4,0.6,0.0,1.0,0.3438833499179279,0.0,0.0,0.0,0.0,0.0,16961.007955095694,-0.07713416621283598,deleveraging,2,False
2026-06-07 00:00:00+00:00,0.00217080021187568,0.00217080021187568,0.4,0.6,0.0,1.0,0.35518256146592597,0.0,0.0,0.0,0.0,0.0,16997.82691475824,-0.07513080886531809,deleveraging,3,False
2026-06-08 00:00:00+00:00,0.0022491817177725,0.0022491817177725,0.4,0.6,0.0,1.0,0.3555787852256167,0.0,0.0,0.0,0.0,0.0,17036.058116296776,-0.07305060998928692,deleveraging,4,False
2026-06-09 00:00:00+00:00,0.00064306942683036,0.00064306942683036,0.4,0.6,0.0,1.0,0.3503489792500375,0.0,0.0,0.0,0.0,0.0,17047.01348442507,-0.07245451717635198,deleveraging,5,False
2026-06-10 00:00:00+00:00,0.00046490713033134004,0.00046490713033134004,0.4,0.6,0.0,1.0,0.3432626982412496,0.0,0.0,0.0,0.0,0.0,17054.938762544836,-0.07202329466768054,deleveraging,6,False
2026-06-11 00:00:00+00:00,-0.00034889306322010024,-0.00034889306322010024,0.4,0.6,0.0,1.0,0.44973471385062397,0.3840391079258294,0.0,0.0,0.0,0.0,17048.988412716943,-0.07234705930300078,deleveraging,7,False
2026-06-12 00:00:00+00:00,7.567730724511999e-05,7.567730724511999e-05,0.4,0.6,0.0,1.0,0.44941770480699506,0.0,0.0,0.0,0.0,0.0,17050.27863425127,-0.07227685702639075,deleveraging,8,False
2026-06-13 00:00:00+00:00,0.00044298006194878,0.00044298006194878,0.4,0.6,0.0,1.0,0.45454915153320363,0.0,0.0,0.0,0.0,0.0,17057.831567736914,-0.07186589417104505,deleveraging,9,False
2026-06-14 00:00:00+00:00,-0.00040523673022434,-0.00040523673022434,0.4,0.6,0.0,1.0,0.46065413662114185,0.0,0.0,0.0,0.0,0.0,17050.919107847687,-0.07224200820130089,transition,1,False
2026-06-15 00:00:00+00:00,0.0021825358507641,0.0021825358507641,0.4,0.6,0.0,1.0,0.4665644806852658,0.0,0.0,0.0,0.0,0.0,17088.133350089047,-0.07021714312336713,transition,2,False
2026-06-16 00:00:00+00:00,0.0007013240815999201,0.0007013240815999201,0.4,0.6,0.0,1.0,0.4603449011357172,0.0,0.0,0.0,0.0,0.0,17100.11766951705,-0.06956506401518092,deleveraging,1,False
2026-06-17 00:00:00+00:00,-0.0010717379550277198,-0.0010717379550277198,0.4,0.6,0.0,1.0,0.4580298772501143,0.0,0.0,0.0,0.0,0.0,17081.79082437519,-0.07056224645075959,deleveraging,2,False
2026-06-18 00:00:00+00:00,-0.00103256059045086,-0.00103256059045086,0.4,0.6,0.0,1.0,0.4371877505039569,0.18586502398213087,0.0,0.0,0.0,0.0,17064.152840355615,-0.07152194724635175,deleveraging,3,False
2026-06-19 00:00:00+00:00,0.00057350540459826,0.00057350540459826,0.4,0.6,0.0,1.0,0.43432467290645055,0.0,0.0,0.0,0.0,0.0,17073.93922423445,-0.07098946006504658,transition,1,False
2026-06-20 00:00:00+00:00,0.00177903703891312,0.00177903703891312,0.4,0.6,0.0,1.0,0.4391515214930197,0.0,0.0,0.0,0.0,0.0,17104.314394514517,-0.0693367159049616,transition,2,False
2026-06-21 00:00:00+00:00,0.00089482189753626,0.00089482189753626,0.4,0.6,0.0,1.0,0.4350910251126232,0.0,0.0,0.0,0.0,0.0,17119.61970957707,-0.06850393801912058,transition,3,False
2026-06-22 00:00:00+00:00,-0.00030752635741634004,-0.00030752635741634004,0.4,0.6,0.0,1.0,0.4382469926431466,0.0,0.0,0.0,0.0,0.0,17114.354975287428,-0.06879039761000927,transition,4,False
2026-06-23 00:00:00+00:00,0.0008983991807432,0.0008983991807432,0.4,0.6,0.0,1.0,0.4266814749383978,0.0,0.0,0.0,0.0,0.0,17129.730497776174,-0.06795379966612192,transition,5,False
2026-06-24 00:00:00+00:00,-0.00017315463541762004,-0.00017315463541762004,0.4,0.6,0.0,1.0,0.4189366999063624,0.0,0.0,0.0,0.0,0.0,17126.76440553703,-0.06811518778613312,transition,6,False
2026-06-25 00:00:00+00:00,-0.0010715329131576,-0.0010715329131576,0.4,0.6,0.0,1.0,0.3998433568691516,0.15371810984858866,0.0,0.0,0.0,0.0,17108.4125137806,-0.06911373303369195,transition,7,False
2026-06-26 00:00:00+00:00,0.00040049604751801987,0.00040049604751801987,0.4,0.6,0.0,1.0,0.4008437230948201,0.0,0.0,0.0,0.0,0.0,17115.264365371677,-0.06874091676308325,transition,8,False
2026-06-27 00:00:00+00:00,0.00040686996340178025,0.00040686996340178025,0.4,0.6,0.0,1.0,0.3987287610181568,0.0,0.0,0.0,0.0,0.0,17122.22805235763,-0.06836201541396891,transition,9,False
2026-06-28 00:00:00+00:00,0.0007980428954622201,0.0007980428954622201,0.4,0.6,0.0,1.0,0.3951816244216674,0.0,0.0,0.0,0.0,0.0,17135.892324809298,-0.06761852833922732,transition,10,False
2026-06-29 00:00:00+00:00,0.0020118522946969597,0.0020118522946969597,0.4,0.6,0.0,1.0,0.3984208914810289,0.0,0.0,0.0,0.0,0.0,17170.367209104646,-0.06574271453593361,transition,11,False
2026-06-30 00:00:00+00:00,-0.0003547972259483601,-0.0003547972259483601,0.4,0.6,0.0,1.0,0.3926983559993025,0.0,0.0,0.0,0.0,0.0,17164.27521045034,-0.06607418642913832,transition,12,False
