open_time,net_return,gross_return,w_v285,w_v365,w_cash,risky_budget,gross,underlying_turnover,meta_turnover,meta_cost,underlying_stress_cost,financing,equity,drawdown,state_label,state_duration_days,novelty_flag
2021-01-01 00:00:00+00:00,-0.00413543635104262,-0.0031354363510426196,0.4,0.6,0.0,1.0,0.2036026174008315,0.19996938843504294,2.0,0.001,0.0,0.0,9958.645636489573,0.0,calm_risk_on,1,True
2021-01-02 00:00:00+00:00,0.00747455054007288,0.00747455054007288,0.4,0.6,0.0,1.0,0.2067495404750197,0.0,0.0,0.0,0.0,0.0,10033.08203661019,0.0,calm_risk_on,2,True
2021-01-03 00:00:00+00:00,0.00211564268397708,0.00211564268397708,0.4,0.6,0.0,1.0,0.2249969017328993,0.0,0.0,0.0,0.0,0.0,10054.308453218686,0.0,calm_risk_on,3,True
2021-01-04 00:00:00+00:00,0.00078933552791688,0.00078933552791688,0.4,0.6,0.0,1.0,0.22630167984675686,0.0,0.0,0.0,0.0,0.0,10062.244676089447,0.0,calm_risk_on,4,True
2021-01-05 00:00:00+00:00,0.007587174306465779,0.007587174306465779,0.4,0.6,0.0,1.0,0.23191323104295322,0.0,0.0,0.0,0.0,0.0,10138.588680361245,0.0,calm_risk_on,5,True
2021-01-06 00:00:00+00:00,0.00082375547323548,0.00082375547323548,0.4,0.6,0.0,1.0,0.25904819538031604,0.0,0.0,0.0,0.0,0.0,10146.940398277575,0.0,calm_risk_on,6,True
2021-01-07 00:00:00+00:00,-0.00848817363425802,-0.00848817363425802,0.4,0.6,0.0,1.0,0.20665820714490316,0.2988218649376746,0.0,0.0,0.0,0.0,10060.811406320528,-0.008488173634257912,calm_risk_on,7,True
2021-01-08 00:00:00+00:00,-0.00274195497569004,-0.00274195497569004,0.4,0.6,0.0,1.0,0.2060981043030965,0.0,0.0,0.0,0.0,0.0,10033.225114425488,-0.01120685442001712,calm_risk_on,8,True
2021-01-09 00:00:00+00:00,0.00837952665952704,0.00837952665952704,0.4,0.6,0.0,1.0,0.21871668255379667,0.0,0.0,0.0,0.0,0.0,10117.298791752854,-0.0029212358958718987,calm_risk_on,9,True
2021-01-10 00:00:00+00:00,0.0011445799603644,0.0011445799603644,0.4,0.6,0.0,1.0,0.21043424157773188,0.0,0.0,0.0,0.0,0.0,10128.878849202914,-0.0017799995235732169,calm_risk_on,10,False
2021-01-11 00:00:00+00:00,-0.0030907632695142003,-0.0030907632695142003,0.4,0.6,0.0,1.0,0.18594731783911841,0.0,0.0,0.0,0.0,0.0,10097.572882494438,-0.0048652612359403324,calm_risk_on,11,False
2021-01-12 00:00:00+00:00,0.0008205317466168599,0.0008205317466168599,0.4,0.6,0.0,1.0,0.1815274446785877,0.0,0.0,0.0,0.0,0.0,10105.858261608302,-0.004048721590623194,calm_risk_on,12,True
2021-01-13 00:00:00+00:00,0.00070277068818732,0.00070277068818732,0.4,0.6,0.0,1.0,0.19655387769274132,0.0,0.0,0.0,0.0,0.0,10112.960362573536,-0.0033487962252943815,calm_risk_on,13,False
2021-01-14 00:00:00+00:00,0.00302127004988676,0.00302127004988676,0.4,0.6,0.0,1.0,0.2287613358750138,0.20234233522546768,0.0,0.0,0.0,0.0,10143.514346832671,-0.00033764379314626947,calm_risk_on,14,False
2021-01-15 00:00:00+00:00,0.008805692348500739,0.008805692348500739,0.4,0.6,0.0,1.0,0.22574395853584572,0.0,0.0,0.0,0.0,0.0,10232.835013503483,0.0,calm_risk_on,15,False
2021-01-16 00:00:00+00:00,3.318330981088024e-05,3.318330981088024e-05,0.4,0.6,0.0,1.0,0.22990344694765733,0.0,0.0,0.0,0.0,0.0,10233.17457283798,0.0,calm_risk_on,16,False
2021-01-17 00:00:00+00:00,0.01012714358862498,0.01012714358862498,0.4,0.6,0.0,1.0,0.23836661823059044,0.0,0.0,0.0,0.0,0.0,10336.807401104576,0.0,calm_risk_on,17,False
2021-01-18 00:00:00+00:00,-0.00443736692524992,-0.00443736692524992,0.4,0.6,0.0,1.0,0.23953428597790705,0.0,0.0,0.0,0.0,0.0,10290.939193830236,-0.004437366925249875,calm_risk_on,18,False
2021-01-19 00:00:00+00:00,-0.00743816172766536,-0.00743816172766536,0.4,0.6,0.0,1.0,0.2327465225303995,0.0,0.0,0.0,0.0,0.0,10214.393523776956,-0.011842522800080246,calm_risk_on,19,False
2021-01-20 00:00:00+00:00,0.00334379029949256,0.00334379029949256,0.4,0.6,0.0,1.0,0.2342547789246976,0.0,0.0,0.0,0.0,0.0,10248.548313756963,-0.008538331413447953,calm_risk_on,20,False
2021-01-21 00:00:00+00:00,-0.0001819343566743,-0.0001819343566743,0.4,0.6,0.0,1.0,0.16524422244024048,0.1934160228024469,0.0,0.0,0.0,0.0,10246.683750712653,-0.00871871235428956,calm_risk_on,21,False
2021-01-22 00:00:00+00:00,-0.0008395111169530199,-0.0008395111169530199,0.4,0.6,0.0,1.0,0.17567556518433827,0.0,0.0,0.0,0.0,0.0,10238.081545792029,-0.00955090401529557,calm_risk_on,22,False
2021-01-23 00:00:00+00:00,-4.120909571467823e-05,-4.120909571467823e-05,0.4,0.6,0.0,1.0,0.17749234827512608,0.0,0.0,0.0,0.0,0.0,10237.659643709674,-0.009591719526892528,calm_risk_on,23,False
2021-01-24 00:00:00+00:00,0.0030474397627036796,0.0030474397627036796,0.4,0.6,0.0,1.0,0.1810615537567003,0.0,0.0,0.0,0.0,0.0,10268.858294784939,-0.006573509951668055,calm_risk_on,24,False
2021-01-25 00:00:00+00:00,-0.00037350653405166,-0.00037350653405166,0.4,0.6,0.0,1.0,0.17719876960469969,0.0,0.0,0.0,0.0,0.0,10265.022809114585,-0.0069445612368012055,calm_risk_on,25,False
2021-01-26 00:00:00+00:00,0.00066533645681274,0.00066533645681274,0.4,0.6,0.0,1.0,0.17740024878208824,0.0,0.0,0.0,0.0,0.0,10271.852503019505,-0.006283845249755671,calm_risk_on,26,False
2021-01-27 00:00:00+00:00,0.00056282424699816,0.00056282424699816,0.4,0.6,0.0,1.0,0.16647775328841183,0.0,0.0,0.0,0.0,0.0,10277.633750669793,-0.00572455770322855,calm_risk_on,27,False
2021-01-28 00:00:00+00:00,0.054567888008018144,0.054567888008018144,0.4,0.6,0.0,1.0,0.4305520251840289,0.3812462932940903,0.0,0.0,0.0,0.0,10838.462518163768,0.0,calm_risk_on,28,False
2021-01-29 00:00:00+00:00,0.014676021546860808,0.014676252635672151,0.3999075644754625,0.5998613467131937,0.00023108881134381587,0.9997689111886562,0.4381369951789635,0.050986726711448556,0.00046217762268763174,2.3108881134381588e-07,0.0,0.0,10997.528027615183,0.0,calm_risk_on,29,False
2021-01-30 00:00:00+00:00,-0.013749779909236115,-0.013749779909236115,0.3999075644754625,0.5998613467131937,0.00023108881134381587,0.9997689111886562,0.3977382673407722,0.0,0.0,0.0,0.0,0.0,10846.31443768982,-0.013749779909235982,calm_risk_on,30,False
2021-01-31 00:00:00+00:00,0.021582355330047202,0.021582355330047202,0.3999075644754625,0.5998613467131937,0.00023108881134381587,0.9997689111886562,0.40780931964850997,0.0,0.0,0.0,0.0,0.0,11080.40344990546,0.0,calm_risk_on,31,False
2021-02-01 00:00:00+00:00,-0.014908068931853733,-0.014908068931853733,0.3999075644754625,0.5998613467131937,0.00023108881134381587,0.9997689111886562,0.4114571212287635,0.0,0.0,0.0,0.0,0.0,10915.216031481521,-0.01490806893185359,calm_risk_on,32,False
2021-02-02 00:00:00+00:00,-0.004749337752975032,-0.004749337752975032,0.3999075644754625,0.5998613467131937,0.00023108881134381587,0.9997689111886562,0.41467249953220353,0.0,0.0,0.0,0.0,0.0,10863.375983901327,-0.01958660323022665,calm_risk_on,33,False
2021-02-03 00:00:00+00:00,0.013226651156801574,0.013226651156801574,0.3999075644754625,0.5998613467131937,0.00023108881134381587,0.9997689111886562,0.43957721405877515,0.0,0.0,0.0,0.0,0.0,11007.062068425566,-0.006619017241697889,calm_risk_on,34,False
2021-02-04 00:00:00+00:00,0.0006905774223548806,0.0006905774223548806,0.3999075644754625,0.5998613467131937,0.00023108881134381587,0.9997689111886562,0.4364097129462172,0.3135535122768389,0.0,0.0,0.0,0.0,11014.66329697648,-0.005933010763208402,calm_risk_on,35,False
2021-02-05 00:00:00+00:00,0.009471030939940861,0.009471030939940861,0.3999075644754625,0.5998613467131937,0.00023108881134381587,0.9997689111886562,0.45929891054298116,0.0,0.0,0.0,0.0,0.0,11118.983513855173,0.0,calm_risk_on,36,False
2021-02-06 00:00:00+00:00,0.0027319320090219827,0.0027319320090219827,0.3999075644754625,0.5998613467131937,0.00023108881134381587,0.9997689111886562,0.46702287300656686,0.0,0.0,0.0,0.0,0.0,11149.359820824462,0.0,calm_risk_on,37,False
2021-02-07 00:00:00+00:00,-0.0019954136354633153,-0.0019954136354633153,0.3999075644754625,0.5998613467131937,0.00023108881134381587,0.9997689111886562,0.46396359597065084,0.0,0.0,0.0,0.0,0.0,11127.112236211304,-0.0019954136354631835,calm_risk_on,38,False
2021-02-08 00:00:00+00:00,0.004801974568237378,0.004801974568237378,0.3999075644754625,0.5998613467131937,0.00023108881134381587,0.9997689111886562,0.49771003090127186,0.0,0.0,0.0,0.0,0.0,11180.544346187511,0.0,calm_risk_on,39,False
2021-02-09 00:00:00+00:00,0.011311088002971368,0.011311088002971368,0.3999075644754625,0.5998613467131937,0.00023108881134381587,0.9997689111886562,0.5304046029593376,0.040683233090196246,0.0,0.0,0.0,0.0,11307.008467208361,0.0,calm_risk_on,40,False
2021-02-10 00:00:00+00:00,0.01900108561723466,0.01900108561723466,0.3999075644754625,0.5998613467131937,0.00023108881134381587,0.9997689111886562,0.516584559895862,0.0,0.0,0.0,0.0,0.0,11521.853903168583,0.0,calm_risk_on,41,False
2021-02-11 00:00:00+00:00,0.00207968238676484,0.00207968238676484,0.3999075644754625,0.5998613467131937,0.00023108881134381587,0.9997689111886562,0.4110942449275541,0.29209015036567,0.0,0.0,0.0,0.0,11545.815699793882,0.0,calm_risk_on,42,False
2021-02-12 00:00:00+00:00,0.002203885723511502,0.002203885723511502,0.3999075644754625,0.5998613467131937,0.00023108881134381587,0.9997689111886562,0.4335094653510917,0.0,0.0,0.0,0.0,0.0,11571.261358180953,0.0,calm_risk_on,43,False
2021-02-13 00:00:00+00:00,0.002117038224485545,0.002117038224485545,0.3999075644754625,0.5998613467131937,0.00023108881134381587,0.9997689111886562,0.45024754510376014,0.040890605927648364,0.0,0.0,0.0,0.0,11595.758160781736,0.0,calm_risk_on,44,False
2021-02-14 00:00:00+00:00,-0.002757022751439195,-0.002757022751439195,0.3999075644754625,0.5998613467131937,0.00023108881134381587,0.9997689111886562,0.41581043956540176,0.0,0.0,0.0,0.0,0.0,11563.788391712273,-0.0027570227514392975,calm_risk_on,45,False
2021-02-15 00:00:00+00:00,-0.003975546490992216,-0.003975546490992216,0.3999075644754625,0.5998613467131937,0.00023108881134381587,0.9997689111886562,0.3984673134066096,0.0,0.0,0.0,0.0,0.0,11517.816013349026,-0.006721608570306348,calm_risk_on,46,False
2021-02-16 00:00:00+00:00,0.0006820450937254307,0.0006820450937254307,0.3999075644754625,0.5998613467131937,0.00023108881134381587,0.9997689111886562,0.3974917891472605,0.0,0.0,0.0,0.0,0.0,11525.671683251361,-0.00604414791672836,calm_risk_on,47,False
2021-02-17 00:00:00+00:00,0.008999352091223442,0.008999352091223442,0.3999075644754625,0.5998613467131937,0.00023108881134381587,0.9997689111886562,0.40706033674413533,0.0,0.0,0.0,0.0,0.0,11629.395260816786,0.0,calm_risk_on,48,False
2021-02-18 00:00:00+00:00,-0.0011359951030101166,-0.0011359951030101166,0.3999075644754625,0.5998613467131937,0.00023108881134381587,0.9997689111886562,0.3701940726279383,0.10002008981247934,0.0,0.0,0.0,0.0,11616.18432474953,-0.0011359951030098792,calm_risk_on,49,False
2021-02-19 00:00:00+00:00,0.02014883218322127,0.02014883218322127,0.3999075644754625,0.5998613467131937,0.00023108881134381587,0.9997689111886562,0.3964831202753615,0.0,0.0,0.0,0.0,0.0,11850.236873318274,0.0,calm_risk_on,50,False
2021-02-20 00:00:00+00:00,-0.015576521811364312,-0.015576521811364312,0.3999075644754625,0.5998613467131937,0.00023108881134381587,0.9997689111886562,0.39564169925899234,0.0,0.0,0.0,0.0,0.0,11665.6514001912,-0.015576521811364152,calm_risk_on,51,False
2021-02-21 00:00:00+00:00,0.0076761113633447755,0.0076761113633447755,0.3999075644754625,0.5998613467131937,0.00023108881134381587,0.9997689111886562,0.3977209179209582,0.0,0.0,0.0,0.0,0.0,11755.198239465026,-0.008019977564097003,calm_risk_on,52,False
2021-02-22 00:00:00+00:00,-0.00047500525329524125,-0.00047500525329524125,0.3999075644754625,0.5998613467131937,0.00023108881134381587,0.9997689111886562,0.3732359063681341,0.0,0.0,0.0,0.0,0.0,11749.614458547752,-0.008491173285918086,calm_risk_on,53,False
2021-02-23 00:00:00+00:00,-0.0032220346152777983,-0.0032220346152777983,0.3999075644754625,0.5998613467131937,0.00023108881134381587,0.9997689111886562,0.3172894222445108,0.0,0.0,0.0,0.0,0.0,11711.756794046141,-0.011685849046944474,calm_risk_on,54,False
2021-02-24 00:00:00+00:00,-0.0019853529529051334,-0.0019853529529051334,0.3999075644754625,0.5998613467131937,0.00023108881134381587,0.9997689111886562,0.33069264521579983,0.0,0.0,0.0,0.0,0.0,11688.504823111376,-0.013648001464936943,calm_risk_on,55,False
2021-02-25 00:00:00+00:00,-0.006111664526496615,-0.006111664526496615,0.3999075644754625,0.5998613467131937,0.00023108881134381587,0.9997689111886562,0.3324924346918364,0.4311080091504781,0.0,0.0,0.0,0.0,11617.068602816184,-0.019676253985022596,calm_risk_on,56,False
2021-02-26 00:00:00+00:00,0.0009192851881609885,0.0010784166677191565,0.4521336113461491,0.6782004170192236,-0.13033402836537267,1.1303340283653727,0.3635975471925624,0.0,0.261130234353433,0.0001305651171767165,0.0,2.8566362381451544e-05,11627.748001912601,-0.018775056885708574,calm_risk_on,57,False
2021-02-27 00:00:00+00:00,-0.0004674834017592241,-0.00043891703937777257,0.4521336113461491,0.6782004170192236,-0.13033402836537267,1.1303340283653727,0.38226388958040186,0.0,0.0,0.0,0.0,2.8566362381451544e-05,11622.312222721868,-0.019233763260006698,calm_risk_on,58,False
2021-02-28 00:00:00+00:00,0.002509765840375494,0.0025383322027569457,0.4521336113461491,0.6782004170192236,-0.13033402836537267,1.1303340283653727,0.35935112657188506,0.0,0.0,0.0,0.0,2.8566362381451544e-05,11651.481504924635,-0.016772269661642913,calm_risk_on,59,False
2021-03-01 00:00:00+00:00,-0.0011940638967989155,-0.001165497534417464,0.4521336113461491,0.6782004170192236,-0.13033402836537267,1.1303340283653727,0.3854795732017804,0.0,0.0,0.0,0.0,2.8566362381451544e-05,11637.568891515384,-0.017946306396771528,calm_risk_on,60,False
2021-03-02 00:00:00+00:00,-0.0003037643004096886,-0.00027519793802823704,0.4521336113461491,0.6782004170192236,-0.13033402836537267,1.1303340283653727,0.38658459009211565,0.0,0.0,0.0,0.0,2.8566362381451544e-05,11634.033813542583,-0.01824461924997378,calm_risk_on,61,False
2021-03-03 00:00:00+00:00,0.0043573054536211655,0.004385871816002617,0.4521336113461491,0.6782004170192236,-0.13033402836537267,1.1303340283653727,0.39572585206808,0.0,0.0,0.0,0.0,2.8566362381451544e-05,11684.726852525946,-0.013966811175309624,calm_risk_on,62,False
2021-03-04 00:00:00+00:00,0.010689835537231778,0.01071840189961323,0.4521336113461491,0.6782004170192236,-0.13033402836537267,1.1303340283653727,0.4371732324512978,0.18594489366599629,0.0,0.0,0.0,2.8566362381451544e-05,11809.634660876924,-0.0034262785525215333,calm_risk_on,63,False
2021-03-05 00:00:00+00:00,-0.003760370920880306,-0.0037318045584988544,0.4521336113461491,0.6782004170192236,-0.13033402836537267,1.1303340283653727,0.4249000781436648,0.0,0.0,0.0,0.0,2.8566362381451544e-05,11765.226054111941,-0.007173765395166121,calm_risk_on,64,False
2021-03-06 00:00:00+00:00,0.004162488864710948,0.0041910552270923995,0.4521336113461491,0.6782004170192236,-0.13033402836537267,1.1303340283653727,0.4293144496279472,0.0,0.0,0.0,0.0,2.8566362381451544e-05,11814.19867655299,-0.0030411372490306565,calm_risk_on,65,False
2021-03-07 00:00:00+00:00,-0.0010779589236394901,-0.0010493925612580386,0.4521336113461491,0.6782004170192236,-0.13033402836537267,1.1303340283653727,0.44230839367657143,0.0,0.0,0.0,0.0,2.8566362381451544e-05,11801.46345566395,-0.004115817951634404,calm_risk_on,66,True
2021-03-08 00:00:00+00:00,0.008475919171574945,0.008504485533956397,0.4521336113461491,0.6782004170192236,-0.13033402836537267,1.1303340283653727,0.4497177449326134,0.0,0.0,0.0,0.0,2.8566362381451544e-05,11901.491706020453,0.0,speculative_risk_on,1,True
2021-03-09 00:00:00+00:00,-0.014633583548837308,-0.014605017186455856,0.4521336113461491,0.6782004170192236,-0.13033402836537267,1.1303340283653727,0.4760661351669443,0.0,0.0,0.0,0.0,2.8566362381451544e-05,11727.33023278461,-0.014633583548837148,speculative_risk_on,2,True
2021-03-10 00:00:00+00:00,4.050881724442907e-05,6.907517962588062e-05,0.4521336113461491,0.6782004170192236,-0.13033402836537267,1.1303340283653727,0.4736469531740014,0.0,0.0,0.0,0.0,2.8566362381451544e-05,11727.805293061774,-0.014593667520754416,calm_risk_on,1,True
2021-03-11 00:00:00+00:00,-0.0011999009905103867,-0.0011713346281289352,0.4521336113461491,0.6782004170192236,-0.13033402836537267,1.1303340283653727,0.46668796233926135,0.20933603295797348,0.0,0.0,0.0,2.8566362381451544e-05,11713.733087874116,-0.015776057555151546,calm_risk_on,2,True
2021-03-12 00:00:00+00:00,0.006884697965379844,0.006913264327761296,0.4521336113461491,0.6782004170192236,-0.13033402836537267,1.1303340283653727,0.4498657639863058,0.0,0.0,0.0,0.0,2.8566362381451544e-05,11794.378602231205,-0.008999972981123427,calm_risk_on,3,False
2021-03-13 00:00:00+00:00,0.0002752169549899559,0.00030378331737140744,0.4521336113461491,0.6782004170192236,-0.13033402836537267,1.1303340283653727,0.4676597438676957,0.0,0.0,0.0,0.0,2.8566362381451544e-05,11797.624615196111,-0.008727232971292187,calm_risk_on,4,False
2021-03-14 00:00:00+00:00,0.0012456799077283963,0.0012742462701098478,0.4521336113461491,0.6782004170192236,-0.13033402836537267,1.1303340283653727,0.4602769820696439,0.0,0.0,0.0,0.0,2.8566362381451544e-05,11812.320679138184,-0.007492424402326114,calm_risk_on,5,False
2021-03-15 00:00:00+00:00,0.001290547129187955,0.0013191134915694065,0.4521336113461491,0.6782004170192236,-0.13033402836537267,1.1303340283653727,0.4425192689775176,0.0,0.0,0.0,0.0,2.8566362381451544e-05,11827.565035679692,-0.0062115465999412756,calm_risk_on,6,False
2021-03-16 00:00:00+00:00,-0.008105500734774177,-0.008076934372392725,0.4521336113461491,0.6782004170192236,-0.13033402836537267,1.1303340283653727,0.45384057190506444,0.0,0.0,0.0,0.0,2.8566362381451544e-05,11731.6966985924,-0.01426669963918581,calm_risk_on,7,False
2021-03-17 00:00:00+00:00,-0.002712455432827977,-0.0026838890704465254,0.4521336113461491,0.6782004170192236,-0.13033402836537267,1.1303340283653727,0.47479368383445575,0.0,0.0,0.0,0.0,2.8566362381451544e-05,11699.874994146014,-0.016940457285068766,calm_risk_on,8,False
2021-03-18 00:00:00+00:00,0.00610531707873644,0.006133883441117892,0.4521336113461491,0.6782004170192236,-0.13033402836537267,1.1303340283653727,0.5164389941202314,0.11165397018593798,0.0,0.0,0.0,2.8566362381451544e-05,11771.306440766853,-0.01093856706951657,calm_risk_on,9,False
2021-03-19 00:00:00+00:00,0.001923550542630109,0.0019521169050115605,0.4521336113461491,0.6782004170192236,-0.13033402836537267,1.1303340283653727,0.5187490049946326,0.0,0.0,0.0,0.0,2.8566362381451544e-05,11793.949143658456,-0.009036057413508658,calm_risk_on,10,False
2021-03-20 00:00:00+00:00,0.016328256669989896,0.016356823032371348,0.4521336113461491,0.6782004170192236,-0.13033402836537267,1.1303340283653727,0.52301658983765,0.0,0.0,0.0,0.0,2.8566362381451544e-05,11986.523772428916,0.0,calm_risk_on,11,False
2021-03-21 00:00:00+00:00,0.0034525987707430725,0.003481165133124524,0.4521336113461491,0.6782004170192236,-0.13033402836537267,1.1303340283653727,0.5147501492213219,0.0,0.0,0.0,0.0,2.8566362381451544e-05,12027.908429671086,0.0,calm_risk_on,12,False
2021-03-22 00:00:00+00:00,0.002450806450425747,0.0024793728128071984,0.4521336113461491,0.6782004170192236,-0.13033402836537267,1.1303340283653727,0.502188023455176,0.0,0.0,0.0,0.0,2.8566362381451544e-05,12057.386505235654,0.0,calm_risk_on,13,False
2021-03-23 00:00:00+00:00,-0.0009423583733081861,-0.0009137920109267346,0.4521336113461491,0.6782004170192236,-0.13033402836537267,1.1303340283653727,0.4958972694400306,0.0,0.0,0.0,0.0,2.8566362381451544e-05,12046.024126102233,-0.0009423583733081387,calm_risk_on,14,False
2021-03-24 00:00:00+00:00,-0.007413175242610325,-0.007384608880228873,0.4521336113461491,0.6782004170192236,-0.13033402836537267,1.1303340283653727,0.4770195192804074,0.0,0.0,0.0,0.0,2.8566362381451544e-05,11956.724838278726,-0.008348547748155744,calm_risk_on,15,False
2021-03-25 00:00:00+00:00,-0.00015101928790926014,-0.00012245292552780858,0.4521336113461491,0.6782004170192236,-0.13033402836537267,1.1303340283653727,0.49175399449838797,0.24350002547311897,0.0,0.0,0.0,2.8566362381451544e-05,11954.91914220792,-0.008498306244329124,calm_risk_on,16,False
2021-03-26 00:00:00+00:00,0.0011051954159483277,0.0012796559081309,0.5,0.75,-0.25,1.25,0.5856698638276546,0.0,0.2393319432692546,0.00011966597163462732,0.0,5.479452054794521e-05,11968.13166404192,-0.0074025031174853595,calm_risk_on,17,False
2021-03-27 00:00:00+00:00,0.001809724509035655,0.0018645190295836001,0.5,0.75,-0.25,1.25,0.5894449699889881,0.0,0.0,0.0,0.0,5.479452054794521e-05,11989.790685241704,-0.0056061750997696835,calm_risk_on,18,False
2021-03-28 00:00:00+00:00,-0.0007905935793583702,-0.000735799058810425,0.5,0.75,-0.25,1.25,0.5912403150216792,0.0,0.0,0.0,0.0,5.479452054794521e-05,11980.311633708101,-0.006392336473089344,calm_risk_on,19,False
2021-03-29 00:00:00+00:00,0.0018444348216202046,0.0018992293421681498,0.5,0.75,-0.25,1.25,0.6085086366621388,0.0,0.0,0.0,0.0,5.479452054794521e-05,12002.408537659172,-0.004559691899451823,calm_risk_on,20,True
2021-03-30 00:00:00+00:00,-0.00427184178802822,-0.004217047267480275,0.5,0.75,-0.25,1.25,0.6222504963608531,0.0,0.0,0.0,0.0,5.479452054794521e-05,11951.136147311014,-0.008812055405083341,calm_risk_on,21,True
2021-03-31 00:00:00+00:00,0.024320896750950904,0.02437569127149885,0.5,0.75,-0.25,1.25,0.6474819080456706,0.0,0.0,0.0,0.0,5.479452054794521e-05,12241.798495606325,0.0,calm_risk_on,22,True
2021-04-01 00:00:00+00:00,-0.00957145598270132,-0.009516661462153374,0.5,0.75,-0.25,1.25,0.5242865766102421,0.21204341347335096,0.0,0.0,0.0,5.479452054794521e-05,12124.626660156528,-0.009571455982701482,calm_risk_on,23,False
2021-04-02 00:00:00+00:00,6.947157234932978e-05,0.000124266092897275,0.5,0.75,-0.25,1.25,0.5328845728146372,0.05009442259233405,0.0,0.0,0.0,5.479452054794521e-05,12125.468977034758,-0.009502649354448889,calm_risk_on,24,False
2021-04-03 00:00:00+00:00,0.007393322420588755,0.0074481169411367,0.5,0.75,-0.25,1.25,0.49039532271270303,0.0,0.0,0.0,0.0,5.479452054794521e-05,12215.11647868282,-0.002179583084387593,calm_risk_on,25,False
2021-04-04 00:00:00+00:00,0.001029864791652605,0.00108465931220055,0.5,0.75,-0.25,1.25,0.5047916307121368,0.0,0.0,0.0,0.0,5.479452054794521e-05,12227.69639707015,-0.0011519629686140842,calm_risk_on,26,False
2021-04-05 00:00:00+00:00,0.004679643084502979,0.0047344376050509245,0.5,0.75,-0.25,1.25,0.5272446447812869,0.0,0.0,0.0,0.0,5.479452054794521e-05,12284.917651954103,0.0,calm_risk_on,27,False
2021-04-06 00:00:00+00:00,0.0029370252902304046,0.00299181981077835,0.5,0.75,-0.25,1.25,0.5474626591144224,0.0,0.0,0.0,0.0,5.479452054794521e-05,12320.998765786291,0.0,calm_risk_on,28,False
2021-04-07 00:00:00+00:00,-0.0019236071784324456,-0.0018688126578845004,0.5,0.75,-0.25,1.25,0.5235463302881587,0.0,0.0,0.0,0.0,5.479452054794521e-05,12297.298004114968,-0.0019236071784324293,calm_risk_on,29,False
2021-04-08 00:00:00+00:00,0.0019482540546819545,0.0020030485752298996,0.5,0.75,-0.25,1.25,0.43961872883667474,0.17354171278921643,0.0,0.0,0.0,5.479452054794521e-05,12321.256264813117,0.0,calm_risk_on,30,False
2021-04-09 00:00:00+00:00,-0.004569474685732871,-0.004514680165184926,0.5,0.75,-0.25,1.25,0.44410444044737024,0.0,0.0,0.0,0.0,5.479452054794521e-05,12264.954596214626,-0.004569474685732877,calm_risk_on,31,False
2021-04-10 00:00:00+00:00,0.018020694989274905,0.01807548950982285,0.5,0.75,-0.25,1.25,0.4700680084722647,0.0,0.0,0.0,0.0,5.479452054794521e-05,12485.977602050316,0.0,calm_risk_on,32,False
2021-04-11 00:00:00+00:00,-0.0031777329007202457,-0.0031229383801723003,0.5,0.75,-0.25,1.25,0.4371727685594743,0.051565938873118,0.0,0.0,0.0,5.479452054794521e-05,12446.300500226624,-0.0031777329007203203,calm_risk_on,33,False
2021-04-12 00:00:00+00:00,-0.0045656194237883455,-0.0045108249032404,0.5,0.75,-0.25,1.25,0.45192073961619045,0.0,0.0,0.0,0.0,5.479452054794521e-05,12389.475428908483,-0.0077288440054534835,calm_risk_on,34,False
2021-04-13 00:00:00+00:00,0.024600470212249707,0.024655264732797652,0.5,0.75,-0.25,1.25,0.4820932417004241,0.0,0.0,0.0,0.0,5.479452054794521e-05,12694.262350142746,0.0,calm_risk_on,35,False
2021-04-14 00:00:00+00:00,0.01159622067648703,0.011651015197034976,0.5,0.75,-0.25,1.25,0.5094445744985213,0.0,0.0,0.0,0.0,5.479452054794521e-05,12841.467817680223,0.0,calm_risk_on,36,False
2021-04-15 00:00:00+00:00,0.001280993236993755,0.0013357877575417001,0.5,0.75,-0.25,1.25,0.5544376328070311,0.22098428860259797,0.0,0.0,0.0,5.479452054794521e-05,12857.917651107744,0.0,calm_risk_on,37,False
2021-04-16 00:00:00+00:00,0.00182155873950058,0.0018763532600485251,0.5,0.75,-0.25,1.25,0.5328123358323209,0.0514786944168845,0.0,0.0,0.0,5.479452054794521e-05,12881.339103376897,0.0,calm_risk_on,38,False
2021-04-17 00:00:00+00:00,-0.005728318817575894,-0.005673524297027948,0.5,0.75,-0.25,1.25,0.5157687577650435,0.0,0.0,0.0,0.0,5.479452054794521e-05,12807.550686195447,-0.00572831881757585,calm_risk_on,39,True
2021-04-18 00:00:00+00:00,0.007684285340942529,0.007739079861490475,0.5,0.75,-0.25,1.25,0.47183155492247963,0.0,0.0,0.0,0.0,5.479452054794521e-05,12905.967560186757,0.0,calm_risk_on,40,True
2021-04-19 00:00:00+00:00,0.012937555953095856,0.012992350473643801,0.5,0.75,-0.25,1.25,0.4778471542184177,0.0,0.0,0.0,0.0,5.479452054794521e-05,13072.939237625511,0.0,speculative_risk_on,1,False
2021-04-20 00:00:00+00:00,-0.01454936169696052,-0.014494567176412575,0.5,0.75,-0.25,1.25,0.47485057454114243,0.0,0.0,0.0,0.0,5.479452054794521e-05,12882.73631621491,-0.014549361696960528,speculative_risk_on,2,False
2021-04-21 00:00:00+00:00,0.0053056961089375295,0.005360490629485475,0.5,0.75,-0.25,1.25,0.47559652155732446,0.0,0.0,0.0,0.0,5.479452054794521e-05,12951.08820016032,-0.009320860079766069,speculative_risk_on,3,False
2021-04-22 00:00:00+00:00,0.011926433645305129,0.011981228165853074,0.5,0.75,-0.25,1.25,0.484868478698707,0.3168878377402807,0.0,0.0,0.0,5.479452054794521e-05,13105.548494214028,0.0,speculative_risk_on,4,False
2021-04-23 00:00:00+00:00,-0.00117897093436927,-0.0011241764138213248,0.5,0.75,-0.25,1.25,0.45143341685936,0.0,0.0,0.0,0.0,5.479452054794521e-05,13090.097433460383,-0.00117897093436925,speculative_risk_on,5,False
2021-04-24 00:00:00+00:00,-0.0030796322117443457,-0.0030248376911964003,0.5,0.75,-0.25,1.25,0.44153756979532766,0.0,0.0,0.0,0.0,5.479452054794521e-05,13049.784747749427,-0.004254972349247432,speculative_risk_on,6,False
2021-04-25 00:00:00+00:00,0.005518369515566529,0.0055731640361144745,0.5,0.75,-0.25,1.25,0.43698841880836015,0.0,0.0,0.0,0.0,5.479452054794521e-05,13121.798282086113,0.0,speculative_risk_on,7,False
2021-04-26 00:00:00+00:00,0.0024687089355696044,0.00252350345611755,0.5,0.75,-0.25,1.25,0.4826686543198759,0.0,0.0,0.0,0.0,5.479452054794521e-05,13154.19218275584,0.0,speculative_risk_on,8,False
2021-04-27 00:00:00+00:00,-0.0022969158967234204,-0.002242121376175475,0.5,0.75,-0.25,1.25,0.5058673199670034,0.0,0.0,0.0,0.0,5.479452054794521e-05,13123.97810962271,-0.0022969158967236503,speculative_risk_on,9,False
2021-04-28 00:00:00+00:00,0.0017476752141752049,0.00180246973472315,0.5,0.75,-0.25,1.25,0.5088938945210071,0.0,0.0,0.0,0.0,5.479452054794521e-05,13146.914560876277,-0.0005532549455300462,speculative_risk_on,10,False
2021-04-29 00:00:00+00:00,0.00047433617532002966,0.0005291306958679748,0.5,0.75,-0.25,1.25,0.5050355721077721,0.183922979601297,0.0,0.0,0.0,5.479452054794521e-05,13153.150618046344,-7.91811990448199e-05,speculative_risk_on,11,False
2021-04-30 00:00:00+00:00,-0.00969695697918462,-0.009642162458636675,0.5,0.75,-0.25,1.25,0.5324622374817048,0.0,0.0,0.0,0.0,5.479452054794521e-05,13025.605082362412,-0.00977537036154874,speculative_risk_on,12,False
2021-05-01 00:00:00+00:00,0.010112494885390753,0.010167289405938699,0.5,0.75,-0.25,1.25,0.5481314697238223,0.0,0.0,0.0,0.0,5.479452054794521e-05,13157.326447136924,0.0,speculative_risk_on,13,False
2021-05-02 00:00:00+00:00,0.001979840233926654,0.0020346347544745996,0.5,0.75,-0.25,1.25,0.5396499713194001,0.0,0.0,0.0,0.0,5.479452054794521e-05,13183.375851407873,0.0,speculative_risk_on,14,True
2021-05-03 00:00:00+00:00,0.014929840548294004,0.014984635068841949,0.5,0.75,-0.25,1.25,0.5631901471570928,0.0,0.0,0.0,0.0,5.479452054794521e-05,13380.201550757622,0.0,speculative_risk_on,15,False
2021-05-04 00:00:00+00:00,0.00610415848675093,0.006158953007298875,0.5,0.75,-0.25,1.25,0.5382262223644807,0.0,0.0,0.0,0.0,5.479452054794521e-05,13461.876421608116,0.0,speculative_risk_on,16,False
2021-05-05 00:00:00+00:00,-0.02638418396750757,-0.026329389446959624,0.5,0.75,-0.25,1.25,0.576710884210895,0.05031680028887565,0.0,0.0,0.0,5.479452054794521e-05,13106.695797552557,-0.026384183967507524,speculative_risk_on,17,False
2021-05-06 00:00:00+00:00,0.006865293509238304,0.0069200880297862494,0.5,0.75,-0.25,1.25,0.5083721624974638,0.1741735765366233,0.0,0.0,0.0,5.479452054794521e-05,13196.677111139057,-0.019700025625207673,speculative_risk_on,18,False
2021-05-07 00:00:00+00:00,0.006024854259455854,0.006079648780003799,0.5,0.75,-0.25,1.25,0.5114350746793885,0.0,0.0,0.0,0.0,5.479452054794521e-05,13276.185167442767,-0.013793861149051234,speculative_risk_on,19,False
2021-05-08 00:00:00+00:00,0.006766206191963454,0.0068210007125113995,0.5,0.75,-0.25,1.25,0.514067855544553,0.0,0.0,0.0,0.0,5.479452054794521e-05,13366.014573728373,-0.007120987065805551,speculative_risk_on,20,False
2021-05-09 00:00:00+00:00,0.006228066452031179,0.006282860972579124,0.5,0.75,-0.25,1.25,0.5168304131555228,0.0,0.0,0.0,0.0,5.479452054794521e-05,13449.259000692371,-0.0009372705944241666,speculative_risk_on,21,False
2021-05-10 00:00:00+00:00,0.0034638871359178296,0.003518681656465775,0.5,0.75,-0.25,1.25,0.509602227405745,0.0,0.0,0.0,0.0,5.479452054794521e-05,13495.845715932495,0.0,speculative_risk_on,22,False
2021-05-11 00:00:00+00:00,0.01147796481520823,0.011532759335756175,0.5,0.75,-0.25,1.25,0.5123068426197362,0.0,0.0,0.0,0.0,5.479452054794521e-05,13650.750558211446,0.0,speculative_risk_on,23,False
2021-05-12 00:00:00+00:00,-0.006084091337580371,-0.006029296817032425,0.5,0.75,-0.25,1.25,0.44954907324236804,0.05069693417441835,0.0,0.0,0.0,5.479452054794521e-05,13567.698144988763,-0.006084091337580255,speculative_risk_on,24,False
2021-05-13 00:00:00+00:00,0.0020482489651611293,0.0021030434857090747,0.5,0.75,-0.25,1.25,0.5134460208752006,0.1874013199990498,0.0,0.0,0.0,5.479452054794521e-05,13595.488168673855,-0.004048304106205269,speculative_risk_on,25,False
2021-05-14 00:00:00+00:00,0.00870873384692273,0.008763528367470675,0.5,0.75,-0.25,1.25,0.5283925729127742,0.0,0.0,0.0,0.0,5.479452054794521e-05,13713.887656653822,0.0,speculative_risk_on,26,False
2021-05-15 00:00:00+00:00,0.0030141507805476046,0.00306894530109555,0.5,0.75,-0.25,1.25,0.5060856078115592,0.0,0.0,0.0,0.0,5.479452054794521e-05,13755.223381838468,0.0,speculative_risk_on,27,False
2021-05-16 00:00:00+00:00,0.0022541652424364544,0.0023089597629844,0.5,0.75,-0.25,1.25,0.5011079162061475,0.0,0.0,0.0,0.0,5.479452054794521e-05,13786.229928287756,0.0,speculative_risk_on,28,False
2021-05-17 00:00:00+00:00,-0.0019280794075745952,-0.00187328488702665,0.5,0.75,-0.25,1.25,0.462992700630548,0.0,0.0,0.0,0.0,5.479452054794521e-05,13759.648982254937,-0.0019280794075744456,speculative_risk_on,29,False
2021-05-18 00:00:00+00:00,0.008911530681848528,0.008966325202396474,0.5,0.75,-0.25,1.25,0.47066751407056456,0.0,0.0,0.0,0.0,5.479452054794521e-05,13882.268516331767,0.0,speculative_risk_on,30,False
2021-05-19 00:00:00+00:00,-0.014709840966076342,-0.014655046445528397,0.5,0.75,-0.25,1.25,0.35756839816864044,0.0,0.0,0.0,0.0,5.479452054794521e-05,13678.06255420816,-0.014709840966076304,speculative_risk_on,31,False
2021-05-20 00:00:00+00:00,-0.001379321237518595,-0.0013245267169706499,0.5,0.75,-0.25,1.25,0.6218643661618508,0.44909483020306407,0.0,0.0,0.0,5.479452054794521e-05,13659.196112039032,-0.016068872607549856,speculative_risk_on,32,True
2021-05-21 00:00:00+00:00,3.7995704148979635e-05,9.279022469692484e-05,0.5,0.75,-0.25,1.25,0.5679339388563702,0.0,0.0,0.0,0.0,5.479452054794521e-05,13659.715102813418,-0.01603148745153049,speculative_risk_on,33,True
2021-05-22 00:00:00+00:00,0.0036926475438848545,0.0037474420644328,0.5,0.75,-0.25,1.25,0.5185618558423707,0.0,0.0,0.0,0.0,5.479452054794521e-05,13710.155616237987,-0.01239803854040844,speculative_risk_on,34,True
2021-05-23 00:00:00+00:00,0.006464020308250344,0.006518814828798289,0.5,0.75,-0.25,1.25,0.4512720639435066,0.0,0.0,0.0,0.0,5.479452054794521e-05,13798.778340570623,-0.006014159405065667,speculative_risk_on,35,True
2021-05-24 00:00:00+00:00,0.0011269632789937545,0.0011817577995416996,0.5,0.75,-0.25,1.25,0.531869670935291,0.0,0.0,0.0,0.0,5.479452054794521e-05,13814.329057055422,-0.004893973862875378,speculative_risk_on,36,True
2021-05-25 00:00:00+00:00,0.00684115485586738,0.006895949376415325,0.5,0.75,-0.25,1.25,0.5488841416267121,0.0,0.0,0.0,0.0,5.479452054794521e-05,13908.835021364644,0.0,speculative_risk_on,37,True
2021-05-26 00:00:00+00:00,0.0034713408424966795,0.003526135363044625,0.5,0.75,-0.25,1.25,0.5936865685470072,0.0,0.0,0.0,0.0,5.479452054794521e-05,13957.117328445856,0.0,speculative_risk_on,38,True
2021-05-27 00:00:00+00:00,-0.008214557016927446,-0.008159762496379501,0.5,0.75,-0.25,1.25,0.4922805401357407,0.17321126159851874,0.0,0.0,0.0,5.479452054794521e-05,13842.465792359393,-0.008214557016927304,speculative_risk_on,39,True
2021-05-28 00:00:00+00:00,-0.0022999284604956205,-0.002245133939947675,0.5,0.75,-0.25,1.25,0.4500469272081453,0.0,0.0,0.0,0.0,5.479452054794521e-05,13810.629111320108,-0.010495592583949498,speculative_risk_on,40,True
2021-05-29 00:00:00+00:00,-0.00041098706508554505,-0.0003561925445375999,0.5,0.75,-0.25,1.25,0.42883207614428387,0.0,0.0,0.0,0.0,5.479452054794521e-05,13804.953121394661,-0.010902266096242563,speculative_risk_on,41,True
2021-05-30 00:00:00+00:00,0.0037109900819230794,0.0037657846024710248,0.5,0.75,-0.25,1.25,0.4359251608403118,0.0,0.0,0.0,0.0,5.479452054794521e-05,13856.183165509568,-0.007231734215673247,rotation,1,True
2021-05-31 00:00:00+00:00,0.00650004734694918,0.006554841867497125,0.5,0.75,-0.25,1.25,0.4636428505770517,0.0,0.0,0.0,0.0,5.479452054794521e-05,13946.249012133381,-0.0007786934835264381,rotation,2,True
2021-06-01 00:00:00+00:00,-0.001000967481422695,-0.0009461729608747499,0.5,0.75,-0.25,1.25,0.4674018099860167,0.0,0.0,0.0,0.0,5.479452054794521e-05,13932.289270384412,-0.001778881518094244,rotation,3,True
2021-06-02 00:00:00+00:00,-0.006480463201497171,-0.006425668680949226,0.5,0.75,-0.25,1.25,0.4881075812796529,0.0,0.0,0.0,0.0,5.479452054794521e-05,13842.001582455072,-0.008247816743373493,rotation,4,True
2021-06-03 00:00:00+00:00,-0.002208725200608721,-0.0021539306800607756,0.5,0.75,-0.25,1.25,0.5153073012564835,0.09027322369446728,0.0,0.0,0.0,5.479452054794521e-05,13811.428404733037,-0.010438324783291208,rotation,5,True
2021-06-04 00:00:00+00:00,-0.00129338952376402,-0.0012385950032160749,0.5,0.75,-0.25,1.25,0.48448672848074953,0.0,0.0,0.0,0.0,5.479452054794521e-05,13793.564847926138,-0.011718213487134865,rotation,6,False
2021-06-05 00:00:00+00:00,-0.005603861970332371,-0.005549067449784425,0.5,0.75,-0.25,1.25,0.47994761225425586,0.0,0.0,0.0,0.0,5.479452054794521e-05,13716.267614439532,-0.017256408206546392,rotation,7,True
2021-06-06 00:00:00+00:00,6.670162756952991e-05,0.00012149614811747512,0.5,0.75,-0.25,1.25,0.48189685865016724,0.0,0.0,0.0,0.0,5.479452054794521e-05,13717.182511813595,-0.01719085760949024,rotation,8,False
2021-06-07 00:00:00+00:00,0.003841019899700655,0.0038958144202486003,0.5,0.75,-0.25,1.25,0.4624546238975706,0.0,0.0,0.0,0.0,5.479452054794521e-05,13769.8704828093,-0.013415868135960296,rotation,9,False
2021-06-08 00:00:00+00:00,-0.0037169227579964704,-0.003662128237448525,0.5,0.75,-0.25,1.25,0.43770973526333745,0.0,0.0,0.0,0.0,5.479452054794521e-05,13718.68893783708,-0.01708292514836418,rotation,10,False
2021-06-09 00:00:00+00:00,0.00380723973002318,0.0038620342505711253,0.5,0.75,-0.25,1.25,0.4545876698700825,0.0,0.0,0.0,0.0,5.479452054794521e-05,13770.919275405045,-0.013340724209670585,rotation,11,False
2021-06-10 00:00:00+00:00,-0.0014217675270547952,-0.00136697300650685,0.5,0.75,-0.25,1.25,0.4397287570336603,0.28667027731099864,0.0,0.0,0.0,5.479452054794521e-05,13751.340229561582,-0.014743524328256763,rotation,12,False
2021-06-11 00:00:00+00:00,-0.005005284938979895,-0.00495049041843195,0.5,0.75,-0.25,1.25,0.42719776504568563,0.0,0.0,0.0,0.0,5.479452054794521e-05,13682.51085341977,-0.019675013726968782,rotation,13,False
2021-06-12 00:00:00+00:00,-2.054372380506998e-05,3.425079674287523e-05,0.5,0.75,-0.25,1.25,0.4153899319502313,0.0,0.0,0.0,0.0,5.479452054794521e-05,13682.229763695837,-0.019695153252725972,deleveraging,1,False
2021-06-13 00:00:00+00:00,0.002866356757422955,0.0029211512779709005,0.5,0.75,-0.25,1.25,0.43187018760752705,0.0,0.0,0.0,0.0,5.479452054794521e-05,13721.447915435621,-0.016885249830917437,deleveraging,2,False
2021-06-14 00:00:00+00:00,0.004182460797444855,0.0042372553179928,0.5,0.75,-0.25,1.25,0.4555076208141776,0.0,0.0,0.0,0.0,5.479452054794521e-05,13778.83733342611,-0.012773410928945572,deleveraging,3,False
2021-06-15 00:00:00+00:00,-0.0016131613252751453,-0.0015583668047272,0.5,0.75,-0.25,1.25,0.45607136608892873,0.0,0.0,0.0,0.0,5.479452054794521e-05,13756.60984593257,-0.0143659666817183,deleveraging,4,False
2021-06-16 00:00:00+00:00,0.00023211235274923022,0.0002869068732971754,0.5,0.75,-0.25,1.25,0.43801388845055855,0.0,0.0,0.0,0.0,5.479452054794521e-05,13759.802925009766,-0.014137188847294868,deleveraging,5,False
2021-06-17 00:00:00+00:00,-0.0018086290069984953,-0.00175383448645055,0.5,0.75,-0.25,1.25,0.4595824772001914,0.2689722990326744,0.0,0.0,0.0,5.479452054794521e-05,13734.91654630901,-0.01592024892446675,deleveraging,6,False
2021-06-18 00:00:00+00:00,-0.0006643853932566952,-0.00060959087270875,0.5,0.75,-0.25,1.25,0.4372875176055977,0.0,0.0,0.0,0.0,5.479452054794521e-05,13725.791268378043,-0.016574057136880982,deleveraging,7,False
2021-06-19 00:00:00+00:00,-0.0025210697520148453,-0.0024662752314669,0.5,0.75,-0.25,1.25,0.42681966064098437,0.0,0.0,0.0,0.0,5.479452054794521e-05,13691.187591188866,-0.01905334253477986,deleveraging,8,False
2021-06-20 00:00:00+00:00,-0.0007286977333798702,-0.000673903212831925,0.5,0.75,-0.25,1.25,0.4231976425503491,0.0,0.0,0.0,0.0,5.479452054794521e-05,13681.210853823886,-0.019768156140641424,deleveraging,9,False
2021-06-21 00:00:00+00:00,-0.00801308430324462,-0.007958289782696675,0.5,0.75,-0.25,1.25,0.37004438413180485,0.0,0.0,0.0,0.0,5.479452054794521e-05,13571.58215788173,-0.027622836542211426,deleveraging,10,False
2021-06-22 00:00:00+00:00,2.2493450753048496e-06,5.704386562325006e-05,0.5,0.75,-0.25,1.25,0.3486290080063985,0.0,0.0,0.0,0.0,5.479452054794521e-05,13571.61268505322,-0.027620649330427516,deleveraging,11,False
2021-06-23 00:00:00+00:00,0.006073246248522154,0.0061280407690701,0.5,0.75,-0.25,1.25,0.3732256973365659,0.0,0.0,0.0,0.0,5.479452054794521e-05,13654.036430879118,-0.021715150086833,deleveraging,12,False
2021-06-24 00:00:00+00:00,0.00012671942837977983,0.00018151394892772503,0.5,0.75,-0.25,1.25,0.4069569924883497,0.23198105085640508,0.0,0.0,0.0,5.479452054794521e-05,13655.766662570717,-0.021591182389859243,deleveraging,13,False
2021-06-25 00:00:00+00:00,-0.0024126688755889206,-0.002357874355040975,0.5,0.75,-0.25,1.25,0.38400197237526745,0.0,0.0,0.0,0.0,5.479452054794521e-05,13622.819819371627,-0.023951758891709085,deleveraging,14,False
2021-06-26 00:00:00+00:00,-0.00014005881240101994,-8.526429185307474e-05,0.5,0.75,-0.25,1.25,0.3756298930869275,0.0,0.0,0.0,0.0,5.479452054794521e-05,13620.911823406175,-0.024088463049204645,deleveraging,15,False
2021-06-27 00:00:00+00:00,0.0036512214215145044,0.0037060159420624498,0.5,0.75,-0.25,1.25,0.39127292334065944,0.0,0.0,0.0,0.0,5.479452054794521e-05,13670.644788436355,-0.020525193939986752,deleveraging,16,False
2021-06-28 00:00:00+00:00,-0.0034971386997865958,-0.0034423441792386504,0.5,0.75,-0.25,1.25,0.40520727834281367,0.0,0.0,0.0,0.0,5.479452054794521e-05,13622.836647495678,-0.023950553189725277,deleveraging,17,False
2021-06-29 00:00:00+00:00,0.0038445040218775548,0.0038992985424255,0.5,0.75,-0.25,1.25,0.42520020264229086,0.0,0.0,0.0,0.0,5.479452054794521e-05,13675.209697776356,-0.02019812716591185,deleveraging,18,False
2021-06-30 00:00:00+00:00,-0.0006652597837461566,-0.0006104652631982114,0.5,0.75,-0.25,1.25,0.42308715725934454,0.0,0.0,0.0,0.0,5.479452054794521e-05,13666.112130730131,-0.02084994994794742,deleveraging,19,False
2021-07-01 00:00:00+00:00,-0.0035326412399075205,-0.003477846719359575,0.5,0.75,-0.25,1.25,0.4470612727071056,0.20450629413507268,0.0,0.0,0.0,5.479452054794521e-05,13617.834659427912,-0.024308935794818853,deleveraging,20,False
2021-07-02 00:00:00+00:00,0.00410314459414943,0.004157939114697375,0.5,0.75,-0.25,1.25,0.4448565076263644,0.0,0.0,0.0,0.0,5.479452054794521e-05,13673.710604094766,-0.02030553427916537,deleveraging,21,False
2021-07-03 00:00:00+00:00,0.0007658460262719299,0.0008206405468198751,0.5,0.75,-0.25,1.25,0.4562215618682394,0.0,0.0,0.0,0.0,5.479452054794521e-05,13684.182561025304,-0.01955523916563251,deleveraging,22,False
2021-07-04 00:00:00+00:00,0.002472468203695455,0.0025272627242434002,0.5,0.75,-0.25,1.25,0.46948419992817514,0.0,0.0,0.0,0.0,5.479452054794521e-05,13718.016267301004,-0.017131120668989697,deleveraging,23,False
2021-07-05 00:00:00+00:00,-0.0022489833194144454,-0.0021941887988665,0.5,0.75,-0.25,1.25,0.45234810690108124,0.0,0.0,0.0,0.0,5.479452054794521e-05,13687.164677540386,-0.01934157638377676,deleveraging,24,False
2021-07-06 00:00:00+00:00,0.0032221709777987047,0.00327696549834665,0.5,0.75,-0.25,1.25,0.4621323636416373,0.0,0.0,0.0,0.0,5.479452054794521e-05,13731.267062332709,-0.016181727272066793,deleveraging,25,False
2021-07-07 00:00:00+00:00,2.4523039557304706e-05,7.931756010524991e-05,0.5,0.75,-0.25,1.25,0.46781771488315554,0.0,0.0,0.0,0.0,5.479452054794521e-05,13731.60379473805,-0.01615760105764741,deleveraging,26,False
2021-07-08 00:00:00+00:00,-0.0071902822726022195,-0.007135487752054274,0.5,0.75,-0.25,1.25,0.49927980183567733,0.20968875717821972,0.0,0.0,0.0,5.479452054794521e-05,13632.869687398348,-0.023231705617797083,deleveraging,27,False
2021-07-09 00:00:00+00:00,-0.004988702891701821,-0.004933908371153876,0.5,0.75,-0.25,1.25,0.510619221059902,0.0,0.0,0.0,0.0,5.479452054794521e-05,13564.85935096663,-0.028104512432504225,deleveraging,28,False
2021-07-10 00:00:00+00:00,-0.00043418792169177016,-0.000379393401143825,0.5,0.75,-0.25,1.25,0.5078083444597714,0.0,0.0,0.0,0.0,5.479452054794521e-05,13558.969652876991,-0.028526497714352894,deleveraging,29,False
2021-07-11 00:00:00+00:00,0.00124239335934698,0.0012971878798949251,0.5,0.75,-0.25,1.25,0.5123692125027092,0.0,0.0,0.0,0.0,5.479452054794521e-05,13575.815226733313,-0.02731954548633153,deleveraging,30,False
2021-07-12 00:00:00+00:00,-0.004836785076039071,-0.004781990555491125,0.5,0.75,-0.25,1.25,0.5070340053771375,0.0,0.0,0.0,0.0,5.479452054794521e-05,13510.151926249588,-0.03202419179247806,deleveraging,31,False
2021-07-13 00:00:00+00:00,-0.00038583613411604517,-0.0003310416135681,0.5,0.75,-0.25,1.25,0.4914514090418339,0.0,0.0,0.0,0.0,5.479452054794521e-05,13504.939221459043,-0.032397671836234765,deleveraging,32,False
2021-07-14 00:00:00+00:00,0.002957128772880755,0.0030119232934287003,0.5,0.75,-0.25,1.25,0.48672430922152227,0.0,0.0,0.0,0.0,5.479452054794521e-05,13544.875065806822,-0.029536347150915465,transition,1,False
2021-07-15 00:00:00+00:00,-0.00675875255732292,-0.006703958036774975,0.5,0.75,-0.25,1.25,0.5336448135967352,0.43229105379343763,0.0,0.0,0.0,5.479452054794521e-05,13453.32860681718,-0.03609547084639819,transition,2,False
2021-07-16 00:00:00+00:00,0.0009406687847568296,0.0009954633053047748,0.5,0.75,-0.25,1.25,0.5198420459556579,0.0,0.0,0.0,0.0,5.479452054794521e-05,13465.983733088691,-0.03518875594433746,transition,3,False
2021-07-17 00:00:00+00:00,0.0014803740162576296,0.0015351685368055748,0.5,0.75,-0.25,1.25,0.5182994683280149,0.0,0.0,0.0,0.0,5.479452054794521e-05,13485.918425510503,-0.03376047444804431,transition,4,False
2021-07-18 00:00:00+00:00,0.0011188421807407547,0.0011736367012886999,0.5,0.75,-0.25,1.25,0.5226832735421897,0.0,0.0,0.0,0.0,5.479452054794521e-05,13501.007039890994,-0.03267940491015786,transition,5,False
2021-07-19 00:00:00+00:00,0.0007486055205003549,0.0008034000410483001,0.5,0.75,-0.25,1.25,0.5003614551074236,0.0,0.0,0.0,0.0,5.479452054794521e-05,13511.113968293368,-0.031955263372580034,transition,6,False
2021-07-20 00:00:00+00:00,-0.00021331026798824518,-0.00015851574744029997,0.5,0.75,-0.25,1.25,0.4769533308394758,0.0,0.0,0.0,0.0,5.479452054794521e-05,13508.231908951973,-0.03216175725477455,transition,7,False
2021-07-21 00:00:00+00:00,0.0036469454695596793,0.0037017399901076247,0.5,0.75,-0.25,1.25,0.5154253564622873,0.0,0.0,0.0,0.0,5.479452054794521e-05,13557.495694114086,-0.028632103960128275,transition,8,False
2021-07-22 00:00:00+00:00,-0.0015896592835421203,-0.0015348647629941752,0.5,0.75,-0.25,1.25,0.49728407231432487,0.25636118929219265,0.0,0.0,0.0,5.479452054794521e-05,13535.943895222355,-0.030176247953802915,deleveraging,1,False
2021-07-23 00:00:00+00:00,0.0033775432887384296,0.003432337809286375,0.5,0.75,-0.25,1.25,0.5065162884499514,0.0,0.0,0.0,0.0,5.479452054794521e-05,13581.662131682404,-0.02690062624882006,transition,1,False
2021-07-24 00:00:00+00:00,0.0005763758061759047,0.0006311703267238499,0.5,0.75,-0.25,1.25,0.5185955871784012,0.0,0.0,0.0,0.0,5.479452054794521e-05,13589.490273142761,-0.026339755312784985,transition,2,False
2021-07-25 00:00:00+00:00,0.003729977824019054,0.0037847723445669995,0.5,0.75,-0.25,1.25,0.5176734317664142,0.0,0.0,0.0,0.0,5.479452054794521e-05,13640.178770501305,-0.02270802419197282,transition,3,False
2021-07-26 00:00:00+00:00,0.004965949767264929,0.005020744287812875,0.5,0.75,-0.25,1.25,0.5472671092867702,0.0,0.0,0.0,0.0,5.479452054794521e-05,13707.915213092128,-0.017854841332158977,transition,4,False
2021-07-27 00:00:00+00:00,0.005740270277769504,0.005795064798317449,0.5,0.75,-0.25,1.25,0.547233399683887,0.0,0.0,0.0,0.0,5.479452054794521e-05,13786.602351360027,-0.0122170626694027,deleveraging,1,False
2021-07-28 00:00:00+00:00,0.00516556844027518,0.005220362960823125,0.5,0.75,-0.25,1.25,0.5629938043454235,0.0,0.0,0.0,0.0,5.479452054794521e-05,13857.817989364836,-0.0071146023024855065,deleveraging,2,False
2021-07-29 00:00:00+00:00,-0.004603349319730395,-0.004548554799182449,0.5,0.75,-0.25,1.25,0.5270447536955682,0.14263762993767007,0.0,0.0,0.0,5.479452054794521e-05,13794.025612350544,-0.011685200622546632,deleveraging,3,False
2021-07-30 00:00:00+00:00,0.008004663091843405,0.00805945761239135,0.5,0.75,-0.25,1.25,0.5387353037775109,0.0,0.0,0.0,0.0,5.479452054794521e-05,13904.442140057668,-0.003774073624847385,transition,1,False
2021-07-31 00:00:00+00:00,-0.0032012329416808457,-0.0031464384211329004,0.5,0.75,-0.25,1.25,0.5500267931948282,0.0,0.0,0.0,0.0,5.479452054794521e-05,13859.93078184322,-0.006963224877716057,deleveraging,1,False
2021-08-01 00:00:00+00:00,-0.005860884457605745,-0.0058060899370578,0.5,0.75,-0.25,1.25,0.5549945976002891,0.0,0.0,0.0,0.0,5.479452054794521e-05,13778.699328940425,-0.012783298678861077,transition,1,False
2021-08-02 00:00:00+00:00,-0.0008642532356113201,-0.0008094587150633749,0.5,0.75,-0.25,1.25,0.5525164645302144,0.0,0.0,0.0,0.0,5.479452054794521e-05,13766.791043462872,-0.013636503907227482,deleveraging,1,False
2021-08-03 00:00:00+00:00,0.0014332152446726299,0.001488009765220575,0.5,0.75,-0.25,1.25,0.5406209109029292,0.0,0.0,0.0,0.0,5.479452054794521e-05,13786.521818256582,-0.012222832707838971,deleveraging,2,False
2021-08-04 00:00:00+00:00,-0.0004100274219882951,-0.0003552329014403499,0.5,0.75,-0.25,1.25,0.5571063949747233,0.0,0.0,0.0,0.0,5.479452054794521e-05,13780.868966257258,-0.012627848433242606,deleveraging,3,False
2021-08-05 00:00:00+00:00,0.0013545657214116796,0.0014093602419596248,0.5,0.75,-0.25,1.25,0.4989791783673416,0.1979506644310749,0.0,0.0,0.0,5.479452054794521e-05,13799.536058970214,-0.011290387962453963,deleveraging,4,False
2021-08-06 00:00:00+00:00,0.0028892960653553795,0.002944090585903325,0.5,0.75,-0.25,1.25,0.5102896420428383,0.0,0.0,0.0,0.0,5.479452054794521e-05,13839.407004209128,-0.008433713170614698,deleveraging,5,False
2021-08-07 00:00:00+00:00,5.0207182116405075e-05,0.00010500170266435028,0.5,0.75,-0.25,1.25,0.5112863989984145,0.0561807262191199,0.0,0.0,0.0,5.479452054794521e-05,13840.101841836971,-0.00838392942147137,deleveraging,6,False
2021-08-08 00:00:00+00:00,-0.0019357766605778706,-0.0018809821400299254,0.5,0.75,-0.25,1.25,0.48343818167446817,0.0,0.0,0.0,0.0,5.479452054794521e-05,13813.310495711521,-0.010303476667151368,deleveraging,7,False
2021-08-09 00:00:00+00:00,0.0011631946897729798,0.001217989210320925,0.5,0.75,-0.25,1.25,0.49416809659452493,0.0,0.0,0.0,0.0,5.479452054794521e-05,13829.37806512832,-0.009152266926723662,deleveraging,8,False
2021-08-10 00:00:00+00:00,0.00516802109474938,0.005222815615297326,0.5,0.75,-0.25,1.25,0.5038906583705591,0.0,0.0,0.0,0.0,5.479452054794521e-05,13900.848582696166,-0.004031544940516496,deleveraging,9,False
2021-08-11 00:00:00+00:00,0.0055774384618389045,0.00563223298238685,0.5,0.75,-0.25,1.25,0.5240978051076963,0.0,0.0,0.0,0.0,5.479452054794521e-05,13978.379710233496,0.0,deleveraging,10,False
2021-08-12 00:00:00+00:00,-0.0009255981908381703,-0.0008708036702902251,0.5,0.75,-0.25,1.25,0.5624518950495268,0.180777911173853,0.0,0.0,0.0,5.479452054794521e-05,13965.441347262855,-0.0009255981908381505,transition_2,1,False
2021-08-13 00:00:00+00:00,0.00892994456102153,0.008984739081569475,0.5,0.75,-0.25,1.25,0.5962144431916587,0.0,0.0,0.0,0.0,5.479452054794521e-05,14090.15196426411,0.0,transition_2,2,False
2021-08-14 00:00:00+00:00,-0.00024333323733222148,-0.00018853871678427628,0.5,0.75,-0.25,1.25,0.6086489202855396,0.0,0.0,0.0,0.0,5.479452054794521e-05,14086.723361972145,-0.00024333323733216616,transition_2,3,False
2021-08-15 00:00:00+00:00,0.005368501310881679,0.005423295831429625,0.5,0.75,-0.25,1.25,0.6228117675239231,0.05206923915732675,0.0,0.0,0.0,5.479452054794521e-05,14162.347954806919,0.0,transition_2,4,False
2021-08-16 00:00:00+00:00,0.005031168717003504,0.00508596323755145,0.5,0.75,-0.25,1.25,0.5828298012803811,0.0,0.0,0.0,0.0,5.479452054794521e-05,14233.60111679646,0.0,transition_2,5,False
2021-08-17 00:00:00+00:00,0.0006799265260860297,0.0007347210466339749,0.5,0.75,-0.25,1.25,0.5652453483913479,0.0,0.0,0.0,0.0,5.479452054794521e-05,14243.278919757498,0.0,rotation,1,False
2021-08-18 00:00:00+00:00,0.01399799093454323,0.014052785455091175,0.5,0.75,-0.25,1.25,0.5600118633669442,0.0,0.0,0.0,0.0,5.479452054794521e-05,14442.656208954431,0.0,rotation,2,False
2021-08-19 00:00:00+00:00,-0.0010504907349428202,-0.000995696214394875,0.5,0.75,-0.25,1.25,0.5566031721245769,0.2673079285451723,0.0,0.0,0.0,5.479452054794521e-05,14427.48433241896,-0.0010504907349427883,rotation,3,False
2021-08-20 00:00:00+00:00,-0.001318027173158395,-0.0012632326526104498,0.5,0.75,-0.25,1.25,0.5855081118579459,0.0,0.0,0.0,0.0,5.479452054794521e-05,14408.468516028513,-0.0023671333327675015,rotation,4,False
2021-08-21 00:00:00+00:00,-0.0008663838412757952,-0.00081158932072785,0.5,0.75,-0.25,1.25,0.5831897499286525,0.0,0.0,0.0,0.0,5.479452054794521e-05,14395.985251728696,-0.0032314663279735534,rotation,5,False
2021-08-22 00:00:00+00:00,0.005571835149165504,0.00562662966971345,0.5,0.75,-0.25,1.25,0.581609291953595,0.0,0.0,0.0,0.0,5.479452054794521e-05,14476.197308361146,0.0,rotation,6,False
2021-08-23 00:00:00+00:00,-0.0027434322187154954,-0.00268863769816755,0.5,0.75,-0.25,1.25,0.600961419013679,0.0,0.0,0.0,0.0,5.479452054794521e-05,14436.482842260906,-0.0027434322187155358,rotation,7,False
2021-08-24 00:00:00+00:00,0.0034961772368218543,0.0035509717573697997,0.5,0.75,-0.25,1.25,0.568141827337505,0.0,0.0,0.0,0.0,5.479452054794521e-05,14486.955344953789,0.0,rotation,8,False
2021-08-25 00:00:00+00:00,-0.0032991123643669458,-0.0032443178438190004,0.5,0.75,-0.25,1.25,0.5732641190110769,0.0,0.0,0.0,0.0,5.479452054794521e-05,14439.16125145322,-0.003299112364366863,rotation,9,False
2021-08-26 00:00:00+00:00,0.0008344367589166298,0.000889231279464575,0.5,0.75,-0.25,1.25,0.37627006841186905,0.28788277336542945,0.0,0.0,0.0,5.479452054794521e-05,14451.209818369358,-0.0024674285060789503,rotation,10,False
2021-08-27 00:00:00+00:00,-0.0011013575367293201,-0.001046563016181375,0.5,0.75,-0.25,1.25,0.38977269252670743,0.0,0.0,0.0,0.0,5.479452054794521e-05,14435.29386952104,-0.0035660685218267263,rotation,11,False
2021-08-28 00:00:00+00:00,0.00041326201927067985,0.00046805653981862503,0.5,0.75,-0.25,1.25,0.391836325102302,0.0,0.0,0.0,0.0,5.479452054794521e-05,14441.259428214324,-0.0031542802232342737,rotation,12,False
2021-08-29 00:00:00+00:00,-0.0011852391683718432,-0.001130444647823898,0.5,0.75,-0.25,1.25,0.3925943449565591,0.0,0.0,0.0,0.0,5.479452054794521e-05,14424.143081899385,-0.004335780815137524,rotation,13,False
2021-08-30 00:00:00+00:00,0.0017216076834362549,0.0017764022039842,0.5,0.75,-0.25,1.25,0.38294433592509725,0.0,0.0,0.0,0.0,5.479452054794521e-05,14448.975797456167,-0.0026216376452662393,rotation,14,False
2021-08-31 00:00:00+00:00,0.0016773215429275049,0.00173211606347545,0.5,0.75,-0.25,1.25,0.3856763044584396,0.0,0.0,0.0,0.0,5.479452054794521e-05,14473.211375834479,-0.0009487134316389367,rotation,15,False
2021-09-01 00:00:00+00:00,0.004511565976718905,0.00456636049726685,0.5,0.75,-0.25,1.25,0.4001109162375251,0.0,0.0,0.0,0.0,5.479452054794521e-05,14538.508223851557,0.0,rotation,16,False
2021-09-02 00:00:00+00:00,0.0009637314586384549,0.0010185259791864,0.5,0.75,-0.25,1.25,0.5193009994431614,0.20335251066725513,0.0,0.0,0.0,5.479452054794521e-05,14552.519441588554,0.0,rotation,17,False
2021-09-03 00:00:00+00:00,-0.0018477411055542452,-0.0017929465850063,0.5,0.75,-0.25,1.25,0.530431246528358,0.0,0.0,0.0,0.0,5.479452054794521e-05,14525.630153226954,-0.0018477411055543014,rotation,18,False
2021-09-04 00:00:00+00:00,-0.001133620512950095,-0.0010788259924021499,0.5,0.75,-0.25,1.25,0.5309736550602842,0.0,0.0,0.0,0.0,5.479452054794521e-05,14509.16360092173,-0.0029792669812843675,rotation,19,True
2021-09-05 00:00:00+00:00,-0.0027338385036032456,-0.0026790439830553002,0.5,0.75,-0.25,1.25,0.5504927841929337,0.0,0.0,0.0,0.0,5.479452054794521e-05,14469.497890814453,-0.00570496065010162,rotation,20,True
2021-09-06 00:00:00+00:00,-0.0009629756159556947,-0.0009081810954077495,0.5,0.75,-0.25,1.25,0.5601346864439696,0.0,0.0,0.0,0.0,5.479452054794521e-05,14455.564117170476,-0.006662442528061363,rotation,21,True
2021-09-07 00:00:00+00:00,-0.004210075493079595,-0.00415528097253165,0.5,0.75,-0.25,1.25,0.4942010985387292,0.0,0.0,0.0,0.0,5.479452054794521e-05,14394.705100942136,-0.010844468635129445,rotation,22,True
2021-09-08 00:00:00+00:00,0.00779014628491018,0.007844940805458125,0.5,0.75,-0.25,1.25,0.4742793887016305,0.0,0.0,0.0,0.0,5.479452054794521e-05,14506.841959406618,-0.003138802347269043,rotation,23,False
2021-09-09 00:00:00+00:00,-0.0011137629438982952,-0.00105896842335035,0.5,0.75,-0.25,1.25,0.5534880907883013,0.3560501094778031,0.0,0.0,0.0,5.479452054794521e-05,14490.684776399241,-0.004249069409424822,rotation,24,True
2021-09-10 00:00:00+00:00,0.0014289255902480299,0.001483720110795975,0.5,0.75,-0.25,1.25,0.5357846700526138,0.0,0.0,0.0,0.0,5.479452054794521e-05,14511.390886696454,-0.0028262154231907255,rotation,25,False
2021-09-11 00:00:00+00:00,0.00062046462351503,0.0006752591440629752,0.5,0.75,-0.25,1.25,0.5404260908086032,0.0,0.0,0.0,0.0,5.479452054794521e-05,14520.394691379648,-0.002207504366364188,rotation,26,False
2021-09-12 00:00:00+00:00,0.00884124512363458,0.008896039644182525,0.5,0.75,-0.25,1.25,0.5554088661523994,0.0,0.0,0.0,0.0,5.479452054794521e-05,14648.773060138059,0.0,rotation,27,False
2021-09-13 00:00:00+00:00,-0.0004327704417838703,-0.0003779759212359251,0.5,0.75,-0.25,1.25,0.5361236120708136,0.0,0.0,0.0,0.0,5.479452054794521e-05,14642.43350414923,-0.000432770441783914,rotation,28,False
2021-09-14 00:00:00+00:00,0.0034873930267732512,0.0035421875473211966,0.5,0.75,-0.25,1.25,0.5540127539966816,0.0,0.0,0.0,0.0,5.479452054794521e-05,14693.497424646588,0.0,rotation,29,False
2021-09-15 00:00:00+00:00,-0.0012102555972636202,-0.001155461076715675,0.5,0.75,-0.25,1.25,0.5680442421711343,0.0,0.0,0.0,0.0,5.479452054794521e-05,14675.714537145033,-0.0012102555972635098,rotation,30,False
2021-09-16 00:00:00+00:00,0.0006142708720622968,0.000669065392610242,0.5,0.75,-0.25,1.25,0.5468048449645614,0.30874396076427024,0.0,0.0,0.0,5.479452054794521e-05,14684.7294011119,-0.0005967281499625887,rotation,31,False
2021-09-17 00:00:00+00:00,-0.004016604321556346,-0.0039618098010084,0.5,0.75,-0.25,1.25,0.5387771013185159,0.0,0.0,0.0,0.0,5.479452054794521e-05,14625.746653538507,-0.00461093565065307,rotation,32,False
2021-09-18 00:00:00+00:00,0.00048174089508295484,0.0005365354156309,0.5,0.75,-0.25,1.25,0.5441916905326194,0.0,0.0,0.0,0.0,5.479452054794521e-05,14632.79247382264,-0.0041314160318375315,rotation,33,False
2021-09-19 00:00:00+00:00,0.007362700044933129,0.0074174945654810745,0.5,0.75,-0.25,1.25,0.5285507681774814,0.0,0.0,0.0,0.0,5.479452054794521e-05,14740.529335627152,0.0,rotation,34,False
2021-09-20 00:00:00+00:00,-0.002489523631668371,-0.0024347291111204254,0.5,0.75,-0.25,1.25,0.47347741391882187,0.0,0.0,0.0,0.0,5.479452054794521e-05,14703.832439502808,-0.0024895236316683222,rotation,35,False
2021-09-21 00:00:00+00:00,-0.0008468503365135451,-0.0007920558159655999,0.5,0.75,-0.25,1.25,0.4487621715825824,0.0,0.0,0.0,0.0,5.479452054794521e-05,14691.380494053377,-0.0033342657142565457,rotation,36,True
2021-09-22 00:00:00+00:00,0.0026060835293537296,0.002660878049901675,0.5,0.75,-0.25,1.25,0.475715701997668,0.0,0.0,0.0,0.0,5.479452054794521e-05,14729.667458782398,-0.0007368715598632392,rotation,37,False
2021-09-23 00:00:00+00:00,0.00121100915406108,0.0012658036746090251,0.5,0.75,-0.25,1.25,0.5316220530411653,0.1560578913154838,0.0,0.0,0.0,5.479452054794521e-05,14747.505220911262,0.0,transition_2,1,False
2021-09-24 00:00:00+00:00,-0.0022775759016629956,-0.00222278138111505,0.5,0.75,-0.25,1.25,0.5043911108111017,0.0,0.0,0.0,0.0,5.479452054794521e-05,14713.916658410464,-0.002277575901663109,transition_2,2,False
2021-09-25 00:00:00+00:00,-0.0037156822470358957,-0.0036608877264879503,0.5,0.75,-0.25,1.25,0.5014537453224814,0.0,0.0,0.0,0.0,5.479452054794521e-05,14659.244419498444,-0.005984795400354792,rotation,1,False
2021-09-26 00:00:00+00:00,0.0029466805080904292,0.0030014750286383746,0.5,0.75,-0.25,1.25,0.4929029045842561,0.0,0.0,0.0,0.0,5.479452054794521e-05,14702.440529292713,-0.003055750172215488,transition_2,1,False
2021-09-27 00:00:00+00:00,0.00013474080337202974,0.00018953532391997494,0.5,0.75,-0.25,1.25,0.48469036283412836,0.0,0.0,0.0,0.0,5.479452054794521e-05,14704.42154794116,-0.0029214211030765824,rotation,1,False
2021-09-28 00:00:00+00:00,0.002017525913455005,0.0020723204340029502,0.5,0.75,-0.25,1.25,0.46897286095815044,0.0,0.0,0.0,0.0,5.479452054794521e-05,14734.088099456498,-0.0009097892324011481,deleveraging,1,False
2021-09-29 00:00:00+00:00,0.007636659025480855,0.0076914535460288,0.5,0.75,-0.25,1.25,0.4780520007069935,0.0,0.0,0.0,0.0,5.479452054794521e-05,14846.60730632344,0.0,deleveraging,2,False
2021-09-30 00:00:00+00:00,0.0041315355796963295,0.004186330100244275,0.5,0.75,-0.25,1.25,0.48501004736953734,0.19939024391581062,0.0,0.0,0.0,5.479452054794521e-05,14907.946592647295,0.0,deleveraging,3,False
2021-10-01 00:00:00+00:00,0.00551983038485923,0.005574624905407176,0.5,0.75,-0.25,1.25,0.5229021381099742,0.0,0.0,0.0,0.0,5.479452054794521e-05,14990.235929225246,0.0,deleveraging,4,False
2021-10-02 00:00:00+00:00,-0.0003779271335816633,-0.0003231326130337181,0.5,0.75,-0.25,1.25,0.5336680372303129,0.0,0.0,0.0,0.0,5.479452054794521e-05,14984.570712328801,-0.00037792713358164587,transition_2,1,False
2021-10-03 00:00:00+00:00,-0.0028834977996593453,-0.0028287032791114,0.5,0.75,-0.25,1.25,0.5412861030052757,0.0,0.0,0.0,0.0,5.479452054794521e-05,14941.362735650962,-0.0032603351811828496,transition_2,2,False
2021-10-04 00:00:00+00:00,0.00509912399065138,0.0051539185111993254,0.5,0.75,-0.25,1.25,0.53514007218163,0.0,0.0,0.0,0.0,5.479452054794521e-05,15017.550596829347,0.0,transition_2,3,False
2021-10-05 00:00:00+00:00,0.00421936504215108,0.004274159562699025,0.5,0.75,-0.25,1.25,0.5505972264985795,0.0,0.0,0.0,0.0,5.479452054794521e-05,15080.915124836345,0.0,transition_2,4,False
2021-10-06 00:00:00+00:00,0.00791417903853243,0.007968973559080375,0.5,0.75,-0.25,1.25,0.557573530503671,0.0,0.0,0.0,0.0,5.479452054794521e-05,15200.26818719921,0.0,transition_2,5,False
2021-10-07 00:00:00+00:00,-0.0037148066651549456,-0.0036600121446070002,0.5,0.75,-0.25,1.25,0.5479731825965134,0.38376122945317914,0.0,0.0,0.0,5.479452054794521e-05,15143.802129625261,-0.0037148066651548906,rotation,1,False
2021-10-08 00:00:00+00:00,-0.0020869212474441453,-0.0020321267268962,0.5,0.75,-0.25,1.25,0.54377432096394,0.0,0.0,0.0,0.0,5.479452054794521e-05,15112.198207193856,-0.005793975403639351,rotation,2,False
2021-10-09 00:00:00+00:00,-0.0013654641072637203,-0.0013106695867157751,0.5,0.75,-0.25,1.25,0.5526658355980466,0.0,0.0,0.0,0.0,5.479452054794521e-05,15091.563042960079,-0.007151528045450939,rotation,3,False
2021-10-10 00:00:00+00:00,0.005066982215967255,0.0051217767365152,0.5,0.75,-0.25,1.25,0.5368016350113444,0.0,0.0,0.0,0.0,5.479452054794521e-05,15168.031724509905,-0.002120782494907103,rotation,4,False
2021-10-11 00:00:00+00:00,0.005480357226332855,0.005535151746880801,0.5,0.75,-0.25,1.25,0.5369919841050181,0.0,0.0,0.0,0.0,5.479452054794521e-05,15251.15795678057,0.0,rotation,5,False
2021-10-12 00:00:00+00:00,0.0038311117269989297,0.003885906247546875,0.5,0.75,-0.25,1.25,0.5261272214056242,0.0,0.0,0.0,0.0,5.479452054794521e-05,15309.586846879105,0.0,rotation,6,False
2021-10-13 00:00:00+00:00,0.0023313273091119797,0.002386121829659925,0.5,0.75,-0.25,1.25,0.538312900107364,0.0,0.0,0.0,0.0,5.479452054794521e-05,15345.278504786453,0.0,rotation,7,False
2021-10-14 00:00:00+00:00,-0.0032158615554740456,-0.0031610670349261002,0.5,0.75,-0.25,1.25,0.5523938580024649,0.09797281683647857,0.0,0.0,0.0,5.479452054794521e-05,15295.930213584867,-0.003215861555474153,rotation,8,False
2021-10-15 00:00:00+00:00,0.00724238690985368,0.007297181430401626,0.5,0.75,-0.25,1.25,0.5620827924877883,0.0,0.0,0.0,0.0,5.479452054794521e-05,15406.709258337769,0.0,rotation,9,False
2021-10-16 00:00:00+00:00,-0.0026869206754333705,-0.002632126154885425,0.5,0.75,-0.25,1.25,0.5646978481064386,0.0,0.0,0.0,0.0,5.479452054794521e-05,15365.31265269115,-0.002686920675433413,rotation,10,False
2021-10-17 00:00:00+00:00,0.00302558371816923,0.0030803782387171753,0.5,0.75,-0.25,1.25,0.5586633837684354,0.0,0.0,0.0,0.0,5.479452054794521e-05,15411.801692477711,0.0,rotation,11,False
2021-10-18 00:00:00+00:00,0.00637843467753168,0.006433229198079625,0.5,0.75,-0.25,1.25,0.5574079953465336,0.0,0.0,0.0,0.0,5.479452054794521e-05,15510.104862836253,0.0,rotation,12,False
2021-10-19 00:00:00+00:00,0.00186651384621823,0.0019213083667661752,0.5,0.75,-0.25,1.25,0.5636063714696848,0.0,0.0,0.0,0.0,5.479452054794521e-05,15539.054688319035,0.0,rotation,13,False
2021-10-20 00:00:00+00:00,-0.0002975202386759203,-0.0002427257181279751,0.5,0.75,-0.25,1.25,0.5853410267213328,0.0,0.0,0.0,0.0,5.479452054794521e-05,15534.431505059367,-0.00029752023867601896,rotation,14,False
2021-10-21 00:00:00+00:00,-0.005505146281475871,-0.005450351760927926,0.5,0.75,-0.25,1.25,0.505001387324117,0.22150571741616584,0.0,0.0,0.0,5.479452054794521e-05,15448.912187224449,-0.005801028627716143,rotation,15,False
2021-10-22 00:00:00+00:00,-0.0011652968007239701,-0.001110502280176025,0.5,0.75,-0.25,1.25,0.4992447000992831,0.0,0.0,0.0,0.0,5.479452054794521e-05,15430.90961927801,-0.006959565508339316,rotation,16,False
2021-10-23 00:00:00+00:00,-0.003978978667202681,-0.003924184146654736,0.5,0.75,-0.25,1.25,0.5069739577002056,0.0,0.0,0.0,0.0,5.479452054794521e-05,15369.510359087371,-0.010910852212851263,rotation,17,False
2021-10-24 00:00:00+00:00,-0.004018960333705371,-0.0039641658131574255,0.5,0.75,-0.25,1.25,0.5043099256361079,0.0,0.0,0.0,0.0,5.479452054794521e-05,15307.740906605724,-0.014885962264306385,rotation,18,False
2021-10-25 00:00:00+00:00,0.0024526128211789797,0.002507407341726925,0.5,0.75,-0.25,1.25,0.515150261756848,0.0,0.0,0.0,0.0,5.479452054794521e-05,15345.284868216553,-0.012469858945032275,rotation,19,False
2021-10-26 00:00:00+00:00,7.77471472751548e-05,0.0001325416678231,0.5,0.75,-0.25,1.25,0.5116561379240999,0.0,0.0,0.0,0.0,5.479452054794521e-05,15346.477920339183,-0.012393081293716968,rotation,20,False
2021-10-27 00:00:00+00:00,0.0013727919078765796,0.0014275864284245248,0.5,0.75,-0.25,1.25,0.47280990238664117,0.0,0.0,0.0,0.0,5.479452054794521e-05,15367.545441042632,-0.01103730250755397,rotation,21,False
2021-10-28 00:00:00+00:00,-0.0028329523087971707,-0.0027781577882492253,0.5,0.75,-0.25,1.25,0.47519896168334574,0.15447562556752328,0.0,0.0,0.0,5.479452054794521e-05,15324.009917704883,-0.013838986664729602,rotation,22,False
2021-10-29 00:00:00+00:00,0.008605423623824555,0.0086602181443725,0.5,0.75,-0.25,1.25,0.48810181854098406,0.0,0.0,0.0,0.0,5.479452054794521e-05,15455.879514662425,-0.0053526533836792956,rotation,23,False
2021-10-30 00:00:00+00:00,0.0020185426425892296,0.002073337163137175,0.5,0.75,-0.25,1.25,0.48174943148247135,0.0,0.0,0.0,0.0,5.479452054794521e-05,15487.077866541493,-0.003344915300196094,rotation,24,False
2021-10-31 00:00:00+00:00,-0.0024671839180745447,-0.0024123893975265993,0.5,0.75,-0.25,1.25,0.48028516511967473,0.0,0.0,0.0,0.0,5.479452054794521e-05,15448.868397091193,-0.005803846697034598,rotation,25,False
2021-11-01 00:00:00+00:00,0.00635655912712973,0.006411353647677675,0.5,0.75,-0.25,1.25,0.48477746157283447,0.0,0.0,0.0,0.0,5.479452054794521e-05,15547.070042504549,0.0,rotation,26,False
2021-11-02 00:00:00+00:00,0.0009118931398852797,0.0009666876604332249,0.5,0.75,-0.25,1.25,0.495818845229721,0.0,0.0,0.0,0.0,5.479452054794521e-05,15561.247309021624,0.0,rotation,27,False
2021-11-03 00:00:00+00:00,0.00595362908808608,0.006008423608634026,0.5,0.75,-0.25,1.25,0.501819659679697,0.0,0.0,0.0,0.0,5.479452054794521e-05,15653.893203647518,0.0,rotation,28,False
2021-11-04 00:00:00+00:00,0.001058330996767455,0.0011131255173154001,0.5,0.75,-0.25,1.25,0.39127443470413437,0.47980270969020783,0.0,0.0,0.0,5.479452054794521e-05,15670.460204045026,0.0,rotation,29,False
2021-11-05 00:00:00+00:00,0.003870429618005205,0.0039252241385531505,0.5,0.75,-0.25,1.25,0.39140430766695855,0.0,0.0,0.0,0.0,5.479452054794521e-05,15731.111617346534,0.0,rotation,30,False
2021-11-06 00:00:00+00:00,0.00526011325549038,0.005314907776038325,0.5,0.75,-0.25,1.25,0.39148763929503666,0.0,0.0,0.0,0.0,5.479452054794521e-05,15813.859046088537,0.0,rotation,31,False
2021-11-07 00:00:00+00:00,-0.0006222926426942703,-0.0005674981221463251,0.5,0.75,-0.25,1.25,0.398401086285058,0.0,0.0,0.0,0.0,5.479452054794521e-05,15804.018197951551,-0.000622292642694311,rotation,32,False
2021-11-08 00:00:00+00:00,-0.0005124063103523451,-0.00045761178980439996,0.5,0.75,-0.25,1.25,0.41490041801462335,0.0,0.0,0.0,0.0,5.479452054794521e-05,15795.920119297996,-0.0011343800863697906,rotation,33,False
2021-11-09 00:00:00+00:00,-0.0012223757134301198,-0.0011675811928821746,0.5,0.75,-0.25,1.25,0.43597921439226883,0.0,0.0,0.0,0.0,5.479452054794521e-05,15776.611570172885,-0.0023553691611324368,rotation,34,False
2021-11-10 00:00:00+00:00,0.00414139781842293,0.004196192338970875,0.5,0.75,-0.25,1.25,0.42841290847437297,0.0,0.0,0.0,0.0,5.479452054794521e-05,15841.948794911703,0.0,rotation,35,False
2021-11-11 00:00:00+00:00,0.0010691137986334799,0.001123908319181425,0.5,0.75,-0.25,1.25,0.47298466732446287,0.1583489650049382,0.0,0.0,0.0,5.479452054794521e-05,15858.885640965585,0.0,rotation,36,False
2021-11-12 00:00:00+00:00,-0.00128092237883512,-0.0012261278582871749,0.5,0.75,-0.25,1.25,0.4654779676212242,0.0,0.0,0.0,0.0,5.479452054794521e-05,15838.571639444684,-0.0012809223788351476,rotation,37,False
2021-11-13 00:00:00+00:00,0.00276928200070198,0.002824076521249925,0.5,0.75,-0.25,1.25,0.4664862297063016,0.0,0.0,0.0,0.0,5.479452054794521e-05,15882.433110802627,0.0,rotation,38,False
2021-11-14 00:00:00+00:00,0.009337893436808804,0.00939268795735675,0.5,0.75,-0.25,1.25,0.4701496399663896,0.0,0.0,0.0,0.0,5.479452054794521e-05,16030.741578708547,0.0,rotation,39,False
2021-11-15 00:00:00+00:00,-0.0022135047963763705,-0.002158710275828425,0.5,0.75,-0.25,1.25,0.46784753007562835,0.0,0.0,0.0,0.0,5.479452054794521e-05,15995.257455334606,-0.0022135047963762755,rotation,40,False
2021-11-16 00:00:00+00:00,-0.006205145583995371,-0.006150351063447425,0.5,0.75,-0.25,1.25,0.4288756404022786,0.0,0.0,0.0,0.0,5.479452054794521e-05,15896.004554170768,-0.008404915260859291,rotation,41,False
2021-11-17 00:00:00+00:00,-0.00180467518850077,-0.0017498806679528249,0.5,0.75,-0.25,1.25,0.4233777581428771,0.0,0.0,0.0,0.0,5.479452054794521e-05,15867.31742915556,-0.010194422307327367,rotation,42,False
2021-11-18 00:00:00+00:00,-0.003542991999997471,-0.0034881974794495254,0.5,0.75,-0.25,1.25,0.5082062908774434,0.20982603027702465,0.0,0.0,0.0,5.479452054794521e-05,15811.099650442642,-0.013701295550645365,rotation,43,False
2021-11-19 00:00:00+00:00,0.0007821080766726547,0.0008369025972205998,0.5,0.75,-0.25,1.25,0.5208770947720902,0.0,0.0,0.0,0.0,5.479452054794521e-05,15823.465639180327,-0.0129299033678838,rotation,44,False
2021-11-20 00:00:00+00:00,0.00069802479586158,0.0007528193164095252,0.5,0.75,-0.25,1.25,0.533416873556257,0.0,0.0,0.0,0.0,5.479452054794521e-05,15834.51081055294,-0.012240903965181071,rotation,45,False
2021-11-21 00:00:00+00:00,-0.0007029780370703452,-0.0006481835165224,0.5,0.75,-0.25,1.25,0.5259473703421527,0.0,0.0,0.0,0.0,5.479452054794521e-05,15823.379497225369,-0.012935276915609917,rotation,46,False
2021-11-22 00:00:00+00:00,-0.0004061215569592699,-0.0003513270364113247,0.5,0.75,-0.25,1.25,0.5059907390366797,0.0,0.0,0.0,0.0,5.479452054794521e-05,15816.953281707598,-0.013336145177768599,transition_2,1,False
2021-11-23 00:00:00+00:00,0.00418854406584663,0.004243338586394575,0.5,0.75,-0.25,1.25,0.5131813963391827,0.0,0.0,0.0,0.0,5.479452054794521e-05,15883.20328751547,-0.009203460143667463,transition_2,2,False
2021-11-24 00:00:00+00:00,0.00455828583518668,0.004613080355734625,0.5,0.75,-0.25,1.25,0.5044560344372795,0.0,0.0,0.0,0.0,5.479452054794521e-05,15955.603468078341,-0.004687126310488399,transition_2,3,False
2021-11-25 00:00:00+00:00,0.002674443935173105,0.0027292384557210505,0.5,0.75,-0.25,1.25,0.4412112149745598,0.22038661093123876,0.0,0.0,0.0,5.479452054794521e-05,15998.27583500557,-0.002025217831849835,transition_2,4,False
2021-11-26 00:00:00+00:00,-0.0043886616583642705,-0.004333867137816325,0.5,0.75,-0.25,1.25,0.40776695303370225,0.0,0.0,0.0,0.0,5.479452054794521e-05,15928.064815248546,-0.006404991494365575,transition_2,5,False
2021-11-27 00:00:00+00:00,0.0009043040659116299,0.000959098586459575,0.5,0.75,-0.25,1.25,0.4056106253624414,0.0,0.0,0.0,0.0,5.479452054794521e-05,15942.468629023078,-0.0055064794883045165,rotation,1,False
2021-11-28 00:00:00+00:00,-0.0007631876807795702,-0.000708393160231625,0.5,0.75,-0.25,1.25,0.4053267695062609,0.0,0.0,0.0,0.0,5.479452054794521e-05,15930.301533364194,-0.006265464691774025,transition_2,1,False
2021-11-29 00:00:00+00:00,0.0025091388327406544,0.0025639333532885998,0.5,0.75,-0.25,1.25,0.4179285375166784,0.0,0.0,0.0,0.0,5.479452054794521e-05,15970.27287155883,-0.0037720467797964785,transition_2,2,False
2021-11-30 00:00:00+00:00,0.001412290303615455,0.0014670848241634,0.5,0.75,-0.25,1.25,0.4197262899128118,0.0,0.0,0.0,0.0,5.479452054794521e-05,15992.827533081427,-0.002365083701272752,transition_2,3,False
2021-12-01 00:00:00+00:00,-0.0005345332965834451,-0.0004797387760354999,0.5,0.75,-0.25,1.25,0.4205095525347541,0.0,0.0,0.0,0.0,5.479452054794521e-05,15984.278834258475,-0.002898352781868896,transition_2,4,False
2021-12-02 00:00:00+00:00,-0.012204308444959719,-0.012149513924411773,0.5,0.75,-0.25,1.25,0.5099248440737649,0.5367707815748495,0.0,0.0,0.0,5.479452054794521e-05,15789.201765094944,-0.01506728883549635,transition_2,5,False
2021-12-03 00:00:00+00:00,0.00535715695508948,0.005411951475637425,0.5,0.75,-0.25,1.25,0.4887716469670672,0.0,0.0,0.0,0.0,5.479452054794521e-05,15873.786997146133,-0.00979084971158628,transition_2,6,False
2021-12-04 00:00:00+00:00,0.004028563906785554,0.0040833584273335,0.5,0.75,-0.25,1.25,0.4294796823158736,0.0,0.0,0.0,0.0,5.479452054794521e-05,15937.735562506838,-0.00580172886856567,transition_2,7,False
2021-12-05 00:00:00+00:00,0.0034141600484565047,0.00346895456900445,0.5,0.75,-0.25,1.25,0.42145197069225104,0.0,0.0,0.0,0.0,5.479452054794521e-05,15992.149542527215,-0.00240737685102399,deleveraging,1,False
2021-12-06 00:00:00+00:00,0.0009569161530597298,0.001011710673607675,0.5,0.75,-0.25,1.25,0.42289300114603373,0.0,0.0,0.0,0.0,5.479452054794521e-05,16007.452688746605,-0.0014527643557595837,deleveraging,2,False
2021-12-07 00:00:00+00:00,6.926306361325457e-05,0.00012405758416119978,0.5,0.75,-0.25,1.25,0.43316902061193696,0.0,0.0,0.0,0.0,5.479452054794521e-05,16008.561413960471,-0.001383601915056376,deleveraging,3,False
2021-12-08 00:00:00+00:00,0.0021779034191382295,0.002232697939686175,0.5,0.75,-0.25,1.25,0.4387799717167117,0.0,0.0,0.0,0.0,5.479452054794521e-05,16043.426514599421,0.0,deleveraging,4,False
2021-12-09 00:00:00+00:00,0.001538499136812805,0.0015932936573607502,0.5,0.75,-0.25,1.25,0.48850134869171125,0.2549403410197026,0.0,0.0,0.0,5.479452054794521e-05,16068.109312443652,0.0,deleveraging,5,False
2021-12-10 00:00:00+00:00,0.0020711831341212296,0.002125977654669175,0.5,0.75,-0.25,1.25,0.4674130884618937,0.0,0.0,0.0,0.0,5.479452054794521e-05,16101.389309448801,0.0,deleveraging,6,False
2021-12-11 00:00:00+00:00,-0.01082362258643707,-0.010768828065889125,0.5,0.75,-0.25,1.25,0.48500067338777714,0.0,0.0,0.0,0.0,5.479452054794521e-05,15927.113948446035,-0.010823622586437098,deleveraging,7,False
2021-12-12 00:00:00+00:00,0.0023456855005469044,0.00240048002109485,0.5,0.75,-0.25,1.25,0.4904101326927489,0.0,0.0,0.0,0.0,5.479452054794521e-05,15964.47394870046,-0.008503325900454661,deleveraging,8,False
2021-12-13 00:00:00+00:00,0.0003450902064150548,0.00039988472696300003,0.5,0.75,-0.25,1.25,0.458269356348464,0.0,0.0,0.0,0.0,5.479452054794521e-05,15969.983132310726,-0.008161170108529792,deleveraging,9,False
2021-12-14 00:00:00+00:00,0.00411537368116908,0.004170168201717025,0.5,0.75,-0.25,1.25,0.4680589175815913,0.0,0.0,0.0,0.0,5.479452054794521e-05,16035.70558058215,-0.004079382692033118,deleveraging,10,False
2021-12-15 00:00:00+00:00,-0.00035235860482404533,-0.00029756408427610015,0.5,0.75,-0.25,1.25,0.47839907035758805,0.0,0.0,0.0,0.0,5.479452054794521e-05,16030.055261736405,-0.00443030389126331,deleveraging,11,False
2021-12-16 00:00:00+00:00,0.0029595429897695045,0.00301433751031745,0.5,0.75,-0.25,1.25,0.4957977913504757,0.15792720103920943,0.0,0.0,0.0,5.479452054794521e-05,16077.496899411894,-0.0014838725763177685,deleveraging,12,False
2021-12-17 00:00:00+00:00,-0.0006347924517678952,-0.0005799979312199501,0.5,0.75,-0.25,1.25,0.48104362370655324,0.0,0.0,0.0,0.0,5.479452054794521e-05,16067.291025736826,-0.0021177230769747757,deleveraging,13,False
2021-12-18 00:00:00+00:00,-0.0021492950198586705,-0.002094500499310725,0.5,0.75,-0.25,1.25,0.4899380484299065,0.0,0.0,0.0,0.0,5.479452054794521e-05,16032.75767715259,-0.004262466485170702,deleveraging,14,False
2021-12-19 00:00:00+00:00,-0.0030008201594040208,-0.0029460256388560754,0.5,0.75,-0.25,1.25,0.49189708130646986,0.0,0.0,0.0,0.0,5.479452054794521e-05,15984.646254704148,-0.007250495749217434,deleveraging,15,False
2021-12-20 00:00:00+00:00,-0.0028677375938266705,-0.002812943073278725,0.5,0.75,-0.25,1.25,0.48862052289993374,0.0,0.0,0.0,0.0,5.479452054794521e-05,15938.806483715513,-0.010097440823810144,deleveraging,16,False
2021-12-21 00:00:00+00:00,-0.0037087982501451703,-0.003654003729597225,0.5,0.75,-0.25,1.25,0.5028152943703701,0.0,0.0,0.0,0.0,5.479452054794521e-05,15879.692666119307,-0.013768789703097029,deleveraging,17,False
2021-12-22 00:00:00+00:00,-0.00399109855084032,-0.003936304030292374,0.5,0.75,-0.25,1.25,0.5126827976178214,0.0,0.0,0.0,0.0,5.479452054794521e-05,15816.315247731769,-0.017704935657306353,deleveraging,18,False
2021-12-23 00:00:00+00:00,-0.00821290024191097,-0.008158105721363025,0.5,0.75,-0.25,1.25,0.3928587606180305,0.301506336997409,0.0,0.0,0.0,5.479452054794521e-05,15686.417428407532,-0.0257724270288745,deleveraging,19,False
2021-12-24 00:00:00+00:00,0.00928351521268268,0.009338309733230625,0.5,0.75,-0.25,1.25,0.3927595023637841,0.0,0.0,0.0,0.0,5.479452054794521e-05,15832.042523236645,-0.016728170534582087,deleveraging,20,False
2021-12-25 00:00:00+00:00,-0.0036273006872221203,-0.003572506166674175,0.5,0.75,-0.25,1.25,0.39321248822446475,0.0,0.0,0.0,0.0,5.479452054794521e-05,15774.614944511977,-0.02029479311732829,deleveraging,21,False
2021-12-26 00:00:00+00:00,-0.0010409752866707702,-0.000986180766122825,0.5,0.75,-0.25,1.25,0.3945988132023609,0.0,0.0,0.0,0.0,5.479452054794521e-05,15758.193960197992,-0.02131464202591582,transition,1,False
2021-12-27 00:00:00+00:00,-0.0038002076460182457,-0.0037454131254703003,0.5,0.75,-0.25,1.25,0.40236617063260993,0.0,0.0,0.0,0.0,5.479452054794521e-05,15698.309551023009,-0.025033849606335035,transition,2,False
2021-12-28 00:00:00+00:00,0.004358335051354054,0.004413129571902,0.5,0.75,-0.25,1.25,0.375921463185268,0.0,0.0,0.0,0.0,5.479452054794521e-05,15766.728043786237,-0.020784620459190717,transition,3,False
2021-12-29 00:00:00+00:00,0.001124239791374005,0.00117903431192195,0.5,0.75,-0.25,1.25,0.3629306232189773,0.0,0.0,0.0,0.0,5.479452054794521e-05,15784.453626832836,-0.019683747565185428,deleveraging,1,False
2021-12-30 00:00:00+00:00,-0.0025812896912495204,-0.002526495170701575,0.5,0.75,-0.25,1.25,0.5596314513024885,0.45406476880963087,0.0,0.0,0.0,5.479452054794521e-05,15743.709379403885,-0.022214227801759856,transition,1,False
2021-12-31 00:00:00+00:00,0.001812345940030805,0.0018671404605787503,0.5,0.75,-0.25,1.25,0.5542703190428453,0.0,0.0,0.0,0.0,5.479452054794521e-05,15772.242427178673,-0.020442141727296415,transition,2,False
2022-01-01 00:00:00+00:00,9.894396680935476e-05,0.00015373848735729997,0.5,0.75,-0.25,1.25,0.5658462254199661,0.0,0.0,0.0,0.0,5.479452054794521e-05,15773.802995409897,-0.020345220387079643,transition,3,False
2022-01-02 00:00:00+00:00,0.0010715388284988944,0.0011263333490468396,0.5,0.75,-0.25,1.25,0.57152785308647,0.0,0.0,0.0,0.0,5.479452054794521e-05,15790.70523779257,-0.019295482252199903,transition,4,False
2022-01-03 00:00:00+00:00,0.002325561718688855,0.0023803562392368,0.5,0.75,-0.25,1.25,0.5657954769380098,0.0,0.0,0.0,0.0,5.479452054794521e-05,15827.42749740468,-0.01701479336838041,transition,5,False
2022-01-04 00:00:00+00:00,0.0010226658629350798,0.001077460383483025,0.5,0.75,-0.25,1.25,0.5616320524281209,0.0,0.0,0.0,0.0,5.479452054794521e-05,15843.613667204358,-0.01600952795378796,transition,6,False
2022-01-05 00:00:00+00:00,0.00099959434700273,0.0010543888675506752,0.5,0.75,-0.25,1.25,0.5453260723038746,0.0,0.0,0.0,0.0,5.479452054794521e-05,15859.450853862189,-0.015025936640426174,transition,7,False
2022-01-06 00:00:00+00:00,-0.0046562689040515704,-0.004601474383503625,0.5,0.75,-0.25,1.25,0.486580821735232,0.0713048788548003,0.0,0.0,0.0,5.479452054794521e-05,15785.604986016018,-0.019612240742944542,transition,8,False
2022-01-07 00:00:00+00:00,-0.0013484671528437378,-0.0012936726322957926,0.5,0.75,-0.25,1.25,0.4741199054777798,0.0,0.0,0.0,0.0,5.479452054794521e-05,15764.31861620461,-0.020934261433352752,transition,9,False
2022-01-08 00:00:00+00:00,0.0002299358696706193,0.0002847303902185645,0.5,0.75,-0.25,1.25,0.4691798140065384,0.0,0.0,0.0,0.0,5.479452054794521e-05,15767.943398515392,-0.020709139101290686,transition,10,False
2022-01-09 00:00:00+00:00,0.0021358045268244294,0.002190599047372375,0.5,0.75,-0.25,1.25,0.4708520275185386,0.0,0.0,0.0,0.0,5.479452054794521e-05,15801.620643404653,-0.018617565247505352,transition,11,False
2022-01-10 00:00:00+00:00,0.0006567949937477796,0.0007115895142957248,0.5,0.75,-0.25,1.25,0.46162833590536445,0.0,0.0,0.0,0.0,5.479452054794521e-05,15811.999068736342,-0.01797299817740794,transition,12,False
2022-01-11 00:00:00+00:00,-0.0029219026796717955,-0.00286710815912385,0.5,0.75,-0.25,1.25,0.4711157211519347,0.0,0.0,0.0,0.0,5.479452054794521e-05,15765.797946286433,-0.020842385505543404,transition,13,False
2022-01-12 00:00:00+00:00,-0.0036054202434417956,-0.00355062572289385,0.5,0.75,-0.25,1.25,0.492668370437537,0.0,0.0,0.0,0.0,5.479452054794521e-05,15708.955619216878,-0.024372660190361994,transition,14,False
2022-01-13 00:00:00+00:00,-0.0015991317480447199,-0.0015443372274967747,0.5,0.75,-0.25,1.25,0.480242372111064,0.20781433560335474,0.0,0.0,0.0,5.479452054794521e-05,15683.834929557563,-0.02593281684371207,transition,15,False
2022-01-14 00:00:00+00:00,-0.0020793205074246955,-0.00202452598687675,0.5,0.75,-0.25,1.25,0.49320157142889914,0.0,0.0,0.0,0.0,5.479452054794521e-05,15651.22320995347,-0.027958214713258323,transition,16,False
2022-01-15 00:00:00+00:00,4.756519787170495e-05,0.00010235971841965016,0.5,0.75,-0.25,1.25,0.4973574417099952,0.0,0.0,0.0,0.0,5.479452054794521e-05,15651.967663482386,-0.027911979353401506,deleveraging,1,False
2022-01-16 00:00:00+00:00,-0.0009724114740185706,-0.0009176169534706254,0.5,0.75,-0.25,1.25,0.49580931582181575,0.0,0.0,0.0,0.0,5.479452054794521e-05,15636.74751053545,-0.028857248898434218,transition,1,False
2022-01-17 00:00:00+00:00,-0.0052852155662917455,-0.0052304210457438,0.5,0.75,-0.25,1.25,0.48762160429389845,0.0,0.0,0.0,0.0,5.479452054794521e-05,15554.103929186593,-0.033989947683647714,transition,2,False
2022-01-18 00:00:00+00:00,0.004008973951386855,0.0040637684719348,0.5,0.75,-0.25,1.25,0.4741201319944986,0.0,0.0,0.0,0.0,5.479452054794521e-05,15616.459926675867,-0.03011723854713344,deleveraging,1,False
2022-01-19 00:00:00+00:00,0.000993452195336355,0.0010482467158843003,0.5,0.75,-0.25,1.25,0.45943230994127204,0.0,0.0,0.0,0.0,5.479452054794521e-05,15631.974133073405,-0.029153706388549305,deleveraging,2,False
2022-01-20 00:00:00+00:00,0.0019834489535673796,0.002038243474115325,0.5,0.75,-0.25,1.25,0.4692917202397118,0.22208964913555035,0.0,0.0,0.0,5.479452054794521e-05,15662.97935580984,-0.027228082323410896,deleveraging,3,False
2022-01-21 00:00:00+00:00,-0.0012567128820265454,-0.0012019183614786003,0.5,0.75,-0.25,1.25,0.41948362694731745,0.0,0.0,0.0,0.0,5.479452054794521e-05,15643.295487882478,-0.028450577323628767,deleveraging,4,False
2022-01-22 00:00:00+00:00,0.00046053068180525484,0.0005153252023532,0.5,0.75,-0.25,1.25,0.3821060383932866,0.0,0.0,0.0,0.0,5.479452054794521e-05,15650.499705419194,-0.028003149005596195,deleveraging,5,False
2022-01-23 00:00:00+00:00,-0.0002945063270557702,-0.00023971180650782502,0.5,0.75,-0.25,1.25,0.3935811929338361,0.0,0.0,0.0,0.0,5.479452054794521e-05,15645.890534234364,-0.028289408228092228,deleveraging,6,False
2022-01-24 00:00:00+00:00,0.00293604580144393,0.0029908403219918753,0.5,0.75,-0.25,1.25,0.3805720161431907,0.0,0.0,0.0,0.0,5.479452054794521e-05,15691.827585447256,-0.025436421424901656,deleveraging,7,False
2022-01-25 00:00:00+00:00,0.002483177356858905,0.0025379718774068503,0.5,0.75,-0.25,1.25,0.38500067864826665,0.0,0.0,0.0,0.0,5.479452054794521e-05,15730.793176395173,-0.023016407213764523,deleveraging,8,False
2022-01-26 00:00:00+00:00,-0.0016900684063150702,-0.001635273885767125,0.5,0.75,-0.25,1.25,0.39200420847038464,0.0,0.0,0.0,0.0,5.479452054794521e-05,15704.20705984147,-0.02466757631742078,deleveraging,9,False
2022-01-27 00:00:00+00:00,0.003923709073878254,0.0039785035944262,0.5,0.75,-0.25,1.25,0.543628592222111,0.22813397712171601,0.0,0.0,0.0,5.479452054794521e-05,15765.825799580232,-0.020840655636569783,deleveraging,10,False
2022-01-28 00:00:00+00:00,0.00047281670627402996,0.0005276112268219751,0.5,0.75,-0.25,1.25,0.5513541622680425,0.0,0.0,0.0,0.0,5.479452054794521e-05,15773.280145406481,-0.020377692740450426,deleveraging,11,False
2022-01-29 00:00:00+00:00,0.0006384678116903677,0.0006932623322383129,0.5,0.75,-0.25,1.25,0.5629251711927927,0.0,0.0,0.0,0.0,5.479452054794521e-05,15783.350877064096,-0.019752235429651432,deleveraging,12,False
2022-01-30 00:00:00+00:00,-0.0010364781827958203,-0.0009816836622478751,0.5,0.75,-0.25,1.25,0.5604141437996737,0.0,0.0,0.0,0.0,5.479452054794521e-05,15766.99177822861,-0.020768240851362862,deleveraging,13,False
2022-01-31 00:00:00+00:00,-0.0007791599862856202,-0.000724365465737675,0.5,0.75,-0.25,1.25,0.5600653718103903,0.0,0.0,0.0,0.0,5.479452054794521e-05,15754.70676913092,-0.02153121905539146,deleveraging,14,False
2022-02-01 00:00:00+00:00,-0.00569850090024627,-0.005643706379698325,0.5,0.75,-0.25,1.25,0.5804755615661619,0.0,0.0,0.0,0.0,5.479452054794521e-05,15664.928558423911,-0.027107024284467207,deleveraging,15,False
2022-02-02 00:00:00+00:00,0.0038232760638120793,0.0038780705843600247,0.5,0.75,-0.25,1.25,0.5627447282833766,0.0,0.0,0.0,0.0,5.479452054794521e-05,15724.819904822662,-0.02338738585776301,deleveraging,16,False
2022-02-03 00:00:00+00:00,-0.0013044229096567702,-0.001249628389108825,0.5,0.75,-0.25,1.25,0.552373922149703,0.2659697906665379,0.0,0.0,0.0,5.479452054794521e-05,15704.308089488582,-0.024661301725510065,deleveraging,17,False
2022-02-04 00:00:00+00:00,0.004256754536372904,0.00431154905692085,0.5,0.75,-0.25,1.25,0.589893624447796,0.0,0.0,0.0,0.0,5.479452054794521e-05,15771.157474189113,-0.020509524297129933,deleveraging,18,False
2022-02-05 00:00:00+00:00,-0.0029057867086245952,-0.00285099218807665,0.5,0.75,-0.25,1.25,0.6085323690257041,0.0,0.0,0.0,0.0,5.479452054794521e-05,15725.329854420988,-0.023355714702651742,deleveraging,19,False
2022-02-06 00:00:00+00:00,0.0013476807754900049,0.00140247529603795,0.5,0.75,-0.25,1.25,0.6167371852541002,0.0,0.0,0.0,0.0,5.479452054794521e-05,15746.52257915403,-0.02203950997486437,deleveraging,20,False
2022-02-07 00:00:00+00:00,-0.004831955893617895,-0.004777161373069949,0.5,0.75,-0.25,1.25,0.6327070996198574,0.0500209169916067,0.0,0.0,0.0,5.479452054794521e-05,15670.4360765737,-0.026764971928366688,deleveraging,21,False
2022-02-08 00:00:00+00:00,-0.0003730200655821702,-0.000318225545034225,0.5,0.75,-0.25,1.25,0.6035683550692523,0.0,0.0,0.0,0.0,5.479452054794521e-05,15664.590689480716,-0.02712800812236482,deleveraging,22,False
2022-02-09 00:00:00+00:00,0.00030629687684830486,0.00036109139739625004,0.5,0.75,-0.25,1.25,0.6131957193160251,0.0,0.0,0.0,0.0,5.479452054794521e-05,15669.38870468601,-0.026830020469679527,deleveraging,23,False
2022-02-10 00:00:00+00:00,0.0012041590495256548,0.0012589535700736,0.5,0.75,-0.25,1.25,0.468493750048578,0.3508769935490018,0.0,0.0,0.0,5.479452054794521e-05,15688.257140895297,-0.025658169032101164,deleveraging,24,False
2022-02-11 00:00:00+00:00,0.0016125904660682546,0.0016673849866161998,0.5,0.75,-0.25,1.25,0.4434244000223362,0.0,0.0,0.0,0.0,5.479452054794521e-05,15713.55587478993,-0.02408695468479094,deleveraging,25,False
2022-02-12 00:00:00+00:00,-0.00409458494325637,-0.004039790422708424,0.5,0.75,-0.25,1.25,0.4347989360292819,0.0,0.0,0.0,0.0,5.479452054794521e-05,15649.2153855,-0.028082913546065957,deleveraging,26,False
2022-02-13 00:00:00+00:00,0.000617188061797655,0.0006719825823456001,0.5,0.75,-0.25,1.25,0.4381368230729743,0.0,0.0,0.0,0.0,5.479452054794521e-05,15658.873894412429,-0.027483057923249565,deleveraging,27,False
2022-02-14 00:00:00+00:00,0.00155489058592448,0.001609685106472425,0.5,0.75,-0.25,1.25,0.43460520304544714,0.0,0.0,0.0,0.0,5.479452054794521e-05,15683.221730017027,-0.025970900485362547,deleveraging,28,False
2022-02-15 00:00:00+00:00,-0.00045930140359162004,-0.00040450688304367486,0.5,0.75,-0.25,1.25,0.4578121178714972,0.0,0.0,0.0,0.0,5.479452054794521e-05,15676.018404263592,-0.02641827341790859,deleveraging,29,False
2022-02-16 00:00:00+00:00,0.0014209685872510298,0.001475763107798975,0.5,0.75,-0.25,1.25,0.4553186949983251,0.0,0.0,0.0,0.0,5.479452054794521e-05,15698.293533989221,-0.025034844367313736,deleveraging,30,False
2022-02-17 00:00:00+00:00,-0.0021778667575193455,-0.0021230722369714,0.5,0.75,-0.25,1.25,0.4465378126284537,0.2067829746166966,0.0,0.0,0.0,5.479452054794521e-05,15664.104742351765,-0.027158188569505914,transition,1,False
2022-02-18 00:00:00+00:00,-0.0027851403955535454,-0.0027303458750056,0.5,0.75,-0.25,1.25,0.4332479050193868,0.0,0.0,0.0,0.0,5.479452054794521e-05,15620.47801147366,-0.029867689597004365,deleveraging,1,False
2022-02-19 00:00:00+00:00,-0.004409925815504795,-0.00435513129495685,0.5,0.75,-0.25,1.25,0.43551491503987294,0.0,0.0,0.0,0.0,5.479452054794521e-05,15551.592862240337,-0.034145901117105804,deleveraging,2,False
2022-02-20 00:00:00+00:00,-0.0001044419348126952,-4.9647414264749994e-05,0.5,0.75,-0.25,1.25,0.42015887817770103,0.0,0.0,0.0,0.0,5.479452054794521e-05,15549.968623792385,-0.03424677678793997,transition,1,False
2022-02-21 00:00:00+00:00,0.00590892500192453,0.005963719522472475,0.5,0.75,-0.25,1.25,0.4072958835627576,0.0,0.0,0.0,0.0,5.479452054794521e-05,15641.852222172656,-0.028540213421612948,transition,2,False
2022-02-22 00:00:00+00:00,0.0006992045653962799,0.000753999085944225,0.5,0.75,-0.25,1.25,0.4002147026778415,0.0,0.0,0.0,0.0,5.479452054794521e-05,15652.789076657651,-0.027860964303738522,deleveraging,1,False
2022-02-23 00:00:00+00:00,-0.00015285767228274518,-9.806315173479998e-05,0.5,0.75,-0.25,1.25,0.4013918395431566,0.0,0.0,0.0,0.0,5.479452054794521e-05,15650.39642775466,-0.02800956321387027,deleveraging,2,False
2022-02-24 00:00:00+00:00,0.0018878318780229048,0.00194262639857085,0.5,0.75,-0.25,1.25,0.48416768595893833,0.4115936003972945,0.0,0.0,0.0,5.479452054794521e-05,15679.941745034672,-0.026174608682171918,deleveraging,3,False
2022-02-25 00:00:00+00:00,-0.00410200036046972,-0.004047205839921774,0.5,0.75,-0.25,1.25,0.5116369676215702,0.0,0.0,0.0,0.0,5.479452054794521e-05,15615.622618344396,-0.030169240788392226,deleveraging,4,False
2022-02-26 00:00:00+00:00,-0.0001875665073616452,-0.0001327719868137,0.5,0.75,-0.25,1.25,0.38665822497240404,0.016624500271163772,0.0,0.0,0.0,5.479452054794521e-05,15612.693650549596,-0.03035114855662946,deleveraging,5,False
2022-02-27 00:00:00+00:00,-0.002302468490987449,-0.0022476739704395034,0.5,0.75,-0.25,1.25,0.3759764088876561,0.0,0.0,0.0,0.0,5.479452054794521e-05,15576.745915359767,-0.032583734484399884,deleveraging,6,False
2022-02-28 00:00:00+00:00,0.00847312681398443,0.008527921334532375,0.5,0.75,-0.25,1.25,0.396024531228236,0.0,0.0,0.0,0.0,5.479452054794521e-05,15708.729658849823,-0.024386693784774982,deleveraging,7,False
2022-03-01 00:00:00+00:00,0.0025208982190645045,0.00257569273961245,0.5,0.75,-0.25,1.25,0.40920638597449366,0.0,0.0,0.0,0.0,5.479452054794521e-05,15748.329767470583,-0.021927271938641524,deleveraging,8,False
2022-03-02 00:00:00+00:00,-0.00115094921351662,-0.0010961546929686749,0.5,0.75,-0.25,1.25,0.4053006090284522,0.0,0.0,0.0,0.0,5.479452054794521e-05,15730.204239710512,-0.023052983975765717,deleveraging,9,False
2022-03-03 00:00:00+00:00,-0.0024462678659459454,-0.002391473345398,0.5,0.75,-0.25,1.25,0.42133575429741654,0.232850631903884,0.0,0.0,0.0,5.479452054794521e-05,15691.72394655414,-0.02544285806779767,deleveraging,10,False
2022-03-04 00:00:00+00:00,-0.004734992249501645,-0.0046801977289537,0.5,0.75,-0.25,1.25,0.397586378453736,0.0,0.0,0.0,0.0,5.479452054794521e-05,15617.423755285887,-0.030057378581543115,deleveraging,11,False
2022-03-05 00:00:00+00:00,-0.00012055598085678718,-6.576146030884197e-05,0.5,0.75,-0.25,1.25,0.39680131158937376,0.0,0.0,0.0,0.0,5.479452054794521e-05,15615.540981446611,-0.03017431096564316,deleveraging,12,False
2022-03-06 00:00:00+00:00,-0.0011571623715014203,-0.0011023678509534751,0.5,0.75,-0.25,1.25,0.3887687958071466,0.0,0.0,0.0,0.0,5.479452054794521e-05,15597.471265012244,-0.031296556759909056,deleveraging,13,False
2022-03-07 00:00:00+00:00,0.0004361473777150885,0.0004909418982630337,0.5,0.75,-0.25,1.25,0.3780724847921696,0.0,0.0,0.0,0.0,5.479452054794521e-05,15604.274061203465,-0.030874059293356293,deleveraging,14,False
2022-03-08 00:00:00+00:00,0.0006335580223634297,0.0006883525429113749,0.5,0.75,-0.25,1.25,0.3822203071289102,0.0,0.0,0.0,0.0,5.479452054794521e-05,15614.160274218098,-0.03026006177894114,deleveraging,15,False
2022-03-09 00:00:00+00:00,0.0036670492498905296,0.003721843770438475,0.5,0.75,-0.25,1.25,0.4016740682959705,0.0,0.0,0.0,0.0,5.479452054794521e-05,15671.418168939339,-0.026703977665898826,deleveraging,16,False
2022-03-10 00:00:00+00:00,-0.004220202330492671,-0.004165407809944725,0.5,0.75,-0.25,1.25,0.3008949108330867,0.2094190043180958,0.0,0.0,0.0,5.479452054794521e-05,15605.281613460655,-0.03081148380761245,deleveraging,17,False
2022-03-11 00:00:00+00:00,-0.001077090837349395,-0.0010222963168014499,0.5,0.75,-0.25,1.25,0.2974416172664778,0.0,0.0,0.0,0.0,5.479452054794521e-05,15588.473307620541,-0.03185538787806741,deleveraging,18,False
2022-03-12 00:00:00+00:00,0.000295141273727381,0.00034993579427532623,0.5,0.75,-0.25,1.25,0.2980629565976874,0.0,0.0,0.0,0.0,5.479452054794521e-05,15593.074109488016,-0.0315696484440936,deleveraging,19,False
2022-03-13 00:00:00+00:00,-0.0019493093375878834,-0.0018945148170399382,0.5,0.75,-0.25,1.25,0.2940989655209655,0.0,0.0,0.0,0.0,5.479452054794521e-05,15562.678384524694,-0.03345741877118491,deleveraging,20,False
2022-03-14 00:00:00+00:00,0.0038662588828286297,0.003921053403376575,0.5,0.75,-0.25,1.25,0.2972005514749123,0.0,0.0,0.0,0.0,5.479452054794521e-05,15622.847728069466,-0.029720514930876907,deleveraging,21,False
2022-03-15 00:00:00+00:00,0.00011515084795882981,0.00016994536850677502,0.5,0.75,-0.25,1.25,0.2968803632009681,0.0,0.0,0.0,0.0,5.479452054794521e-05,15624.646712232885,-0.029608786425414202,transition,1,False
2022-03-16 00:00:00+00:00,0.0028672173104633937,0.002922011831011339,0.5,0.75,-0.25,1.25,0.3064350969596025,0.0,0.0,0.0,0.0,5.479452054794521e-05,15669.445969756074,-0.02682646393993149,transition,2,False
2022-03-17 00:00:00+00:00,-0.002095885087971745,-0.0020410905674237995,0.5,0.75,-0.25,1.25,0.4084538475948586,0.21411482212478078,0.0,0.0,0.0,5.479452054794521e-05,15636.604611611285,-0.028866123842168467,transition,3,False
2022-03-18 00:00:00+00:00,0.00163979139787483,0.001694585918422775,0.5,0.75,-0.25,1.25,0.4138770111283788,0.0,0.0,0.0,0.0,5.479452054794521e-05,15662.245381345372,-0.02727366686586019,transition,4,False
2022-03-19 00:00:00+00:00,0.0016286802961202797,0.001683474816668225,0.5,0.75,-0.25,1.25,0.4246559425335095,0.0,0.0,0.0,0.0,5.479452054794521e-05,15687.75417179097,-0.025689406653567337,transition,5,False
2022-03-20 00:00:00+00:00,0.0010669586328707049,0.00112175315341865,0.5,0.75,-0.25,1.25,0.41950878901392685,0.0,0.0,0.0,0.0,5.479452054794521e-05,15704.492356534916,-0.024649857554898902,transition,6,False
2022-03-21 00:00:00+00:00,0.004199219058839254,0.0042540135793872,0.5,0.75,-0.25,1.25,0.42434301570400595,0.0,0.0,0.0,0.0,5.479452054794521e-05,15770.438960147874,-0.020554148647701775,transition,7,False
2022-03-22 00:00:00+00:00,0.00751984826605178,0.007574642786599726,0.5,0.75,-0.25,1.25,0.4409398543976289,0.0,0.0,0.0,0.0,5.479452054794521e-05,15889.030268217217,-0.013188864460718652,transition,8,False
2022-03-23 00:00:00+00:00,-0.007759328525472796,-0.00770453400492485,0.5,0.75,-0.25,1.25,0.44876017406854085,0.0,0.0,0.0,0.0,5.479452054794521e-05,15765.742062414938,-0.020845856253962847,transition,9,False
2022-03-24 00:00:00+00:00,-0.0005166917711026953,-0.0004618972505547501,0.5,0.75,-0.25,1.25,0.45466313147113496,0.3290603663187246,0.0,0.0,0.0,5.479452054794521e-05,15757.59603322596,-0.021351777142677553,transition,10,False
2022-03-25 00:00:00+00:00,0.00068038496750223,0.0007351794880501752,0.5,0.75,-0.25,1.25,0.4508596327275794,0.0,0.0,0.0,0.0,5.479452054794521e-05,15768.31726469094,-0.020685919603372627,transition,11,False
2022-03-26 00:00:00+00:00,0.00011918219242247984,0.00017397671297042505,0.5,0.75,-0.25,1.25,0.4527988678617149,0.0,0.0,0.0,0.0,5.479452054794521e-05,15770.19656731336,-0.020569202804200715,deleveraging,1,False
2022-03-27 00:00:00+00:00,3.203668055412983e-05,8.683120110207504e-05,0.5,0.75,-0.25,1.25,0.4693041686712129,0.0,0.0,0.0,0.0,5.479452054794521e-05,15770.701792063062,-0.020537825092626028,transition,1,False
2022-03-28 00:00:00+00:00,0.00530241307207958,0.005357207592627525,0.5,0.75,-0.25,1.25,0.485009791381502,0.0,0.0,0.0,0.0,5.479452054794521e-05,15854.324567401165,-0.015344312052789855,deleveraging,1,False
2022-03-29 00:00:00+00:00,5.937723771790479e-05,0.00011417175826585,0.5,0.75,-0.25,1.25,0.4854679430462706,0.0,0.0,0.0,0.0,5.479452054794521e-05,15855.265953399861,-0.015285845917936247,transition_2,1,False
2022-03-30 00:00:00+00:00,0.00010658921512590478,0.00016138373567385,0.5,0.75,-0.25,1.25,0.4839183403686821,0.0,0.0,0.0,0.0,5.479452054794521e-05,15856.95595375345,-0.015180886009129035,transition_2,2,False
2022-03-31 00:00:00+00:00,-0.0013967335077610203,-0.0013419389872130752,0.5,0.75,-0.25,1.25,0.4635288797930707,0.17191780334258683,0.0,0.0,0.0,5.479452054794521e-05,15834.80801204175,-0.016556415864723673,transition_2,3,False
2022-04-01 00:00:00+00:00,0.0008133261247985548,0.0008681206453465,0.5,0.75,-0.25,1.25,0.4569045810430414,0.0,0.0,0.0,0.0,5.479452054794521e-05,15847.686875079113,-0.01575655550548105,transition_2,4,False
2022-04-02 00:00:00+00:00,-0.0016193513784575203,-0.0015645568579095751,0.5,0.75,-0.25,1.25,0.46493348941800583,0.0,0.0,0.0,0.0,5.479452054794521e-05,15822.02390149259,-0.017350391484061034,transition_2,5,False
2022-04-03 00:00:00+00:00,-0.0027935100433334205,-0.002738715522785475,0.5,0.75,-0.25,1.25,0.4713073055375369,0.0,0.0,0.0,0.0,5.479452054794521e-05,15777.824918817909,-0.020095433034527987,transition_2,6,False
2022-04-04 00:00:00+00:00,0.0009235666096778536,0.0009783611302257988,0.5,0.75,-0.25,1.25,0.47318391304874374,0.0,0.0,0.0,0.0,5.479452054794521e-05,15792.396791086272,-0.019190425895807772,transition_2,7,False
2022-04-05 00:00:00+00:00,-0.01641564637367577,-0.016360851853127825,0.5,0.75,-0.25,1.25,0.4803627933646186,0.0,0.0,0.0,0.0,5.479452054794521e-05,15533.154389971027,-0.03529104902421787,transition_2,8,False
2022-04-06 00:00:00+00:00,0.010029938139726729,0.010084732660274674,0.5,0.75,-0.25,1.25,0.44204486704458323,0.0,0.0,0.0,0.0,5.479452054794521e-05,15688.950967617258,-0.025615077923090257,transition_2,9,False
2022-04-07 00:00:00+00:00,-0.001076952372871595,-0.00102215785232365,0.5,0.75,-0.25,1.25,0.5112309419339252,0.201271676781828,0.0,0.0,0.0,5.479452054794521e-05,15672.054714644817,-0.026664444077011185,deleveraging,1,False
2022-04-08 00:00:00+00:00,0.00117198729878408,0.001226781819332025,0.5,0.75,-0.25,1.25,0.5027679771225364,0.0,0.0,0.0,0.0,5.479452054794521e-05,15690.422163716228,-0.025523707168014664,transition_2,1,False
2022-04-09 00:00:00+00:00,0.0004318009824298471,0.0004865955029777923,0.5,0.75,-0.25,1.25,0.49936000382675705,0.0,0.0,0.0,0.0,5.479452054794521e-05,15697.19730342126,-0.02510292734741515,deleveraging,1,False
2022-04-10 00:00:00+00:00,-0.003804360691494496,-0.0037495661709465505,0.5,0.75,-0.25,1.25,0.5031569377813686,0.0,0.0,0.0,0.0,5.479452054794521e-05,15637.479503033492,-0.0288117874488677,transition,1,False
2022-04-11 00:00:00+00:00,0.004848771391497329,0.004903565912045275,0.5,0.75,-0.25,1.25,0.46607398356873725,0.0,0.0,0.0,0.0,5.479452054794521e-05,15713.302066282926,-0.02410271782809037,transition,2,False
2022-04-12 00:00:00+00:00,-0.0018677563591965203,-0.0018129618386485752,0.5,0.75,-0.25,1.25,0.46649222879701535,0.0,0.0,0.0,0.0,5.479452054794521e-05,15683.95344642465,-0.02592545618278952,deleveraging,1,False
2022-04-13 00:00:00+00:00,-0.0033272541806397956,-0.0032724596600918502,0.5,0.75,-0.25,1.25,0.4819252703450486,0.0,0.0,0.0,0.0,5.479452054794521e-05,15631.768946751072,-0.02916644978096028,deleveraging,2,False
2022-04-14 00:00:00+00:00,-0.007068227955616294,-0.007013433435068349,0.5,0.75,-0.25,1.25,0.48555718153761895,0.06513944297847982,0.0,0.0,0.0,5.479452054794521e-05,15521.280040485912,-0.03602852262086864,deleveraging,3,False
2022-04-15 00:00:00+00:00,0.0004391260816979521,0.0004939206022458973,0.5,0.75,-0.25,1.25,0.4925647467405067,0.0,0.0,0.0,0.0,5.479452054794521e-05,15528.095839373029,-0.035605217603138506,deleveraging,4,False
2022-04-16 00:00:00+00:00,0.0022636251933301297,0.002318419713878075,0.5,0.75,-0.25,1.25,0.4963671461255924,0.0,0.0,0.0,0.0,5.479452054794521e-05,15563.245628319477,-0.033422189277388936,transition,1,False
2022-04-17 00:00:00+00:00,0.001754395498330955,0.0018091900188789002,0.5,0.75,-0.25,1.25,0.4856794608917432,0.0,0.0,0.0,0.0,5.479452054794521e-05,15590.549716389221,-0.03172642951747051,transition,2,False
2022-04-18 00:00:00+00:00,0.0008506272276953798,0.0009054217482433249,0.5,0.75,-0.25,1.25,0.4814533480443892,0.0,0.0,0.0,0.0,5.479452054794521e-05,15603.81146247272,-0.03090278965456017,transition,3,False
2022-04-19 00:00:00+00:00,0.0004492464407665549,0.0005040409613145001,0.5,0.75,-0.25,1.25,0.49496365079693816,0.0,0.0,0.0,0.0,5.479452054794521e-05,15610.821419234631,-0.030467426182055557,deleveraging,1,False
2022-04-20 00:00:00+00:00,0.0015118085493214049,0.00156660306986935,0.5,0.75,-0.25,1.25,0.49762877543158873,0.0,0.0,0.0,0.0,5.479452054794521e-05,15634.421992518157,-0.029001678548112197,transition,1,False
2022-04-21 00:00:00+00:00,0.0024126890815038796,0.002467483602051825,0.5,0.75,-0.25,1.25,0.5350928913444251,0.3125782632263583,0.0,0.0,0.0,5.479452054794521e-05,15672.142991755132,-0.026658961499786415,transition,2,False
2022-04-22 00:00:00+00:00,-0.0023412381513302567,-0.0022864436307823113,0.5,0.75,-0.25,1.25,0.5262104699739776,0.0,0.0,0.0,0.0,5.479452054794521e-05,15635.450772669732,-0.028937784673378597,transition,3,False
2022-04-23 00:00:00+00:00,0.0013547391271810324,0.0014095336477289776,0.5,0.75,-0.25,1.25,0.5188441717504371,0.0,0.0,0.0,0.0,5.479452054794521e-05,15656.632729602583,-0.02762224869534835,transition,4,False
2022-04-24 00:00:00+00:00,0.0025328234322293045,0.00258761795277725,0.5,0.75,-0.25,1.25,0.5122800437025916,0.0,0.0,0.0,0.0,5.479452054794521e-05,15696.288215849927,-0.02515938754186564,transition,5,False
2022-04-25 00:00:00+00:00,-0.010257483438339446,-0.0102026889177915,0.5,0.75,-0.25,1.25,0.5207715828080332,0.0,0.0,0.0,0.0,5.479452054794521e-05,15535.283799432444,-0.03515879897917562,transition,6,False
2022-04-26 00:00:00+00:00,0.008018156024137205,0.00807295054468515,0.5,0.75,-0.25,1.25,0.5051143352659604,0.0,0.0,0.0,0.0,5.479452054794521e-05,15659.848128815545,-0.027422551690874597,transition_2,1,False
2022-04-27 00:00:00+00:00,0.00015763154004640482,0.00021242606059435003,0.5,0.75,-0.25,1.25,0.5022375469809335,0.0,0.0,0.0,0.0,5.479452054794521e-05,15662.316614792984,-0.027269242809883187,transition,1,False
2022-04-28 00:00:00+00:00,0.004656702256061055,0.004711496776609,0.5,0.75,-0.25,1.25,0.5354896536837844,0.07201338208354492,0.0,0.0,0.0,5.479452054794521e-05,15735.251359908234,-0.022739525298336005,transition,2,False
2022-04-29 00:00:00+00:00,-0.0014126372412665703,-0.0013578427207186251,0.5,0.75,-0.25,1.25,0.5224174501785606,0.0,0.0,0.0,0.0,5.479452054794521e-05,15713.023157836536,-0.02412003983931743,transition,3,False
2022-04-30 00:00:00+00:00,0.00698260791538598,0.007037402435933925,0.5,0.75,-0.25,1.25,0.49377105614668226,0.0,0.0,0.0,0.0,5.479452054794521e-05,15822.741037713091,-0.01730585270503282,transition,4,False
2022-05-01 00:00:00+00:00,-0.0020694782093357202,-0.002014683688787775,0.5,0.75,-0.25,1.25,0.49832751368881545,0.0,0.0,0.0,0.0,5.479452054794521e-05,15789.996219923582,-0.019339516829301462,deleveraging,1,False
2022-05-02 00:00:00+00:00,0.00240420082952658,0.002458995350074525,0.5,0.75,-0.25,1.25,0.4985278333650513,0.0,0.0,0.0,0.0,5.479452054794521e-05,15827.958541933744,-0.016981812082178527,transition,1,False
2022-05-03 00:00:00+00:00,-0.0008216238759442952,-0.0007668293553963501,0.5,0.75,-0.25,1.25,0.4935356462024973,0.0,0.0,0.0,0.0,5.479452054794521e-05,15814.953913288235,-0.017789483295859276,deleveraging,1,False
2022-05-04 00:00:00+00:00,-0.00556582572331922,-0.005511031202771275,0.5,0.75,-0.25,1.25,0.5181823295972878,0.0,0.0,0.0,0.0,5.479452054794521e-05,15726.930635984547,-0.023256295855445863,transition,1,False
2022-05-05 00:00:00+00:00,0.0031746984901233543,0.0032294930106712997,0.5,0.75,-0.25,1.25,0.5006839073353317,0.049394461360374224,0.0,0.0,0.0,5.479452054794521e-05,15776.85889892888,-0.02015542909266077,deleveraging,1,False
2022-05-06 00:00:00+00:00,-0.0014873942830790452,-0.0014325997625311,0.5,0.75,-0.25,1.25,0.48696317674567674,0.0,0.0,0.0,0.0,5.479452054794521e-05,15753.392489197668,-0.021612844305734402,deleveraging,2,False
2022-05-07 00:00:00+00:00,-0.0012515745265495452,-0.0011967800060016,0.5,0.75,-0.25,1.25,0.47968987773314575,0.0,0.0,0.0,0.0,5.479452054794521e-05,15733.67594445145,-0.022837368746904674,deleveraging,3,False
2022-05-08 00:00:00+00:00,-0.0022348519326679706,-0.002180057412120025,0.5,0.75,-0.25,1.25,0.4657092425871442,0.0,0.0,0.0,0.0,5.479452054794521e-05,15698.513508359023,-0.02502118254189145,deleveraging,4,False
2022-05-09 00:00:00+00:00,0.011137301184718455,0.0111920957052664,0.5,0.75,-0.25,1.25,0.4049605867964442,0.0,0.0,0.0,0.0,5.479452054794521e-05,15873.352581453988,-0.014162549803139912,deleveraging,5,False
2022-05-10 00:00:00+00:00,-0.00180159940600477,-0.0017468048854568249,0.5,0.75,-0.25,1.25,0.412352284925361,0.0,0.0,0.0,0.0,5.479452054794521e-05,15844.755158871934,-0.015938633967831906,deleveraging,6,False
2022-05-11 00:00:00+00:00,0.013985539100108604,0.014040333620656549,0.5,0.75,-0.25,1.25,0.3589789550871684,0.0,0.0,0.0,0.0,5.479452054794521e-05,16066.352601677987,-0.002176005256282698,deleveraging,7,False
2022-05-12 00:00:00+00:00,-0.00021850568070057018,-0.00016371116015262497,0.5,0.75,-0.25,1.25,0.35796624386696274,0.1722802797940589,0.0,0.0,0.0,5.479452054794521e-05,16062.84201236638,-0.002394035467473632,deleveraging,8,True
2022-05-13 00:00:00+00:00,-0.011658083935752796,-0.01160328941520485,0.5,0.75,-0.25,1.25,0.3875965584933681,0.0,0.0,0.0,0.0,5.479452054794521e-05,15875.580051939474,-0.014024209536801613,deleveraging,9,True
2022-05-14 00:00:00+00:00,-0.0009000238893268275,-0.0008452293687788823,0.5,0.75,-0.25,1.25,0.3888267804093408,0.0,0.0,0.0,0.0,5.479452054794521e-05,15861.291650635809,-0.014911611302516281,deleveraging,10,True
2022-05-15 00:00:00+00:00,-0.0022846117124567704,-0.002229817191908825,0.5,0.75,-0.25,1.25,0.4039866438218107,0.0,0.0,0.0,0.0,5.479452054794521e-05,15825.054757956073,-0.01716215577313973,deleveraging,11,True
2022-05-16 00:00:00+00:00,0.0036486447533632047,0.00370343927391115,0.5,0.75,-0.25,1.25,0.38703211701541984,0.0,0.0,0.0,0.0,5.479452054794521e-05,15882.794760970375,-0.013576129629394695,deleveraging,12,True
2022-05-17 00:00:00+00:00,-0.0019827267687675203,-0.001927932248219575,0.5,0.75,-0.25,1.25,0.3971815106712788,0.0,0.0,0.0,0.0,5.479452054794521e-05,15851.303518634959,-0.015531938642529663,deleveraging,13,False
2022-05-18 00:00:00+00:00,0.004970478994597054,0.005025273515145,0.5,0.75,-0.25,1.25,0.3718071652346448,0.0,0.0,0.0,0.0,5.479452054794521e-05,15930.092089811315,-0.010638660822700818,deleveraging,14,False
2022-05-19 00:00:00+00:00,0.0014597656548017799,0.001514560175349725,0.5,0.75,-0.25,1.25,0.4495863368783104,0.29921033080837656,0.0,0.0,0.0,5.479452054794521e-05,15953.346291121852,-0.009194425119581018,deleveraging,15,False
2022-05-20 00:00:00+00:00,-0.00130616149942822,-0.0012513669788802749,0.5,0.75,-0.25,1.25,0.44536041412839306,0.0,0.0,0.0,0.0,5.479452054794521e-05,15932.508644409345,-0.010488577214908479,deleveraging,16,False
2022-05-21 00:00:00+00:00,-0.0009096624150424201,-0.000854867894494475,0.5,0.75,-0.25,1.25,0.44735816003466283,0.0,0.0,0.0,0.0,5.479452054794521e-05,15918.015440118188,-0.0113886985654712,deleveraging,17,False
2022-05-22 00:00:00+00:00,0.002371547944628955,0.0024263424651769,0.5,0.75,-0.25,1.25,0.4572581725247194,0.0,0.0,0.0,0.0,5.479452054794521e-05,15955.76577691777,-0.009044159465517398,deleveraging,18,False
2022-05-23 00:00:00+00:00,-0.0008464838744239701,-0.0007916893538760249,0.5,0.75,-0.25,1.25,0.4547857153387612,0.0,0.0,0.0,0.0,5.479452054794521e-05,15942.259478483522,-0.009882987604796112,deleveraging,19,False
2022-05-24 00:00:00+00:00,0.001030695923443305,0.0010854904439912502,0.5,0.75,-0.25,1.25,0.4503259226079566,0.0,0.0,0.0,0.0,5.479452054794521e-05,15958.691100338474,-0.008862478036388288,deleveraging,20,False
2022-05-25 00:00:00+00:00,0.001334070712688505,0.00138886523323645,0.5,0.75,-0.25,1.25,0.44973926111303164,0.0,0.0,0.0,0.0,5.479452054794521e-05,15979.981122748279,-0.0075402304960899835,deleveraging,21,False
2022-05-26 00:00:00+00:00,0.00232558753901103,0.0023803820595589753,0.5,0.75,-0.25,1.25,0.4408110599547654,0.26786207957184294,0.0,0.0,0.0,5.479452054794521e-05,16017.143967720975,-0.005232178423161815,deleveraging,22,False
2022-05-27 00:00:00+00:00,-0.0026847759288844454,-0.0026299814083365,0.5,0.75,-0.25,1.25,0.42955245347922744,0.0,0.0,0.0,0.0,5.479452054794521e-05,15974.14152514696,-0.007902907125360126,deleveraging,23,False
2022-05-28 00:00:00+00:00,-0.0012812244632196452,-0.0012264299426717,0.5,0.75,-0.25,1.25,0.4389880035072913,0.0,0.0,0.0,0.0,5.479452054794521e-05,15953.675064246008,-0.00917400619064035,deleveraging,24,False
2022-05-29 00:00:00+00:00,-0.0028075301719441706,-0.0027527356513962252,0.5,0.75,-0.25,1.25,0.4467844321141078,0.0,0.0,0.0,0.0,5.479452054794521e-05,15908.884640149745,-0.011955780063406585,transition,1,False
2022-05-30 00:00:00+00:00,-0.0018991534722590953,-0.0018443589517111501,0.5,0.75,-0.25,1.25,0.479198100469008,0.0,0.0,0.0,0.0,5.479452054794521e-05,15878.671226645636,-0.013832227674444697,transition,2,False
2022-05-31 00:00:00+00:00,-0.0032174619693491955,-0.00316266744880125,0.5,0.75,-0.25,1.25,0.495790903540807,0.0,0.0,0.0,0.0,5.479452054794521e-05,15827.582205850103,-0.01700518497729997,deleveraging,1,False
2022-06-01 00:00:00+00:00,0.0020715306495753547,0.0021263251701233,0.5,0.75,-0.25,1.25,0.4688091376992376,0.0,0.0,0.0,0.0,5.479452054794521e-05,15860.369527498195,-0.014968881089606922,deleveraging,2,False
2022-06-02 00:00:00+00:00,-0.0024585208137183207,-0.0024037262931703753,0.5,0.75,-0.25,1.25,0.41464726988455813,0.16141321620610208,0.0,0.0,0.0,5.479452054794521e-05,15821.376478901577,-0.01739060059760833,deleveraging,3,False
2022-06-03 00:00:00+00:00,0.0011691339075919332,0.0012239284281398784,0.5,0.75,-0.25,1.25,0.4066004868008127,0.0,0.0,0.0,0.0,5.479452054794521e-05,15839.873786607837,-0.016241798630848514,deleveraging,4,False
2022-06-04 00:00:00+00:00,0.0029379943106968803,0.0029927888312448257,0.5,0.75,-0.25,1.25,0.40800085386681706,0.0,0.0,0.0,0.0,5.479452054794521e-05,15886.411245675048,-0.013351522632124468,deleveraging,5,False
2022-06-05 00:00:00+00:00,0.0021583587005638044,0.00221315322111175,0.5,0.75,-0.25,1.25,0.4093282660487586,0.0,0.0,0.0,0.0,5.479452054794521e-05,15920.699819607884,-0.011221981306599571,transition,1,False
2022-06-06 00:00:00+00:00,0.00224598864706783,0.0023007831676157752,0.5,0.75,-0.25,1.25,0.42357572174248315,0.0,0.0,0.0,0.0,5.479452054794521e-05,15956.457530656098,-0.009001197102143976,deleveraging,1,False
2022-06-07 00:00:00+00:00,0.005880335302039862,0.005935129822587808,0.5,0.75,-0.25,1.25,0.4149102049590122,0.0,0.0,0.0,0.0,5.479452054794521e-05,16050.286851169114,-0.0031737918571845825,deleveraging,2,False
2022-06-08 00:00:00+00:00,-0.0038201390521673206,-0.003765344531619375,0.5,0.75,-0.25,1.25,0.41865334368406065,0.0,0.0,0.0,0.0,5.479452054794521e-05,15988.972523570475,-0.006981806583134742,deleveraging,3,False
2022-06-09 00:00:00+00:00,0.0006410337674981548,0.0006958282880461,0.5,0.75,-0.25,1.25,0.508114867780598,0.1936294254628695,0.0,0.0,0.0,5.479452054794521e-05,15999.221994865684,-0.006345248389414637,deleveraging,4,False
2022-06-10 00:00:00+00:00,-0.003007802852935471,-0.0029530083323875255,0.5,0.75,-0.25,1.25,0.48519533774175433,0.0,0.0,0.0,0.0,5.479452054794521e-05,15951.099489304781,-0.009333965986141668,deleveraging,5,False
2022-06-11 00:00:00+00:00,-0.0006017957321378953,-0.0005470012115899501,0.5,0.75,-0.25,1.25,0.4579168613708301,0.0,0.0,0.0,0.0,5.479452054794521e-05,15941.50018570921,-0.00993014457738517,deleveraging,6,False
2022-06-12 00:00:00+00:00,-0.0022098332544615946,-0.002155038733913649,0.5,0.75,-0.25,1.25,0.4217562623032834,0.0,0.0,0.0,0.0,5.479452054794521e-05,15906.272128472825,-0.012118033868138034,deleveraging,7,False
2022-06-13 00:00:00+00:00,-0.00503340950265092,-0.004978614982102975,0.5,0.75,-0.25,1.25,0.37544783544088806,0.0,0.0,0.0,0.0,5.479452054794521e-05,15826.209347189617,-0.01709044834396367,deleveraging,8,False
2022-06-14 00:00:00+00:00,0.001165696717558079,0.0012204912381060242,0.5,0.75,-0.25,1.25,0.38153742126213575,0.0,0.0,0.0,0.0,5.479452054794521e-05,15844.657907477025,-0.015944673905941675,deleveraging,9,False
2022-06-15 00:00:00+00:00,-0.004559510036005396,-0.0045047155154574504,0.5,0.75,-0.25,1.25,0.3949768680496164,0.0,0.0,0.0,0.0,5.479452054794521e-05,15772.41403073081,-0.020431484041252168,deleveraging,10,False
2022-06-16 00:00:00+00:00,0.0001053052174464048,0.00016009973799435,0.5,0.75,-0.25,1.25,0.37126435866325236,0.3433559063817039,0.0,0.0,0.0,5.479452054794521e-05,15774.074948219972,-0.020328330365675384,deleveraging,11,False
2022-06-17 00:00:00+00:00,0.0016456809355411299,0.001700475456089075,0.5,0.75,-0.25,1.25,0.3677161346686272,0.0,0.0,0.0,0.0,5.479452054794521e-05,15800.034042638055,-0.018716103375868376,deleveraging,12,False
2022-06-18 00:00:00+00:00,-0.0026668811197518203,-0.002612086599203875,0.5,0.75,-0.25,1.25,0.34275618361937565,0.0,0.0,0.0,0.0,5.479452054794521e-05,15757.897230158309,-0.021333070872891713,deleveraging,13,False
2022-06-19 00:00:00+00:00,0.0027637305119845544,0.0028185250325325,0.5,0.75,-0.25,1.25,0.3629297001763114,0.0,0.0,0.0,0.0,5.479452054794521e-05,15801.447811538013,-0.01862829921979292,deleveraging,14,False
2022-06-20 00:00:00+00:00,-0.003726574041940545,-0.0036717795213925997,0.5,0.75,-0.25,1.25,0.3759874395513533,0.0,0.0,0.0,0.0,5.479452054794521e-05,15742.562546298457,-0.022285453525415555,deleveraging,15,False
2022-06-21 00:00:00+00:00,0.00375208131055153,0.003806875831099475,0.5,0.75,-0.25,1.25,0.3867603323538895,0.0,0.0,0.0,0.0,5.479452054794521e-05,15801.629921008613,-0.018616989048533816,deleveraging,16,False
2022-06-22 00:00:00+00:00,-0.0011787143809396702,-0.001123919860391725,0.5,0.75,-0.25,1.25,0.3669061198753761,0.0,0.0,0.0,0.0,5.479452054794521e-05,15783.004312578434,-0.019773759316752182,deleveraging,17,False
2022-06-23 00:00:00+00:00,0.0007915412776801549,0.0008463357982281001,0.5,0.75,-0.25,1.25,0.38279957825524313,0.09135527715821648,0.0,0.0,0.0,5.479452054794521e-05,15795.497211977645,-0.018997869785786103,deleveraging,18,False
2022-06-24 00:00:00+00:00,-0.00022040209240289523,-0.00016560757185495002,0.5,0.75,-0.25,1.25,0.40210015243420716,0.0,0.0,0.0,0.0,5.479452054794521e-05,15792.01585134158,-0.01921408470793695,deleveraging,19,False
2022-06-25 00:00:00+00:00,0.0008229993656601401,0.0008777938862080853,0.5,0.75,-0.25,1.25,0.40497139770104285,0.0,0.0,0.0,0.0,5.479452054794521e-05,15805.01267036973,-0.018406898521803217,deleveraging,20,False
2022-06-26 00:00:00+00:00,0.004573040047232104,0.0046278345677800495,0.5,0.75,-0.25,1.25,0.4037672639141538,0.0,0.0,0.0,0.0,5.479452054794521e-05,15877.289626258342,-0.01391803395865665,deleveraging,21,False
2022-06-27 00:00:00+00:00,0.000713508030502905,0.0007683025510508501,0.5,0.75,-0.25,1.25,0.3961578667556105,0.0,0.0,0.0,0.0,5.479452054794521e-05,15888.618199909299,-0.013214456557152032,deleveraging,22,False
2022-06-28 00:00:00+00:00,-0.0010851012235795201,-0.001030306703031575,0.5,0.75,-0.25,1.25,0.3829007924582538,0.0,0.0,0.0,0.0,5.479452054794521e-05,15871.37744085959,-0.01428521875775246,deleveraging,23,False
2022-06-29 00:00:00+00:00,0.0019819027706306047,0.00203669729117855,0.5,0.75,-0.25,1.25,0.3704180852242849,0.0,0.0,0.0,0.0,5.479452054794521e-05,15902.832967783354,-0.012331627901756792,deleveraging,24,False
2022-06-30 00:00:00+00:00,-0.0019637813946032706,-0.0019089868740553252,0.5,0.75,-0.25,1.25,0.3933115014888933,0.18342507166546806,0.0,0.0,0.0,5.479452054794521e-05,15871.603280279736,-0.014271192674921496,deleveraging,25,False
2022-07-01 00:00:00+00:00,0.0014867385861648229,0.001541533106712768,0.5,0.75,-0.25,1.25,0.39214303739647693,0.0,0.0,0.0,0.0,5.479452054794521e-05,15895.200205300827,-0.012805671621577086,deleveraging,26,False
2022-07-02 00:00:00+00:00,-0.0008684683762534953,-0.0008136738557055501,0.5,0.75,-0.25,1.25,0.3966485825379633,0.0,0.0,0.0,0.0,5.479452054794521e-05,15881.395726588305,-0.013663018676990601,deleveraging,27,False
2022-07-03 00:00:00+00:00,0.00118796202149908,0.0012427565420470251,0.5,0.75,-0.25,1.25,0.3971617431080443,0.0,0.0,0.0,0.0,5.479452054794521e-05,15900.262221559891,-0.01249128780277875,deleveraging,28,False
2022-07-04 00:00:00+00:00,0.00382095143548353,0.0038757459560314752,0.5,0.75,-0.25,1.25,0.40784435160404303,0.0,0.0,0.0,0.0,5.479452054794521e-05,15961.016351319924,-0.008718064971356299,transition,1,False
2022-07-05 00:00:00+00:00,0.0023520115003193794,0.002406806020867325,0.5,0.75,-0.25,1.25,0.40579822862808373,0.0,0.0,0.0,0.0,5.479452054794521e-05,15998.556845335012,-0.00638655846011027,deleveraging,1,False
2022-07-06 00:00:00+00:00,0.00337447452184203,0.003429269042389975,0.5,0.75,-0.25,1.25,0.4111894197257252,0.0,0.0,0.0,0.0,5.479452054794521e-05,16052.543567795836,-0.0030336352170741154,deleveraging,2,False
2022-07-07 00:00:00+00:00,-0.00188484933264582,-0.0018300548120978749,0.5,0.75,-0.25,1.25,0.3298506280455118,0.0920327967651987,0.0,0.0,0.0,5.479452054794521e-05,16022.286941764809,-0.0049127666044055385,deleveraging,3,False
2022-07-08 00:00:00+00:00,0.0021675403764245295,0.002222334896972475,0.5,0.75,-0.25,1.25,0.32927849357145744,0.0,0.0,0.0,0.0,5.479452054794521e-05,16057.015895633744,-0.00275587484795603,deleveraging,4,False
2022-07-09 00:00:00+00:00,-0.0010898194981181703,-0.0010350249775702251,0.5,0.75,-0.25,1.25,0.33269044522166924,0.0,0.0,0.0,0.0,5.479452054794521e-05,16039.516646629088,-0.0038426909399305043,deleveraging,5,False
2022-07-10 00:00:00+00:00,-0.0004131803278705202,-0.000358385807322575,0.5,0.75,-0.25,1.25,0.3229064803170768,0.0,0.0,0.0,0.0,5.479452054794521e-05,16032.88943388215,-0.004254283543498549,transition,1,False
2022-07-11 00:00:00+00:00,-0.0022892591882784953,-0.00223446466773055,0.5,0.75,-0.25,1.25,0.3105938173264241,0.0,0.0,0.0,0.0,5.479452054794521e-05,15996.18599443098,-0.006533803574085617,transition,2,False
2022-07-12 00:00:00+00:00,-0.0019462915751444453,-0.0018914970545965,0.5,0.75,-0.25,1.25,0.3010003592008714,0.0,0.0,0.0,0.0,5.479452054794521e-05,15965.052752395573,-0.008467378462380326,transition,3,False
2022-07-13 00:00:00+00:00,0.0018495054894403298,0.001904300009988275,0.5,0.75,-0.25,1.25,0.3026851735488076,0.0,0.0,0.0,0.0,5.479452054794521e-05,15994.580205100332,-0.006633533435887462,transition,4,False
2022-07-14 00:00:00+00:00,0.004524152569165004,0.00457894708971295,0.5,0.75,-0.25,1.25,0.47663409465515516,0.20890577537587307,0.0,0.0,0.0,5.479452054794521e-05,16066.942126227954,-0.0021393919840589914,transition,5,False
2022-07-15 00:00:00+00:00,-0.0004157160267601453,-0.00036092150621220014,0.5,0.75,-0.25,1.25,0.4860675388848575,0.0,0.0,0.0,0.0,5.479452054794521e-05,16060.262840885054,-0.0025542186312838,transition,6,False
2022-07-16 00:00:00+00:00,0.005209382278719929,0.005264176799267875,0.5,0.75,-0.25,1.25,0.4960861703612719,0.0,0.0,0.0,0.0,5.479452054794521e-05,16143.926889519946,0.0,transition,7,False
2022-07-17 00:00:00+00:00,0.0012472351961630298,0.001302029716710975,0.5,0.75,-0.25,1.25,0.4984547854689396,0.0,0.0,0.0,0.0,5.479452054794521e-05,16164.062163340837,0.0,transition,8,False
2022-07-18 00:00:00+00:00,0.002322690520702005,0.0023774850412499504,0.5,0.75,-0.25,1.25,0.5319095900117214,0.0,0.0,0.0,0.0,5.479452054794521e-05,16201.606277303668,0.0,transition,9,False
2022-07-19 00:00:00+00:00,-0.007122255687802446,-0.007067461167254501,0.5,0.75,-0.25,1.25,0.5513507291333538,0.0,0.0,0.0,0.0,5.479452054794521e-05,16086.214294843607,-0.007122255687802448,deleveraging,1,False
2022-07-20 00:00:00+00:00,0.0014417211594582049,0.00149651568000615,0.5,0.75,-0.25,1.25,0.5468462541294401,0.0,0.0,0.0,0.0,5.479452054794521e-05,16109.406130368061,-0.005690802835072506,deleveraging,2,False
2022-07-21 00:00:00+00:00,0.0008302083409730051,0.0008850028615209502,0.5,0.75,-0.25,1.25,0.49843309777551853,0.2627858667248054,0.0,0.0,0.0,5.479452054794521e-05,16122.780293705615,-0.004865319046079897,deleveraging,3,False
2022-07-22 00:00:00+00:00,0.012265353199159005,0.01232014771970695,0.5,0.75,-0.25,1.25,0.5039922156575216,0.0,0.0,0.0,0.0,5.479452054794521e-05,16320.531888560354,0.0,deleveraging,4,False
2022-07-23 00:00:00+00:00,-0.0014814899319321201,-0.001426695411384175,0.5,0.75,-0.25,1.25,0.49974495317664835,0.0,0.0,0.0,0.0,5.479452054794521e-05,16296.353184883676,-0.0014814899319320896,deleveraging,5,False
2022-07-24 00:00:00+00:00,0.0022847093869934796,0.002339503907541425,0.5,0.75,-0.25,1.25,0.5112196131248838,0.0,0.0,0.0,0.0,5.479452054794521e-05,16333.585615978942,0.0,transition,1,False
2022-07-25 00:00:00+00:00,-0.005253851591484995,-0.00519905707093705,0.5,0.75,-0.25,1.25,0.4816924455338927,0.0,0.0,0.0,0.0,5.479452054794521e-05,16247.771381195776,-0.005253851591484837,transition,2,False
2022-07-26 00:00:00+00:00,0.0016415601164023797,0.001696354636950325,0.5,0.75,-0.25,1.25,0.46891490730401,0.0,0.0,0.0,0.0,5.479452054794521e-05,16274.443074675572,-0.0036209159883126008,transition,3,False
2022-07-27 00:00:00+00:00,0.009419789243668628,0.009474583764216574,0.5,0.75,-0.25,1.25,0.5019259601290198,0.0,0.0,0.0,0.0,5.479452054794521e-05,16427.744898497098,0.0,transition,4,False
2022-07-28 00:00:00+00:00,0.0027613090741771297,0.002816103594725075,0.5,0.75,-0.25,1.25,0.5167289612640892,0.11968862724037531,0.0,0.0,0.0,5.479452054794521e-05,16473.106979553588,0.0,deleveraging,1,False
2022-07-29 00:00:00+00:00,-0.0014523155785121451,-0.0013975210579642,0.5,0.75,-0.25,1.25,0.5297641487108611,0.0,0.0,0.0,0.0,5.479452054794521e-05,16449.182829660684,-0.00145231557851222,deleveraging,2,False
2022-07-30 00:00:00+00:00,-0.00024690518149759534,-0.00019211066094965016,0.5,0.75,-0.25,1.25,0.5338012052376682,0.0,0.0,0.0,0.0,5.479452054794521e-05,16445.12144118864,-0.001698862175768312,deleveraging,3,False
2022-07-31 00:00:00+00:00,0.0037453761809024292,0.0038001707014503746,0.5,0.75,-0.25,1.25,0.5329717301693395,0.0,0.0,0.0,0.0,5.479452054794521e-05,16506.714607326518,0.0,deleveraging,4,False
2022-08-01 00:00:00+00:00,-0.006239504004765846,-0.0061847094842179,0.5,0.75,-0.25,1.25,0.5226892990178733,0.0,0.0,0.0,0.0,5.479452054794521e-05,16403.720895428574,-0.006239504004766028,deleveraging,5,False
2022-08-02 00:00:00+00:00,-0.001926133296913145,-0.0018713387763651997,0.5,0.75,-0.25,1.25,0.5053911861138636,0.0,0.0,0.0,0.0,5.479452054794521e-05,16372.125142418621,-0.008153619185259253,transition,1,False
2022-08-03 00:00:00+00:00,0.0011280180409405048,0.00118281256148845,0.5,0.75,-0.25,1.25,0.5096195361352531,0.0,0.0,0.0,0.0,5.479452054794521e-05,16390.593194947804,-0.007034798573858803,deleveraging,1,False
2022-08-04 00:00:00+00:00,0.00420151812812623,0.004256312648674175,0.5,0.75,-0.25,1.25,0.4708091387863639,0.19117821377786887,0.0,0.0,0.0,5.479452054794521e-05,16459.458569387123,-0.0028628372794681223,transition,1,False
2022-08-05 00:00:00+00:00,0.0024421789347298796,0.002496973455277825,0.5,0.75,-0.25,1.25,0.48866771226736405,0.0,0.0,0.0,0.0,5.479452054794521e-05,16499.655512382342,-0.00042764990563548544,transition,2,False
2022-08-06 00:00:00+00:00,-0.0020708052191842703,-0.002016010698636325,0.5,0.75,-0.25,1.25,0.49016110394106577,0.0,0.0,0.0,0.0,5.479452054794521e-05,16465.487939632556,-0.002497569545163336,transition,3,False
2022-08-07 00:00:00+00:00,-0.0011930720037924452,-0.0011382774832445,0.5,0.75,-0.25,1.25,0.4913525261513749,0.0,0.0,0.0,0.0,5.479452054794521e-05,16445.843426943,-0.0036876617686538715,transition,4,False
2022-08-08 00:00:00+00:00,0.0010661888029523299,0.001120983323500275,0.5,0.75,-0.25,1.25,0.5102159244366086,0.0,0.0,0.0,0.0,5.479452054794521e-05,16463.377801059913,-0.0026254047093883237,transition,5,False
2022-08-09 00:00:00+00:00,-0.0008181838906455203,-0.0007633893700975752,0.5,0.75,-0.25,1.25,0.4982603516948963,0.0,0.0,0.0,0.0,5.479452054794521e-05,16449.907730557476,-0.003441440536194218,transition,6,False
2022-08-10 00:00:00+00:00,0.00449474216640048,0.004549536686948425,0.5,0.75,-0.25,1.25,0.5106398150711694,0.0,0.0,0.0,0.0,5.479452054794521e-05,16523.84582446741,0.0,deleveraging,1,False
2022-08-11 00:00:00+00:00,0.0028092558825296046,0.00286405040307755,0.5,0.75,-0.25,1.25,0.4877976616939783,0.2812574472147264,0.0,0.0,0.0,5.479452054794521e-05,16570.26553555181,0.0,transition_2,1,False
2022-08-12 00:00:00+00:00,0.0019829920208912044,0.00203778654143915,0.5,0.75,-0.25,1.25,0.4903165174225697,0.0,0.0,0.0,0.0,5.479452054794521e-05,16603.124239892855,0.0,deleveraging,1,False
2022-08-13 00:00:00+00:00,-0.00024612768294604505,-0.00019133316239809987,0.5,0.75,-0.25,1.25,0.456866289576427,0.0506997304775804,0.0,0.0,0.0,5.479452054794521e-05,16599.037751394026,-0.00024612768294596243,transition,1,False
2022-08-14 00:00:00+00:00,0.0028929599928484294,0.002947754513396375,0.5,0.75,-0.25,1.25,0.45018958551490806,0.0,0.0,0.0,0.0,5.479452054794521e-05,16647.05810352859,0.0,transition_2,1,False
2022-08-15 00:00:00+00:00,-0.0019158531302084702,-0.001861058609660525,0.5,0.75,-0.25,1.25,0.437671540785043,0.0,0.0,0.0,0.0,5.479452054794521e-05,16615.16478515218,-0.001915853130208589,transition_2,2,False
2022-08-16 00:00:00+00:00,0.008772922170478054,0.008827716691026,0.5,0.75,-0.25,1.25,0.4408086106320206,0.0,0.0,0.0,0.0,5.479452054794521e-05,16760.928332661988,0.0,transition_2,3,False
2022-08-17 00:00:00+00:00,0.0012769481302999793,0.0013317426508479245,0.5,0.75,-0.25,1.25,0.43364972877553687,0.0,0.0,0.0,0.0,5.479452054794521e-05,16782.331168758472,0.0,transition_2,4,False
2022-08-18 00:00:00+00:00,0.004596759805634504,0.0046515543261824496,0.5,0.75,-0.25,1.25,0.37833724691845055,0.29294705378824915,0.0,0.0,0.0,5.479452054794521e-05,16859.475514119866,0.0,transition_2,5,False
2022-08-19 00:00:00+00:00,-0.009725118811654446,-0.009670324291106501,0.5,0.75,-0.25,1.25,0.3420033827852169,0.0,0.0,0.0,0.0,5.479452054794521e-05,16695.51511164287,-0.009725118811654387,transition_2,6,False
2022-08-20 00:00:00+00:00,0.0047568349639067545,0.0048116294844547,0.5,0.75,-0.25,1.25,0.33840895055747533,0.0,0.0,0.0,0.0,5.479452054794521e-05,16774.932921666365,-0.005014544632939266,deleveraging,1,False
2022-08-21 00:00:00+00:00,0.009113400876260929,0.009168195396808874,0.5,0.75,-0.25,1.25,0.3465124212518382,0.0,0.0,0.0,0.0,5.479452054794521e-05,16927.8096100539,0.0,deleveraging,2,False
2022-08-22 00:00:00+00:00,0.01254029061358038,0.012595085134128325,0.5,0.75,-0.25,1.25,0.34998003559634006,0.0,0.0,0.0,0.0,5.479452054794521e-05,17140.08926201533,0.0,deleveraging,3,False
2022-08-23 00:00:00+00:00,-0.00182032770716642,-0.001765533186618475,0.5,0.75,-0.25,1.25,0.35799134720724274,0.0,0.0,0.0,0.0,5.479452054794521e-05,17108.88868262838,-0.001820327707166336,deleveraging,4,False
2022-08-24 00:00:00+00:00,-0.0006833127626990952,-0.00062851824215115,0.5,0.75,-0.25,1.25,0.35659711892765694,0.0,0.0,0.0,0.0,5.479452054794521e-05,17097.197960635942,-0.0025023966167109224,deleveraging,5,False
2022-08-25 00:00:00+00:00,9.076180810427978e-05,0.00014555632865222498,0.5,0.75,-0.25,1.25,0.3202439546347219,0.12364796085664807,0.0,0.0,0.0,5.479452054794521e-05,17098.74973323637,-0.002411861930647907,transition,1,False
2022-08-26 00:00:00+00:00,-0.008110229108538446,-0.0080554345879905,0.5,0.75,-0.25,1.25,0.3048630971460646,0.0,0.0,0.0,0.0,5.479452054794521e-05,16960.074955430264,-0.010502530286350509,transition,2,False
2022-08-27 00:00:00+00:00,-0.0029288019480178708,-0.0028740074274699254,0.5,0.75,-0.25,1.25,0.2936400629459182,0.0,0.0,0.0,0.0,5.479452054794521e-05,16910.40225486227,-0.01340057240320669,deleveraging,1,False
2022-08-28 00:00:00+00:00,-0.0028874649286907954,-0.00283267040814285,0.5,0.75,-0.25,1.25,0.2905659204683494,0.0,0.0,0.0,0.0,5.479452054794521e-05,16861.5740614213,-0.016249343649058945,transition,1,False
2022-08-29 00:00:00+00:00,0.00432491084809893,0.004379705368646875,0.5,0.75,-0.25,1.25,0.2939425494341177,0.0,0.0,0.0,0.0,5.479452054794521e-05,16934.498865995563,-0.0119947097635823,transition,2,False
2022-08-30 00:00:00+00:00,-0.001937762835697495,-0.0018829683151495497,0.5,0.75,-0.25,1.25,0.29500271403344447,0.0,0.0,0.0,0.0,5.479452054794521e-05,16901.683823451876,-0.013909229696475012,transition,3,False
2022-08-31 00:00:00+00:00,0.0008354418870823964,0.0008902364076303416,0.5,0.75,-0.25,1.25,0.2960661495545825,0.0,0.0,0.0,0.0,5.479452054794521e-05,16915.80419808021,-0.013085408162498036,deleveraging,1,False
2022-09-01 00:00:00+00:00,-0.0001864504014627202,-0.000131655880914775,0.5,0.75,-0.25,1.25,0.44946247913774146,0.22684378393080218,0.0,0.0,0.0,5.479452054794521e-05,16912.650239596413,-0.013269418784355724,transition,1,False
2022-09-02 00:00:00+00:00,0.00045909575736625475,0.0005138902779141999,0.5,0.75,-0.25,1.25,0.4577738671518633,0.0,0.0,0.0,0.0,5.479452054794521e-05,16920.41476556723,-0.012816414960855949,transition,2,False
2022-09-03 00:00:00+00:00,-0.004712319739565046,-0.0046575252190171005,0.5,0.75,-0.25,1.25,0.4589899928588872,0.0,0.0,0.0,0.0,5.479452054794521e-05,16840.68036106582,-0.017468339655210552,transition,3,False
2022-09-04 00:00:00+00:00,-0.0007890246946290703,-0.0007342301740811252,0.5,0.75,-0.25,1.25,0.4649312303284777,0.0,0.0,0.0,0.0,5.479452054794521e-05,16827.392648386587,-0.01824358139847737,transition,4,False
2022-09-05 00:00:00+00:00,0.0014342599480625046,0.0014890544686104498,0.5,0.75,-0.25,1.25,0.4721797607944477,0.0,0.0,0.0,0.0,5.479452054794521e-05,16851.52750369249,-0.016835487488523815,transition,5,False
2022-09-06 00:00:00+00:00,0.00026796553651010457,0.00032276005705804975,0.5,0.75,-0.25,1.25,0.4500668444563217,0.0,0.0,0.0,0.0,5.479452054794521e-05,16856.04313230103,-0.01657203328245116,transition_2,1,False
2022-09-07 00:00:00+00:00,0.003677533156668706,0.0037323276772166514,0.5,0.75,-0.25,1.25,0.46184813165734206,0.0,0.0,0.0,0.0,5.479452054794521e-05,16918.031789810306,-0.012955444327652055,deleveraging,1,False
2022-09-08 00:00:00+00:00,-0.0034305208534835202,-0.003375726332935575,0.5,0.75,-0.25,1.25,0.5552890572639044,0.4576780679838229,0.0,0.0,0.0,5.479452054794521e-05,16859.994128955463,-0.016341521259203518,deleveraging,2,False
2022-09-09 00:00:00+00:00,-0.0016323690519318452,-0.0015775745313839,0.5,0.75,-0.25,1.25,0.5898556920720213,0.0,0.0,0.0,0.0,5.479452054794521e-05,16832.472396323607,-0.01794721491757012,deleveraging,3,False
2022-09-10 00:00:00+00:00,0.0007646304876371299,0.000819425008185075,0.5,0.75,-0.25,1.25,0.600721333672106,0.0,0.0,0.0,0.0,5.479452054794521e-05,16845.343017900144,-0.017196307417627232,deleveraging,4,False
2022-09-11 00:00:00+00:00,0.0016924019269381298,0.001747196447486075,0.5,0.75,-0.25,1.25,0.5983418971440668,0.0,0.0,0.0,0.0,5.479452054794521e-05,16873.852108883573,-0.015533008554498906,deleveraging,5,False
2022-09-12 00:00:00+00:00,-0.0011427795524204952,-0.00108798503187255,0.5,0.75,-0.25,1.25,0.5975830157481763,0.0,0.0,0.0,0.0,5.479452054794521e-05,16854.569015722973,-0.01665803730235582,transition,1,False
2022-09-13 00:00:00+00:00,0.004218506422108555,0.0042733009426565004,0.5,0.75,-0.25,1.25,0.5548675392862468,0.0,0.0,0.0,0.0,5.479452054794521e-05,16925.67012335767,-0.012509802917586965,transition_2,1,False
2022-09-14 00:00:00+00:00,0.0021839840023146293,0.0022387785228625747,0.5,0.75,-0.25,1.25,0.5510799464992382,0.0,0.0,0.0,0.0,5.479452054794521e-05,16962.63551613554,-0.010353140124716442,deleveraging,1,False
2022-09-15 00:00:00+00:00,-0.0001971379673554202,-0.00014234344680747499,0.5,0.75,-0.25,1.25,0.5323886402099025,0.24871142184078848,0.0,0.0,0.0,5.479452054794521e-05,16959.291536648896,-0.010548237095072022,deleveraging,2,False
2022-09-16 00:00:00+00:00,0.00092091674350203,0.0009757112640499752,0.5,0.75,-0.25,1.25,0.5299722320705904,0.0,0.0,0.0,0.0,5.479452054794521e-05,16974.909632182927,-0.009637034399725297,deleveraging,3,False
2022-09-17 00:00:00+00:00,6.051994092154785e-06,6.084651464009999e-05,0.5,0.75,-0.25,1.25,0.542218698668445,0.0,0.0,0.0,0.0,5.479452054794521e-05,16975.012364235732,-0.009631040728908635,deleveraging,4,False
2022-09-18 00:00:00+00:00,0.0021897835968790794,0.002244578117427025,0.5,0.75,-0.25,1.25,0.5155398494140543,0.0,0.0,0.0,0.0,5.479452054794521e-05,17012.183967867757,-0.007462347027038518,deleveraging,5,False
2022-09-19 00:00:00+00:00,0.0006666081222786299,0.0007214026428265751,0.5,0.75,-0.25,1.25,0.5040222434610496,0.0,0.0,0.0,0.0,5.479452054794521e-05,17023.524427878438,-0.006800713365899269,deleveraging,6,False
2022-09-20 00:00:00+00:00,-0.00148994909567697,-0.0014351545751290248,0.5,0.75,-0.25,1.25,0.500847982892342,0.0,0.0,0.0,0.0,5.479452054794521e-05,16998.160243051883,-0.008280529744846832,deleveraging,7,False
2022-09-21 00:00:00+00:00,0.004137164955050754,0.0041919594755987,0.5,0.75,-0.25,1.25,0.4895897066742137,0.0,0.0,0.0,0.0,5.479452054794521e-05,17068.484435909773,-0.004177622707265849,deleveraging,8,False
2022-09-22 00:00:00+00:00,-0.00136014487977252,-0.0013053503592245748,0.5,0.75,-0.25,1.25,0.5471735339307635,0.12648502744824092,0.0,0.0,0.0,5.479452054794521e-05,17045.268824198793,-0.005532085414903465,deleveraging,9,False
2022-09-23 00:00:00+00:00,0.0026045721331486296,0.002659366653696575,0.5,0.75,-0.25,1.25,0.5517913651805494,0.0,0.0,0.0,0.0,5.479452054794521e-05,17089.664456380327,-0.0029419219972647292,deleveraging,10,False
2022-09-24 00:00:00+00:00,0.0018055213492829297,0.0018603158698308748,0.5,0.75,-0.25,1.25,0.549878320137964,0.0,0.0,0.0,0.0,5.479452054794521e-05,17120.520210408406,-0.0011417123509557259,deleveraging,11,False
2022-09-25 00:00:00+00:00,0.001086074762724755,0.0011408692832727,0.5,0.75,-0.25,1.25,0.5409736126997592,0.0,0.0,0.0,0.0,5.479452054794521e-05,17139.11437533365,-5.6877573201497e-05,transition,1,False
2022-09-26 00:00:00+00:00,-0.0024018047760491702,-0.002347010255501225,0.5,0.75,-0.25,1.25,0.5463401033638222,0.0,0.0,0.0,0.0,5.479452054794521e-05,17097.949568569722,-0.002458545740423701,transition,2,False
2022-09-27 00:00:00+00:00,4.7396516068154876e-05,0.00010219103661610008,0.5,0.75,-0.25,1.25,0.5481256044066921,0.0,0.0,0.0,0.0,5.479452054794521e-05,17098.75995181118,-0.0024112657508583712,transition,3,False
2022-09-28 00:00:00+00:00,0.0036893436345487546,0.0037441381550967,0.5,0.75,-0.25,1.25,0.5431411309559292,0.0,0.0,0.0,0.0,5.479452054794521e-05,17161.84315299807,0.0,deleveraging,1,False
2022-09-29 00:00:00+00:00,-0.0020716531536918454,-0.0020168586331439,0.5,0.75,-0.25,1.25,0.48382170077714126,0.1472957316719226,0.0,0.0,0.0,5.479452054794521e-05,17126.289766506998,-0.0020716531536917326,transition,1,False
2022-09-30 00:00:00+00:00,0.0015823418542566798,0.001637136374804625,0.5,0.75,-0.25,1.25,0.48325610388116735,0.0,0.0,0.0,0.0,5.479452054794521e-05,17153.38941161267,-0.0004925893629277311,transition,2,False
2022-10-01 00:00:00+00:00,-0.0006592970931879452,-0.00060450257264,0.5,0.75,-0.25,1.25,0.4795566627436133,0.0,0.0,0.0,0.0,5.479452054794521e-05,17142.08023183527,-0.0011515616933807094,deleveraging,1,False
2022-10-02 00:00:00+00:00,0.0038112358635801545,0.0038660303841281,0.5,0.75,-0.25,1.25,0.4706310479145054,0.0,0.0,0.0,0.0,5.479452054794521e-05,17207.41274279121,0.0,transition,1,False
2022-10-03 00:00:00+00:00,-0.0010522008753393452,-0.0009974063547914,0.5,0.75,-0.25,1.25,0.47665582165227516,0.0,0.0,0.0,0.0,5.479452054794521e-05,17189.30708804092,-0.0010522008753391932,transition,2,False
2022-10-04 00:00:00+00:00,0.0036601029404959547,0.0037148974610439,0.5,0.75,-0.25,1.25,0.49099738730020126,0.0,0.0,0.0,0.0,5.479452054794521e-05,17252.221721458947,0.0,transition,3,False
2022-10-05 00:00:00+00:00,-0.00148322956264017,-0.001428435042092225,0.5,0.75,-0.25,1.25,0.4901012915360313,0.0,0.0,0.0,0.0,5.479452054794521e-05,17226.63271618046,-0.0014832295626400205,transition,4,False
2022-10-06 00:00:00+00:00,-0.0008361029987636202,-0.000781308478215675,0.5,0.75,-0.25,1.25,0.49453810041516194,0.21855716931445351,0.0,0.0,0.0,5.479452054794521e-05,17212.229476907858,-0.00231809242871861,transition,5,False
2022-10-07 00:00:00+00:00,-0.0024431731055115703,-0.002388378584963625,0.5,0.75,-0.25,1.25,0.4890026803394294,0.0,0.0,0.0,0.0,5.479452054794521e-05,17170.177020763982,-0.004755602033152395,transition,6,False
2022-10-08 00:00:00+00:00,-0.00171504866535767,-0.0016602541448097249,0.5,0.75,-0.25,1.25,0.4851944070963501,0.0,0.0,0.0,0.0,5.479452054794521e-05,17140.72933158057,-0.006462494609589919,transition,7,False
2022-10-09 00:00:00+00:00,-0.0012206921507369702,-0.001165897630189025,0.5,0.75,-0.25,1.25,0.48812148643506537,0.0,0.0,0.0,0.0,5.479452054794521e-05,17119.8057778276,-0.007675298043882783,transition,8,False
2022-10-10 00:00:00+00:00,0.00455238939713058,0.004607183917678525,0.5,0.75,-0.25,1.25,0.4766640564534467,0.0,0.0,0.0,0.0,5.479452054794521e-05,17197.74180013152,-0.003157849592186901,transition,9,False
2022-10-11 00:00:00+00:00,0.00169995392174388,0.0017547484422918251,0.5,0.75,-0.25,1.25,0.4657042196195892,0.0,0.0,0.0,0.0,5.479452054794521e-05,17226.977168749792,-0.00146326386924156,transition,10,False
2022-10-12 00:00:00+00:00,-0.00019114891802657008,-0.00013635439747862487,0.5,0.75,-0.25,1.25,0.46576471155949906,0.0,0.0,0.0,0.0,5.479452054794521e-05,17223.684250703118,-0.001654133085962739,transition,11,False
2022-10-13 00:00:00+00:00,0.002116393089513812,0.0021711876100617574,0.5,0.75,-0.25,1.25,0.4691833266541481,0.1500297297131259,0.0,0.0,0.0,5.479452054794521e-05,17260.136337027277,0.0,transition,12,False
2022-10-14 00:00:00+00:00,0.0025936281783145044,0.00264842269886245,0.5,0.75,-0.25,1.25,0.47237195327233483,0.0,0.0,0.0,0.0,5.479452054794521e-05,17304.90271299254,0.0,deleveraging,1,False
2022-10-15 00:00:00+00:00,-0.002226432741675545,-0.0021716382211275998,0.5,0.75,-0.25,1.25,0.46707515329238114,0.0,0.0,0.0,0.0,5.479452054794521e-05,17266.374511000824,-0.0022264327416755547,transition,1,False
2022-10-16 00:00:00+00:00,-0.00048352261633989525,-0.00042872809579195,0.5,0.75,-0.25,1.25,0.47214410888299196,0.0,0.0,0.0,0.0,5.479452054794521e-05,17258.02582842256,-0.002708878827431205,transition,2,False
2022-10-17 00:00:00+00:00,0.0011092049313232049,0.00116399945187115,0.5,0.75,-0.25,1.25,0.47730794807994714,0.0,0.0,0.0,0.0,5.479452054794521e-05,17277.16851577635,-0.001602678597861673,transition,3,False
2022-10-18 00:00:00+00:00,0.0022670334766043796,0.002321827997152325,0.5,0.75,-0.25,1.25,0.47218503093652864,0.0,0.0,0.0,0.0,5.479452054794521e-05,17316.33643518255,0.0,transition,4,False
2022-10-19 00:00:00+00:00,0.0036365312616444545,0.0036913257821924,0.5,0.75,-0.25,1.25,0.4630279276089463,0.0,0.0,0.0,0.0,5.479452054794521e-05,17379.307833966246,0.0,transition,5,False
2022-10-20 00:00:00+00:00,-0.0013331573963152451,-0.0012783628757673,0.5,0.75,-0.25,1.25,0.4122510409507123,0.1754014003317606,0.0,0.0,0.0,5.479452054794521e-05,17356.138481184553,-0.0013331573963153431,transition,6,False
2022-10-21 00:00:00+00:00,-0.001483502455248686,-0.0014287079347007408,0.5,0.75,-0.25,1.25,0.40992729716204207,0.0,0.0,0.0,0.0,5.479452054794521e-05,17330.390607134083,-0.002814682109293143,transition,7,False
2022-10-22 00:00:00+00:00,-0.0003228318015232344,-0.00026803728097528915,0.5,0.75,-0.25,1.25,0.4124315036509471,0.0,0.0,0.0,0.0,5.479452054794521e-05,17324.795805913276,-0.003136605241920609,transition,8,False
2022-10-23 00:00:00+00:00,0.0009065937890790548,0.000961388309627,0.5,0.75,-0.25,1.25,0.41738656691339415,0.0,0.0,0.0,0.0,5.479452054794521e-05,17340.50235818798,-0.0022328550796726354,transition,9,False
2022-10-24 00:00:00+00:00,0.0007870508216157048,0.00084184534216365,0.5,0.75,-0.25,1.25,0.41632665184942674,0.0,0.0,0.0,0.0,5.479452054794521e-05,17354.15021481622,-0.0014475616284819193,transition,10,False
2022-10-25 00:00:00+00:00,7.347396902157943e-05,0.00012826848956952464,0.5,0.75,-0.25,1.25,0.4331801340098501,0.0,0.0,0.0,0.0,5.479452054794521e-05,17355.4252931115,-0.001374194017558561,transition,11,False
2022-10-26 00:00:00+00:00,0.00659593796144008,0.006650732481988025,0.5,0.75,-0.25,1.25,0.4502991162478148,0.0,0.0,0.0,0.0,5.479452054794521e-05,17469.90060163927,0.0,transition,12,False
2022-10-27 00:00:00+00:00,0.002423902371400655,0.0024786968919486003,0.5,0.75,-0.25,1.25,0.4506530548850658,0.18663669544195155,0.0,0.0,0.0,5.479452054794521e-05,17512.245935135717,0.0,transition,13,False
2022-10-28 00:00:00+00:00,0.00486460391286168,0.004919398433409625,0.5,0.75,-0.25,1.25,0.45568230506975815,0.0,0.0,0.0,0.0,5.479452054794521e-05,17597.436075234775,0.0,transition,14,False
2022-10-29 00:00:00+00:00,0.02210097098254478,0.022155765503092725,0.5,0.75,-0.25,1.25,0.4813621715740121,0.0,0.0,0.0,0.0,5.479452054794521e-05,17986.356499300728,0.0,transition,15,False
2022-10-30 00:00:00+00:00,0.0034319746017960296,0.003486769122343975,0.5,0.75,-0.25,1.25,0.48012629250809347,0.0,0.0,0.0,0.0,5.479452054794521e-05,18048.085217985175,0.0,transition,16,False
2022-10-31 00:00:00+00:00,0.009481602818960355,0.0095363973395083,0.5,0.75,-0.25,1.25,0.48459023727135775,0.0,0.0,0.0,0.0,5.479452054794521e-05,18219.209993664863,0.0,transition,17,False
2022-11-01 00:00:00+00:00,0.00951465177501643,0.009569446295564376,0.5,0.75,-0.25,1.25,0.48887043870451063,0.0,0.0,0.0,0.0,5.479452054794521e-05,18392.559432370483,0.0,transition,18,False
2022-11-02 00:00:00+00:00,-0.006313967003100995,-0.00625917248255305,0.5,0.75,-0.25,1.25,0.4756853910775005,0.0,0.0,0.0,0.0,5.479452054794521e-05,18276.429419011925,-0.006313967003100829,transition,19,False
2022-11-03 00:00:00+00:00,0.001282637730994255,0.0013374322515422002,0.5,0.75,-0.25,1.25,0.3846348701865464,0.24804398677414596,0.0,0.0,0.0,5.479452054794521e-05,18299.8714569726,-0.005039427804417129,transition_2,1,False
2022-11-04 00:00:00+00:00,0.0004025461829213297,0.0004573407034692749,0.5,0.75,-0.25,1.25,0.40213550349422117,0.0,0.0,0.0,0.0,5.479452054794521e-05,18307.238000375557,-0.004638910223922488,transition,1,False
2022-11-05 00:00:00+00:00,-0.004666489895019745,-0.0046116953744718,0.5,0.75,-0.25,1.25,0.41335828403014263,0.0,0.0,0.0,0.0,5.479452054794521e-05,18221.80745924108,-0.009283752691258473,transition_2,1,False
2022-11-06 00:00:00+00:00,0.004107653589085479,0.004162448109633425,0.5,0.75,-0.25,1.25,0.4015067195475643,0.0,0.0,0.0,0.0,5.479452054794521e-05,18296.656332050658,-0.005214233542235491,transition_2,2,False
2022-11-07 00:00:00+00:00,-0.0013373820047730453,-0.0012825874842251,0.5,0.75,-0.25,1.25,0.39176443153778673,0.0,0.0,0.0,0.0,5.479452054794521e-05,18272.186713124654,-0.006544642124900468,transition_2,3,False
2022-11-08 00:00:00+00:00,0.00811146808480933,0.008166262605357275,0.5,0.75,-0.25,1.25,0.36218763672811477,0.0,0.0,0.0,0.0,5.479452054794521e-05,18420.40097248784,0.0,transition_2,4,False
2022-11-09 00:00:00+00:00,-0.005316756265789712,-0.005261961745241767,0.5,0.75,-0.25,1.25,0.31117122371233347,0.0,0.0,0.0,0.0,5.479452054794521e-05,18322.464190199007,-0.005316756265789757,deleveraging,1,False
2022-11-10 00:00:00+00:00,-0.009562232586234495,-0.00950743806568655,0.5,0.75,-0.25,1.25,0.5212543201156742,0.3220378122276479,0.0,0.0,0.0,5.479452054794521e-05,18147.260526059374,-0.014828148792006335,rotation,1,False
2022-11-11 00:00:00+00:00,0.004777061691692255,0.0048318562122402,0.5,0.75,-0.25,1.25,0.5106557009979138,0.0,0.0,0.0,0.0,5.479452054794521e-05,18233.95110912757,-0.01012192208186713,rotation,2,False
2022-11-12 00:00:00+00:00,0.0028393372861657794,0.0028941318067137248,0.5,0.75,-0.25,1.25,0.49747070225805873,0.0,0.0,0.0,0.0,5.479452054794521e-05,18285.72344638584,-0.007311324346476078,rotation,3,False
2022-11-13 00:00:00+00:00,0.0004746700570158049,0.0005294645775637501,0.5,0.75,-0.25,1.25,0.4860130780884129,0.0,0.0,0.0,0.0,5.479452054794521e-05,18294.40313177671,-0.006840124756204657,rotation,4,True
2022-11-14 00:00:00+00:00,0.0007761213898982548,0.0008309159104462,0.5,0.75,-0.25,1.25,0.48933096762735057,0.0,0.0,0.0,0.0,5.479452054794521e-05,18308.601809362703,-0.0060693121334394196,rotation,5,True
2022-11-15 00:00:00+00:00,-0.0003553780197104202,-0.000300583499162475,0.5,0.75,-0.25,1.25,0.495844028130607,0.0,0.0,0.0,0.0,5.479452054794521e-05,18302.095334708025,-0.0064225332530227774,rotation,6,False
2022-11-16 00:00:00+00:00,0.001111666862586055,0.0011664613831340002,0.5,0.75,-0.25,1.25,0.4880936950044724,0.0,0.0,0.0,0.0,5.479452054794521e-05,18322.441167607514,-0.005318006107827844,rotation,7,False
2022-11-17 00:00:00+00:00,0.0007035177941146798,0.000758312314662625,0.5,0.75,-0.25,1.25,0.4599976198330903,0.06425168047801433,0.0,0.0,0.0,5.479452054794521e-05,18335.331331000543,-0.004618229625639292,rotation,8,False
2022-11-18 00:00:00+00:00,0.0011099033226583796,0.0011646978432063248,0.5,0.75,-0.25,1.25,0.46321741552601514,0.0,0.0,0.0,0.0,5.479452054794521e-05,18355.681776166864,-0.0035134520913870926,rotation,9,False
2022-11-19 00:00:00+00:00,0.0009684224990941048,0.00102321701964205,0.5,0.75,-0.25,1.25,0.4596901330328056,0.0,0.0,0.0,0.0,5.479452054794521e-05,18373.457831385113,-0.002548432098347986,rotation,10,False
2022-11-20 00:00:00+00:00,0.0030780983770880297,0.003132892897635975,0.5,0.75,-0.25,1.25,0.4467989277196738,0.0,0.0,0.0,0.0,5.479452054794521e-05,18430.013142117394,0.0,rotation,11,False
2022-11-21 00:00:00+00:00,-0.0006527336188451951,-0.0005979390982972499,0.5,0.75,-0.25,1.25,0.4301855136619278,0.0,0.0,0.0,0.0,5.479452054794521e-05,18417.983252943774,-0.0006527336188453248,rotation,12,False
2022-11-22 00:00:00+00:00,-0.0006238676421012701,-0.0005690731215533249,0.5,0.75,-0.25,1.25,0.4424639336451042,0.0,0.0,0.0,0.0,5.479452054794521e-05,18406.492869159498,-0.0012761940415628725,rotation,13,False
2022-11-23 00:00:00+00:00,-0.0025803341753020204,-0.002525539654754075,0.5,0.75,-0.25,1.25,0.47133779616338367,0.0,0.0,0.0,0.0,5.479452054794521e-05,18358.997966561754,-0.0038532352097651046,rotation,14,False
2022-11-24 00:00:00+00:00,0.00018635862377847976,0.00024115314432642497,0.5,0.75,-0.25,1.25,0.4630905986353705,0.20622816570933017,0.0,0.0,0.0,5.479452054794521e-05,18362.419324156752,-0.0036675946695975403,rotation,15,False
2022-11-25 00:00:00+00:00,-0.00319105369974592,-0.003136259179197975,0.5,0.75,-0.25,1.25,0.4638018235228828,0.0,0.0,0.0,0.0,5.479452054794521e-05,18303.823858036118,-0.0068469448778036845,rotation,16,False
2022-11-26 00:00:00+00:00,-0.0018174494827494449,-0.0017626549622014997,0.5,0.75,-0.25,1.25,0.4717785500103516,0.0,0.0,0.0,0.0,5.479452054794521e-05,18270.557582832993,-0.008651950384126583,rotation,17,False
2022-11-27 00:00:00+00:00,-0.0038055997314222953,-0.00375080521087435,0.5,0.75,-0.25,1.25,0.4735980075795754,0.0,0.0,0.0,0.0,5.479452054794521e-05,18201.02715380283,-0.012424624255490735,rotation,18,False
2022-11-28 00:00:00+00:00,-0.0027263557569996203,-0.002671561236451675,0.5,0.75,-0.25,1.25,0.4627413229202727,0.0,0.0,0.0,0.0,5.479452054794521e-05,18151.40467863875,-0.015117106066622865,rotation,19,False
2022-11-29 00:00:00+00:00,-0.0014011805861968202,-0.001346386065648875,0.5,0.75,-0.25,1.25,0.47186008709398886,0.0,0.0,0.0,0.0,5.479452054794521e-05,18125.97128279084,-0.01649710485727962,rotation,20,False
2022-11-30 00:00:00+00:00,0.0007455381465030799,0.000800332667051025,0.5,0.75,-0.25,1.25,0.4864196188698292,0.0,0.0,0.0,0.0,5.479452054794521e-05,18139.484885824582,-0.015763865931754495,rotation,21,False
2022-12-01 00:00:00+00:00,-0.0009420543392772701,-0.000887259818729325,0.5,0.75,-0.25,1.25,0.45425713147738134,0.17781256815649957,0.0,0.0,0.0,5.479452054794521e-05,18122.396505375636,-0.016691069852726947,deleveraging,1,False
2022-12-02 00:00:00+00:00,4.126072200515485e-05,9.605524255310006e-05,0.5,0.75,-0.25,1.25,0.45588465539621514,0.0,0.0,0.0,0.0,5.479452054794521e-05,18123.14424853991,-0.016650497816315113,deleveraging,2,False
2022-12-03 00:00:00+00:00,-0.0021299092684804706,-0.0020751147479325252,0.5,0.75,-0.25,1.25,0.45125089165023974,0.0,0.0,0.0,0.0,5.479452054794521e-05,18084.543595630934,-0.018744943035171935,deleveraging,3,False
2022-12-04 00:00:00+00:00,0.0004633548363241548,0.0005181493568721,0.5,0.75,-0.25,1.25,0.4557106189120263,0.0,0.0,0.0,0.0,5.479452054794521e-05,18092.923156368688,-0.0182902737588595,deleveraging,4,False
2022-12-05 00:00:00+00:00,0.0002936075370159548,0.0003484020575639,0.5,0.75,-0.25,1.25,0.45577546934409396,0.0,0.0,0.0,0.0,5.479452054794521e-05,18098.235374974047,-0.018002036384073272,deleveraging,5,False
2022-12-06 00:00:00+00:00,0.0036463180306678796,0.003701112551215825,0.5,0.75,-0.25,1.25,0.4525297111153948,0.0,0.0,0.0,0.0,5.479452054794521e-05,18164.227296945086,-0.0144213595032614,deleveraging,6,False
2022-12-07 00:00:00+00:00,0.0025545417272957796,0.002609336247843725,0.5,0.75,-0.25,1.25,0.4426574025446284,0.0,0.0,0.0,0.0,5.479452054794521e-05,18210.628573519218,-0.011903657740580997,deleveraging,7,False
2022-12-08 00:00:00+00:00,0.0010309070679917548,0.0010857015885397,0.5,0.75,-0.25,1.25,0.4626300067046526,0.06837257798845395,0.0,0.0,0.0,5.479452054794521e-05,18229.40203922823,-0.010885022237489106,deleveraging,8,False
2022-12-09 00:00:00+00:00,0.00238682164894753,0.0024416161694954756,0.5,0.75,-0.25,1.25,0.4612216018284784,0.0,0.0,0.0,0.0,5.479452054794521e-05,18272.912370662827,-0.008524181195267322,transition,1,False
2022-12-10 00:00:00+00:00,0.0002023048249240798,0.000257099345472025,0.5,0.75,-0.25,1.25,0.46028101669741134,0.0,0.0,0.0,0.0,5.479452054794521e-05,18276.609069000828,-0.008323600853327506,transition,2,False
2022-12-11 00:00:00+00:00,0.0014083425037472298,0.001463137024295175,0.5,0.75,-0.25,1.25,0.4561726860384886,0.0,0.0,0.0,0.0,5.479452054794521e-05,18302.34879437707,-0.006926980830446405,transition,3,False
2022-12-12 00:00:00+00:00,0.001432119336909955,0.0014869138574579001,0.5,0.75,-0.25,1.25,0.4472632776435651,0.0,0.0,0.0,0.0,5.479452054794521e-05,18328.559941996373,-0.005504781756729971,transition,4,False
2022-12-13 00:00:00+00:00,0.0028441120510282296,0.002898906571576175,0.5,0.75,-0.25,1.25,0.4522340965689847,0.0,0.0,0.0,0.0,5.479452054794521e-05,18380.6884202054,-0.0026763259218343105,transition,5,False
2022-12-14 00:00:00+00:00,0.0020489445660674547,0.0021037390866154,0.5,0.75,-0.25,1.25,0.4502918016125983,0.0,0.0,0.0,0.0,5.479452054794521e-05,18418.349431864557,-0.0006328649992214386,transition,6,False
2022-12-15 00:00:00+00:00,0.00022894171666692985,0.00028373623721487506,0.5,0.75,-0.25,1.25,0.4931238785835368,0.1929958168061574,0.0,0.0,0.0,5.479452054794521e-05,18422.56616040166,-0.00040406817175375753,transition,7,False
2022-12-16 00:00:00+00:00,0.00552715806791383,0.005581952588461775,0.5,0.75,-0.25,1.25,0.4590929415451998,0.0,0.0,0.0,0.0,5.479452054794521e-05,18524.390595586803,0.0,transition,8,False
2022-12-17 00:00:00+00:00,-0.000990581151638345,-0.0009357866310903999,0.5,0.75,-0.25,1.25,0.45343645366784613,0.0,0.0,0.0,0.0,5.479452054794521e-05,18506.040683417228,-0.0009905811516383034,deleveraging,1,False
2022-12-18 00:00:00+00:00,-0.00076544704273777,-0.0007106525221898248,0.5,0.75,-0.25,1.25,0.4567206631249029,0.0,0.0,0.0,0.0,5.479452054794521e-05,18491.87528930332,-0.001755269956963068,transition,1,False
2022-12-19 00:00:00+00:00,0.003805591397912255,0.0038603859184602003,0.5,0.75,-0.25,1.25,0.44366631123144507,0.0,0.0,0.0,0.0,5.479452054794521e-05,18562.24781083556,0.0,transition,2,False
2022-12-20 00:00:00+00:00,0.0001332740280707799,0.0001880685486187251,0.5,0.75,-0.25,1.25,0.4536292164884589,0.0,0.0,0.0,0.0,5.479452054794521e-05,18564.72167637136,0.0,transition,3,False
2022-12-21 00:00:00+00:00,0.0010017084559325047,0.0010565029764804498,0.5,0.75,-0.25,1.25,0.44827058080506077,0.0,0.0,0.0,0.0,5.479452054794521e-05,18583.318115056616,0.0,transition,4,False
2022-12-22 00:00:00+00:00,-0.0027317569537358205,-0.002676962433187875,0.5,0.75,-0.25,1.25,0.4814608522976759,0.1567377323850233,0.0,0.0,0.0,5.479452054794521e-05,18532.55300657232,-0.002731756953736064,transition,5,False
2022-12-23 00:00:00+00:00,0.0005994123427189798,0.000654206863266925,0.5,0.75,-0.25,1.25,0.4837305646170515,0.0,0.0,0.0,0.0,5.479452054794521e-05,18543.661647586552,-0.0021339820598526016,transition,6,False
2022-12-24 00:00:00+00:00,9.97334241938463e-06,6.476786296732984e-05,0.5,0.75,-0.25,1.25,0.48186956543312753,0.0,0.0,0.0,0.0,5.479452054794521e-05,18543.846589873876,-0.002124030000366761,transition,7,False
2022-12-25 00:00:00+00:00,-0.0010448283011605202,-0.000990033780612575,0.5,0.75,-0.25,1.25,0.48078682702317843,0.0,0.0,0.0,0.0,5.479452054794521e-05,18524.471454144397,-0.003166639054870357,transition,8,False
2022-12-26 00:00:00+00:00,0.00040834710303702985,0.00046314162358497503,0.5,0.75,-0.25,1.25,0.4854864420197542,0.0,0.0,0.0,0.0,5.479452054794521e-05,18532.03586839799,-0.002759585039717738,transition,9,False
2022-12-27 00:00:00+00:00,0.00158774727190848,0.001642541792456425,0.5,0.75,-0.25,1.25,0.48253827496843626,0.0,0.0,0.0,0.0,5.479452054794521e-05,18561.46005779095,-0.0011762192914275271,transition,10,False
2022-12-28 00:00:00+00:00,0.0023940780619711045,0.00244887258251905,0.5,0.75,-0.25,1.25,0.46926739447078647,0.0,0.0,0.0,0.0,5.479452054794521e-05,18605.89764211346,0.0,transition,11,False
2022-12-29 00:00:00+00:00,-5.069216630002019e-05,4.102354247925016e-06,0.5,0.75,-0.25,1.25,0.5044495635942268,0.32959976716005057,0.0,0.0,0.0,5.479452054794521e-05,18604.954468856024,-5.069216630015916e-05,transition,12,False
2022-12-30 00:00:00+00:00,0.0021098345428243047,0.00216462906337225,0.5,0.75,-0.25,1.25,0.4995263882002403,0.0,0.0,0.0,0.0,5.479452054794521e-05,18644.20784446209,0.0,transition,13,False
2022-12-31 00:00:00+00:00,-0.0016478256384877452,-0.0015930311179398,0.5,0.75,-0.25,1.25,0.5022072377677305,0.0,0.0,0.0,0.0,5.479452054794521e-05,18613.48544076669,-0.0016478256384877543,transition,14,False
2023-01-01 00:00:00+00:00,-1.9546204011220222e-05,3.5248316536724985e-05,0.5,0.75,-0.25,1.25,0.5028111357116454,0.0,0.0,0.0,0.0,5.479452054794521e-05,18613.121617782905,-0.0016673396337628654,transition,15,False
2023-01-02 00:00:00+00:00,0.0011755902357489297,0.001230384756296875,0.5,0.75,-0.25,1.25,0.5113184493314542,0.0,0.0,0.0,0.0,5.479452054794521e-05,18635.00302181358,-0.0004937095062069741,transition,16,False
2023-01-03 00:00:00+00:00,0.00337502923862348,0.003429823759171425,0.5,0.75,-0.25,1.25,0.5134216373702293,0.0,0.0,0.0,0.0,5.479452054794521e-05,18697.896701874033,0.0,transition,17,False
2023-01-04 00:00:00+00:00,-0.001462236965625895,-0.0014074424450779498,0.5,0.75,-0.25,1.25,0.5285747438144212,0.0,0.0,0.0,0.0,5.479452054794521e-05,18670.5559461371,-0.0014622369656257517,transition,18,False
2023-01-05 00:00:00+00:00,0.0008267172950491799,0.0008815118155971251,0.5,0.75,-0.25,1.25,0.5062919441099851,0.2564446743150016,0.0,0.0,0.0,5.479452054794521e-05,18685.991217645955,-0.0006367285271655643,transition,19,False
2023-01-06 00:00:00+00:00,-0.0004603111734333453,-0.0004055166528854001,0.5,0.75,-0.25,1.25,0.5073968143845842,0.0,0.0,0.0,0.0,5.479452054794521e-05,18677.389847101796,-0.0010967466073433796,transition,20,False
2023-01-07 00:00:00+00:00,-0.0007433097793371952,-0.00068851525878925,0.5,0.75,-0.25,1.25,0.5103010658059093,0.0,0.0,0.0,0.0,5.479452054794521e-05,18663.50676057595,-0.0018392411642019768,transition,21,True
2023-01-08 00:00:00+00:00,0.0006977222168404798,0.000752516737388425,0.5,0.75,-0.25,1.25,0.5179445780961531,0.0,0.0,0.0,0.0,5.479452054794521e-05,18676.528703886957,-0.0011428022267838678,transition,22,True
2023-01-09 00:00:00+00:00,-0.0028857887349887953,-0.00283099421444085,0.5,0.75,-0.25,1.25,0.5382280503610295,0.0,0.0,0.0,0.0,5.479452054794521e-05,18622.632187744584,-0.0040252930759803185,transition,23,True
2023-01-10 00:00:00+00:00,-0.0003984415772715123,-0.00034364705672356707,0.5,0.75,-0.25,1.25,0.5429395405285509,0.0,0.0,0.0,0.0,5.479452054794521e-05,18615.212156802754,-0.004422130809129565,rotation,1,False
2023-01-11 00:00:00+00:00,0.0036766434049312294,0.003731437925479175,0.5,0.75,-0.25,1.25,0.5509318183851157,0.0,0.0,0.0,0.0,5.479452054794521e-05,18683.653653810456,-0.0007617460022736333,rotation,2,True
2023-01-12 00:00:00+00:00,-0.00118914985570987,-0.0011343553351619248,0.5,0.75,-0.25,1.25,0.548245422661461,0.23490168511769371,0.0,0.0,0.0,5.479452054794521e-05,18661.435989763893,-0.0019499900278348026,rotation,3,False
2023-01-13 00:00:00+00:00,-0.0019424669685875202,-0.001887672448039575,0.5,0.75,-0.25,1.25,0.5631133976280103,0.05126855348708655,0.0,0.0,0.0,5.479452054794521e-05,18625.18676676737,-0.0038886692052040317,rotation,4,False
2023-01-14 00:00:00+00:00,0.011528862307304705,0.01158365682785265,0.5,0.75,-0.25,1.25,0.5439881840728111,0.0,0.0,0.0,0.0,5.479452054794521e-05,18839.913980449262,0.0,rotation,5,False
2023-01-15 00:00:00+00:00,-0.0005894807070844451,-0.0005346861865364999,0.5,0.75,-0.25,1.25,0.5401231942849032,0.0,0.0,0.0,0.0,5.479452054794521e-05,18828.808214634657,-0.0005894807070844221,rotation,6,False
2023-01-16 00:00:00+00:00,0.0013957531504759115,0.0014505476710238567,0.5,0.75,-0.25,1.25,0.537655329747312,0.0,0.0,0.0,0.0,5.479452054794521e-05,18855.08858301994,0.0,rotation,7,False
2023-01-17 00:00:00+00:00,0.0033960240994133297,0.003450818619961275,0.5,0.75,-0.25,1.25,0.5351125549102564,0.0,0.0,0.0,0.0,5.479452054794521e-05,18919.12091824445,0.0,rotation,8,False
2023-01-18 00:00:00+00:00,-0.0010431191205749703,-0.000988324600027025,0.5,0.75,-0.25,1.25,0.5209631870076831,0.0,0.0,0.0,0.0,5.479452054794521e-05,18899.38602147016,-0.0010431191205749757,rotation,9,False
2023-01-19 00:00:00+00:00,-0.00013594998897459518,-8.115546842664997e-05,0.5,0.75,-0.25,1.25,0.45331332568845495,0.2541825341252037,0.0,0.0,0.0,5.479452054794521e-05,18896.816650148914,-0.0011789272975166742,rotation,10,False
2023-01-20 00:00:00+00:00,0.004184424652334129,0.004239219172882075,0.5,0.75,-0.25,1.25,0.4727343996097765,0.0,0.0,0.0,0.0,5.479452054794521e-05,18975.888955590435,0.0,transition_2,1,False
2023-01-21 00:00:00+00:00,0.0001446437899472298,0.000199438310495175,0.5,0.75,-0.25,1.25,0.4840218396189399,0.0,0.0,0.0,0.0,5.479452054794521e-05,18978.63370008659,0.0,transition_2,2,False
2023-01-22 00:00:00+00:00,-0.0039401856045895205,-0.003885391084041575,0.5,0.75,-0.25,1.25,0.487812438509588,0.0,0.0,0.0,0.0,5.479452054794521e-05,18903.85436078673,-0.003940185604589641,transition_2,3,False
2023-01-23 00:00:00+00:00,0.0013473263182343048,0.00140212083878225,0.5,0.75,-0.25,1.25,0.4952358017920528,0.0,0.0,0.0,0.0,5.479452054794521e-05,18929.324021283082,-0.0025981680021193165,transition_2,4,False
2023-01-24 00:00:00+00:00,0.0011986770971441298,0.001253471617692075,0.5,0.75,-0.25,1.25,0.48764321801183913,0.0,0.0,0.0,0.0,5.479452054794521e-05,18952.014168451817,-0.0014026052694536828,transition_2,5,False
2023-01-25 00:00:00+00:00,-3.949393960770282e-06,5.0845126587174925e-05,0.5,0.75,-0.25,1.25,0.4851387909689995,0.0,0.0,0.0,0.0,5.479452054794521e-05,18951.939319481513,-0.0014065491239738659,transition_2,6,False
2023-01-26 00:00:00+00:00,-0.0004053940666063451,-0.00035059954605839994,0.5,0.75,-0.25,1.25,0.4049352742588229,0.292524548195975,0.0,0.0,0.0,5.479452054794521e-05,18944.256315730716,-0.001811372983910653,transition_2,7,False
2023-01-27 00:00:00+00:00,-0.00043129867361939517,-0.00037650415307144994,0.5,0.75,-0.25,1.25,0.40620248775775447,0.0,0.0,0.0,0.0,5.479452054794521e-05,18936.085683109035,-0.0022418904147647467,transition_2,8,False
2023-01-28 00:00:00+00:00,-0.0015270083619141953,-0.00147221384136625,0.5,0.75,-0.25,1.25,0.4064820699278099,0.0,0.0,0.0,0.0,5.479452054794521e-05,18907.170121929,-0.0037654753912692573,transition_2,9,False
2023-01-29 00:00:00+00:00,0.0019584204221849795,0.002013214942732925,0.5,0.75,-0.25,1.25,0.415728312316356,0.0,0.0,0.0,0.0,5.479452054794521e-05,18944.198310021515,-0.0018144293529895883,transition_2,10,False
2023-01-30 00:00:00+00:00,-0.00237647106078927,-0.0023216765402413247,0.5,0.75,-0.25,1.25,0.4044355533801348,0.0,0.0,0.0,0.0,5.479452054794521e-05,18899.177970967892,-0.004186588474929809,transition_2,11,False
2023-01-31 00:00:00+00:00,-0.0035398056309334457,-0.0034850111103855003,0.5,0.75,-0.25,1.25,0.40886500668125275,0.0,0.0,0.0,0.0,5.479452054794521e-05,18832.278554366247,-0.007711574396405352,transition_2,12,False
2023-02-01 00:00:00+00:00,0.0034906704757983794,0.003545464996346325,0.5,0.75,-0.25,1.25,0.41190019485193463,0.0,0.0,0.0,0.0,5.479452054794521e-05,18898.015833107984,-0.004247822485674457,transition_2,13,False
2023-02-02 00:00:00+00:00,0.001839271385005405,0.00189406590555335,0.5,0.75,-0.25,1.25,0.4614959160396611,0.05913773677962233,0.0,0.0,0.0,5.479452054794521e-05,18932.7744128632,-0.0024163639990153474,transition_2,14,False
2023-02-03 00:00:00+00:00,-0.00016899801882427014,-0.00011420349827632494,0.5,0.75,-0.25,1.25,0.463392878897018,0.0,0.0,0.0,0.0,5.479452054794521e-05,18929.57481149658,-0.0025849536571110887,transition_2,15,False
2023-02-04 00:00:00+00:00,-0.0025780864839084704,-0.002523291963360525,0.5,0.75,-0.25,1.25,0.4656250041038752,0.0,0.0,0.0,0.0,5.479452054794521e-05,18880.772730528926,-0.005156375906934629,transition_2,16,False
2023-02-05 00:00:00+00:00,0.00048197186187662984,0.000536766382424575,0.5,0.75,-0.25,1.25,0.45715911008777976,0.0,0.0,0.0,0.0,5.479452054794521e-05,18889.872731715528,-0.00467688927315435,transition_2,17,False
2023-02-06 00:00:00+00:00,0.0003465667373494048,0.00040136125789735,0.5,0.75,-0.25,1.25,0.45051114321497326,0.0,0.0,0.0,0.0,5.479452054794521e-05,18896.419333277106,-0.004331943390061266,transition_2,18,False
2023-02-07 00:00:00+00:00,0.0001968097766080047,0.0002516042971559499,0.5,0.75,-0.25,1.25,0.45823234314277517,0.0,0.0,0.0,0.0,5.479452054794521e-05,18900.13833334478,-0.004135986182264073,transition_2,19,False
2023-02-08 00:00:00+00:00,0.00020120752591010479,0.00025600204645805,0.5,0.75,-0.25,1.25,0.45703360870095977,0.0,0.0,0.0,0.0,5.479452054794521e-05,18903.941183418192,-0.003935610847900839,transition_2,20,False
2023-02-09 00:00:00+00:00,-0.00011322585766979502,-5.8431337121849815e-05,0.5,0.75,-0.25,1.25,0.42420879325803984,0.21504807894636255,0.0,0.0,0.0,5.479452054794521e-05,18901.80076846436,-0.004048391092656978,transition_2,21,False
2023-02-10 00:00:00+00:00,-0.001030125946756145,-0.0009753314262081999,0.5,0.75,-0.25,1.25,0.4123594977408743,0.0,0.0,0.0,0.0,5.479452054794521e-05,18882.32953305235,-0.005074346686705922,transition_2,22,False
2023-02-11 00:00:00+00:00,0.00018572671862470484,0.00024052123917265005,0.5,0.75,-0.25,1.25,0.4144116899918669,0.0,0.0,0.0,0.0,5.479452054794521e-05,18885.836486156513,-0.004889562409840509,transition_2,23,False
2023-02-12 00:00:00+00:00,-0.0012040451643358203,-0.001149250643787875,0.5,0.75,-0.25,1.25,0.41504746400959946,0.0,0.0,0.0,0.0,5.479452054794521e-05,18863.09708606092,-0.0060877203202011065,transition_2,24,False
2023-02-13 00:00:00+00:00,0.0005576901130970799,0.0006124846336450251,0.5,0.75,-0.25,1.25,0.4099682828399239,0.0,0.0,0.0,0.0,5.479452054794521e-05,18873.616848808204,-0.00553342526853795,transition_2,25,False
2023-02-14 00:00:00+00:00,0.0018184517901695797,0.001873246310717525,0.5,0.75,-0.25,1.25,0.417765807612388,0.0,0.0,0.0,0.0,5.479452054794521e-05,18907.937611153895,-0.0037250357454536864,transition_2,26,False
2023-02-15 00:00:00+00:00,-0.00014320808711919521,-8.841356657125001e-05,0.5,0.75,-0.25,1.25,0.438847857166358,0.0,0.0,0.0,0.0,5.479452054794521e-05,18905.229841577235,-0.0038677103773292476,transition_2,27,False
2023-02-16 00:00:00+00:00,-0.00416634428140102,-0.004111549760853075,0.5,0.75,-0.25,1.25,0.49820692984176407,0.26009326524466314,0.0,0.0,0.0,5.479452054794521e-05,18826.464145338206,-0.008017940445717575,transition_2,28,False
2023-02-17 00:00:00+00:00,0.0007935799762267547,0.0008483744967746999,0.5,0.75,-0.25,1.25,0.5076393117171385,0.0,0.0,0.0,0.0,5.479452054794521e-05,18841.404450307095,-0.00723072334647934,transition_2,29,False
2023-02-18 00:00:00+00:00,-0.00099171172486702,-0.0009369172043190749,0.5,0.75,-0.25,1.25,0.5211077018477116,0.0,0.0,0.0,0.0,5.479452054794521e-05,18822.719208600764,-0.008215264278224388,transition_2,30,False
2023-02-19 00:00:00+00:00,0.0007576545540909799,0.0008124490746389251,0.5,0.75,-0.25,1.25,0.5208212964344401,0.0,0.0,0.0,0.0,5.479452054794521e-05,18836.980327529538,-0.00746383405652673,transition_2,31,False
2023-02-20 00:00:00+00:00,0.00043083262237277953,0.0004856271429207247,0.5,0.75,-0.25,1.25,0.52583901311802,0.0,0.0,0.0,0.0,5.479452054794521e-05,18845.095913161633,-0.007036217097353359,transition_2,32,False
2023-02-21 00:00:00+00:00,-4.718869486659521e-05,7.605825681349999e-06,0.5,0.75,-0.25,1.25,0.5173853224301723,0.0,0.0,0.0,0.0,5.479452054794521e-05,18844.206637680854,-0.007083073762318426,transition_2,33,False
2023-02-22 00:00:00+00:00,-0.0002436311493434702,-0.00018883662879552499,0.5,0.75,-0.25,1.25,0.508301379436403,0.0,0.0,0.0,0.0,5.479452054794521e-05,18839.61560195925,-0.007324979254260344,transition_2,34,False
2023-02-23 00:00:00+00:00,-0.0018417336776148203,-0.001786939157066875,0.5,0.75,-0.25,1.25,0.45893779190673983,0.34106703703320196,0.0,0.0,0.0,5.479452054794521e-05,18804.918047431802,-0.009153222270894878,transition_2,35,False
2023-02-24 00:00:00+00:00,-0.00015939599684204503,-0.00010460147629409982,0.5,0.75,-0.25,1.25,0.44479882816875554,0.0,0.0,0.0,0.0,5.479452054794521e-05,18801.9206187741,-0.00931115928074866,transition_2,36,False
2023-02-25 00:00:00+00:00,-0.00019117352960667023,-0.00013637900905872502,0.5,0.75,-0.25,1.25,0.43684990433359305,0.0,0.0,0.0,0.0,5.479452054794521e-05,18798.326189246025,-0.009500552763170855,transition_2,37,False
2023-02-26 00:00:00+00:00,-0.00020515236376399509,-0.00015035784321604988,0.5,0.75,-0.25,1.25,0.4429116221592353,0.0,0.0,0.0,0.0,5.479452054794521e-05,18794.469668193495,-0.009703756066078428,transition_2,38,False
2023-02-27 00:00:00+00:00,-0.0006239690216700451,-0.0005691745011221,0.5,0.75,-0.25,1.25,0.4424646605109491,0.0,0.0,0.0,0.0,5.479452054794521e-05,18782.742501341825,-0.010321670244569314,transition_2,39,False
2023-02-28 00:00:00+00:00,0.0005215237481346049,0.0005763182686825501,0.5,0.75,-0.25,1.25,0.4385246269112152,0.0,0.0,0.0,0.0,5.479452054794521e-05,18792.538147611373,-0.009805529492587617,transition_2,40,False
2023-03-01 00:00:00+00:00,0.0010496696627340298,0.001104464183281975,0.5,0.75,-0.25,1.25,0.44577495048205396,0.0,0.0,0.0,0.0,5.479452054794521e-05,18812.26410479069,-0.008766152396689098,transition_2,41,False
2023-03-02 00:00:00+00:00,0.00017853770003311347,0.00023333222058105868,0.5,0.75,-0.25,1.25,0.4822236483568393,0.24346408717243567,0.0,0.0,0.0,5.479452054794521e-05,18815.622803156377,-0.008589179785343015,transition_2,42,False
2023-03-03 00:00:00+00:00,0.00463246741522688,0.0046872619357748255,0.5,0.75,-0.25,1.25,0.46342736393236444,0.0,0.0,0.0,0.0,5.479452054794521e-05,18902.7855626892,-0.003996501465595048,transition_2,43,False
2023-03-04 00:00:00+00:00,-0.00151654052371272,-0.0014617460031647747,0.5,0.75,-0.25,1.25,0.4588063262295937,0.0,0.0,0.0,0.0,5.479452054794521e-05,18874.118722372332,-0.005506981132882172,transition_2,44,False
2023-03-05 00:00:00+00:00,-0.0013364875472935951,-0.00128169302674565,0.5,0.75,-0.25,1.25,0.45970377670791107,0.0,0.0,0.0,0.0,5.479452054794521e-05,18848.89369773374,-0.00683610866846851,transition_2,45,False
2023-03-06 00:00:00+00:00,-0.0012523632119771702,-0.001197568691429225,0.5,0.75,-0.25,1.25,0.457588350451791,0.0,0.0,0.0,0.0,5.479452054794521e-05,18825.28803668023,-0.008079910589436134,transition_2,46,False
2023-03-07 00:00:00+00:00,0.0015149205262320299,0.001569715046779975,0.5,0.75,-0.25,1.25,0.4540003948467968,0.0,0.0,0.0,0.0,5.479452054794521e-05,18853.806851939225,-0.006577230485606322,transition_2,47,False
2023-03-08 00:00:00+00:00,-0.0004975172360119952,-0.00044272271546405,0.5,0.75,-0.25,1.25,0.4436971656746575,0.0,0.0,0.0,0.0,5.479452054794521e-05,18844.426758065943,-0.0070714754360865495,transition_2,48,False
2023-03-09 00:00:00+00:00,-3.059653929927012e-05,2.4197981248675086e-05,0.5,0.75,-0.25,1.25,0.39824700698868853,0.2544693246943202,0.0,0.0,0.0,5.479452054794521e-05,18843.85018382207,-0.0071018556127097066,transition_2,49,False
2023-03-10 00:00:00+00:00,0.0009838890106421783,0.0010386835311901235,0.5,0.75,-0.25,1.25,0.3851545198326053,0.0,0.0,0.0,0.0,5.479452054794521e-05,18862.39044093612,-0.006124954039759989,deleveraging,1,False
2023-03-11 00:00:00+00:00,0.0009673669867895798,0.001022161507337525,0.5,0.75,-0.25,1.25,0.38507598189039877,0.0,0.0,0.0,0.0,5.479452054794521e-05,18880.637294740616,-0.00516351213130406,deleveraging,2,False
2023-03-12 00:00:00+00:00,-0.0011639270527615702,-0.001109132532213625,0.5,0.75,-0.25,1.25,0.40102955070648927,0.0,0.0,0.0,0.0,5.479452054794521e-05,18858.66161021989,-0.0063214292326087,deleveraging,3,False
2023-03-13 00:00:00+00:00,-0.0010537823124452453,-0.0009989877918973001,0.5,0.75,-0.25,1.25,0.42746762470823274,0.0,0.0,0.0,0.0,5.479452054794521e-05,18838.78868617865,-0.007368550134739249,deleveraging,4,False
2023-03-14 00:00:00+00:00,-0.00413278868964137,-0.004077994169093425,0.5,0.75,-0.25,1.25,0.44297383417134406,0.0,0.0,0.0,0.0,5.479452054794521e-05,18760.931953369865,-0.011470886163724825,deleveraging,5,False
2023-03-15 00:00:00+00:00,0.004715490297325805,0.00477028481787375,0.5,0.75,-0.25,1.25,0.4286189948708485,0.0,0.0,0.0,0.0,5.479452054794521e-05,18849.39894596477,-0.006809486718805768,deleveraging,6,False
2023-03-16 00:00:00+00:00,0.001814393146967105,0.0018691876675150502,0.5,0.75,-0.25,1.25,0.539034969199521,0.2839097900204199,0.0,0.0,0.0,5.479452054794521e-05,18883.59916623678,-0.005007448657875391,deleveraging,7,False
2023-03-17 00:00:00+00:00,-0.0014911986703760453,-0.0014364041498281,0.5,0.75,-0.25,1.25,0.572336442379267,0.0,0.0,0.0,0.0,5.479452054794521e-05,18855.439968268176,-0.006491180227470861,deleveraging,8,False
2023-03-18 00:00:00+00:00,0.002460978663196755,0.0025157731837447002,0.5,0.75,-0.25,1.25,0.5698552401529228,0.0,0.0,0.0,0.0,5.479452054794521e-05,18901.842803715273,-0.0040461762203127805,deleveraging,9,False
2023-03-19 00:00:00+00:00,0.0003606713483319797,0.0004154658688799249,0.5,0.75,-0.25,1.25,0.5748458508934421,0.0,0.0,0.0,0.0,5.479452054794521e-05,18908.660156845246,-0.0036869642118138035,deleveraging,10,False
2023-03-20 00:00:00+00:00,0.0043318359945897795,0.004386630515137725,0.5,0.75,-0.25,1.25,0.5625781121512655,0.0,0.0,0.0,0.0,5.479452054794521e-05,18990.56937152214,0.0,deleveraging,11,False
2023-03-21 00:00:00+00:00,-0.0014719218855327955,-0.0014171273649848503,0.5,0.75,-0.25,1.25,0.5738681857956579,0.0,0.0,0.0,0.0,5.479452054794521e-05,18962.616736845463,-0.001471921885533023,deleveraging,12,False
2023-03-22 00:00:00+00:00,0.0002066000265676798,0.000261394547115625,0.5,0.75,-0.25,1.25,0.5622289492376231,0.0,0.0,0.0,0.0,5.479452054794521e-05,18966.53441396709,-0.0012656259580658968,rotation,1,False
2023-03-23 00:00:00+00:00,-0.007442146387870821,-0.007387351867322875,0.5,0.75,-0.25,1.25,0.5739174933826912,0.2214048409202545,0.0,0.0,0.0,5.479452054794521e-05,18825.38268838776,-0.008698353372284306,rotation,2,False
2023-03-24 00:00:00+00:00,-0.001120187714391257,-0.0010653931938433118,0.5,0.75,-0.25,1.25,0.5643647488795545,0.0,0.0,0.0,0.0,5.479452054794521e-05,18804.294725981512,-0.009808797298092586,rotation,3,False
2023-03-25 00:00:00+00:00,0.0011526617623670707,0.0012074562829150158,0.5,0.75,-0.25,1.25,0.5602448447411078,0.0,0.0,0.0,0.0,5.479452054794521e-05,18825.96971748043,-0.00866744176130585,rotation,4,False
2023-03-26 00:00:00+00:00,0.00031826855294591857,0.0003730630734938638,0.5,0.75,-0.25,1.25,0.5660714110353635,0.0,0.0,0.0,0.0,5.479452054794521e-05,18831.96143162022,-0.008351931782506927,rotation,5,False
2023-03-27 00:00:00+00:00,-0.007175599090313695,-0.00712080456976575,0.5,0.75,-0.25,1.25,0.5563984236250742,0.0,0.0,0.0,0.0,5.479452054794521e-05,18696.830826302663,-0.01546760075871978,rotation,6,False
2023-03-28 00:00:00+00:00,-0.0013347310476984951,-0.00127993652715055,0.5,0.75,-0.25,1.25,0.5593828638666678,0.0,0.0,0.0,0.0,5.479452054794521e-05,18671.875585705227,-0.01678168671945235,rotation,7,False
2023-03-29 00:00:00+00:00,-0.0021402514035446956,-0.0020854568829967502,0.5,0.75,-0.25,1.25,0.5741479297337455,0.0,0.0,0.0,0.0,5.479452054794521e-05,18631.913077776113,-0.018886021094441707,rotation,8,False
2023-03-30 00:00:00+00:00,-0.00122149486032852,-0.0011667003397805749,0.5,0.75,-0.25,1.25,0.49596928531415885,0.23619121386691455,0.0,0.0,0.0,5.479452054794521e-05,18609.15429171352,-0.02008444677707144,transition_2,1,False
2023-03-31 00:00:00+00:00,0.0008921522793814299,0.0009469467999293751,0.5,0.75,-0.25,1.25,0.5027374929065942,0.0,0.0,0.0,0.0,5.479452054794521e-05,18625.756491132233,-0.019210212882662225,rotation,1,False
2023-04-01 00:00:00+00:00,0.00032153933330820463,0.0003763338538561498,0.5,0.75,-0.25,1.25,0.509077028939128,0.0,0.0,0.0,0.0,5.479452054794521e-05,18631.745404456753,-0.018894850388397,transition_2,1,False
2023-04-02 00:00:00+00:00,-0.0026123793523636454,-0.0025575848318157,0.5,0.75,-0.25,1.25,0.5071446955816916,0.0,0.0,0.0,0.0,5.479452054794521e-05,18583.072217463654,-0.021457869223740045,transition_2,2,False
2023-04-03 00:00:00+00:00,0.003407552436957329,0.0034623469575052745,0.5,0.75,-0.25,1.25,0.5150674140741498,0.0,0.0,0.0,0.0,5.479452054794521e-05,18646.395010484426,-0.018123435601347992,transition_2,3,False
2023-04-04 00:00:00+00:00,0.0018186132980466548,0.0018734078185946,0.5,0.75,-0.25,1.25,0.5296788472098821,0.0,0.0,0.0,0.0,5.479452054794521e-05,18680.30559241112,-0.016337781824292352,transition_2,4,False
2023-04-05 00:00:00+00:00,0.0009125226537757549,0.0009673171743237001,0.5,0.75,-0.25,1.25,0.5295666699165991,0.0,0.0,0.0,0.0,5.479452054794521e-05,18697.351794443653,-0.015440167766543555,transition_2,5,False
2023-04-06 00:00:00+00:00,0.0006153407540840045,0.0006701352746319496,0.5,0.75,-0.25,1.25,0.45708970532897286,0.17657356177931557,0.0,0.0,0.0,5.479452054794521e-05,18708.85703699622,-0.014834327976936068,transition_2,6,False
2023-04-07 00:00:00+00:00,0.0005242033985567048,0.00057899791910465,0.5,0.75,-0.25,1.25,0.44827358769562675,0.0,0.0,0.0,0.0,5.479452054794521e-05,18718.664283438124,-0.014317900783520354,transition_2,7,False
2023-04-08 00:00:00+00:00,-0.0004023514588986565,-0.00034755693835071126,0.5,0.75,-0.25,1.25,0.4459612501307143,0.0,0.0,0.0,0.0,5.479452054794521e-05,18711.13280155505,-0.014714491414150377,transition_2,8,False
2023-04-09 00:00:00+00:00,-0.0007250177743574702,-0.000670223253809525,0.5,0.75,-0.25,1.25,0.4475633832227126,0.0,0.0,0.0,0.0,5.479452054794521e-05,18697.566897695557,-0.015428840920692077,transition,1,False
2023-04-10 00:00:00+00:00,-0.00026278450106084793,-0.0002079899805129027,0.5,0.75,-0.25,1.25,0.45531418799385737,0.0,0.0,0.0,0.0,5.479452054794521e-05,18692.653466907293,-0.01568757096148965,transition,2,False
2023-04-11 00:00:00+00:00,0.0018202829450561801,0.0018750774656041253,0.5,0.75,-0.25,1.25,0.46746626622608034,0.0,0.0,0.0,0.0,5.479452054794521e-05,18726.67938521095,-0.013895843834303978,transition,3,False
2023-04-12 00:00:00+00:00,0.00400110730234438,0.004055901822892325,0.5,0.75,-0.25,1.25,0.4633260968034133,0.0,0.0,0.0,0.0,5.479452054794521e-05,18801.606838847783,-0.009950335294197088,transition_2,1,False
2023-04-13 00:00:00+00:00,0.00025020434937460484,0.00030499886992255,0.5,0.75,-0.25,1.25,0.5364697523584603,0.22526351579541945,0.0,0.0,0.0,5.479452054794521e-05,18806.311082654094,-0.009702620561990893,transition_2,2,False
2023-04-14 00:00:00+00:00,0.00243127243449258,0.0024860669550405253,0.5,0.75,-0.25,1.25,0.5491429105136685,0.0,0.0,0.0,0.0,5.479452054794521e-05,18852.03434838384,-0.007294937841413107,transition_2,3,False
2023-04-15 00:00:00+00:00,0.0015104129581379549,0.0015652074786859,0.5,0.75,-0.25,1.25,0.5490887779018281,0.0,0.0,0.0,0.0,5.479452054794521e-05,18880.508705350905,-0.005795543251919444,transition_2,4,False
2023-04-16 00:00:00+00:00,0.00533072263531523,0.005385517155863175,0.5,0.75,-0.25,1.25,0.5555087015265288,0.0,0.0,0.0,0.0,5.479452054794521e-05,18981.155460472786,-0.0004957150502011842,transition_2,5,False
2023-04-17 00:00:00+00:00,-0.0021179537860452954,-0.00206315926549735,0.5,0.75,-0.25,1.25,0.5489656932503953,0.0,0.0,0.0,0.0,5.479452054794521e-05,18940.954250401763,-0.002612618934679123,transition_2,6,False
2023-04-18 00:00:00+00:00,-0.0037399911760903704,-0.003685196655542425,0.5,0.75,-0.25,1.25,0.5595470254251135,0.0,0.0,0.0,0.0,5.479452054794521e-05,18870.11524863853,-0.006342838939007334,transition_2,7,False
2023-04-19 00:00:00+00:00,-0.0022000390324105456,-0.0021452445118626,0.5,0.75,-0.25,1.25,0.5319606124604215,0.0,0.0,0.0,0.0,5.479452054794521e-05,18828.600258545437,-0.008528923478175798,transition_2,8,False
2023-04-20 00:00:00+00:00,0.00017404156215327962,0.00022883608270122483,0.5,0.75,-0.25,1.25,0.5083256597367598,0.5099163208665793,0.0,0.0,0.0,5.479452054794521e-05,18831.877217547593,-0.008356366303188145,transition_2,9,False
2023-04-21 00:00:00+00:00,0.006672049160465579,0.006726843681013525,0.5,0.75,-0.25,1.25,0.4916612139562532,0.0,0.0,0.0,0.0,5.479452054794521e-05,18957.52442812692,-0.001740071229500595,transition_2,10,False
2023-04-22 00:00:00+00:00,-5.586200659549528e-05,-1.0674860475500762e-06,0.5,0.75,-0.25,1.25,0.4919131852741644,0.0,0.0,0.0,0.0,5.479452054794521e-05,18956.465422772282,-0.0017958360322254396,transition_2,11,False
2023-04-23 00:00:00+00:00,0.00024770509745088,0.0003024996179988252,0.5,0.75,-0.25,1.25,0.49162735821236003,0.0,0.0,0.0,0.0,5.479452054794521e-05,18961.161035887155,-0.0015485757725138827,transition,1,False
2023-04-24 00:00:00+00:00,-0.0013720783333225702,-0.001317283812774625,0.5,0.75,-0.25,1.25,0.4908854358297653,0.0,0.0,0.0,0.0,5.479452054794521e-05,18935.144837655174,-0.002918529338571507,transition,2,False
2023-04-25 00:00:00+00:00,-0.0007442376172896953,-0.0006894430967417501,0.5,0.75,-0.25,1.25,0.49535163650117586,0.0,0.0,0.0,0.0,5.479452054794521e-05,18921.052590578165,-0.0036605948765401353,transition,3,False
2023-04-26 00:00:00+00:00,0.0005944752867327049,0.00064926980728065,0.5,0.75,-0.25,1.25,0.4971475019539461,0.0,0.0,0.0,0.0,5.479452054794521e-05,18932.30068874223,-0.0030682957229963836,transition,4,False
2023-04-27 00:00:00+00:00,0.0005275243907863549,0.0005823189113343001,0.5,0.75,-0.25,1.25,0.4432764701716545,0.15850082687401298,0.0,0.0,0.0,5.479452054794521e-05,18942.287939129244,-0.0025423899330420108,transition_2,1,False
2023-04-28 00:00:00+00:00,0.001154541452218305,0.0012093359727662501,0.5,0.75,-0.25,1.25,0.4465014330726903,0.0,0.0,0.0,0.0,5.479452054794521e-05,18964.157595754823,-0.0013907837753891483,transition_2,2,False
2023-04-29 00:00:00+00:00,-0.001441017063773795,-0.0013862225432258498,0.5,0.75,-0.25,1.25,0.44979220866186687,0.0,0.0,0.0,0.0,5.479452054794521e-05,18936.829921059245,-0.002829796696010578,transition_2,3,False
2023-04-30 00:00:00+00:00,0.00301655345511913,0.0030713479756670752,0.5,0.75,-0.25,1.25,0.4472989865654008,0.0,0.0,0.0,0.0,5.479452054794521e-05,18993.953880786623,0.0,transition,1,False
2023-05-01 00:00:00+00:00,-5.442650004697022e-05,3.680205009749891e-07,0.5,0.75,-0.25,1.25,0.4355928324215469,0.0,0.0,0.0,0.0,5.479452054794521e-05,18992.92010635484,-5.4426500046944604e-05,transition,2,False
2023-05-02 00:00:00+00:00,-0.0001339552460462954,-7.916072549835019e-05,0.5,0.75,-0.25,1.25,0.4379990884907209,0.0,0.0,0.0,0.0,5.479452054794521e-05,18990.375905068853,-0.00018837445537811526,transition,3,False
2023-05-03 00:00:00+00:00,-0.00038187109507972024,-0.000327076574531775,0.5,0.75,-0.25,1.25,0.4388732967783425,0.0,0.0,0.0,0.0,5.479452054794521e-05,18983.12402942601,-0.0005701736156982218,transition,4,False
2023-05-04 00:00:00+00:00,-0.0014528200521350702,-0.001398025531587125,0.5,0.75,-0.25,1.25,0.3819922940052475,0.16585499362915862,0.0,0.0,0.0,5.479452054794521e-05,18955.54496618389,-0.002022165308171342,transition_2,1,False
2023-05-05 00:00:00+00:00,0.004604008196047905,0.0046588027165958504,0.5,0.75,-0.25,1.25,0.3868404671342469,0.0,0.0,0.0,0.0,5.479452054794521e-05,19042.816450568756,0.0,transition,1,False
2023-05-06 00:00:00+00:00,0.0012014386980556547,0.0012562332186036,0.5,0.75,-0.25,1.25,0.37831618160427066,0.0,0.0,0.0,0.0,5.479452054794521e-05,19065.69522717244,0.0,transition_2,1,False
2023-05-07 00:00:00+00:00,-0.0011107284539825203,-0.001055933933434575,0.5,0.75,-0.25,1.25,0.37422191076114963,0.0,0.0,0.0,0.0,5.479452054794521e-05,19044.518416988663,-0.0011107284539824125,transition,1,False
2023-05-08 00:00:00+00:00,0.0036495236519289544,0.0037043181724769,0.5,0.75,-0.25,1.25,0.3581082472241277,0.0,0.0,0.0,0.0,5.479452054794521e-05,19114.02183739106,0.0,transition,2,False
2023-05-09 00:00:00+00:00,-0.0036313150444635452,-0.0035765205239156,0.5,0.75,-0.25,1.25,0.3585452260179497,0.0,0.0,0.0,0.0,5.479452054794521e-05,19044.612802332736,-0.003631315044463679,deleveraging,1,False
2023-05-10 00:00:00+00:00,0.0012379897378813549,0.0012927842584293,0.5,0.75,-0.25,1.25,0.3597979495364976,0.0,0.0,0.0,0.0,5.479452054794521e-05,19068.18983754395,-0.0023978208373423016,transition,1,False
2023-05-11 00:00:00+00:00,-0.0028208102233752705,-0.002766015702827325,0.5,0.75,-0.25,1.25,0.40269583383190544,0.13789684405004085,0.0,0.0,0.0,5.479452054794521e-05,19014.402092708944,-0.005211867263185788,transition,2,False
2023-05-12 00:00:00+00:00,0.0037955718781834047,0.00385036639873135,0.5,0.75,-0.25,1.25,0.4038875459143356,0.0,0.0,0.0,0.0,5.479452054794521e-05,19086.572622572505,-0.001436077401819169,transition,3,False
2023-05-13 00:00:00+00:00,0.0006729810741362771,0.0007277755946842223,0.5,0.75,-0.25,1.25,0.4046404756182749,0.0,0.0,0.0,0.0,5.479452054794521e-05,19099.417524717624,-0.0007640627805952649,transition,4,False
2023-05-14 00:00:00+00:00,-0.0018987866148823952,-0.00184399209433445,0.5,0.75,-0.25,1.25,0.4080025281034713,0.0,0.0,0.0,0.0,5.479452054794521e-05,19063.151806369642,-0.0026613986032969494,transition,5,False
2023-05-15 00:00:00+00:00,-0.0021212946296233957,-0.0020665001090754503,0.5,0.75,-0.25,1.25,0.41380966247548634,0.0,0.0,0.0,0.0,5.479452054794521e-05,19022.713244819093,-0.004777047622355868,transition,6,False
2023-05-16 00:00:00+00:00,-0.0038362812515649707,-0.0037814867310170253,0.5,0.75,-0.25,1.25,0.4141893830052695,0.0,0.0,0.0,0.0,5.479452054794521e-05,18949.736766644095,-0.008595002775689475,transition,7,False
2023-05-17 00:00:00+00:00,-0.0021212037113747953,-0.00206640919082685,0.5,0.75,-0.25,1.25,0.42390026382728785,0.0,0.0,0.0,0.0,5.479452054794521e-05,18909.54051468511,-0.010697974735277338,transition,8,False
2023-05-18 00:00:00+00:00,-0.000788148334989195,-0.0007333538144412499,0.5,0.75,-0.25,1.25,0.488638442428457,0.2854514877616119,0.0,0.0,0.0,5.479452054794521e-05,18894.63699181305,-0.01147769147929123,transition,9,False
2023-05-19 00:00:00+00:00,-0.0010516300768748951,-0.00099683555632695,0.5,0.75,-0.25,1.25,0.4894100129505064,0.0,0.0,0.0,0.0,5.479452054794521e-05,18874.766823260827,-0.012517251270593444,transition,10,False
2023-05-20 00:00:00+00:00,-3.34398797843202e-05,2.1354640763625006e-05,0.5,0.75,-0.25,1.25,0.49160454605751747,0.0,0.0,0.0,0.0,5.479452054794521e-05,18874.1356533273,-0.012550272575000077,transition,11,False
2023-05-21 00:00:00+00:00,0.0028085022576816547,0.0028632967782296,0.5,0.75,-0.25,1.25,0.48737426080760027,0.0,0.0,0.0,0.0,5.479452054794521e-05,18927.14370592146,-0.009777017786179898,transition,12,False
2023-05-22 00:00:00+00:00,0.0030930200846765047,0.00314781460522445,0.5,0.75,-0.25,1.25,0.48779079571180045,0.0,0.0,0.0,0.0,5.479452054794521e-05,18985.685741549434,-0.006714238213884172,transition,13,False
2023-05-23 00:00:00+00:00,0.0007593776417664798,0.000814172162314425,0.5,0.75,-0.25,1.25,0.49373503207106617,0.0,0.0,0.0,0.0,5.479452054794521e-05,19000.10304681517,-0.005959959214498878,transition,14,False
2023-05-24 00:00:00+00:00,0.0013961904404096548,0.0014509849609576,0.5,0.75,-0.25,1.25,0.4807430911724763,0.0,0.0,0.0,0.0,5.479452054794521e-05,19026.630809055932,-0.004572090012169627,transition,15,False
2023-05-25 00:00:00+00:00,-0.0016145879871067702,-0.001559793466558825,0.5,0.75,-0.25,1.25,0.5029995368054773,0.2734614278854529,0.0,0.0,0.0,5.479452054794521e-05,18995.910639516514,-0.006179295957666864,transition,16,False
2023-05-26 00:00:00+00:00,-0.002887416486102745,-0.0028326219655547998,0.5,0.75,-0.25,1.25,0.5057864964073803,0.0,0.0,0.0,0.0,5.479452054794521e-05,18941.061533967437,-0.00904887024274914,transition,17,False
2023-05-27 00:00:00+00:00,0.0018713407533502296,0.0019261352738981748,0.5,0.75,-0.25,1.25,0.5117229329147986,0.0,0.0,0.0,0.0,5.479452054794521e-05,18976.506714327665,-0.007194463009055907,transition,18,False
2023-05-28 00:00:00+00:00,-0.002525863263829795,-0.0024710687432818496,0.5,0.75,-0.25,1.25,0.5228031617920967,0.0,0.0,0.0,0.0,5.479452054794521e-05,18928.57465314213,-0.009702154043067956,transition,19,False
2023-05-29 00:00:00+00:00,-0.0018747385150505805,-0.0018199439945026353,0.5,0.75,-0.25,1.25,0.5235556796912357,0.0,0.0,0.0,0.0,5.479452054794521e-05,18893.088525204872,-0.011558703556255101,transition,20,False
2023-05-30 00:00:00+00:00,0.0007528857519937798,0.0008076802725417249,0.5,0.75,-0.25,1.25,0.5264591052356774,0.0,0.0,0.0,0.0,5.479452054794521e-05,18907.312862366656,-0.010814520187480303,transition,21,False
2023-05-31 00:00:00+00:00,0.00037189986176122984,0.000426694382309175,0.5,0.75,-0.25,1.25,0.5196859235565296,0.0,0.0,0.0,0.0,5.479452054794521e-05,18914.34448940645,-0.010446642244281712,transition,22,False
2023-06-01 00:00:00+00:00,-0.0031753101353422203,-0.003120515614794275,0.5,0.75,-0.25,1.25,0.5517216764236428,0.2932582226002196,0.0,0.0,0.0,5.479452054794521e-05,18854.28557964588,-0.013588781050625554,transition,23,False
2023-06-02 00:00:00+00:00,0.0039325556714307295,0.003987350191978675,0.5,0.75,-0.25,1.25,0.5652330214204364,0.0,0.0,0.0,0.0,5.479452054794521e-05,18928.43110733289,-0.009709664017183317,transition,24,False
2023-06-03 00:00:00+00:00,-0.0016929270791896701,-0.001638132558641725,0.5,0.75,-0.25,1.25,0.5675198605397439,0.0,0.0,0.0,0.0,5.479452054794521e-05,18896.38665374471,-0.011386153343228456,transition,25,False
2023-06-04 00:00:00+00:00,0.0009162528499015797,0.0009710473704495248,0.5,0.75,-0.25,1.25,0.5688594016999995,0.0,0.0,0.0,0.0,5.479452054794521e-05,18913.700521869046,-0.010480333088776939,transition,26,False
2023-06-05 00:00:00+00:00,-0.0023207088162159953,-0.00226591429566805,0.5,0.75,-0.25,1.25,0.5439377957671669,0.0,0.0,0.0,0.0,5.479452054794521e-05,18869.807330320673,-0.012776720103597095,transition,27,False
2023-06-06 00:00:00+00:00,-0.0031774148910530702,-0.003122620370505125,0.5,0.75,-0.25,1.25,0.5482537513121324,0.0,0.0,0.0,0.0,5.479452054794521e-05,18809.850123518012,-0.01591353805393403,transition,28,False
2023-06-07 00:00:00+00:00,-0.005416053211176421,-0.005361258690628475,0.5,0.75,-0.25,1.25,0.5373846842149825,0.0,0.0,0.0,0.0,5.479452054794521e-05,18707.974974354784,-0.021243402696232372,transition,29,False
2023-06-08 00:00:00+00:00,-0.0005548089664957202,-0.000500014445947775,0.5,0.75,-0.25,1.25,0.4946620453872579,0.29496071961895187,0.0,0.0,0.0,5.479452054794521e-05,18697.595622094035,-0.02178642563243327,transition,30,False
2023-06-09 00:00:00+00:00,-0.0032500734129573706,-0.003195278892409425,0.5,0.75,-0.25,1.25,0.4894278029102663,0.0,0.0,0.0,0.0,5.479452054794521e-05,18636.82706367644,-0.02496569156267936,transition,31,False
2023-06-10 00:00:00+00:00,0.003963155751869729,0.0040179502724176745,0.5,0.75,-0.25,1.25,0.45100807603203313,0.0,0.0,0.0,0.0,5.479452054794521e-05,18710.68771205045,-0.021101478734925627,transition,32,False
2023-06-11 00:00:00+00:00,0.0011535134142723047,0.00120830793482025,0.5,0.75,-0.25,1.25,0.451902210734563,0.0,0.0,0.0,0.0,5.479452054794521e-05,18732.270741316563,-0.019972306159434905,deleveraging,1,False
2023-06-12 00:00:00+00:00,0.0002915933594099866,0.0003463878799579318,0.5,0.75,-0.25,1.25,0.452903707626728,0.0,0.0,0.0,0.0,5.479452054794521e-05,18737.732947071403,-0.019686536591872916,deleveraging,2,False
2023-06-13 00:00:00+00:00,-0.004277741203518845,-0.0042229466829708994,0.5,0.75,-0.25,1.25,0.45993263708376686,0.0,0.0,0.0,0.0,5.479452054794521e-05,18657.57777478318,-0.023880063886658198,deleveraging,3,False
2023-06-14 00:00:00+00:00,-0.002850078318691645,-0.0027952837981436995,0.5,0.75,-0.25,1.25,0.44959821538348177,0.0,0.0,0.0,0.0,5.479452054794521e-05,18604.402216887967,-0.026662082153017685,deleveraging,4,False
2023-06-15 00:00:00+00:00,0.0021489669579571546,0.0022037614785051,0.5,0.75,-0.25,1.25,0.5497939161925797,0.30322359928001663,0.0,0.0,0.0,5.479452054794521e-05,18644.3824625246,-0.02457041112863778,deleveraging,5,False
2023-06-16 00:00:00+00:00,0.0021812973637325797,0.002236091884280525,0.5,0.75,-0.25,1.25,0.5512992295182952,0.0,0.0,0.0,0.0,5.479452054794521e-05,18685.05140483853,-0.022442709137925898,deleveraging,6,False
2023-06-17 00:00:00+00:00,-0.0006639895116662703,-0.0006091949911183251,0.5,0.75,-0.25,1.25,0.558792476793093,0.0,0.0,0.0,0.0,5.479452054794521e-05,18672.64472668077,-0.023091796926111297,deleveraging,7,False
2023-06-18 00:00:00+00:00,-0.0006042860830803201,-0.0005494915625323749,0.5,0.75,-0.25,1.25,0.5580283479255146,0.0,0.0,0.0,0.0,5.479452054794521e-05,18661.361107338136,-0.02368212895767574,deleveraging,8,False
2023-06-19 00:00:00+00:00,0.0018910164905265798,0.001945811011074525,0.5,0.75,-0.25,1.25,0.5594666276154792,0.0,0.0,0.0,0.0,5.479452054794521e-05,18696.650048927786,-0.021835895763538726,deleveraging,9,False
2023-06-20 00:00:00+00:00,0.0008701668504682798,0.000924961371016225,0.5,0.75,-0.25,1.25,0.5662912836824172,0.0,0.0,0.0,0.0,5.479452054794521e-05,18712.919254015167,-0.020984729785714307,deleveraging,10,False
2023-06-21 00:00:00+00:00,0.001255299331623655,0.0013100938521716002,0.5,0.75,-0.25,1.25,0.5902344719306671,0.0,0.0,0.0,0.0,5.479452054794521e-05,18736.40956904746,-0.01975577257136496,deleveraging,11,False
2023-06-22 00:00:00+00:00,-0.0016424851089867451,-0.0015876905884388,0.5,0.75,-0.25,1.25,0.5666709618913208,0.224259991659063,0.0,0.0,0.0,5.479452054794521e-05,18705.63529533442,-0.02136580911808683,deleveraging,12,False
2023-06-23 00:00:00+00:00,0.0005308913771024825,0.0005856858976504277,0.5,0.75,-0.25,1.25,0.5850054795580438,0.0,0.0,0.0,0.0,5.479452054794521e-05,18715.56595581594,-0.02084626066480988,deleveraging,13,False
2023-06-24 00:00:00+00:00,0.005303413408974554,0.005358207929522499,0.5,0.75,-0.25,1.25,0.5830265057126295,0.0,0.0,0.0,0.0,5.479452054794521e-05,18814.82233926256,-0.01565340359417211,deleveraging,14,False
2023-06-25 00:00:00+00:00,-0.00396879760232997,-0.003914003081782025,0.5,0.75,-0.25,1.25,0.5864120064010236,0.0,0.0,0.0,0.0,5.479452054794521e-05,18740.15011747423,-0.019560076005849192,transition_2,1,False
2023-06-26 00:00:00+00:00,0.0068900592308534046,0.00694485375140135,0.5,0.75,-0.25,1.25,0.5793700929252897,0.0,0.0,0.0,0.0,5.479452054794521e-05,18869.27086177871,-0.012804786857236183,transition_2,2,False
2023-06-27 00:00:00+00:00,0.0006476946286409048,0.00070248914918885,0.5,0.75,-0.25,1.25,0.5834853385750951,0.0,0.0,0.0,0.0,5.479452054794521e-05,18881.492387162256,-0.012165385820263608,transition_2,3,False
2023-06-28 00:00:00+00:00,0.004700073793706905,0.00475486831425485,0.5,0.75,-0.25,1.25,0.5632102769268261,0.0,0.0,0.0,0.0,5.479452054794521e-05,18970.23679471723,-0.007522490237640955,transition_2,4,False
2023-06-29 00:00:00+00:00,-0.0030184205006931705,-0.002963625980145225,0.5,0.75,-0.25,1.25,0.573165152958055,0.24200671765421178,0.0,0.0,0.0,5.479452054794521e-05,18912.976643073052,-0.010518204699584532,deleveraging,1,False
2023-06-30 00:00:00+00:00,0.002806899937763129,0.0028616944583110746,0.5,0.75,-0.25,1.25,0.6020831795958879,0.0,0.0,0.0,0.0,5.479452054794521e-05,18966.06347603541,-0.007740828309937942,transition_2,1,False
2023-07-01 00:00:00+00:00,-0.0014001455137425953,-0.0013453509931946502,0.5,0.75,-0.25,1.25,0.6114899090447437,0.0,0.0,0.0,0.0,5.479452054794521e-05,18939.508227346083,-0.009130135537649742,transition_2,2,False
2023-07-02 00:00:00+00:00,-0.0027430826156445206,-0.002688288095096575,0.5,0.75,-0.25,1.25,0.6162669902382973,0.0,0.0,0.0,0.0,5.479452054794521e-05,18887.55559157879,-0.011848173437222553,transition_2,3,False
2023-07-03 00:00:00+00:00,0.0011950536553834298,0.001249848175931375,0.5,0.75,-0.25,1.25,0.6196709123154216,0.0,0.0,0.0,0.0,5.479452054794521e-05,18910.12723392977,-0.010667278984814788,transition_2,4,False
2023-07-04 00:00:00+00:00,0.0016105829331872043,0.0016653774537351495,0.5,0.75,-0.25,1.25,0.6128132975097014,0.0,0.0,0.0,0.0,5.479452054794521e-05,18940.58356211713,-0.00907387658910419,transition_2,5,False
2023-07-05 00:00:00+00:00,0.002092912849745405,0.0021477073702933502,0.5,0.75,-0.25,1.25,0.6009956741761756,0.0,0.0,0.0,0.0,5.479452054794521e-05,18980.224552835964,-0.006999954572269096,transition_2,6,False
2023-07-06 00:00:00+00:00,0.0010766441017130088,0.001131438622260954,0.5,0.75,-0.25,1.25,0.4732537927611833,0.2491805370138129,0.0,0.0,0.0,5.479452054794521e-05,19000.659499649963,-0.005930846930358613,transition_2,7,False
2023-07-07 00:00:00+00:00,0.0025565847297086795,0.002611379250256625,0.5,0.75,-0.25,1.25,0.47478600371492286,0.0,0.0,0.0,0.0,5.479452054794521e-05,19049.23629558116,-0.0033894249133464838,transition_2,8,False
2023-07-08 00:00:00+00:00,0.0008265679307422049,0.0008813624512901501,0.5,0.75,-0.25,1.25,0.47635977169278926,0.0,0.0,0.0,0.0,5.479452054794521e-05,19064.981783408217,-0.0025656585725413183,transition_2,9,False
2023-07-09 00:00:00+00:00,-0.0011154173735931452,-0.0010606228530452,0.5,0.75,-0.25,1.25,0.4731470560105584,0.0,0.0,0.0,0.0,5.479452054794521e-05,19043.71637149977,-0.003678214165987792,transition_2,10,False
2023-07-10 00:00:00+00:00,-0.0019973098017446703,-0.001942515281196725,0.5,0.75,-0.25,1.25,0.47346607930793133,0.0,0.0,0.0,0.0,5.479452054794521e-05,19005.680170129326,-0.005668177434525856,transition_2,11,False
2023-07-11 00:00:00+00:00,-0.0005941173192746067,-0.0005393227987266615,0.5,0.75,-0.25,1.25,0.4764037160959736,0.0,0.0,0.0,0.0,5.479452054794521e-05,18994.38856637566,-0.006258927191417851,transition_2,12,False
2023-07-12 00:00:00+00:00,0.0005075041321283798,0.000562298652676325,0.5,0.75,-0.25,1.25,0.4773657542649874,0.0,0.0,0.0,0.0,5.479452054794521e-05,19004.028297060344,-0.005754599490702006,transition_2,13,False
2023-07-13 00:00:00+00:00,-0.031197576661913643,-0.031142782141365698,0.5,0.75,-0.25,1.25,0.4787459670383046,0.2846408932775714,0.0,0.0,0.0,5.479452054794521e-05,18411.148667377627,-0.036772646593845826,transition_2,14,False
2023-07-14 00:00:00+00:00,0.01146463956884568,0.011519434089393625,0.5,0.75,-0.25,1.25,0.46357027452566285,0.0,0.0,0.0,0.0,5.479452054794521e-05,18622.225850897546,-0.02572959216419113,transition_2,15,False
2023-07-15 00:00:00+00:00,0.0011370768268629298,0.001191871347410875,0.5,0.75,-0.25,1.25,0.4556437307656124,0.0,0.0,0.0,0.0,5.479452054794521e-05,18643.40075237721,-0.024621771860342756,transition_2,16,False
2023-07-16 00:00:00+00:00,-0.0031684733038416703,-0.003113678783293725,0.5,0.75,-0.25,1.25,0.45293649535177494,0.0,0.0,0.0,0.0,5.479452054794521e-05,18584.329634800484,-0.027712231737351378,transition_2,17,False
2023-07-17 00:00:00+00:00,0.004564148827752379,0.004618943348300325,0.5,0.75,-0.25,1.25,0.45143523795515883,0.0,0.0,0.0,0.0,5.479452054794521e-05,18669.151281117724,-0.0232745656595974,transition_2,18,False
2023-07-18 00:00:00+00:00,-0.006566412969398595,-0.00651161844885065,0.5,0.75,-0.25,1.25,0.44873541689175966,0.0,0.0,0.0,0.0,5.479452054794521e-05,18546.561924017726,-0.029688148219191857,transition_2,19,False
2023-07-19 00:00:00+00:00,-0.006114795464870645,-0.006060000944322699,0.5,0.75,-0.25,1.25,0.46002172865510993,0.0,0.0,0.0,0.0,5.479452054794521e-05,18433.1534912758,-0.03562140672997138,transition_2,20,False
2023-07-20 00:00:00+00:00,0.0034876547302483546,0.0035424492507963,0.5,0.75,-0.25,1.25,0.46225817730103586,0.16554210117407087,0.0,0.0,0.0,5.479452054794521e-05,18497.44196624304,-0.03225798716740291,transition_2,21,False
2023-07-21 00:00:00+00:00,0.0018358073018891797,0.001890601822437125,0.5,0.75,-0.25,1.25,0.4601499438188966,0.0,0.0,0.0,0.0,5.479452054794521e-05,18531.39970527094,-0.030481399313900037,transition_2,22,False
2023-07-22 00:00:00+00:00,0.0061914354638939045,0.00624622998444185,0.5,0.75,-0.25,1.25,0.45436962270727593,0.0,0.0,0.0,0.0,5.479452054794521e-05,18646.135670601747,-0.02447868746670734,transition_2,23,False
2023-07-23 00:00:00+00:00,-0.0023429420787949703,-0.002288147558247025,0.5,0.75,-0.25,1.25,0.4537954537987446,0.0,0.0,0.0,0.0,5.479452054794521e-05,18602.448854732174,-0.026764277398602876,transition_2,24,False
2023-07-24 00:00:00+00:00,0.00015324842820632978,0.00020804294875427498,0.5,0.75,-0.25,1.25,0.44267752224836987,0.0,0.0,0.0,0.0,5.479452054794521e-05,18605.29965077995,-0.026615130553839905,transition_2,25,False
2023-07-25 00:00:00+00:00,-0.0048253505650019705,-0.004770556044454025,0.5,0.75,-0.25,1.25,0.44386795523612077,0.0,0.0,0.0,0.0,5.479452054794521e-05,18515.52255759803,-0.03131205378358626,transition_2,26,False
2023-07-26 00:00:00+00:00,0.0030901119781967046,0.00314490649874465,0.5,0.75,-0.25,1.25,0.4492921313710282,0.0,0.0,0.0,0.0,5.479452054794521e-05,18572.737595635834,-0.02831869955784827,transition_2,27,False
2023-07-27 00:00:00+00:00,-0.0017921918531063942,-0.001737397332558449,0.5,0.75,-0.25,1.25,0.5117871772637399,0.22853985044897476,0.0,0.0,0.0,5.479452054794521e-05,18539.45168662705,-0.0300601388683166,transition_2,28,False
2023-07-28 00:00:00+00:00,0.003714390331279604,0.0037691848518275495,0.5,0.75,-0.25,1.25,0.5099061843022908,0.0,0.0,0.0,0.0,5.479452054794521e-05,18608.314446719083,-0.02645740362620641,transition_2,29,False
2023-07-29 00:00:00+00:00,-0.0034770370333395704,-0.003422242512791625,0.5,0.75,-0.25,1.25,0.5143587842738278,0.0,0.0,0.0,0.0,5.479452054794521e-05,18543.612648259812,-0.029842447287331653,transition_2,30,False
2023-07-30 00:00:00+00:00,-0.00246226149113032,-0.0024074669705823745,0.5,0.75,-0.25,1.25,0.5147283642225124,0.0,0.0,0.0,0.0,5.479452054794521e-05,18497.95342492957,-0.032231228869705086,transition_2,31,False
2023-07-31 00:00:00+00:00,-0.00018975243411697027,-0.00013495791356902507,0.5,0.75,-0.25,1.25,0.5095653673455244,0.0,0.0,0.0,0.0,5.479452054794521e-05,18494.443393241003,-0.032414865349689626,transition_2,32,False
2023-08-01 00:00:00+00:00,0.0006524438786036047,0.0007072383991515499,0.5,0.75,-0.25,1.25,0.5078093410891084,0.0,0.0,0.0,0.0,5.479452054794521e-05,18506.509979621103,-0.03178357035155921,transition_2,33,False
2023-08-02 00:00:00+00:00,0.0050149059071607546,0.0050697004277087,0.5,0.75,-0.25,1.25,0.49588420363659735,0.0,0.0,0.0,0.0,5.479452054794521e-05,18599.318385838833,-0.0269280560591052,transition_2,34,False
2023-08-03 00:00:00+00:00,0.0020955598765557545,0.0021503543971037,0.5,0.75,-0.25,1.25,0.45376383339825954,0.22170627775224644,0.0,0.0,0.0,5.479452054794521e-05,18638.294371179483,-0.024888925536380557,transition_2,35,False
2023-08-04 00:00:00+00:00,0.0021153462084815048,0.00217014072902945,0.5,0.75,-0.25,1.25,0.4513343948481837,0.0,0.0,0.0,0.0,5.479452054794521e-05,18677.720816510122,-0.022826228022165496,transition_2,36,False
2023-08-05 00:00:00+00:00,-0.001361815466136545,-0.0013070209455886,0.5,0.75,-0.25,1.25,0.4495283233507195,0.0,0.0,0.0,0.0,5.479452054794521e-05,18652.285207430017,-0.024156958377947957,transition_2,37,False
2023-08-06 00:00:00+00:00,0.002504132644537905,0.0025589271650858503,0.5,0.75,-0.25,1.25,0.44875577367323766,0.0,0.0,0.0,0.0,5.479452054794521e-05,18698.993003713174,-0.02171331796147702,transition_2,38,False
2023-08-07 00:00:00+00:00,-0.00144028241075457,-0.001385487890206625,0.5,0.75,-0.25,1.25,0.4481243731238119,0.0,0.0,0.0,0.0,5.479452054794521e-05,18672.061172991103,-0.023122327062292558,transition_2,39,False
2023-08-08 00:00:00+00:00,-0.0005526961599275201,-0.0004979016393795749,0.5,0.75,-0.25,1.25,0.4526811341712456,0.0,0.0,0.0,0.0,5.479452054794521e-05,18661.74119648286,-0.023662243600844124,transition_2,40,False
2023-08-09 00:00:00+00:00,-0.0015361217898731702,-0.001481327269325225,0.5,0.75,-0.25,1.25,0.4566988664211855,0.0,0.0,0.0,0.0,5.479452054794521e-05,18633.07448919397,-0.025162017302724715,transition_2,41,False
2023-08-10 00:00:00+00:00,0.0002216525018794048,0.00027644702242735,0.5,0.75,-0.25,1.25,0.5475348830250975,0.33573202856783874,0.0,0.0,0.0,5.479452054794521e-05,18637.204556772205,-0.02494594202493272,transition_2,42,False
2023-08-11 00:00:00+00:00,0.0009069989560725798,0.000961793476620525,0.5,0.75,-0.25,1.25,0.5445148030032704,0.0,0.0,0.0,0.0,5.479452054794521e-05,18654.108481849307,-0.024061569012235107,transition_2,43,False
2023-08-12 00:00:00+00:00,0.0013657013518006797,0.001420495872348625,0.5,0.75,-0.25,1.25,0.5460876517798496,0.0,0.0,0.0,0.0,5.479452054794521e-05,18679.584423019605,-0.02272872857776087,transition_2,44,False
2023-08-13 00:00:00+00:00,0.00046798718029225487,0.0005227817008402,0.5,0.75,-0.25,1.25,0.5429804384069781,0.0,0.0,0.0,0.0,5.479452054794521e-05,18688.326229062764,-0.02227137815106739,transition_2,45,False
2023-08-14 00:00:00+00:00,-1.5266815248975667e-05,3.952770529896954e-05,0.5,0.75,-0.25,1.25,0.5432175001879013,0.0,0.0,0.0,0.0,5.479452054794521e-05,18688.040917838913,-0.02228630495330086,transition_2,46,False
2023-08-15 00:00:00+00:00,0.00122283036366898,0.0012776248842169251,0.5,0.75,-0.25,1.25,0.532820017938575,0.0,0.0,0.0,0.0,5.479452054794521e-05,18710.893221710732,-0.021090726960022788,transition_2,47,False
2023-08-16 00:00:00+00:00,0.0028334283676667796,0.002888222888214725,0.5,0.75,-0.25,1.25,0.5123630289596567,0.0,0.0,0.0,0.0,5.479452054794521e-05,18763.909197349512,-0.018317057656419222,transition_2,48,False
2023-08-17 00:00:00+00:00,0.007437448808813429,0.007492243329361374,0.5,0.75,-0.25,1.25,0.49597568377738827,0.23168909602749815,0.0,0.0,0.0,5.479452054794521e-05,18903.464811458023,-0.011015841026253526,transition_2,49,False
2023-08-18 00:00:00+00:00,-0.0052022470887394204,-0.005147452568191475,0.5,0.75,-0.25,1.25,0.4828357587697243,0.0,0.0,0.0,0.0,5.479452054794521e-05,18805.124316675527,-0.016160780988084156,transition_2,50,False
2023-08-19 00:00:00+00:00,0.0009438089779847298,0.000998603498532675,0.5,0.75,-0.25,1.25,0.48713745926611696,0.0,0.0,0.0,0.0,5.479452054794521e-05,18822.872761837723,-0.015232224700287289,transition_2,51,False
2023-08-20 00:00:00+00:00,7.392041840332964e-05,0.00012871493895127485,0.5,0.75,-0.25,1.25,0.49209322606656425,0.0,0.0,0.0,0.0,5.479452054794521e-05,18824.26415646783,-0.015159430254306994,transition,1,False
2023-08-21 00:00:00+00:00,-0.00116568116938042,-0.001110886648832475,0.5,0.75,-0.25,1.25,0.48844413460047564,0.0,0.0,0.0,0.0,5.479452054794521e-05,18802.321066213193,-0.016307440361301384,transition,2,False
2023-08-22 00:00:00+00:00,-0.0006891284020260904,-0.0006343338814781452,0.5,0.75,-0.25,1.25,0.48322527719115754,0.0,0.0,0.0,0.0,5.479452054794521e-05,18789.363852742452,-0.016985330843010238,transition,3,False
2023-08-23 00:00:00+00:00,0.0022892666135839045,0.00234406113413185,0.5,0.75,-0.25,1.25,0.49304280454259075,0.0,0.0,0.0,0.0,5.479452054794521e-05,18832.377716101015,-0.0147349481802459,transition,4,False
2023-08-24 00:00:00+00:00,-0.0009484273891065952,-0.00089363286855865,0.5,0.75,-0.25,1.25,0.5154279105795452,0.17952044358219205,0.0,0.0,0.0,5.479452054794521e-05,18814.516573273064,-0.015669400540921363,transition,5,False
2023-08-25 00:00:00+00:00,-0.0004999171835167452,-0.0004451226629688,0.5,0.75,-0.25,1.25,0.5130610200520266,0.0,0.0,0.0,0.0,5.479452054794521e-05,18805.110873138525,-0.01616148432185216,transition,6,False
2023-08-26 00:00:00+00:00,0.00018105119834986667,0.00023584571889781187,0.5,0.75,-0.25,1.25,0.512634509543247,0.0,0.0,0.0,0.0,5.479452054794521e-05,18808.515560997206,-0.015983359179606027,transition,7,False
2023-08-27 00:00:00+00:00,-0.0011547084861271702,-0.001099913965579225,0.5,0.75,-0.25,1.25,0.5173276895576325,0.0,0.0,0.0,0.0,5.479452054794521e-05,18786.797208467466,-0.017119611545251767,transition,8,False
2023-08-28 00:00:00+00:00,0.00022804045278937985,0.00028283497333732505,0.5,0.75,-0.25,1.25,0.5139256637652471,0.0,0.0,0.0,0.0,5.479452054794521e-05,18791.08135820935,-0.01689547505643063,transition,9,False
2023-08-29 00:00:00+00:00,-0.008624487730023696,-0.00856969320947575,0.5,0.75,-0.25,1.25,0.5393342170787307,0.0,0.0,0.0,0.0,5.479452054794521e-05,18629.017907601596,-0.02537424796913723,transition,10,False
2023-08-30 00:00:00+00:00,6.708144785226932e-05,0.00012187596840021453,0.5,0.75,-0.25,1.25,0.5364814277577628,0.0,0.0,0.0,0.0,5.479452054794521e-05,18630.267569094904,-0.025308868662576867,transition,11,False
2023-08-31 00:00:00+00:00,-0.0018586752051923453,-0.0018038806846444,0.5,0.75,-0.25,1.25,0.44406417800417897,0.2822675695849581,0.0,0.0,0.0,5.479452054794521e-05,18595.63995269813,-0.027120502901114563,transition,12,False
2023-09-01 00:00:00+00:00,0.00022680802279787977,0.000281602543345825,0.5,0.75,-0.25,1.25,0.4358565944854659,0.0,0.0,0.0,0.0,5.479452054794521e-05,18599.85759302846,-0.026899846025957075,transition,13,False
2023-09-02 00:00:00+00:00,0.00112097456155808,0.0011757690821060252,0.5,0.75,-0.25,1.25,0.4347166833847863,0.0,0.0,0.0,0.0,5.479452054794521e-05,18620.70756023885,-0.025809025507503858,transition,14,False
2023-09-03 00:00:00+00:00,0.0002055612461623298,0.000260355766710275,0.5,0.75,-0.25,1.25,0.43463960388411116,0.0,0.0,0.0,0.0,5.479452054794521e-05,18624.535256089355,-0.02560876959678715,transition,15,False
2023-09-04 00:00:00+00:00,0.0007765793186434548,0.0008313738391914,0.5,0.75,-0.25,1.25,0.4344487631785599,0.0,0.0,0.0,0.0,5.479452054794521e-05,18638.998684988575,-0.024852077518988658,transition,16,False
2023-09-05 00:00:00+00:00,0.0009320400357534352,0.0009868345563013804,0.5,0.75,-0.25,1.25,0.4348847231014029,0.0,0.0,0.0,0.0,5.479452054794521e-05,18656.370977989343,-0.02394320061445443,transition,17,False
2023-09-06 00:00:00+00:00,0.00026315003805060474,0.0003179445585985499,0.5,0.75,-0.25,1.25,0.43456980700922077,0.0,0.0,0.0,0.0,5.479452054794521e-05,18661.28040272209,-0.023686351230556624,transition,18,False
2023-09-07 00:00:00+00:00,-9.746701249804522e-05,-4.2672491950100015e-05,0.5,0.75,-0.25,1.25,0.551519951220066,0.4164553097574959,0.0,0.0,0.0,5.479452054794521e-05,18659.461543471843,-0.023781509605163342,transition,19,False
2023-09-08 00:00:00+00:00,-0.00010489258320600672,-5.009806265806151e-05,0.5,0.75,-0.25,1.25,0.5495317157344695,0.0,0.0,0.0,0.0,5.479452054794521e-05,18657.504304349317,-0.0238839076843943,transition,20,False
2023-09-09 00:00:00+00:00,-0.0002764690249942453,-0.0002216745044463001,0.5,0.75,-0.25,1.25,0.5478991466116797,0.0,0.0,0.0,0.0,5.479452054794521e-05,18652.346082325468,-0.02415377354871795,transition,21,False
2023-09-10 00:00:00+00:00,-0.0016149176186709953,-0.0015601230981230501,0.5,0.75,-0.25,1.25,0.5388779411011883,0.0,0.0,0.0,0.0,5.479452054794521e-05,18622.22408000757,-0.02572968481292781,transition,22,False
2023-09-11 00:00:00+00:00,-0.0029824757683242454,-0.0029276812477763,0.5,0.75,-0.25,1.25,0.5236572891432334,0.0,0.0,0.0,0.0,5.479452054794521e-05,18566.683747936644,-0.028635422419770795,transition,23,False
2023-09-12 00:00:00+00:00,-0.0020970917254966455,-0.0020422972049487,0.5,0.75,-0.25,1.25,0.5321044900148079,0.0,0.0,0.0,0.0,5.479452054794521e-05,18527.747709078936,-0.030672463037854758,transition,24,False
2023-09-13 00:00:00+00:00,-4.215453436219523e-05,1.2639986185749978e-05,0.5,0.75,-0.25,1.25,0.5370009732047001,0.0,0.0,0.0,0.0,5.479452054794521e-05,18526.96668050148,-0.030713324588819813,transition,25,False
2023-09-14 00:00:00+00:00,-0.0016407098669726202,-0.001585915346424675,0.5,0.75,-0.25,1.25,0.4644400513383321,0.24190953752608907,0.0,0.0,0.0,5.479452054794521e-05,18496.569303463704,-0.032303642801092214,transition,26,False
2023-09-15 00:00:00+00:00,-0.0038540515112021455,-0.0037992569906542,0.5,0.75,-0.25,1.25,0.4732503042160441,0.0,0.0,0.0,0.0,5.479452054794521e-05,18425.28257258764,-0.03603319440893926,transition,27,False
2023-09-16 00:00:00+00:00,0.0012852980266397048,0.00134009254718765,0.5,0.75,-0.25,1.25,0.4764111657006227,0.0,0.0,0.0,0.0,5.479452054794521e-05,18448.964551918467,-0.03479420977596681,transition,28,False
2023-09-17 00:00:00+00:00,0.0014305657254241049,0.00148536024597205,0.5,0.75,-0.25,1.25,0.47016415607828427,0.0,0.0,0.0,0.0,5.479452054794521e-05,18475.357008276,-0.03341341945449161,transition,29,False
2023-09-18 00:00:00+00:00,-0.0033495583306400204,-0.003294763810092075,0.5,0.75,-0.25,1.25,0.4777482035233901,0.0,0.0,0.0,0.0,5.479452054794521e-05,18413.472722297385,-0.03665105758764253,transition,30,False
2023-09-19 00:00:00+00:00,-0.0005170646339550702,-0.000462270113407125,0.5,0.75,-0.25,1.25,0.4834452164039162,0.0,0.0,0.0,0.0,5.479452054794521e-05,18403.95176676439,-0.03714917125592199,transition,31,False
2023-09-20 00:00:00+00:00,-0.00015145219380332026,-9.665767325537505e-05,0.5,0.75,-0.25,1.25,0.48032608158902906,0.0,0.0,0.0,0.0,5.479452054794521e-05,18401.164447894662,-0.037294997126240625,transition,32,False
2023-09-21 00:00:00+00:00,-0.0015419628793336452,-0.0014871683587857,0.5,0.75,-0.25,1.25,0.46234681557555607,0.0912345585526716,0.0,0.0,0.0,5.479452054794521e-05,18372.790535379496,-0.03877945250442061,transition,33,False
2023-09-22 00:00:00+00:00,-3.80211291640952e-05,1.677339138385001e-05,0.5,0.75,-0.25,1.25,0.46305821690741245,0.0,0.0,0.0,0.0,5.479452054794521e-05,18372.091981137448,-0.038815999195011996,transition,34,False
2023-09-23 00:00:00+00:00,-0.00040216627065064526,-0.0003473717501027,0.5,0.75,-0.25,1.25,0.4639048644056448,0.0,0.0,0.0,0.0,5.479452054794521e-05,18364.70334542134,-0.039202554980024895,transition,35,False
2023-09-24 00:00:00+00:00,0.00021141973086507597,0.0002662142514130212,0.5,0.75,-0.25,1.25,0.4613469236052443,0.0,0.0,0.0,0.0,5.479452054794521e-05,18368.58600606005,-0.03899942344278284,transition,36,False
2023-09-25 00:00:00+00:00,-0.00177542580087307,-0.001720631280325125,0.5,0.75,-0.25,1.25,0.46325995286086147,0.0,0.0,0.0,0.0,5.479452054794521e-05,18335.973944539335,-0.040705608661056325,transition,37,False
2023-09-26 00:00:00+00:00,2.4539891421979896e-05,7.93344119699251e-05,0.5,0.75,-0.25,1.25,0.4634216996431251,0.0,0.0,0.0,0.0,5.479452054794521e-05,18336.42390734905,-0.04068206768085125,transition,38,False
2023-09-27 00:00:00+00:00,-0.0030185913860068954,-0.00296379686545895,0.5,0.75,-0.25,1.25,0.46752290395391616,0.0,0.0,0.0,0.0,5.479452054794521e-05,18281.073736092156,-0.04357785652779167,transition,39,False
2023-09-28 00:00:00+00:00,0.0006021379672134548,0.0006569324877614,0.5,0.75,-0.25,1.25,0.4820033666883488,0.13385837914980014,0.0,0.0,0.0,5.479452054794521e-05,18292.081464670086,-0.043001958442523414,transition,40,False
2023-09-29 00:00:00+00:00,0.0014691501722970048,0.00152394469284495,0.5,0.75,-0.25,1.25,0.48700268382888035,0.0,0.0,0.0,0.0,5.479452054794521e-05,18318.955279305574,-0.04159598460488145,transition,41,False
2023-09-30 00:00:00+00:00,0.0003373696727418799,0.0003921641932898251,0.5,0.75,-0.25,1.25,0.4876059348679661,0.0,0.0,0.0,0.0,5.479452054794521e-05,18325.135539253126,-0.04127264815585319,transition,42,False
2023-10-01 00:00:00+00:00,0.0026200272106426297,0.002674821731190575,0.5,0.75,-0.25,1.25,0.4961139548090575,0.0,0.0,0.0,0.0,5.479452054794521e-05,18373.147893004683,-0.03876075640643417,transition,43,False
2023-10-02 00:00:00+00:00,-0.004882173064515846,-0.0048273785439679005,0.5,0.75,-0.25,1.25,0.494414255345018,0.0,0.0,0.0,0.0,5.479452054794521e-05,18283.44700525109,-0.04345369275006217,transition,44,False
2023-10-03 00:00:00+00:00,0.0020195971642965544,0.0020743916848444998,0.5,0.75,-0.25,1.25,0.49061458179150835,0.0,0.0,0.0,0.0,5.479452054794521e-05,18320.37220297646,-0.0415218545404219,transition,45,False
2023-10-04 00:00:00+00:00,-0.0001052333875065201,-5.04388669585749e-05,0.5,0.75,-0.25,1.25,0.4835492045854625,0.0,0.0,0.0,0.0,5.479452054794521e-05,18318.44428814916,-0.041622718442519746,transition,46,False
2023-10-05 00:00:00+00:00,-0.0015636484672343451,-0.0015088539466864,0.5,0.75,-0.25,1.25,0.5440778265245434,0.42088545688225054,0.0,0.0,0.0,5.479452054794521e-05,18289.80068081588,-0.04312128360985923,transition,47,False
2023-10-06 00:00:00+00:00,0.0017460248079131048,0.00180081932846105,0.5,0.75,-0.25,1.25,0.5480260972887891,0.0,0.0,0.0,0.0,5.479452054794521e-05,18321.73512653637,-0.041450549632877975,transition,48,False
2023-10-07 00:00:00+00:00,0.0007133155948671548,0.0007681101154151,0.5,0.75,-0.25,1.25,0.5468857297439494,0.0,0.0,0.0,0.0,5.479452054794521e-05,18334.80430592715,-0.04076680136147992,transition,49,False
2023-10-08 00:00:00+00:00,-0.0013132614407934953,-0.00125846692024555,0.5,0.75,-0.25,1.25,0.5455283715190874,0.0,0.0,0.0,0.0,5.479452054794521e-05,18310.72591440768,-0.04202652533398088,transition,50,False
2023-10-09 00:00:00+00:00,-0.0011436044771424702,-0.001088809956594525,0.5,0.75,-0.25,1.25,0.5306399451917235,0.0,0.0,0.0,0.0,5.479452054794521e-05,18289.785686272236,-0.04312206808859265,transition,51,False
2023-10-10 00:00:00+00:00,0.0009195375521968546,0.0009743320727447998,0.5,0.75,-0.25,1.25,0.5260481594986939,0.0,0.0,0.0,0.0,5.479452054794521e-05,18306.603831032397,-0.042242182897331615,transition,52,False
2023-10-11 00:00:00+00:00,-0.00241894918839997,-0.002364154667852025,0.5,0.75,-0.25,1.25,0.5219114691369615,0.0,0.0,0.0,0.0,5.479452054794521e-05,18262.32108655296,-0.044558950391695884,transition,53,False
2023-10-12 00:00:00+00:00,-0.0019028440248511703,-0.001848049504303225,0.5,0.75,-0.25,1.25,0.47489932740965857,0.11282863301089724,0.0,0.0,0.0,5.479452054794521e-05,18227.5707379935,-0.04637700568404057,transition,54,False
2023-10-13 00:00:00+00:00,0.0014804773909935047,0.00153527191154145,0.5,0.75,-0.25,1.25,0.4776424413632806,0.0,0.0,0.0,0.0,5.479452054794521e-05,18254.556244363834,-0.04496518840142427,transition,55,False
2023-10-14 00:00:00+00:00,0.00094205550169288,0.0009968500222408251,0.5,0.75,-0.25,1.25,0.4797004399837217,0.0,0.0,0.0,0.0,5.479452054794521e-05,18271.7530495048,-0.04406549260284953,transition,56,False
2023-10-15 00:00:00+00:00,0.0018565626348167298,0.001911357155364675,0.5,0.75,-0.25,1.25,0.4809796406818875,0.0,0.0,0.0,0.0,5.479452054794521e-05,18305.67570348911,-0.04229074031508406,transition,57,False
2023-10-16 00:00:00+00:00,0.0019299722289873296,0.0019847667495352748,0.5,0.75,-0.25,1.25,0.4923846104035758,0.0,0.0,0.0,0.0,5.479452054794521e-05,18341.005149229695,-0.040442388040447974,transition,58,False
2023-10-17 00:00:00+00:00,-0.0015728220117103202,-0.001518027491162375,0.5,0.75,-0.25,1.25,0.4878569514280522,0.0,0.0,0.0,0.0,5.479452054794521e-05,18312.158012614094,-0.04195160137404219,transition,59,False
2023-10-18 00:00:00+00:00,-0.0003537834380173702,-0.000298988917469425,0.5,0.75,-0.25,1.25,0.48570717032812843,0.0,0.0,0.0,0.0,5.479452054794521e-05,18305.679474394874,-0.042290543030295114,transition,60,False
2023-10-19 00:00:00+00:00,-0.0028339171847147704,-0.002779122664166825,0.5,0.75,-0.25,1.25,0.5417314042210412,0.1948787449191487,0.0,0.0,0.0,5.479452054794521e-05,18253.802694754504,-0.0450046123183655,transition,61,False
2023-10-20 00:00:00+00:00,0.0031996448808456045,0.00325443940139355,0.5,0.75,-0.25,1.25,0.556732075255931,0.0,0.0,0.0,0.0,5.479452054794521e-05,18312.20838110274,-0.04194896621493882,transition,62,False
2023-10-21 00:00:00+00:00,0.0016172486429744547,0.0016720431635223998,0.5,0.75,-0.25,1.25,0.5694464734983509,0.0,0.0,0.0,0.0,5.479452054794521e-05,18341.823775256944,-0.04039955948064966,transition,63,False
2023-10-22 00:00:00+00:00,-0.002966510352241445,-0.0029117158316934997,0.5,0.75,-0.25,1.25,0.5765477377456081,0.0,0.0,0.0,0.0,5.479452054794521e-05,18287.412565148654,-0.04324622412146595,transition,64,False
2023-10-23 00:00:00+00:00,0.009231238808974605,0.00928603332952255,0.5,0.75,-0.25,1.25,0.6047946031567817,0.0,0.0,0.0,0.0,5.479452054794521e-05,18456.228037735782,-0.03441420153494312,transition,65,False
2023-10-24 00:00:00+00:00,-0.0037818478150088704,-0.003727053294460925,0.5,0.75,-0.25,1.25,0.6146884597814888,0.0,0.0,0.0,0.0,5.479452054794521e-05,18386.429392057966,-0.03806590007707178,transition_2,1,False
2023-10-25 00:00:00+00:00,0.0036205717788462795,0.003675366299394225,0.5,0.75,-0.25,1.25,0.61939159982349,0.0,0.0,0.0,0.0,5.479452054794521e-05,18452.9987794286,-0.034583148621781024,deleveraging,1,False
2023-10-26 00:00:00+00:00,0.0006962602143032048,0.00075105473485115,0.5,0.75,-0.25,1.25,0.5697091664236178,0.258523913802234,0.0,0.0,0.0,5.479452054794521e-05,18465.846868313303,-0.03391096727794829,deleveraging,2,False
2023-10-27 00:00:00+00:00,-0.00045456500220209515,-0.00039977048165414997,0.5,0.75,-0.25,1.25,0.5627254932893109,0.0,0.0,0.0,0.0,5.479452054794521e-05,18457.452940590945,-0.03435011754123507,deleveraging,3,False
2023-10-28 00:00:00+00:00,0.0046406009450004546,0.0046953954655484,0.5,0.75,-0.25,1.25,0.5656362822158624,0.0,0.0,0.0,0.0,5.479452054794521e-05,18543.10661414935,-0.029868921784157454,deleveraging,4,False
2023-10-29 00:00:00+00:00,0.00018658264572525473,0.00024137716627319994,0.5,0.75,-0.25,1.25,0.5707482682910644,0.0,0.0,0.0,0.0,5.479452054794521e-05,18546.566436041387,-0.02968791216088351,transition,1,False
2023-10-30 00:00:00+00:00,-0.0003533733653023701,-0.0002985788447544249,0.5,0.75,-0.25,1.25,0.5776849770412777,0.0,0.0,0.0,0.0,5.479452054794521e-05,18540.012573445078,-0.030030794608756795,transition,2,False
2023-10-31 00:00:00+00:00,-0.0038444968283685953,-0.00378970230782065,0.5,0.75,-0.25,1.25,0.5840234217221709,0.0,0.0,0.0,0.0,5.479452054794521e-05,18468.735553908555,-0.03375983814249861,transition_2,1,False
2023-11-01 00:00:00+00:00,0.0069110836937814795,0.006965878214329425,0.5,0.75,-0.25,1.25,0.5915456925421412,0.0,0.0,0.0,0.0,5.479452054794521e-05,18596.374531039935,-0.027082071515608375,transition_2,2,False
2023-11-02 00:00:00+00:00,0.0029320424346032546,0.0029868369551512,0.5,0.75,-0.25,1.25,0.4312616321764484,0.39538781836056563,0.0,0.0,0.0,5.479452054794521e-05,18650.89989029472,-0.02422943486390583,transition_2,3,False
2023-11-03 00:00:00+00:00,-0.0020878599145024205,-0.002033065393954475,0.5,0.75,-0.25,1.25,0.4295700352533968,0.0,0.0,0.0,0.0,5.479452054794521e-05,18611.959424044377,-0.026266707112604815,transition_2,4,False
2023-11-04 00:00:00+00:00,0.0014230020791463798,0.001477796599694325,0.5,0.75,-0.25,1.25,0.43527357232997343,0.0,0.0,0.0,0.0,5.479452054794521e-05,18638.44428100178,-0.02488108261229205,transition_2,5,False
2023-11-05 00:00:00+00:00,0.001900796773162455,0.0019555912937104,0.5,0.75,-0.25,1.25,0.4443071493328177,0.0,0.0,0.0,0.0,5.479452054794521e-05,18673.87217574787,-0.023027579720672153,transition_2,6,False
2023-11-06 00:00:00+00:00,0.0023078146328562297,0.002362609153404175,0.5,0.75,-0.25,1.25,0.45866468490577106,0.0,0.0,0.0,0.0,5.479452054794521e-05,18716.968011207147,-0.020772908473254525,transition_2,7,False
2023-11-07 00:00:00+00:00,-0.0035165779850661206,-0.003461783464518175,0.5,0.75,-0.25,1.25,0.4563974255493215,0.0,0.0,0.0,0.0,5.479452054794521e-05,18651.14833355175,-0.024216436905697747,transition_2,8,False
2023-11-08 00:00:00+00:00,0.00181816166493678,0.001872956185484725,0.5,0.75,-0.25,1.25,0.46127039034178363,0.0,0.0,0.0,0.0,5.479452054794521e-05,18685.059136458865,-0.02244230463800423,transition_2,9,False
2023-11-09 00:00:00+00:00,-0.002872501586321621,-0.0028177070657736756,0.5,0.75,-0.25,1.25,0.4637616162092402,0.15351137290860112,0.0,0.0,0.0,5.479452054794521e-05,18631.386274448876,-0.025250340668652393,transition_2,10,False
2023-11-10 00:00:00+00:00,0.0072328211646146045,0.00728761568516255,0.5,0.75,-0.25,1.25,0.46516814454962724,0.0,0.0,0.0,0.0,5.479452054794521e-05,18766.143759420822,-0.018200150702439633,transition_2,11,False
2023-11-11 00:00:00+00:00,0.0035580807145883294,0.003612875235136275,0.5,0.75,-0.25,1.25,0.4709094416266294,0.0,0.0,0.0,0.0,5.479452054794521e-05,18832.91521361841,-0.014706827593068295,transition_2,12,False
2023-11-12 00:00:00+00:00,0.0017322573502641548,0.0017870518708121,0.5,0.75,-0.25,1.25,0.4718251118361992,0.0,0.0,0.0,0.0,5.479452054794521e-05,18865.5386694241,-0.01300004625300144,transition_2,13,False
2023-11-13 00:00:00+00:00,-0.004248686437975395,-0.00419389191742745,0.5,0.75,-0.25,1.25,0.46422875469299635,0.0,0.0,0.0,0.0,5.479452054794521e-05,18785.384911134217,-0.017193499570768545,transition_2,14,False
2023-11-14 00:00:00+00:00,-0.00023272909042874513,-0.00017793456988079992,0.5,0.75,-0.25,1.25,0.4535751063410721,0.0,0.0,0.0,0.0,5.479452054794521e-05,18781.013005590496,-0.01742222723368092,transition_2,15,False
2023-11-15 00:00:00+00:00,0.0046159631365503065,0.004670757657098252,0.5,0.75,-0.25,1.25,0.4629762884564385,0.0,0.0,0.0,0.0,5.479452054794521e-05,18867.70546929137,-0.012886684455797992,transition_2,16,False
2023-11-16 00:00:00+00:00,-0.006615748112994771,-0.0065609535924468255,0.5,0.75,-0.25,1.25,0.46059424900799056,0.21848998873563713,0.0,0.0,0.0,5.479452054794521e-05,18742.881482436365,-0.01941717751042149,transition_2,17,False
2023-11-17 00:00:00+00:00,-0.0004830583739603451,-0.0004282638534123999,0.5,0.75,-0.25,1.25,0.45733637643876157,0.0,0.0,0.0,0.0,5.479452054794521e-05,18733.827576584128,-0.01989085625418685,transition_2,18,False
2023-11-18 00:00:00+00:00,0.0020913941786137548,0.0021461886991617,0.5,0.75,-0.25,1.25,0.45224579724515124,0.0,0.0,0.0,0.0,5.479452054794521e-05,18773.00739452095,-0.017841061696550642,transition_2,19,False
2023-11-19 00:00:00+00:00,0.0006675792905033334,0.0007223738110512786,0.5,0.75,-0.25,1.25,0.45827127196793,0.0,0.0,0.0,0.0,5.479452054794521e-05,18785.539865477996,-0.017185392729356708,transition_2,20,False
2023-11-20 00:00:00+00:00,0.00116083239382878,0.0012156269143767252,0.5,0.75,-0.25,1.25,0.45844737365378335,0.0,0.0,0.0,0.0,5.479452054794521e-05,18807.34672868941,-0.0160445096961086,transition_2,21,False
2023-11-21 00:00:00+00:00,-0.013868104081844395,-0.01381330956129645,0.5,0.75,-0.25,1.25,0.44234190527462863,0.0,0.0,0.0,0.0,5.479452054794521e-05,18546.524486752605,-0.02969010684754536,transition_2,22,False
2023-11-22 00:00:00+00:00,0.005738332599375054,0.005793127119923,0.5,0.75,-0.25,1.25,0.4456074708564094,0.0,0.0,0.0,0.0,5.479452054794521e-05,18652.950612820045,-0.02412214595617257,rotation,1,True
2023-11-23 00:00:00+00:00,-0.0019542381964851954,-0.0018994436759372502,0.5,0.75,-0.25,1.25,0.5019898392925366,0.2673042360290885,0.0,0.0,0.0,5.479452054794521e-05,18616.49830425532,-0.0260292437336489,transition_2,1,False
2023-11-24 00:00:00+00:00,-8.62229845251202e-05,-3.1428463977175e-05,0.5,0.75,-0.25,1.25,0.5058479561170872,0.0,0.0,0.0,0.0,5.479452054794521e-05,18614.89313421012,-0.026113222399094416,transition_2,2,False
2023-11-25 00:00:00+00:00,0.0028481012862918795,0.002902895806839825,0.5,0.75,-0.25,1.25,0.5103609878153587,0.0,0.0,0.0,0.0,5.479452054794521e-05,18667.91023528985,-0.023339494215106615,transition_2,3,False
2023-11-26 00:00:00+00:00,-0.00046753700013859516,-0.00041274247959065,0.5,0.75,-0.25,1.25,0.5073677066689836,0.0,0.0,0.0,0.0,5.479452054794521e-05,18659.182296539588,-0.023796119138135063,transition_2,4,False
2023-11-27 00:00:00+00:00,-0.00425518380160192,-0.004200389281053975,0.5,0.75,-0.25,1.25,0.4982795968516891,0.0,0.0,0.0,0.0,5.479452054794521e-05,18579.784046280216,-0.027950046079039392,transition_2,5,False
2023-11-28 00:00:00+00:00,0.000614387074034555,0.0006691815945825001,0.5,0.75,-0.25,1.25,0.5022222724022543,0.0,0.0,0.0,0.0,5.479452054794521e-05,18591.1992254366,-0.027352831152034573,transition_2,6,False
2023-11-29 00:00:00+00:00,-0.00190195166299312,-0.001847157142445175,0.5,0.75,-0.25,1.25,0.5028505500736954,0.0,0.0,0.0,0.0,5.479452054794521e-05,18555.839663152743,-0.029202759052330718,transition_2,7,False
2023-11-30 00:00:00+00:00,-0.0016041666749760201,-0.001549372154428075,0.5,0.75,-0.25,1.25,0.44896395082773655,0.315113395216738,0.0,0.0,0.0,5.479452054794521e-05,18526.073003538917,-0.030760079634417514,transition_2,8,False
2023-12-01 00:00:00+00:00,0.0007559445165871548,0.0008107390371351,0.5,0.75,-0.25,1.25,0.45468749405847103,0.0,0.0,0.0,0.0,5.479452054794521e-05,18540.077686839835,-0.030027388031359736,transition_2,9,False
2023-12-02 00:00:00+00:00,0.0003252651304215704,0.0003800596509695156,0.5,0.75,-0.25,1.25,0.46100774233872654,0.0,0.0,0.0,0.0,5.479452054794521e-05,18546.10812762667,-0.029711889763222477,transition_2,10,False
2023-12-03 00:00:00+00:00,0.00020108420134565483,0.00025587872189360004,0.5,0.75,-0.25,1.25,0.4620725953573911,0.0,0.0,0.0,0.0,5.479452054794521e-05,18549.837456967583,-0.029516780153500344,transition_2,11,False
2023-12-04 00:00:00+00:00,0.0010176749209126052,0.0010724694414605503,0.5,0.75,-0.25,1.25,0.47788327151625526,0.0,0.0,0.0,0.0,5.479452054794521e-05,18568.71516133454,-0.02852914371949622,transition_2,12,False
2023-12-05 00:00:00+00:00,0.005083051315735205,0.005137845836283151,0.5,0.75,-0.25,1.25,0.47868727033954206,0.0,0.0,0.0,0.0,5.479452054794521e-05,18663.100893366875,-0.02359110750528126,transition_2,13,False
2023-12-06 00:00:00+00:00,6.867652796765475e-05,0.00012347104851559996,0.5,0.75,-0.25,1.25,0.48213163396892217,0.0,0.0,0.0,0.0,5.479452054794521e-05,18664.38261033734,-0.02352405113266809,transition_2,14,False
2023-12-07 00:00:00+00:00,-0.0009833139188275952,-0.00092851939827965,0.5,0.75,-0.25,1.25,0.5207642953784306,0.19028258445504104,0.0,0.0,0.0,5.479452054794521e-05,18646.029663130274,-0.024484233524589616,transition_2,15,False
2023-12-08 00:00:00+00:00,0.00291356437664668,0.0029683588971946254,0.5,0.75,-0.25,1.25,0.5407647395534116,0.0,0.0,0.0,0.0,5.479452054794521e-05,18700.356070922666,-0.021642005538529685,transition_2,16,False
2023-12-09 00:00:00+00:00,0.01112479041888763,0.011179584939435576,0.5,0.75,-0.25,1.25,0.5487851834287821,0.0,0.0,0.0,0.0,5.479452054794521e-05,18908.393612970252,-0.010757977895502702,transition_2,17,False
2023-12-10 00:00:00+00:00,-0.0017705027321488203,-0.001715708211600875,0.5,0.75,-0.25,1.25,0.5487210012744651,0.0,0.0,0.0,0.0,5.479452054794521e-05,18874.916250417944,-0.01250943359839507,transition_2,18,False
2023-12-11 00:00:00+00:00,-0.0001574851607088208,-0.0001026906401608756,0.5,0.75,-0.25,1.25,0.5160562553481434,0.0,0.0,0.0,0.0,5.479452054794521e-05,18871.94373119888,-0.012664948708943302,transition_2,19,False
2023-12-12 00:00:00+00:00,0.005723698261495354,0.0057784927820433,0.5,0.75,-0.25,1.25,0.5151709025135938,0.0,0.0,0.0,0.0,5.479452054794521e-05,18979.961042724186,-0.007013740792355061,transition_2,20,False
2023-12-13 00:00:00+00:00,0.0034423688472529795,0.003497163367800925,0.5,0.75,-0.25,1.25,0.5197528558028726,0.0,0.0,0.0,0.0,5.479452054794521e-05,19045.297069339733,-0.003595515827908513,transition_2,21,False
2023-12-14 00:00:00+00:00,-0.00361894096601407,-0.0035641464454661247,0.5,0.75,-0.25,1.25,0.5707289179088091,0.19706108930824207,0.0,0.0,0.0,5.479452054794521e-05,18976.37326356559,-0.007201444834399107,transition_2,22,False
2023-12-15 00:00:00+00:00,-0.00218316456375567,-0.002128370043207725,0.5,0.75,-0.25,1.25,0.5564703033301421,0.0,0.0,0.0,0.0,5.479452054794521e-05,18934.944717907973,-0.009368887458984454,transition_2,23,False
2023-12-16 00:00:00+00:00,0.004534955143290605,0.004589749663838551,0.5,0.75,-0.25,1.25,0.5595156457016994,0.0,0.0,0.0,0.0,5.479452054794521e-05,19020.81384284437,-0.0048764198000630365,transition_2,24,False
2023-12-17 00:00:00+00:00,-0.0005868052799985452,-0.0005320107594506,0.5,0.75,-0.25,1.25,0.5528366046686461,0.0,0.0,0.0,0.0,5.479452054794521e-05,19009.65232885152,-0.005460363571175408,transition_2,25,False
2023-12-18 00:00:00+00:00,-0.00407941176762242,-0.004024617247074475,0.5,0.75,-0.25,1.25,0.5516760289781311,0.0,0.0,0.0,0.0,5.479452054794521e-05,18932.104129442792,-0.009517500267390067,transition_2,26,False
2023-12-19 00:00:00+00:00,0.0013427846430386049,0.00139757916358655,0.5,0.75,-0.25,1.25,0.5510732291647851,0.0,0.0,0.0,0.0,5.479452054794521e-05,18957.525868128214,-0.008187495577550719,transition_2,27,False
2023-12-20 00:00:00+00:00,-0.0004449237820586948,-0.0003901292615107496,0.5,0.75,-0.25,1.25,0.5632415936680949,0.0,0.0,0.0,0.0,5.479452054794521e-05,18949.09121402049,-0.00862877654811156,transition_2,28,False
2023-12-21 00:00:00+00:00,-5.807653721022035e-05,-3.282016662275143e-06,0.5,0.75,-0.25,1.25,0.5513842359768565,0.24603250267027654,0.0,0.0,0.0,5.479452054794521e-05,18947.9907164195,-0.008686351955859428,transition_2,29,False
2023-12-22 00:00:00+00:00,0.00019556895197950466,0.00025036347252744987,0.5,0.75,-0.25,1.25,0.554850378272958,0.0,0.0,0.0,0.0,5.479452054794521e-05,18951.696355106025,-0.00849248178462858,transition_2,30,False
2023-12-23 00:00:00+00:00,-0.00031837658908474517,-0.0002635820685368,0.5,0.75,-0.25,1.25,0.553169224151725,0.0,0.0,0.0,0.0,5.479452054794521e-05,18945.662578663116,-0.008808154566329884,transition_2,31,False
2023-12-24 00:00:00+00:00,-0.0028368801778118954,-0.00278208565726395,0.5,0.75,-0.25,1.25,0.5494522506836637,0.0,0.0,0.0,0.0,5.479452054794521e-05,18891.916004038194,-0.011620047065049488,transition_2,32,False
2023-12-25 00:00:00+00:00,0.002734561013917704,0.0027893555344656496,0.5,0.75,-0.25,1.25,0.5607443151927647,0.0,0.0,0.0,0.0,5.479452054794521e-05,18943.577101021045,-0.008917261778815688,transition_2,33,False
2023-12-26 00:00:00+00:00,0.01118899675088708,0.011243791271435025,0.5,0.75,-0.25,1.25,0.5569868204755731,0.0,0.0,0.0,0.0,5.479452054794521e-05,19155.53672365455,0.0,transition_2,34,False
2023-12-27 00:00:00+00:00,0.0013984038700643297,0.001453198390612275,0.5,0.75,-0.25,1.25,0.5753447414657062,0.0,0.0,0.0,0.0,5.479452054794521e-05,19182.323900342068,0.0,rotation,1,False
2023-12-28 00:00:00+00:00,-4.7585003031195276e-05,7.209517516749931e-06,0.5,0.75,-0.25,1.25,0.5436595096990468,0.5726436537617527,0.0,0.0,0.0,5.479452054794521e-05,19181.411109401124,-4.7585003031258566e-05,rotation,2,False
2023-12-29 00:00:00+00:00,-0.00474495007809087,-0.004690155557542925,0.5,0.75,-0.25,1.25,0.5336743838816773,0.0,0.0,0.0,0.0,5.479452054794521e-05,19090.39627125968,-0.00479230929265817,rotation,3,False
2023-12-30 00:00:00+00:00,0.0043956373134587294,0.004450431834006675,0.5,0.75,-0.25,1.25,0.5322184054623111,0.0,0.0,0.0,0.0,5.479452054794521e-05,19174.310729438344,-0.0004177372327437423,rotation,4,False
2023-12-31 00:00:00+00:00,-0.00092273770319882,-0.0008679431826508748,0.5,0.75,-0.25,1.25,0.5289452128532475,0.0,0.0,0.0,0.0,5.479452054794521e-05,19156.61786999544,-0.0013400894740479563,rotation,5,False
2024-01-01 00:00:00+00:00,-0.001289213872935095,-0.00123441935238715,0.5,0.75,-0.25,1.25,0.5411977094127585,0.0,0.0,0.0,0.0,5.479452054794521e-05,19131.920892478927,-0.0026275756850421272,rotation,6,False
2024-01-02 00:00:00+00:00,-0.0015559915622070204,-0.0015011970416590752,0.5,0.75,-0.25,1.25,0.5407623252004397,0.0,0.0,0.0,0.0,5.479452054794521e-05,19102.151785001417,-0.004179478761654143,rotation,7,True
2024-01-03 00:00:00+00:00,-0.00787830853875137,-0.007823514018203425,0.5,0.75,-0.25,1.25,0.5085451051617809,0.0,0.0,0.0,0.0,5.479452054794521e-05,18951.659139485117,-0.012024860077190058,rotation,8,True
2024-01-04 00:00:00+00:00,-0.00303995807096927,-0.0029851635504213247,0.5,0.75,-0.25,1.25,0.46799118320705635,0.17390379715680104,0.0,0.0,0.0,5.479452054794521e-05,18894.04689032578,-0.015028263077715431,rotation,9,False
2024-01-05 00:00:00+00:00,0.00356891949302063,0.003623714013568575,0.5,0.75,-0.25,1.25,0.4581984912279685,0.0,0.0,0.0,0.0,5.479452054794521e-05,18961.478222574708,-0.011512978245739158,rotation,10,False
2024-01-06 00:00:00+00:00,0.0039418775919247044,0.00399667211247265,0.5,0.75,-0.25,1.25,0.4479699301331636,0.0,0.0,0.0,0.0,5.479452054794521e-05,19036.222048690044,-0.0076164834047776075,rotation,11,False
2024-01-07 00:00:00+00:00,0.0016606088835034235,0.0017154034040513686,0.5,0.75,-0.25,1.25,0.4422357800748957,0.0,0.0,0.0,0.0,5.479452054794521e-05,19067.83376813244,-0.00596852252127722,rotation,12,False
2024-01-08 00:00:00+00:00,-0.0005253676967495703,-0.0004705731762016251,0.5,0.75,-0.25,1.25,0.4549151177939117,0.0,0.0,0.0,0.0,5.479452054794521e-05,19057.81614422367,-0.006490754549096978,rotation,13,True
2024-01-09 00:00:00+00:00,-0.00018872246466942016,-0.00013392794412147495,0.5,0.75,-0.25,1.25,0.45277972970685954,0.0,0.0,0.0,0.0,5.479452054794521e-05,19054.21950618972,-0.006678252062570222,rotation,14,False
2024-01-10 00:00:00+00:00,-0.00074603664651927,-0.0006912421259713248,0.5,0.75,-0.25,1.25,0.46538335555841354,0.0,0.0,0.0,0.0,5.479452054794521e-05,19040.004360167277,-0.007419306488316235,rotation,15,False
2024-01-11 00:00:00+00:00,0.0009868040738076548,0.0010415985943556,0.5,0.75,-0.25,1.25,0.4917484621492767,0.2075659198718765,0.0,0.0,0.0,5.479452054794521e-05,19058.793114035205,-0.006439823816376089,rotation,16,False
2024-01-12 00:00:00+00:00,0.0029895514882995067,0.003044346008847452,0.5,0.75,-0.25,1.25,0.4774717241790951,0.0,0.0,0.0,0.0,5.479452054794521e-05,19115.770357354464,-0.0034695245129510166,rotation,17,False
2024-01-13 00:00:00+00:00,0.0003679825974706797,0.00042277711801862487,0.5,0.75,-0.25,1.25,0.47211888989198664,0.0,0.0,0.0,0.0,5.479452054794521e-05,19122.804628183218,-0.0031028186401225177,rotation,18,False
2024-01-14 00:00:00+00:00,0.0008088578872223302,0.0008636524077702754,0.5,0.75,-0.25,1.25,0.4676055099014938,0.0,0.0,0.0,0.0,5.479452054794521e-05,19138.272259532536,-0.0022964704922299184,transition_2,1,False
2024-01-15 00:00:00+00:00,-0.002233190584779645,-0.0021783960642317,0.5,0.75,-0.25,1.25,0.4703413392874526,0.0,0.0,0.0,0.0,5.479452054794521e-05,19095.5328501136,-0.00452453262072805,transition_2,2,False
2024-01-16 00:00:00+00:00,-0.0008230142926878202,-0.000768219772139875,0.5,0.75,-0.25,1.25,0.4721661885985789,0.0,0.0,0.0,0.0,5.479452054794521e-05,19079.816953651465,-0.005343823158401317,transition_2,3,False
2024-01-17 00:00:00+00:00,0.0003755076103237298,0.00043030213087167496,0.5,0.75,-0.25,1.25,0.4689206580771476,0.0,0.0,0.0,0.0,5.479452054794521e-05,19086.98157012115,-0.00497032219434157,transition_2,4,False
2024-01-18 00:00:00+00:00,-0.00033406144698194524,-0.00027926692643400006,0.5,0.75,-0.25,1.25,0.5129895798147771,0.27057072618537725,0.0,0.0,0.0,5.479452054794521e-05,19080.605345439315,-0.00530272324829939,transition_2,5,False
2024-01-19 00:00:00+00:00,0.00486087185338253,0.004915666373930475,0.5,0.75,-0.25,1.25,0.5105663084700693,0.0,0.0,0.0,0.0,5.479452054794521e-05,19173.353722908458,-0.0004676272531010106,transition_2,6,False
2024-01-20 00:00:00+00:00,0.0015225663772318794,0.0015773608977798245,0.5,0.75,-0.25,1.25,0.5159898494469439,0.0,0.0,0.0,0.0,5.479452054794521e-05,19202.546426625733,0.0,transition_2,7,False
2024-01-21 00:00:00+00:00,0.0010838207542737549,0.0011386152748217,0.5,0.75,-0.25,1.25,0.5154660458764615,0.0,0.0,0.0,0.0,5.479452054794521e-05,19223.358544977815,0.0,transition_2,8,False
2024-01-22 00:00:00+00:00,0.00013359238223370476,0.00018838690278164997,0.5,0.75,-0.25,1.25,0.4946539657220884,0.0,0.0,0.0,0.0,5.479452054794521e-05,19225.926639240373,0.0,transition_2,9,False
2024-01-23 00:00:00+00:00,-0.0036868718348504956,-0.00363207731430255,0.5,0.75,-0.25,1.25,0.48396808382977363,0.0,0.0,0.0,0.0,5.479452054794521e-05,19155.043111815256,-0.0036868718348505025,transition_2,10,False
2024-01-24 00:00:00+00:00,0.0022876260930373296,0.002342420613585275,0.5,0.75,-0.25,1.25,0.48610032530022185,0.0,0.0,0.0,0.0,5.479452054794521e-05,19198.862688251098,-0.0014076799260243078,transition_2,11,False
2024-01-25 00:00:00+00:00,-0.0028338956957927952,-0.00277910117524485,0.5,0.75,-0.25,1.25,0.5235407917705097,0.5032756671392531,0.0,0.0,0.0,5.479452054794521e-05,19144.455113914748,-0.0042375864037336175,transition_2,12,False
2024-01-26 00:00:00+00:00,0.0017338975569793798,0.001788692077527325,0.5,0.75,-0.25,1.25,0.5363749198582755,0.0,0.0,0.0,0.0,5.479452054794521e-05,19177.649637866467,-0.0025110363874671915,transition_2,13,False
2024-01-27 00:00:00+00:00,0.0005161845757779798,0.000570979096325925,0.5,0.75,-0.25,1.25,0.5402141956255265,0.0,0.0,0.0,0.0,5.479452054794521e-05,19187.548844809207,-0.0019961479699416307,transition_2,14,False
2024-01-28 00:00:00+00:00,-0.0015575500564617701,-0.001502755535913825,0.5,0.75,-0.25,1.25,0.5410311290462964,0.0,0.0,0.0,0.0,5.479452054794521e-05,19157.66327702261,-0.003550588926020226,transition,1,False
2024-01-29 00:00:00+00:00,0.00046762600676192984,0.000522420527309875,0.5,0.75,-0.25,1.25,0.5489864137722,0.0,0.0,0.0,0.0,5.479452054794521e-05,19166.621898599733,-0.003084623266979447,transition,2,False
2024-01-30 00:00:00+00:00,-0.006481606378980296,-0.0064268118584323505,0.5,0.75,-0.25,1.25,0.551112456734829,0.0,0.0,0.0,0.0,5.479452054794521e-05,19042.391399838267,-0.009546236332115599,transition_2,1,False
2024-01-31 00:00:00+00:00,8.820669819022974e-05,0.00014300121873817495,0.5,0.75,-0.25,1.25,0.5422938732479976,0.0,0.0,0.0,0.0,5.479452054794521e-05,19044.07106630929,-0.009458871675912528,transition,1,False
2024-02-01 00:00:00+00:00,-0.00022324779511784528,-0.00016845327456990007,0.5,0.75,-0.25,1.25,0.4478663584618202,0.3243153083159687,0.0,0.0,0.0,5.479452054794521e-05,19039.81951943367,-0.009680007798784418,transition_2,1,False
2024-02-02 00:00:00+00:00,0.0005574563221011298,0.000612250842649075,0.5,0.75,-0.25,1.25,0.45296016998556876,0.0,0.0,0.0,0.0,5.479452054794521e-05,19050.43338719644,-0.009127947658228774,transition,1,False
2024-02-03 00:00:00+00:00,0.00266899774443438,0.002723792264982325,0.5,0.75,-0.25,1.25,0.45465886567245817,0.0,0.0,0.0,0.0,5.479452054794521e-05,19101.278950937365,-0.006483312385505591,transition,2,False
2024-02-04 00:00:00+00:00,-0.00455384306366482,-0.004499048543116875,0.5,0.75,-0.25,1.25,0.4493155367290873,0.0,0.0,0.0,0.0,5.479452054794521e-05,19014.29472427951,-0.011007631462034206,transition,3,False
2024-02-05 00:00:00+00:00,0.00135766468517645,0.0014124592057243952,0.5,0.75,-0.25,1.25,0.4500089244186795,0.0,0.0,0.0,0.0,5.479452054794521e-05,19040.109760740204,-0.009664911449360991,transition,4,False
2024-02-06 00:00:00+00:00,-0.0031517659165314956,-0.00309697139598355,0.5,0.75,-0.25,1.25,0.4538402325860268,0.0,0.0,0.0,0.0,5.479452054794521e-05,18980.099791749282,-0.012786215827400249,transition,5,False
2024-02-07 00:00:00+00:00,0.0013054389251021298,0.001360233445650075,0.5,0.75,-0.25,1.25,0.4589316257242557,0.0,0.0,0.0,0.0,5.479452054794521e-05,19004.877152819758,-0.01149746852614375,transition,6,False
2024-02-08 00:00:00+00:00,-0.0004012203914743951,-0.0003464258709264499,0.5,0.75,-0.25,1.25,0.45170801856575954,0.20514003743466525,0.0,0.0,0.0,5.479452054794521e-05,18997.25200856858,-0.011894075898795209,transition,7,False
2024-02-09 00:00:00+00:00,0.0021391517433641044,0.0021939462639120498,0.5,0.75,-0.25,1.25,0.46212542419762853,0.0,0.0,0.0,0.0,5.479452054794521e-05,19037.890013321838,-0.009780367388625644,transition,8,False
2024-02-10 00:00:00+00:00,-0.0017137579631767953,-0.00165896344262885,0.5,0.75,-0.25,1.25,0.4641925096437895,0.0,0.0,0.0,0.0,5.479452054794521e-05,19005.263677709427,-0.011477364169307225,transition,9,False
2024-02-11 00:00:00+00:00,0.00336970288659043,0.0034244974071383754,0.5,0.75,-0.25,1.25,0.4687675558253996,0.0,0.0,0.0,0.0,5.479452054794521e-05,19069.305769584615,-0.008146336589888614,transition,10,False
2024-02-12 00:00:00+00:00,-0.0027457793137320953,-0.00269098479318415,0.5,0.75,-0.25,1.25,0.47482118390208133,0.0,0.0,0.0,0.0,5.479452054794521e-05,19016.94566427526,-0.010869747861129375,transition,11,False
2024-02-13 00:00:00+00:00,-0.0003366736751048107,-0.00028187915455686553,0.5,0.75,-0.25,1.25,0.47782801991288154,0.0,0.0,0.0,0.0,5.479452054794521e-05,19010.5431592892,-0.011202761978274411,transition_2,1,False
2024-02-14 00:00:00+00:00,-0.0013196533401431453,-0.0012648588195952,0.5,0.75,-0.25,1.25,0.4908324989834424,0.0,0.0,0.0,0.0,5.479452054794521e-05,18985.455832511103,-0.012507631556154308,transition_2,2,False
2024-02-15 00:00:00+00:00,0.0009357121119600799,0.000990506632508025,0.5,0.75,-0.25,1.25,0.4769441209110521,0.2500982124478136,0.0,0.0,0.0,5.479452054794521e-05,19003.220753484668,-0.011583622986533149,transition_2,3,False
2024-02-16 00:00:00+00:00,0.002188787936621304,0.0022435824571692495,0.5,0.75,-0.25,1.25,0.47262089191367673,0.0,0.0,0.0,0.0,5.479452054794521e-05,19044.814773826845,-0.009420189144167201,transition_2,4,False
2024-02-17 00:00:00+00:00,-0.0027481077143313203,-0.002693313193783375,0.5,0.75,-0.25,1.25,0.46924418627750886,0.0,0.0,0.0,0.0,5.479452054794521e-05,18992.47757142888,-0.012142409164040968,transition_2,5,False
2024-02-18 00:00:00+00:00,-0.00141172666087542,-0.0013569321403274748,0.5,0.75,-0.25,1.25,0.4736393510160407,0.0,0.0,0.0,0.0,5.479452054794521e-05,18965.665384485215,-0.013536994062172347,transition_2,6,False
2024-02-19 00:00:00+00:00,-0.0010645318667756453,-0.0010097373462277,0.5,0.75,-0.25,1.25,0.47845122714348565,0.0,0.0,0.0,0.0,5.479452054794521e-05,18945.475829308827,-0.014587115367388437,transition_2,7,False
2024-02-20 00:00:00+00:00,0.002614253398696055,0.0026690479192440003,0.5,0.75,-0.25,1.25,0.47774021706183367,0.0,0.0,0.0,0.0,5.479452054794521e-05,18995.004103885512,-0.012010996384618666,transition_2,8,False
2024-02-21 00:00:00+00:00,0.0006897219164140802,0.0007445164369620253,0.5,0.75,-0.25,1.25,0.4757197282470298,0.0,0.0,0.0,0.0,5.479452054794521e-05,19008.10537451834,-0.01132955871564889,transition_2,9,False
2024-02-22 00:00:00+00:00,-0.0010241746162144452,-0.0009693800956665,0.5,0.75,-0.25,1.25,0.47773272447721027,0.19633692399811642,0.0,0.0,0.0,5.479452054794521e-05,18988.637755491432,-0.012342129885413722,transition_2,10,False
2024-02-23 00:00:00+00:00,0.0006595557505034548,0.0007143502710514,0.5,0.75,-0.25,1.25,0.474397754550997,0.0,0.0,0.0,0.0,5.479452054794521e-05,19001.16182071729,-0.011690714457649798,transition_2,11,False
2024-02-24 00:00:00+00:00,-0.0029784545979949706,-0.002923660077447025,0.5,0.75,-0.25,1.25,0.47975435000314476,0.0,0.0,0.0,0.0,5.479452054794521e-05,18944.56772292513,-0.01463434879341452,transition_2,12,False
2024-02-25 00:00:00+00:00,-0.003194947860802316,-0.003140153340254371,0.5,0.75,-0.25,1.25,0.48417379373006686,0.0,0.0,0.0,0.0,5.479452054794521e-05,18884.040816804947,-0.017782540672845015,transition_2,13,False
2024-02-26 00:00:00+00:00,-0.0010853823461817202,-0.001030587825633775,0.5,0.75,-0.25,1.25,0.4942048049713963,0.0,0.0,0.0,0.0,5.479452054794521e-05,18863.54441227781,-0.01884862216331029,transition_2,14,False
2024-02-27 00:00:00+00:00,0.005652922143720529,0.005707716664268474,0.5,0.75,-0.25,1.25,0.5108691945136032,0.0,0.0,0.0,0.0,5.479452054794521e-05,18970.17856019503,-0.0133022498131955,transition_2,15,False
2024-02-28 00:00:00+00:00,-0.01029403721788717,-0.010239242697339225,0.5,0.75,-0.25,1.25,0.5290252195991776,0.0,0.0,0.0,0.0,5.479452054794521e-05,18774.89883606642,-0.02345935317642378,rotation,1,False
2024-02-29 00:00:00+00:00,0.0018204969609087799,0.001875291481456725,0.5,0.75,-0.25,1.25,0.4651119611171866,0.3203962616659962,0.0,0.0,0.0,5.479452054794521e-05,18809.07848233885,-0.021681563896677525,rotation,2,False
2024-03-01 00:00:00+00:00,0.0005395787403963048,0.00059437326094425,0.5,0.75,-0.25,1.25,0.4587214749332873,0.0,0.0,0.0,0.0,5.479452054794521e-05,18819.227461214366,-0.021153684067218292,rotation,3,False
2024-03-02 00:00:00+00:00,-0.002046333561256145,-0.0019915390407081995,0.5,0.75,-0.25,1.25,0.4859077792441667,0.0,0.0,0.0,0.0,5.479452054794521e-05,18780.717044463567,-0.023156730134823666,rotation,4,False
2024-03-03 00:00:00+00:00,-0.000886592719431545,-0.0008317981988835998,0.5,0.75,-0.25,1.25,0.48488385067083495,0.0,0.0,0.0,0.0,5.479452054794521e-05,18764.066197466243,-0.024022792265911752,rotation,5,False
2024-03-04 00:00:00+00:00,0.0036394328466601545,0.0036942273672081,0.5,0.75,-0.25,1.25,0.4994316658943148,0.0,0.0,0.0,0.0,5.479452054794521e-05,18832.35675632221,-0.02047078875849251,rotation,6,True
2024-03-05 00:00:00+00:00,-0.004993684694006821,-0.004938890173458875,0.5,0.75,-0.25,1.25,0.48237835179254507,0.0,0.0,0.0,0.0,5.479452054794521e-05,18738.313904636085,-0.025362248788001973,calm_risk_on,1,True
2024-03-06 00:00:00+00:00,-0.007483061657183345,-0.0074282671366354,0.5,0.75,-0.25,1.25,0.4913825137272888,0.0,0.0,0.0,0.0,5.479452054794521e-05,18598.093946336037,-0.032655523173739875,calm_risk_on,2,True
2024-03-07 00:00:00+00:00,0.002145236134859105,0.00220003065540705,0.5,0.75,-0.25,1.25,0.5209472887667805,0.16302662606316082,0.0,0.0,0.0,5.479452054794521e-05,18637.99124950922,-0.03058034084719574,calm_risk_on,3,True
2024-03-08 00:00:00+00:00,-0.00216086111803262,-0.0021060665974846748,0.5,0.75,-0.25,1.25,0.5306140901980785,0.0,0.0,0.0,0.0,5.479452054794521e-05,18597.717138899927,-0.032675122095715436,calm_risk_on,4,True
2024-03-09 00:00:00+00:00,-0.0025402140626505205,-0.002485419542102575,0.5,0.75,-0.25,1.25,0.5327786314996472,0.0,0.0,0.0,0.0,5.479452054794521e-05,18550.474956290498,-0.03513233435371954,calm_risk_on,5,True
2024-03-10 00:00:00+00:00,-0.00659260658880927,-0.006537812068261325,0.5,0.75,-0.25,1.25,0.5353817736718206,0.0,0.0,0.0,0.0,5.479452054794521e-05,18428.178972868118,-0.04149332728358812,calm_risk_on,6,False
2024-03-11 00:00:00+00:00,0.0055591081775195296,0.005613902698067475,0.5,0.75,-0.25,1.25,0.5405740169751914,0.05034925557623425,0.0,0.0,0.0,5.479452054794521e-05,18530.62321329298,-0.03616488500108339,calm_risk_on,7,False
2024-03-12 00:00:00+00:00,-0.0022442580882548954,-0.00218946356770695,0.5,0.75,-0.25,1.25,0.501115502521647,0.0,0.0,0.0,0.0,5.479452054794521e-05,18489.035712266144,-0.038327979753663755,calm_risk_on,8,False
2024-03-13 00:00:00+00:00,-0.00542905507830322,-0.005374260557755275,0.5,0.75,-0.25,1.25,0.5132164287046533,0.0,0.0,0.0,0.0,5.479452054794521e-05,18388.657719039536,-0.04354895011884419,calm_risk_on,9,False
2024-03-14 00:00:00+00:00,0.0025327905657832545,0.0025875850863312,0.5,0.75,-0.25,1.25,0.5018688220608676,0.2344863603944788,0.0,0.0,0.0,5.479452054794521e-05,18435.232337827736,-0.041126459923071734,calm_risk_on,10,False
2024-03-15 00:00:00+00:00,-0.002205542257818195,-0.00215074773727025,0.5,0.75,-0.25,1.25,0.4814850857721503,0.0,0.0,0.0,0.0,5.479452054794521e-05,18394.57265387396,-0.04324129603561533,calm_risk_on,11,False
2024-03-16 00:00:00+00:00,0.00724561146729788,0.007300405987845825,0.5,0.75,-0.25,1.25,0.4669289589119302,0.0,0.0,0.0,0.0,5.479452054794521e-05,18527.852580430914,-0.03630899419873379,speculative_risk_on,1,False
2024-03-17 00:00:00+00:00,0.0055723384857838554,0.005627133006331801,0.5,0.75,-0.25,1.25,0.4680055122798404,0.0,0.0,0.0,0.0,5.479452054794521e-05,18631.096046423776,-0.030938981718703795,speculative_risk_on,2,False
2024-03-18 00:00:00+00:00,0.0027252445627775545,0.0027800390833255,0.5,0.75,-0.25,1.25,0.46104841116093676,0.0,0.0,0.0,0.0,5.479452054794521e-05,18681.870339622878,-0.02829805344763303,speculative_risk_on,3,False
2024-03-19 00:00:00+00:00,-0.00374230122601772,-0.0036875067054697747,0.5,0.75,-0.25,1.25,0.42350239163593867,0.0,0.0,0.0,0.0,5.479452054794521e-05,18611.957153346604,-0.03193445483353974,speculative_risk_on,4,False
2024-03-20 00:00:00+00:00,-0.00048112656459117016,-0.000426332044043225,0.5,0.75,-0.25,1.25,0.44417756440017797,0.0,0.0,0.0,0.0,5.479452054794521e-05,18603.002446341095,-0.03240021688358474,speculative_risk_on,5,False
2024-03-21 00:00:00+00:00,-0.00622532622146837,-0.006170531700920425,0.5,0.75,-0.25,1.25,0.5493389810188345,0.5823955653267519,0.0,0.0,0.0,5.479452054794521e-05,18487.192687413848,-0.038423841185306506,speculative_risk_on,6,True
2024-03-22 00:00:00+00:00,-0.004339802708650846,-0.0042850081881029,0.5,0.75,-0.25,1.25,0.5401397011118223,0.0,0.0,0.0,0.0,5.479452054794521e-05,18406.96191851366,-0.042596892003904485,rotation,1,False
2024-03-23 00:00:00+00:00,-0.00412210864608762,-0.004067314125539675,0.5,0.75,-0.25,1.25,0.5477975587931434,0.0,0.0,0.0,0.0,5.479452054794521e-05,18331.08642164115,-0.04654341163316633,rotation,2,False
2024-03-24 00:00:00+00:00,0.0016475668390000297,0.0017023613595479748,0.5,0.75,-0.25,1.25,0.5640889026264648,0.0,0.0,0.0,0.0,5.479452054794521e-05,18361.288111752292,-0.04497252817574693,rotation,3,False
2024-03-25 00:00:00+00:00,0.00107960074905303,0.001134395269600975,0.5,0.75,-0.25,1.25,0.5788948067452951,0.0,0.0,0.0,0.0,5.479452054794521e-05,18381.110972151317,-0.0439414798017993,rotation,4,False
2024-03-26 00:00:00+00:00,-0.0010446666957230901,-0.000989872175175145,0.5,0.75,-0.25,1.25,0.5825184801183547,0.0,0.0,0.0,0.0,5.479452054794521e-05,18361.908837688323,-0.044940242297012545,rotation,5,False
2024-03-27 00:00:00+00:00,-0.004198206548905895,-0.00414341202835795,0.5,0.75,-0.25,1.25,0.581272018887915,0.0,0.0,0.0,0.0,5.479452054794521e-05,18284.821751755524,-0.04894978042639786,rotation,6,False
2024-03-28 00:00:00+00:00,-0.00657866347144967,-0.006523868950901725,0.5,0.75,-0.25,1.25,0.5568478968880239,0.16994083123575224,0.0,0.0,0.0,5.479452054794521e-05,18164.53206281528,-0.055206419765420955,rotation,7,False
2024-03-29 00:00:00+00:00,-0.007775837171560921,-0.007721042651012975,0.5,0.75,-0.25,1.25,0.5664326090890417,0.0,0.0,0.0,0.0,5.479452054794521e-05,18023.287619197232,-0.06255298080606109,rotation,8,False
2024-03-30 00:00:00+00:00,0.00715921775667048,0.007214012277218425,0.5,0.75,-0.25,1.25,0.5609502736769822,0.0,0.0,0.0,0.0,5.479452054794521e-05,18152.320259954166,-0.055841593460310146,rotation,9,False
2024-03-31 00:00:00+00:00,-0.006357880865747921,-0.006303086345199976,0.5,0.75,-0.25,1.25,0.5711968540726373,0.0,0.0,0.0,0.0,5.479452054794521e-05,18036.909970304474,-0.06184444012748391,rotation,10,False
2024-04-01 00:00:00+00:00,0.00495206890449168,0.005006863425039625,0.5,0.75,-0.25,1.25,0.5582473774164307,0.0,0.0,0.0,0.0,5.479452054794521e-05,18126.229991301538,-0.057198629151863134,rotation,11,False
2024-04-02 00:00:00+00:00,0.0006037364831908048,0.0006585310037387499,0.5,0.75,-0.25,1.25,0.5275755681832017,0.0,0.0,0.0,0.0,5.479452054794521e-05,18137.173457649995,-0.056629425567879754,rotation,12,False
2024-04-03 00:00:00+00:00,0.0039683481946161045,0.00402314271516405,0.5,0.75,-0.25,1.25,0.5229057991498631,0.0,0.0,0.0,0.0,5.479452054794521e-05,18209.148077196096,-0.052885802651978175,rotation,13,False
2024-04-04 00:00:00+00:00,-0.007733567188293045,-0.007678772667745099,0.5,0.75,-0.25,1.25,0.581816329885392,0.26156001602964196,0.0,0.0,0.0,5.479452054794521e-05,18068.326407099525,-0.06021037393215534,rotation,14,False
2024-04-05 00:00:00+00:00,-0.0015552156097455954,-0.0015004210891976502,0.5,0.75,-0.25,1.25,0.5809290572166852,0.0,0.0,0.0,0.0,5.479452054794521e-05,18040.226263829223,-0.06167194942849308,rotation,15,False
2024-04-06 00:00:00+00:00,-0.006997017345316896,-0.006942222824768951,0.5,0.75,-0.25,1.25,0.5964724330200358,0.0,0.0,0.0,0.0,5.479452054794521e-05,17913.998487747773,-0.06823744707393908,rotation,16,False
2024-04-07 00:00:00+00:00,-0.0005234005325146203,-0.00046860601196667515,0.5,0.75,-0.25,1.25,0.602798903257719,0.0,0.0,0.0,0.0,5.479452054794521e-05,17904.622291399817,-0.06872513209031794,rotation,17,False
2024-04-08 00:00:00+00:00,0.0024214303669554296,0.002476224887503375,0.5,0.75,-0.25,1.25,0.6130731097293145,0.0,0.0,0.0,0.0,5.479452054794521e-05,17947.97708752508,-0.06647011484517895,rotation,18,False
2024-04-09 00:00:00+00:00,0.0035319151518596794,0.003586709672407625,0.5,0.75,-0.25,1.25,0.5986113199988854,0.0,0.0,0.0,0.0,5.479452054794521e-05,18011.367819745738,-0.06317296649908699,rotation,19,False
2024-04-10 00:00:00+00:00,0.0015777802440481799,0.001632574764596125,0.5,0.75,-0.25,1.25,0.5909212595022008,0.0,0.0,0.0,0.0,5.479452054794521e-05,18039.785800060017,-0.06169485931353902,rotation,20,False
2024-04-11 00:00:00+00:00,-0.001382851303522695,-0.00132805678297475,0.5,0.75,-0.25,1.25,0.5801542751469947,0.05491470350966317,0.0,0.0,0.0,5.479452054794521e-05,18014.839458751136,-0.06299239580043925,rotation,21,False
2024-04-12 00:00:00+00:00,0.010883815332712328,0.010938609853260273,0.5,0.75,-0.25,1.25,0.5420113980719377,0.0,0.0,0.0,0.0,5.479452054794521e-05,18210.909644668645,-0.052794178070983855,rotation,22,False
2024-04-13 00:00:00+00:00,0.00975575205833163,0.009810546578879576,0.5,0.75,-0.25,1.25,0.48808824099419285,0.0,0.0,0.0,0.0,5.479452054794521e-05,18388.57076391871,-0.04355347292403633,rotation,23,False
2024-04-14 00:00:00+00:00,-0.0029630569087239454,-0.002908262388176,0.5,0.75,-0.25,1.25,0.4850504545352847,0.0,0.0,0.0,0.0,5.479452054794521e-05,18334.084382275123,-0.04638747841391366,rotation,24,True
2024-04-15 00:00:00+00:00,-0.0007554699713114951,-0.00070067545076355,0.5,0.75,-0.25,1.25,0.48712023847003927,0.0,0.0,0.0,0.0,5.479452054794521e-05,18320.233532072823,-0.04710790403823861,rotation,25,True
2024-04-16 00:00:00+00:00,0.004044780312584429,0.004099574833132375,0.5,0.75,-0.25,1.25,0.47540032505312513,0.0,0.0,0.0,0.0,5.479452054794521e-05,18394.334851985303,-0.04325366484847504,rotation,26,True
2024-04-17 00:00:00+00:00,-9.776270642667022e-05,-4.296818587872501e-05,0.5,0.75,-0.25,1.25,0.4675881704595899,0.0,0.0,0.0,0.0,5.479452054794521e-05,18392.536572027253,-0.04334719895956329,rotation,27,True
2024-04-18 00:00:00+00:00,-0.003956804258877396,-0.00390200973832945,0.5,0.75,-0.25,1.25,0.5205808566226681,0.3814404133804108,0.0,0.0,0.0,5.479452054794521e-05,18319.760904987495,-0.04713248683698712,rotation,28,False
2024-04-19 00:00:00+00:00,0.0014750721624864549,0.0015298666830344,0.5,0.75,-0.25,1.25,0.5237765446897207,0.0,0.0,0.0,0.0,5.479452054794521e-05,18346.783874321853,-0.04572693849378262,rotation,29,False
2024-04-20 00:00:00+00:00,-0.00886281946439987,-0.008808024943851925,0.5,0.75,-0.25,1.25,0.5437658228024755,0.0,0.0,0.0,0.0,5.479452054794521e-05,18184.179641091378,-0.054184488357652216,rotation,30,False
2024-04-21 00:00:00+00:00,0.0021844892663917797,0.002239283786939725,0.5,0.75,-0.25,1.25,0.5458969317004754,0.0,0.0,0.0,0.0,5.479452054794521e-05,18223.90278633548,-0.05211836452448282,transition_2,1,False
2024-04-22 00:00:00+00:00,-0.0029825310745672205,-0.002927736554019275,0.5,0.75,-0.25,1.25,0.5606381525887445,0.0,0.0,0.0,0.0,5.479452054794521e-05,18169.54942997534,-0.05494545095730019,transition_2,2,False
2024-04-23 00:00:00+00:00,0.0032249436812468047,0.00327973820179475,0.5,0.75,-0.25,1.25,0.5582575801088673,0.0,0.0,0.0,0.0,5.479452054794521e-05,18228.14520360064,-0.05189770326093135,transition_2,3,False
2024-04-24 00:00:00+00:00,0.001954803359581905,0.00200959788012985,0.5,0.75,-0.25,1.25,0.5507261706878331,0.0,0.0,0.0,0.0,5.479452054794521e-05,18263.77764308359,-0.050044349706038216,transition_2,4,False
2024-04-25 00:00:00+00:00,0.002298573271901605,0.0023533677924495503,0.5,0.75,-0.25,1.25,0.524369031098112,0.1288688189338428,0.0,0.0,0.0,5.479452054794521e-05,18305.758274217937,-0.047860807038780706,transition_2,5,False
2024-04-26 00:00:00+00:00,-0.0022025548235401456,-0.0021477603029922,0.5,0.75,-0.25,1.25,0.5273453606246823,0.0,0.0,0.0,0.0,5.479452054794521e-05,18265.438838032496,-0.04995794581091917,transition_2,6,False
2024-04-27 00:00:00+00:00,0.004986687915395754,0.0050414824359436994,0.5,0.75,-0.25,1.25,0.5190449842531164,0.0,0.0,0.0,0.0,5.479452054794521e-05,18356.522881155513,-0.04522038258017669,transition_2,7,False
2024-04-28 00:00:00+00:00,0.0016387968618339296,0.0016935913823818748,0.5,0.75,-0.25,1.25,0.518533202124006,0.0,0.0,0.0,0.0,5.479452054794521e-05,18386.60549324733,-0.04365569273940617,transition_2,8,False
2024-04-29 00:00:00+00:00,-0.0011214953572043949,-0.0010667008366564497,0.5,0.75,-0.25,1.25,0.5136496985104876,0.0,0.0,0.0,0.0,5.479452054794521e-05,18365.985000551904,-0.044728228439887885,transition_2,9,False
2024-04-30 00:00:00+00:00,0.004410455327333279,0.0044652498478812246,0.5,0.75,-0.25,1.25,0.49708210084411186,0.0,0.0,0.0,0.0,5.479452054794521e-05,18446.98735693931,-0.04051504496595959,transition_2,10,False
2024-05-01 00:00:00+00:00,-0.0012615858409253703,-0.0012067913203774251,0.5,0.75,-0.25,1.25,0.4906908651699417,0.0,0.0,0.0,0.0,5.479452054794521e-05,18423.714898882066,-0.04172551759981136,transition_2,11,False
2024-05-02 00:00:00+00:00,0.001597279233746705,0.0016520737542946502,0.5,0.75,-0.25,1.25,0.42234482031743514,0.26407625903253906,0.0,0.0,0.0,5.479452054794521e-05,18453.14271609852,-0.04019488566884433,transition_2,12,False
2024-05-03 00:00:00+00:00,-0.0015419602626504953,-0.0014871657421025501,0.5,0.75,-0.25,1.25,0.4346892544102405,0.0,0.0,0.0,0.0,5.479452054794521e-05,18424.688703309275,-0.04167486701503176,transition,1,False
2024-05-04 00:00:00+00:00,-0.0004081172599940941,-0.00035332273944614894,0.5,0.75,-0.25,1.25,0.44181428749153073,0.0,0.0,0.0,0.0,5.479452054794521e-05,18417.169269839436,-0.04206597604248907,transition,2,False
2024-05-05 00:00:00+00:00,-0.0009100459453075451,-0.0008552514247595999,0.5,0.75,-0.25,1.25,0.44120061569409774,0.0,0.0,0.0,0.0,5.479452054794521e-05,18400.408799621375,-0.04293774001686379,transition,3,False
2024-05-06 00:00:00+00:00,-0.0024127817842273455,-0.0023579872636794,0.5,0.75,-0.25,1.25,0.44223604907706016,0.0,0.0,0.0,0.0,5.479452054794521e-05,18356.01262844731,-0.045246922404122536,transition,4,False
2024-05-07 00:00:00+00:00,-0.0005806142298444951,-0.00052581970929655,0.5,0.75,-0.25,1.25,0.43964204932651785,0.0,0.0,0.0,0.0,5.479452054794521e-05,18345.35486631203,-0.04580126562696252,transition,5,False
2024-05-08 00:00:00+00:00,0.0013942833164083297,0.001449077836956275,0.5,0.75,-0.25,1.25,0.43592117689870996,0.0,0.0,0.0,0.0,5.479452054794521e-05,18370.933488535717,-0.04447084225108844,transition,6,False
2024-05-09 00:00:00+00:00,0.0019485410815991797,0.002003335602147125,0.5,0.75,-0.25,1.25,0.4816137582206387,0.26147910009238606,0.0,0.0,0.0,5.479452054794521e-05,18406.730007145452,-0.04260895443254886,transition,7,False
2024-05-10 00:00:00+00:00,-0.000160004063398695,-0.0001052095428507498,0.5,0.75,-0.25,1.25,0.47443945517219654,0.0,0.0,0.0,0.0,5.479452054794521e-05,18403.784855550428,-0.04276214089010111,transition,8,False
2024-05-11 00:00:00+00:00,-0.002392826469642373,-0.0023380319490944276,0.5,0.75,-0.25,1.25,0.47056598866183214,0.0,0.0,0.0,0.0,5.479452054794521e-05,18359.747792006463,-0.045052644977123135,transition,9,False
2024-05-12 00:00:00+00:00,0.0004442380077106314,0.0004990325282585766,0.5,0.75,-0.25,1.25,0.47247053120750027,0.0,0.0,0.0,0.0,5.479452054794521e-05,18367.903889787653,-0.04462842106665932,transition,10,False
2024-05-13 00:00:00+00:00,0.0022639384537972546,0.0023187329743452,0.5,0.75,-0.25,1.25,0.47314764529138165,0.0,0.0,0.0,0.0,5.479452054794521e-05,18409.48769371939,-0.04246551861144732,transition,11,False
2024-05-14 00:00:00+00:00,0.001513066104531255,0.0015678606250792001,0.5,0.75,-0.25,1.25,0.46478857686871744,0.0,0.0,0.0,0.0,5.479452054794521e-05,18437.342465550544,-0.04101670564373827,transition,12,False
2024-05-15 00:00:00+00:00,0.0019621620775290296,0.002016956598076975,0.5,0.75,-0.25,1.25,0.47647594081347355,0.0,0.0,0.0,0.0,5.479452054794521e-05,18473.519519746864,-0.039135024990568534,transition,13,False
2024-05-16 00:00:00+00:00,0.00619403745553453,0.006248831976082475,0.5,0.75,-0.25,1.25,0.5004289474314452,0.26475109529155477,0.0,0.0,0.0,5.479452054794521e-05,18587.94519158772,-0.03318339134564896,transition,14,False
2024-05-17 00:00:00+00:00,0.002172626262465405,0.0022274207830133503,0.5,0.75,-0.25,1.25,0.5090438075516035,0.0,0.0,0.0,0.0,5.479452054794521e-05,18628.329849476235,-0.031082860190698725,transition,15,False
2024-05-18 00:00:00+00:00,0.0007187886290601547,0.0007735831496080999,0.5,0.75,-0.25,1.25,0.5109061193659581,0.0,0.0,0.0,0.0,5.479452054794521e-05,18641.71968115042,-0.030386413568102455,transition,16,False
2024-05-19 00:00:00+00:00,0.0026012547382242026,0.002656049258772148,0.5,0.75,-0.25,1.25,0.5071189039594155,0.0,0.0,0.0,0.0,5.479452054794521e-05,18690.211542799658,-0.027864201632149865,transition,17,False
2024-05-20 00:00:00+00:00,-0.0019493893982645953,-0.00189459487771665,0.5,0.75,-0.25,1.25,0.5273062355298836,0.0,0.0,0.0,0.0,5.479452054794521e-05,18653.777042566802,-0.029759272851161644,transition,18,False
2024-05-21 00:00:00+00:00,-0.007608663263808895,-0.007553868743260949,0.5,0.75,-0.25,1.25,0.5380283764703011,0.0,0.0,0.0,0.0,5.479452054794521e-05,18511.84673445174,-0.03714150782887027,transition,19,False
2024-05-22 00:00:00+00:00,0.0006871059863996049,0.0007419005069475501,0.5,0.75,-0.25,1.25,0.5293432583732238,0.0,0.0,0.0,0.0,5.479452054794521e-05,18524.566335162293,-0.036479921994843845,transition,20,False
2024-05-23 00:00:00+00:00,-0.0015617226843096953,-0.00150692816376175,0.5,0.75,-0.25,1.25,0.35656554293588205,0.3213458714982775,0.0,0.0,0.0,5.479452054794521e-05,18495.636099699674,-0.03798467315745224,transition,21,False
2024-05-24 00:00:00+00:00,0.0007234747213705798,0.000778269241918525,0.5,0.75,-0.25,1.25,0.35490459613421804,0.0,0.0,0.0,0.0,5.479452054794521e-05,18509.017224873478,-0.037288679386910495,deleveraging,1,False
2024-05-25 00:00:00+00:00,-0.0009252391100419161,-0.000870444589493971,0.5,0.75,-0.25,1.25,0.35684731065238323,0.0,0.0,0.0,0.0,5.479452054794521e-05,18491.891958248583,-0.038179417552421935,deleveraging,2,False
2024-05-26 00:00:00+00:00,-0.0006052887706516811,-0.0005504942501037359,0.5,0.75,-0.25,1.25,0.35427617356726027,0.0,0.0,0.0,0.0,5.479452054794521e-05,18480.69902369815,-0.03876159675035906,transition,1,False
2024-05-27 00:00:00+00:00,0.0036292106805177046,0.00368400520106565,0.5,0.75,-0.25,1.25,0.3567862289118085,0.0,0.0,0.0,0.0,5.479452054794521e-05,18547.76937397839,-0.0352730600707617,transition,2,False
2024-05-28 00:00:00+00:00,0.0001184627968009298,0.000173257317348875,0.5,0.75,-0.25,1.25,0.3521797933938971,0.0,0.0,0.0,0.0,5.479452054794521e-05,18549.96659461285,-0.035158775819308374,transition,3,False
2024-05-29 00:00:00+00:00,0.00045792151230612344,0.0005127160328540686,0.5,0.75,-0.25,1.25,0.35177177896514794,0.0,0.0,0.0,0.0,5.479452054794521e-05,18558.461023369087,-0.03471695426679611,transition,4,False
2024-05-30 00:00:00+00:00,-0.0024738375517349954,-0.00241904303118705,0.5,0.75,-0.25,1.25,0.4411038901941861,0.15876891105212132,0.0,0.0,0.0,5.479452054794521e-05,18512.550405587066,-0.03710490771338415,transition,5,False
2024-05-31 00:00:00+00:00,0.0025167187032985048,0.00257151322384645,0.5,0.75,-0.25,1.25,0.4390067409041697,0.0,0.0,0.0,0.0,5.479452054794521e-05,18559.141287438564,-0.034681571625312047,transition,6,False
2024-06-01 00:00:00+00:00,-0.0002005823331371451,-0.0001457878125891999,0.5,0.75,-0.25,1.25,0.44103082387501624,0.0,0.0,0.0,0.0,5.479452054794521e-05,18555.418651578108,-0.03487519744789569,transition,7,False
2024-06-02 00:00:00+00:00,-0.0006058794258473201,-0.0005510849052993749,0.5,0.75,-0.25,1.25,0.4423163887779096,0.0,0.0,0.0,0.0,5.479452054794521e-05,18544.176305179135,-0.03545994670913688,transition,8,False
2024-06-03 00:00:00+00:00,-0.002860224323572595,-0.0028054298030246497,0.5,0.75,-0.25,1.25,0.4471711356739857,0.0,0.0,0.0,0.0,5.479452054794521e-05,18491.13580105044,-0.0382187476306195,transition,9,False
2024-06-04 00:00:00+00:00,-0.0023094711978212702,-0.002254676677273325,0.5,0.75,-0.25,1.25,0.45618166684109956,0.0,0.0,0.0,0.0,5.479452054794521e-05,18448.431055502915,-0.04043995373157094,transition,10,False
2024-06-05 00:00:00+00:00,-0.0015861350236977953,-0.00153134050314985,0.5,0.75,-0.25,1.25,0.4683844823551857,0.0,0.0,0.0,0.0,5.479452054794521e-05,18419.16935287351,-0.04196194552829835,transition,11,False
2024-06-06 00:00:00+00:00,-0.0017567728884614203,-0.0017019783679134751,0.5,0.75,-0.25,1.25,0.4747178451106069,0.1433649247083858,0.0,0.0,0.0,5.479452054794521e-05,18386.8110555264,-0.04364500080850864,transition,12,False
2024-06-07 00:00:00+00:00,-0.0006543691384087703,-0.0005995746178608251,0.5,0.75,-0.25,1.25,0.4660658756446324,0.0,0.0,0.0,0.0,5.479452054794521e-05,18374.779293817912,-0.04427081000534239,transition,13,False
2024-06-08 00:00:00+00:00,2.215291020930482e-05,7.694743075725003e-05,0.5,0.75,-0.25,1.25,0.45824260721476634,0.0,0.0,0.0,0.0,5.479452054794521e-05,18375.186348653722,-0.04424963782241209,transition,14,False
2024-06-09 00:00:00+00:00,0.0007776273479832799,0.0008324218685312251,0.5,0.75,-0.25,1.25,0.45840673047316927,0.0,0.0,0.0,0.0,5.479452054794521e-05,18389.475396082726,-0.04350642020293782,transition,15,False
2024-06-10 00:00:00+00:00,-0.0006555804243346447,-0.0006007859037866995,0.5,0.75,-0.25,1.25,0.4503133988986161,0.0,0.0,0.0,0.0,5.479452054794521e-05,18377.41961599927,-0.04413347866985451,transition,16,False
2024-06-11 00:00:00+00:00,-0.0005753719835180452,-0.0005205774629701,0.5,0.75,-0.25,1.25,0.4349677341479744,0.0,0.0,0.0,0.0,5.479452054794521e-05,18366.84576362287,-0.04468345748621072,transition,17,False
2024-06-12 00:00:00+00:00,0.0017603391910847547,0.0018151337116326998,0.5,0.75,-0.25,1.25,0.4391572401935176,0.0,0.0,0.0,0.0,5.479452054794521e-05,18399.177642037183,-0.04300177633653224,transition,18,False
2024-06-13 00:00:00+00:00,0.0016363146600466797,0.0016911091805946249,0.5,0.75,-0.25,1.25,0.4957263165147818,0.5038594253690568,0.0,0.0,0.0,5.479452054794521e-05,18429.28448614565,-0.04143582611351304,transition,19,False
2024-06-14 00:00:00+00:00,-0.0001116882122515042,-5.6893691703559e-05,0.5,0.75,-0.25,1.25,0.4901748419004902,0.0,0.0,0.0,0.0,5.479452054794521e-05,18427.22615230832,-0.041542886432422654,transition,20,False
2024-06-15 00:00:00+00:00,-0.0014871615094100704,-0.0014323669888621252,0.5,0.75,-0.25,1.25,0.4924001198688361,0.0,0.0,0.0,0.0,5.479452054794521e-05,18399.821890849413,-0.042968266960140666,transition,21,False
2024-06-16 00:00:00+00:00,0.0006265552555024299,0.000681349776050375,0.5,0.75,-0.25,1.25,0.49536883460911485,0.0,0.0,0.0,0.0,5.479452054794521e-05,18411.350395955436,-0.04236863369812183,transition,22,False
2024-06-17 00:00:00+00:00,0.0034232075506480295,0.003478002071195975,0.5,0.75,-0.25,1.25,0.48747582537836365,0.0,0.0,0.0,0.0,5.479452054794521e-05,18474.376269648492,-0.03909046277426009,transition,23,False
2024-06-18 00:00:00+00:00,0.0013063579965738798,0.001361152517121825,0.5,0.75,-0.25,1.25,0.46785179040947367,0.0,0.0,0.0,0.0,5.479452054794521e-05,18498.510418820064,-0.03783517091632105,transition,24,False
2024-06-19 00:00:00+00:00,-0.0021076317733873455,-0.0020528372528394,0.5,0.75,-0.25,1.25,0.47357929981068336,0.0,0.0,0.0,0.0,5.479452054794521e-05,18459.52237050102,-0.03986306008133367,transition,25,False
2024-06-20 00:00:00+00:00,0.0018627886163330297,0.001917583136880975,0.5,0.75,-0.25,1.25,0.49455752759405525,0.08851572283143465,0.0,0.0,0.0,5.479452054794521e-05,18493.908558635736,-0.03807452791953225,transition,26,False
2024-06-21 00:00:00+00:00,0.0010819184387334548,0.0011367129592814,0.5,0.75,-0.25,1.25,0.4910895915522776,0.0,0.0,0.0,0.0,5.479452054794521e-05,18513.917459309574,-0.03703380301460113,transition,27,False
2024-06-22 00:00:00+00:00,-0.00029114441719769524,-0.00023634989664975,0.5,0.75,-0.25,1.25,0.49450511367373917,0.0,0.0,0.0,0.0,5.479452054794521e-05,18508.527235600835,-0.03731416524680353,transition,28,False
2024-06-23 00:00:00+00:00,0.0017029845788135798,0.001757779099361525,0.5,0.75,-0.25,1.25,0.49040991899882713,0.0,0.0,0.0,0.0,5.479452054794521e-05,18540.046972059616,-0.03567472611597655,transition,29,False
2024-06-24 00:00:00+00:00,-0.0001678548983886951,-0.0001130603778407499,0.5,0.75,-0.25,1.25,0.47781958409648756,0.0,0.0,0.0,0.0,5.479452054794521e-05,18536.934934359,-0.03583659283683793,transition,30,False
2024-06-25 00:00:00+00:00,0.00024564291077315483,0.0003004374313211,0.5,0.75,-0.25,1.25,0.4877433477883257,0.0,0.0,0.0,0.0,5.479452054794521e-05,18541.488401013088,-0.03559975293104145,transition,31,False
2024-06-26 00:00:00+00:00,0.0007392939888844805,0.0007940885094324257,0.5,0.75,-0.25,1.25,0.48608719960080815,0.0,0.0,0.0,0.0,5.479452054794521e-05,18555.196011932927,-0.03488677762550474,transition,32,False
2024-06-27 00:00:00+00:00,-0.004412604831564495,-0.0043578103110165495,0.5,0.75,-0.25,1.25,0.5013754146368875,0.10288766322606728,0.0,0.0,0.0,5.479452054794521e-05,18473.319264360045,-0.0391454408935612,transition,33,False
2024-06-28 00:00:00+00:00,0.0028141506968076798,0.002868945217355625,0.5,0.75,-0.25,1.25,0.5004530127909426,0.0,0.0,0.0,0.0,5.479452054794521e-05,18525.30596864019,-0.036441451366521216,transition,34,False
2024-06-29 00:00:00+00:00,0.0025721594261333795,0.002626953946681325,0.5,0.75,-0.25,1.25,0.5005823094243806,0.0,0.0,0.0,0.0,5.479452054794521e-05,18572.956009009435,-0.03396302516302219,transition,35,False
2024-06-30 00:00:00+00:00,-0.0029483786512699704,-0.002893584130722025,0.5,0.75,-0.25,1.25,0.5067220646632904,0.0,0.0,0.0,0.0,5.479452054794521e-05,18518.195902021496,-0.036811267955968896,transition,36,False
2024-07-01 00:00:00+00:00,0.0037510060456151296,0.003805800566163075,0.5,0.75,-0.25,1.25,0.5095278622311578,0.0,0.0,0.0,0.0,5.479452054794521e-05,18587.657766803866,-0.03319834119900322,transition,37,False
2024-07-02 00:00:00+00:00,0.0018440457234057048,0.00189884024395365,0.5,0.75,-0.25,1.25,0.5115869021000117,0.0,0.0,0.0,0.0,5.479452054794521e-05,18621.934257616867,-0.031415514734709826,transition,38,False
2024-07-03 00:00:00+00:00,0.0033439830273433798,0.003398777547891325,0.5,0.75,-0.25,1.25,0.4975125616730427,0.0,0.0,0.0,0.0,5.479452054794521e-05,18684.20568971064,-0.0281765846554346,transition,39,False
2024-07-04 00:00:00+00:00,-0.0008405951426065951,-0.0007858006220586499,0.5,0.75,-0.25,1.25,0.4682762291746443,0.2440373491177076,0.0,0.0,0.0,5.479452054794521e-05,18668.49983716441,-0.028993494697844513,transition,40,False
2024-07-05 00:00:00+00:00,-0.0007771311702176704,-0.0007223366496697252,0.5,0.75,-0.25,1.25,0.44712620533709224,0.0,0.0,0.0,0.0,5.479452054794521e-05,18653.991964039746,-0.029748094119599,transition,41,False
2024-07-06 00:00:00+00:00,0.0012255528850524048,0.00128034740560035,0.5,0.75,-0.25,1.25,0.46684965143562895,0.0,0.0,0.0,0.0,5.479452054794521e-05,18676.85341770902,-0.028558999097119675,transition,42,False
2024-07-07 00:00:00+00:00,-0.0012774058836152952,-0.00122261136306735,0.5,0.75,-0.25,1.25,0.45195936976128714,0.0,0.0,0.0,0.0,5.479452054794521e-05,18652.99549526582,-0.029799923547258023,transition,43,False
2024-07-08 00:00:00+00:00,0.0005023654213480049,0.0005571599418959501,0.5,0.75,-0.25,1.25,0.45828437621998375,0.0,0.0,0.0,0.0,5.479452054794521e-05,18662.3661152072,-0.029312528577058905,transition,44,False
2024-07-09 00:00:00+00:00,0.0018625618311406797,0.0019173563516886249,0.5,0.75,-0.25,1.25,0.46741681703041593,0.0,0.0,0.0,0.0,5.479452054794521e-05,18697.12592601216,-0.027504563142820126,deleveraging,1,False
2024-07-10 00:00:00+00:00,0.0016462018628614049,0.00170099638340935,0.5,0.75,-0.25,1.25,0.4722508853409358,0.0,0.0,0.0,0.0,5.479452054794521e-05,18727.905169541715,-0.02590363934304163,transition,1,False
2024-07-11 00:00:00+00:00,0.0010926024188623671,0.0011473969394103123,0.5,0.75,-0.25,1.25,0.40953728191534516,0.29526447249665544,0.0,0.0,0.0,5.479452054794521e-05,18748.367324030183,-0.024839339303182717,transition,2,False
2024-07-12 00:00:00+00:00,0.00145286186364498,0.001507656384192925,0.5,0.75,-0.25,1.25,0.41586351941844946,0.0,0.0,0.0,0.0,5.479452054794521e-05,18775.60611192087,-0.023422565568329556,transition,3,False
2024-07-13 00:00:00+00:00,0.00711439960457858,0.007169194125126526,0.5,0.75,-0.25,1.25,0.42660984499605603,0.0,0.0,0.0,0.0,5.479452054794521e-05,18909.183276619242,-0.016474803454968656,transition,4,False
2024-07-14 00:00:00+00:00,-0.0027598631170387706,-0.002705068596490825,0.5,0.75,-0.25,1.25,0.4315100654184214,0.0,0.0,0.0,0.0,5.479452054794521e-05,18856.996519120774,-0.019189198369591653,transition,5,False
2024-07-15 00:00:00+00:00,-0.00586254276958392,-0.005807748249035975,0.5,0.75,-0.25,1.25,0.4491310831174039,0.0,0.0,0.0,0.0,5.479452054794521e-05,18746.446570521537,-0.024939243643019582,transition,6,False
2024-07-16 00:00:00+00:00,0.0018821363929481544,0.0019369309134960996,0.5,0.75,-0.25,1.25,0.4515067775326891,0.0,0.0,0.0,0.0,5.479452054794521e-05,18781.729939850375,-0.023104046308144555,transition,7,False
2024-07-17 00:00:00+00:00,0.005893617241390929,0.005948411761938875,0.5,0.75,-0.25,1.25,0.4512054232698426,0.0,0.0,0.0,0.0,5.479452054794521e-05,18892.422267247028,-0.01734659547242101,transition,8,False
2024-07-18 00:00:00+00:00,-0.0019773539644021205,-0.001922559443854175,0.5,0.75,-0.25,1.25,0.33794772642751014,0.16204273726283377,0.0,0.0,0.0,5.479452054794521e-05,18855.065261179727,-0.019289649077496973,transition,9,False
2024-07-19 00:00:00+00:00,-0.0008380732584878952,-0.00078327873793995,0.5,0.75,-0.25,1.25,0.3423660823980781,0.0,0.0,0.0,0.0,5.479452054794521e-05,18839.263335197287,-0.020111556196927394,transition,10,False
2024-07-20 00:00:00+00:00,0.0006153645412280547,0.0006701590617759999,0.5,0.75,-0.25,1.25,0.34638713708301283,0.0,0.0,0.0,0.0,5.479452054794521e-05,18850.856349836627,-0.01950856759425168,transition,11,False
2024-07-21 00:00:00+00:00,-0.0012254786177344702,-0.001170684097186525,0.5,0.75,-0.25,1.25,0.34818346119826493,0.0,0.0,0.0,0.0,5.479452054794521e-05,18827.755028453917,-0.020710138879536877,transition,12,False
2024-07-22 00:00:00+00:00,0.0010332134077011548,0.0010880079282491,0.5,0.75,-0.25,1.25,0.3446101554741891,0.0,0.0,0.0,0.0,5.479452054794521e-05,18847.208117386228,-0.019698323465001444,transition,13,False
2024-07-23 00:00:00+00:00,0.0005170993049213298,0.0005718938254692749,0.5,0.75,-0.25,1.25,0.33850027368575525,0.0,0.0,0.0,0.0,5.479452054794521e-05,18856.953995603435,-0.019191410149452026,transition,14,False
2024-07-24 00:00:00+00:00,0.0012383842994056799,0.001293178819953625,0.5,0.75,-0.25,1.25,0.33726377735611857,0.0,0.0,0.0,0.0,5.479452054794521e-05,18880.306151366207,-0.017976792191058855,transition,15,False
2024-07-25 00:00:00+00:00,0.0033263652309579042,0.0033811597515058496,0.5,0.75,-0.25,1.25,0.48272298432178823,0.3062442802237772,0.0,0.0,0.0,5.479452054794521e-05,18943.10894529795,-0.014710224336609512,transition,16,False
2024-07-26 00:00:00+00:00,0.0017930396529917548,0.0018478341735397,0.5,0.75,-0.25,1.25,0.4955096965105469,0.0,0.0,0.0,0.0,5.479452054794521e-05,18977.074690787813,-0.012943560699157697,transition,17,False
2024-07-27 00:00:00+00:00,-0.0004038880215088451,-0.0003490935009608999,0.5,0.75,-0.25,1.25,0.4972452746982874,0.0,0.0,0.0,0.0,5.479452054794521e-05,18969.410077636927,-0.01334222097154436,transition,18,False
2024-07-28 00:00:00+00:00,-0.0005960601331004701,-0.000541265612552525,0.5,0.75,-0.25,1.25,0.49764545168087126,0.0,0.0,0.0,0.0,5.479452054794521e-05,18958.103168541213,-0.013930328338636722,transition,19,False
2024-07-29 00:00:00+00:00,-0.004020716874703183,-0.0039659223541552375,0.5,0.75,-0.25,1.25,0.5048797361746398,0.0,0.0,0.0,0.0,5.479452054794521e-05,18881.878003219095,-0.017895035307118556,transition,20,False
2024-07-30 00:00:00+00:00,-0.006118674252840696,-0.00606387973229275,0.5,0.75,-0.25,1.25,0.4996097384062682,0.0,0.0,0.0,0.0,5.479452054794521e-05,18766.34594243552,-0.023904215668171913,transition,21,False
2024-07-31 00:00:00+00:00,-0.0031457252857528956,-0.00309093076520495,0.5,0.75,-0.25,1.25,0.4918043368453897,0.0,0.0,0.0,0.0,5.479452054794521e-05,18707.312173483217,-0.026974744858261235,transition,22,False
2024-08-01 00:00:00+00:00,0.001398688579435155,0.0014534830999831001,0.5,0.75,-0.25,1.25,0.47726423907341486,0.2369269596919202,0.0,0.0,0.0,5.479452054794521e-05,18733.477877372196,-0.025613785546392487,transition,23,False
2024-08-02 00:00:00+00:00,-0.0007319797017715702,-0.000677185181223625,0.5,0.75,-0.25,1.25,0.45778110701921554,0.0,0.0,0.0,0.0,5.479452054794521e-05,18719.765351822374,-0.026327016477058485,transition,24,False
2024-08-03 00:00:00+00:00,0.00081901068119163,0.0008738052017395752,0.5,0.75,-0.25,1.25,0.44503028311272347,0.0,0.0,0.0,0.0,5.479452054794521e-05,18735.097039594915,-0.025529567903565642,transition,25,False
2024-08-04 00:00:00+00:00,0.004759756689402055,0.00481455120995,0.5,0.75,-0.25,1.25,0.43069509720573657,0.0,0.0,0.0,0.0,5.479452054794521e-05,18824.271543055725,-0.020891325745770017,transition,26,False
2024-08-05 00:00:00+00:00,0.00019957642216014614,0.00025437094270809135,0.5,0.75,-0.25,1.25,0.39119834883159144,0.0,0.0,0.0,0.0,5.479452054794521e-05,18828.028423820055,-0.020695918739656594,transition,27,False
2024-08-06 00:00:00+00:00,0.0034291119780353544,0.0034839064985833,0.5,0.75,-0.25,1.25,0.4071301422692073,0.0,0.0,0.0,0.0,5.479452054794521e-05,18892.591841610967,-0.01733777538446779,deleveraging,1,False
2024-08-07 00:00:00+00:00,-0.004073904221747271,-0.004019109701199326,0.5,0.75,-0.25,1.25,0.41199753837848985,0.0,0.0,0.0,0.0,5.479452054794521e-05,18815.62523194768,-0.02134104716988061,deleveraging,2,False
2024-08-08 00:00:00+00:00,0.004507148124157055,0.004561942644705001,0.5,0.75,-0.25,1.25,0.5239225164780631,0.24480754238342806,0.0,0.0,0.0,5.479452054794521e-05,18900.430041916698,-0.01693008630644277,transition,1,False
2024-08-09 00:00:00+00:00,0.0029379590458769294,0.002992753566424875,0.5,0.75,-0.25,1.25,0.5228021607323521,0.0,0.0,0.0,0.0,5.479452054794521e-05,18955.95873132931,-0.014041867160777377,deleveraging,1,False
2024-08-10 00:00:00+00:00,-0.0015253849178803952,-0.00147059039733245,0.5,0.75,-0.25,1.25,0.5271623625864718,0.0,0.0,0.0,0.0,5.479452054794521e-05,18927.043597776577,-0.015545832826271755,transition,1,False
2024-08-11 00:00:00+00:00,-0.0011193418616212204,-0.0010645473410732752,0.5,0.75,-0.25,1.25,0.5175055750019893,0.0,0.0,0.0,0.0,5.479452054794521e-05,18905.857765560853,-0.016647773586436876,transition,2,False
2024-08-12 00:00:00+00:00,-0.0023069876086304203,-0.002252193088082475,0.5,0.75,-0.25,1.25,0.5240747358804897,0.0,0.0,0.0,0.0,5.479452054794521e-05,18862.242185965173,-0.018916354987692285,transition,3,False
2024-08-13 00:00:00+00:00,0.001573153410111255,0.0016279479306592001,0.5,0.75,-0.25,1.25,0.5289863392431162,0.0,0.0,0.0,0.0,5.479452054794521e-05,18891.915386582372,-0.01737295990593657,deleveraging,1,False
2024-08-14 00:00:00+00:00,-0.0022169952064747455,-0.0021622006859268,0.5,0.75,-0.25,1.25,0.5262584330854088,0.0,0.0,0.0,0.0,5.479452054794521e-05,18850.032100729193,-0.019551439343577615,transition,1,False
2024-08-15 00:00:00+00:00,-0.0008221142848376203,-0.0007673197642896751,0.5,0.75,-0.25,1.25,0.5561176568908597,0.2128504742621085,0.0,0.0,0.0,5.479452054794521e-05,18834.535220069538,-0.020357480110841597,transition,2,False
2024-08-16 00:00:00+00:00,0.0025130846659137795,0.002567879186461725,0.5,0.75,-0.25,1.25,0.5586650491619467,0.0,0.0,0.0,0.0,5.479452054794521e-05,18881.868001720708,-0.017895555516030948,transition,3,False
2024-08-17 00:00:00+00:00,0.0010176703127000798,0.001072464833248025,0.5,0.75,-0.25,1.25,0.5659445247982294,0.0,0.0,0.0,0.0,5.479452054794521e-05,18901.08351823438,-0.016896096978908925,transition,4,False
2024-08-18 00:00:00+00:00,-0.0016084416511182203,-0.001553647130570275,0.5,0.75,-0.25,1.25,0.565443880654781,0.0,0.0,0.0,0.0,5.479452054794521e-05,18870.68222825239,-0.018477362243904838,transition,5,False
2024-08-19 00:00:00+00:00,-0.002936353271815445,-0.0028815587512675,0.5,0.75,-0.25,1.25,0.577098817319545,0.0,0.0,0.0,0.0,5.479452054794521e-05,18815.271238750072,-0.021359459452640728,transition,6,False
2024-08-20 00:00:00+00:00,0.006266954222854981,0.006321748743402926,0.5,0.75,-0.25,1.25,0.5949717011824168,0.0,0.0,0.0,0.0,5.479452054794521e-05,18933.18568229392,-0.01522636398440047,transition,7,False
2024-08-21 00:00:00+00:00,0.00414782527034793,0.004202619790895875,0.5,0.75,-0.25,1.25,0.597782702048725,0.0,0.0,0.0,0.0,5.479452054794521e-05,19011.717228315127,-0.011141695011362529,transition,8,False
2024-08-22 00:00:00+00:00,0.0007802817416247049,0.00083507626217265,0.5,0.75,-0.25,1.25,0.5823227882891299,0.29152749547043233,0.0,0.0,0.0,5.479452054794521e-05,19026.551724145316,-0.010370106930925771,transition,9,False
2024-08-23 00:00:00+00:00,0.004334032735935104,0.00438882725648305,0.5,0.75,-0.25,1.25,0.5985828036304381,0.0,0.0,0.0,0.0,5.479452054794521e-05,19109.013422169726,-0.006081018577904329,transition,10,False
2024-08-24 00:00:00+00:00,0.0011430350994745047,0.00119782962002245,0.5,0.75,-0.25,1.25,0.6048132135969899,0.0,0.0,0.0,0.0,5.479452054794521e-05,19130.855695227594,-0.004944934296105097,transition,11,False
2024-08-25 00:00:00+00:00,-0.0014703753017166709,-0.0014155807811687257,0.5,0.75,-0.25,1.25,0.6043129151135543,0.0,0.0,0.0,0.0,5.479452054794521e-05,19102.726157512625,-0.006408038688564099,transition,12,False
2024-08-26 00:00:00+00:00,-0.0016240584067474047,-0.0015692638861994595,0.5,0.75,-0.25,1.25,0.5922435636977031,0.0,0.0,0.0,0.0,5.479452054794521e-05,19071.702214504723,-0.008021690066208675,transition,13,False
2024-08-27 00:00:00+00:00,-0.0025006159924684957,-0.0024458214719205503,0.5,0.75,-0.25,1.25,0.5718746842813541,0.0,0.0,0.0,0.0,5.479452054794521e-05,19024.011210943536,-0.010502246892210909,transition,14,False
2024-08-28 00:00:00+00:00,-0.0006069694476394452,-0.0005521749270915,0.5,0.75,-0.25,1.25,0.5654361701804721,0.0,0.0,0.0,0.0,5.479452054794521e-05,19012.46421736694,-0.011102841796855278,transition,15,False
2024-08-29 00:00:00+00:00,0.00042369919812092964,0.0004784937186688748,0.5,0.75,-0.25,1.25,0.5259663383793014,0.10514612562051397,0.0,0.0,0.0,5.479452054794521e-05,19020.519783210148,-0.010683846863900337,transition,16,False
2024-08-30 00:00:00+00:00,-0.0004024591603445451,-0.00034766463979659995,0.5,0.75,-0.25,1.25,0.5241963608824707,0.0,0.0,0.0,0.0,5.479452054794521e-05,19012.864800788877,-0.011082006212206896,transition,17,False
2024-08-31 00:00:00+00:00,-0.0005547314054072952,-0.00049993688485935,0.5,0.75,-0.25,1.25,0.5211723065471192,0.0,0.0,0.0,0.0,5.479452054794521e-05,19002.31776757712,-0.011630590080733305,transition,18,False
2024-09-01 00:00:00+00:00,-0.00230673627034212,-0.0022519417497941746,0.5,0.75,-0.25,1.25,0.5081366883378571,0.0,0.0,0.0,0.0,5.479452054794521e-05,18958.48443196208,-0.013910497647090847,transition,19,False
2024-09-02 00:00:00+00:00,0.0003445407833289301,0.0003993353038768753,0.5,0.75,-0.25,1.25,0.5128805251993007,0.0,0.0,0.0,0.0,5.479452054794521e-05,18965.016403038997,-0.013570749597517695,transition,20,False
2024-09-03 00:00:00+00:00,-0.0029811328590001705,-0.002926338338452225,0.5,0.75,-0.25,1.25,0.5051132007110011,0.0,0.0,0.0,0.0,5.479452054794521e-05,18908.47916946842,-0.016511426248971395,transition,21,False
2024-09-04 00:00:00+00:00,0.0024566184107407798,0.002511412931288725,0.5,0.75,-0.25,1.25,0.5012176777764937,0.0,0.0,0.0,0.0,5.479452054794521e-05,18954.930087515244,-0.014095370111941508,transition,22,False
2024-09-05 00:00:00+00:00,-0.0005338017155271201,-0.0004790071949791749,0.5,0.75,-0.25,1.25,0.5039031867287425,0.36861867071396504,0.0,0.0,0.0,5.479452054794521e-05,18944.811913316833,-0.014621647694721851,transition,23,False
2024-09-06 00:00:00+00:00,0.001304919522050155,0.0013597140425981001,0.5,0.75,-0.25,1.25,0.4904760620972027,0.0,0.0,0.0,0.0,5.479452054794521e-05,18969.53336822409,-0.01333580824619307,transition,24,False
2024-09-07 00:00:00+00:00,-0.00135775564918397,-0.0013029611286360248,0.5,0.75,-0.25,1.25,0.4918095311587757,0.0,0.0,0.0,0.0,5.479452054794521e-05,18943.777377131,-0.014675457126394287,transition,25,False
2024-09-08 00:00:00+00:00,0.0011588950125744546,0.0012136895331223997,0.5,0.75,-0.25,1.25,0.4951305947328255,0.0,0.0,0.0,0.0,5.479452054794521e-05,18965.73122625268,-0.013533569427890746,transition,26,False
2024-09-09 00:00:00+00:00,0.0016211681511064796,0.0016759626716544248,0.5,0.75,-0.25,1.25,0.5039706820522437,0.0,0.0,0.0,0.0,5.479452054794521e-05,18996.477865679124,-0.011934341468511689,transition,27,False
2024-09-10 00:00:00+00:00,0.0007733527763464047,0.0008281472968943499,0.5,0.75,-0.25,1.25,0.5061261079308531,0.0,0.0,0.0,0.0,5.479452054794521e-05,19011.168844577354,-0.01117021814827357,transition,28,False
2024-09-11 00:00:00+00:00,-0.00046847889325268464,-0.0004136843727047394,0.5,0.75,-0.25,1.25,0.50793156779113,0.0,0.0,0.0,0.0,5.479452054794521e-05,19002.262513237605,-0.011633464030090801,transition,29,False
2024-09-12 00:00:00+00:00,-0.0038133054267104703,-0.003758510906162525,0.5,0.75,-0.25,1.25,0.5086989691850654,0.19756017420111907,0.0,0.0,0.0,5.479452054794521e-05,18929.8010824761,-0.015402407505283877,transition,30,False
2024-09-13 00:00:00+00:00,0.0005356336304292296,0.0005904281509771748,0.5,0.75,-0.25,1.25,0.5171272298749598,0.0,0.0,0.0,0.0,5.479452054794521e-05,18939.94052055321,-0.01487502392230411,transition,31,False
2024-09-14 00:00:00+00:00,-0.00496043688363017,-0.004905642363082225,0.5,0.75,-0.25,1.25,0.5212042489842541,0.0,0.0,0.0,0.0,5.479452054794521e-05,18845.990141021295,-0.019761674188625178,transition,32,False
2024-09-15 00:00:00+00:00,0.0004871328520213116,0.0005419273725692568,0.5,0.75,-0.25,1.25,0.5145122838679065,0.0,0.0,0.0,0.0,5.479452054794521e-05,18855.170641947854,-0.019284167897312243,transition,33,False
2024-09-16 00:00:00+00:00,-0.0027085458118821454,-0.0026537512913342,0.5,0.75,-0.25,1.25,0.5034315455091022,0.0,0.0,0.0,0.0,5.479452054794521e-05,18804.100548473285,-0.021940481657000355,transition,34,True
2024-09-17 00:00:00+00:00,0.00044277017200565483,0.0004975646925536,0.5,0.75,-0.25,1.25,0.5084516883384667,0.0,0.0,0.0,0.0,5.479452054794521e-05,18812.42644330754,-0.021507426075832115,transition,35,False
2024-09-18 00:00:00+00:00,0.00164777921961903,0.0017025737401669752,0.5,0.75,-0.25,1.25,0.5130876085408793,0.0,0.0,0.0,0.0,5.479452054794521e-05,18843.425168671434,-0.01989508634596826,transition,36,False
2024-09-19 00:00:00+00:00,-0.0013370748652228447,-0.0012822803446748995,0.5,0.75,-0.25,1.25,0.4865686975722311,0.24537779823036338,0.0,0.0,0.0,5.479452054794521e-05,18818.230098503696,-0.021205559991296474,transition,37,False
2024-09-20 00:00:00+00:00,-0.0012143587929037704,-0.0011595642723558253,0.5,0.75,-0.25,1.25,0.4925908030861186,0.0,0.0,0.0,0.0,5.479452054794521e-05,18795.37801531669,-0.022394167625966355,transition,38,False
2024-09-21 00:00:00+00:00,-0.0021990479018578206,-0.002144253381309875,0.5,0.75,-0.25,1.25,0.49910223009516563,0.0,0.0,0.0,0.0,5.479452054794521e-05,18754.046078727486,-0.02454396968049244,transition,39,False
2024-09-22 00:00:00+00:00,-0.0024365918115906706,-0.0023817972910427252,0.5,0.75,-0.25,1.25,0.49814488201603363,0.0,0.0,0.0,0.0,5.479452054794521e-05,18708.350123617864,-0.026920757856535693,transition,40,False
2024-09-23 00:00:00+00:00,0.00048817994905565475,0.0005429744696035999,0.5,0.75,-0.25,1.25,0.5031586987091279,0.0,0.0,0.0,0.0,5.479452054794521e-05,18717.483165028127,-0.026445720081679003,transition,41,False
2024-09-24 00:00:00+00:00,0.0028364917854463547,0.0028912863059943,0.5,0.75,-0.25,1.25,0.5060062047330868,0.0,0.0,0.0,0.0,5.479452054794521e-05,18770.57515226996,-0.023684241364004488,transition,42,False
2024-09-25 00:00:00+00:00,0.0025335286821651795,0.002588323202713125,0.5,0.75,-0.25,1.25,0.5014890092424686,0.0,0.0,0.0,0.0,5.479452054794521e-05,18818.130942798973,-0.02121071738665037,transition,43,False
2024-09-26 00:00:00+00:00,0.0003770557105823298,0.000431850231130275,0.5,0.75,-0.25,1.25,0.5076544849291931,0.22404216667146126,0.0,0.0,0.0,5.479452054794521e-05,18825.22642653344,-0.020841659298184267,transition,44,False
2024-09-27 00:00:00+00:00,-0.0035724121864011953,-0.00351761766585325,0.5,0.75,-0.25,1.25,0.5163733115466052,0.0,0.0,0.0,0.0,5.479452054794521e-05,18757.974958235533,-0.024339616486923732,transition,45,False
2024-09-28 00:00:00+00:00,-0.0007809211506498703,-0.0007261266301019251,0.5,0.75,-0.25,1.25,0.5179881509978876,0.0,0.0,0.0,0.0,5.479452054794521e-05,18743.326458847285,-0.02510153031626028,transition,46,False
2024-09-29 00:00:00+00:00,0.0007156740895566548,0.0007704686101045999,0.5,0.75,-0.25,1.25,0.5189672549680338,0.0,0.0,0.0,0.0,5.479452054794521e-05,18756.740571945982,-0.024403820741559223,transition,47,False
2024-09-30 00:00:00+00:00,-0.001527105526481795,-0.0014723110059338498,0.5,0.75,-0.25,1.25,0.5041652051604185,0.0,0.0,0.0,0.0,5.479452054794521e-05,18728.097049759777,-0.02589365905851937,transition,48,False
2024-10-01 00:00:00+00:00,-0.0026242204069696707,-0.0025694258864217253,0.5,0.75,-0.25,1.25,0.4875160245287502,0.0,0.0,0.0,0.0,5.479452054794521e-05,18678.950395298092,-0.028449928796976387,transition,49,False
2024-10-02 00:00:00+00:00,-0.00016292810890697018,-0.00010813358835902497,0.5,0.75,-0.25,1.25,0.472148508592248,0.0,0.0,0.0,0.0,5.479452054794521e-05,18675.90706923382,-0.028608221612785867,transition,50,False
2024-10-03 00:00:00+00:00,0.00031211051156180474,0.00036690503210974997,0.5,0.75,-0.25,1.25,0.4451827125794462,0.5440699778596341,0.0,0.0,0.0,5.479452054794521e-05,18681.736016143077,-0.02830504002790668,transition,51,False
2024-10-04 00:00:00+00:00,2.1445293252879888e-05,7.62398138008251e-05,0.5,0.75,-0.25,1.25,0.4529033097287057,0.0,0.0,0.0,0.0,5.479452054794521e-05,18682.13665145042,-0.028284201744537607,transition,52,False
2024-10-05 00:00:00+00:00,0.0020866398954956285,0.002141434416043574,0.5,0.75,-0.25,1.25,0.4514648477883576,0.0,0.0,0.0,0.0,5.479452054794521e-05,18721.119543120436,-0.026256580792814344,transition,53,False
2024-10-06 00:00:00+00:00,-0.00022882838865924716,-0.00017403386811130195,0.5,0.75,-0.25,1.25,0.4544087822332293,0.0,0.0,0.0,0.0,5.479452054794521e-05,18716.83561950149,-0.026479400930399022,transition,54,False
2024-10-07 00:00:00+00:00,-0.0016607424740551202,-0.001605947953507175,0.5,0.75,-0.25,1.25,0.45578822351428583,0.0,0.0,0.0,0.0,5.479452054794521e-05,18685.751775608274,-0.02809616793864156,transition,55,False
2024-10-08 00:00:00+00:00,-0.001979795005460248,-0.0019250004849123026,0.5,0.75,-0.25,1.25,0.4557012706999344,0.0,0.0,0.0,0.0,5.479452054794521e-05,18648.757817569658,-0.030020338291144144,transition,56,False
2024-10-09 00:00:00+00:00,-0.0009854339573857201,-0.000930639436837775,0.5,0.75,-0.25,1.25,0.4526375359162982,0.0,0.0,0.0,0.0,5.479452054794521e-05,18630.38069835316,-0.030976189187765568,transition,57,False
2024-10-10 00:00:00+00:00,7.480161236204629e-05,0.0001295961329099915,0.5,0.75,-0.25,1.25,0.45937764344089704,0.07642311356269815,0.0,0.0,0.0,5.479452054794521e-05,18631.774280868318,-0.03090370464429959,transition,58,False
2024-10-11 00:00:00+00:00,0.00011448800128202984,0.00016928252182997505,0.5,0.75,-0.25,1.25,0.4673203398493877,0.0,0.0,0.0,0.0,5.479452054794521e-05,18633.90739546607,-0.030792754746394535,transition,59,False
2024-10-12 00:00:00+00:00,-0.0012716530117602952,-0.00121685849121235,0.5,0.75,-0.25,1.25,0.47215976093537404,0.0,0.0,0.0,0.0,5.479452054794521e-05,18610.211531005763,-0.03202525005884127,transition,60,False
2024-10-13 00:00:00+00:00,-0.0006740968234945818,-0.0006193023029466366,0.5,0.75,-0.25,1.25,0.46912085787258645,0.0,0.0,0.0,0.0,5.479452054794521e-05,18597.66644652815,-0.0326777587629995,transition,61,True
2024-10-14 00:00:00+00:00,0.00528199831658568,0.005336792837133625,0.5,0.75,-0.25,1.25,0.4860408348736467,0.0,0.0,0.0,0.0,5.479452054794521e-05,18695.899289391135,-0.027568364313189764,transition,62,True
2024-10-15 00:00:00+00:00,0.0020351972546634547,0.0020899917752114,0.5,0.75,-0.25,1.25,0.48402548677761154,0.0,0.0,0.0,0.0,5.479452054794521e-05,18733.94913229837,-0.025589274117891914,transition,63,False
2024-10-16 00:00:00+00:00,-0.0023210152143837703,-0.002266220693835825,0.5,0.75,-0.25,1.25,0.4902583033165233,0.0,0.0,0.0,0.0,5.479452054794521e-05,18690.46735133681,-0.02785089623772319,transition,64,False
2024-10-17 00:00:00+00:00,-0.0005475054036288701,-0.0004927108830809249,0.5,0.75,-0.25,1.25,0.5283947013577748,0.30777230990812143,0.0,0.0,0.0,5.479452054794521e-05,18680.234219465605,-0.02838315312516604,transition,65,False
2024-10-18 00:00:00+00:00,0.0014873142510523048,0.00154210877160025,0.5,0.75,-0.25,1.25,0.5314657073865173,0.0,0.0,0.0,0.0,5.479452054794521e-05,18708.01759803321,-0.026938053542246654,transition,66,False
2024-10-19 00:00:00+00:00,0.0034772972292087794,0.003532091749756725,0.5,0.75,-0.25,1.25,0.5327153839859349,0.0,0.0,0.0,0.0,5.479452054794521e-05,18773.07093579084,-0.02355442793198048,transition,67,False
2024-10-20 00:00:00+00:00,-0.0020965969945330454,-0.0020418024739851,0.5,0.75,-0.25,1.25,0.5367757478175434,0.0,0.0,0.0,0.0,5.479452054794521e-05,18733.711371688707,-0.025601640783703417,transition,68,True
2024-10-21 00:00:00+00:00,-0.0021616386499626952,-0.00210684412941475,0.5,0.75,-0.25,1.25,0.5331171957662975,0.0,0.0,0.0,0.0,5.479452054794521e-05,18693.215857130417,-0.027707937937445748,transition,69,True
2024-10-22 00:00:00+00:00,-0.0008354021125235793,-0.0007806075919756341,0.5,0.75,-0.25,1.25,0.5288136639343635,0.0,0.0,0.0,0.0,5.479452054794521e-05,18677.599505113514,-0.028520192780082554,transition,70,False
2024-10-23 00:00:00+00:00,0.0018129202058345048,0.00186771472638245,0.5,0.75,-0.25,1.25,0.520072107635122,0.0,0.0,0.0,0.0,5.479452054794521e-05,18711.46050265282,-0.026758977408013362,transition,71,False
2024-10-24 00:00:00+00:00,-0.0007012375546148202,-0.000646443034066875,0.5,0.75,-0.25,1.25,0.47756740823546057,0.19968813392295479,0.0,0.0,0.0,5.479452054794521e-05,18698.339323846667,-0.027441450562746494,transition,72,False
2024-10-25 00:00:00+00:00,0.00030397017201432984,0.0003587646925622751,0.5,0.75,-0.25,1.25,0.4664178272404994,0.0,0.0,0.0,0.0,5.479452054794521e-05,18704.023061267315,-0.027145821773180256,transition,73,False
2024-10-26 00:00:00+00:00,-0.0027672163012921955,-0.00271242178074425,0.5,0.75,-0.25,1.25,0.4648023950245312,0.0,0.0,0.0,0.0,5.479452054794521e-05,18652.264983752433,-0.029837919713949668,transition,74,False
2024-10-27 00:00:00+00:00,0.000874017108652705,0.0009288116292006502,0.5,0.75,-0.25,1.25,0.47187555494370825,0.0,0.0,0.0,0.0,5.479452054794521e-05,18668.567382463356,-0.028989981457613556,transition,75,False
2024-10-28 00:00:00+00:00,-0.0021907081203500454,-0.0021359135998021,0.5,0.75,-0.25,1.25,0.47741004590913344,0.0,0.0,0.0,0.0,5.479452054794521e-05,18627.670000303293,-0.031117180990175575,transition,76,False
2024-10-29 00:00:00+00:00,-0.002196487046695321,-0.0021416925261473754,0.5,0.75,-0.25,1.25,0.49168193627645196,0.0,0.0,0.0,0.0,5.479452054794521e-05,18586.75456443751,-0.03324531955189636,transition,77,False
2024-10-30 00:00:00+00:00,-0.0028673970748001204,-0.002812602554252175,0.5,0.75,-0.25,1.25,0.4909478638661204,0.0,0.0,0.0,0.0,5.479452054794521e-05,18533.458958769414,-0.036017389094662566,transition,78,False
2024-10-31 00:00:00+00:00,0.00129317791444398,0.001347972434991925,0.5,0.75,-0.25,1.25,0.4612512024349272,0.2738502544845011,0.0,0.0,0.0,5.479452054794521e-05,18557.42601857315,-0.03477078807233169,transition,79,False
2024-11-01 00:00:00+00:00,5.554742906535481e-05,0.00011034194961330001,0.5,0.75,-0.25,1.25,0.45646503819178674,0.0,0.0,0.0,0.0,5.479452054794521e-05,18558.45683587855,-0.03471717207115044,transition,80,False
2024-11-02 00:00:00+00:00,-0.00019246173577764522,-0.0001376672152297,0.5,0.75,-0.25,1.25,0.453847347560569,0.0,0.0,0.0,0.0,5.479452054794521e-05,18554.885043062564,-0.03490295207972993,transition_2,1,False
2024-11-03 00:00:00+00:00,0.0010179755610582046,0.0010727700816061498,0.5,0.75,-0.25,1.25,0.4437885071576893,0.0,0.0,0.0,0.0,5.479452054794521e-05,18573.773462574645,-0.03392050687089765,transition,1,False
2024-11-04 00:00:00+00:00,-0.00046216497349564514,-0.0004073704529476999,0.5,0.75,-0.25,1.25,0.442161124587371,0.0,0.0,0.0,0.0,5.479452054794521e-05,18565.189315054602,-0.034366994974234344,transition,2,False
2024-11-05 00:00:00+00:00,0.001151480997062155,0.0012062755176101,0.5,0.75,-0.25,1.25,0.4443112477070977,0.0,0.0,0.0,0.0,5.479452054794521e-05,18586.566777757747,-0.03325508691881118,transition,3,False
2024-11-06 00:00:00+00:00,-0.0033780085529708705,-0.003323214032422925,0.5,0.75,-0.25,1.25,0.4722677031506468,0.0,0.0,0.0,0.0,5.479452054794521e-05,18523.781196212116,-0.03652075950374056,transition,4,False
2024-11-07 00:00:00+00:00,0.0002762364464276802,0.0003310309669756254,0.5,0.75,-0.25,1.25,0.47484714845459086,0.1061880260183334,0.0,0.0,0.0,5.479452054794521e-05,18528.89813970416,-0.03625461142213915,transition_2,1,False
2024-11-08 00:00:00+00:00,0.00097451018869433,0.0010293047092422751,0.5,0.75,-0.25,1.25,0.4823369087028123,0.0,0.0,0.0,0.0,5.479452054794521e-05,18546.954739726585,-0.03531543172166263,transition_2,2,False
2024-11-09 00:00:00+00:00,-0.00306000037617322,-0.0030052058556252746,0.5,0.75,-0.25,1.25,0.49499957597807165,0.0,0.0,0.0,0.0,5.479452054794521e-05,18490.201051246153,-0.038267366863482866,transition_2,3,False
2024-11-10 00:00:00+00:00,-0.0012382608721534444,-0.0011834663516054993,0.5,0.75,-0.25,1.25,0.5365090401887693,0.0,0.0,0.0,0.0,5.479452054794521e-05,18467.305358766145,-0.03945824275256893,transition_2,4,False
2024-11-11 00:00:00+00:00,-0.010381176892263248,-0.010326382371715303,0.5,0.75,-0.25,1.25,0.5707949905010168,0.0,0.0,0.0,0.0,5.479452054794521e-05,18275.592995113355,-0.04942979664695979,transition_2,5,False
2024-11-12 00:00:00+00:00,-0.01507214059672112,-0.015017346076173175,0.5,0.75,-0.25,1.25,0.5592628011558589,0.05318704879630385,0.0,0.0,0.0,5.479452054794521e-05,18000.140688002553,-0.06375692439895064,transition_2,6,False
2024-11-13 00:00:00+00:00,0.0016685499472803803,0.0017233444678283255,0.5,0.75,-0.25,1.25,0.544044300158275,0.0,0.0,0.0,0.0,5.479452054794521e-05,18030.174821798562,-0.062194756064514745,transition_2,7,False
2024-11-14 00:00:00+00:00,0.002512657434383405,0.0025674519549313502,0.5,0.75,-0.25,1.25,0.4558974131183375,0.40815254128152206,0.0,0.0,0.0,5.479452054794521e-05,18075.478474607786,-0.05983837274633663,transition_2,8,False
2024-11-15 00:00:00+00:00,-0.0003613501159368702,-0.00030655559538892503,0.5,0.75,-0.25,1.25,0.47562737208085054,0.0,0.0,0.0,0.0,5.479452054794521e-05,18068.94689836537,-0.060178100259344114,transition_2,9,True
2024-11-16 00:00:00+00:00,-0.00223659399739087,-0.0021817994768429244,0.5,0.75,-0.25,1.25,0.4924727101676972,0.0555685977639239,0.0,0.0,0.0,5.479452054794521e-05,18028.534000193315,-0.0622801002789205,rotation,1,True
2024-11-17 00:00:00+00:00,-0.001869437685585245,-0.0018146431650373,0.5,0.75,-0.25,1.25,0.4587742861753484,0.0,0.0,0.0,0.0,5.479452054794521e-05,17994.830779317497,-0.06403310919798233,rotation,2,False
2024-11-18 00:00:00+00:00,-0.00042442229336200367,-0.0003696277728140585,0.5,0.75,-0.25,1.25,0.472879761516426,0.0,0.0,0.0,0.0,5.479452054794521e-05,17987.19337196948,-0.0644303544122874,rotation,3,False
2024-11-19 00:00:00+00:00,-6.976672619469509e-05,-1.4972205646749878e-05,0.5,0.75,-0.25,1.25,0.4685063671195761,0.0,0.0,0.0,0.0,5.479452054794521e-05,17985.938464374485,-0.06449562604358716,rotation,4,False
2024-11-20 00:00:00+00:00,0.0017329038244167053,0.0017876983449646505,0.5,0.75,-0.25,1.25,0.46386312097720916,0.0,0.0,0.0,0.0,5.479452054794521e-05,18017.106365925123,-0.06287448693619957,rotation,5,False
2024-11-21 00:00:00+00:00,-0.00755989445646852,-0.007505099935920575,0.5,0.75,-0.25,1.25,0.5002775356989888,0.16208726938395127,0.0,0.0,0.0,5.479452054794521e-05,17880.89894338776,-0.06995905690742588,rotation,6,False
2024-11-22 00:00:00+00:00,0.0023905776042025795,0.002445372124750525,0.5,0.75,-0.25,1.25,0.5306535436430938,0.0,0.0,0.0,0.0,5.479452054794521e-05,17923.644619944833,-0.06773572185787735,rotation,7,True
2024-11-23 00:00:00+00:00,0.0011467935104685799,0.001201588031016525,0.5,0.75,-0.25,1.25,0.5048049353510059,0.0516351210971514,0.0,0.0,0.0,5.479452054794521e-05,17944.199339278926,-0.06666660723366247,rotation,8,True
2024-11-24 00:00:00+00:00,0.005531405668191854,0.005586200188739799,0.5,0.75,-0.25,1.25,0.4944924575262404,0.0,0.0,0.0,0.0,5.479452054794521e-05,18043.45598521538,-0.06150396161460203,rotation,9,True
2024-11-25 00:00:00+00:00,-0.007925244098771395,-0.00787044957822345,0.5,0.75,-0.25,1.25,0.48668914596506796,0.0,0.0,0.0,0.0,5.479452054794521e-05,17900.45719214711,-0.0689417718045362,rotation,10,True
2024-11-26 00:00:00+00:00,0.0004322185033265049,0.00048701302387445006,0.5,0.75,-0.25,1.25,0.4708017195127356,0.0,0.0,0.0,0.0,5.479452054794521e-05,17908.194100963563,-0.06853935121063559,rotation,11,True
2024-11-27 00:00:00+00:00,-0.004083237927194771,-0.004028443406646825,0.5,0.75,-0.25,1.25,0.4933484347686114,0.0,0.0,0.0,0.0,5.479452054794521e-05,17835.070683602942,-0.07234272665946184,rotation,12,True
2024-11-28 00:00:00+00:00,-0.005031668712317571,-0.004976874191769625,0.5,0.75,-0.25,1.25,0.5474945275794205,0.6456866746334198,0.0,0.0,0.0,5.479452054794521e-05,17745.330516462283,-0.07701039073748328,rotation,13,True
2024-11-29 00:00:00+00:00,-0.006860074856315696,-0.006805280335767751,0.5,0.75,-0.25,1.25,0.5729576883873333,0.0,0.0,0.0,0.0,5.479452054794521e-05,17623.59622076929,-0.08334216854862564,rotation,14,True
2024-11-30 00:00:00+00:00,-0.0011555304287572449,-0.0011007359082092997,0.5,0.75,-0.25,1.25,0.5873905809451652,0.0,0.0,0.0,0.0,5.479452054794521e-05,17603.231619072056,-0.08440139456562656,rotation,15,True
2024-12-01 00:00:00+00:00,-0.011424154183153021,-0.011369359662605076,0.5,0.75,-0.25,1.25,0.6054138228808268,0.0,0.0,0.0,0.0,5.479452054794521e-05,17402.129586934025,-0.09486133420398857,rotation,16,True
2024-12-02 00:00:00+00:00,-0.005959135603529647,-0.005904341082981702,0.5,0.75,-0.25,1.25,0.5953563592204869,0.05208850032877465,0.0,0.0,0.0,5.479452054794521e-05,17298.427936935288,-0.10025517825346497,rotation,17,True
2024-12-03 00:00:00+00:00,-0.014494516384308868,-0.014439721863760923,0.5,0.75,-0.25,1.25,0.6691683727904021,0.0,0.0,0.0,0.0,5.479452054794521e-05,17047.695589780593,-0.1132965443139673,rotation,18,True
2024-12-04 00:00:00+00:00,0.014456607083230953,0.014511401603778899,0.5,0.75,-0.25,1.25,0.6495032856674892,0.0,0.0,0.0,0.0,5.479452054794521e-05,17294.14742659658,-0.10047782085577117,speculative_risk_on,1,True
2024-12-05 00:00:00+00:00,0.0010299164795079298,0.001084711000055875,0.5,0.75,-0.25,1.25,0.5023568685503066,0.3317544430594932,0.0,0.0,0.0,5.479452054794521e-05,17311.958954030277,-0.09955138813978737,speculative_risk_on,2,True
2024-12-06 00:00:00+00:00,-0.00430373909501252,-0.004248944574464575,0.5,0.75,-0.25,1.25,0.5043024117265124,0.0,0.0,0.0,0.0,5.479452054794521e-05,17237.452799468563,-0.10342668403370003,speculative_risk_on,3,True
2024-12-07 00:00:00+00:00,-0.0032471398051393706,-0.003192345284591425,0.5,0.75,-0.25,1.25,0.5123395631696028,0.0,0.0,0.0,0.0,5.479452054794521e-05,17181.480380344197,-0.1063379829362,speculative_risk_on,4,True
2024-12-08 00:00:00+00:00,-0.00015820516860151995,-0.00010341064805357474,0.5,0.75,-0.25,1.25,0.5142186949148785,0.0,0.0,0.0,0.0,5.479452054794521e-05,17178.7621813438,-0.10647936488628229,speculative_risk_on,5,True
2024-12-09 00:00:00+00:00,0.004611496839796331,0.0046662913603442765,0.5,0.75,-0.25,1.25,0.47113256224544225,0.0,0.0,0.0,0.0,5.479452054794521e-05,17257.98198885468,-0.10235889730116265,speculative_risk_on,6,True
2024-12-10 00:00:00+00:00,-0.0070828995791047955,-0.00702810505855685,0.5,0.75,-0.25,1.25,0.44433028752255255,0.0,0.0,0.0,0.0,5.479452054794521e-05,17135.745435489625,-0.10871679908965537,speculative_risk_on,7,True
2024-12-11 00:00:00+00:00,0.0016789073404996798,0.001733701861047625,0.5,0.75,-0.25,1.25,0.4671917842529696,0.0,0.0,0.0,0.0,5.479452054794521e-05,17164.514764286207,-0.10722041718118269,speculative_risk_on,8,True
2024-12-12 00:00:00+00:00,-0.005861330727662945,-0.005806536207115,0.5,0.75,-0.25,1.25,0.5585848318266957,0.43947216897992747,0.0,0.0,0.0,5.479452054794521e-05,17063.90786647287,-0.11245329358298883,speculative_risk_on,9,True
2024-12-13 00:00:00+00:00,-0.00195807891908742,-0.001903284398539475,0.5,0.75,-0.25,1.25,0.5605140957854045,0.0,0.0,0.0,0.0,5.479452054794521e-05,17030.495388202282,-0.11419118007852935,speculative_risk_on,10,True
2024-12-14 00:00:00+00:00,0.008685324132327329,0.008740118652875275,0.5,0.75,-0.25,1.25,0.5504241221441198,0.0,0.0,0.0,0.0,5.479452054794521e-05,17178.41076078292,-0.10649764335823719,speculative_risk_on,11,True
2024-12-15 00:00:00+00:00,-0.002455955628943145,-0.0024011611083951997,0.5,0.75,-0.25,1.25,0.5566603898543339,0.0,0.0,0.0,0.0,5.479452054794521e-05,17136.221346178678,-0.10869204550050549,speculative_risk_on,12,True
2024-12-16 00:00:00+00:00,0.0031183114901915045,0.00317310601073945,0.5,0.75,-0.25,1.25,0.5570733470369962,0.0,0.0,0.0,0.0,5.479452054794521e-05,17189.657422100932,-0.1059126696646906,rotation,1,True
2024-12-17 00:00:00+00:00,-0.004521645201767171,-0.004466850681219226,0.5,0.75,-0.25,1.25,0.5660878129696402,0.0,0.0,0.0,0.0,5.479452054794521e-05,17111.93189009827,-0.10995541535186204,speculative_risk_on,1,True
2024-12-18 00:00:00+00:00,0.014130378168826405,0.01418517268937435,0.5,0.75,-0.25,1.25,0.5241737072543953,0.0,0.0,0.0,0.0,5.479452054794521e-05,17353.729958904558,-0.09737874878366781,speculative_risk_on,2,True
2024-12-19 00:00:00+00:00,0.008062923735820704,0.00811771825636865,0.5,0.75,-0.25,1.25,0.5086548400506992,0.09711998384757031,0.0,0.0,0.0,5.479452054794521e-05,17493.651760095232,-0.09010098247277953,rotation,1,True
2024-12-20 00:00:00+00:00,-0.005068978218588595,-0.00501418369804065,0.5,0.75,-0.25,1.25,0.5017812672652194,0.0,0.0,0.0,0.0,5.479452054794521e-05,17404.976820359734,-0.09471324077374021,rotation,2,True
2024-12-21 00:00:00+00:00,0.0036549492128569545,0.0037097437334049,0.5,0.75,-0.25,1.25,0.5022782679892996,0.0,0.0,0.0,0.0,5.479452054794521e-05,17468.591126689105,-0.09140446364569621,rotation,3,True
2024-12-22 00:00:00+00:00,-0.00121263322312012,-0.001157838702572175,0.5,0.75,-0.25,1.25,0.49182799144521494,0.0,0.0,0.0,0.0,5.479452054794521e-05,17447.408132727778,-0.09250625677945812,rotation,4,True
2024-12-23 00:00:00+00:00,-0.00679683588890587,-0.006742041368357925,0.5,0.75,-0.25,1.25,0.5066325222297885,0.0,0.0,0.0,0.0,5.479452054794521e-05,17328.820962962865,-0.09867434282233711,rotation,5,True
2024-12-24 00:00:00+00:00,0.0008424198804758548,0.0008972144010238,0.5,0.75,-0.25,1.25,0.5210536088561851,0.0,0.0,0.0,0.0,5.479452054794521e-05,17343.419106247275,-0.09791504816994756,transition_2,1,True
2024-12-25 00:00:00+00:00,0.0031529360067485295,0.003207730527296475,0.5,0.75,-0.25,1.25,0.5224807398349145,0.0,0.0,0.0,0.0,5.479452054794521e-05,17398.101796827494,-0.09507083204417643,transition_2,2,False
2024-12-26 00:00:00+00:00,0.0026591601704391296,0.002713954690987075,0.5,0.75,-0.25,1.25,0.47112004892432735,0.5611465734349548,0.0,0.0,0.0,5.479452054794521e-05,17444.36613616686,-0.09266448044367981,transition_2,3,False
2024-12-27 00:00:00+00:00,0.0011237583865988797,0.001178552907146825,0.5,0.75,-0.25,1.25,0.46862935399369854,0.0,0.0,0.0,0.0,5.479452054794521e-05,17463.96938891128,-0.09164485454411941,transition_2,4,False
2024-12-28 00:00:00+00:00,-0.0011787084027588704,-0.0011239138822109252,0.5,0.75,-0.25,1.25,0.4739975006424851,0.0,0.0,0.0,0.0,5.479452054794521e-05,17443.384461447044,-0.09271554038675756,transition_2,5,False
2024-12-29 00:00:00+00:00,0.0025051001318837293,0.0025598946524316747,0.5,0.75,-0.25,1.25,0.46668127000579707,0.0,0.0,0.0,0.0,5.479452054794521e-05,17487.081886161912,-0.09044270196732451,transition_2,6,False
2024-12-30 00:00:00+00:00,-0.0004270384849618202,-0.000372243964413875,0.5,0.75,-0.25,1.25,0.46386344195855816,0.0,0.0,0.0,0.0,5.479452054794521e-05,17479.614229206843,-0.09083111793786225,transition_2,7,False
2024-12-31 00:00:00+00:00,-0.0012232772228204702,-0.001168482702272525,0.5,0.75,-0.25,1.25,0.4660847570386849,0.0,0.0,0.0,0.0,5.479452054794521e-05,17458.231815256568,-0.09194328352298597,transition_2,8,False
2025-01-01 00:00:00+00:00,-0.0023142790999920704,-0.002259484579444125,0.5,0.75,-0.25,1.25,0.47323589109546516,0.0,0.0,0.0,0.0,5.479452054794521e-05,17417.828594243703,-0.09404478020353613,transition_2,9,False
2025-01-02 00:00:00+00:00,0.002308263157164505,0.0023630576777124504,0.5,0.75,-0.25,1.25,0.39361463555861875,0.2821990127748644,0.0,0.0,0.0,5.479452054794521e-05,17458.0335262656,-0.09195359714763907,transition_2,10,False
2025-01-03 00:00:00+00:00,-0.003525748343796046,-0.0034709538232481005,0.5,0.75,-0.25,1.25,0.40366795315321047,0.0,0.0,0.0,0.0,5.479452054794521e-05,17396.480893474436,-0.09515514024858573,transition_2,11,False
2025-01-04 00:00:00+00:00,0.0013375014064653799,0.001392295927013325,0.5,0.75,-0.25,1.25,0.4067514897514903,0.0,0.0,0.0,0.0,5.479452054794521e-05,17419.748711137006,-0.09394490897603514,transition_2,12,False
2025-01-05 00:00:00+00:00,-0.0006178989291223951,-0.0005631044085744499,0.5,0.75,-0.25,1.25,0.40404743237727747,0.0,0.0,0.0,0.0,5.479452054794521e-05,17408.985067062815,-0.09450475944650472,transition_2,13,False
2025-01-06 00:00:00+00:00,-0.0011838737307385703,-0.0011290792101906252,0.5,0.75,-0.25,1.25,0.41205520280635366,0.0,0.0,0.0,0.0,5.479452054794521e-05,17388.3750269631,-0.0955767514751048,transition_2,14,False
2025-01-07 00:00:00+00:00,0.0017566952248380299,0.001811489745385975,0.5,0.75,-0.25,1.25,0.3950707613363609,0.0,0.0,0.0,0.0,5.479452054794521e-05,17418.921102340657,-0.09398795547318872,transition_2,15,False
2025-01-08 00:00:00+00:00,0.0027164821210360047,0.00277127664158395,0.5,0.75,-0.25,1.25,0.37969348566478234,0.0,0.0,0.0,0.0,5.479452054794521e-05,17466.2392900829,-0.0915267899527884,transition_2,16,False
2025-01-09 00:00:00+00:00,-0.005724587744928896,-0.005669793224380951,0.5,0.75,-0.25,1.25,0.44793607842310934,0.24392393883450803,0.0,0.0,0.0,5.479452054794521e-05,17366.252270692898,-0.09672742455762084,transition_2,17,False
2025-01-10 00:00:00+00:00,0.0011507841470837297,0.0012055786676316749,0.5,0.75,-0.25,1.25,0.4530904220954455,0.0,0.0,0.0,0.0,5.479452054794521e-05,17386.237078500268,-0.09568795279730624,transition_2,18,False
2025-01-11 00:00:00+00:00,-0.0003701199197676952,-0.00031532539921974996,0.5,0.75,-0.25,1.25,0.45444824850006305,0.0,0.0,0.0,0.0,5.479452054794521e-05,17379.802085827712,-0.09602265669966181,transition_2,19,False
2025-01-12 00:00:00+00:00,0.0034091574598658298,0.003463951980413775,0.5,0.75,-0.25,1.25,0.4511837358479579,0.0,0.0,0.0,0.0,5.479452054794521e-05,17439.0525677596,-0.09294085559619991,transition_2,20,False
2025-01-13 00:00:00+00:00,0.0012427111321953548,0.0012975056527433,0.5,0.75,-0.25,1.25,0.4373074617078502,0.0,0.0,0.0,0.0,5.479452054794521e-05,17460.7242725205,-0.09181364309988949,transition_2,21,False
2025-01-14 00:00:00+00:00,-0.0008408513178796202,-0.000786056797331675,0.5,0.75,-0.25,1.25,0.45091128318048335,0.0,0.0,0.0,0.0,5.479452054794521e-05,17446.04239950482,-0.09257729279496918,transition_2,22,False
2025-01-15 00:00:00+00:00,-0.00320428584840517,-0.003149491327857225,0.5,0.75,-0.25,1.25,0.47764187079381115,0.0,0.0,0.0,0.0,5.479452054794521e-05,17390.140292733406,-0.09548493453418794,transition_2,23,False
2025-01-16 00:00:00+00:00,-0.007779613921301071,-0.007724819400753126,0.5,0.75,-0.25,1.25,0.5012676509192069,0.25926145192459865,0.0,0.0,0.0,5.479452054794521e-05,17254.85171521868,-0.10252171252951225,transition_2,24,False
2025-01-17 00:00:00+00:00,-0.0058321445521208205,-0.005777350031572875,0.5,0.75,-0.25,1.25,0.5259394222614071,0.0,0.0,0.0,0.0,5.479452054794521e-05,17154.218925790115,-0.10775593563442998,transition_2,25,False
2025-01-18 00:00:00+00:00,0.007028937942331279,0.007083732462879224,0.5,0.75,-0.25,1.25,0.5085534740099943,0.0,0.0,0.0,0.0,5.479452054794521e-05,17274.794866068656,-0.10148440747659104,transition_2,26,False
2025-01-19 00:00:00+00:00,0.0030727470528285044,0.00312754157337645,0.5,0.75,-0.25,1.25,0.4873957546354575,0.0,0.0,0.0,0.0,5.479452054794521e-05,17327.875941081584,-0.09872349633774435,transition_2,27,False
2025-01-20 00:00:00+00:00,-0.0017082731271523953,-0.0016534786066044502,0.5,0.75,-0.25,1.25,0.4915476958128342,0.0,0.0,0.0,0.0,5.479452054794521e-05,17298.275196260805,-0.10026312276908445,transition_2,28,False
2025-01-21 00:00:00+00:00,0.0011341309659751299,0.001188925486523075,0.5,0.75,-0.25,1.25,0.49592686701261535,0.0,0.0,0.0,0.0,5.479452054794521e-05,17317.893705818846,-0.09924270331538698,transition_2,29,False
2025-01-22 00:00:00+00:00,-0.0004914653182259952,-0.00043667079767805003,0.5,0.75,-0.25,1.25,0.4950834332183094,0.0,0.0,0.0,0.0,5.479452054794521e-05,17309.38256167771,-0.09968539428684653,transition_2,30,False
2025-01-23 00:00:00+00:00,0.0014780902884786549,0.0015328848090266,0.5,0.75,-0.25,1.25,0.4800576178426261,0.16270705276107952,0.0,0.0,0.0,5.479452054794521e-05,17334.967391941685,-0.09835464801156657,transition_2,31,False
2025-01-24 00:00:00+00:00,0.0009734790623195048,0.00102827358286745,0.5,0.75,-0.25,1.25,0.4835658188201132,0.0,0.0,0.0,0.0,5.479452054794521e-05,17351.842619743733,-0.09747691513976808,transition_2,32,False
2025-01-25 00:00:00+00:00,-0.0008772618600967701,-0.0008224673395488249,0.5,0.75,-0.25,1.25,0.4844626512284719,0.0,0.0,0.0,0.0,5.479452054794521e-05,17336.62051001103,-0.09826866421997282,transition_2,33,False
2025-01-26 00:00:00+00:00,0.0024110572421964043,0.0024658517627443497,0.5,0.75,-0.25,1.25,0.4765612984443237,0.0,0.0,0.0,0.0,5.479452054794521e-05,17378.420094446905,-0.09609453835232484,transition_2,34,False
2025-01-27 00:00:00+00:00,-0.00013692797372779527,-8.213345317985006e-05,0.5,0.75,-0.25,1.25,0.4616545233909294,0.0,0.0,0.0,0.0,5.479452054794521e-05,17376.04050259678,-0.09621830829562983,transition_2,35,False
2025-01-28 00:00:00+00:00,0.002919925758336675,0.0029747202788846204,0.5,0.75,-0.25,1.25,0.46040470816817086,0.0,0.0,0.0,0.0,5.479452054794521e-05,17426.77725083822,-0.09357933285410891,transition_2,36,False
2025-01-29 00:00:00+00:00,-0.0009892316442379953,-0.00093443712369005,0.5,0.75,-0.25,1.25,0.4625402585999716,0.0,0.0,0.0,0.0,5.479452054794521e-05,17409.5381313246,-0.09447599286104114,transition_2,37,False
2025-01-30 00:00:00+00:00,-0.006410843115091595,-0.00635604859454365,0.5,0.75,-0.25,1.25,0.49371056383270095,0.1043164993843554,0.0,0.0,0.0,5.479452054794521e-05,17297.928313658475,-0.10028116520775798,transition_2,38,False
2025-01-31 00:00:00+00:00,-0.00258428678856157,-0.0025294922680136247,0.5,0.75,-0.25,1.25,0.49356638569474176,0.0,0.0,0.0,0.0,5.479452054794521e-05,17253.225506048002,-0.10260629670593158,transition_2,39,False
2025-02-01 00:00:00+00:00,0.0078025815224440544,0.007857376042992,0.5,0.75,-0.25,1.25,0.4759773227252726,0.0,0.0,0.0,0.0,5.479452054794521e-05,17387.845204584053,-0.09560430917825158,transition_2,40,False
2025-02-02 00:00:00+00:00,0.00798973609077318,0.008044530611321125,0.5,0.75,-0.25,1.25,0.44408786926466803,0.0,0.0,0.0,0.0,5.479452054794521e-05,17526.769498955895,-0.08837842628695336,transition_2,41,False
2025-02-03 00:00:00+00:00,0.0009252346013804049,0.0009800291219283501,0.5,0.75,-0.25,1.25,0.4267176661964408,0.0,0.0,0.0,0.0,5.479452054794521e-05,17542.98587254675,-0.08753496246358916,deleveraging,1,False
2025-02-04 00:00:00+00:00,0.004453073962029429,0.004507868482577375,0.5,0.75,-0.25,1.25,0.41872864428242407,0.0,0.0,0.0,0.0,5.479452054794521e-05,17621.106086152035,-0.08347168816367367,deleveraging,2,False
2025-02-05 00:00:00+00:00,0.0018683982486847048,0.00192319276923265,0.5,0.75,-0.25,1.25,0.4113439981711002,0.0,0.0,0.0,0.0,5.479452054794521e-05,17654.02932990329,-0.0817592482709687,deleveraging,3,False
2025-02-06 00:00:00+00:00,0.00022269086954968006,0.00027748539009762527,0.5,0.75,-0.25,1.25,0.3932742514375257,0.250809959573411,0.0,0.0,0.0,5.479452054794521e-05,17657.960721045823,-0.08155476443951004,deleveraging,4,False
2025-02-07 00:00:00+00:00,-0.0021237376124999454,-0.002068943091952,0.5,0.75,-0.25,1.25,0.39400699956207946,0.0,0.0,0.0,0.0,5.479452054794521e-05,17620.45984570249,-0.08350530113129129,deleveraging,5,False
2025-02-08 00:00:00+00:00,-0.00607498036252982,-0.006020185841981875,0.5,0.75,-0.25,1.25,0.39758214094008937,0.0,0.0,0.0,0.0,5.479452054794521e-05,17513.415898161104,-0.08907298842928135,deleveraging,6,False
2025-02-09 00:00:00+00:00,-0.0011299107501602202,-0.001075116229612275,0.5,0.75,-0.25,1.25,0.4033392949836244,0.0,0.0,0.0,0.0,5.479452054794521e-05,17493.627301265744,-0.0901022546522664,deleveraging,7,False
2025-02-10 00:00:00+00:00,0.0008742348662279299,0.000929029386775875,0.5,0.75,-0.25,1.25,0.4072846224943366,0.0,0.0,0.0,0.0,5.479452054794521e-05,17508.920840189305,-0.08930679031858146,deleveraging,8,False
2025-02-11 00:00:00+00:00,-0.0022308249971728705,-0.002176030476624925,0.5,0.75,-0.25,1.25,0.41338957052437497,0.0,0.0,0.0,0.0,5.479452054794521e-05,17469.86150190549,-0.09133838749549439,transition,1,False
2025-02-12 00:00:00+00:00,-0.005933248005148946,-0.0058784534846010005,0.5,0.75,-0.25,1.25,0.42225952565619596,0.0,0.0,0.0,0.0,5.479452054794521e-05,17366.20848099908,-0.09672970219524202,transition,2,False
2025-02-13 00:00:00+00:00,0.0026620588282852296,0.002716853348833175,0.5,0.75,-0.25,1.25,0.48504582249258343,0.28378088771594145,0.0,0.0,0.0,5.479452054794521e-05,17412.438349599768,-0.09432514352464294,transition,3,False
2025-02-14 00:00:00+00:00,-0.00012867191241999518,-7.387739187204997e-05,0.5,0.75,-0.25,1.25,0.4840965265871905,0.0,0.0,0.0,0.0,5.479452054794521e-05,17410.19785785743,-0.09444167844045637,transition,4,False
2025-02-15 00:00:00+00:00,0.0010205407339040796,0.0010753352544520247,0.5,0.75,-0.25,1.25,0.4813126195605235,0.0,0.0,0.0,0.0,5.479452054794521e-05,17427.965673956704,-0.09351751928637897,transition,5,False
2025-02-16 00:00:00+00:00,-0.0020164467313966454,-0.0019616522108487,0.5,0.75,-0.25,1.25,0.48014195134881427,0.0,0.0,0.0,0.0,5.479452054794521e-05,17392.823109538564,-0.0953453929216822,transition,6,False
2025-02-17 00:00:00+00:00,0.0004114667623300299,0.0004662612828779751,0.5,0.75,-0.25,1.25,0.47943753067501205,0.0,0.0,0.0,0.0,5.479452054794521e-05,17399.979678151223,-0.09497315761948077,transition,7,False
2025-02-18 00:00:00+00:00,0.00581755461074228,0.005872349131290225,0.5,0.75,-0.25,1.25,0.46680317665087495,0.0,0.0,0.0,0.0,5.479452054794521e-05,17501.205010154674,-0.08970811453974448,deleveraging,1,False
2025-02-19 00:00:00+00:00,0.0013983259241127797,0.001453120444660725,0.5,0.75,-0.25,1.25,0.47036700609390714,0.0,0.0,0.0,0.0,5.479452054794521e-05,17525.677398823584,-0.08843522979779594,deleveraging,2,False
2025-02-20 00:00:00+00:00,-0.0010798593186734202,-0.001025064798125475,0.5,0.75,-0.25,1.25,0.5563573155560582,0.2650155486988919,0.0,0.0,0.0,5.479452054794521e-05,17506.7521327684,-0.0894195915094732,deleveraging,3,False
2025-02-21 00:00:00+00:00,0.00143635203172918,0.0014911465522771251,0.5,0.75,-0.25,1.25,0.5491636018994599,0.0,0.0,0.0,0.0,5.479452054794521e-05,17531.897991763282,-0.08811167748968496,transition_2,1,False
2025-02-22 00:00:00+00:00,-0.0033874692607273704,-0.003332674740179425,0.5,0.75,-0.25,1.25,0.5527604520024961,0.0,0.0,0.0,0.0,5.479452054794521e-05,17472.509226233975,-0.09120067115140496,transition_2,2,False
2025-02-23 00:00:00+00:00,0.0037821772365164543,0.0038369717570643997,0.5,0.75,-0.25,1.25,0.553799875611164,0.0,0.0,0.0,0.0,5.479452054794521e-05,17538.593352894262,-0.08776343101727235,transition_2,3,False
2025-02-24 00:00:00+00:00,0.004137356849081254,0.0041921513696291995,0.5,0.75,-0.25,1.25,0.5183059969311461,0.0,0.0,0.0,0.0,5.479452054794521e-05,17611.15677222611,-0.0839891828006093,transition_2,4,False
2025-02-25 00:00:00+00:00,-0.0025977326992916204,-0.002542938178743675,0.5,0.75,-0.25,1.25,0.5046917149849968,0.0,0.0,0.0,0.0,5.479452054794521e-05,17565.407694406545,-0.0863687340533531,deleveraging,1,False
2025-02-26 00:00:00+00:00,0.0032622031706234294,0.003316997691171375,0.5,0.75,-0.25,1.25,0.49675520309937915,0.0,0.0,0.0,0.0,5.479452054794521e-05,17622.709623080533,-0.08338828324080116,deleveraging,2,True
2025-02-27 00:00:00+00:00,0.0015994471479512547,0.0016542416684991999,0.5,0.75,-0.25,1.25,0.5272178884082958,0.14353120654753784,0.0,0.0,0.0,5.479452054794521e-05,17650.89621572634,-0.08192221124465204,deleveraging,3,False
2025-02-28 00:00:00+00:00,0.005863098604745105,0.005917893125293051,0.5,0.75,-0.25,1.25,0.5204373937012722,0.0,0.0,0.0,0.0,5.479452054794521e-05,17754.38516070127,-0.07653943064235291,deleveraging,4,False
2025-03-01 00:00:00+00:00,-0.0032160648338738704,-0.003161270313325925,0.5,0.75,-0.25,1.25,0.5299613606776575,0.0,0.0,0.0,0.0,5.479452054794521e-05,17697.285906938887,-0.07950933970493312,deleveraging,5,True
2025-03-02 00:00:00+00:00,-0.003188174704901796,-0.0031333801843538506,0.5,0.75,-0.25,1.25,0.5679432843719692,0.0,0.0,0.0,0.0,5.479452054794521e-05,17640.863867664968,-0.08244402474418433,deleveraging,6,False
2025-03-03 00:00:00+00:00,0.011335328966290178,0.011390123486838124,0.5,0.75,-0.25,1.25,0.5320052484532465,0.0,0.0,0.0,0.0,5.479452054794521e-05,17840.82886285449,-0.07204322591967449,deleveraging,7,True
2025-03-04 00:00:00+00:00,-0.0033288287625771705,-0.003274034242029225,0.5,0.75,-0.25,1.25,0.522685792132882,0.0,0.0,0.0,0.0,5.479452054794521e-05,17781.439798587606,-0.07513223511966127,deleveraging,8,True
2025-03-05 00:00:00+00:00,0.014269393710068305,0.01432418823061625,0.5,0.75,-0.25,1.25,0.5497488030149984,0.0,0.0,0.0,0.0,5.479452054794521e-05,18035.17016380553,-0.0619349328528328,deleveraging,9,True
2025-03-06 00:00:00+00:00,-0.0005015456725779203,-0.00044675115202997504,0.5,0.75,-0.25,1.25,0.5379421604890262,0.2624901557757153,0.0,0.0,0.0,5.479452054794521e-05,18026.12470225567,-0.06240541532785682,deleveraging,10,False
2025-03-07 00:00:00+00:00,-0.0031815402769177206,-0.003126745756369775,0.5,0.75,-0.25,1.25,0.5324501447904137,0.0,0.0,0.0,0.0,5.479452054794521e-05,17968.7738604787,-0.06538841026241127,deleveraging,11,False
2025-03-08 00:00:00+00:00,0.0006162685847889049,0.0006710631053368501,0.5,0.75,-0.25,1.25,0.5266752330214647,0.0,0.0,0.0,0.0,5.479452054794521e-05,17979.847451316087,-0.06481243850067653,deleveraging,12,False
2025-03-09 00:00:00+00:00,0.0003338462327405298,0.000388640753288475,0.5,0.75,-0.25,1.25,0.49740969882962105,0.0,0.0,0.0,0.0,5.479452054794521e-05,17985.84995565296,-0.06450022965636415,deleveraging,13,False
2025-03-10 00:00:00+00:00,0.001692351038861455,0.0017471455594094002,0.5,0.75,-0.25,1.25,0.4747814712912207,0.0,0.0,0.0,0.0,5.479452054794521e-05,18016.288327510218,-0.0629170356481683,deleveraging,14,False
2025-03-11 00:00:00+00:00,-0.0007071169772414948,-0.0006523224566935496,0.5,0.75,-0.25,1.25,0.47807565786428274,0.0,0.0,0.0,0.0,5.479452054794521e-05,18003.54870416696,-0.0635796629213452,deleveraging,15,True
2025-03-12 00:00:00+00:00,-0.0023186095870151953,-0.00226381506646725,0.5,0.75,-0.25,1.25,0.484050129611589,0.0,0.0,0.0,0.0,5.479452054794521e-05,17961.80550354118,-0.06575085609237186,deleveraging,16,True
2025-03-13 00:00:00+00:00,-0.00476999496048432,-0.004715200439936375,0.5,0.75,-0.25,1.25,0.5097606082028157,0.08824663459604887,0.0,0.0,0.0,5.479452054794521e-05,17876.127781808093,-0.07020721980064792,deleveraging,17,False
2025-03-14 00:00:00+00:00,-0.00032206447322257023,-0.00026726995267462505,0.5,0.75,-0.25,1.25,0.5191294233031521,0.0,0.0,0.0,0.0,5.479452054794521e-05,17870.37051613078,-0.07050667302260916,deleveraging,18,False
2025-03-15 00:00:00+00:00,-0.0066302677918557455,-0.0065754732713078,0.5,0.75,-0.25,1.25,0.5306570620043055,0.0,0.0,0.0,0.0,5.479452054794521e-05,17751.885174069153,-0.07666946269121211,deleveraging,19,False
2025-03-16 00:00:00+00:00,0.001730922654960555,0.0017857171755085001,0.5,0.75,-0.25,1.25,0.5174839858795836,0.0,0.0,0.0,0.0,5.479452054794521e-05,17782.61231428521,-0.07507124894616735,deleveraging,20,False
2025-03-17 00:00:00+00:00,-0.004011848618508045,-0.0039570540979601,0.5,0.75,-0.25,1.25,0.5308802075134957,0.0,0.0,0.0,0.0,5.479452054794521e-05,17711.271165638682,-0.0787819230783009,deleveraging,21,False
2025-03-18 00:00:00+00:00,0.003707289283125155,0.0037620838036731006,0.5,0.75,-0.25,1.25,0.5341284643185481,0.0,0.0,0.0,0.0,5.479452054794521e-05,17776.931971421574,-0.0753667011743081,deleveraging,22,False
2025-03-19 00:00:00+00:00,0.005387907834062505,0.00544270235461045,0.5,0.75,-0.25,1.25,0.5420953725174473,0.0,0.0,0.0,0.0,5.479452054794521e-05,17872.71244245599,-0.07038486217993012,deleveraging,23,False
2025-03-20 00:00:00+00:00,-0.005971372956708446,-0.0059165784361605005,0.5,0.75,-0.25,1.25,0.39094429135586356,0.46319828294255316,0.0,0.0,0.0,5.479452054794521e-05,17765.987810714083,-0.07593594087405575,deleveraging,24,False
2025-03-21 00:00:00+00:00,-0.0008358095995587452,-0.0007810150790108,0.5,0.75,-0.25,1.25,0.3877442673210573,0.0,0.0,0.0,0.0,5.479452054794521e-05,17751.138827556246,-0.07670828248528039,deleveraging,25,False
2025-03-22 00:00:00+00:00,-0.0006229133624403951,-0.0005681188418924499,0.5,0.75,-0.25,1.25,0.3880741501455186,0.0,0.0,0.0,0.0,5.479452054794521e-05,17740.081405982026,-0.07728341323355081,deleveraging,26,False
2025-03-23 00:00:00+00:00,0.004598093880416005,0.00465288840096395,0.5,0.75,-0.25,1.25,0.38981955186878325,0.0,0.0,0.0,0.0,5.479452054794521e-05,17821.651965732955,-0.07304067574258166,deleveraging,27,False
2025-03-24 00:00:00+00:00,0.001794491371630905,0.00184928589217885,0.5,0.75,-0.25,1.25,0.3950859482884108,0.0,0.0,0.0,0.0,5.479452054794521e-05,17853.632766413673,-0.07137725523334881,deleveraging,28,False
2025-03-25 00:00:00+00:00,-0.0005026866643333702,-0.00044789214378542505,0.5,0.75,-0.25,1.25,0.3966664867720789,0.0,0.0,0.0,0.0,5.479452054794521e-05,17844.65798331209,-0.07184406150333977,deleveraging,29,False
2025-03-26 00:00:00+00:00,-0.0028084668232454457,-0.0027536723026975003,0.5,0.75,-0.25,1.25,0.3960968424836454,0.0,0.0,0.0,0.0,5.479452054794521e-05,17794.541853393795,-0.07445075666340584,deleveraging,30,False
2025-03-27 00:00:00+00:00,-0.00413951135496542,-0.004084716834417475,0.5,0.75,-0.25,1.25,0.4476128509027445,0.1470061936028256,0.0,0.0,0.0,5.479452054794521e-05,17720.881145335265,-0.07828207826577738,deleveraging,31,False
2025-03-28 00:00:00+00:00,-0.00238017637770852,-0.002325381857160575,0.5,0.75,-0.25,1.25,0.4309798493256552,0.0,0.0,0.0,0.0,5.479452054794521e-05,17678.70232264096,-0.08047592948999971,deleveraging,32,False
2025-03-29 00:00:00+00:00,-0.0024676204168548204,-0.002412825896306875,0.5,0.75,-0.25,1.25,0.4201112621949197,0.0,0.0,0.0,0.0,5.479452054794521e-05,17635.07799584611,-0.08274496586017965,deleveraging,33,False
2025-03-30 00:00:00+00:00,0.00118771951254623,0.001242514033094175,0.5,0.75,-0.25,1.25,0.4180176250185046,0.0,0.0,0.0,0.0,5.479452054794521e-05,17656.023522087053,-0.08165552415815047,deleveraging,34,False
2025-03-31 00:00:00+00:00,-0.00261591123477602,-0.0025611167142280747,0.5,0.75,-0.25,1.25,0.41883715267057897,0.0,0.0,0.0,0.0,5.479452054794521e-05,17609.836931794158,-0.08405783178989956,deleveraging,35,False
2025-04-01 00:00:00+00:00,0.006208343433393229,0.0062631379539411745,0.5,0.75,-0.25,1.25,0.42857123264845043,0.0,0.0,0.0,0.0,5.479452054794521e-05,17719.164847272787,-0.07837134824452441,deleveraging,36,False
2025-04-02 00:00:00+00:00,0.0035140362547993794,0.003568830775347325,0.5,0.75,-0.25,1.25,0.42258774438800406,0.0,0.0,0.0,0.0,5.479452054794521e-05,17781.43063495087,-0.07513271174879388,deleveraging,37,False
2025-04-03 00:00:00+00:00,0.0004065623032872049,0.00046135682383515006,0.5,0.75,-0.25,1.25,0.5400258054107914,0.247123204668678,0.0,0.0,0.0,5.479452054794521e-05,17788.659894345557,-0.07475669557384745,deleveraging,38,False
2025-04-04 00:00:00+00:00,-0.00445408904247977,-0.004399294521931825,0.5,0.75,-0.25,1.25,0.5451626215616177,0.0,0.0,0.0,0.0,5.479452054794521e-05,17709.427619229755,-0.07887781163771967,deleveraging,39,False
2025-04-05 00:00:00+00:00,-0.0017371746732127453,-0.0016823801526648,0.5,0.75,-0.25,1.25,0.5415938887331531,0.0,0.0,0.0,0.0,5.479452054794521e-05,17678.663250092533,-0.08047796177427691,deleveraging,40,False
2025-04-06 00:00:00+00:00,0.00213795911344198,0.002192753633989925,0.5,0.75,-0.25,1.25,0.5068754334529078,0.0,0.0,0.0,0.0,5.479452054794521e-05,17716.45950930154,-0.07851206125264154,transition,1,False
2025-04-07 00:00:00+00:00,0.0011941203772863548,0.0012489148978343,0.5,0.75,-0.25,1.25,0.4936099928149862,0.0,0.0,0.0,0.0,5.479452054794521e-05,17737.615094614965,-0.07741169372755974,deleveraging,1,False
2025-04-08 00:00:00+00:00,-0.006692517740974371,-0.006637723220426425,0.5,0.75,-0.25,1.25,0.4894867720164089,0.0,0.0,0.0,0.0,5.479452054794521e-05,17618.90579091168,-0.08358613233490364,deleveraging,2,False
2025-04-09 00:00:00+00:00,-0.00228445262108992,-0.0022296581005419747,0.5,0.75,-0.25,1.25,0.5158056165755323,0.0,0.0,0.0,0.0,5.479452054794521e-05,17578.656235396895,-0.08567963639689424,deleveraging,3,False
2025-04-10 00:00:00+00:00,-0.0006474298642655453,-0.0005926353437176002,0.5,0.75,-0.25,1.25,0.47024073635518004,0.2626977706795783,0.0,0.0,0.0,5.479452054794521e-05,17567.27528837644,-0.08627159470579704,deleveraging,4,False
2025-04-11 00:00:00+00:00,0.0015789569706940048,0.00163375149124195,0.5,0.75,-0.25,1.25,0.4799892742198092,0.0,0.0,0.0,0.0,5.479452054794521e-05,17595.013260149124,-0.08482885687093666,deleveraging,5,False
2025-04-12 00:00:00+00:00,-0.004188345115398545,-0.0041335505948506,0.5,0.75,-0.25,1.25,0.49925968311296304,0.0,0.0,0.0,0.0,5.479452054794521e-05,17521.319272305605,-0.088661909458015,deleveraging,6,False
2025-04-13 00:00:00+00:00,0.003293731054291279,0.0033485255748392246,0.5,0.75,-0.25,1.25,0.49367626931185526,0.0,0.0,0.0,0.0,5.479452054794521e-05,17579.029785704948,-0.08566020688823839,deleveraging,7,False
2025-04-14 00:00:00+00:00,0.0009383552435112549,0.0009931497640592,0.5,0.75,-0.25,1.25,0.495163381509547,0.0,0.0,0.0,0.0,5.479452054794521e-05,17595.525160480207,-0.08480223134902087,deleveraging,8,False
2025-04-15 00:00:00+00:00,0.0016034660527532503,0.0016582605733011955,0.5,0.75,-0.25,1.25,0.4857024104250854,0.0,0.0,0.0,0.0,5.479452054794521e-05,17623.7389877554,-0.08333474279543363,deleveraging,9,False
2025-04-16 00:00:00+00:00,-0.00087916291787377,-0.0008243683973258248,0.5,0.75,-0.25,1.25,0.4839686737696153,0.0,0.0,0.0,0.0,5.479452054794521e-05,17608.24484996308,-0.08414064089767104,deleveraging,10,False
2025-04-17 00:00:00+00:00,-0.0034426295173017206,-0.003387834996753775,0.5,0.75,-0.25,1.25,0.5139389467125555,0.16525475712808102,0.0,0.0,0.0,5.479452054794521e-05,17547.62618649472,-0.08729360536101394,deleveraging,11,False
2025-04-18 00:00:00+00:00,-0.0011561550191084454,-0.0011013604985605002,0.5,0.75,-0.25,1.25,0.5116916473877597,0.0,0.0,0.0,0.0,5.479452054794521e-05,17527.338410405762,-0.08834883544014827,deleveraging,12,False
2025-04-19 00:00:00+00:00,-0.00036967157145274517,-0.0003148770509048,0.5,0.75,-0.25,1.25,0.5162978472462934,0.0,0.0,0.0,0.0,5.479452054794521e-05,17520.859051672207,-0.08868584695876769,transition,1,False
2025-04-20 00:00:00+00:00,-0.0017652662548322702,-0.001710471734284325,0.5,0.75,-0.25,1.25,0.520705873896706,0.0,0.0,0.0,0.0,5.479452054794521e-05,17489.930070432616,-0.09029455908068251,transition,2,False
2025-04-21 00:00:00+00:00,0.003372353428926604,0.0034271479494745495,0.5,0.75,-0.25,1.25,0.5233846517604634,0.0,0.0,0.0,0.0,5.479452054794521e-05,17548.912296077324,-0.08722671081768518,transition,3,False
2025-04-22 00:00:00+00:00,0.0019371465097453302,0.0019919410302932754,0.5,0.75,-0.25,1.25,0.5417336089264652,0.0,0.0,0.0,0.0,5.479452054794521e-05,17582.907110281496,-0.08545853522635694,transition,4,False
2025-04-23 00:00:00+00:00,-0.0015885821324064951,-0.00153378761185855,0.5,0.75,-0.25,1.25,0.5535172907535142,0.0,0.0,0.0,0.0,5.479452054794521e-05,17554.975218210337,-0.0869113594566413,deleveraging,1,False
2025-04-24 00:00:00+00:00,-0.0010073254098786702,-0.000952530889330725,0.5,0.75,-0.25,1.25,0.5188320946593369,0.21614119329547463,0.0,0.0,0.0,5.479452054794521e-05,17537.291645603244,-0.08783113684573218,deleveraging,2,False
2025-04-25 00:00:00+00:00,0.0019275905669647547,0.0019823850875127,0.5,0.75,-0.25,1.25,0.5228053793406487,0.0,0.0,0.0,0.0,5.479452054794521e-05,17571.096363549415,-0.08607284874963728,deleveraging,3,False
2025-04-26 00:00:00+00:00,0.0026833497997783545,0.0027381443203263,0.5,0.75,-0.25,1.25,0.5237194854912871,0.0,0.0,0.0,0.0,5.479452054794521e-05,17618.24576145843,-0.0836204625113176,deleveraging,4,False
2025-04-27 00:00:00+00:00,8.373139939042986e-05,0.00013852591993837506,0.5,0.75,-0.25,1.25,0.5180062532591283,0.0,0.0,0.0,0.0,5.479452054794521e-05,17619.720961830844,-0.08354373277027083,transition,1,False
2025-04-28 00:00:00+00:00,-0.002708248923832695,-0.0026534544032847497,0.5,0.75,-0.25,1.25,0.5227414400599472,0.0,0.0,0.0,0.0,5.479452054794521e-05,17572.002371497732,-0.08602572446973555,transition,2,False
2025-04-29 00:00:00+00:00,0.00105295323009548,0.001107747750643425,0.5,0.75,-0.25,1.25,0.5211165081429892,0.0,0.0,0.0,0.0,5.479452054794521e-05,17590.50486815405,-0.08506335230409157,transition,3,False
2025-04-30 00:00:00+00:00,-0.0001149329572359702,-6.013843668802499e-05,0.5,0.75,-0.25,1.25,0.515679081292719,0.0,0.0,0.0,0.0,5.479452054794521e-05,17588.483139410277,-0.08516850867869497,transition,4,False
2025-05-01 00:00:00+00:00,0.005647291844752629,0.005702086365300575,0.5,0.75,-0.25,1.25,0.5256313749431204,0.10181029133497119,0.0,0.0,0.0,5.479452054794521e-05,17687.810436805037,-0.0800021882584333,transition,5,False
2025-05-02 00:00:00+00:00,-0.002991918791819045,-0.0029371242712710995,0.5,0.75,-0.25,1.25,0.5305079853050219,0.0,0.0,0.0,0.0,5.479452054794521e-05,17634.88994437303,-0.08275474699981511,transition,6,False
2025-05-03 00:00:00+00:00,0.0018205320897257049,0.00187532661027365,0.5,0.75,-0.25,1.25,0.5227801127976306,0.0,0.0,0.0,0.0,5.479452054794521e-05,17666.994827415543,-0.08108487258257968,transition,7,False
2025-05-04 00:00:00+00:00,-0.00018920653030864515,-0.00013441200976069994,0.5,0.75,-0.25,1.25,0.5158948099642781,0.0,0.0,0.0,0.0,5.479452054794521e-05,17663.652116623267,-0.0812587373254865,transition,8,False
2025-05-05 00:00:00+00:00,0.0015951723261053798,0.001649966846653325,0.5,0.75,-0.25,1.25,0.5122950366958349,0.0,0.0,0.0,0.0,5.479452054794521e-05,17691.82868565766,-0.07979318668841684,transition,9,False
2025-05-06 00:00:00+00:00,0.003606699232159505,0.0036614937527074502,0.5,0.75,-0.25,1.25,0.5169829512962787,0.0,0.0,0.0,0.0,5.479452054794521e-05,17755.637790593715,-0.07647427748141822,transition,10,False
2025-05-07 00:00:00+00:00,-0.0032553022144066702,-0.003200507693858725,0.5,0.75,-0.25,1.25,0.5237088817765303,0.0,0.0,0.0,0.0,5.479452054794521e-05,17697.837823575795,-0.07948063281099427,transition,11,False
2025-05-08 00:00:00+00:00,-0.0021149360587670958,-0.0020601415382191504,0.5,0.75,-0.25,1.25,0.5612392872260068,0.17362763690211577,0.0,0.0,0.0,5.479452054794521e-05,17660.4080282005,-0.08142747241345583,transition,12,False
2025-05-09 00:00:00+00:00,0.006616046452595955,0.0066708409731439005,0.5,0.75,-0.25,1.25,0.5810571137394765,0.0,0.0,0.0,0.0,5.479452054794521e-05,17777.250108086875,-0.07535015390086475,transition_2,1,False
2025-05-10 00:00:00+00:00,-0.004389555011539521,-0.0043347604909915755,0.5,0.75,-0.25,1.25,0.6028125974686711,0.0,0.0,0.0,0.0,5.479452054794521e-05,17699.21589078353,-0.07940895526672853,transition_2,2,False
2025-05-11 00:00:00+00:00,-0.0004564616114543954,-0.0004016670909064502,0.5,0.75,-0.25,1.25,0.5950896567415251,0.0,0.0,0.0,0.0,5.479452054794521e-05,17691.136878176545,-0.07982916973849785,transition_2,3,False
2025-05-12 00:00:00+00:00,0.0020469129722421294,0.0021017074927900748,0.5,0.75,-0.25,1.25,0.6011967714302215,0.0,0.0,0.0,0.0,5.479452054794521e-05,17727.34909574619,-0.07794566012935711,transition_2,4,False
2025-05-13 00:00:00+00:00,0.0005558809376157799,0.000610675458163725,0.5,0.75,-0.25,1.25,0.6020199852361383,0.0,0.0,0.0,0.0,5.479452054794521e-05,17737.20339118298,-0.07743310769837697,transition_2,5,False
2025-05-14 00:00:00+00:00,0.00013773603585660505,0.00019253055640455026,0.5,0.75,-0.25,1.25,0.6007463524110737,0.0,0.0,0.0,0.0,5.479452054794521e-05,17739.64644326526,-0.07730603699181893,transition_2,6,False
2025-05-15 00:00:00+00:00,1.8077672380254877e-05,7.287219292820008e-05,0.5,0.75,-0.25,1.25,0.5381531579615528,0.5012950472749584,0.0,0.0,0.0,5.479452054794521e-05,17739.967134781804,-0.07728935683264837,transition_2,7,False
2025-05-16 00:00:00+00:00,-0.0005905876574869699,-0.0005357931369390247,0.5,0.75,-0.25,1.25,0.5387873622446131,0.0,0.0,0.0,0.0,5.479452054794521e-05,17729.490129147776,-0.07783429834993494,transition_2,8,False
2025-05-17 00:00:00+00:00,-0.001684458136760745,-0.0016296636162128,0.5,0.75,-0.25,1.25,0.5285653943222487,0.0,0.0,0.0,0.0,5.479452054794521e-05,17699.625545239116,-0.0793876478695209,transition_2,9,False
2025-05-18 00:00:00+00:00,0.003496516684049029,0.0035513112045969745,0.5,0.75,-0.25,1.25,0.5367004750531772,0.0,0.0,0.0,0.0,5.479452054794521e-05,17761.512581259463,-0.07616871142075521,transition_2,10,False
2025-05-19 00:00:00+00:00,-0.0003912881507662951,-0.00033649363021834994,0.5,0.75,-0.25,1.25,0.5268713759468322,0.0,0.0,0.0,0.0,5.479452054794521e-05,17754.56271184673,-0.07653019565728336,transition_2,11,False
2025-05-20 00:00:00+00:00,-0.0018434837860408701,-0.001788689265492925,0.5,0.75,-0.25,1.25,0.5315612567200656,0.0,0.0,0.0,0.0,5.479452054794521e-05,17721.8324633592,-0.07823259726848741,transition_2,12,False
2025-05-21 00:00:00+00:00,0.0009406655452240049,0.00099546006577195,0.5,0.75,-0.25,1.25,0.5378233653124498,0.0,0.0,0.0,0.0,5.479452054794521e-05,17738.50278055571,-0.07736552243202732,transition_2,13,False
2025-05-22 00:00:00+00:00,0.0014153032175130548,0.001470097738061,0.5,0.75,-0.25,1.25,0.5486220709772425,0.14469921937972371,0.0,0.0,0.0,5.479452054794521e-05,17763.6081406149,-0.07605971488733676,transition_2,14,False
2025-05-23 00:00:00+00:00,-0.0020039857794064203,-0.0019491912588584749,0.5,0.75,-0.25,1.25,0.5331276852628419,0.0,0.0,0.0,0.0,5.479452054794521e-05,17728.010122510157,-0.07791127807972331,transition_2,15,False
2025-05-24 00:00:00+00:00,0.00027224375411209994,0.0003270382746600452,0.5,0.75,-0.25,1.25,0.5284261778128769,0.0,0.0,0.0,0.0,5.479452054794521e-05,17732.836462538846,-0.07766024518444326,transition_2,16,False
2025-05-25 00:00:00+00:00,-0.0011028216568882952,-0.00104802713634035,0.5,0.75,-0.25,1.25,0.5274642480584095,0.0,0.0,0.0,0.0,5.479452054794521e-05,17713.280306449902,-0.07867742144106282,transition_2,17,False
2025-05-26 00:00:00+00:00,-0.0003083480720419468,-0.00025355355149400157,0.5,0.75,-0.25,1.25,0.5313358986483644,0.0,0.0,0.0,0.0,5.479452054794521e-05,17707.81845061787,-0.07896150948189018,transition_2,18,False
2025-05-27 00:00:00+00:00,0.00153725574259163,0.0015920502631395753,0.5,0.75,-0.25,1.25,0.534001223632897,0.0,0.0,0.0,0.0,5.479452054794521e-05,17735.039896219852,-0.07754563777319323,transition_2,19,False
2025-05-28 00:00:00+00:00,0.0008086235119758299,0.000863418032523775,0.5,0.75,-0.25,1.25,0.5295268305915912,0.0,0.0,0.0,0.0,5.479452054794521e-05,17749.380866465766,-0.0767997194871719,transition_2,20,False
2025-05-29 00:00:00+00:00,-0.00021750904330322015,-0.00016271452275527494,0.5,0.75,-0.25,1.25,0.45934435895692854,0.1997134249635041,0.0,0.0,0.0,5.479452054794521e-05,17745.520215614277,-0.07700052389696355,transition_2,21,False
2025-05-30 00:00:00+00:00,-0.0023728007042044205,-0.002318006183656475,0.5,0.75,-0.25,1.25,0.4404027446318035,0.0,0.0,0.0,0.0,5.479452054794521e-05,17703.413632750195,-0.07919061770384106,transition_2,22,False
2025-05-31 00:00:00+00:00,0.0009713542665558518,0.001026148787103797,0.5,0.75,-0.25,1.25,0.4344875914272406,0.0,0.0,0.0,0.0,5.479452054794521e-05,17720.60991911497,-0.07829618558166307,transition_2,23,False
2025-06-01 00:00:00+00:00,0.0014692213847276297,0.0015240159052755749,0.5,0.75,-0.25,1.25,0.4375403123431266,0.0,0.0,0.0,0.0,5.479452054794521e-05,17746.64541815855,-0.07694199862713458,transition_2,24,False
2025-06-02 00:00:00+00:00,-0.00016031899822374523,-0.00010552447767580003,0.5,0.75,-0.25,1.25,0.4390667078544169,0.0,0.0,0.0,0.0,5.479452054794521e-05,17743.800293743276,-0.07708998236121722,transition,1,False
2025-06-03 00:00:00+00:00,2.8807314806798465e-06,5.7675252028625053e-05,0.5,0.75,-0.25,1.25,0.44176278839498007,0.0,0.0,0.0,0.0,5.479452054794521e-05,17743.85140886737,-0.0770873237052756,transition,2,False
2025-06-04 00:00:00+00:00,0.0003813214059342799,0.0004361159264822251,0.5,0.75,-0.25,1.25,0.4412445631844655,0.0,0.0,0.0,0.0,5.479452054794521e-05,17750.61751923329,-0.07673539734599633,transition,3,False
2025-06-05 00:00:00+00:00,-0.0002923288905716957,-0.00023753437002375054,0.5,0.75,-0.25,1.25,0.45683985109189557,0.12166095218905155,0.0,0.0,0.0,5.479452054794521e-05,17745.428500906928,-0.0770052942629943,transition,4,False
2025-06-06 00:00:00+00:00,-0.0004360155913920203,-0.00038122107084407513,0.5,0.75,-0.25,1.25,0.4595748464155065,0.0,0.0,0.0,0.0,5.479452054794521e-05,17737.691217404597,-0.077407734345468,transition_2,1,False
2025-06-07 00:00:00+00:00,1.7279683653404946e-05,7.207420420135015e-05,0.5,0.75,-0.25,1.25,0.4699935235062117,0.0,0.0,0.0,0.0,5.479452054794521e-05,17737.997719097577,-0.07739179224297643,transition_2,2,False
2025-06-08 00:00:00+00:00,-0.0007812589538433951,-0.0007264644332954499,0.5,0.75,-0.25,1.25,0.4699815302915822,0.0,0.0,0.0,0.0,5.479452054794521e-05,17724.13974955628,-0.07811258816617583,transition,1,False
2025-06-09 00:00:00+00:00,0.0011647049605471547,0.0012194994810951,0.5,0.75,-0.25,1.25,0.4788908060702659,0.0,0.0,0.0,0.0,5.479452054794521e-05,17744.78314304402,-0.07703886132454696,transition_2,1,False
2025-06-10 00:00:00+00:00,-0.0012642629328413954,-0.0012094684122934502,0.5,0.75,-0.25,1.25,0.49158473699243793,0.0,0.0,0.0,0.0,5.479452054794521e-05,17722.34907146496,-0.07820572688062755,transition_2,2,False
2025-06-11 00:00:00+00:00,-0.00016625710673782017,-0.00011146258618987496,0.5,0.75,-0.25,1.25,0.48639280639542215,0.0,0.0,0.0,0.0,5.479452054794521e-05,17719.40260498374,-0.07835898172948375,transition_2,3,False
2025-06-12 00:00:00+00:00,-0.0030928917804206204,-0.003038097259872675,0.5,0.75,-0.25,1.25,0.46933091842595176,0.5201019388957906,0.0,0.0,0.0,5.479452054794521e-05,17664.598410312825,-0.0812095176593911,transition_2,4,False
2025-06-13 00:00:00+00:00,0.0015307424005322797,0.001585536921080225,0.5,0.75,-0.25,1.25,0.4570265265968257,0.0,0.0,0.0,0.0,5.479452054794521e-05,17691.63836008786,-0.07980308611086706,transition_2,5,False
2025-06-14 00:00:00+00:00,0.0006945563110645048,0.00074935083161245,0.5,0.75,-0.25,1.25,0.45419710050020456,0.0,0.0,0.0,0.0,5.479452054794521e-05,17703.926199163932,-0.0791639575369032,transition_2,6,False
2025-06-15 00:00:00+00:00,0.0004739503634384797,0.0005287448839864249,0.5,0.75,-0.25,1.25,0.457068703891173,0.0,0.0,0.0,0.0,5.479452054794521e-05,17712.316981420314,-0.07872752695991059,transition,1,False
2025-06-16 00:00:00+00:00,-0.00020124067470172024,-0.00014644615415377503,0.5,0.75,-0.25,1.25,0.4639360933173589,0.0,0.0,0.0,0.0,5.479452054794521e-05,17708.752542800445,-0.07891292445396914,transition_2,1,False
2025-06-17 00:00:00+00:00,0.0003310009791225298,0.000385795499670475,0.5,0.75,-0.25,1.25,0.4544714984761429,0.0,0.0,0.0,0.0,5.479452054794521e-05,17714.614157231146,-0.07860804373010655,transition_2,2,False
2025-06-18 00:00:00+00:00,0.0007489592471795798,0.0008037537677275249,0.5,0.75,-0.25,1.25,0.45075167000867755,0.0,0.0,0.0,0.0,5.479452054794521e-05,17727.881681314426,-0.07791795870418117,transition_2,3,False
2025-06-19 00:00:00+00:00,0.00046601510440493,0.0005208096249528752,0.5,0.75,-0.25,1.25,0.38737452956890517,0.12044740114112423,0.0,0.0,0.0,5.479452054794521e-05,17736.14314194702,-0.07748825454543684,transition_2,4,False
2025-06-20 00:00:00+00:00,-0.0009114375122459702,-0.000856642991698025,0.5,0.75,-0.25,1.25,0.3816792938368213,0.0,0.0,0.0,0.0,5.479452054794521e-05,17719.977755764885,-0.07832906635573167,transition_2,5,False
2025-06-21 00:00:00+00:00,-0.0008533065778692202,-0.000798512057321275,0.5,0.75,-0.25,1.25,0.37415168240356644,0.0,0.0,0.0,0.0,5.479452054794521e-05,17704.857182186195,-0.07911553422604112,transition_2,6,False
2025-06-22 00:00:00+00:00,-0.0015835367744837952,-0.00152874225393585,0.5,0.75,-0.25,1.25,0.36384703635669746,0.0,0.0,0.0,0.0,5.479452054794521e-05,17676.820889751223,-0.08057378864264486,transition,1,False
2025-06-23 00:00:00+00:00,0.0021822597365116292,0.0022370542570595746,0.5,0.75,-0.25,1.25,0.3747281827889627,0.0,0.0,0.0,0.0,5.479452054794521e-05,17715.39630424845,-0.07856736184090651,transition_2,1,False
2025-06-24 00:00:00+00:00,-0.0009200667341853951,-0.0008652722136374499,0.5,0.75,-0.25,1.25,0.38544441302916566,0.0,0.0,0.0,0.0,5.479452054794521e-05,17699.096957426,-0.07941514135906935,transition_2,2,False
2025-06-25 00:00:00+00:00,0.0013763844519594799,0.001431178972507425,0.5,0.75,-0.25,1.25,0.3851519815252609,0.0,0.0,0.0,0.0,5.479452054794521e-05,17723.457719291924,-0.07814806267292673,transition_2,3,False
2025-06-26 00:00:00+00:00,-0.000713134309549945,-0.0006583397890019998,0.5,0.75,-0.25,1.25,0.425028387799202,0.22306943747637187,0.0,0.0,0.0,5.479452054794521e-05,17710.81851350844,-0.0788054669177598,transition,1,False
2025-06-27 00:00:00+00:00,-0.0011706524554980203,-0.001115857934950075,0.5,0.75,-0.25,1.25,0.4263169779266398,0.0,0.0,0.0,0.0,5.479452054794521e-05,17690.085300326722,-0.07988386555990379,transition,2,False
2025-06-28 00:00:00+00:00,0.000564852106029005,0.0006196466265769502,0.5,0.75,-0.25,1.25,0.43051325333915985,0.0,0.0,0.0,0.0,5.479452054794521e-05,17700.077582264443,-0.07936413602357417,transition,3,False
2025-06-29 00:00:00+00:00,-0.00048731124927772025,-0.00043251672872977507,0.5,0.75,-0.25,1.25,0.4367931093571338,0.0,0.0,0.0,0.0,5.479452054794521e-05,17691.452135345517,-0.07981277223657834,transition,4,False
2025-06-30 00:00:00+00:00,-0.0005589282494026203,-0.0005041337288546751,0.5,0.75,-0.25,1.25,0.43649080508432425,0.0,0.0,0.0,0.0,5.479452054794521e-05,17681.56388297412,-0.08032709087291479,transition,5,False
2025-07-01 00:00:00+00:00,0.0012799893235057288,0.001334783844053674,0.5,0.75,-0.25,1.25,0.42968294163704285,0.0,0.0,0.0,0.0,5.479452054794521e-05,17704.19609596721,-0.07914991936811466,transition_2,1,False
2025-07-02 00:00:00+00:00,0.001298473932274805,0.0013532684528227501,0.5,0.75,-0.25,1.25,0.43983861208072417,0.0,0.0,0.0,0.0,5.479452054794521e-05,17727.184533089705,-0.07795421954288095,transition,1,False
2025-07-03 00:00:00+00:00,0.001199031560280305,0.0012538260808282501,0.5,0.75,-0.25,1.25,0.48257844521669513,0.14935517310090346,0.0,0.0,0.0,5.479452054794521e-05,17748.439986819794,-0.07684865755208958,transition_2,1,False
2025-07-04 00:00:00+00:00,0.00010291861569267978,0.00015771313624062498,0.5,0.75,-0.25,1.25,0.4717610410876316,0.0,0.0,0.0,0.0,5.479452054794521e-05,17750.266631693943,-0.07675364809384988,transition_2,2,False
2025-07-05 00:00:00+00:00,0.0001922799079134298,0.000247074428461375,0.5,0.75,-0.25,1.25,0.47121959778396016,0.0,0.0,0.0,0.0,5.479452054794521e-05,17753.679651327326,-0.07657612637032396,transition,1,False
2025-07-06 00:00:00+00:00,-0.0007447261675941702,-0.000689931647046225,0.5,0.75,-0.25,1.25,0.4764105898877048,0.0,0.0,0.0,0.0,5.479452054794521e-05,17740.4580215199,-0.0772638242927971,transition,2,False
2025-07-07 00:00:00+00:00,-0.00022858053047174767,-0.00017378600992380247,0.5,0.75,-0.25,1.25,0.47626948789802004,0.0,0.0,0.0,0.0,5.479452054794521e-05,17736.40289821453,-0.07747474381732566,transition_2,1,False
2025-07-08 00:00:00+00:00,-0.00048004587831917023,-0.000425251357771225,0.5,0.75,-0.25,1.25,0.4791536846916554,0.0,0.0,0.0,0.0,5.479452054794521e-05,17727.88861110703,-0.07791759826420153,transition_2,2,False
2025-07-09 00:00:00+00:00,-0.0015392718692032702,-0.001484477348655325,0.5,0.75,-0.25,1.25,0.49160065107090734,0.0,0.0,0.0,0.0,5.479452054794521e-05,17700.600570867584,-0.07933693376628093,transition,1,False
2025-07-10 00:00:00+00:00,-2.146099970917013e-05,3.333352083877508e-05,0.5,0.75,-0.25,1.25,0.5617987163405702,0.14442155440387971,0.0,0.0,0.0,5.479452054794521e-05,17700.220698283883,-0.07935669211607743,transition_2,1,False
2025-07-11 00:00:00+00:00,6.044713919335477e-05,0.00011524165974129998,0.5,0.75,-0.25,1.25,0.5792011414837199,0.0,0.0,0.0,0.0,5.479452054794521e-05,17701.290625988186,-0.07930104186189835,transition_2,2,False
2025-07-12 00:00:00+00:00,0.0028642287913554793,0.0029190233119034247,0.5,0.75,-0.25,1.25,0.5759008187795143,0.0,0.0,0.0,0.0,5.479452054794521e-05,17751.991172243288,-0.07666394939782839,transition_2,3,False
2025-07-13 00:00:00+00:00,-0.0005299478882933702,-0.000475153367745425,0.5,0.75,-0.25,1.25,0.5811343695276314,0.0,0.0,0.0,0.0,5.479452054794521e-05,17742.583542008553,-0.07715326938803024,transition_2,4,False
2025-07-14 00:00:00+00:00,-0.0007838072659948202,-0.000729012745446875,0.5,0.75,-0.25,1.25,0.5861765750828721,0.0,0.0,0.0,0.0,5.479452054794521e-05,17728.67677611081,-0.07787660336088331,transition_2,5,False
2025-07-15 00:00:00+00:00,-0.0025106234378146955,-0.00245582891726675,0.5,0.75,-0.25,1.25,0.5828085095682702,0.0,0.0,0.0,0.0,5.479452054794521e-05,17684.16674467526,-0.08019170797304298,transition_2,6,False
2025-07-16 00:00:00+00:00,0.0009547911251160798,0.001009585645664025,0.5,0.75,-0.25,1.25,0.5975466955791129,0.0,0.0,0.0,0.0,5.479452054794521e-05,17701.05143013815,-0.07931348317900744,transition_2,7,False
2025-07-17 00:00:00+00:00,0.001387688626525204,0.0014424831470731493,0.5,0.75,-0.25,1.25,0.5932623899401963,0.2705655637741844,0.0,0.0,0.0,5.479452054794521e-05,17725.614977885292,-0.07803585697101978,transition_2,8,False
2025-07-18 00:00:00+00:00,0.0021095995032934796,0.002164394023841425,0.5,0.75,-0.25,1.25,0.5593933492993417,0.0518353891084295,0.0,0.0,0.0,5.479452054794521e-05,17763.008926438208,-0.07609088187283164,transition_2,9,False
2025-07-19 00:00:00+00:00,-0.0034752934410223705,-0.003420498920474425,0.5,0.75,-0.25,1.25,0.5543194542647735,0.0,0.0,0.0,0.0,5.479452054794521e-05,17701.277258023336,-0.07930173717115974,transition_2,10,False
2025-07-20 00:00:00+00:00,-0.00543320668076502,-0.005378412160217075,0.5,0.75,-0.25,1.25,0.5641298657162706,0.0,0.0,0.0,0.0,5.479452054794521e-05,17605.102560166968,-0.08430408112373011,transition_2,11,False
2025-07-21 00:00:00+00:00,0.0004769533679425048,0.00053174788849045,0.5,0.75,-0.25,1.25,0.5680590831033818,0.0,0.0,0.0,0.0,5.479452054794521e-05,17613.499373126015,-0.08386733687121084,transition_2,12,False
2025-07-22 00:00:00+00:00,-1.0852721737713672e-05,4.3941798810231535e-05,0.5,0.75,-0.25,1.25,0.5724183931973493,0.0,0.0,0.0,0.0,5.479452054794521e-05,17613.30821871849,-0.08387727940407874,transition_2,13,False
2025-07-23 00:00:00+00:00,0.0005270709990960051,0.0005818655196439503,0.5,0.75,-0.25,1.25,0.5540895052445916,0.0,0.0,0.0,0.0,5.479452054794521e-05,17622.591682678718,-0.08339441768643951,transition_2,14,False
2025-07-24 00:00:00+00:00,0.00361401586796988,0.0036688103885178253,0.5,0.75,-0.25,1.25,0.5357839742104031,0.24282868478030903,0.0,0.0,0.0,5.479452054794521e-05,17686.28000865467,-0.08008179056728859,transition_2,15,False
2025-07-25 00:00:00+00:00,4.040140021345872e-05,9.519592076140393e-05,0.5,0.75,-0.25,1.25,0.5373853439163038,0.0,0.0,0.0,0.0,5.479452054794521e-05,17686.99455913159,-0.08004462458354544,transition_2,16,False
2025-07-26 00:00:00+00:00,0.00175324878818723,0.001808043308735175,0.5,0.75,-0.25,1.25,0.5435999376161039,0.0,0.0,0.0,0.0,5.479452054794521e-05,17718.004260909063,-0.07843171393641024,rotation,1,True
2025-07-27 00:00:00+00:00,0.0010210172835653547,0.0010758118041133,0.5,0.75,-0.25,1.25,0.5525528676344214,0.0,0.0,0.0,0.0,5.479452054794521e-05,17736.094649489736,-0.07749077678835359,transition_2,1,False
2025-07-28 00:00:00+00:00,0.0038544644372792798,0.003909258957827225,0.5,0.75,-0.25,1.25,0.543386893577801,0.0,0.0,0.0,0.0,5.479452054794521e-05,17804.457795572416,-0.07393499779442203,transition_2,2,False
2025-07-29 00:00:00+00:00,0.005657238866165754,0.005712033386713699,0.5,0.75,-0.25,1.25,0.5392475056983058,0.0,0.0,0.0,0.0,5.479452054794521e-05,17905.181866204537,-0.06869602687134879,transition_2,3,False
2025-07-30 00:00:00+00:00,-0.00363694727796157,-0.0035821527574136248,0.5,0.75,-0.25,1.25,0.5339746464074875,0.0,0.0,0.0,0.0,5.479452054794521e-05,17840.061663754837,-0.07208313032137381,transition_2,4,False
2025-07-31 00:00:00+00:00,0.000242973133074376,0.0002977676536223212,0.5,0.75,-0.25,1.25,0.4336488650743045,0.1610679680709432,0.0,0.0,0.0,5.479452054794521e-05,17844.39631943152,-0.07185767145231547,transition_2,5,True
2025-08-01 00:00:00+00:00,0.0005528671673558049,0.00060766168790375,0.5,0.75,-0.25,1.25,0.4203199653295001,0.0,0.0,0.0,0.0,5.479452054794521e-05,17854.261900277816,-0.07134453203222835,transition_2,6,False
2025-08-02 00:00:00+00:00,0.0039688469092328295,0.004023641429780775,0.5,0.75,-0.25,1.25,0.41085073486783696,0.0,0.0,0.0,0.0,5.479452054794521e-05,17925.122732437372,-0.06765884064844208,transition_2,7,True
2025-08-03 00:00:00+00:00,-0.0016222908348433953,-0.0015674963142954502,0.5,0.75,-0.25,1.25,0.41715909925838823,0.0,0.0,0.0,0.0,5.479452054794521e-05,17896.042970115093,-0.06917136916620548,transition_2,8,False
2025-08-04 00:00:00+00:00,-0.00032056480109549513,-0.00026577028054754995,0.5,0.75,-0.25,1.25,0.43030234752799146,0.0,0.0,0.0,0.0,5.479452054794521e-05,17890.30612865998,-0.06946976006110273,transition_2,9,False
2025-08-05 00:00:00+00:00,0.0037731491890546295,0.003827943709602575,0.5,0.75,-0.25,1.25,0.42508694792969387,0.0,0.0,0.0,0.0,5.479452054794521e-05,17957.808922721273,-0.06595873064088653,transition_2,10,False
2025-08-06 00:00:00+00:00,-7.475994232442019e-05,-1.9965421776474982e-05,0.5,0.75,-0.25,1.25,0.4268074098032104,0.0,0.0,0.0,0.0,5.479452054794521e-05,17956.46639796194,-0.06602855951231235,transition_2,11,False
2025-08-07 00:00:00+00:00,-0.0046404030639329704,-0.004585608543385025,0.5,0.75,-0.25,1.25,0.4492470562520594,0.33055568397719404,0.0,0.0,0.0,5.479452054794521e-05,17873.141156271427,-0.07036256344637726,transition_2,12,False
2025-08-08 00:00:00+00:00,-0.0017415044768818702,-0.001686709956333925,0.5,0.75,-0.25,1.25,0.46001502644198095,0.0,0.0,0.0,0.0,5.479452054794521e-05,17842.01500093184,-0.0719815312040124,transition_2,13,False
2025-08-09 00:00:00+00:00,0.0002298499650415298,0.000284644485589475,0.5,0.75,-0.25,1.25,0.46586581023805795,0.0,0.0,0.0,0.0,5.479452054794521e-05,17846.115987456073,-0.07176822619140177,transition_2,14,False
2025-08-10 00:00:00+00:00,0.004970546466874705,0.00502534098742265,0.5,0.75,-0.25,1.25,0.4647310102281025,0.0,0.0,0.0,0.0,5.479452054794521e-05,17934.82093622496,-0.06715440702765652,transition_2,15,False
2025-08-11 00:00:00+00:00,0.004808532200954755,0.004863326721502701,0.5,0.75,-0.25,1.25,0.460050681925362,0.0,0.0,0.0,0.0,5.479452054794521e-05,18021.061100215156,-0.06266878895533023,transition_2,16,False
2025-08-12 00:00:00+00:00,-0.0014231114038167451,-0.0013683168832688,0.5,0.75,-0.25,1.25,0.4728292629270534,0.0,0.0,0.0,0.0,5.479452054794521e-05,17995.415122654562,-0.06400271569092131,transition_2,17,True
2025-08-13 00:00:00+00:00,0.00247458966061093,0.002529384181158875,0.5,0.75,-0.25,1.25,0.49007590835350257,0.0,0.0,0.0,0.0,5.479452054794521e-05,18039.946390855483,-0.061686506488810244,transition_2,18,False
2025-08-14 00:00:00+00:00,0.00054716561297613,0.0006019601335240752,0.5,0.75,-0.25,1.25,0.4922197670052504,0.39875406206173153,0.0,0.0,0.0,5.479452054794521e-05,18049.81722918049,-0.06117309361096945,transition_2,19,True
2025-08-15 00:00:00+00:00,-0.004433622620369945,-0.004378828099822,0.5,0.75,-0.25,1.25,0.4851307959497786,0.0,0.0,0.0,0.0,5.479452054794521e-05,17969.791151219655,-0.06533549781974768,transition_2,20,True
2025-08-16 00:00:00+00:00,-0.0011800952167372964,-0.0011253006961893513,0.5,0.75,-0.25,1.25,0.48304552290937897,0.0,0.0,0.0,0.0,5.479452054794521e-05,17948.58508663633,-0.0664384909280249,transition_2,21,False
2025-08-17 00:00:00+00:00,0.0030453122699970344,0.0031001067905449798,0.5,0.75,-0.25,1.25,0.48753022721978345,0.0,0.0,0.0,0.0,5.479452054794521e-05,18003.244133029748,-0.06359550460965113,transition_2,22,False
2025-08-18 00:00:00+00:00,-0.00012028313199342021,-6.5488611445475e-05,0.5,0.75,-0.25,1.25,0.4770403891466872,0.0,0.0,0.0,0.0,5.479452054794521e-05,18001.078646439386,-0.0637081382751693,transition_2,23,False
2025-08-19 00:00:00+00:00,0.00310017639364433,0.0031549709141922753,0.5,0.75,-0.25,1.25,0.46669485007639266,0.0,0.0,0.0,0.0,5.479452054794521e-05,18056.88516551921,-0.060805468347888914,transition_2,24,False
2025-08-20 00:00:00+00:00,0.0029201305778317047,0.00297492509837965,0.5,0.75,-0.25,1.25,0.469805304726752,0.0,0.0,0.0,0.0,5.479452054794521e-05,18109.61362803144,-0.058062897677479186,transition_2,25,False
2025-08-21 00:00:00+00:00,-0.0013100194400274452,-0.0012552249194795,0.5,0.75,-0.25,1.25,0.5191180731250415,0.1931428579569039,0.0,0.0,0.0,5.479452054794521e-05,18085.88968212733,-0.0592968535928049,transition_2,26,False
2025-08-22 00:00:00+00:00,0.0021703266190022546,0.0022251211395502,0.5,0.75,-0.25,1.25,0.5375921558291687,0.0,0.0,0.0,0.0,5.479452054794521e-05,18125.141969932793,-0.05725522051357801,transition_2,27,False
2025-08-23 00:00:00+00:00,-0.00015916534219774522,-0.00010437082164980002,0.5,0.75,-0.25,1.25,0.5403550976380196,0.0,0.0,0.0,0.0,5.479452054794521e-05,18122.257075508765,-0.05740527280901009,transition_2,28,True
2025-08-24 00:00:00+00:00,0.0016125344483402047,0.0016673289688881499,0.5,0.75,-0.25,1.25,0.536161670232822,0.0,0.0,0.0,0.0,5.479452054794521e-05,18151.4798393247,-0.055885306340590746,transition_2,29,False
2025-08-25 00:00:00+00:00,-0.003940037456544495,-0.00388524293599655,0.5,0.75,-0.25,1.25,0.5135581073836839,0.0,0.0,0.0,0.0,5.479452054794521e-05,18079.962328866048,-0.0596051535968829,transition_2,30,True
2025-08-26 00:00:00+00:00,0.0023448057852902045,0.00239960030583815,0.5,0.75,-0.25,1.25,0.5165768137625746,0.0,0.0,0.0,0.0,5.479452054794521e-05,18122.3563291326,-0.0574001103205799,transition_2,31,True
2025-08-27 00:00:00+00:00,-0.00056145944582647,-0.0005066649252785248,0.5,0.75,-0.25,1.25,0.5184280180040475,0.0,0.0,0.0,0.0,5.479452054794521e-05,18112.181360990977,-0.05792934193227528,transition_2,32,True
2025-08-28 00:00:00+00:00,0.00172896067402653,0.0017837551945744752,0.5,0.75,-0.25,1.25,0.47606553026335086,0.19952054573710232,0.0,0.0,0.0,5.479452054794521e-05,18143.496610284965,-0.056300538812322,transition_2,33,True
2025-08-29 00:00:00+00:00,-0.0014632229857630703,-0.001408428465215125,0.5,0.75,-0.25,1.25,0.4617693645130704,0.0,0.0,0.0,0.0,5.479452054794521e-05,18116.948629002683,-0.057681381555584,transition_2,34,True
2025-08-30 00:00:00+00:00,-0.0007106043956226702,-0.0006558098750747251,0.5,0.75,-0.25,1.25,0.4611190674195223,0.0,0.0,0.0,0.0,5.479452054794521e-05,18104.074645671644,-0.05835099730792759,transition_2,35,True
2025-08-31 00:00:00+00:00,0.0011537239801737047,0.00120851850072165,0.5,0.75,-0.25,1.25,0.4609338331801751,0.0,0.0,0.0,0.0,5.479452054794521e-05,18124.961750729213,-0.05726459427261499,transition_2,36,False
2025-09-01 00:00:00+00:00,-0.0021885114053450954,-0.00213371688479715,0.5,0.75,-0.25,1.25,0.45678589856294793,0.0,0.0,0.0,0.0,5.479452054794521e-05,18085.295065216294,-0.05932778146027218,transition_2,37,False
2025-09-02 00:00:00+00:00,-0.0011436899697706705,-0.0010888954492227253,0.5,0.75,-0.25,1.25,0.46433567896308553,0.0,0.0,0.0,0.0,5.479452054794521e-05,18064.611094649867,-0.06040361884145784,transition_2,38,True
2025-09-03 00:00:00+00:00,0.0015655261092141798,0.001620320629762125,0.5,0.75,-0.25,1.25,0.4701407302400587,0.0,0.0,0.0,0.0,5.479452054794521e-05,18092.891714971338,-0.05893265617463117,transition_2,39,False
2025-09-04 00:00:00+00:00,-0.0005764655251617952,-0.00052167100461385,0.5,0.75,-0.25,1.25,0.4250081854401852,0.42816773396927504,0.0,0.0,0.0,5.479452054794521e-05,18082.461786647174,-0.059475149055201904,transition_2,40,False
2025-09-05 00:00:00+00:00,-0.0009960144643735953,-0.00094121994382565,0.5,0.75,-0.25,1.25,0.42568412267959543,0.0,0.0,0.0,0.0,5.479452054794521e-05,18064.45139315619,-0.060411925410845946,transition_2,41,False
2025-09-06 00:00:00+00:00,-0.00461617517720662,-0.004561380656658675,0.5,0.75,-0.25,1.25,0.4212697065533065,0.0,0.0,0.0,0.0,5.479452054794521e-05,17981.062721045248,-0.0647492285575636,transition_2,42,False
2025-09-07 00:00:00+00:00,0.006711750338769155,0.0067665448593171,0.5,0.75,-0.25,1.25,0.4272087472225008,0.0,0.0,0.0,0.0,5.479452054794521e-05,18101.747124854654,-0.058472058875500665,transition_2,43,False
2025-09-08 00:00:00+00:00,0.0003608219001974549,0.00041561642074540005,0.5,0.75,-0.25,1.25,0.4335568045969094,0.0,0.0,0.0,0.0,5.479452054794521e-05,18108.278631649137,-0.058132334974695166,transition_2,44,False
2025-09-09 00:00:00+00:00,0.0024048267605674294,0.002459621281115375,0.5,0.75,-0.25,1.25,0.43584969301536214,0.0,0.0,0.0,0.0,5.479452054794521e-05,18151.825904690337,-0.05586730640892923,transition_2,45,False
2025-09-10 00:00:00+00:00,0.0014203688775247297,0.001475163398072675,0.5,0.75,-0.25,1.25,0.4402057654084591,0.0,0.0,0.0,0.0,5.479452054794521e-05,18177.608193275606,-0.05452628971469886,transition_2,46,False
2025-09-11 00:00:00+00:00,-0.001882717741109445,-0.0018279232205614998,0.5,0.75,-0.25,1.25,0.5027198172236108,0.2583957892347819,0.0,0.0,0.0,5.479452054794521e-05,18143.384887839187,-0.05630634984280569,transition_2,47,False
2025-09-12 00:00:00+00:00,-0.0001549165542825699,-0.0001001220337346247,0.5,0.75,-0.25,1.25,0.5136318915954897,0.0,0.0,0.0,0.0,5.479452054794521e-05,18140.574177169343,-0.0564525436113863,transition_2,48,False
2025-09-13 00:00:00+00:00,0.0021440145227044544,0.0021988090432524,0.5,0.75,-0.25,1.25,0.5217061005180853,0.0,0.0,0.0,0.0,5.479452054794521e-05,18179.46783165539,-0.054429564162028266,transition_2,49,False
2025-09-14 00:00:00+00:00,-0.0016498188375265702,-0.001595024316978625,0.5,0.75,-0.25,1.25,0.515255956317005,0.0,0.0,0.0,0.0,5.479452054794521e-05,18149.47500317052,-0.055989584079281896,transition_2,50,False
2025-09-15 00:00:00+00:00,-0.001965059727403095,-0.0019102652068551497,0.5,0.75,-0.25,1.25,0.506613377844219,0.0,0.0,0.0,0.0,5.479452054794521e-05,18113.81020076828,-0.05784462092985676,transition_2,51,False
2025-09-16 00:00:00+00:00,0.0031461151234356294,0.003200909643983575,0.5,0.75,-0.25,1.25,0.5083098806980098,0.0,0.0,0.0,0.0,5.479452054794521e-05,18170.79833298396,-0.05488049164313791,transition_2,52,False
2025-09-17 00:00:00+00:00,0.0025426966989322043,0.0025974912194801497,0.5,0.75,-0.25,1.25,0.5113742239130192,0.0,0.0,0.0,0.0,5.479452054794521e-05,18217.0011619222,-0.05247733938914256,transition_2,53,False
2025-09-18 00:00:00+00:00,0.0004117864300883548,0.0004665809506363,0.5,0.75,-0.25,1.25,0.4874981925558618,0.26232199120809174,0.0,0.0,0.0,5.479452054794521e-05,18224.50267579758,-0.05208716241530198,transition_2,54,False
2025-09-19 00:00:00+00:00,0.0019025931594570452,0.0019573876800049904,0.5,0.75,-0.25,1.25,0.47871851273971594,0.0,0.0,0.0,0.0,5.479452054794521e-05,18259.17648992306,-0.05028366993475175,transition_2,55,False
2025-09-20 00:00:00+00:00,0.004524830670929006,0.004579625191476951,0.5,0.75,-0.25,1.25,0.47917441412979916,0.0,0.0,0.0,0.0,5.479452054794521e-05,18341.796171730566,-0.04598636435579051,transition_2,56,False
2025-09-21 00:00:00+00:00,0.00046932860661717986,0.000524123127165125,0.5,0.75,-0.25,1.25,0.4766038903755713,0.0,0.0,0.0,0.0,5.479452054794521e-05,18350.404501370696,-0.04553861846548013,transition_2,57,False
2025-09-22 00:00:00+00:00,-0.0011543326548068703,-0.001099538134258925,0.5,0.75,-0.25,1.25,0.4540462363354811,0.0,0.0,0.0,0.0,5.479452054794521e-05,18329.22203022585,-0.04664038440593743,transition_2,58,False
2025-09-23 00:00:00+00:00,0.00031045319624500476,0.00036524771679294994,0.5,0.75,-0.25,1.25,0.45263129980691463,0.0,0.0,0.0,0.0,5.479452054794521e-05,18334.91239578982,-0.0463444108661053,transition_2,59,False
2025-09-24 00:00:00+00:00,0.00013461945248600469,0.0001894139730339499,0.5,0.75,-0.25,1.25,0.45372027685513927,0.0,0.0,0.0,0.0,5.479452054794521e-05,18337.380631657918,-0.04621603027283594,transition_2,60,False
2025-09-25 00:00:00+00:00,-8.293840261642022e-05,-2.8143882068475015e-05,0.5,0.75,-0.25,1.25,0.3631520213050925,0.22323015369791904,0.0,0.0,0.0,5.479452054794521e-05,18335.85975860016,-0.046295135591726155,transition_2,61,False
2025-09-26 00:00:00+00:00,-0.0009936511437277451,-0.0009388566231797999,0.5,0.75,-0.25,1.25,0.3655084641053847,0.0,0.0,0.0,0.0,5.479452054794521e-05,18317.640310579794,-0.04724278552102423,transition_2,62,False
2025-09-27 00:00:00+00:00,-0.0003231801837817076,-0.0002683856632337624,0.5,0.75,-0.25,1.25,0.3670155544593787,0.0,0.0,0.0,0.0,5.479452054794521e-05,18311.72041221777,-0.047550697772699047,transition_2,63,False
2025-09-28 00:00:00+00:00,-0.0006331509702684452,-0.0005783564497205,0.5,0.75,-0.25,1.25,0.3702966277237434,0.0,0.0,0.0,0.0,5.479452054794521e-05,18300.126328671493,-0.048153741972535635,transition_2,64,False
2025-09-29 00:00:00+00:00,0.0004869822397563047,0.0005417767603042499,0.5,0.75,-0.25,1.25,0.37549401496228363,0.0,0.0,0.0,0.0,5.479452054794521e-05,18309.038165178856,-0.04769020974989757,transition_2,65,False
2025-09-30 00:00:00+00:00,9.07508358595048e-05,0.00014554535640745,0.5,0.75,-0.25,1.25,0.37374756416054167,0.0,0.0,0.0,0.0,5.479452054794521e-05,18310.699725696126,-0.047603786840435425,transition_2,66,False
2025-10-01 00:00:00+00:00,-0.0004027216831420954,-0.0003479271625941502,0.5,0.75,-0.25,1.25,0.38602777273172295,0.0,0.0,0.0,0.0,5.479452054794521e-05,18303.325609883083,-0.047987337446417255,transition_2,67,False
2025-10-02 00:00:00+00:00,-0.0023675497563544453,-0.0023127552358065,0.5,0.75,-0.25,1.25,0.4529328731851381,0.15453169612395073,0.0,0.0,0.0,5.479452054794521e-05,18259.99157579493,-0.050241274793692225,transition_2,68,False
2025-10-03 00:00:00+00:00,-0.001635259729142695,-0.0015804652085947498,0.5,0.75,-0.25,1.25,0.45928024539985757,0.0,0.0,0.0,0.0,5.479452054794521e-05,18230.131746916548,-0.05179437698942402,transition_2,69,False
2025-10-04 00:00:00+00:00,-0.0001407229473868202,-8.592842683887499e-05,0.5,0.75,-0.25,1.25,0.45312509176672844,0.0,0.0,0.0,0.0,5.479452054794521e-05,18227.56634904587,-0.05192781127942303,transition_2,70,False
2025-10-05 00:00:00+00:00,-0.0008397511943165771,-0.0007849566737686319,0.5,0.75,-0.25,1.25,0.45693941523421344,0.0,0.0,0.0,0.0,5.479452054794521e-05,18212.259728434776,-0.05272395603219926,transition_2,71,False
2025-10-06 00:00:00+00:00,-0.0038431947531712704,-0.003788400232623325,0.5,0.75,-0.25,1.25,0.46626491616410776,0.0,0.0,0.0,0.0,5.479452054794521e-05,18142.26646740306,-0.05636452235418121,transition_2,72,False
2025-10-07 00:00:00+00:00,-0.0031069736951900204,-0.003052179174642075,0.5,0.75,-0.25,1.25,0.46087306873116946,0.0,0.0,0.0,0.0,5.479452054794521e-05,18085.89892271771,-0.05929637296107482,transition_2,73,False
2025-10-08 00:00:00+00:00,-0.0005618631158231912,-0.000507068595275246,0.5,0.75,-0.25,1.25,0.4595825304770729,0.0,0.0,0.0,0.0,5.479452054794521e-05,18075.73712319653,-0.05982491963202918,transition_2,74,False
2025-10-09 00:00:00+00:00,0.0015868628356996296,0.0016416573562475748,0.5,0.75,-0.25,1.25,0.5460846250503897,0.19448391332772058,0.0,0.0,0.0,5.479452054794521e-05,18104.420838665206,-0.05833299073794229,transition_2,75,False
2025-10-10 00:00:00+00:00,0.00268298504211478,0.0027377795626627255,0.5,0.75,-0.25,1.25,0.5014901773947329,0.0,0.0,0.0,0.0,5.479452054794521e-05,18152.9947289715,-0.055806512237439154,transition_2,76,False
2025-10-11 00:00:00+00:00,-0.00362470178508177,-0.0035699072645338247,0.5,0.75,-0.25,1.25,0.47490491355891734,0.0,0.0,0.0,0.0,5.479452054794521e-05,18087.195536572814,-0.05922893205799473,deleveraging,1,True
2025-10-12 00:00:00+00:00,-0.008074316856851995,-0.00801952233630405,0.5,0.75,-0.25,1.25,0.5032297520983472,0.0,0.0,0.0,0.0,5.479452054794521e-05,17941.153788758686,-0.06682501575031752,deleveraging,2,True
2025-10-13 00:00:00+00:00,-0.0009139609771248451,-0.0008591664565769,0.5,0.75,-0.25,1.25,0.5174793104726656,0.0,0.0,0.0,0.0,5.479452054794521e-05,17924.756274311163,-0.0676779012707509,deleveraging,3,True
2025-10-14 00:00:00+00:00,0.0025822529499827545,0.0026370474705307,0.5,0.75,-0.25,1.25,0.5010839818553947,0.0,0.0,0.0,0.0,5.479452054794521e-05,17971.042529078226,-0.0652704097809732,deleveraging,4,True
2025-10-15 00:00:00+00:00,0.0032645446569012793,0.0033193391774492247,0.5,0.75,-0.25,1.25,0.4906766965153424,0.0,0.0,0.0,0.0,5.479452054794521e-05,18029.709799945475,-0.06221894329157607,deleveraging,5,True
2025-10-16 00:00:00+00:00,-0.0015500331560740952,-0.00149523863552615,0.5,0.75,-0.25,1.25,0.5167007359163573,0.2389653415857582,0.0,0.0,0.0,5.479452054794521e-05,18001.763151961164,-0.06367253502261239,deleveraging,6,False
2025-10-17 00:00:00+00:00,-0.0008944973559160201,-0.000839702835368075,0.5,0.75,-0.25,1.25,0.49713290924382314,0.0,0.0,0.0,0.0,5.479452054794521e-05,17985.66062241991,-0.06451007746430615,deleveraging,7,True
2025-10-18 00:00:00+00:00,-0.00017683137022044516,-0.00012203684967249996,0.5,0.75,-0.25,1.25,0.5031322475459452,0.0,0.0,0.0,0.0,5.479452054794521e-05,17982.480193407726,-0.06467550142913558,deleveraging,8,True
2025-10-19 00:00:00+00:00,0.0003981520602945048,0.00045294658084244995,0.5,0.75,-0.25,1.25,0.5113604253201961,0.0,0.0,0.0,0.0,5.479452054794521e-05,17989.639954945935,-0.06430310005298578,deleveraging,9,False
2025-10-20 00:00:00+00:00,0.0013444126552449047,0.0013992071757928499,0.5,0.75,-0.25,1.25,0.5197271038092661,0.0,0.0,0.0,0.0,5.479452054794521e-05,18013.825454564663,-0.06304513729922356,deleveraging,10,False
2025-10-21 00:00:00+00:00,0.00267253914017008,0.002727333660718025,0.5,0.75,-0.25,1.25,0.5112099926364958,0.0,0.0,0.0,0.0,5.479452054794521e-05,18061.96810815618,-0.060541088756083106,deleveraging,11,False
2025-10-22 00:00:00+00:00,-0.0008932329216296453,-0.0008384384010817001,0.5,0.75,-0.25,1.25,0.5046900277057207,0.0,0.0,0.0,0.0,5.479452054794521e-05,18045.83456361255,-0.061380244384124594,deleveraging,12,True
2025-10-23 00:00:00+00:00,-0.0037704852181588457,-0.0037156906976109003,0.5,0.75,-0.25,1.25,0.5312912461443773,0.05006400484057942,0.0,0.0,0.0,5.479452054794521e-05,17977.793011141108,-0.06491929629814608,deleveraging,13,False
2025-10-24 00:00:00+00:00,-0.0013265455229817698,-0.0012717510024338246,0.5,0.75,-0.25,1.25,0.5363552984292785,0.0,0.0,0.0,0.0,5.479452054794521e-05,17953.944650309088,-0.06615972341926835,deleveraging,14,False
2025-10-25 00:00:00+00:00,-0.0011569840069803451,-0.0011021894864324,0.5,0.75,-0.25,1.25,0.5377398552036319,0.0,0.0,0.0,0.0,5.479452054794521e-05,17933.17222348647,-0.06724016168434643,deleveraging,15,False
2025-10-26 00:00:00+00:00,0.0022585813871931295,0.002313375907741075,0.5,0.75,-0.25,1.25,0.5499004947441797,0.0,0.0,0.0,0.0,5.479452054794521e-05,17973.675752483763,-0.06513344767480544,deleveraging,16,False
2025-10-27 00:00:00+00:00,0.00027717385629330484,0.00033196837684125,0.5,0.75,-0.25,1.25,0.5520477233113075,0.0,0.0,0.0,0.0,5.479452054794521e-05,17978.657585503843,-0.06487432710737795,deleveraging,17,False
2025-10-28 00:00:00+00:00,0.002635705468320105,0.0026904999888680502,0.5,0.75,-0.25,1.25,0.5409128786253623,0.0,0.0,0.0,0.0,5.479452054794521e-05,18026.04403161501,-0.06240961125776834,deleveraging,18,False
2025-10-29 00:00:00+00:00,-0.004091140636086395,-0.00403634611553845,0.5,0.75,-0.25,1.25,0.5394386827190506,0.0,0.0,0.0,0.0,5.479452054794521e-05,17952.296950369386,-0.06624542539715572,deleveraging,19,False
2025-10-30 00:00:00+00:00,-0.00516211888765632,-0.005107324367108375,0.5,0.75,-0.25,1.25,0.4193802575849751,0.5528732484007826,0.0,0.0,0.0,5.479452054794521e-05,17859.62505920507,-0.07106557752314846,deleveraging,20,False
2025-10-31 00:00:00+00:00,0.0009434857529713799,0.000998280273519325,0.5,0.75,-0.25,1.25,0.4204042421885511,0.0,0.0,0.0,0.0,5.479452054794521e-05,17876.47536100184,-0.07018914113009689,deleveraging,21,True
2025-11-01 00:00:00+00:00,0.0035325760601442294,0.0035873705806921748,0.5,0.75,-0.25,1.25,0.4231920817608487,0.0,0.0,0.0,0.0,5.479452054794521e-05,17939.62536990187,-0.06690451354959115,deleveraging,22,False
2025-11-02 00:00:00+00:00,-0.0006565176610217452,-0.0006017231404738,0.5,0.75,-0.25,1.25,0.4234077712197193,0.0,0.0,0.0,0.0,5.479452054794521e-05,17927.84768901442,-0.06751710721586535,deleveraging,23,False
2025-11-03 00:00:00+00:00,-0.0034148682879555454,-0.0033600737674076,0.5,0.75,-0.25,1.25,0.39853634914444164,0.0,0.0,0.0,0.0,5.479452054794521e-05,17866.626450469903,-0.07070141347549519,deleveraging,24,False
2025-11-04 00:00:00+00:00,-0.002476197974714145,-0.0024214034541662,0.5,0.75,-0.25,1.25,0.38088457385550467,0.0,0.0,0.0,0.0,5.479452054794521e-05,17822.385146238277,-0.07300254075335177,deleveraging,25,True
2025-11-05 00:00:00+00:00,0.004483732933567904,0.00453852745411585,0.5,0.75,-0.25,1.25,0.3837537132270258,0.0,0.0,0.0,0.0,5.479452054794521e-05,17902.295961473195,-0.06884613171599385,deleveraging,26,True
2025-11-06 00:00:00+00:00,-0.00385545986773862,-0.0038006653471906746,0.5,0.75,-0.25,1.25,0.5126190463314865,0.18683961060427867,0.0,0.0,0.0,5.479452054794521e-05,17833.274377853355,-0.07243615808585246,deleveraging,27,False
2025-11-07 00:00:00+00:00,0.0032871717953248045,0.00334196631587275,0.5,0.75,-0.25,1.25,0.536946015918898,0.0,0.0,0.0,0.0,5.479452054794521e-05,17891.89541440653,-0.06938709638634888,deleveraging,28,False
2025-11-08 00:00:00+00:00,-0.0009160839806551953,-0.0008612894601072502,0.5,0.75,-0.25,1.25,0.542602909314513,0.0,0.0,0.0,0.0,5.479452054794521e-05,17875.50493563383,-0.07023961595954042,deleveraging,29,False
2025-11-09 00:00:00+00:00,0.0026436459099553385,0.002698440430503284,0.5,0.75,-0.25,1.25,0.5489960536812986,0.0,0.0,0.0,0.0,5.479452054794521e-05,17922.761441145303,-0.06778165872303354,deleveraging,30,False
2025-11-10 00:00:00+00:00,0.0019190181734587547,0.0019738126940067,0.5,0.75,-0.25,1.25,0.5571392004579174,0.0,0.0,0.0,0.0,5.479452054794521e-05,17957.155546069425,-0.06599271478449154,deleveraging,31,False
2025-11-11 00:00:00+00:00,-0.0019455487746939202,-0.001890754254145975,0.5,0.75,-0.25,1.25,0.5408844895186906,0.0,0.0,0.0,0.0,5.479452054794521e-05,17922.219024099784,-0.06780987151379769,deleveraging,32,False
2025-11-12 00:00:00+00:00,-0.00192608123457757,-0.001871286714029625,0.5,0.75,-0.25,1.25,0.5322496533339794,0.0,0.0,0.0,0.0,5.479452054794521e-05,17887.699374355474,-0.06960534542733354,deleveraging,33,False
2025-11-13 00:00:00+00:00,0.0004587583043019548,0.0005135528248499,0.5,0.75,-0.25,1.25,0.47125399304267984,0.09290698787796682,0.0,0.0,0.0,5.479452054794521e-05,17895.905504988317,-0.06917851915327011,deleveraging,34,False
2025-11-14 00:00:00+00:00,-0.004775014326651021,-0.004720219806103075,0.5,0.75,-0.25,1.25,0.4541017045573005,0.0,0.0,0.0,0.0,5.479452054794521e-05,17810.452299813605,-0.07362320505986775,deleveraging,35,False
2025-11-15 00:00:00+00:00,-0.00040450161548927026,-0.0003497070949413251,0.5,0.75,-0.25,1.25,0.4594143095327978,0.0,0.0,0.0,0.0,5.479452054794521e-05,17803.247943085735,-0.0739979259699729,deleveraging,36,False
2025-11-16 00:00:00+00:00,-0.001388497435115645,-0.0013337029145676998,0.5,0.75,-0.25,1.25,0.4517007360291271,0.0,0.0,0.0,0.0,5.479452054794521e-05,17778.528178980036,-0.07528367747467513,deleveraging,37,False
2025-11-17 00:00:00+00:00,-0.00186690971112282,-0.0018121151905748749,0.5,0.75,-0.25,1.25,0.4418957518205957,0.0,0.0,0.0,0.0,5.479452054794521e-05,17745.337272073226,-0.0770100393572315,deleveraging,38,False
2025-11-18 00:00:00+00:00,-0.0023543897890663957,-0.0022995952685184503,0.5,0.75,-0.25,1.25,0.447012183400173,0.0,0.0,0.0,0.0,5.479452054794521e-05,17703.557831196318,-0.07918311749597962,deleveraging,39,False
2025-11-19 00:00:00+00:00,2.814651854252978e-05,8.294103909047499e-05,0.5,0.75,-0.25,1.25,0.43793740595539377,0.0,0.0,0.0,0.0,5.479452054794521e-05,17704.056124715084,-0.07915719970652191,deleveraging,40,False
2025-11-20 00:00:00+00:00,-0.0049837755128907205,-0.004928980992342775,0.5,0.75,-0.25,1.25,0.3863792290436454,0.2403324391176639,0.0,0.0,0.0,5.479452054794521e-05,17615.823083321884,-0.0837464735058463,deleveraging,41,False
2025-11-21 00:00:00+00:00,-0.0028483804679099453,-0.002793585947362,0.5,0.75,-0.25,1.25,0.3693608520196397,0.0,0.0,0.0,0.0,5.479452054794521e-05,17565.646516925193,-0.0863563121543659,deleveraging,42,False
2025-11-22 00:00:00+00:00,-0.0020564030241692704,-0.002001608503621325,0.5,0.75,-0.25,1.25,0.3675044724875227,0.0,0.0,0.0,0.0,5.479452054794521e-05,17529.5244683063,-0.08823513179706488,deleveraging,43,False
2025-11-23 00:00:00+00:00,0.0017885824574603796,0.0018433769780083248,0.5,0.75,-0.25,1.25,0.37188659795341317,0.0,0.0,0.0,0.0,5.479452054794521e-05,17560.877468257935,-0.08660436514846837,deleveraging,44,False
2025-11-24 00:00:00+00:00,0.0003032659347144798,0.000358060455262425,0.5,0.75,-0.25,1.25,0.37843069607502744,0.0,0.0,0.0,0.0,5.479452054794521e-05,17566.20308417775,-0.08632736336750124,deleveraging,45,False
2025-11-25 00:00:00+00:00,4.643890317570476e-05,0.00010123342372364997,0.5,0.75,-0.25,1.25,0.37832873039994425,0.0,0.0,0.0,0.0,5.479452054794521e-05,17567.018839381944,-0.08628493341239407,deleveraging,46,False
2025-11-26 00:00:00+00:00,0.0005577198078483048,0.00061251432839625,0.5,0.75,-0.25,1.25,0.38455622798942257,0.0,0.0,0.0,0.0,5.479452054794521e-05,17576.816313753512,-0.08577533642102875,deleveraging,47,False
2025-11-27 00:00:00+00:00,0.0007970072602341554,0.0008518017807821006,0.5,0.75,-0.25,1.25,0.4460594716076951,0.33381350554212785,0.0,0.0,0.0,5.479452054794521e-05,17590.825163967373,-0.08504669272667131,deleveraging,48,False
2025-11-28 00:00:00+00:00,-0.0028973267478575706,-0.002842532227309625,0.5,0.75,-0.25,1.25,0.44370084523201825,0.0,0.0,0.0,0.0,5.479452054794521e-05,17539.858795702927,-0.08769761141687493,deleveraging,49,False
2025-11-29 00:00:00+00:00,0.003928328964724205,0.0039831234852721505,0.5,0.75,-0.25,1.25,0.4374778823025045,0.0,0.0,0.0,0.0,5.479452054794521e-05,17608.76113104726,-0.08411378751921672,deleveraging,50,False
2025-11-30 00:00:00+00:00,-0.00332969703708767,-0.0032749025165397247,0.5,0.75,-0.25,1.25,0.43916506917932585,0.0,0.0,0.0,0.0,5.479452054794521e-05,17550.12929128243,-0.08716341112722337,deleveraging,51,False
2025-12-01 00:00:00+00:00,-0.00012029281466182016,-6.549829411387495e-05,0.5,0.75,-0.25,1.25,0.4138977600112067,0.0,0.0,0.0,0.0,5.479452054794521e-05,17548.0181368323,-0.0872732188098253,deleveraging,52,False
2025-12-02 00:00:00+00:00,0.00152854335254268,0.0015833378730906252,0.5,0.75,-0.25,1.25,0.4337704316454772,0.0,0.0,0.0,0.0,5.479452054794521e-05,17574.841043305652,-0.0858780763557494,deleveraging,53,False
2025-12-03 00:00:00+00:00,-0.008011186173222346,-0.0079563916526744,0.5,0.75,-0.25,1.25,0.46185514931925237,0.0,0.0,0.0,0.0,5.479452054794521e-05,17434.045719742942,-0.09320127727108762,deleveraging,54,False
2025-12-04 00:00:00+00:00,0.0012822820533860799,0.001337076573934025,0.5,0.75,-0.25,1.25,0.4800040739642277,0.08237041203297368,0.0,0.0,0.0,5.479452054794521e-05,17456.401083687277,-0.09203850554289905,deleveraging,55,False
2025-12-05 00:00:00+00:00,-0.0005479450217961452,-0.0004931505012482,0.5,0.75,-0.25,1.25,0.46638705058220475,0.0,0.0,0.0,0.0,5.479452054794521e-05,17446.835935614996,-0.09253601852376936,deleveraging,56,False
2025-12-06 00:00:00+00:00,-0.00472133701533312,-0.004666542494785175,0.5,0.75,-0.25,1.25,0.4666614032028594,0.0,0.0,0.0,0.0,5.479452054794521e-05,17364.46354331173,-0.0968204618095948,deleveraging,57,False
2025-12-07 00:00:00+00:00,-0.00034188830471937304,-0.00028709378417142786,0.5,0.75,-0.25,1.25,0.4694234371907802,0.0,0.0,0.0,0.0,5.479452054794521e-05,17358.526836308545,-0.09712924833076397,transition,1,False
2025-12-08 00:00:00+00:00,0.0026366223431954546,0.0026914168637434,0.5,0.75,-0.25,1.25,0.4726036228463253,0.0,0.0,0.0,0.0,5.479452054794521e-05,17404.294716010118,-0.09474871913389504,transition,2,False
2025-12-09 00:00:00+00:00,0.0039016496456154293,0.003956444166163375,0.5,0.75,-0.25,1.25,0.4780175635432862,0.0,0.0,0.0,0.0,5.479452054794521e-05,17472.200176321025,-0.09121674579471084,transition,3,False
2025-12-10 00:00:00+00:00,-0.0008213237681906202,-0.000766529247642675,0.5,0.75,-0.25,1.25,0.47474781229706964,0.0,0.0,0.0,0.0,5.479452054794521e-05,17457.849843033626,-0.09196315108152342,deleveraging,1,False
2025-12-11 00:00:00+00:00,-0.0074156310357859955,-0.00736083651523805,0.5,0.75,-0.25,1.25,0.5035202028507771,0.3778662201223243,0.0,0.0,0.0,5.479452054794521e-05,17328.388869919534,-0.09869681732000057,deleveraging,2,False
2025-12-12 00:00:00+00:00,-0.004112783150270995,-0.00405798862972305,0.5,0.75,-0.25,1.25,0.5033771115546603,0.0,0.0,0.0,0.0,5.479452054794521e-05,17257.120964153986,-0.10240368186301241,deleveraging,3,False
2025-12-13 00:00:00+00:00,6.525354780257978e-05,0.00012004806835052499,0.5,0.75,-0.25,1.25,0.5027423154755233,0.0,0.0,0.0,0.0,5.479452054794521e-05,17258.247052521754,-0.1023451105187595,deleveraging,4,False
2025-12-14 00:00:00+00:00,-0.0018594917508883454,-0.0018046972303404003,0.5,0.75,-0.25,1.25,0.49554219174935593,0.0,0.0,0.0,0.0,5.479452054794521e-05,17226.155484492796,-0.10401429238089455,transition,1,False
2025-12-15 00:00:00+00:00,0.0010239758425307796,0.0010787703630787248,0.5,0.75,-0.25,1.25,0.4847094096345916,0.0,0.0,0.0,0.0,5.479452054794521e-05,17243.794651568594,-0.10309682466103975,transition,2,False
2025-12-16 00:00:00+00:00,-0.0021164659563087953,-0.00206167143576085,0.5,0.75,-0.25,1.25,0.482751846818651,0.0,0.0,0.0,0.0,5.479452054794521e-05,17207.298747230972,-0.10499508969774984,deleveraging,1,False
2025-12-17 00:00:00+00:00,-0.0028740085941194203,-0.002819214073571475,0.5,0.75,-0.25,1.25,0.47563442339206885,0.0,0.0,0.0,0.0,5.479452054794521e-05,17157.844822749852,-0.10756734150173752,transition,1,False
2025-12-18 00:00:00+00:00,-0.007103921125015296,-0.0070491266044673505,0.5,0.75,-0.25,1.25,0.4896184837685623,0.06553647989022833,0.0,0.0,0.0,5.479452054794521e-05,17035.956846453784,-0.11390711271709686,transition,2,False
2025-12-19 00:00:00+00:00,-0.0032388334297564453,-0.0031840389092085,0.5,0.75,-0.25,1.25,0.5101151795727197,0.0,0.0,0.0,0.0,5.479452054794521e-05,16980.7802199116,-0.11677701998229817,deleveraging,1,False
2025-12-20 00:00:00+00:00,0.004146209529877929,0.004201004050425875,0.5,0.75,-0.25,1.25,0.5097017313289673,0.0,0.0,0.0,0.0,5.479452054794521e-05,17051.186092684162,-0.11311499244554157,transition,1,False
2025-12-21 00:00:00+00:00,-0.0033822189389562706,-0.003327424418408325,0.5,0.75,-0.25,1.25,0.5081229097066863,0.0,0.0,0.0,0.0,5.479452054794521e-05,16993.515248149815,-0.11611463171476877,transition,2,False
2025-12-22 00:00:00+00:00,0.00113100666487343,0.001185801185421375,0.5,0.75,-0.25,1.25,0.5093122547518459,0.0,0.0,0.0,0.0,5.479452054794521e-05,17012.735027155104,-0.11511495147225392,transition,3,False
2025-12-23 00:00:00+00:00,0.0016925849313373798,0.001747379451885325,0.5,0.75,-0.25,1.25,0.5012817534906402,0.0,0.0,0.0,0.0,5.479452054794521e-05,17041.530526102903,-0.11361720837315015,transition,4,False
2025-12-24 00:00:00+00:00,-0.0007156533152909202,-0.000660858794742975,0.5,0.75,-0.25,1.25,0.49610890564565385,0.0,0.0,0.0,0.0,5.479452054794521e-05,17029.334698284263,-0.1142515511565948,transition,5,False
2025-12-25 00:00:00+00:00,-0.0027475388293972704,-0.002692744308849325,0.5,0.75,-0.25,1.25,0.48106013314280255,0.3363006374854253,0.0,0.0,0.0,5.479452054794521e-05,16982.545939961925,-0.11668517941287049,transition,6,False
2025-12-26 00:00:00+00:00,-0.000953778959335695,-0.0008989844387877499,0.5,0.75,-0.25,1.25,0.48290259568823657,0.0,0.0,0.0,0.0,5.479452054794521e-05,16966.34834496844,-0.11752766650321578,transition,7,False
2025-12-27 00:00:00+00:00,-1.9169217481644786e-05,3.562530306630042e-05,0.5,0.75,-0.25,1.25,0.49315658624712927,0.0,0.0,0.0,0.0,5.479452054794521e-05,16966.023113347142,-0.11754458280729818,transition,8,False
2025-12-28 00:00:00+00:00,-0.0019418874797508953,-0.00188709295920295,0.5,0.75,-0.25,1.25,0.49544878720520097,0.0,0.0,0.0,0.0,5.479452054794521e-05,16933.07700548217,-0.11925821193338304,transition,9,False
2025-12-29 00:00:00+00:00,0.00109971487911968,0.0011545093996676251,0.5,0.75,-0.25,1.25,0.4916483469114025,0.0,0.0,0.0,0.0,5.479452054794521e-05,16951.69856221438,-0.11828964708438361,transition,10,False
2025-12-30 00:00:00+00:00,0.0005145311266451296,0.0005693256471930748,0.5,0.75,-0.25,1.25,0.4902112891799173,0.0,0.0,0.0,0.0,5.479452054794521e-05,16960.420738774144,-0.11783597966312331,transition,11,False
2025-12-31 00:00:00+00:00,-0.0037668213145459206,-0.0037120267939979752,0.5,0.75,-0.25,1.25,0.4875292339685746,0.0,0.0,0.0,0.0,5.479452054794521e-05,16896.533864431665,-0.1211589338978537,transition,12,False
2026-01-01 00:00:00+00:00,0.0010505291457334547,0.0011053236662814,0.5,0.75,-0.25,1.25,0.5107634236233682,0.19755044223938056,0.0,0.0,0.0,5.479452054794521e-05,16914.28416571812,-0.12023568574344601,transition,13,False
2026-01-02 00:00:00+00:00,-0.002075282893392295,-0.0020204883728443495,0.5,0.75,-0.25,1.25,0.5346218564410623,0.0,0.0,0.0,0.0,5.479452054794521e-05,16879.18224113503,-0.12206144557503962,transition,14,False
2026-01-03 00:00:00+00:00,-0.002907167614840895,-0.00285237309429295,0.5,0.75,-0.25,1.25,0.5431671428159146,0.0,0.0,0.0,0.0,5.479452054794521e-05,16830.111629158604,-0.12461376010828418,transition,15,False
2026-01-04 00:00:00+00:00,0.0006992422500259298,0.000754036770573875,0.5,0.75,-0.25,1.25,0.5503228199978208,0.0,0.0,0.0,0.0,5.479452054794521e-05,16841.87995428236,-0.1240016530642607,transition,16,False
2026-01-05 00:00:00+00:00,0.004354293622514004,0.00440908814306195,0.5,0.75,-0.25,1.25,0.5630970693998824,0.0,0.0,0.0,0.0,5.479452054794521e-05,16915.21444475844,-0.1201872990488656,transition,17,False
2026-01-06 00:00:00+00:00,-0.0005398876689362703,-0.0004850931483883251,0.5,0.75,-0.25,1.25,0.5654790947733221,0.0,0.0,0.0,0.0,5.479452054794521e-05,16906.082129062303,-0.12066229907708259,transition_2,1,False
2026-01-07 00:00:00+00:00,-0.002306476643384795,-0.0022516821228368497,0.5,0.75,-0.25,1.25,0.5540616033345072,0.0,0.0,0.0,0.0,5.479452054794521e-05,16867.088645500473,-0.12269047094590912,transition_2,2,False
2026-01-08 00:00:00+00:00,-0.0013962959002303702,-0.001341501379682425,0.5,0.75,-0.25,1.25,0.5675264982103626,0.30180828710237806,0.0,0.0,0.0,5.479452054794521e-05,16843.53719877594,-0.12391545464456033,transition,1,False
2026-01-09 00:00:00+00:00,-4.559351621597019e-05,9.201004331975014e-06,0.5,0.75,-0.25,1.25,0.5671120922820276,0.0,0.0,0.0,0.0,5.479452054794521e-05,16842.769242689534,-0.12395539841948544,transition,2,False
2026-01-10 00:00:00+00:00,-2.1631312931545108e-05,3.31632076164001e-05,0.5,0.75,-0.25,1.25,0.5678934401735378,0.0,0.0,0.0,0.0,5.479452054794521e-05,16842.40491147741,-0.12397434841440436,transition,3,False
2026-01-11 00:00:00+00:00,-0.00042831786240877026,-0.0003735233418608251,0.5,0.75,-0.25,1.25,0.5699850299390588,0.0,0.0,0.0,0.0,5.479452054794521e-05,16835.191008607904,-0.12434956584890666,transition,4,False
2026-01-12 00:00:00+00:00,0.0021428933714708297,0.002197687892018775,0.5,0.75,-0.25,1.25,0.5668265863052575,0.0,0.0,0.0,0.0,5.479452054794521e-05,16871.267027827696,-0.12247314033783863,transition,5,False
2026-01-13 00:00:00+00:00,0.004271628415181254,0.0043264229357292,0.5,0.75,-0.25,1.25,0.585222652848696,0.0,0.0,0.0,0.0,5.479452054794521e-05,16943.334811463876,-0.11872467166902101,transition,6,False
2026-01-14 00:00:00+00:00,0.00151115003102603,0.0015659445515739752,0.5,0.75,-0.25,1.25,0.5908074937856099,0.0,0.0,0.0,0.0,5.479452054794521e-05,16968.938732389906,-0.11739293242927107,deleveraging,1,False
2026-01-15 00:00:00+00:00,0.0004145515254760047,0.0004693460460239499,0.5,0.75,-0.25,1.25,0.5771903200616186,0.2731488649693142,0.0,0.0,0.0,5.479452054794521e-05,16975.973231827127,-0.11702704632301364,deleveraging,2,False
2026-01-16 00:00:00+00:00,-0.0029334049272194953,-0.00287861040667155,0.5,0.75,-0.25,1.25,0.576524703576487,0.0,0.0,0.0,0.0,5.479452054794521e-05,16926.17582830454,-0.11961716353593133,deleveraging,3,False
2026-01-17 00:00:00+00:00,0.00251990628370663,0.0025747008042545753,0.5,0.75,-0.25,1.25,0.5793197707947083,0.0,0.0,0.0,0.0,5.479452054794521e-05,16968.82820513341,-0.1173986812942579,deleveraging,4,False
2026-01-18 00:00:00+00:00,-0.0012550321064340453,-0.0012002375858861,0.5,0.75,-0.25,1.25,0.5728602845534292,0.0,0.0,0.0,0.0,5.479452054794521e-05,16947.531780927402,-0.11850637428641475,transition,1,False
2026-01-19 00:00:00+00:00,-0.00011683184542954537,-6.203732488160017e-05,0.5,0.75,-0.25,1.25,0.5557363086494873,0.0,0.0,0.0,0.0,5.479452054794521e-05,16945.55176951396,-0.1186093608134412,transition,2,False
2026-01-20 00:00:00+00:00,-0.0036307553666545703,-0.003575960846106625,0.5,0.75,-0.25,1.25,0.5373080476481777,0.0,0.0,0.0,0.0,5.479452054794521e-05,16884.026616485877,-0.12180947460678682,deleveraging,1,False
2026-01-21 00:00:00+00:00,0.00045732885580617995,0.0005121233763541251,0.5,0.75,-0.25,1.25,0.5371973775895476,0.0,0.0,0.0,0.0,5.479452054794521e-05,16891.748169059792,-0.12140785273862909,deleveraging,2,False
2026-01-22 00:00:00+00:00,-0.0021110269343751205,-0.002056232413827175,0.5,0.75,-0.25,1.25,0.5518673708265429,0.2764280897847128,0.0,0.0,0.0,5.479452054794521e-05,16856.089233706225,-0.12326258442582827,deleveraging,3,False
2026-01-23 00:00:00+00:00,0.001369649530368055,0.0014244440509160001,0.5,0.75,-0.25,1.25,0.5493883855995727,0.0,0.0,0.0,0.0,5.479452054794521e-05,16879.176168409016,-0.12206176143633085,transition,1,False
2026-01-24 00:00:00+00:00,0.0001031290950243298,0.000157923615572275,0.5,0.75,-0.25,1.25,0.5476690948147849,0.0,0.0,0.0,0.0,5.479452054794521e-05,16880.916902572022,-0.12197122046030051,transition,2,False
2026-01-25 00:00:00+00:00,0.00017050217304225487,0.00022529669359020008,0.5,0.75,-0.25,1.25,0.5348132902222498,0.0,0.0,0.0,0.0,5.479452054794521e-05,16883.795135586854,-0.12182151464539548,transition,3,False
2026-01-26 00:00:00+00:00,0.0002885237407263575,0.00034331826127430266,0.5,0.75,-0.25,1.25,0.5396936975120137,0.0,0.0,0.0,0.0,5.479452054794521e-05,16888.66651131703,-0.12156813930377552,transition,4,False
2026-01-27 00:00:00+00:00,-0.0018487111772908453,-0.0017939166567429,0.5,0.75,-0.25,1.25,0.5475355671318665,0.0,0.0,0.0,0.0,5.479452054794521e-05,16857.444244768023,-0.12319210610313291,transition,5,False
2026-01-28 00:00:00+00:00,0.0009407812620920298,0.000995575782639975,0.5,0.75,-0.25,1.25,0.5483600268839377,0.0,0.0,0.0,0.0,5.479452054794521e-05,16873.303412440262,-0.12236722166610037,transition,6,False
2026-01-29 00:00:00+00:00,-0.0030794434529493454,-0.0030246489324014,0.5,0.75,-0.25,1.25,0.48687398928956255,0.21267887529561902,0.0,0.0,0.0,5.479452054794521e-05,16821.343028717194,-0.1250698421794345,transition,7,False
2026-01-30 00:00:00+00:00,-0.0008584774447716703,-0.0008036829242237251,0.5,0.75,-0.25,1.25,0.47387878889076795,0.0,0.0,0.0,0.0,5.479452054794521e-05,16806.902285136275,-0.12582094998567384,transition,8,False
2026-01-31 00:00:00+00:00,-0.0016837056715416701,-0.001628911150993725,0.5,0.75,-0.25,1.25,0.44714686900128353,0.0,0.0,0.0,0.0,5.479452054794521e-05,16778.604408437743,-0.12729281021012606,deleveraging,1,False
2026-02-01 00:00:00+00:00,-0.0017054190347714454,-0.0016506245142235002,0.5,0.75,-0.25,1.25,0.430054392627695,0.0,0.0,0.0,0.0,5.479452054794521e-05,16749.989857102693,-0.1287811416633755,deleveraging,2,False
2026-02-02 00:00:00+00:00,0.00012258523445375473,0.00017737975500169994,0.5,0.75,-0.25,1.25,0.4338587695862682,0.0,0.0,0.0,0.0,5.479452054794521e-05,16752.043158536424,-0.12867434309536585,deleveraging,3,False
2026-02-03 00:00:00+00:00,-0.0012225185661260453,-0.0011677240455781,0.5,0.75,-0.25,1.25,0.42889405914541373,0.0,0.0,0.0,0.0,5.479452054794521e-05,16731.56347475457,-0.12973955488807365,deleveraging,4,False
2026-02-04 00:00:00+00:00,-0.00098330300224227,-0.0009285084816943248,0.5,0.75,-0.25,1.25,0.4149858426832089,0.0,0.0,0.0,0.0,5.479452054794521e-05,16715.111278157638,-0.13059528459648484,deleveraging,5,False
2026-02-05 00:00:00+00:00,-0.00586126919650232,-0.005806474675954375,0.5,0.75,-0.25,1.25,0.41357085279519606,0.3077960736226743,0.0,0.0,0.0,5.479452054794521e-05,16617.139511306865,-0.13569109967417325,deleveraging,6,False
2026-02-06 00:00:00+00:00,0.0032410566986598548,0.0032958512192078,0.5,0.75,-0.25,1.25,0.427145571020658,0.0,0.0,0.0,0.0,5.479452054794521e-05,16670.99660263255,-0.13288982552306106,deleveraging,7,False
2026-02-07 00:00:00+00:00,-0.0006660689147573202,-0.000611274394209375,0.5,0.75,-0.25,1.25,0.4321483505857872,0.0,0.0,0.0,0.0,5.479452054794521e-05,16659.892570017513,-0.13346738065594976,deleveraging,8,False
2026-02-08 00:00:00+00:00,0.00032237511760485474,0.0003771696381528,0.5,0.75,-0.25,1.25,0.43161046130111136,0.0,0.0,0.0,0.0,5.479452054794521e-05,16665.26330484406,-0.13318803210088026,deleveraging,9,False
2026-02-09 00:00:00+00:00,-0.0009527447977786202,-0.0008979502772306751,0.5,0.75,-0.25,1.25,0.429438731648699,0.0,0.0,0.0,0.0,5.479452054794521e-05,16649.385561926756,-0.13401388269394843,deleveraging,10,False
2026-02-10 00:00:00+00:00,0.00024304474874517975,0.00029783926929312496,0.5,0.75,-0.25,1.25,0.42123276147466393,0.0,0.0,0.0,0.0,5.479452054794521e-05,16653.432107657416,-0.13380340931565093,deleveraging,11,False
2026-02-11 00:00:00+00:00,-0.0006112568684939952,-0.00055646234794605,0.5,0.75,-0.25,1.25,0.41141202231301616,0.0,0.0,0.0,0.0,5.479452054794521e-05,16643.252582897614,-0.13433287793117277,deleveraging,12,False
2026-02-12 00:00:00+00:00,0.0020004852422491454,0.002055279762797091,0.5,0.75,-0.25,1.25,0.4308117931485054,0.19784044142359913,0.0,0.0,0.0,5.479452054794521e-05,16676.547164072723,-0.13260112362877396,deleveraging,13,False
2026-02-13 00:00:00+00:00,-0.000995289241241195,-0.0009404947206932499,0.5,0.75,-0.25,1.25,0.44457400006219827,0.0,0.0,0.0,0.0,5.479452054794521e-05,16659.94917609927,-0.13346443639829086,transition,1,False
2026-02-14 00:00:00+00:00,0.005031860920337005,0.005086655440884951,0.5,0.75,-0.25,1.25,0.45896037595609485,0.0,0.0,0.0,0.0,5.479452054794521e-05,16743.779723293286,-0.1291041499597212,deleveraging,1,False
2026-02-15 00:00:00+00:00,-0.0004250959934124952,-0.00037030147286455,0.5,0.75,-0.25,1.25,0.4496094721217602,0.0,0.0,0.0,0.0,5.479452054794521e-05,16736.662009618332,-0.12947436429625292,deleveraging,2,False
2026-02-16 00:00:00+00:00,-0.0025431076329567957,-0.0024883131124088503,0.5,0.75,-0.25,1.25,0.44955635069576605,0.0,0.0,0.0,0.0,5.479452054794521e-05,16694.098876711454,-0.13168820468509568,deleveraging,3,False
2026-02-17 00:00:00+00:00,-0.0017369041689041453,-0.0016821096483562,0.5,0.75,-0.25,1.25,0.44662657420914265,0.0,0.0,0.0,0.0,5.479452054794521e-05,16665.102826776398,-0.13319637906228665,deleveraging,4,False
2026-02-18 00:00:00+00:00,0.0002851314249043049,0.00033992594545225005,0.5,0.75,-0.25,1.25,0.43959352647762573,0.0,0.0,0.0,0.0,5.479452054794521e-05,16669.854571291573,-0.13294922611073645,deleveraging,5,False
2026-02-19 00:00:00+00:00,-0.0013619437350741203,-0.001307149214526175,0.5,0.75,-0.25,1.25,0.5493871476411052,0.33169550940662224,0.0,0.0,0.0,5.479452054794521e-05,16647.151167293607,-0.1341301004802261,deleveraging,6,False
2026-02-20 00:00:00+00:00,0.0038472718042405546,0.0039020663247885,0.5,0.75,-0.25,1.25,0.559083133883625,0.0,0.0,0.0,0.0,5.479452054794521e-05,16711.197282600464,-0.1307988636296631,deleveraging,7,False
2026-02-21 00:00:00+00:00,-0.0003788687811901544,-0.00032407426064220925,0.5,0.75,-0.25,1.25,0.5628625764903259,0.0,0.0,0.0,0.0,5.479452054794521e-05,16704.865931653778,-0.13112817680480882,deleveraging,8,False
2026-02-22 00:00:00+00:00,-0.0010213514576651202,-0.000966556937117175,0.5,0.75,-0.25,1.25,0.5542907390386858,0.0,0.0,0.0,0.0,5.479452054794521e-05,16687.80439248438,-0.13201560030795345,transition,1,False
2026-02-23 00:00:00+00:00,0.001440871718293105,0.0014956662388410501,0.5,0.75,-0.25,1.25,0.5314076483987011,0.0,0.0,0.0,0.0,5.479452054794521e-05,16711.84937787392,-0.1307649461345175,transition,2,False
2026-02-24 00:00:00+00:00,0.0015161636972958299,0.001570958217843775,0.5,0.75,-0.25,1.25,0.5239698100260151,0.0,0.0,0.0,0.0,5.479452054794521e-05,16737.187277215326,-0.12944704350142988,deleveraging,1,False
2026-02-25 00:00:00+00:00,0.008557622814388028,0.008612417334935974,0.5,0.75,-0.25,1.25,0.5612051031844196,0.0,0.0,0.0,0.0,5.479452054794521e-05,16880.417812907508,-0.12199717965976475,transition,1,False
2026-02-26 00:00:00+00:00,-0.0008021144137980202,-0.000747319893250075,0.5,0.75,-0.25,1.25,0.5485669632820585,0.21463793737129838,0.0,0.0,0.0,5.479452054794521e-05,16866.87778646884,-0.12270143837731495,deleveraging,1,False
2026-02-27 00:00:00+00:00,0.001673087687132805,0.0017278822076807502,0.5,0.75,-0.25,1.25,0.5328745906593584,0.0,0.0,0.0,0.0,5.479452054794521e-05,16895.097552013754,-0.12123364095592493,deleveraging,2,False
2026-02-28 00:00:00+00:00,0.0006204556235573298,0.000675250144105275,0.5,0.75,-0.25,1.25,0.5276345068319287,0.0,0.0,0.0,0.0,5.479452054794521e-05,16905.58021030045,-0.12068840542666304,transition,1,False
2026-03-01 00:00:00+00:00,-0.0027170525928984206,-0.0026622580723504752,0.5,0.75,-0.25,1.25,0.5269770024799422,0.0,0.0,0.0,0.0,5.479452054794521e-05,16859.6468597556,-0.12307754127466419,deleveraging,1,False
2026-03-02 00:00:00+00:00,-8.783630271520169e-06,4.601089027642504e-05,0.5,0.75,-0.25,1.25,0.5342871349620641,0.0,0.0,0.0,0.0,5.479452054794521e-05,16859.498770851074,-0.12308524383731856,deleveraging,2,False
2026-03-03 00:00:00+00:00,0.0014400437992949048,0.00149483831984285,0.5,0.75,-0.25,1.25,0.5281530932021159,0.0,0.0,0.0,0.0,5.479452054794521e-05,16883.77718751526,-0.12182244818019605,deleveraging,3,False
2026-03-04 00:00:00+00:00,-0.0033324342144023704,-0.003277639693854425,0.5,0.75,-0.25,1.25,0.5528309579909829,0.0,0.0,0.0,0.0,5.479452054794521e-05,16827.513110747237,-0.12474891710020064,deleveraging,4,False
2026-03-05 00:00:00+00:00,-0.00126036472551242,-0.0012055702049644749,0.5,0.75,-0.25,1.25,0.5092725169835091,0.20548696968664396,0.0,0.0,0.0,5.479452054794521e-05,16806.304306804355,-0.12585205269105404,deleveraging,5,False
2026-03-06 00:00:00+00:00,-0.0017226692529899701,-0.001667874732442025,0.5,0.75,-0.25,1.25,0.49411805633627814,0.0,0.0,0.0,0.0,5.479452054794521e-05,16777.35260311863,-0.12735792048244743,deleveraging,6,False
2026-03-07 00:00:00+00:00,-0.00044949797940042023,-0.000394703458852475,0.5,0.75,-0.25,1.25,0.48765719631090687,0.0,0.0,0.0,0.0,5.479452054794521e-05,16769.811217023842,-0.1277501713339303,deleveraging,7,False
2026-03-08 00:00:00+00:00,-0.00181811550740432,-0.001763320986856375,0.5,0.75,-0.25,1.25,0.4812255094448484,0.0,0.0,0.0,0.0,5.479452054794521e-05,16739.32176319393,-0.12933602227375873,transition,1,False
2026-03-09 00:00:00+00:00,0.002416887230843155,0.0024716817513911003,0.5,0.75,-0.25,1.25,0.4896356311045055,0.0,0.0,0.0,0.0,5.479452054794521e-05,16779.778816216367,-0.12723172562363705,transition,2,False
2026-03-10 00:00:00+00:00,-0.0006206255666185765,-0.0005658310460706313,0.5,0.75,-0.25,1.25,0.4987289547273511,0.0,0.0,0.0,0.0,5.479452054794521e-05,16769.36485648082,-0.1277733879284485,deleveraging,1,False
2026-03-11 00:00:00+00:00,0.0005146499551965798,0.0005694444757445249,0.5,0.75,-0.25,1.25,0.5008181568149287,0.0,0.0,0.0,0.0,5.479452054794521e-05,16777.995209352885,-0.1273244965416246,deleveraging,2,False
2026-03-12 00:00:00+00:00,-0.0015266304615348702,-0.001471835940986925,0.5,0.75,-0.25,1.25,0.466147472706661,0.1462911637761528,0.0,0.0,0.0,5.479452054794521e-05,16752.3814107828,-0.12865674954823947,deleveraging,3,False
2026-03-13 00:00:00+00:00,0.0015524727692874797,0.0016072672898354249,0.5,0.75,-0.25,1.25,0.47238090054214865,0.0,0.0,0.0,0.0,5.479452054794521e-05,16778.38902674376,-0.12730401287921056,transition,1,False
2026-03-14 00:00:00+00:00,0.0004486951360065047,0.0005034896565544499,0.5,0.75,-0.25,1.25,0.46697318450124464,0.0,0.0,0.0,0.0,5.479452054794521e-05,16785.917408290083,-0.1269124384345771,deleveraging,1,False
2026-03-15 00:00:00+00:00,0.0006035724079143549,0.0006583669284623001,0.5,0.75,-0.25,1.25,0.4750765180043779,0.0,0.0,0.0,0.0,5.479452054794521e-05,16796.048924879255,-0.12638546687272312,transition,1,False
2026-03-16 00:00:00+00:00,-0.004787503177964471,-0.004732708657416525,0.5,0.75,-0.25,1.25,0.5004482342101234,0.0,0.0,0.0,0.0,5.479452054794521e-05,16715.637787274147,-0.130567899226386,transition,2,False
2026-03-17 00:00:00+00:00,0.00152827800205458,0.001583072522602525,0.5,0.75,-0.25,1.25,0.49774903928259107,0.0,0.0,0.0,0.0,5.479452054794521e-05,16741.18392879475,-0.12923916527249346,deleveraging,1,False
2026-03-18 00:00:00+00:00,-0.0009161987672663451,-0.0008614042467183999,0.5,0.75,-0.25,1.25,0.48265265887035114,0.0,0.0,0.0,0.0,5.479452054794521e-05,16725.84567671661,-0.13003695527585468,deleveraging,2,False
2026-03-19 00:00:00+00:00,-0.00130143341210427,-0.0012466388915563249,0.5,0.75,-0.25,1.25,0.5515064929171714,0.3317300249122458,0.0,0.0,0.0,5.479452054794521e-05,16704.07810230723,-0.13116915424955466,deleveraging,3,False
2026-03-20 00:00:00+00:00,-0.0013875382850614202,-0.001332743764513475,0.5,0.75,-0.25,1.25,0.554628962548346,0.0,0.0,0.0,0.0,5.479452054794521e-05,16680.900554423624,-0.1323746903112757,transition,1,False
2026-03-21 00:00:00+00:00,-0.0024840562499565703,-0.002429261729408625,0.5,0.75,-0.25,1.25,0.548807263617874,0.0,0.0,0.0,0.0,5.479452054794521e-05,16639.4642591465,-0.13452992038442857,transition,2,False
2026-03-22 00:00:00+00:00,-0.0030673148016961953,-0.00301252028114825,0.5,0.75,-0.25,1.25,0.5383940104338705,0.0,0.0,0.0,0.0,5.479452054794521e-05,16588.425784132127,-0.13718458957005863,transition,3,False
2026-03-23 00:00:00+00:00,0.004229461429649454,0.0042842559501974,0.5,0.75,-0.25,1.25,0.5489678242828824,0.0,0.0,0.0,0.0,5.479452054794521e-05,16658.585891164716,-0.13353534507073805,transition,4,False
2026-03-24 00:00:00+00:00,0.0032385422892276545,0.0032933368097756,0.5,0.75,-0.25,1.25,0.5507214713748869,0.0,0.0,0.0,0.0,5.479452054794521e-05,16712.53542605198,-0.1307292626436286,transition,5,False
2026-03-25 00:00:00+00:00,-0.0002333019051221202,-0.000178507384574175,0.5,0.75,-0.25,1.25,0.5576225082219693,0.0,0.0,0.0,0.0,5.479452054794521e-05,16708.636359697663,-0.13093206516272082,transition,6,False
2026-03-26 00:00:00+00:00,-0.004413795620565371,-0.004359001100017425,0.5,0.75,-0.25,1.25,0.4972367864692446,0.08743834513248668,0.0,0.0,0.0,5.479452054794521e-05,16634.88785370761,-0.1347679534074795,transition,7,False
2026-03-27 00:00:00+00:00,-0.0027714128872221204,-0.002716618366674175,0.5,0.75,-0.25,1.25,0.487497542391162,0.0,0.0,0.0,0.0,5.479452054794521e-05,16588.785711132346,-0.13716586865184366,transition,8,False
2026-03-28 00:00:00+00:00,-0.00122796167020462,-0.0011731671496566748,0.5,0.75,-0.25,1.25,0.4878191812915076,0.0,0.0,0.0,0.0,5.479452054794521e-05,16568.41531812384,-0.1382253958928834,transition,9,False
2026-03-29 00:00:00+00:00,-0.0013301118703722202,-0.001275317349824275,0.5,0.75,-0.25,1.25,0.48401373185693564,0.0,0.0,0.0,0.0,5.479452054794521e-05,16546.377472235945,-0.13937165252339168,transition,10,False
2026-03-30 00:00:00+00:00,0.0012386588468651547,0.0012934533674131,0.5,0.75,-0.25,1.25,0.48756525408544554,0.0,0.0,0.0,0.0,5.479452054794521e-05,16566.8727890755,-0.13830562760692688,transition,11,False
2026-03-31 00:00:00+00:00,8.060357209687977e-05,0.00013539809264482498,0.5,0.75,-0.25,1.25,0.4868778451134002,0.0,0.0,0.0,0.0,5.479452054794521e-05,16568.208138200775,-0.1382361719624562,transition,12,False
2026-04-01 00:00:00+00:00,0.0029114726676139294,0.002966267188161875,0.5,0.75,-0.25,1.25,0.48990530758747375,0.0,0.0,0.0,0.0,5.479452054794521e-05,16616.44602334648,-0.13572717013118663,transition,13,False
2026-04-02 00:00:00+00:00,-0.0024656450608606705,-0.002410850540312725,0.5,0.75,-0.25,1.25,0.5312555028878051,0.1320124674426342,0.0,0.0,0.0,5.479452054794521e-05,16575.47576527996,-0.13785816016538877,transition,14,False
2026-04-03 00:00:00+00:00,0.0025532498914046546,0.0026080444119526,0.5,0.75,-0.25,1.25,0.5344046362631216,0.0,0.0,0.0,0.0,5.479452054794521e-05,16617.797096977643,-0.13565689660645552,transition,15,False
2026-04-04 00:00:00+00:00,6.540650641289299e-05,0.0001202010269608382,0.5,0.75,-0.25,1.25,0.5369843355569888,0.0,0.0,0.0,0.0,5.479452054794521e-05,16618.884009030036,-0.13560036294372035,transition,16,False
2026-04-05 00:00:00+00:00,0.0023232221692214795,0.002378016689769425,0.5,0.75,-0.25,1.25,0.537783759566759,0.0,0.0,0.0,0.0,5.479452054794521e-05,16657.493368787535,-0.1335921705438443,transition,17,False
2026-04-06 00:00:00+00:00,-0.00152366909736057,-0.0014688745768126248,0.5,0.75,-0.25,1.25,0.5415193609176636,0.0,0.0,0.0,0.0,5.479452054794521e-05,16632.112860902023,-0.1349122893792979,transition,18,False
2026-04-07 00:00:00+00:00,0.0034378994543679798,0.003492693974915925,0.5,0.75,-0.25,1.25,0.5500850646961152,0.0,0.0,0.0,0.0,5.479452054794521e-05,16689.29239263151,-0.1319382048109744,transition,19,False
2026-04-08 00:00:00+00:00,-0.0027575952000937205,-0.002702800679545775,0.5,0.75,-0.25,1.25,0.5506560810846247,0.0,0.0,0.0,0.0,5.479452054794521e-05,16643.270080036626,-0.1343319678507725,transition,20,False
2026-04-09 00:00:00+00:00,5.6720661830204666e-05,0.00011151518237814987,0.5,0.75,-0.25,1.25,0.5052237492687707,0.29461860706584825,0.0,0.0,0.0,5.479452054794521e-05,16644.214097330587,-0.13428286658706357,transition,21,False
2026-04-10 00:00:00+00:00,0.0010206851239463798,0.001075479644494325,0.5,0.75,-0.25,1.25,0.5094636641869683,0.0,0.0,0.0,0.0,5.479452054794521e-05,16661.202599059514,-0.13339924198744335,transition,22,False
2026-04-11 00:00:00+00:00,0.001228666538471105,0.0012834610590190501,0.5,0.75,-0.25,1.25,0.5091009552439975,0.0,0.0,0.0,0.0,5.479452054794521e-05,16681.673661183664,-0.13233447863385972,transition,23,False
2026-04-12 00:00:00+00:00,-0.0007220028187546201,-0.0006672082982066749,0.5,0.75,-0.25,1.25,0.4937476696938922,0.0,0.0,0.0,0.0,5.479452054794521e-05,16669.629445778744,-0.1329609355860223,transition,24,False
2026-04-13 00:00:00+00:00,0.0005699865353259797,0.0006247810558739249,0.5,0.75,-0.25,1.25,0.5068601189686697,0.0,0.0,0.0,0.0,5.479452054794521e-05,16679.13091011171,-0.13246673499370465,transition,25,False
2026-04-14 00:00:00+00:00,0.0019268594549764048,0.00198165397552435,0.5,0.75,-0.25,1.25,0.5068261042478379,0.0,0.0,0.0,0.0,5.479452054794521e-05,16711.26925120665,-0.13079512031952079,transition,26,False
2026-04-15 00:00:00+00:00,-0.0005267171457772952,-0.00047192262522934995,0.5,0.75,-0.25,1.25,0.51115353203568,0.0,0.0,0.0,0.0,5.479452054794521e-05,16702.467139164335,-0.13125294543284194,transition,27,False
2026-04-16 00:00:00+00:00,-0.00990873694736202,-0.009853942426814075,0.5,0.75,-0.25,1.25,0.46486287207124416,0.5734859584034644,0.0,0.0,0.0,5.479452054794521e-05,16536.966785910397,-0.1398611314703434,transition,28,False
2026-04-17 00:00:00+00:00,0.0031343117214745297,0.003189106242022475,0.5,0.75,-0.25,1.25,0.4693722655130579,0.0,0.0,0.0,0.0,5.479452054794521e-05,16588.798794745115,-0.1371651881326149,transition,29,False
2026-04-18 00:00:00+00:00,0.0036038183774564797,0.003658612898004425,0.5,0.75,-0.25,1.25,0.46267980922733865,0.0,0.0,0.0,0.0,5.479452054794521e-05,16648.581812701545,-0.13405568818089808,deleveraging,1,False
2026-04-19 00:00:00+00:00,0.0008252606220283548,0.0008800551425763,0.5,0.75,-0.25,1.25,0.4547173754859132,0.0,0.0,0.0,0.0,5.479452054794521e-05,16662.321231684182,-0.1333410584394844,transition,1,False
2026-04-20 00:00:00+00:00,-0.0008578555357175202,-0.000803061015169575,0.5,0.75,-0.25,1.25,0.458553846366212,0.0,0.0,0.0,0.0,5.479452054794521e-05,16648.02736717768,-0.13408452661008108,transition,2,False
2026-04-21 00:00:00+00:00,0.001115401835726505,0.0011701963562744501,0.5,0.75,-0.25,1.25,0.4612999420013071,0.0,0.0,0.0,0.0,5.479452054794521e-05,16666.596607464253,-0.1331186829014781,transition,3,False
2026-04-22 00:00:00+00:00,0.0004002813241668049,0.00045507584471475007,0.5,0.75,-0.25,1.25,0.46617410780093005,0.0,0.0,0.0,0.0,5.479452054794521e-05,16673.267934823645,-0.1327716864999744,transition,4,False
2026-04-23 00:00:00+00:00,-0.0010569125034105952,-0.00100211798286265,0.5,0.75,-0.25,1.25,0.4536386702331938,0.12280331222475713,0.0,0.0,0.0,5.479452054794521e-05,16655.645749470612,-0.13368827094782432,transition,5,False
2026-04-24 00:00:00+00:00,-0.0036624637234729455,-0.003607669202925,0.5,0.75,-0.25,1.25,0.45488220993545275,0.0,0.0,0.0,0.0,5.479452054794521e-05,16594.645051122163,-0.13686110622869696,transition,6,False
2026-04-25 00:00:00+00:00,-4.7819377635452095e-06,5.00125827844e-05,0.5,0.75,-0.25,1.25,0.4539000337546878,0.0,0.0,0.0,0.0,5.479452054794521e-05,16594.565696562317,-0.13686523370516845,transition,7,False
2026-04-26 00:00:00+00:00,0.0006147548609431297,0.0006695493814910749,0.5,0.75,-0.25,1.25,0.4562191506834616,0.0,0.0,0.0,0.0,5.479452054794521e-05,16604.76728648952,-0.13633461741193953,transition,8,False
2026-04-27 00:00:00+00:00,0.00022756249585976387,0.0002823570164077091,0.5,0.75,-0.25,1.25,0.4514649944251787,0.0,0.0,0.0,0.0,5.479452054794521e-05,16608.545908776407,-0.13613807956189006,transition,9,False
2026-04-28 00:00:00+00:00,-0.0016877753316898953,-0.00163298081114195,0.5,0.75,-0.25,1.25,0.44960394902271217,0.0,0.0,0.0,0.0,5.479452054794521e-05,16580.514414696336,-0.13759608440119164,transition,10,False
2026-04-29 00:00:00+00:00,-0.0018209314110002705,-0.0017661368904523253,0.5,0.75,-0.25,1.25,0.44991299097714543,0.0,0.0,0.0,0.0,5.479452054794521e-05,16550.32243518807,-0.13916646278007527,transition,11,False
2026-04-30 00:00:00+00:00,-0.00015879444415804525,-0.00010399992361010004,0.5,0.75,-0.25,1.25,0.497052623326474,0.10578587403848941,0.0,0.0,0.0,5.479452054794521e-05,16547.69433593634,-0.13930315836313067,transition,12,False
2026-05-01 00:00:00+00:00,0.0013933650268698548,0.0014481595474178,0.5,0.75,-0.25,1.25,0.5005667585816937,0.0,0.0,0.0,0.0,5.479452054794521e-05,16570.751314499365,-0.13810389348525653,transition,13,False
2026-05-02 00:00:00+00:00,-2.8957865561045202e-05,2.5836654986900005e-05,0.5,0.75,-0.25,1.25,0.5024901209192689,0.0,0.0,0.0,0.0,5.479452054794521e-05,16570.271460910553,-0.13812885215683657,transition,14,False
2026-05-03 00:00:00+00:00,0.0026927624228436048,0.00274755694339155,0.5,0.75,-0.25,1.25,0.5020564449634843,0.0,0.0,0.0,0.0,5.479452054794521e-05,16614.891265236813,-0.13580803791659135,transition,15,False
2026-05-04 00:00:00+00:00,0.0012610480304113298,0.001315842550959275,0.5,0.75,-0.25,1.25,0.507498270733808,0.0,0.0,0.0,0.0,5.479452054794521e-05,16635.84344114234,-0.1347182503449087,transition,16,False
2026-05-05 00:00:00+00:00,-0.0030681442124192706,-0.0030133496918713252,0.5,0.75,-0.25,1.25,0.5165464815395778,0.0,0.0,0.0,0.0,5.479452054794521e-05,16584.802274369686,-0.137373059537225,transition,17,False
2026-05-06 00:00:00+00:00,0.0007183424814809047,0.0007731370020288499,0.5,0.75,-0.25,1.25,0.5269362707176326,0.0,0.0,0.0,0.0,5.479452054794521e-05,16596.715842390327,-0.13675339796022068,transition,18,False
2026-05-07 00:00:00+00:00,-0.0007661430607246453,-0.0007113485401767001,0.5,0.75,-0.25,1.25,0.4895984378210079,0.24951345524189233,0.0,0.0,0.0,5.479452054794521e-05,16584.00038371686,-0.13741476835406763,transition_2,1,False
2026-05-08 00:00:00+00:00,-0.0027275903364825205,-0.002672795815934575,0.5,0.75,-0.25,1.25,0.49414547899927397,0.0,0.0,0.0,0.0,5.479452054794521e-05,16538.76602453001,-0.1397675474962976,transition,1,False
2026-05-09 00:00:00+00:00,0.0007590110267952549,0.0008138055473432001,0.5,0.75,-0.25,1.25,0.49829684272247216,0.0,0.0,0.0,0.0,5.479452054794521e-05,16551.319130312215,-0.13911462157924026,transition,2,True
2026-05-10 00:00:00+00:00,-0.001713295001776415,-0.0016585004812284699,0.5,0.75,-0.25,1.25,0.5036638210283294,0.0,0.0,0.0,0.0,5.479452054794521e-05,16522.961837973446,-0.14058957219519086,transition,3,True
2026-05-11 00:00:00+00:00,0.0027356763723606296,0.002790470892908575,0.5,0.75,-0.25,1.25,0.5035720059694736,0.0,0.0,0.0,0.0,5.479452054794521e-05,16568.163314275007,-0.13823850339368482,transition_2,1,True
2026-05-12 00:00:00+00:00,3.4914525646979785e-05,8.970904619492499e-05,0.5,0.75,-0.25,1.25,0.4971754595547876,0.0,0.0,0.0,0.0,5.479452054794521e-05,16568.74178383797,-0.13820841539980988,transition_2,2,False
2026-05-13 00:00:00+00:00,0.00015108365113970895,0.00020587817168765416,0.5,0.75,-0.25,1.25,0.4967877458035141,0.0,0.0,0.0,0.0,5.479452054794521e-05,16571.245049841466,-0.13807821278068688,transition_2,3,False
2026-05-14 00:00:00+00:00,-0.0018816313338760565,-0.0018268368133281113,0.5,0.75,-0.25,1.25,0.5005694346137715,0.4190837072163902,0.0,0.0,0.0,5.479452054794521e-05,16540.064075914346,-0.13970003182286916,transition_2,4,False
2026-05-15 00:00:00+00:00,0.0024925660077610295,0.002547360528308975,0.5,0.75,-0.25,1.25,0.4932791849912552,0.0,0.0,0.0,0.0,5.479452054794521e-05,16581.291277396158,-0.13755567736571295,transition_2,5,False
2026-05-16 00:00:00+00:00,0.0015903032555117048,0.00164509777605965,0.5,0.75,-0.25,1.25,0.4812757889014173,0.0,0.0,0.0,0.0,5.479452054794521e-05,16607.66055889519,-0.13618412935173008,transition,1,False
2026-05-17 00:00:00+00:00,-0.0005133068981485453,-0.0004585123776006001,0.5,0.75,-0.25,1.25,0.47776957805275355,0.0,0.0,0.0,0.0,5.479452054794521e-05,16599.1357321682,-0.13662753199686395,transition,2,False
2026-05-18 00:00:00+00:00,0.0002290315745491298,0.000283826095097075,0.5,0.75,-0.25,1.25,0.47077823334010294,0.0,0.0,0.0,0.0,5.479452054794521e-05,16602.937458361095,-0.13642979244109477,transition,3,False
2026-05-19 00:00:00+00:00,0.0025897413062482546,0.0026445358267962,0.5,0.75,-0.25,1.25,0.467858856988675,0.0,0.0,0.0,0.0,5.479452054794521e-05,16645.934771302072,-0.1341933690037339,transition,4,False
2026-05-20 00:00:00+00:00,-0.0003382094521337896,-0.00028341493158584444,0.5,0.75,-0.25,1.25,0.47063193913764784,0.0,0.0,0.0,0.0,5.479452054794521e-05,16640.304958822813,-0.13448619299005704,transition,5,False
2026-05-21 00:00:00+00:00,-0.0016972171310513703,-0.001642422610503425,0.5,0.75,-0.25,1.25,0.4897007002037953,0.17640581007394296,0.0,0.0,0.0,5.479452054794521e-05,16612.06274818078,-0.13595515785047585,transition,6,False
2026-05-22 00:00:00+00:00,0.0026106478265046293,0.0026654423470525747,0.5,0.75,-0.25,1.25,0.4820795396969815,0.0,0.0,0.0,0.0,5.479452054794521e-05,16655.430993688078,-0.1336994410613156,transition,7,False
2026-05-23 00:00:00+00:00,0.001117557477811124,0.001172351998359069,0.5,0.75,-0.25,1.25,0.4772873035970012,0.0,0.0,0.0,0.0,5.479452054794521e-05,16674.04439514124,-0.13273130039364167,transition,8,False
2026-05-24 00:00:00+00:00,0.0024418824181527046,0.00249667693870065,0.5,0.75,-0.25,1.25,0.4776696368714977,0.0,0.0,0.0,0.0,5.479452054794521e-05,16714.760450989234,-0.13061353220425875,transition,9,False
2026-05-25 00:00:00+00:00,0.0009454243249156548,0.0010002188454636,0.5,0.75,-0.25,1.25,0.4797992421955417,0.0,0.0,0.0,0.0,5.479452054794521e-05,16730.562992104737,-0.12979159308985222,transition,10,False
2026-05-26 00:00:00+00:00,0.0005898858054018548,0.0006446803259497999,0.5,0.75,-0.25,1.25,0.47481838915237384,0.0,0.0,0.0,0.0,5.479452054794521e-05,16740.432113730163,-0.12927826950287447,transition,11,False
2026-05-27 00:00:00+00:00,-0.0002756873668623952,-0.00022089284631445,0.5,0.75,-0.25,1.25,0.46936483404080726,0.0,0.0,0.0,0.0,5.479452054794521e-05,16735.81698808059,-0.129518316484025,transition,12,False
2026-05-28 00:00:00+00:00,0.0026316130022514795,0.002686407522799425,0.5,0.75,-0.25,1.25,0.5187937815917525,0.16246290558604298,0.0,0.0,0.0,5.479452054794521e-05,16779.859181669726,-0.12722754556746252,transition,13,False
2026-05-29 00:00:00+00:00,-0.0005166963492716202,-0.00046190182872367494,0.5,0.75,-0.25,1.25,0.5204579082386074,0.0,0.0,0.0,0.0,5.479452054794521e-05,16771.189089689266,-0.12767850390841273,transition,14,False
2026-05-30 00:00:00+00:00,0.008785313881325455,0.0088401084018734,0.5,0.75,-0.25,1.25,0.5287205760146657,0.0,0.0,0.0,0.0,5.479452054794521e-05,16918.529250005246,-0.12001488575982078,transition,15,False
2026-05-31 00:00:00+00:00,-0.0009863943808799203,-0.000931599860331975,0.5,0.75,-0.25,1.25,0.5277464070547746,0.0,0.0,0.0,0.0,5.479452054794521e-05,16901.84090782029,-0.12088289813176512,transition,16,False
2026-06-01 00:00:00+00:00,-0.00456566786419207,-0.004510873343644125,0.5,0.75,-0.25,1.25,0.5186906884652424,0.0,0.0,0.0,0.0,5.479452054794521e-05,16824.672715941768,-0.12489665483262657,transition,17,False
2026-06-02 00:00:00+00:00,-0.0012332365232583702,-0.001178442002710425,0.5,0.75,-0.25,1.25,0.48917762183145486,0.0,0.0,0.0,0.0,5.479452054794521e-05,16803.9239150566,-0.12597586423951257,transition,18,False
2026-06-03 00:00:00+00:00,-0.0019161619421974203,-0.0018613674216494752,0.5,0.75,-0.25,1.25,0.47235828171873034,0.0,0.0,0.0,0.0,5.479452054794521e-05,16771.724875570984,-0.12765063602501892,transition,19,False
2026-06-04 00:00:00+00:00,-0.0029811896097690707,-0.0029263950892211253,0.5,0.75,-0.25,1.25,0.46154268246732166,0.33126411765044894,0.0,0.0,0.0,5.479452054794521e-05,16721.725183634026,-0.1302512748849899,transition,20,False
2026-06-05 00:00:00+00:00,0.0025522764002509795,0.002607070920798925,0.5,0.75,-0.25,1.25,0.4334799027517042,0.0,0.0,0.0,0.0,5.479452054794521e-05,16764.403648191696,-0.12803143573973053,deleveraging,1,False
2026-06-06 00:00:00+00:00,-0.0045596983519685455,-0.0045049038314206,0.5,0.75,-0.25,1.25,0.4298541873974099,0.0,0.0,0.0,0.0,5.479452054794521e-05,16687.9630245053,-0.13200734936515646,deleveraging,2,False
2026-06-07 00:00:00+00:00,0.0026587057442966546,0.0027135002648446,0.5,0.75,-0.25,1.25,0.44397820183240744,0.0,0.0,0.0,0.0,5.479452054794521e-05,16732.331407659163,-0.12969961231890637,deleveraging,3,False
2026-06-08 00:00:00+00:00,0.00275668262666768,0.0028114771472156253,0.5,0.75,-0.25,1.25,0.44447348153202093,0.0,0.0,0.0,0.0,5.479452054794521e-05,16778.4571349543,-0.12730047036020387,deleveraging,4,False
2026-06-09 00:00:00+00:00,0.0007490422629900049,0.0008038367835379501,0.5,0.75,-0.25,1.25,0.4379362240625469,0.0,0.0,0.0,0.0,5.479452054794521e-05,16791.024908456147,-0.12664678152961217,deleveraging,5,False
2026-06-10 00:00:00+00:00,0.0005263393923662298,0.000581133912914175,0.5,0.75,-0.25,1.25,0.429078372801562,0.0,0.0,0.0,0.0,5.479452054794521e-05,16799.862686303673,-0.12618710132728117,deleveraging,6,False
2026-06-11 00:00:00+00:00,-0.0004909108495730703,-0.00043611632902512514,0.5,0.75,-0.25,1.25,0.56216839231328,0.48004888490728675,0.0,0.0,0.0,5.479452054794521e-05,16791.61545143963,-0.12661606555973648,deleveraging,7,False
2026-06-12 00:00:00+00:00,3.98021135084548e-05,9.459663405640001e-05,0.5,0.75,-0.25,1.25,0.5617721310087438,0.0,0.0,0.0,0.0,5.479452054794521e-05,16792.283793223814,-0.12658130303324167,deleveraging,8,False
2026-06-13 00:00:00+00:00,0.0004989305568880298,0.000553725077435975,0.5,0.75,-0.25,1.25,0.5681864394165046,0.0,0.0,0.0,0.0,5.479452054794521e-05,16800.66197672819,-0.12614552775636745,deleveraging,9,False
2026-06-14 00:00:00+00:00,-0.0005613404333283702,-0.000506545912780425,0.5,0.75,-0.25,1.25,0.5758176707764273,0.0,0.0,0.0,0.0,5.479452054794521e-05,16791.23108585397,-0.1266360576044827,transition,1,False
2026-06-15 00:00:00+00:00,0.00267337529290718,0.002728169813455125,0.5,0.75,-0.25,1.25,0.5832056008565822,0.0,0.0,0.0,0.0,5.479452054794521e-05,16836.120348176388,-0.12430122801916654,transition,2,False
2026-06-16 00:00:00+00:00,0.0008218605814519549,0.0008766551019999001,0.5,0.75,-0.25,1.25,0.5754311264196466,0.0,0.0,0.0,0.0,5.479452054794521e-05,16849.957291835137,-0.12358152571724945,deleveraging,1,False
2026-06-17 00:00:00+00:00,-0.001394466964332595,-0.0013396724437846497,0.5,0.75,-0.25,1.25,0.5725373465626429,0.0,0.0,0.0,0.0,5.479452054794521e-05,16826.46058304126,-0.12480366232656759,deleveraging,2,False
2026-06-18 00:00:00+00:00,-0.00134549525861152,-0.0012907007380635748,0.5,0.75,-0.25,1.25,0.5464846881299461,0.23233127997766356,0.0,0.0,0.0,5.479452054794521e-05,16803.82066010756,-0.12598123484926138,deleveraging,3,False
2026-06-19 00:00:00+00:00,0.0006620872351998798,0.0007168817557478249,0.5,0.75,-0.25,1.25,0.5429058411330632,0.0,0.0,0.0,0.0,5.479452054794521e-05,16814.946255269206,-0.12540255818153,transition,1,False
2026-06-20 00:00:00+00:00,0.0021690017780934545,0.0022237962986414,0.5,0.75,-0.25,1.25,0.5489394018662745,0.0,0.0,0.0,0.0,5.479452054794521e-05,16851.417903595433,-0.1235055547751096,transition,2,False
2026-06-21 00:00:00+00:00,0.0010637328513723799,0.001118527371920325,0.5,0.75,-0.25,1.25,0.543863781390779,0.0,0.0,0.0,0.0,5.479452054794521e-05,16869.343310411692,-0.12257319883967843,transition,3,False
2026-06-22 00:00:00+00:00,-0.0004392024673183705,-0.0003844079467704253,0.5,0.75,-0.25,1.25,0.5478087408039332,0.0,0.0,0.0,0.0,5.479452054794521e-05,16861.934253207717,-0.12295856685563944,transition,4,False
2026-06-23 00:00:00+00:00,0.0010682044553810548,0.001122998975929,0.5,0.75,-0.25,1.25,0.5333518436729973,0.0,0.0,0.0,0.0,5.479452054794521e-05,16879.94624650334,-0.1220217072892007,transition,5,False
2026-06-24 00:00:00+00:00,-0.0002712378148199702,-0.00021644329427202502,0.5,0.75,-0.25,1.25,0.5236708748829529,0.0,0.0,0.0,0.0,5.479452054794521e-05,16875.36776676916,-0.12225984820277491,transition,6,False
2026-06-25 00:00:00+00:00,-0.0013942106619949453,-0.0013394161414470001,0.5,0.75,-0.25,1.25,0.49980419608643956,0.19214763731073584,0.0,0.0,0.0,5.479452054794521e-05,16851.839949103643,-0.12348360288087168,transition,7,False
2026-06-26 00:00:00+00:00,0.0004458255388495796,0.0005006200593975248,0.5,0.75,-0.25,1.25,0.5010546538685251,0.0,0.0,0.0,0.0,5.479452054794521e-05,16859.352929729557,-0.12309282948581568,transition,8,False
2026-06-27 00:00:00+00:00,0.00045379293370427965,0.0005085874542522248,0.5,0.75,-0.25,1.25,0.4984109512726959,0.0,0.0,0.0,0.0,5.479452054794521e-05,16867.003584955895,-0.12269489520832166,transition,9,False
2026-06-28 00:00:00+00:00,0.0009427590987798298,0.000997553619327775,0.5,0.75,-0.25,1.25,0.4939770305270842,0.0,0.0,0.0,0.0,5.479452054794521e-05,16882.905106054764,-0.12186780783837337,transition,10,False
2026-06-29 00:00:00+00:00,0.0024600208478232546,0.0025148153683712,0.5,0.75,-0.25,1.25,0.4980261143512861,0.0,0.0,0.0,0.0,5.479452054794521e-05,16924.43740458748,-0.11970758433851114,transition,11,False
2026-06-30 00:00:00+00:00,-0.0004982910529833951,-0.00044349653243544993,0.5,0.75,-0.25,1.25,0.49087294499912804,0.0,0.0,0.0,0.0,5.479452054794521e-05,16916.004108851994,-0.12014622617324444,transition,12,False
