kind,symbol,month,url,bytes,sha256,checksum_available,checksum_passed,rows,missing
klines,BNBUSDT,2020-01,https://data.binance.vision/data/futures/um/monthly/klines/BNBUSDT/1d/BNBUSDT-1d-2020-01.zip,0,,False,,0,True
fundingRate,BNBUSDT,2020-01,https://data.binance.vision/data/futures/um/monthly/fundingRate/BNBUSDT/BNBUSDT-fundingRate-2020-01.zip,0,,False,,0,True
klines,ADAUSDT,2020-01,https://data.binance.vision/data/futures/um/monthly/klines/ADAUSDT/1d/ADAUSDT-1d-2020-01.zip,266,4c338da1763038db7ca08b1fc59f1294c081f840e9a05fe6694a15edf9b1acb2,True,True,1,False
klines,LTCUSDT,2020-01,https://data.binance.vision/data/futures/um/monthly/klines/LTCUSDT/1d/LTCUSDT-1d-2020-01.zip,1385,4b1667eb27312b1292595b550f9b7c31ee27b1ca63f746f895025b1a04e2490f,True,True,23,False
fundingRate,BTCUSDT,2020-01,https://data.binance.vision/data/futures/um/monthly/fundingRate/BTCUSDT/BTCUSDT-fundingRate-2020-01.zip,825,7f81b2f3694d13779e7e896b69d60cd61e9444d7b9f9e90df761935e1c1b76e2,True,True,93,False
fundingRate,ETHUSDT,2020-01,https://data.binance.vision/data/futures/um/monthly/fundingRate/ETHUSDT/ETHUSDT-fundingRate-2020-01.zip,795,0ce8da3b2ee7eceb6616efa215a2a1b1aab7b5b04becebe73634a95ec0abfa90,True,True,93,False
fundingRate,ADAUSDT,2020-01,https://data.binance.vision/data/futures/um/monthly/fundingRate/ADAUSDT/ADAUSDT-fundingRate-2020-01.zip,436,449c72485b9131a5e0a42d15c9fde18d8f908ecafc7e68023bb81e18b02f9c99,True,True,37,False
klines,ETHUSDT,2020-01,https://data.binance.vision/data/futures/um/monthly/klines/ETHUSDT/1d/ETHUSDT-1d-2020-01.zip,1867,1c447c2d1ee892420395690ae6365ecc3ae24f091e17807ccb3be93fe850f58c,True,True,31,False
fundingRate,DOGEUSDT,2020-01,https://data.binance.vision/data/futures/um/monthly/fundingRate/DOGEUSDT/DOGEUSDT-fundingRate-2020-01.zip,0,,False,,0,True
klines,DOGEUSDT,2020-01,https://data.binance.vision/data/futures/um/monthly/klines/DOGEUSDT/1d/DOGEUSDT-1d-2020-01.zip,0,,False,,0,True
fundingRate,XRPUSDT,2020-01,https://data.binance.vision/data/futures/um/monthly/fundingRate/XRPUSDT/XRPUSDT-fundingRate-2020-01.zip,723,4b985e0842668657a0811c04102bb75c42d9cbfc6b9e4f3bd6d7703e4ba35cec,True,True,77,False
fundingRate,LTCUSDT,2020-01,https://data.binance.vision/data/futures/um/monthly/fundingRate/LTCUSDT/LTCUSDT-fundingRate-2020-01.zip,681,085683a756545a7ac99d176875f22b577d2d055c4663850b75bdc4fb37568194,True,True,68,False
klines,BCHUSDT,2020-01,https://data.binance.vision/data/futures/um/monthly/klines/BCHUSDT/1d/BCHUSDT-1d-2020-01.zip,1897,445ff3f0fcce1250dd070ac010aaf9ec5f1b50347a812374e57d5cb8f0b915b6,True,True,31,False
klines,XRPUSDT,2020-01,https://data.binance.vision/data/futures/um/monthly/klines/XRPUSDT/1d/XRPUSDT-1d-2020-01.zip,1514,cae4a176ed370555e649bf72ddad72bf3a81be812036653f6c2d054239fc7b84,True,True,26,False
klines,BTCUSDT,2020-01,https://data.binance.vision/data/futures/um/monthly/klines/BTCUSDT/1d/BTCUSDT-1d-2020-01.zip,1978,83f80bb879d556dc26e10bd8dca5d6a1d4484247dd1a536431fad767f7978268,True,True,31,False
fundingRate,SOLUSDT,2020-01,https://data.binance.vision/data/futures/um/monthly/fundingRate/SOLUSDT/SOLUSDT-fundingRate-2020-01.zip,0,,False,,0,True
klines,EOSUSDT,2020-01,https://data.binance.vision/data/futures/um/monthly/klines/EOSUSDT/1d/EOSUSDT-1d-2020-01.zip,1366,fa982b04899b430421c9471b60f747a1f6f8195dbe9b850b4f592be902eaeb1e,True,True,24,False
klines,SOLUSDT,2020-01,https://data.binance.vision/data/futures/um/monthly/klines/SOLUSDT/1d/SOLUSDT-1d-2020-01.zip,0,,False,,0,True
fundingRate,LINKUSDT,2020-01,https://data.binance.vision/data/futures/um/monthly/fundingRate/LINKUSDT/LINKUSDT-fundingRate-2020-01.zip,549,9291d0d7c9e4e9fbb2ef7b4d0726690cf23bee93cba6cb34142a70a8266c93ef,True,True,44,False
fundingRate,DOTUSDT,2020-01,https://data.binance.vision/data/futures/um/monthly/fundingRate/DOTUSDT/DOTUSDT-fundingRate-2020-01.zip,0,,False,,0,True
fundingRate,EOSUSDT,2020-01,https://data.binance.vision/data/futures/um/monthly/fundingRate/EOSUSDT/EOSUSDT-fundingRate-2020-01.zip,675,c9091e7af126fc559601ad5d7b433db7c44018b037b4dbeb00ac1a946401d4b9,True,True,71,False
klines,DOTUSDT,2020-01,https://data.binance.vision/data/futures/um/monthly/klines/DOTUSDT/1d/DOTUSDT-1d-2020-01.zip,0,,False,,0,True
klines,LINKUSDT,2020-01,https://data.binance.vision/data/futures/um/monthly/klines/LINKUSDT/1d/LINKUSDT-1d-2020-01.zip,947,2a16198af459d652803d767b3428a137dd6fab7bcccb6478027f0782721eaea9,True,True,15,False
fundingRate,TRXUSDT,2020-01,https://data.binance.vision/data/futures/um/monthly/fundingRate/TRXUSDT/TRXUSDT-fundingRate-2020-01.zip,514,8aaf19a801d6a2575e1c6e57ed56325a9f4a2d177cc99d8f2c0e295edb6d75bd,True,True,50,False
klines,TRXUSDT,2020-01,https://data.binance.vision/data/futures/um/monthly/klines/TRXUSDT/1d/TRXUSDT-1d-2020-01.zip,1034,251c7a0c498dbe3942400181c0018d5fe2100782721e7211631cea9b923cfc46,True,True,17,False
fundingRate,BCHUSDT,2020-01,https://data.binance.vision/data/futures/um/monthly/fundingRate/BCHUSDT/BCHUSDT-fundingRate-2020-01.zip,858,fa8c30477afd17fcd2c7628d4e9e77e77737dd602e1626a3b11a0d3516f40333,True,True,93,False
klines,BTCUSDT,2020-02,https://data.binance.vision/data/futures/um/monthly/klines/BTCUSDT/1d/BTCUSDT-1d-2020-02.zip,1866,222261bba40db8b35ace2cf48e4b031acc262959afe51606d6006f85e80b7afb,True,True,29,False
fundingRate,ETHUSDT,2020-02,https://data.binance.vision/data/futures/um/monthly/fundingRate/ETHUSDT/ETHUSDT-fundingRate-2020-02.zip,911,5a1de843dc3f098e86ca3c0979b38591d57d18664a1079588e61def93224fa06,True,True,87,False
klines,XRPUSDT,2020-02,https://data.binance.vision/data/futures/um/monthly/klines/XRPUSDT/1d/XRPUSDT-1d-2020-02.zip,1735,7aaf07c267766c72183c0a45a357073f73e62978ec0e40c2718c8b480c0f11c6,True,True,29,False
klines,ADAUSDT,2020-02,https://data.binance.vision/data/futures/um/monthly/klines/ADAUSDT/1d/ADAUSDT-1d-2020-02.zip,1677,009f991292105b50c5c18c12290594158018feefdd304beaa3beefca19ba214c,True,True,29,False
fundingRate,BTCUSDT,2020-02,https://data.binance.vision/data/futures/um/monthly/fundingRate/BTCUSDT/BTCUSDT-fundingRate-2020-02.zip,885,6599466d108d120c64a078824326c063ed2d4335b3292e52c5e572f79166533a,True,True,87,False
fundingRate,XRPUSDT,2020-02,https://data.binance.vision/data/futures/um/monthly/fundingRate/XRPUSDT/XRPUSDT-fundingRate-2020-02.zip,908,210345a99e6025f347927e9a91da41de76c006a17540a303c9d30e6f506bf628,True,True,87,False
klines,ETHUSDT,2020-02,https://data.binance.vision/data/futures/um/monthly/klines/ETHUSDT/1d/ETHUSDT-1d-2020-02.zip,1809,1403c48c73b5f8c8e21c16f6ad2074941ebecd665fccb6ec5bbf8a959c7c6b23,True,True,29,False
klines,DOGEUSDT,2020-02,https://data.binance.vision/data/futures/um/monthly/klines/DOGEUSDT/1d/DOGEUSDT-1d-2020-02.zip,0,,False,,0,True
klines,LTCUSDT,2020-02,https://data.binance.vision/data/futures/um/monthly/klines/LTCUSDT/1d/LTCUSDT-1d-2020-02.zip,1735,d8f2f91631ab4c55a7416e3b64b6aeebae0686ab8f9cbe2731915d12c3b55ce4,True,True,29,False
klines,BCHUSDT,2020-02,https://data.binance.vision/data/futures/um/monthly/klines/BCHUSDT/1d/BCHUSDT-1d-2020-02.zip,1795,2e90fb408665f9e70c787941c448a8c5170f0aac369b6c5a76f93caa8f66a164,True,True,29,False
fundingRate,LTCUSDT,2020-02,https://data.binance.vision/data/futures/um/monthly/fundingRate/LTCUSDT/LTCUSDT-fundingRate-2020-02.zip,911,0be0cbe81e1d8cba2adc87e283a44676c23da1241b6b0198ebfe075fbade0cb1,True,True,87,False
fundingRate,ADAUSDT,2020-02,https://data.binance.vision/data/futures/um/monthly/fundingRate/ADAUSDT/ADAUSDT-fundingRate-2020-02.zip,803,4de5299a72627e7b87538ea6fcaffeb58aae85ba06f823e4e8456a84464465cb,True,True,87,False
fundingRate,DOGEUSDT,2020-02,https://data.binance.vision/data/futures/um/monthly/fundingRate/DOGEUSDT/DOGEUSDT-fundingRate-2020-02.zip,0,,False,,0,True
klines,DOTUSDT,2020-02,https://data.binance.vision/data/futures/um/monthly/klines/DOTUSDT/1d/DOTUSDT-1d-2020-02.zip,0,,False,,0,True
fundingRate,DOTUSDT,2020-02,https://data.binance.vision/data/futures/um/monthly/fundingRate/DOTUSDT/DOTUSDT-fundingRate-2020-02.zip,0,,False,,0,True
klines,BNBUSDT,2020-02,https://data.binance.vision/data/futures/um/monthly/klines/BNBUSDT/1d/BNBUSDT-1d-2020-02.zip,1244,6129badd07f8c9a23bdc4ebb73c15f13482c58a06ac4695d8ffb47bd2f363d18,True,True,20,False
fundingRate,BNBUSDT,2020-02,https://data.binance.vision/data/futures/um/monthly/fundingRate/BNBUSDT/BNBUSDT-fundingRate-2020-02.zip,695,98babcb280ea039fa506f7ad791889dfa3d4ca0ec968131e73a321d349370b22,True,True,59,False
klines,LINKUSDT,2020-02,https://data.binance.vision/data/futures/um/monthly/klines/LINKUSDT/1d/LINKUSDT-1d-2020-02.zip,1722,b904b70b8262ec5fc41fbc463a1b8a380f882aa6dc82d8f75c7a8254ff2013c5,True,True,29,False
fundingRate,TRXUSDT,2020-02,https://data.binance.vision/data/futures/um/monthly/fundingRate/TRXUSDT/TRXUSDT-fundingRate-2020-02.zip,823,e7691b01c9fab6081cd5d0c08c479c7c613edf20c330fb2b6b106bb738ac48f6,True,True,87,False
klines,SOLUSDT,2020-02,https://data.binance.vision/data/futures/um/monthly/klines/SOLUSDT/1d/SOLUSDT-1d-2020-02.zip,0,,False,,0,True
klines,EOSUSDT,2020-02,https://data.binance.vision/data/futures/um/monthly/klines/EOSUSDT/1d/EOSUSDT-1d-2020-02.zip,1649,877ebb47e2051d477fbf3b4ad05e16cfd00ef2f1872b5a9f1176d7fd022a9502,True,True,29,False
fundingRate,EOSUSDT,2020-02,https://data.binance.vision/data/futures/um/monthly/fundingRate/EOSUSDT/EOSUSDT-fundingRate-2020-02.zip,867,a9199a7c0284092907d566472d119c556e22874d6542c76176bb0d6b34a8136e,True,True,87,False
fundingRate,BCHUSDT,2020-02,https://data.binance.vision/data/futures/um/monthly/fundingRate/BCHUSDT/BCHUSDT-fundingRate-2020-02.zip,897,84009995fa08a94ec7e773be53a5b3a0e03bf9a2e4b0a50992a1dcef18a91a87,True,True,87,False
fundingRate,LINKUSDT,2020-02,https://data.binance.vision/data/futures/um/monthly/fundingRate/LINKUSDT/LINKUSDT-fundingRate-2020-02.zip,856,6a1ad605bff75dde1936bcc83aca2c3cc1f018d4d64f353bd8158cdf6617ac2a,True,True,87,False
fundingRate,SOLUSDT,2020-02,https://data.binance.vision/data/futures/um/monthly/fundingRate/SOLUSDT/SOLUSDT-fundingRate-2020-02.zip,0,,False,,0,True
klines,TRXUSDT,2020-02,https://data.binance.vision/data/futures/um/monthly/klines/TRXUSDT/1d/TRXUSDT-1d-2020-02.zip,1696,063f033c5357c54c9d2213ec772fb82311188875cdda8e73f9b86afe2a5e559e,True,True,29,False
fundingRate,ETHUSDT,2020-03,https://data.binance.vision/data/futures/um/monthly/fundingRate/ETHUSDT/ETHUSDT-fundingRate-2020-03.zip,785,0b9edb31ec6aedad0248d54e89b7ea5ff3cc4ab719519751db3de334caf54303,True,True,93,False
fundingRate,XRPUSDT,2020-03,https://data.binance.vision/data/futures/um/monthly/fundingRate/XRPUSDT/XRPUSDT-fundingRate-2020-03.zip,817,85306a96aeec94dc7cd6bb3f010d4552d980c85c076bc7b6856be8da6c9a3a18,True,True,93,False
klines,ADAUSDT,2020-03,https://data.binance.vision/data/futures/um/monthly/klines/ADAUSDT/1d/ADAUSDT-1d-2020-03.zip,1751,5236bba134cf8e88a030ebb7cf79197c9205bce2f426668d9b4dfef02b49ea3b,True,True,31,False
klines,BTCUSDT,2020-03,https://data.binance.vision/data/futures/um/monthly/klines/BTCUSDT/1d/BTCUSDT-1d-2020-03.zip,2025,5995a21df99508a3d3605c9aa7a54acf8bfa08d8dd5f1d1ed79031baf41e953a,True,True,31,False
klines,XRPUSDT,2020-03,https://data.binance.vision/data/futures/um/monthly/klines/XRPUSDT/1d/XRPUSDT-1d-2020-03.zip,1797,a5c534e3930f76792e08a2223bb6d28cb255ca4031f0e3abcc8f57ae96fd2421,True,True,31,False
klines,BNBUSDT,2020-03,https://data.binance.vision/data/futures/um/monthly/klines/BNBUSDT/1d/BNBUSDT-1d-2020-03.zip,1838,050f96bcee1169c1dfe16af5e230fd2b69ba47c0a32198da4722b78f54310c8a,True,True,31,False
fundingRate,BTCUSDT,2020-03,https://data.binance.vision/data/futures/um/monthly/fundingRate/BTCUSDT/BTCUSDT-fundingRate-2020-03.zip,928,eee845fde6336e29d25889563cba3d2cff2d4d640e51fb1f82ae9b28cedaee77,True,True,93,False
klines,ETHUSDT,2020-03,https://data.binance.vision/data/futures/um/monthly/klines/ETHUSDT/1d/ETHUSDT-1d-2020-03.zip,1913,37d8680fd6388dd6e5016094a93a0408279422747a442a24f8a0446e0c69fc79,True,True,31,False
klines,DOGEUSDT,2020-03,https://data.binance.vision/data/futures/um/monthly/klines/DOGEUSDT/1d/DOGEUSDT-1d-2020-03.zip,0,,False,,0,True
klines,LTCUSDT,2020-03,https://data.binance.vision/data/futures/um/monthly/klines/LTCUSDT/1d/LTCUSDT-1d-2020-03.zip,1813,06efa2936a36d1a1e8e23988d3d96fbba24003719632e1733b5cefcee88bf310,True,True,31,False
fundingRate,LTCUSDT,2020-03,https://data.binance.vision/data/futures/um/monthly/fundingRate/LTCUSDT/LTCUSDT-fundingRate-2020-03.zip,841,7ef3457cadc6a5adbea70c802b5d4c8257b99687870a1538daf86a3277a0bfd2,True,True,93,False
fundingRate,DOGEUSDT,2020-03,https://data.binance.vision/data/futures/um/monthly/fundingRate/DOGEUSDT/DOGEUSDT-fundingRate-2020-03.zip,0,,False,,0,True
fundingRate,BNBUSDT,2020-03,https://data.binance.vision/data/futures/um/monthly/fundingRate/BNBUSDT/BNBUSDT-fundingRate-2020-03.zip,854,59a4380336d1625bfd5b4065279fbadbaa0ae5c973773392876f97451433e903,True,True,93,False
klines,BCHUSDT,2020-03,https://data.binance.vision/data/futures/um/monthly/klines/BCHUSDT/1d/BCHUSDT-1d-2020-03.zip,1893,2ae83a40f031e91f26afb3b1956367b6a7e2899164b14ae958a6425d2e8c0eb7,True,True,31,False
fundingRate,ADAUSDT,2020-03,https://data.binance.vision/data/futures/um/monthly/fundingRate/ADAUSDT/ADAUSDT-fundingRate-2020-03.zip,752,0ac40b12f77a8c901d33baa74011772c2c20668cf0cb78b75d35a3f7f8b5cf40,True,True,93,False
fundingRate,BCHUSDT,2020-03,https://data.binance.vision/data/futures/um/monthly/fundingRate/BCHUSDT/BCHUSDT-fundingRate-2020-03.zip,756,dcd2366d65ebbae83548d23a895d851fecb8c4e7bd35eacc8f274a415f3283a1,True,True,93,False
klines,DOTUSDT,2020-03,https://data.binance.vision/data/futures/um/monthly/klines/DOTUSDT/1d/DOTUSDT-1d-2020-03.zip,0,,False,,0,True
fundingRate,DOTUSDT,2020-03,https://data.binance.vision/data/futures/um/monthly/fundingRate/DOTUSDT/DOTUSDT-fundingRate-2020-03.zip,0,,False,,0,True
fundingRate,EOSUSDT,2020-03,https://data.binance.vision/data/futures/um/monthly/fundingRate/EOSUSDT/EOSUSDT-fundingRate-2020-03.zip,795,8bb16859a587ae0ae380161b2c0f9aec0ba9c1c9358a90b952f1053fa7627a26,True,True,93,False
klines,SOLUSDT,2020-03,https://data.binance.vision/data/futures/um/monthly/klines/SOLUSDT/1d/SOLUSDT-1d-2020-03.zip,0,,False,,0,True
fundingRate,SOLUSDT,2020-03,https://data.binance.vision/data/futures/um/monthly/fundingRate/SOLUSDT/SOLUSDT-fundingRate-2020-03.zip,0,,False,,0,True
klines,EOSUSDT,2020-03,https://data.binance.vision/data/futures/um/monthly/klines/EOSUSDT/1d/EOSUSDT-1d-2020-03.zip,1735,c4fa465bf05dacafd481cbbb2f251593467ef1eb9b009f9bddbc84850ff4b3fc,True,True,31,False
klines,LINKUSDT,2020-03,https://data.binance.vision/data/futures/um/monthly/klines/LINKUSDT/1d/LINKUSDT-1d-2020-03.zip,1838,33783c7804c4cc5a698bf96fdaab58b813d140fe1b36d34b9e4c40ef6f4ff0c7,True,True,31,False
klines,TRXUSDT,2020-03,https://data.binance.vision/data/futures/um/monthly/klines/TRXUSDT/1d/TRXUSDT-1d-2020-03.zip,1737,21052f294d28a0c6ad38716280fd9b765ab25e7450774effad3d544fd5ae419f,True,True,31,False
fundingRate,LINKUSDT,2020-03,https://data.binance.vision/data/futures/um/monthly/fundingRate/LINKUSDT/LINKUSDT-fundingRate-2020-03.zip,855,304cef44900b9e1f6cf71d2c42f3d37cdcc45ed2092585a1fcf9aa254dc4554c,True,True,93,False
klines,ETHUSDT,2020-04,https://data.binance.vision/data/futures/um/monthly/klines/ETHUSDT/1d/ETHUSDT-1d-2020-04.zip,1870,8b563aa55b8b7ad384ef7686866a603425a0e7ebd553930a1cfd72ee1a5e5617,True,True,30,False
fundingRate,ETHUSDT,2020-04,https://data.binance.vision/data/futures/um/monthly/fundingRate/ETHUSDT/ETHUSDT-fundingRate-2020-04.zip,698,ce2208113358208182eaae41971fb5762e1794a04b4a606368416d08eea2d41b,True,True,90,False
klines,BNBUSDT,2020-04,https://data.binance.vision/data/futures/um/monthly/klines/BNBUSDT/1d/BNBUSDT-1d-2020-04.zip,1791,f630a2d66187529e5d6f1f2f07e143948fccf5013853047117a0889a09a578d2,True,True,30,False
klines,BTCUSDT,2020-04,https://data.binance.vision/data/futures/um/monthly/klines/BTCUSDT/1d/BTCUSDT-1d-2020-04.zip,1945,ece152d49d8dadf02e6d3f3193071ba94a71bf571a4565374255f91624122c3d,True,True,30,False
fundingRate,TRXUSDT,2020-03,https://data.binance.vision/data/futures/um/monthly/fundingRate/TRXUSDT/TRXUSDT-fundingRate-2020-03.zip,755,ecef1e2eb1dc6dda2efa7ecec4cf0a7196941e6a7801c28c1caf143422912c79,True,True,93,False
klines,XRPUSDT,2020-04,https://data.binance.vision/data/futures/um/monthly/klines/XRPUSDT/1d/XRPUSDT-1d-2020-04.zip,1734,437e3b74c7a44ff19204b7b1e24eb5d9ebda3b8bd8754a4bcd963419fcbd44dd,True,True,30,False
fundingRate,BNBUSDT,2020-04,https://data.binance.vision/data/futures/um/monthly/fundingRate/BNBUSDT/BNBUSDT-fundingRate-2020-04.zip,811,8a89bb0860dbf13684c71afc86453ade0e4288b64c308491e621a48d61418bc9,True,True,90,False
fundingRate,BTCUSDT,2020-04,https://data.binance.vision/data/futures/um/monthly/fundingRate/BTCUSDT/BTCUSDT-fundingRate-2020-04.zip,867,d009ce034d08c3dcf3e7f874b0f8b0ec76ba507bc6bb4e007e541df537bafbce,True,True,90,False
fundingRate,XRPUSDT,2020-04,https://data.binance.vision/data/futures/um/monthly/fundingRate/XRPUSDT/XRPUSDT-fundingRate-2020-04.zip,712,e3ba018810fb93e89f31baa67f5eaa4b11f7d8d876c1488df8deeb42d88cd170,True,True,90,False
klines,ADAUSDT,2020-04,https://data.binance.vision/data/futures/um/monthly/klines/ADAUSDT/1d/ADAUSDT-1d-2020-04.zip,1689,b800efda87e1d54a6d027aaa2eb82b8a69e8b8c08571a3663d260ada40b52689,True,True,30,False
klines,DOGEUSDT,2020-04,https://data.binance.vision/data/futures/um/monthly/klines/DOGEUSDT/1d/DOGEUSDT-1d-2020-04.zip,0,,False,,0,True
fundingRate,DOGEUSDT,2020-04,https://data.binance.vision/data/futures/um/monthly/fundingRate/DOGEUSDT/DOGEUSDT-fundingRate-2020-04.zip,0,,False,,0,True
klines,LTCUSDT,2020-04,https://data.binance.vision/data/futures/um/monthly/klines/LTCUSDT/1d/LTCUSDT-1d-2020-04.zip,1751,7122153b9f119bd193f676c73f4ae4215c5f5e71a216efd1a0d75fdb0df28a58,True,True,30,False
fundingRate,ADAUSDT,2020-04,https://data.binance.vision/data/futures/um/monthly/fundingRate/ADAUSDT/ADAUSDT-fundingRate-2020-04.zip,660,511586b32b810ee7ba731bffe00502b8ffe7637fc4e512bda489c6f66d41528a,True,True,90,False
klines,DOTUSDT,2020-04,https://data.binance.vision/data/futures/um/monthly/klines/DOTUSDT/1d/DOTUSDT-1d-2020-04.zip,0,,False,,0,True
klines,BCHUSDT,2020-04,https://data.binance.vision/data/futures/um/monthly/klines/BCHUSDT/1d/BCHUSDT-1d-2020-04.zip,1835,0fe67fb55110a050cddae9ababca91e3c53b0743ebf6b5d0a1558f527b0322dc,True,True,30,False
fundingRate,LTCUSDT,2020-04,https://data.binance.vision/data/futures/um/monthly/fundingRate/LTCUSDT/LTCUSDT-fundingRate-2020-04.zip,764,6d74e20eb4eec657716e98911e05fb42307e5bce51b79ee651bb2050f54246c7,True,True,90,False
fundingRate,EOSUSDT,2020-04,https://data.binance.vision/data/futures/um/monthly/fundingRate/EOSUSDT/EOSUSDT-fundingRate-2020-04.zip,634,dc177079833b69c0d6d142265f5c543af24e50637c1033ef758a4defaefbfbd1,True,True,90,False
klines,LINKUSDT,2020-04,https://data.binance.vision/data/futures/um/monthly/klines/LINKUSDT/1d/LINKUSDT-1d-2020-04.zip,1786,674b9cfd485af65ecdf894ca93557ced57946f457c2c859d8f11f25310d18e79,True,True,30,False
klines,SOLUSDT,2020-04,https://data.binance.vision/data/futures/um/monthly/klines/SOLUSDT/1d/SOLUSDT-1d-2020-04.zip,0,,False,,0,True
fundingRate,SOLUSDT,2020-04,https://data.binance.vision/data/futures/um/monthly/fundingRate/SOLUSDT/SOLUSDT-fundingRate-2020-04.zip,0,,False,,0,True
klines,TRXUSDT,2020-04,https://data.binance.vision/data/futures/um/monthly/klines/TRXUSDT/1d/TRXUSDT-1d-2020-04.zip,1688,dee0e9e1a7bf87aba4cd1ff740986afe38aa76fb2f332e64ea3760cd92cf849b,True,True,30,False
fundingRate,DOTUSDT,2020-04,https://data.binance.vision/data/futures/um/monthly/fundingRate/DOTUSDT/DOTUSDT-fundingRate-2020-04.zip,0,,False,,0,True
klines,EOSUSDT,2020-04,https://data.binance.vision/data/futures/um/monthly/klines/EOSUSDT/1d/EOSUSDT-1d-2020-04.zip,1660,431a6f9670b5707b447b2aec12792019a833e36da1f8c89b986c0866cf6a3812,True,True,30,False
fundingRate,TRXUSDT,2020-04,https://data.binance.vision/data/futures/um/monthly/fundingRate/TRXUSDT/TRXUSDT-fundingRate-2020-04.zip,675,b3963ca0b369354cb1cb553a029f432b38b13391fa984f5d13cc62ac6ca36565,True,True,90,False
fundingRate,LINKUSDT,2020-04,https://data.binance.vision/data/futures/um/monthly/fundingRate/LINKUSDT/LINKUSDT-fundingRate-2020-04.zip,798,c9e6bc188f2198a66a77dff8da869d6eb1a874e977b0f00ba19fecff9a302c33,True,True,90,False
fundingRate,BCHUSDT,2020-04,https://data.binance.vision/data/futures/um/monthly/fundingRate/BCHUSDT/BCHUSDT-fundingRate-2020-04.zip,693,0d40669651f1037db414354228a0ef07ad1b5c6cbac4b520dff4fc325bce9663,True,True,90,False
fundingRate,ETHUSDT,2020-05,https://data.binance.vision/data/futures/um/monthly/fundingRate/ETHUSDT/ETHUSDT-fundingRate-2020-05.zip,769,77f5790ae26f95caee52b58317ee65d13b0eeb61f73d83482fd5d3aa153ab300,True,True,93,False
klines,BTCUSDT,2020-05,https://data.binance.vision/data/futures/um/monthly/klines/BTCUSDT/1d/BTCUSDT-1d-2020-05.zip,2014,2b9c8f3955539dc29dcb25d6915e35f434c82eddca4483e9c062310e6cd85acd,True,True,31,False
fundingRate,BTCUSDT,2020-05,https://data.binance.vision/data/futures/um/monthly/fundingRate/BTCUSDT/BTCUSDT-fundingRate-2020-05.zip,839,3f2b56dd6b9a42457009bb367d0adadd3cf7e2216cd325172d0089e3883125a8,True,True,93,False
klines,BNBUSDT,2020-05,https://data.binance.vision/data/futures/um/monthly/klines/BNBUSDT/1d/BNBUSDT-1d-2020-05.zip,1789,e7c7798642a3db8d538dc8e45fe79b4e0756c59ba1b0f2fc5c18375f7070f85b,True,True,31,False
klines,ETHUSDT,2020-05,https://data.binance.vision/data/futures/um/monthly/klines/ETHUSDT/1d/ETHUSDT-1d-2020-05.zip,1914,a2168590a401c001e536907d2493a68ea0f82e9e9fab99b07bc6dd188398ebb5,True,True,31,False
klines,ADAUSDT,2020-05,https://data.binance.vision/data/futures/um/monthly/klines/ADAUSDT/1d/ADAUSDT-1d-2020-05.zip,1775,fec343a430d5f33b200c9af7a517da7949e15fc69bdf883ad73e13a6deeef17b,True,True,31,False
fundingRate,XRPUSDT,2020-05,https://data.binance.vision/data/futures/um/monthly/fundingRate/XRPUSDT/XRPUSDT-fundingRate-2020-05.zip,688,c4d8a6487c998d05f8c50c70b6ccdebda9fd0382c61ccde988b085bbf1ce43f9,True,True,93,False
klines,DOGEUSDT,2020-05,https://data.binance.vision/data/futures/um/monthly/klines/DOGEUSDT/1d/DOGEUSDT-1d-2020-05.zip,0,,False,,0,True
fundingRate,BNBUSDT,2020-05,https://data.binance.vision/data/futures/um/monthly/fundingRate/BNBUSDT/BNBUSDT-fundingRate-2020-05.zip,772,b5130658f9e7e79fc09518ceeaa888f18a5e4192128466e5fa67fef5e73fd253,True,True,93,False
fundingRate,DOGEUSDT,2020-05,https://data.binance.vision/data/futures/um/monthly/fundingRate/DOGEUSDT/DOGEUSDT-fundingRate-2020-05.zip,0,,False,,0,True
klines,XRPUSDT,2020-05,https://data.binance.vision/data/futures/um/monthly/klines/XRPUSDT/1d/XRPUSDT-1d-2020-05.zip,1792,13d9da55bb28191d0a804b0b59191ca9a03351c4d88e6399477a321017d6ead1,True,True,31,False
fundingRate,ADAUSDT,2020-05,https://data.binance.vision/data/futures/um/monthly/fundingRate/ADAUSDT/ADAUSDT-fundingRate-2020-05.zip,776,461a0cd865487ff2526e23b363708e9096e4c1abb94b23886fd3163cef156708,True,True,93,False
klines,LTCUSDT,2020-05,https://data.binance.vision/data/futures/um/monthly/klines/LTCUSDT/1d/LTCUSDT-1d-2020-05.zip,1786,722a5fba0f48196a9c60bf125f772df9c08faf9a0cb62b7268eb4cb07471da8e,True,True,31,False
klines,BCHUSDT,2020-05,https://data.binance.vision/data/futures/um/monthly/klines/BCHUSDT/1d/BCHUSDT-1d-2020-05.zip,1860,29a2c191c8311c21a1162f8459b67100490b2d15dc8e16c241892f54ad273468,True,True,31,False
klines,DOTUSDT,2020-05,https://data.binance.vision/data/futures/um/monthly/klines/DOTUSDT/1d/DOTUSDT-1d-2020-05.zip,0,,False,,0,True
fundingRate,LTCUSDT,2020-05,https://data.binance.vision/data/futures/um/monthly/fundingRate/LTCUSDT/LTCUSDT-fundingRate-2020-05.zip,767,5b68c95e592905148cae013388af734e4d477321fbbfca334dc0f6cae9cb44c6,True,True,93,False
klines,SOLUSDT,2020-05,https://data.binance.vision/data/futures/um/monthly/klines/SOLUSDT/1d/SOLUSDT-1d-2020-05.zip,0,,False,,0,True
fundingRate,SOLUSDT,2020-05,https://data.binance.vision/data/futures/um/monthly/fundingRate/SOLUSDT/SOLUSDT-fundingRate-2020-05.zip,0,,False,,0,True
klines,EOSUSDT,2020-05,https://data.binance.vision/data/futures/um/monthly/klines/EOSUSDT/1d/EOSUSDT-1d-2020-05.zip,1716,28392c4987fc451626da96a61a76d145fa4542e8bb0013a11c7097ae66d725a5,True,True,31,False
fundingRate,BCHUSDT,2020-05,https://data.binance.vision/data/futures/um/monthly/fundingRate/BCHUSDT/BCHUSDT-fundingRate-2020-05.zip,726,083a707d9b60674401e07ab0b6fbf7e5e2ee325a56df8c821cafb9b848e589a4,True,True,93,False
fundingRate,DOTUSDT,2020-05,https://data.binance.vision/data/futures/um/monthly/fundingRate/DOTUSDT/DOTUSDT-fundingRate-2020-05.zip,0,,False,,0,True
fundingRate,EOSUSDT,2020-05,https://data.binance.vision/data/futures/um/monthly/fundingRate/EOSUSDT/EOSUSDT-fundingRate-2020-05.zip,698,1ed0a7c6e3b6eaf4e9c3f22c365da146b052ce1654f42ed1534bab66da88b5a8,True,True,93,False
klines,BTCUSDT,2020-06,https://data.binance.vision/data/futures/um/monthly/klines/BTCUSDT/1d/BTCUSDT-1d-2020-06.zip,1922,d52e253535b75f5af2442d620d3eb3d1e06e1e565c8ed92fb93a96b449bce7b5,True,True,30,False
fundingRate,LINKUSDT,2020-05,https://data.binance.vision/data/futures/um/monthly/fundingRate/LINKUSDT/LINKUSDT-fundingRate-2020-05.zip,797,bb590c2d02327d848687d183b555af93e2465d72640f5f33e12fe64597c69ec6,True,True,93,False
klines,LINKUSDT,2020-05,https://data.binance.vision/data/futures/um/monthly/klines/LINKUSDT/1d/LINKUSDT-1d-2020-05.zip,1806,7683213eba2238d161f8e69429a501048901fb7cf4d735aad80dfa9f3197fdd8,True,True,31,False
fundingRate,BTCUSDT,2020-06,https://data.binance.vision/data/futures/um/monthly/fundingRate/BTCUSDT/BTCUSDT-fundingRate-2020-06.zip,791,30b3470ff98576578973d75e3c157a5cbf1778b11e4c26b4b4ff70a3cbb348ec,True,True,90,False
klines,TRXUSDT,2020-05,https://data.binance.vision/data/futures/um/monthly/klines/TRXUSDT/1d/TRXUSDT-1d-2020-05.zip,1717,c377e1dd21cd2a840b22b734dda9328439b308ab590f696cb6baf5de4c7a288b,True,True,31,False
klines,ETHUSDT,2020-06,https://data.binance.vision/data/futures/um/monthly/klines/ETHUSDT/1d/ETHUSDT-1d-2020-06.zip,1858,797f29c89d00ffd397fca4000e69269abbbb5a039834e636bfc14333566d3d6d,True,True,30,False
fundingRate,TRXUSDT,2020-05,https://data.binance.vision/data/futures/um/monthly/fundingRate/TRXUSDT/TRXUSDT-fundingRate-2020-05.zip,705,1ec6c862d50a693e2892724500d578199acff29a4e7fbd23ddff8d76cc52eb36,True,True,93,False
fundingRate,BNBUSDT,2020-06,https://data.binance.vision/data/futures/um/monthly/fundingRate/BNBUSDT/BNBUSDT-fundingRate-2020-06.zip,754,854819c6762a1f54f01421a3af1afbdbaf90c8d5c66a69b2dde645d5eaa97ed8,True,True,90,False
klines,BNBUSDT,2020-06,https://data.binance.vision/data/futures/um/monthly/klines/BNBUSDT/1d/BNBUSDT-1d-2020-06.zip,1726,fc17e1eb3131591e8e52e7bc311ebb27f4fc85ffbf79fe27a3e53542b13d46f0,True,True,30,False
fundingRate,ETHUSDT,2020-06,https://data.binance.vision/data/futures/um/monthly/fundingRate/ETHUSDT/ETHUSDT-fundingRate-2020-06.zip,700,2e6af078edbe3e0df30d12d0d381652949572ce514222a257efe1f4eb145dae0,True,True,90,False
klines,XRPUSDT,2020-06,https://data.binance.vision/data/futures/um/monthly/klines/XRPUSDT/1d/XRPUSDT-1d-2020-06.zip,1735,2258eea426e69050248aaa8e616e282247fa42bfe209cbbd10136fdd6fca038b,True,True,30,False
klines,DOGEUSDT,2020-06,https://data.binance.vision/data/futures/um/monthly/klines/DOGEUSDT/1d/DOGEUSDT-1d-2020-06.zip,0,,False,,0,True
fundingRate,DOGEUSDT,2020-06,https://data.binance.vision/data/futures/um/monthly/fundingRate/DOGEUSDT/DOGEUSDT-fundingRate-2020-06.zip,0,,False,,0,True
klines,LTCUSDT,2020-06,https://data.binance.vision/data/futures/um/monthly/klines/LTCUSDT/1d/LTCUSDT-1d-2020-06.zip,1747,7fe046f41db3e9ef7dfee80cc416dad99265f38c2ab08dcb59943a32bd8b01e6,True,True,30,False
fundingRate,XRPUSDT,2020-06,https://data.binance.vision/data/futures/um/monthly/fundingRate/XRPUSDT/XRPUSDT-fundingRate-2020-06.zip,758,cb9ee8ee7378d237dda9c1482e2ee4e785fb0adf3bda20ad642d8efae3b86718,True,True,90,False
klines,EOSUSDT,2020-06,https://data.binance.vision/data/futures/um/monthly/klines/EOSUSDT/1d/EOSUSDT-1d-2020-06.zip,1664,b34ff9f25918d8315198b7db343f3faaa6f43d659e621fb96869e547b79266f1,True,True,30,False
fundingRate,ADAUSDT,2020-06,https://data.binance.vision/data/futures/um/monthly/fundingRate/ADAUSDT/ADAUSDT-fundingRate-2020-06.zip,780,6c9d2761e88a7d712d9cb14e5a682c76cd8e6ac7199fb244ddeb82540b20f396,True,True,90,False
klines,DOTUSDT,2020-06,https://data.binance.vision/data/futures/um/monthly/klines/DOTUSDT/1d/DOTUSDT-1d-2020-06.zip,0,,False,,0,True
fundingRate,EOSUSDT,2020-06,https://data.binance.vision/data/futures/um/monthly/fundingRate/EOSUSDT/EOSUSDT-fundingRate-2020-06.zip,696,3fb77e15279d114bb0d7d8bd6316c93d431bbdedff2820120f5b3ecfff3f9bf1,True,True,90,False
fundingRate,DOTUSDT,2020-06,https://data.binance.vision/data/futures/um/monthly/fundingRate/DOTUSDT/DOTUSDT-fundingRate-2020-06.zip,0,,False,,0,True
klines,LINKUSDT,2020-06,https://data.binance.vision/data/futures/um/monthly/klines/LINKUSDT/1d/LINKUSDT-1d-2020-06.zip,1759,cc2da1eb99dbbddfb489c848a266d1197ce93d3e42acf51573d3dadc58ef3c7f,True,True,30,False
klines,ADAUSDT,2020-06,https://data.binance.vision/data/futures/um/monthly/klines/ADAUSDT/1d/ADAUSDT-1d-2020-06.zip,1755,026b63137f6b37592eaad6bca68c897f2c49cb852c42ea7922fb0119a97eb9ed,True,True,30,False
fundingRate,LTCUSDT,2020-06,https://data.binance.vision/data/futures/um/monthly/fundingRate/LTCUSDT/LTCUSDT-fundingRate-2020-06.zip,738,4b1303c31fd7a3c22f597312b17b5c9c5dd5cb4d116a0bbd2f4904344d9a80a3,True,True,90,False
klines,BCHUSDT,2020-06,https://data.binance.vision/data/futures/um/monthly/klines/BCHUSDT/1d/BCHUSDT-1d-2020-06.zip,1802,c6d54e40b7eec6ff0a9e0e62081a20a8ae4c69803bec92f1cae5e69530c55c8c,True,True,30,False
klines,SOLUSDT,2020-06,https://data.binance.vision/data/futures/um/monthly/klines/SOLUSDT/1d/SOLUSDT-1d-2020-06.zip,0,,False,,0,True
fundingRate,SOLUSDT,2020-06,https://data.binance.vision/data/futures/um/monthly/fundingRate/SOLUSDT/SOLUSDT-fundingRate-2020-06.zip,0,,False,,0,True
fundingRate,BCHUSDT,2020-06,https://data.binance.vision/data/futures/um/monthly/fundingRate/BCHUSDT/BCHUSDT-fundingRate-2020-06.zip,706,fde36b7ec3a1d9b41c5e56795afbb95e23fc69ee9c2996f300f4e69a3956a67e,True,True,90,False
fundingRate,LINKUSDT,2020-06,https://data.binance.vision/data/futures/um/monthly/fundingRate/LINKUSDT/LINKUSDT-fundingRate-2020-06.zip,785,2bf1b6f44309d8eea370f32a56be8a65ea7834bf02dd55e2e97ff84ba940b78e,True,True,90,False
klines,TRXUSDT,2020-06,https://data.binance.vision/data/futures/um/monthly/klines/TRXUSDT/1d/TRXUSDT-1d-2020-06.zip,1681,2ef2ce0ccec8c2db1eaa360d2728bffb7a074eb02c8d4793af0530a82c133bb9,True,True,30,False
klines,ETHUSDT,2020-07,https://data.binance.vision/data/futures/um/monthly/klines/ETHUSDT/1d/ETHUSDT-1d-2020-07.zip,1904,ec32dd63bdccebc9bd4ace7cafddd024c41b17fc03f528b2f3d1f08030438af4,True,True,31,False
fundingRate,ETHUSDT,2020-07,https://data.binance.vision/data/futures/um/monthly/fundingRate/ETHUSDT/ETHUSDT-fundingRate-2020-07.zip,774,1983ad90e1d1f98eefd2c23b9eb209d26e4e2efba2f4e8b5e662e8a7d563bc56,True,True,93,False
fundingRate,BTCUSDT,2020-07,https://data.binance.vision/data/futures/um/monthly/fundingRate/BTCUSDT/BTCUSDT-fundingRate-2020-07.zip,712,18dae7b11075fc0fba79ad47df46683415cba5d027caa69c66bc2a5c9d9b459a,True,True,93,False
fundingRate,BNBUSDT,2020-07,https://data.binance.vision/data/futures/um/monthly/fundingRate/BNBUSDT/BNBUSDT-fundingRate-2020-07.zip,894,57c05c478122ad7ccc7b0792759919d5610560f0bc20fd33cbf77e70613d7989,True,True,93,False
klines,BNBUSDT,2020-07,https://data.binance.vision/data/futures/um/monthly/klines/BNBUSDT/1d/BNBUSDT-1d-2020-07.zip,1824,7ed1afc4a3e3b68217e78c2793d6ab183c9053d011851f537d45d933194fc120,True,True,31,False
klines,ADAUSDT,2020-07,https://data.binance.vision/data/futures/um/monthly/klines/ADAUSDT/1d/ADAUSDT-1d-2020-07.zip,1843,01fb76cd493896dec2653c0be83a4941465ef29c1654b3fc6287b5adb7f0a538,True,True,31,False
fundingRate,ADAUSDT,2020-07,https://data.binance.vision/data/futures/um/monthly/fundingRate/ADAUSDT/ADAUSDT-fundingRate-2020-07.zip,872,38994df41cd071f4127d67fd2c0c25a1a05775ac340afda451228624cdf036d6,True,True,93,False
fundingRate,XRPUSDT,2020-07,https://data.binance.vision/data/futures/um/monthly/fundingRate/XRPUSDT/XRPUSDT-fundingRate-2020-07.zip,793,b002e4dfa1caf1ade67cbea895e62aa9a609888053013a188c8a3da39fcc84e2,True,True,93,False
klines,BTCUSDT,2020-07,https://data.binance.vision/data/futures/um/monthly/klines/BTCUSDT/1d/BTCUSDT-1d-2020-07.zip,1983,03a84112408f3ce5beedd98af8195cd53482b5271b434e1c48e5ea3c629ddb23,True,True,31,False
klines,LTCUSDT,2020-07,https://data.binance.vision/data/futures/um/monthly/klines/LTCUSDT/1d/LTCUSDT-1d-2020-07.zip,1803,146f2a20b6ca863e7a133464f642a98e190fc37e24ef4e75ee7d1ac3325b8604,True,True,31,False
fundingRate,TRXUSDT,2020-06,https://data.binance.vision/data/futures/um/monthly/fundingRate/TRXUSDT/TRXUSDT-fundingRate-2020-06.zip,720,69eb771d72bb360f727dcc8de1f7213dec5e318108e25b03f80bd0eeb3f30263,True,True,90,False
klines,BCHUSDT,2020-07,https://data.binance.vision/data/futures/um/monthly/klines/BCHUSDT/1d/BCHUSDT-1d-2020-07.zip,1857,89747f49e319b68426ecb3bc4c2f731e1d1656b5018d0d2bcedca0e9db602250,True,True,31,False
fundingRate,LTCUSDT,2020-07,https://data.binance.vision/data/futures/um/monthly/fundingRate/LTCUSDT/LTCUSDT-fundingRate-2020-07.zip,847,0e7874eab10699c4ad23ad5d9c9179381ac996062a6e09cecadeaca3b0a7387b,True,True,93,False
fundingRate,BCHUSDT,2020-07,https://data.binance.vision/data/futures/um/monthly/fundingRate/BCHUSDT/BCHUSDT-fundingRate-2020-07.zip,769,fdc3c6753d7f9ddbe49bd1f441a7ee6630204589a121898c4088b8fbd947cb0e,True,True,93,False
klines,XRPUSDT,2020-07,https://data.binance.vision/data/futures/um/monthly/klines/XRPUSDT/1d/XRPUSDT-1d-2020-07.zip,1821,55ae3793b93c632b5cc1587583a24813e472cda707f11b541b6600fa54ff4e1a,True,True,31,False
klines,DOTUSDT,2020-07,https://data.binance.vision/data/futures/um/monthly/klines/DOTUSDT/1d/DOTUSDT-1d-2020-07.zip,0,,False,,0,True
fundingRate,DOTUSDT,2020-07,https://data.binance.vision/data/futures/um/monthly/fundingRate/DOTUSDT/DOTUSDT-fundingRate-2020-07.zip,0,,False,,0,True
fundingRate,EOSUSDT,2020-07,https://data.binance.vision/data/futures/um/monthly/fundingRate/EOSUSDT/EOSUSDT-fundingRate-2020-07.zip,764,316a56ff87ebe28eeb2ab8c3a90f0a9aa1b69ec25c42d48c9f3b6711d04d4727,True,True,93,False
klines,EOSUSDT,2020-07,https://data.binance.vision/data/futures/um/monthly/klines/EOSUSDT/1d/EOSUSDT-1d-2020-07.zip,1725,3da952a3e3513f342dbc0e85390fbbc98dd4345ed39423c6f078bccb7e91d5fa,True,True,31,False
klines,DOGEUSDT,2020-07,https://data.binance.vision/data/futures/um/monthly/klines/DOGEUSDT/1d/DOGEUSDT-1d-2020-07.zip,1353,2fb9e452663eab18425055f6bef0cc41913b20b63d4579412afd990f0a55f648,True,True,22,False
fundingRate,DOGEUSDT,2020-07,https://data.binance.vision/data/futures/um/monthly/fundingRate/DOGEUSDT/DOGEUSDT-fundingRate-2020-07.zip,623,8883b751965fb54dc57839952b5f9464b185fb40edc77db4b4489b64c52398a5,True,True,65,False
klines,SOLUSDT,2020-07,https://data.binance.vision/data/futures/um/monthly/klines/SOLUSDT/1d/SOLUSDT-1d-2020-07.zip,0,,False,,0,True
fundingRate,SOLUSDT,2020-07,https://data.binance.vision/data/futures/um/monthly/fundingRate/SOLUSDT/SOLUSDT-fundingRate-2020-07.zip,0,,False,,0,True
fundingRate,LINKUSDT,2020-07,https://data.binance.vision/data/futures/um/monthly/fundingRate/LINKUSDT/LINKUSDT-fundingRate-2020-07.zip,805,02dbc4a446238f524fd0aca6cd33477c49d635d315ea43847317a21f3a42228f,True,True,93,False
fundingRate,TRXUSDT,2020-07,https://data.binance.vision/data/futures/um/monthly/fundingRate/TRXUSDT/TRXUSDT-fundingRate-2020-07.zip,815,11c11b52d7165b42a9ec7d0a9ac2e0e705be7178d55dd3a9f63dcb98d3b11e90,True,True,93,False
klines,TRXUSDT,2020-07,https://data.binance.vision/data/futures/um/monthly/klines/TRXUSDT/1d/TRXUSDT-1d-2020-07.zip,1740,b8825e4ab887a1fe836e36945bb50b93fda7094ee5fbadfa1123138842f1fb92,True,True,31,False
klines,LINKUSDT,2020-07,https://data.binance.vision/data/futures/um/monthly/klines/LINKUSDT/1d/LINKUSDT-1d-2020-07.zip,1864,ff8b24f565fedd0b55eaba66f478eb8ec920cf13d517683d037fe88956e06593,True,True,31,False
klines,BTCUSDT,2020-08,https://data.binance.vision/data/futures/um/monthly/klines/BTCUSDT/1d/BTCUSDT-1d-2020-08.zip,2008,92cca88204659005d28e1c6b49ab0a06051adea7d2ba7e918b4d8e4b178d86f5,True,True,31,False
fundingRate,BTCUSDT,2020-08,https://data.binance.vision/data/futures/um/monthly/fundingRate/BTCUSDT/BTCUSDT-fundingRate-2020-08.zip,854,e6f6d1749f674c85d4766e0eb36af6ea40d91a0674234d30df80eb9876b094e3,True,True,93,False
klines,BNBUSDT,2020-08,https://data.binance.vision/data/futures/um/monthly/klines/BNBUSDT/1d/BNBUSDT-1d-2020-08.zip,1829,59b1c1079d3757017447cb1a84d2ca0797c89e796ac40792e1b441e8ea866515,True,True,31,False
klines,ETHUSDT,2020-08,https://data.binance.vision/data/futures/um/monthly/klines/ETHUSDT/1d/ETHUSDT-1d-2020-08.zip,1958,50a82930975079187ddb0836b9a4014691f4caa47f3618ebc9d9b2a050d9c3a6,True,True,31,False
fundingRate,ETHUSDT,2020-08,https://data.binance.vision/data/futures/um/monthly/fundingRate/ETHUSDT/ETHUSDT-fundingRate-2020-08.zip,918,d4e766270a078741387ba564103d285ad9a2c05c7e6df9ad0b03619248bb041f,True,True,93,False
klines,XRPUSDT,2020-08,https://data.binance.vision/data/futures/um/monthly/klines/XRPUSDT/1d/XRPUSDT-1d-2020-08.zip,1852,30643bcd806231763305452a810a0789add06228e268e326201b12590034ec77,True,True,31,False
fundingRate,XRPUSDT,2020-08,https://data.binance.vision/data/futures/um/monthly/fundingRate/XRPUSDT/XRPUSDT-fundingRate-2020-08.zip,874,0443afcd2e8c933f3c42df6fb22fdd329fd2ab122757ce90617515f864a80f8d,True,True,93,False
klines,ADAUSDT,2020-08,https://data.binance.vision/data/futures/um/monthly/klines/ADAUSDT/1d/ADAUSDT-1d-2020-08.zip,1833,7ecdb51afc3cb28e9e3cf5ac4bf227886ab2b7d5d60ba8b680202284b0270579,True,True,31,False
fundingRate,BNBUSDT,2020-08,https://data.binance.vision/data/futures/um/monthly/fundingRate/BNBUSDT/BNBUSDT-fundingRate-2020-08.zip,949,24bbf156cf48214abb8a07c72f6bf75e7478f1015ec76525aa963b280226645d,True,True,93,False
klines,LTCUSDT,2020-08,https://data.binance.vision/data/futures/um/monthly/klines/LTCUSDT/1d/LTCUSDT-1d-2020-08.zip,1854,fa33a0e08526e81a24d6b8789fc8eded958b4b617c0f42637c6cc9aef632061c,True,True,31,False
fundingRate,ADAUSDT,2020-08,https://data.binance.vision/data/futures/um/monthly/fundingRate/ADAUSDT/ADAUSDT-fundingRate-2020-08.zip,959,c39fc9f9042ac4cdfb220ef7b8a313a3cc94a0ae2edd7d5f3f221fe6b86f2fbc,True,True,93,False
fundingRate,LTCUSDT,2020-08,https://data.binance.vision/data/futures/um/monthly/fundingRate/LTCUSDT/LTCUSDT-fundingRate-2020-08.zip,954,48eb317ce9bb6b4975277b2c9a68baf7c03e0714d2603d0277c1f856819f9ea3,True,True,93,False
klines,BCHUSDT,2020-08,https://data.binance.vision/data/futures/um/monthly/klines/BCHUSDT/1d/BCHUSDT-1d-2020-08.zip,1888,c7d4e9ac8073de1b647516e5489a830c209c088bbdecdc1ba7e9a47679388a18,True,True,31,False
fundingRate,BCHUSDT,2020-08,https://data.binance.vision/data/futures/um/monthly/fundingRate/BCHUSDT/BCHUSDT-fundingRate-2020-08.zip,970,e3fd4c9ec4283d59725a6f655d0f558f686934ff4f92d5f491526a3e44ad529b,True,True,93,False
klines,EOSUSDT,2020-08,https://data.binance.vision/data/futures/um/monthly/klines/EOSUSDT/1d/EOSUSDT-1d-2020-08.zip,1768,2fdcc9600e514e27d8f6012e194e7f5c8fb3f67ff141a6d0f3fc98677e410381,True,True,31,False
klines,DOGEUSDT,2020-08,https://data.binance.vision/data/futures/um/monthly/klines/DOGEUSDT/1d/DOGEUSDT-1d-2020-08.zip,1799,18b2977a486bb9488b0c5438714edcbc65a5489f92df016fff5dd0d516161433,True,True,31,False
fundingRate,DOGEUSDT,2020-08,https://data.binance.vision/data/futures/um/monthly/fundingRate/DOGEUSDT/DOGEUSDT-fundingRate-2020-08.zip,792,0e07df16593d5f42f5e4444bf3c0bb444b6e7a2b77915c288d01541438ccf6c4,True,True,93,False
klines,LINKUSDT,2020-08,https://data.binance.vision/data/futures/um/monthly/klines/LINKUSDT/1d/LINKUSDT-1d-2020-08.zip,1946,28824a50f3fd8e3cf7a4896c5feeb0b8dbbd7aefdfb9f72597c2aef8fdbe5ea1,True,True,31,False
fundingRate,LINKUSDT,2020-08,https://data.binance.vision/data/futures/um/monthly/fundingRate/LINKUSDT/LINKUSDT-fundingRate-2020-08.zip,936,43d1cf7c435eefbb562a782e10a061634d25966f68692bdd5179d3cabc01b2c3,True,True,93,False
fundingRate,EOSUSDT,2020-08,https://data.binance.vision/data/futures/um/monthly/fundingRate/EOSUSDT/EOSUSDT-fundingRate-2020-08.zip,952,40022a3a67f020b56a8ba8ed71033989048cad076055b9b124ee3c153c01d7ec,True,True,93,False
fundingRate,SOLUSDT,2020-08,https://data.binance.vision/data/futures/um/monthly/fundingRate/SOLUSDT/SOLUSDT-fundingRate-2020-08.zip,0,,False,,0,True
klines,SOLUSDT,2020-08,https://data.binance.vision/data/futures/um/monthly/klines/SOLUSDT/1d/SOLUSDT-1d-2020-08.zip,0,,False,,0,True
fundingRate,TRXUSDT,2020-08,https://data.binance.vision/data/futures/um/monthly/fundingRate/TRXUSDT/TRXUSDT-fundingRate-2020-08.zip,921,7c996b6915c8b8dd5b98b1538cba0c1d40d11957a520e4d2fefbaedff7974478,True,True,93,False
klines,DOTUSDT,2020-08,https://data.binance.vision/data/futures/um/monthly/klines/DOTUSDT/1d/DOTUSDT-1d-2020-08.zip,717,61799785ef022f494ab197649f6a2fcace1935662bbf40b524163912b0555d51,True,True,10,False
klines,TRXUSDT,2020-08,https://data.binance.vision/data/futures/um/monthly/klines/TRXUSDT/1d/TRXUSDT-1d-2020-08.zip,1802,1d777383898e8e2eac83d5519abee7a2bb153f0b071f9af9115c4eb5ccfffc9c,True,True,31,False
fundingRate,DOTUSDT,2020-08,https://data.binance.vision/data/futures/um/monthly/fundingRate/DOTUSDT/DOTUSDT-fundingRate-2020-08.zip,549,a0ff136ff0dc2e224289cb03893d21bdd53e6221988e8dbfdfddbccf08c72afd,True,True,35,False
klines,BTCUSDT,2020-09,https://data.binance.vision/data/futures/um/monthly/klines/BTCUSDT/1d/BTCUSDT-1d-2020-09.zip,1953,33dfb6af799a004f676b8cf9c81f6db3cbdb4e9183d256a626c24a8e4adf80e5,True,True,30,False
fundingRate,BTCUSDT,2020-09,https://data.binance.vision/data/futures/um/monthly/fundingRate/BTCUSDT/BTCUSDT-fundingRate-2020-09.zip,838,7ae9a3b6afb2dc06e46080582908ec8c27063b707a14c7f1e679dc991ff48032,True,True,90,False
fundingRate,ETHUSDT,2020-09,https://data.binance.vision/data/futures/um/monthly/fundingRate/ETHUSDT/ETHUSDT-fundingRate-2020-09.zip,807,cdee5c299c22dda85a5d5449e19250f7bc66c0d52759f9de0a49cc233520510d,True,True,90,False
klines,ETHUSDT,2020-09,https://data.binance.vision/data/futures/um/monthly/klines/ETHUSDT/1d/ETHUSDT-1d-2020-09.zip,1900,671c9b85dd6e525f6c98239d8b63b0c64c1478210d238ba47de86b54c64eaa1a,True,True,30,False
klines,BNBUSDT,2020-09,https://data.binance.vision/data/futures/um/monthly/klines/BNBUSDT/1d/BNBUSDT-1d-2020-09.zip,1818,ac197db65aee3f47bc653403db4b679b87ce00f5632f58fa4cbf81e6287ee64c,True,True,30,False
fundingRate,BNBUSDT,2020-09,https://data.binance.vision/data/futures/um/monthly/fundingRate/BNBUSDT/BNBUSDT-fundingRate-2020-09.zip,948,96c54d80d6b4e2315fc21efbfbf0ab314b9b73c211215b7c7bf1612364048384,True,True,90,False
fundingRate,XRPUSDT,2020-09,https://data.binance.vision/data/futures/um/monthly/fundingRate/XRPUSDT/XRPUSDT-fundingRate-2020-09.zip,719,54317593b240a23d9db9784ef2cf45fea38a85b366b400865742c472add57707,True,True,90,False
klines,ADAUSDT,2020-09,https://data.binance.vision/data/futures/um/monthly/klines/ADAUSDT/1d/ADAUSDT-1d-2020-09.zip,1774,f05ecbf4ebbd36d59f68ab5d6a30389d51f57858ef6d0e5816c48e4f343f2534,True,True,30,False
fundingRate,ADAUSDT,2020-09,https://data.binance.vision/data/futures/um/monthly/fundingRate/ADAUSDT/ADAUSDT-fundingRate-2020-09.zip,753,fb66f58c02d58e4ffc18332b09dbc70d8cb0a93deb53053a0d10899e4bef2b23,True,True,90,False
klines,LTCUSDT,2020-09,https://data.binance.vision/data/futures/um/monthly/klines/LTCUSDT/1d/LTCUSDT-1d-2020-09.zip,1766,59d8288e781d5c302ad6508f611745bfe4db7fe2cabae83c5f2bc26950b0bf14,True,True,30,False
klines,BCHUSDT,2020-09,https://data.binance.vision/data/futures/um/monthly/klines/BCHUSDT/1d/BCHUSDT-1d-2020-09.zip,1798,ab9c25fff48ff44f00b301d7642dd3d653e7a20d1be8414f931d9f6156581243,True,True,30,False
fundingRate,BCHUSDT,2020-09,https://data.binance.vision/data/futures/um/monthly/fundingRate/BCHUSDT/BCHUSDT-fundingRate-2020-09.zip,714,4858bf0e023b46ba9ea9a4c1b82757f7f9341459b4933de3685ecd3a1190bd18,True,True,90,False
klines,XRPUSDT,2020-09,https://data.binance.vision/data/futures/um/monthly/klines/XRPUSDT/1d/XRPUSDT-1d-2020-09.zip,1759,b63b32f87becf448a2324b25bdce1f3b497e3ba86b79c3f9493a02f278b05703,True,True,30,False
fundingRate,EOSUSDT,2020-09,https://data.binance.vision/data/futures/um/monthly/fundingRate/EOSUSDT/EOSUSDT-fundingRate-2020-09.zip,708,ba72ca12c81c59d30b837333002ea2a1d72d21675dcac82d386ae5ae590751b1,True,True,90,False
klines,DOGEUSDT,2020-09,https://data.binance.vision/data/futures/um/monthly/klines/DOGEUSDT/1d/DOGEUSDT-1d-2020-09.zip,1713,6682b9dcbaaf1852f03b0b06f68406b32d61e4a66e3e7426bad21dcd3de7f2e2,True,True,30,False
fundingRate,DOGEUSDT,2020-09,https://data.binance.vision/data/futures/um/monthly/fundingRate/DOGEUSDT/DOGEUSDT-fundingRate-2020-09.zip,855,69b12f7ed992799da5b499d5d85530f1c2c3eb46a008ed6c865bc665b1118c11,True,True,90,False
klines,LINKUSDT,2020-09,https://data.binance.vision/data/futures/um/monthly/klines/LINKUSDT/1d/LINKUSDT-1d-2020-09.zip,1875,209b919afe7ed0205f48244b8913027280e4b7de7d9a1916a8a227ff136c5b29,True,True,30,False
fundingRate,LTCUSDT,2020-09,https://data.binance.vision/data/futures/um/monthly/fundingRate/LTCUSDT/LTCUSDT-fundingRate-2020-09.zip,722,002e6d2557232661cbbb9df6b55ad29e25cc1f24ea2037e0f936d834055945fd,True,True,90,False
fundingRate,LINKUSDT,2020-09,https://data.binance.vision/data/futures/um/monthly/fundingRate/LINKUSDT/LINKUSDT-fundingRate-2020-09.zip,842,8e3d5d9e0a52ec404018aa1ee1a02d5ea6312d2ea6138d4d30b0f37b7e3c9e9d,True,True,90,False
klines,EOSUSDT,2020-09,https://data.binance.vision/data/futures/um/monthly/klines/EOSUSDT/1d/EOSUSDT-1d-2020-09.zip,1689,85c453196c7df03500d3449cbd157d9a212475b0d3413e3601831ab6b99da5b3,True,True,30,False
klines,DOTUSDT,2020-09,https://data.binance.vision/data/futures/um/monthly/klines/DOTUSDT/1d/DOTUSDT-1d-2020-09.zip,1720,2710954ce22d0e47a6468d97da920f9ebb29fd12f2c69d570f21c7490a0b8465,True,True,30,False
klines,TRXUSDT,2020-09,https://data.binance.vision/data/futures/um/monthly/klines/TRXUSDT/1d/TRXUSDT-1d-2020-09.zip,1779,b5efec3b67a4e64d4c5be871daab25353b969ac79b830f6389c8b7cbbea6809c,True,True,30,False
klines,SOLUSDT,2020-09,https://data.binance.vision/data/futures/um/monthly/klines/SOLUSDT/1d/SOLUSDT-1d-2020-09.zip,1010,6861639415400dcd4f092ead7cfd52dc28c29dc2211a0d0320e9620c2a7f3b5e,True,True,17,False
fundingRate,SOLUSDT,2020-09,https://data.binance.vision/data/futures/um/monthly/fundingRate/SOLUSDT/SOLUSDT-fundingRate-2020-09.zip,554,14fcf2b6183131263ea740f60641948076853ab273b030463934f6a81e01797b,True,True,52,False
klines,BTCUSDT,2020-10,https://data.binance.vision/data/futures/um/monthly/klines/BTCUSDT/1d/BTCUSDT-1d-2020-10.zip,2006,22fefc0b40cec702ff683c2ef9d25c1e249677ca8055cef4d07d83839e480ad8,True,True,31,False
fundingRate,BTCUSDT,2020-10,https://data.binance.vision/data/futures/um/monthly/fundingRate/BTCUSDT/BTCUSDT-fundingRate-2020-10.zip,828,4c55b191c101f39c7fb193a6529665dd9e83302ca21876521e4c93b3902e9fb1,True,True,93,False
klines,ETHUSDT,2020-10,https://data.binance.vision/data/futures/um/monthly/klines/ETHUSDT/1d/ETHUSDT-1d-2020-10.zip,1924,f140c378b5e55560ac01fc48e1d2885a8e23e7e15b258ed778c003684532953e,True,True,31,False
fundingRate,DOTUSDT,2020-09,https://data.binance.vision/data/futures/um/monthly/fundingRate/DOTUSDT/DOTUSDT-fundingRate-2020-09.zip,772,fd3c596fd7d1f902c577172caa05d4494191a7e137910deb50ec48ca3e44d5d1,True,True,90,False
fundingRate,TRXUSDT,2020-09,https://data.binance.vision/data/futures/um/monthly/fundingRate/TRXUSDT/TRXUSDT-fundingRate-2020-09.zip,954,d33723290b0fb3015ae3ef4e9e8bce3fd4c2ddab2249faae81d52712ae12e7bf,True,True,90,False
fundingRate,BNBUSDT,2020-10,https://data.binance.vision/data/futures/um/monthly/fundingRate/BNBUSDT/BNBUSDT-fundingRate-2020-10.zip,901,943d597fef613cfe4dc71fea17554bbdfd03ee801f02ae942f7bd5cca75b77db,True,True,93,False
klines,XRPUSDT,2020-10,https://data.binance.vision/data/futures/um/monthly/klines/XRPUSDT/1d/XRPUSDT-1d-2020-10.zip,1818,4781c5ada92735375055e01d9ad64869c87c12db2056ffba3ce69f687468d6b7,True,True,31,False
klines,ADAUSDT,2020-10,https://data.binance.vision/data/futures/um/monthly/klines/ADAUSDT/1d/ADAUSDT-1d-2020-10.zip,1813,a88c1f4ae8b4d7f87aa2eb051da621e319da1de353d4ce31d2b518ff187e0976,True,True,31,False
fundingRate,ETHUSDT,2020-10,https://data.binance.vision/data/futures/um/monthly/fundingRate/ETHUSDT/ETHUSDT-fundingRate-2020-10.zip,852,47749a38b41b185d786af96bf41c796edf8ea517cf76d6d61402974c629e0239,True,True,93,False
klines,LTCUSDT,2020-10,https://data.binance.vision/data/futures/um/monthly/klines/LTCUSDT/1d/LTCUSDT-1d-2020-10.zip,1830,f539d09661a8e124329a29919b498ff34028065cdd4019bc3d6770bd9d1f7cb1,True,True,31,False
fundingRate,XRPUSDT,2020-10,https://data.binance.vision/data/futures/um/monthly/fundingRate/XRPUSDT/XRPUSDT-fundingRate-2020-10.zip,752,25f355a6ffa3fbe0df64b344cc07c520e13a86877fd6bd50a83b9af1b46bb24d,True,True,93,False
fundingRate,ADAUSDT,2020-10,https://data.binance.vision/data/futures/um/monthly/fundingRate/ADAUSDT/ADAUSDT-fundingRate-2020-10.zip,745,6d38f78673885a02c32aa2b85c0dabbdbb0c181398bd85b5ba2076cfcb5dc494,True,True,93,False
klines,BCHUSDT,2020-10,https://data.binance.vision/data/futures/um/monthly/klines/BCHUSDT/1d/BCHUSDT-1d-2020-10.zip,1867,1086c4317c448136428091c12d8492469bd6789f881f46dd87d279aef99e9c97,True,True,31,False
fundingRate,LTCUSDT,2020-10,https://data.binance.vision/data/futures/um/monthly/fundingRate/LTCUSDT/LTCUSDT-fundingRate-2020-10.zip,786,c6fb67e15e7dc68ecc1e93966ce342289ede8e05579769733d06aa8b1c009061,True,True,93,False
klines,BNBUSDT,2020-10,https://data.binance.vision/data/futures/um/monthly/klines/BNBUSDT/1d/BNBUSDT-1d-2020-10.zip,1834,c3da86bf5aa119b8e807b3791da2907614c3bf92f51b12077f4c9971b7e8de09,True,True,31,False
fundingRate,BCHUSDT,2020-10,https://data.binance.vision/data/futures/um/monthly/fundingRate/BCHUSDT/BCHUSDT-fundingRate-2020-10.zip,772,92433a528ed3785566b9c6bcfb2765698394f9444925e04b6ab682f64c8bf332,True,True,93,False
klines,EOSUSDT,2020-10,https://data.binance.vision/data/futures/um/monthly/klines/EOSUSDT/1d/EOSUSDT-1d-2020-10.zip,1713,6495e67b703f1a234796d64aca15527e102d9ffc117863729974aadf94fdee97,True,True,31,False
fundingRate,EOSUSDT,2020-10,https://data.binance.vision/data/futures/um/monthly/fundingRate/EOSUSDT/EOSUSDT-fundingRate-2020-10.zip,774,190353b6bfe22e1de548a0b3e0b4fa88004c1feac1d683949f1184693f37236a,True,True,93,False
klines,DOGEUSDT,2020-10,https://data.binance.vision/data/futures/um/monthly/klines/DOGEUSDT/1d/DOGEUSDT-1d-2020-10.zip,1741,533aa5701caa1fe8c7f61e9b195ec9a4bd9ae779eda77b414bc4228cc12b9a74,True,True,31,False
fundingRate,DOGEUSDT,2020-10,https://data.binance.vision/data/futures/um/monthly/fundingRate/DOGEUSDT/DOGEUSDT-fundingRate-2020-10.zip,836,36d6f0bbdd37fcefe5b713dbb32049535948bae1ba2171ac21d72c1a0fa4ea81,True,True,93,False
fundingRate,LINKUSDT,2020-10,https://data.binance.vision/data/futures/um/monthly/fundingRate/LINKUSDT/LINKUSDT-fundingRate-2020-10.zip,864,c06aec69922434877684ebd634567d3130771620cbb886a11ce6ba45fa308ac2,True,True,93,False
klines,LINKUSDT,2020-10,https://data.binance.vision/data/futures/um/monthly/klines/LINKUSDT/1d/LINKUSDT-1d-2020-10.zip,1892,c2b565a183b73a21344d038f4d43a403f95e9bd1dfbb7fad2fcedb32d75881af,True,True,31,False
klines,DOTUSDT,2020-10,https://data.binance.vision/data/futures/um/monthly/klines/DOTUSDT/1d/DOTUSDT-1d-2020-10.zip,1735,d0660be886baff19e8f9757983e349fbb80bdfe70c4a8b2afc174807e914a7a7,True,True,31,False
klines,TRXUSDT,2020-10,https://data.binance.vision/data/futures/um/monthly/klines/TRXUSDT/1d/TRXUSDT-1d-2020-10.zip,1767,7c8fe4442b3b8932662a9ad19ff32826cb31931cefe5c671dbb5b7d86a61949a,True,True,31,False
fundingRate,TRXUSDT,2020-10,https://data.binance.vision/data/futures/um/monthly/fundingRate/TRXUSDT/TRXUSDT-fundingRate-2020-10.zip,735,5e88822f10a0cd56c5d9d7d3ab0ed2f8f205597a6c7cb2257a0e3956dd1d8e29,True,True,93,False
klines,SOLUSDT,2020-10,https://data.binance.vision/data/futures/um/monthly/klines/SOLUSDT/1d/SOLUSDT-1d-2020-10.zip,1697,906008ffddc290b36df435b260e1e3719d37ff48881f39cfd0886907173d7d55,True,True,31,False
klines,BTCUSDT,2020-11,https://data.binance.vision/data/futures/um/monthly/klines/BTCUSDT/1d/BTCUSDT-1d-2020-11.zip,1998,15297014b7d6ee07dd90d97e4192e0949817da3c53ed26ef467857a53f29e0c4,True,True,30,False
fundingRate,DOTUSDT,2020-10,https://data.binance.vision/data/futures/um/monthly/fundingRate/DOTUSDT/DOTUSDT-fundingRate-2020-10.zip,748,a84a281496a23d889991d95975036ffa34bb31d532315624a9b0487191bc222f,True,True,93,False
fundingRate,BTCUSDT,2020-11,https://data.binance.vision/data/futures/um/monthly/fundingRate/BTCUSDT/BTCUSDT-fundingRate-2020-11.zip,854,676356a2d075caa51b4f8ada026e9430dc320ffd23d2343b13b7aa25324ed6d1,True,True,90,False
klines,ETHUSDT,2020-11,https://data.binance.vision/data/futures/um/monthly/klines/ETHUSDT/1d/ETHUSDT-1d-2020-11.zip,1932,764d33511032c34be8b563591d7730bd09858dcde8588ffb5ef548c4c728a894,True,True,30,False
fundingRate,ETHUSDT,2020-11,https://data.binance.vision/data/futures/um/monthly/fundingRate/ETHUSDT/ETHUSDT-fundingRate-2020-11.zip,889,9b02376eaa04be4ec2e201b492ef2a3c34dc61542492c715b5cea5dec5f01d36,True,True,90,False
klines,BNBUSDT,2020-11,https://data.binance.vision/data/futures/um/monthly/klines/BNBUSDT/1d/BNBUSDT-1d-2020-11.zip,1791,6702c519606dc1c5107dc0be766d145270d6cd76284b4589efa8199e5b78d255,True,True,30,False
fundingRate,BNBUSDT,2020-11,https://data.binance.vision/data/futures/um/monthly/fundingRate/BNBUSDT/BNBUSDT-fundingRate-2020-11.zip,938,2ddee7f807390da4b7037247ad251ac3b357093d143ff8e166da89f4f39ab943,True,True,90,False
klines,XRPUSDT,2020-11,https://data.binance.vision/data/futures/um/monthly/klines/XRPUSDT/1d/XRPUSDT-1d-2020-11.zip,1854,0c9c48d02bf7e7da430e7e719ffd08886abff146bf6a06454d31f914394f71de,True,True,30,False
fundingRate,SOLUSDT,2020-10,https://data.binance.vision/data/futures/um/monthly/fundingRate/SOLUSDT/SOLUSDT-fundingRate-2020-10.zip,767,a7712335a1ad285ef1a2a4a25309fb44c5562819f666ffd60e16b2112ca5ee2a,True,True,93,False
fundingRate,XRPUSDT,2020-11,https://data.binance.vision/data/futures/um/monthly/fundingRate/XRPUSDT/XRPUSDT-fundingRate-2020-11.zip,873,a08c050ff37b1dbf652bc446c5415548aa508d16f9ccbd119d493441af7cf468,True,True,90,False
klines,ADAUSDT,2020-11,https://data.binance.vision/data/futures/um/monthly/klines/ADAUSDT/1d/ADAUSDT-1d-2020-11.zip,1795,01782114249bfb10415571887d7a5201f85f5d0ae4b033a4f5d0fe1e80b1859c,True,True,30,False
fundingRate,ADAUSDT,2020-11,https://data.binance.vision/data/futures/um/monthly/fundingRate/ADAUSDT/ADAUSDT-fundingRate-2020-11.zip,893,53cd072e69242f283ca1032ae6ff3a7466de73af0b3300b9cd996be5a6c42b1b,True,True,90,False
klines,LTCUSDT,2020-11,https://data.binance.vision/data/futures/um/monthly/klines/LTCUSDT/1d/LTCUSDT-1d-2020-11.zip,1845,acda7879c0edf2cbb1a3f53e49327d978de67c47e40bbd8e80b2fe26ce1cc1aa,True,True,30,False
klines,BCHUSDT,2020-11,https://data.binance.vision/data/futures/um/monthly/klines/BCHUSDT/1d/BCHUSDT-1d-2020-11.zip,1839,b43c7228aaab69330803b569374f7aff3c074a1a36dc4aa0056247e930906a72,True,True,30,False
fundingRate,BCHUSDT,2020-11,https://data.binance.vision/data/futures/um/monthly/fundingRate/BCHUSDT/BCHUSDT-fundingRate-2020-11.zip,905,5358eabb9e01afd2e15c3ad949d8077ee9d3446c287fe73a2213509c53e9b80b,True,True,90,False
fundingRate,EOSUSDT,2020-11,https://data.binance.vision/data/futures/um/monthly/fundingRate/EOSUSDT/EOSUSDT-fundingRate-2020-11.zip,820,d478de65b17d8e05033e98226e1c1c573107d4259a215bc2a9a9aaa57464572e,True,True,90,False
fundingRate,DOGEUSDT,2020-11,https://data.binance.vision/data/futures/um/monthly/fundingRate/DOGEUSDT/DOGEUSDT-fundingRate-2020-11.zip,886,674a443e6504cfa24a380bf0d66c4516522ead1251a20942bbfd8c41273135f7,True,True,90,False
klines,LINKUSDT,2020-11,https://data.binance.vision/data/futures/um/monthly/klines/LINKUSDT/1d/LINKUSDT-1d-2020-11.zip,1850,2ef888133153796fefaefef754f8627da3fc079648935400f7dcab93cae4c059,True,True,30,False
fundingRate,LINKUSDT,2020-11,https://data.binance.vision/data/futures/um/monthly/fundingRate/LINKUSDT/LINKUSDT-fundingRate-2020-11.zip,862,4b4887abf66fff3637e083abfae1bfbddf3efb807fc06eacfd7bc784e88c4982,True,True,90,False
klines,DOTUSDT,2020-11,https://data.binance.vision/data/futures/um/monthly/klines/DOTUSDT/1d/DOTUSDT-1d-2020-11.zip,1702,7b49eebc39ec500299dcfc6cddfe32e34e6307a425ead83571f88bb2d29cac7c,True,True,30,False
fundingRate,DOTUSDT,2020-11,https://data.binance.vision/data/futures/um/monthly/fundingRate/DOTUSDT/DOTUSDT-fundingRate-2020-11.zip,775,6dc292559fe38178490d192d46b503015446d2b1910ac48953d7406672576611,True,True,90,False
fundingRate,LTCUSDT,2020-11,https://data.binance.vision/data/futures/um/monthly/fundingRate/LTCUSDT/LTCUSDT-fundingRate-2020-11.zip,860,3948ed5a23134da1100c3e2cee225ae00d3abf1eb68524f7442d63f81e261942,True,True,90,False
klines,TRXUSDT,2020-11,https://data.binance.vision/data/futures/um/monthly/klines/TRXUSDT/1d/TRXUSDT-1d-2020-11.zip,1755,d6505330fa4f0eca9e0bae500f73c8e20a628fbfac1626ac0b082d29a6aacbb7,True,True,30,False
klines,EOSUSDT,2020-11,https://data.binance.vision/data/futures/um/monthly/klines/EOSUSDT/1d/EOSUSDT-1d-2020-11.zip,1688,7f569f3cf247f57b98fbbc4c1353b5989cf3e294c63a533cdefb4bf086762f24,True,True,30,False
fundingRate,TRXUSDT,2020-11,https://data.binance.vision/data/futures/um/monthly/fundingRate/TRXUSDT/TRXUSDT-fundingRate-2020-11.zip,777,183bd6ef10a5822779b9ca531a359324b09c0f1f2039a3421ca6936b048f7a1c,True,True,90,False
klines,SOLUSDT,2020-11,https://data.binance.vision/data/futures/um/monthly/klines/SOLUSDT/1d/SOLUSDT-1d-2020-11.zip,1664,da84f9524a5975ffbd14fd8dfe1dd2cbd8b41ef225dace30c8622a90d041472f,True,True,30,False
klines,DOGEUSDT,2020-11,https://data.binance.vision/data/futures/um/monthly/klines/DOGEUSDT/1d/DOGEUSDT-1d-2020-11.zip,1771,f0cd99bf3f0f4e1ed02d510be4cc8c1ee227568101f4976165914ac4b18dcec3,True,True,30,False
fundingRate,BTCUSDT,2020-12,https://data.binance.vision/data/futures/um/monthly/fundingRate/BTCUSDT/BTCUSDT-fundingRate-2020-12.zip,852,d7390f90edf54cc4ad9bbe78e2f6b291ae06ad9539f591a2d0fce445873bbd63,True,True,93,False
fundingRate,SOLUSDT,2020-11,https://data.binance.vision/data/futures/um/monthly/fundingRate/SOLUSDT/SOLUSDT-fundingRate-2020-11.zip,865,f359a0f2355b4c9d4523ac28d4b006e5ff3c1c192baeba471bbaa3cb8928db40,True,True,90,False
klines,ETHUSDT,2020-12,https://data.binance.vision/data/futures/um/monthly/klines/ETHUSDT/1d/ETHUSDT-1d-2020-12.zip,1985,1a53353c7ad246ccccdb37df0162f0add0cd9529c974edf077b3f4aa64bcbe88,True,True,31,False
klines,XRPUSDT,2020-12,https://data.binance.vision/data/futures/um/monthly/klines/XRPUSDT/1d/XRPUSDT-1d-2020-12.zip,1965,ff0d2a6b513884efa0033c60430082a8c524f97f7feee35f39fc31be26031b10,True,True,31,False
fundingRate,XRPUSDT,2020-12,https://data.binance.vision/data/futures/um/monthly/fundingRate/XRPUSDT/XRPUSDT-fundingRate-2020-12.zip,949,2f6b379dc8600f7eaca6d390f3636689c393bf0f9ae1f95dfa769f65fbe7c9b1,True,True,93,False
fundingRate,ADAUSDT,2020-12,https://data.binance.vision/data/futures/um/monthly/fundingRate/ADAUSDT/ADAUSDT-fundingRate-2020-12.zip,859,6c5ff7d7622c86f4e67fa2461a0576c6416ef6341fc96cec9a5214cad443e6ef,True,True,93,False
klines,BTCUSDT,2020-12,https://data.binance.vision/data/futures/um/monthly/klines/BTCUSDT/1d/BTCUSDT-1d-2020-12.zip,2068,6cba4bb0135c45c8be87a88d0ea712455aa805b36faa431ebf30937b12d52c1d,True,True,31,False
fundingRate,BNBUSDT,2020-12,https://data.binance.vision/data/futures/um/monthly/fundingRate/BNBUSDT/BNBUSDT-fundingRate-2020-12.zip,925,469bf2f16286fd6a0511930ca5ed394717824e263ff880ca7e25c62bc728786a,True,True,93,False
fundingRate,ETHUSDT,2020-12,https://data.binance.vision/data/futures/um/monthly/fundingRate/ETHUSDT/ETHUSDT-fundingRate-2020-12.zip,901,f99267a3fef35dd201e76c8338be877fb52883376b4cd0acb890a1387de0b0d4,True,True,93,False
klines,BNBUSDT,2020-12,https://data.binance.vision/data/futures/um/monthly/klines/BNBUSDT/1d/BNBUSDT-1d-2020-12.zip,1855,3a4f52e6ee1b2d3191d06d4cec45c6b71e1ff227cba52744f618f04a1452b99d,True,True,31,False
klines,BCHUSDT,2020-12,https://data.binance.vision/data/futures/um/monthly/klines/BCHUSDT/1d/BCHUSDT-1d-2020-12.zip,1920,89f3c778130b032c404201c0ee1bfa6feda3280a382d16a5d5fb5f34f6718b48,True,True,31,False
klines,ADAUSDT,2020-12,https://data.binance.vision/data/futures/um/monthly/klines/ADAUSDT/1d/ADAUSDT-1d-2020-12.zip,1850,bca652e45acfe6d28ba5da5845d41273a9de9c2ebf5260615eaf79250c78116d,True,True,31,False
klines,EOSUSDT,2020-12,https://data.binance.vision/data/futures/um/monthly/klines/EOSUSDT/1d/EOSUSDT-1d-2020-12.zip,1763,c0e8bff80156fd723f2282611f7e5d82fd6e8bf7b58d7628552be3008af7f1af,True,True,31,False
fundingRate,EOSUSDT,2020-12,https://data.binance.vision/data/futures/um/monthly/fundingRate/EOSUSDT/EOSUSDT-fundingRate-2020-12.zip,860,69401532cef3cf3b89e154de9eb119ee7640cf8a97aff8cfe6db7be674f5ab6f,True,True,93,False
klines,DOGEUSDT,2020-12,https://data.binance.vision/data/futures/um/monthly/klines/DOGEUSDT/1d/DOGEUSDT-1d-2020-12.zip,1828,853fa0e282b9298c128a466ffa36d69e8324d9e626063ec2be82302e46d81bfb,True,True,31,False
klines,LTCUSDT,2020-12,https://data.binance.vision/data/futures/um/monthly/klines/LTCUSDT/1d/LTCUSDT-1d-2020-12.zip,1934,6eb40dabdfd7e906ee0cbefc955a6617365d1fe1d68cb9d2764dbbb717647a51,True,True,31,False
klines,DOTUSDT,2020-12,https://data.binance.vision/data/futures/um/monthly/klines/DOTUSDT/1d/DOTUSDT-1d-2020-12.zip,1740,3eef255c687d51c5a911357f5b0cec030578b7782000de53c25e5d37d7860ed0,True,True,31,False
fundingRate,DOTUSDT,2020-12,https://data.binance.vision/data/futures/um/monthly/fundingRate/DOTUSDT/DOTUSDT-fundingRate-2020-12.zip,782,afc807903eb609b53a81b2b1d2f37642c3d05bc5c9e15a0ff40009432aa7014d,True,True,93,False
fundingRate,BCHUSDT,2020-12,https://data.binance.vision/data/futures/um/monthly/fundingRate/BCHUSDT/BCHUSDT-fundingRate-2020-12.zip,895,6d0d852478208b145c4d817c06d88727f14923628c93feeaaf37fd97a1b36435,True,True,93,False
fundingRate,LTCUSDT,2020-12,https://data.binance.vision/data/futures/um/monthly/fundingRate/LTCUSDT/LTCUSDT-fundingRate-2020-12.zip,875,2a09ee2a45a64fed82960f67f6152010e0061af03df404a8c0f31669a1fd444f,True,True,93,False
fundingRate,TRXUSDT,2020-12,https://data.binance.vision/data/futures/um/monthly/fundingRate/TRXUSDT/TRXUSDT-fundingRate-2020-12.zip,800,8166d28f7802a76bd7a76418424c8e3b3d6f592f9c203ab897854147d02070ff,True,True,93,False
fundingRate,DOGEUSDT,2020-12,https://data.binance.vision/data/futures/um/monthly/fundingRate/DOGEUSDT/DOGEUSDT-fundingRate-2020-12.zip,793,56a43cb0a56eb0e2577c71e32767c5b88fbdcfcdbd56d7fba30fc40cce5d1918,True,True,93,False
fundingRate,SOLUSDT,2020-12,https://data.binance.vision/data/futures/um/monthly/fundingRate/SOLUSDT/SOLUSDT-fundingRate-2020-12.zip,935,925301315c1928ded7c81a816c82a8b01c52712fcd4fd842ff68199950856b17,True,True,93,False
klines,LINKUSDT,2020-12,https://data.binance.vision/data/futures/um/monthly/klines/LINKUSDT/1d/LINKUSDT-1d-2020-12.zip,1896,59bf003e2dd7ca185649bbd17d075a09bc60ae81422fe66eafee169991d54011,True,True,31,False
fundingRate,LINKUSDT,2020-12,https://data.binance.vision/data/futures/um/monthly/fundingRate/LINKUSDT/LINKUSDT-fundingRate-2020-12.zip,881,fe33aba2efc8327dbafa36af40c9af37cf84ecf0d9c4e22aba9ed06bd0b04307,True,True,93,False
klines,TRXUSDT,2020-12,https://data.binance.vision/data/futures/um/monthly/klines/TRXUSDT/1d/TRXUSDT-1d-2020-12.zip,1794,fd5f187c163a70145a6732910602d990362b02faa28a7e7f23361285dd6826a2,True,True,31,False
klines,SOLUSDT,2020-12,https://data.binance.vision/data/futures/um/monthly/klines/SOLUSDT/1d/SOLUSDT-1d-2020-12.zip,1708,2f065d3c0bedaec97394e9a86b63d676e03d574bd03ef10f6df4c09d31020e09,True,True,31,False
klines,BTCUSDT,2021-01,https://data.binance.vision/data/futures/um/monthly/klines/BTCUSDT/1d/BTCUSDT-1d-2021-01.zip,2115,6a4dbacb435eac93e60896bd62a2320d313e6578f295a62f77cbee0d706a9981,True,True,31,False
klines,BNBUSDT,2021-01,https://data.binance.vision/data/futures/um/monthly/klines/BNBUSDT/1d/BNBUSDT-1d-2021-01.zip,1884,02b8c4989090d14ee122b05cdf169567497d7851e5dd3c161c3cc3ad78825e2f,True,True,31,False
fundingRate,XRPUSDT,2021-01,https://data.binance.vision/data/futures/um/monthly/fundingRate/XRPUSDT/XRPUSDT-fundingRate-2021-01.zip,998,3a7e1661aa17a99e509f7b6d2c32662a2fdcd03b69e67cce6ba80c9abdeba51e,True,True,93,False
klines,ETHUSDT,2021-01,https://data.binance.vision/data/futures/um/monthly/klines/ETHUSDT/1d/ETHUSDT-1d-2021-01.zip,2059,2e2ccf271a78446c410d6617c093b8b0693f5e2cb7341518c6d7567fffca4e15,True,True,31,False
fundingRate,BTCUSDT,2021-01,https://data.binance.vision/data/futures/um/monthly/fundingRate/BTCUSDT/BTCUSDT-fundingRate-2021-01.zip,981,cff916dc4b638ec3de97828e8911cd91cf7d7a3d0836ec0175869c374e66823d,True,True,93,False
fundingRate,BNBUSDT,2021-01,https://data.binance.vision/data/futures/um/monthly/fundingRate/BNBUSDT/BNBUSDT-fundingRate-2021-01.zip,976,43cbedd92154495a5434b42ba1a53b22319b039564c84b4c73209944c2409051,True,True,93,False
klines,XRPUSDT,2021-01,https://data.binance.vision/data/futures/um/monthly/klines/XRPUSDT/1d/XRPUSDT-1d-2021-01.zip,1927,62f840dc617526de77b579750395d0024fe64c64ca3a8a7fc66027d4f6cfb230,True,True,31,False
klines,LTCUSDT,2021-01,https://data.binance.vision/data/futures/um/monthly/klines/LTCUSDT/1d/LTCUSDT-1d-2021-01.zip,1957,5e7fa5f3ba55b39bed903e18e1ceef9bfbe880cd2865028a3c1b5f4df84bc949,True,True,31,False
fundingRate,ETHUSDT,2021-01,https://data.binance.vision/data/futures/um/monthly/fundingRate/ETHUSDT/ETHUSDT-fundingRate-2021-01.zip,1017,4c18c1df8904dea9770aeba5326d26b3fa9a3ffac4891f5f7125d4be2da847c0,True,True,93,False
fundingRate,ADAUSDT,2021-01,https://data.binance.vision/data/futures/um/monthly/fundingRate/ADAUSDT/ADAUSDT-fundingRate-2021-01.zip,925,37ae104baa7fb92760ee3e3ee901e84b45c4d1cbf8fe58ef83bfa2169d94f195,True,True,93,False
klines,ADAUSDT,2021-01,https://data.binance.vision/data/futures/um/monthly/klines/ADAUSDT/1d/ADAUSDT-1d-2021-01.zip,1896,96a23f3838cffba2887f433abe64f01d444c2ed33cf90d81392d17c1af66b72d,True,True,31,False
klines,BCHUSDT,2021-01,https://data.binance.vision/data/futures/um/monthly/klines/BCHUSDT/1d/BCHUSDT-1d-2021-01.zip,1924,dcd1e57933e8fd5bdcc2483b2cf57622b3ddc7696ea7ebea848b99e3ad7beb13,True,True,31,False
fundingRate,BCHUSDT,2021-01,https://data.binance.vision/data/futures/um/monthly/fundingRate/BCHUSDT/BCHUSDT-fundingRate-2021-01.zip,979,2d1191292349f41c30d3c60774eadeddac1fa5135cc001beba45b5152ea632f2,True,True,93,False
fundingRate,LTCUSDT,2021-01,https://data.binance.vision/data/futures/um/monthly/fundingRate/LTCUSDT/LTCUSDT-fundingRate-2021-01.zip,998,256598f2d7c66bccc13182ded87b8716862090e6757f10c782c9174c3395a4e2,True,True,93,False
fundingRate,EOSUSDT,2021-01,https://data.binance.vision/data/futures/um/monthly/fundingRate/EOSUSDT/EOSUSDT-fundingRate-2021-01.zip,987,92ad3159a3ba175a42ce97347242a4742f25d9383608a4942d057c934a526c5a,True,True,93,False
klines,DOGEUSDT,2021-01,https://data.binance.vision/data/futures/um/monthly/klines/DOGEUSDT/1d/DOGEUSDT-1d-2021-01.zip,1939,a260bfd87871352df89007189af859ff37ae54f54a0b0cc2da1f1da0690d1575,True,True,31,False
klines,LINKUSDT,2021-01,https://data.binance.vision/data/futures/um/monthly/klines/LINKUSDT/1d/LINKUSDT-1d-2021-01.zip,1960,6b0d21f69a3cd1314bed2659bfadce4132d15812e3179d36330a5a3a86ef2b87,True,True,31,False
fundingRate,LINKUSDT,2021-01,https://data.binance.vision/data/futures/um/monthly/fundingRate/LINKUSDT/LINKUSDT-fundingRate-2021-01.zip,1022,e4499c8a0faa4612e91e73693d64e62388b9497baadae778b46f4c3f0cdb55a9,True,True,93,False
klines,EOSUSDT,2021-01,https://data.binance.vision/data/futures/um/monthly/klines/EOSUSDT/1d/EOSUSDT-1d-2021-01.zip,1787,dc6886abb4029d963256ea77236fab9b9be570b4097ddac5dfade708f9aa76e2,True,True,31,False
fundingRate,TRXUSDT,2021-01,https://data.binance.vision/data/futures/um/monthly/fundingRate/TRXUSDT/TRXUSDT-fundingRate-2021-01.zip,832,0ce98dff0ba8a6380cf2756d155151014f3d15750a9831a655ef0234ac6b2b24,True,True,93,False
klines,BTCUSDT,2021-02,https://data.binance.vision/data/futures/um/monthly/klines/BTCUSDT/1d/BTCUSDT-1d-2021-02.zip,1934,294d0696237dc225217df26103e78ac640850c34b0b6c2d44aa64a2f84a67884,True,True,28,False
fundingRate,DOGEUSDT,2021-01,https://data.binance.vision/data/futures/um/monthly/fundingRate/DOGEUSDT/DOGEUSDT-fundingRate-2021-01.zip,920,14b52fe147a83dc23c5ddd842d33f7f5264b27e87804147812d6af2ba9fc69ac,True,True,93,False
klines,SOLUSDT,2021-01,https://data.binance.vision/data/futures/um/monthly/klines/SOLUSDT/1d/SOLUSDT-1d-2021-01.zip,1773,6a2e5e1de776ddc49f65aba7bf7b4e9be797efb9fc80597b3c7312d922d3a6d2,True,True,31,False
klines,DOTUSDT,2021-01,https://data.binance.vision/data/futures/um/monthly/klines/DOTUSDT/1d/DOTUSDT-1d-2021-01.zip,1852,b837d5e5c50786b05f8d1bb98c44cddff1834aded7b04f85b080603bfdaab07e,True,True,31,False
fundingRate,DOTUSDT,2021-01,https://data.binance.vision/data/futures/um/monthly/fundingRate/DOTUSDT/DOTUSDT-fundingRate-2021-01.zip,978,28c053b4b059f34d96cb4acd9eb2c93817db11db97a529e2de01d7af8fff5e7d,True,True,93,False
klines,TRXUSDT,2021-01,https://data.binance.vision/data/futures/um/monthly/klines/TRXUSDT/1d/TRXUSDT-1d-2021-01.zip,1835,834de81315272295f829e5db3f51ee46e14cf485d07003841dd9ece8360ead82,True,True,31,False
fundingRate,SOLUSDT,2021-01,https://data.binance.vision/data/futures/um/monthly/fundingRate/SOLUSDT/SOLUSDT-fundingRate-2021-01.zip,965,69ceaed5037e3560bd6f31651ba0214de913af8f0c4c25712c95cbbe1308cb97,True,True,93,False
klines,ETHUSDT,2021-02,https://data.binance.vision/data/futures/um/monthly/klines/ETHUSDT/1d/ETHUSDT-1d-2021-02.zip,1866,f5e4db8529bc89c792a0a78e791d0e90d613be6eff4041a5a024106a88a2d0a3,True,True,28,False
fundingRate,BTCUSDT,2021-02,https://data.binance.vision/data/futures/um/monthly/fundingRate/BTCUSDT/BTCUSDT-fundingRate-2021-02.zip,956,819a7b107443686adb313fc5fc223302a29f3981e1d1bd9828ad0ade65a8a8af,True,True,84,False
fundingRate,ETHUSDT,2021-02,https://data.binance.vision/data/futures/um/monthly/fundingRate/ETHUSDT/ETHUSDT-fundingRate-2021-02.zip,950,15e9a939f253a11fc1af2858bb3844f3d39019ccf7efa66a9456f0f60afba3dd,True,True,84,False
klines,BNBUSDT,2021-02,https://data.binance.vision/data/futures/um/monthly/klines/BNBUSDT/1d/BNBUSDT-1d-2021-02.zip,1833,7e0c34f6fe1d94e0935e12e391d96eecc377f42e61d76c22312e2be109207006,True,True,28,False
fundingRate,BNBUSDT,2021-02,https://data.binance.vision/data/futures/um/monthly/fundingRate/BNBUSDT/BNBUSDT-fundingRate-2021-02.zip,951,61ce56989aad647a6a45b73c91f1452eab7259ac7edf3f15eb68a1b1881e06a7,True,True,84,False
fundingRate,XRPUSDT,2021-02,https://data.binance.vision/data/futures/um/monthly/fundingRate/XRPUSDT/XRPUSDT-fundingRate-2021-02.zip,951,22798c509c19fee7573c9929e8762d292fcd85c8923f422c5a03e7e13e67b9ff,True,True,84,False
klines,XRPUSDT,2021-02,https://data.binance.vision/data/futures/um/monthly/klines/XRPUSDT/1d/XRPUSDT-1d-2021-02.zip,1775,a0bf04a46cca18e53209e013877dd09a9dbb41f611639c203387cfd4fbcd4d4e,True,True,28,False
klines,ADAUSDT,2021-02,https://data.binance.vision/data/futures/um/monthly/klines/ADAUSDT/1d/ADAUSDT-1d-2021-02.zip,1793,e7854ddd6ece98aa55150bb464cb5cb0e3b74c72ddae1564444d5a9de31626f8,True,True,28,False
fundingRate,ADAUSDT,2021-02,https://data.binance.vision/data/futures/um/monthly/fundingRate/ADAUSDT/ADAUSDT-fundingRate-2021-02.zip,916,6b53b8a1f9b910c5230869c2b71526b027a5e2da18193b6e15df8603afe8780e,True,True,84,False
klines,LTCUSDT,2021-02,https://data.binance.vision/data/futures/um/monthly/klines/LTCUSDT/1d/LTCUSDT-1d-2021-02.zip,1787,9d1fab71fc8b938bdceb9066b75bb71529194264b9be0d99e4f07ee097cf4969,True,True,28,False
fundingRate,LTCUSDT,2021-02,https://data.binance.vision/data/futures/um/monthly/fundingRate/LTCUSDT/LTCUSDT-fundingRate-2021-02.zip,958,e6daa2841893c902daf37b077832c9874a3913f026c44f4a358fc7d478b95e21,True,True,84,False
klines,BCHUSDT,2021-02,https://data.binance.vision/data/futures/um/monthly/klines/BCHUSDT/1d/BCHUSDT-1d-2021-02.zip,1781,cf91459dd38fab3f90f6dedaaf2985b99e9387a6ce6f0f8d005f7261c36fa9a3,True,True,28,False
fundingRate,BCHUSDT,2021-02,https://data.binance.vision/data/futures/um/monthly/fundingRate/BCHUSDT/BCHUSDT-fundingRate-2021-02.zip,929,1892f07ab1c2f720fe58f067bba2c83e7f348604c408f83296cb16149b3bde3e,True,True,84,False
klines,EOSUSDT,2021-02,https://data.binance.vision/data/futures/um/monthly/klines/EOSUSDT/1d/EOSUSDT-1d-2021-02.zip,1660,3a6041538f9ec6863bd8b76feeb6b9756bd25982337926c64f20ff75bdd617fe,True,True,28,False
fundingRate,EOSUSDT,2021-02,https://data.binance.vision/data/futures/um/monthly/fundingRate/EOSUSDT/EOSUSDT-fundingRate-2021-02.zip,920,3742e8b629b705c936a04308a24f488126dfd108a367b0c14423126513fdf059,True,True,84,False
klines,DOGEUSDT,2021-02,https://data.binance.vision/data/futures/um/monthly/klines/DOGEUSDT/1d/DOGEUSDT-1d-2021-02.zip,1855,eb36fc492fb7bf378ab8015039dd93e829092c87cd37bd19537be2b25fe5fb35,True,True,28,False
fundingRate,DOGEUSDT,2021-02,https://data.binance.vision/data/futures/um/monthly/fundingRate/DOGEUSDT/DOGEUSDT-fundingRate-2021-02.zip,969,4496cbb1847baa57ef99f94d0ee24e0cf87c1bf539244e6169882045fa9d7d48,True,True,84,False
klines,LINKUSDT,2021-02,https://data.binance.vision/data/futures/um/monthly/klines/LINKUSDT/1d/LINKUSDT-1d-2021-02.zip,1781,e311c6a53825b08f440a33862724ae0b8165fb648748dfde6e27cf13b8ac361b,True,True,28,False
klines,DOTUSDT,2021-02,https://data.binance.vision/data/futures/um/monthly/klines/DOTUSDT/1d/DOTUSDT-1d-2021-02.zip,1724,9feeb6d916d76964289ebb678359067cc39bac007165a7bc2c51b64109f26065,True,True,28,False
fundingRate,LINKUSDT,2021-02,https://data.binance.vision/data/futures/um/monthly/fundingRate/LINKUSDT/LINKUSDT-fundingRate-2021-02.zip,956,91b8bb7665ae6fc44bdee21dca5e44f326eb06055b0bdf26a267c52e8a710b7c,True,True,84,False
klines,SOLUSDT,2021-02,https://data.binance.vision/data/futures/um/monthly/klines/SOLUSDT/1d/SOLUSDT-1d-2021-02.zip,1635,b91615ed64e9eed76f500d2aad01f9bc5ae13b637ab4d49c0ed345638368d9ea,True,True,28,False
fundingRate,TRXUSDT,2021-02,https://data.binance.vision/data/futures/um/monthly/fundingRate/TRXUSDT/TRXUSDT-fundingRate-2021-02.zip,967,08fde96e5a87742957ddd9dd02cea7bb060160d388d894313c98237ec62ae494,True,True,84,False
fundingRate,SOLUSDT,2021-02,https://data.binance.vision/data/futures/um/monthly/fundingRate/SOLUSDT/SOLUSDT-fundingRate-2021-02.zip,931,88363d90b2bb922736556118610a8b1ddadc679b474950b69b07eb3ca9eb0253,True,True,84,False
klines,BTCUSDT,2021-03,https://data.binance.vision/data/futures/um/monthly/klines/BTCUSDT/1d/BTCUSDT-1d-2021-03.zip,2098,80d5f940649faa70cf374a2a7646d032eeb22582966125db4d24cf973c7cf899,True,True,31,False
klines,TRXUSDT,2021-02,https://data.binance.vision/data/futures/um/monthly/klines/TRXUSDT/1d/TRXUSDT-1d-2021-02.zip,1709,2f2da4add8bbdf98b52b9fbaa2285440cb9343af7c7117d1cfb8bea013b0e6ea,True,True,28,False
fundingRate,BTCUSDT,2021-03,https://data.binance.vision/data/futures/um/monthly/fundingRate/BTCUSDT/BTCUSDT-fundingRate-2021-03.zip,918,2125fd300848938c7b992b8f7b7b5007d5b277a4ff1ebda7da083b40242729da,True,True,93,False
klines,ETHUSDT,2021-03,https://data.binance.vision/data/futures/um/monthly/klines/ETHUSDT/1d/ETHUSDT-1d-2021-03.zip,2033,fdf66b48c460eeb873b7c567b129c9f93fe14c50e1dbe5afb769881b01846e95,True,True,31,False
fundingRate,DOTUSDT,2021-02,https://data.binance.vision/data/futures/um/monthly/fundingRate/DOTUSDT/DOTUSDT-fundingRate-2021-02.zip,938,cd6dd0d8a4367ef92fd7f76b60ed37ff351bb9e21c764933e7ea4bb8dba45e7c,True,True,84,False
fundingRate,BNBUSDT,2021-03,https://data.binance.vision/data/futures/um/monthly/fundingRate/BNBUSDT/BNBUSDT-fundingRate-2021-03.zip,987,f14f70cbb79e5fc11a4aa5156d381a4536086b86518da10a42b65ded61d15a1e,True,True,93,False
klines,BNBUSDT,2021-03,https://data.binance.vision/data/futures/um/monthly/klines/BNBUSDT/1d/BNBUSDT-1d-2021-03.zip,2002,32475ee17b3cddde3f122dbd5c7185409d453f878aff7171c7b6f582a22a2c23,True,True,31,False
fundingRate,ADAUSDT,2021-03,https://data.binance.vision/data/futures/um/monthly/fundingRate/ADAUSDT/ADAUSDT-fundingRate-2021-03.zip,983,0c57bce2d23f8998a165d39e133dd38daf6b250655e0fc381922acfaf5da629b,True,True,93,False
fundingRate,XRPUSDT,2021-03,https://data.binance.vision/data/futures/um/monthly/fundingRate/XRPUSDT/XRPUSDT-fundingRate-2021-03.zip,1011,c60c1a5f87a81975551e639ea5f83918a637a13f6f69be64e218d79b329e339d,True,True,93,False
fundingRate,ETHUSDT,2021-03,https://data.binance.vision/data/futures/um/monthly/fundingRate/ETHUSDT/ETHUSDT-fundingRate-2021-03.zip,997,2bcaadc8206cb8d76a26f0f3cbf97020b747545b0e75c3dd8a3b195b435478a5,True,True,93,False
klines,BCHUSDT,2021-03,https://data.binance.vision/data/futures/um/monthly/klines/BCHUSDT/1d/BCHUSDT-1d-2021-03.zip,1909,dd755c7b118911b8e1fcd794f2014e595ec983451c4de52d8d44d5dee6c3c847,True,True,31,False
klines,XRPUSDT,2021-03,https://data.binance.vision/data/futures/um/monthly/klines/XRPUSDT/1d/XRPUSDT-1d-2021-03.zip,1913,818f21495d9693b6a1274252b0404d6e5abf6b63f877463d4e64d5f0056e4318,True,True,31,False
fundingRate,BCHUSDT,2021-03,https://data.binance.vision/data/futures/um/monthly/fundingRate/BCHUSDT/BCHUSDT-fundingRate-2021-03.zip,969,215237eff43a6e7679a87ec90f509c7621ee000c7db0091a2876ffd33efeae91,True,True,93,False
klines,EOSUSDT,2021-03,https://data.binance.vision/data/futures/um/monthly/klines/EOSUSDT/1d/EOSUSDT-1d-2021-03.zip,1784,beed21267876e69582326f31ba3c3563483b9492bffae64ead68e21493c09c07,True,True,31,False
klines,LTCUSDT,2021-03,https://data.binance.vision/data/futures/um/monthly/klines/LTCUSDT/1d/LTCUSDT-1d-2021-03.zip,1934,34f86f14f9bca5aa817fb17c7ada2219915eff3aebce293863b501dd932efb97,True,True,31,False
klines,ADAUSDT,2021-03,https://data.binance.vision/data/futures/um/monthly/klines/ADAUSDT/1d/ADAUSDT-1d-2021-03.zip,1939,4e6207379c85695fb4dec90b621543b3d1b142770ab3d3756a7a5cdc4bd4ece5,True,True,31,False
klines,DOGEUSDT,2021-03,https://data.binance.vision/data/futures/um/monthly/klines/DOGEUSDT/1d/DOGEUSDT-1d-2021-03.zip,1935,7dd29622d380c2e4055931b9277bd80a017806d9c0140d6cbde76dac88fb781e,True,True,31,False
fundingRate,LTCUSDT,2021-03,https://data.binance.vision/data/futures/um/monthly/fundingRate/LTCUSDT/LTCUSDT-fundingRate-2021-03.zip,988,052e935de04d55ea0014a787124be157d54a3bf52b3c38ea410ae6a671afc350,True,True,93,False
fundingRate,DOGEUSDT,2021-03,https://data.binance.vision/data/futures/um/monthly/fundingRate/DOGEUSDT/DOGEUSDT-fundingRate-2021-03.zip,971,99cb93aaa3e7144525d2453c1cd83e8d36f53480c5b0fd53f089e85a624cf5f3,True,True,93,False
klines,LINKUSDT,2021-03,https://data.binance.vision/data/futures/um/monthly/klines/LINKUSDT/1d/LINKUSDT-1d-2021-03.zip,1908,83e8bac3dc01c7cbfd29bd647e953566fe611616e80607785137fe84faef233c,True,True,31,False
klines,DOTUSDT,2021-03,https://data.binance.vision/data/futures/um/monthly/klines/DOTUSDT/1d/DOTUSDT-1d-2021-03.zip,1853,0c9e740463de2fa3688b1c51a4bd4a1dfaca112d2fc1a923f52aa5816b6920c2,True,True,31,False
fundingRate,EOSUSDT,2021-03,https://data.binance.vision/data/futures/um/monthly/fundingRate/EOSUSDT/EOSUSDT-fundingRate-2021-03.zip,971,ce391815ae465eac7ad0380d7d123c2e15eb0a69d824c72c8819d108d5cd8437,True,True,93,False
fundingRate,DOTUSDT,2021-03,https://data.binance.vision/data/futures/um/monthly/fundingRate/DOTUSDT/DOTUSDT-fundingRate-2021-03.zip,987,527fa97f630d12ebfeebfb99c6cc99ae391b875f9a95347209e5b900737d7748,True,True,93,False
klines,TRXUSDT,2021-03,https://data.binance.vision/data/futures/um/monthly/klines/TRXUSDT/1d/TRXUSDT-1d-2021-03.zip,1856,0123f14c2830f7200e3f2d3feeec87a803443b015886c8fbb20fb1bceb151d52,True,True,31,False
fundingRate,LINKUSDT,2021-03,https://data.binance.vision/data/futures/um/monthly/fundingRate/LINKUSDT/LINKUSDT-fundingRate-2021-03.zip,990,77bd099dc979cfab44997cac71499711edd19e39f2960c278221c1bc89fce1e4,True,True,93,False
klines,BTCUSDT,2021-04,https://data.binance.vision/data/futures/um/monthly/klines/BTCUSDT/1d/BTCUSDT-1d-2021-04.zip,2032,ec58d64320061a7a5b57238490b787e7376e72131d3d06e768120e2f5cd0c8c8,True,True,30,False
fundingRate,SOLUSDT,2021-03,https://data.binance.vision/data/futures/um/monthly/fundingRate/SOLUSDT/SOLUSDT-fundingRate-2021-03.zip,987,256b24b3655ef98daa5080a509c0674fc11e7c83774869b0ae2a794cbbf2a05a,True,True,93,False
fundingRate,BTCUSDT,2021-04,https://data.binance.vision/data/futures/um/monthly/fundingRate/BTCUSDT/BTCUSDT-fundingRate-2021-04.zip,914,9cd888e3b0a1954813d0062c2e60426fdc8e34a7f258f6838371ec67f535b028,True,True,90,False
klines,ETHUSDT,2021-04,https://data.binance.vision/data/futures/um/monthly/klines/ETHUSDT/1d/ETHUSDT-1d-2021-04.zip,1984,ab57d26d80cfb3e29deb5204cd04c812dd5f53a1c07b669266cf93ee74f8114f,True,True,30,False
fundingRate,ETHUSDT,2021-04,https://data.binance.vision/data/futures/um/monthly/fundingRate/ETHUSDT/ETHUSDT-fundingRate-2021-04.zip,954,2fee34e8b9b6e828d01bab0df1c67104f7a98f3c063668c8db627b802ffa5a95,True,True,90,False
klines,BNBUSDT,2021-04,https://data.binance.vision/data/futures/um/monthly/klines/BNBUSDT/1d/BNBUSDT-1d-2021-04.zip,1991,3dd37958d6f458fe07e2512a1d5e62b03cca61af027879ab69ca6c8b8e5df77a,True,True,30,False
fundingRate,TRXUSDT,2021-03,https://data.binance.vision/data/futures/um/monthly/fundingRate/TRXUSDT/TRXUSDT-fundingRate-2021-03.zip,833,1d14122b9b24c2977e94aeee98b97e0043e3081e994d6c059ec9b4f8757d906b,True,True,93,False
fundingRate,BNBUSDT,2021-04,https://data.binance.vision/data/futures/um/monthly/fundingRate/BNBUSDT/BNBUSDT-fundingRate-2021-04.zip,991,c5abc4309a82a971b3cbc8ed66d8c66170315dfc5bc2a7ef7c42e40e5ef527ed,True,True,90,False
klines,XRPUSDT,2021-04,https://data.binance.vision/data/futures/um/monthly/klines/XRPUSDT/1d/XRPUSDT-1d-2021-04.zip,1954,d7f1f9684296a253c5443668cfc874906d425d992f3a6ffa47ee5f3a02b8a790,True,True,30,False
klines,SOLUSDT,2021-03,https://data.binance.vision/data/futures/um/monthly/klines/SOLUSDT/1d/SOLUSDT-1d-2021-03.zip,1820,423cb46d4df1785c3dbec5687be2304c0e81f0bb678d5e68d7b5100fe3e84937,True,True,31,False
klines,ADAUSDT,2021-04,https://data.binance.vision/data/futures/um/monthly/klines/ADAUSDT/1d/ADAUSDT-1d-2021-04.zip,1886,39e7426567be92179020c2ad94612863d6a1d9e129bfbecc1df82c03141f7211,True,True,30,False
klines,LTCUSDT,2021-04,https://data.binance.vision/data/futures/um/monthly/klines/LTCUSDT/1d/LTCUSDT-1d-2021-04.zip,1918,f9af9b735295d6674b5173106e0258285402995e081baee87b81490b7407cbad,True,True,30,False
fundingRate,XRPUSDT,2021-04,https://data.binance.vision/data/futures/um/monthly/fundingRate/XRPUSDT/XRPUSDT-fundingRate-2021-04.zip,972,b25fe33a86d5a43dd707f596e5a0f7a2beeef40d47286f7bfe2362b18529d26e,True,True,90,False
fundingRate,LTCUSDT,2021-04,https://data.binance.vision/data/futures/um/monthly/fundingRate/LTCUSDT/LTCUSDT-fundingRate-2021-04.zip,983,a7d5666e0169c8762f170ddd25f913807f47170739fb419c35fe1bd55a513680,True,True,90,False
fundingRate,BCHUSDT,2021-04,https://data.binance.vision/data/futures/um/monthly/fundingRate/BCHUSDT/BCHUSDT-fundingRate-2021-04.zip,924,872bfbce94b641ef4d9654835ad98338e73a1a06b2c51f424402a673009057a2,True,True,90,False
fundingRate,ADAUSDT,2021-04,https://data.binance.vision/data/futures/um/monthly/fundingRate/ADAUSDT/ADAUSDT-fundingRate-2021-04.zip,948,bbc6fd9458bfc842e7e06f694270dc25e96f684b2c373fc0d4aea9477f510c79,True,True,90,False
klines,EOSUSDT,2021-04,https://data.binance.vision/data/futures/um/monthly/klines/EOSUSDT/1d/EOSUSDT-1d-2021-04.zip,1797,599a3fd31c632aba67298704dcf8c2fd799329079111ef00984ca23f67dfe9fb,True,True,30,False
klines,BCHUSDT,2021-04,https://data.binance.vision/data/futures/um/monthly/klines/BCHUSDT/1d/BCHUSDT-1d-2021-04.zip,1901,6deabba65f3bc6984c23767ea7ab2ec2f5c67bf8fff61a8f6affa9db68ee2093,True,True,30,False
fundingRate,EOSUSDT,2021-04,https://data.binance.vision/data/futures/um/monthly/fundingRate/EOSUSDT/EOSUSDT-fundingRate-2021-04.zip,951,3a2eeeb284838ffd525adbf64f42a43e9725db5f4beef7947e93322060d2fbaa,True,True,90,False
fundingRate,DOGEUSDT,2021-04,https://data.binance.vision/data/futures/um/monthly/fundingRate/DOGEUSDT/DOGEUSDT-fundingRate-2021-04.zip,989,fff9d943ef7f6c42e9c61a86454898058d0075398f0c812a3be229cee862153d,True,True,90,False
klines,LINKUSDT,2021-04,https://data.binance.vision/data/futures/um/monthly/klines/LINKUSDT/1d/LINKUSDT-1d-2021-04.zip,1894,298ae57b2b50e419cbbea59ee812212468555a3cd628ce28fbebcdf6b2cb3484,True,True,30,False
klines,DOTUSDT,2021-04,https://data.binance.vision/data/futures/um/monthly/klines/DOTUSDT/1d/DOTUSDT-1d-2021-04.zip,1821,f51d87639fc20ca3f323b18be88a9f9a316a1bc45ab1d614534bcd346d2540cf,True,True,30,False
fundingRate,DOTUSDT,2021-04,https://data.binance.vision/data/futures/um/monthly/fundingRate/DOTUSDT/DOTUSDT-fundingRate-2021-04.zip,957,d16b613c44f9096aba506a247a63165c4bcb80e77dc22846057aba4df19b96d5,True,True,90,False
klines,DOGEUSDT,2021-04,https://data.binance.vision/data/futures/um/monthly/klines/DOGEUSDT/1d/DOGEUSDT-1d-2021-04.zip,2015,6befcb7f91df93aa158e7c37e8058205a2f5b98d8eed68ae654e7acb7b205a42,True,True,30,False
klines,TRXUSDT,2021-04,https://data.binance.vision/data/futures/um/monthly/klines/TRXUSDT/1d/TRXUSDT-1d-2021-04.zip,1872,d72d6eee0135caeb491634dc43b09b0acdd446ce7c9c58957b22576b77d4702b,True,True,30,False
fundingRate,BTCUSDT,2021-05,https://data.binance.vision/data/futures/um/monthly/fundingRate/BTCUSDT/BTCUSDT-fundingRate-2021-05.zip,960,ed934afb9cf84df6ecae742e755147333a84244836a66b51523abc66dd5f63af,True,True,93,False
fundingRate,SOLUSDT,2021-04,https://data.binance.vision/data/futures/um/monthly/fundingRate/SOLUSDT/SOLUSDT-fundingRate-2021-04.zip,960,3a7fa828be00e3e352cef39ca5856c0d86077724f8d1ce576be79f302c21dd71,True,True,90,False
klines,BTCUSDT,2021-05,https://data.binance.vision/data/futures/um/monthly/klines/BTCUSDT/1d/BTCUSDT-1d-2021-05.zip,2123,12f232d27edb5c507bd8686108bfbe4cb6c6959960f1ff3b39a5ac831ffaf2b1,True,True,31,False
fundingRate,LINKUSDT,2021-04,https://data.binance.vision/data/futures/um/monthly/fundingRate/LINKUSDT/LINKUSDT-fundingRate-2021-04.zip,963,2f434573a1c3ba9660ea19b0f98ed5033e18022cab99d5b5fac02d8a160599d4,True,True,90,False
klines,SOLUSDT,2021-04,https://data.binance.vision/data/futures/um/monthly/klines/SOLUSDT/1d/SOLUSDT-1d-2021-04.zip,1810,f4bc5eafa7a8a39f9538f5aca6010bc69f6db843280042c4c69ffcdd5869ef22,True,True,30,False
klines,ETHUSDT,2021-05,https://data.binance.vision/data/futures/um/monthly/klines/ETHUSDT/1d/ETHUSDT-1d-2021-05.zip,2090,5e438213128dd75c42a40ab6fb637c6d261ff10cf2d453177d9a13a7178b25e5,True,True,31,False
fundingRate,ETHUSDT,2021-05,https://data.binance.vision/data/futures/um/monthly/fundingRate/ETHUSDT/ETHUSDT-fundingRate-2021-05.zip,913,21809ef6691a1441bd55ba4af4494a038d1a399ae0ae432e80cb41b47d71f3bd,True,True,93,False
fundingRate,TRXUSDT,2021-04,https://data.binance.vision/data/futures/um/monthly/fundingRate/TRXUSDT/TRXUSDT-fundingRate-2021-04.zip,919,ef1882dbec03860ed6b9d95ea62ad5c92a9ac05f321e0e4360f150c0f1756812,True,True,90,False
fundingRate,BNBUSDT,2021-05,https://data.binance.vision/data/futures/um/monthly/fundingRate/BNBUSDT/BNBUSDT-fundingRate-2021-05.zip,991,e08391c3ac416df2bcebba182792fb8632a828b1f7bd3de02f0eba11607b6cb7,True,True,93,False
klines,XRPUSDT,2021-05,https://data.binance.vision/data/futures/um/monthly/klines/XRPUSDT/1d/XRPUSDT-1d-2021-05.zip,1975,7abd0ee733a4fe1476b54b0f3310e22a7388c6ffd5fe0df082f44a697e5055f8,True,True,31,False
fundingRate,XRPUSDT,2021-05,https://data.binance.vision/data/futures/um/monthly/fundingRate/XRPUSDT/XRPUSDT-fundingRate-2021-05.zip,983,f261889d8ae5b14dd67950f9433a54f39c328a8f83212e73b458ee41e06a1ea7,True,True,93,False
klines,LTCUSDT,2021-05,https://data.binance.vision/data/futures/um/monthly/klines/LTCUSDT/1d/LTCUSDT-1d-2021-05.zip,1980,41116668cbaf8899e1ffa77c27d4711b0ef22d074bf2ac21aee38b6fcc989947,True,True,31,False
fundingRate,LTCUSDT,2021-05,https://data.binance.vision/data/futures/um/monthly/fundingRate/LTCUSDT/LTCUSDT-fundingRate-2021-05.zip,931,b0771c2f3e2f5cddc2e8fc30106413c8324abb564e8963327fbf957430c48973,True,True,93,False
fundingRate,ADAUSDT,2021-05,https://data.binance.vision/data/futures/um/monthly/fundingRate/ADAUSDT/ADAUSDT-fundingRate-2021-05.zip,948,0b9ec073bea43f4e7bd9fc96f8a912efe16ed70a503701543abeab31d41f458a,True,True,93,False
klines,ADAUSDT,2021-05,https://data.binance.vision/data/futures/um/monthly/klines/ADAUSDT/1d/ADAUSDT-1d-2021-05.zip,1946,816019f961624f7a550091fcd7a64691fe887fd32fc535e83625151383079b8f,True,True,31,False
fundingRate,BCHUSDT,2021-05,https://data.binance.vision/data/futures/um/monthly/fundingRate/BCHUSDT/BCHUSDT-fundingRate-2021-05.zip,901,f86e5a0ab95e8d704781d76f25b663a21fdbcb51bb2626b98e653399d3b4496f,True,True,93,False
klines,BCHUSDT,2021-05,https://data.binance.vision/data/futures/um/monthly/klines/BCHUSDT/1d/BCHUSDT-1d-2021-05.zip,1997,62eb3dc5b257b486e76c6238892bcf569d2f99f784712165f8f1e77135c23484,True,True,31,False
klines,BNBUSDT,2021-05,https://data.binance.vision/data/futures/um/monthly/klines/BNBUSDT/1d/BNBUSDT-1d-2021-05.zip,1997,0d40fa86ddde27b9fc1fc9aa869adf33aa05451f6d0d5957932bc4a2b7fec741,True,True,31,False
klines,EOSUSDT,2021-05,https://data.binance.vision/data/futures/um/monthly/klines/EOSUSDT/1d/EOSUSDT-1d-2021-05.zip,1896,462ec367d7819e2f973da0cf47a89b0c4390120edf19a027b6a881ebeb011888,True,True,31,False
fundingRate,EOSUSDT,2021-05,https://data.binance.vision/data/futures/um/monthly/fundingRate/EOSUSDT/EOSUSDT-fundingRate-2021-05.zip,909,e4becc5625161bc3eeba902f189abd1b9940bbf172716613dfd9dc149cb97e8e,True,True,93,False
fundingRate,DOGEUSDT,2021-05,https://data.binance.vision/data/futures/um/monthly/fundingRate/DOGEUSDT/DOGEUSDT-fundingRate-2021-05.zip,934,741175ef44e4db831b999c3adf5412ffbbad70b05e438b6658ab97269d08f6aa,True,True,93,False
klines,DOTUSDT,2021-05,https://data.binance.vision/data/futures/um/monthly/klines/DOTUSDT/1d/DOTUSDT-1d-2021-05.zip,1901,9682523e809bff69855043778ff5d0f5007eb27edbdcd015db19e4c025fff86d,True,True,31,False
fundingRate,LINKUSDT,2021-05,https://data.binance.vision/data/futures/um/monthly/fundingRate/LINKUSDT/LINKUSDT-fundingRate-2021-05.zip,930,3195e348a971cb3d80953a624a23aad4ed786fc0973ce9de2b292a8f066b612f,True,True,93,False
fundingRate,DOTUSDT,2021-05,https://data.binance.vision/data/futures/um/monthly/fundingRate/DOTUSDT/DOTUSDT-fundingRate-2021-05.zip,929,82043d0ebfbf1fc1d41300837a6d125d31d90c90c141bfc7b080e1a40ba29799,True,True,93,False
fundingRate,TRXUSDT,2021-05,https://data.binance.vision/data/futures/um/monthly/fundingRate/TRXUSDT/TRXUSDT-fundingRate-2021-05.zip,1012,b43e4bbb1c91bc6d0105e87c218ee3256a1c3c55b2ea98f3cdbe2d423538f95b,True,True,93,False
klines,SOLUSDT,2021-05,https://data.binance.vision/data/futures/um/monthly/klines/SOLUSDT/1d/SOLUSDT-1d-2021-05.zip,1842,88e2c1f54b71cee950cab1ba7a1613640717152e2d1e9ab2575c3ca04c117116,True,True,31,False
klines,BTCUSDT,2021-06,https://data.binance.vision/data/futures/um/monthly/klines/BTCUSDT/1d/BTCUSDT-1d-2021-06.zip,2047,10000897f2df8f86b2b6a8b218b7b5b9132fc0f25bd930c2444d458d843a00d9,True,True,30,False
klines,DOGEUSDT,2021-05,https://data.binance.vision/data/futures/um/monthly/klines/DOGEUSDT/1d/DOGEUSDT-1d-2021-05.zip,2073,e202cbda2895c9a439dac7e96a6b2789c018ad2ac3c3c3efd12e113bd659b3c3,True,True,31,False
fundingRate,BTCUSDT,2021-06,https://data.binance.vision/data/futures/um/monthly/fundingRate/BTCUSDT/BTCUSDT-fundingRate-2021-06.zip,883,7b8d9bfb8816636b800764dafb2aa2307d19166c695bfa245adbf7d01d61f766,True,True,90,False
klines,ETHUSDT,2021-06,https://data.binance.vision/data/futures/um/monthly/klines/ETHUSDT/1d/ETHUSDT-1d-2021-06.zip,2008,99dbca88b4fb842ed40d312ac82cbfa33e8e3e147dc02896ca6f910c77a39269,True,True,30,False
klines,LINKUSDT,2021-05,https://data.binance.vision/data/futures/um/monthly/klines/LINKUSDT/1d/LINKUSDT-1d-2021-05.zip,1975,700b2b65b5b8dd6f99855ae44db75a17b13710483bf0af73fc777eaaf8b84d64,True,True,31,False
klines,TRXUSDT,2021-05,https://data.binance.vision/data/futures/um/monthly/klines/TRXUSDT/1d/TRXUSDT-1d-2021-05.zip,1915,c864e9bae865d5f3be64f256ef7c3fa43e712ec20f6201f3cc35e9f5e392b8f1,True,True,31,False
fundingRate,SOLUSDT,2021-05,https://data.binance.vision/data/futures/um/monthly/fundingRate/SOLUSDT/SOLUSDT-fundingRate-2021-05.zip,916,f9a657f15d4753cb73bf8ffd0d62405d480044162c19e1f7437608e2c1bb6694,True,True,93,False
fundingRate,ETHUSDT,2021-06,https://data.binance.vision/data/futures/um/monthly/fundingRate/ETHUSDT/ETHUSDT-fundingRate-2021-06.zip,827,8e58ccf8f52c69c55754492daafadab92d4ca8c8bd027f4532582d06e9f36063,True,True,90,False
klines,XRPUSDT,2021-06,https://data.binance.vision/data/futures/um/monthly/klines/XRPUSDT/1d/XRPUSDT-1d-2021-06.zip,1890,f77d7e0c3543ae668d1ceb3fdb480cd2d0af7cb7fc30c3f2da10728ae307d856,True,True,30,False
fundingRate,BNBUSDT,2021-06,https://data.binance.vision/data/futures/um/monthly/fundingRate/BNBUSDT/BNBUSDT-fundingRate-2021-06.zip,818,e51d259f86fb4ef4ae53127feb94a1f75b3535b3668ec8ef6ae644d833124f56,True,True,90,False
klines,BNBUSDT,2021-06,https://data.binance.vision/data/futures/um/monthly/klines/BNBUSDT/1d/BNBUSDT-1d-2021-06.zip,1937,08cef56910bce470bcbc998a35fb4ccdec0bde174f9f158a586119fb39cdbbe7,True,True,30,False
fundingRate,XRPUSDT,2021-06,https://data.binance.vision/data/futures/um/monthly/fundingRate/XRPUSDT/XRPUSDT-fundingRate-2021-06.zip,789,6947cb3e3424beb7e6801554b2c0afb9f3f2eecd28f84ae62a37e6fe5a691fb6,True,True,90,False
fundingRate,ADAUSDT,2021-06,https://data.binance.vision/data/futures/um/monthly/fundingRate/ADAUSDT/ADAUSDT-fundingRate-2021-06.zip,827,b33982ea27c8beba0079438a805e1e0d783ace7104aeeaabf8e3c832cafcb07a,True,True,90,False
klines,LTCUSDT,2021-06,https://data.binance.vision/data/futures/um/monthly/klines/LTCUSDT/1d/LTCUSDT-1d-2021-06.zip,1891,9fcd2fa09dd0b1022bc544706d32ef16dfd08dccc7230b85779acdcd802ba1b6,True,True,30,False
klines,BCHUSDT,2021-06,https://data.binance.vision/data/futures/um/monthly/klines/BCHUSDT/1d/BCHUSDT-1d-2021-06.zip,1882,aba092aff7ab2fbdfd9a98dc26c3580d6ca872b43ac2aca6a06b9d5258b047a0,True,True,30,False
klines,EOSUSDT,2021-06,https://data.binance.vision/data/futures/um/monthly/klines/EOSUSDT/1d/EOSUSDT-1d-2021-06.zip,1782,621141dc816fb17f1d11908fd170102bf04b84fdba6ef89d85cbb44466f4a0f2,True,True,30,False
klines,ADAUSDT,2021-06,https://data.binance.vision/data/futures/um/monthly/klines/ADAUSDT/1d/ADAUSDT-1d-2021-06.zip,1826,b93676a3243267f8f018cd5edf6c5821c0f99c5897566b0633177d70e374b74f,True,True,30,False
klines,DOGEUSDT,2021-06,https://data.binance.vision/data/futures/um/monthly/klines/DOGEUSDT/1d/DOGEUSDT-1d-2021-06.zip,1967,b63390a21e238817a5d7e6feb0d58669170868b5c3e0aa9d8dfb988d7d36a00d,True,True,30,False
klines,LINKUSDT,2021-06,https://data.binance.vision/data/futures/um/monthly/klines/LINKUSDT/1d/LINKUSDT-1d-2021-06.zip,1879,4a274fa1b1d18a9ff839e56f890422b584013d7802e54f70920bcef252cd02d9,True,True,30,False
fundingRate,LINKUSDT,2021-06,https://data.binance.vision/data/futures/um/monthly/fundingRate/LINKUSDT/LINKUSDT-fundingRate-2021-06.zip,746,a8b54604cedf5906528a36e29049b126d1b69e9883a43bad5d5d253d30816b7d,True,True,90,False
klines,DOTUSDT,2021-06,https://data.binance.vision/data/futures/um/monthly/klines/DOTUSDT/1d/DOTUSDT-1d-2021-06.zip,1811,821d8eb329548cdd3bd539a07b373a1da1c34d7b598292f5df16e9d926c0aae4,True,True,30,False
fundingRate,LTCUSDT,2021-06,https://data.binance.vision/data/futures/um/monthly/fundingRate/LTCUSDT/LTCUSDT-fundingRate-2021-06.zip,820,d04c6d9e2e1c07e17afce5d6b574f63326b3a113e9783a32d675f67b334e8539,True,True,90,False
fundingRate,BCHUSDT,2021-06,https://data.binance.vision/data/futures/um/monthly/fundingRate/BCHUSDT/BCHUSDT-fundingRate-2021-06.zip,862,edaca76abdbf4853aeb3ffa5c896db4174eedf947fe1460c2ae8837ebffe2599,True,True,90,False
klines,TRXUSDT,2021-06,https://data.binance.vision/data/futures/um/monthly/klines/TRXUSDT/1d/TRXUSDT-1d-2021-06.zip,1809,07f094ca57b10ef4767486d9c7f73e426aa2b4b544321211efd9f835eaeea7f1,True,True,30,False
fundingRate,EOSUSDT,2021-06,https://data.binance.vision/data/futures/um/monthly/fundingRate/EOSUSDT/EOSUSDT-fundingRate-2021-06.zip,751,a1993fbd3a13bdb8e13068e9ead47b223b98cdf37db6fde6179857513b8277c5,True,True,90,False
klines,SOLUSDT,2021-06,https://data.binance.vision/data/futures/um/monthly/klines/SOLUSDT/1d/SOLUSDT-1d-2021-06.zip,1779,2ffcec73e63dc090ed0c760a5362e46439caf0aeec72b10be6774e2d5dd288c5,True,True,30,False
fundingRate,SOLUSDT,2021-06,https://data.binance.vision/data/futures/um/monthly/fundingRate/SOLUSDT/SOLUSDT-fundingRate-2021-06.zip,825,5d97dc076126d6df30eb68185be0613a08391b18d6046da006c790b3674b0d40,True,True,90,False
klines,BTCUSDT,2021-07,https://data.binance.vision/data/futures/um/monthly/klines/BTCUSDT/1d/BTCUSDT-1d-2021-07.zip,2104,c3a7cd0aeda605a8b5ff327a0c596c9d60d2457d8673c3607757c9837c282178,True,True,31,False
fundingRate,BTCUSDT,2021-07,https://data.binance.vision/data/futures/um/monthly/fundingRate/BTCUSDT/BTCUSDT-fundingRate-2021-07.zip,973,8ab3df641d3bcf40527491f8e26d046ad2b662d1950ead9555ad32975571b7fe,True,True,93,False
fundingRate,DOTUSDT,2021-06,https://data.binance.vision/data/futures/um/monthly/fundingRate/DOTUSDT/DOTUSDT-fundingRate-2021-06.zip,847,04b5277a2fd88179db88392db5b07c7716e351f7174c632440543d9c8240f0f6,True,True,90,False
klines,BNBUSDT,2021-07,https://data.binance.vision/data/futures/um/monthly/klines/BNBUSDT/1d/BNBUSDT-1d-2021-07.zip,1949,adb5818b09ebc8e984131a0ca3613a54762b65c400cdd492b28d6e07eff5be6c,True,True,31,False
klines,ETHUSDT,2021-07,https://data.binance.vision/data/futures/um/monthly/klines/ETHUSDT/1d/ETHUSDT-1d-2021-07.zip,2040,c36924e39814cdcab057c2abd9efedccb7dfd0b4ac2e5ed86346b52d8ce24489,True,True,31,False
fundingRate,DOGEUSDT,2021-06,https://data.binance.vision/data/futures/um/monthly/fundingRate/DOGEUSDT/DOGEUSDT-fundingRate-2021-06.zip,841,ea0065cfe7289fdc0cca4e737f0568bd452619269021c3adb5ea62c23d101b43,True,True,90,False
fundingRate,TRXUSDT,2021-06,https://data.binance.vision/data/futures/um/monthly/fundingRate/TRXUSDT/TRXUSDT-fundingRate-2021-06.zip,910,6ab462d33df370897d7d2e0ab0577232276d0a635754edb60794871c2ab88e2d,True,True,90,False
fundingRate,ETHUSDT,2021-07,https://data.binance.vision/data/futures/um/monthly/fundingRate/ETHUSDT/ETHUSDT-fundingRate-2021-07.zip,892,f8f538bedf642052e428cd25f3134784de6e62a136e76f6a07ea6e79dfc9c39d,True,True,93,False
fundingRate,XRPUSDT,2021-07,https://data.binance.vision/data/futures/um/monthly/fundingRate/XRPUSDT/XRPUSDT-fundingRate-2021-07.zip,827,77b401845e3e90d89a12df6e374ed838273d0ea81d28b25295bd5bebf454eeb5,True,True,93,False
klines,XRPUSDT,2021-07,https://data.binance.vision/data/futures/um/monthly/klines/XRPUSDT/1d/XRPUSDT-1d-2021-07.zip,1928,375c2b2c4c06cd43346fb931f784c1685cdfa71e167d32eadc9c6ca6cf981deb,True,True,31,False
fundingRate,ADAUSDT,2021-07,https://data.binance.vision/data/futures/um/monthly/fundingRate/ADAUSDT/ADAUSDT-fundingRate-2021-07.zip,911,9c55eb6e5baa84de1078e57f70ddc5be51a5436c4be16a45f0f102061f8227c3,True,True,93,False
klines,LTCUSDT,2021-07,https://data.binance.vision/data/futures/um/monthly/klines/LTCUSDT/1d/LTCUSDT-1d-2021-07.zip,1927,ddeae825cef5776688b7f59b06b73bae742ad8abf9a2f7520ce66a8299328910,True,True,31,False
fundingRate,LTCUSDT,2021-07,https://data.binance.vision/data/futures/um/monthly/fundingRate/LTCUSDT/LTCUSDT-fundingRate-2021-07.zip,911,c97a7c7be304262d55184231f007a26cda0582b38853e598b74a2d3f73b4007d,True,True,93,False
klines,EOSUSDT,2021-07,https://data.binance.vision/data/futures/um/monthly/klines/EOSUSDT/1d/EOSUSDT-1d-2021-07.zip,1810,e47914ed9ae01c3abcac00fe26baf253a2f4231a52793a59ddd8c9d2ecb7161e,True,True,31,False
fundingRate,BCHUSDT,2021-07,https://data.binance.vision/data/futures/um/monthly/fundingRate/BCHUSDT/BCHUSDT-fundingRate-2021-07.zip,769,dbbe77331ba8e661028d93713ed327105881732fb42b378e645bfa6b8d428d14,True,True,93,False
klines,ADAUSDT,2021-07,https://data.binance.vision/data/futures/um/monthly/klines/ADAUSDT/1d/ADAUSDT-1d-2021-07.zip,1850,6262bc40a55c9bd15fafbedcf9fe8edb3314a1dbc2daa54b64232078b01b0918,True,True,31,False
fundingRate,EOSUSDT,2021-07,https://data.binance.vision/data/futures/um/monthly/fundingRate/EOSUSDT/EOSUSDT-fundingRate-2021-07.zip,749,b37558c5fa6dae9b0ee4d1a75d6eb8d1c326d709092a68c8717e925285b417aa,True,True,93,False
klines,DOGEUSDT,2021-07,https://data.binance.vision/data/futures/um/monthly/klines/DOGEUSDT/1d/DOGEUSDT-1d-2021-07.zip,1991,93f11115232d33ca6fbfa556a0bdfe069a250bbd381bac064e825a4025061c4b,True,True,31,False
fundingRate,BNBUSDT,2021-07,https://data.binance.vision/data/futures/um/monthly/fundingRate/BNBUSDT/BNBUSDT-fundingRate-2021-07.zip,951,76880b69f8ed2ad5399471493080f9daa311004b0e48012fbe524c6ebe3d0869,True,True,93,False
klines,LINKUSDT,2021-07,https://data.binance.vision/data/futures/um/monthly/klines/LINKUSDT/1d/LINKUSDT-1d-2021-07.zip,1916,3e8a34a128eb25c5edfca34d14df6390182cbbf656347a833a9c335fb74e6810,True,True,31,False
fundingRate,LINKUSDT,2021-07,https://data.binance.vision/data/futures/um/monthly/fundingRate/LINKUSDT/LINKUSDT-fundingRate-2021-07.zip,781,27878a64244b91d5ae118ebd461b94e023df96556e9303f604f002b20c221466,True,True,93,False
klines,BCHUSDT,2021-07,https://data.binance.vision/data/futures/um/monthly/klines/BCHUSDT/1d/BCHUSDT-1d-2021-07.zip,1910,0d8db16f6c658a9beadf1d87b721c3da09053928f04cfddb5b0d60be29b7c2ec,True,True,31,False
fundingRate,DOGEUSDT,2021-07,https://data.binance.vision/data/futures/um/monthly/fundingRate/DOGEUSDT/DOGEUSDT-fundingRate-2021-07.zip,814,240633e688df94bff707fb4b2bdf611f195d85fb43f638c826026b1b05965b58,True,True,93,False
fundingRate,TRXUSDT,2021-07,https://data.binance.vision/data/futures/um/monthly/fundingRate/TRXUSDT/TRXUSDT-fundingRate-2021-07.zip,906,9298f3737a1bb92b624774b22d9e72a04fa236dda7986c5e4f9017bd9f0c6759,True,True,93,False
klines,TRXUSDT,2021-07,https://data.binance.vision/data/futures/um/monthly/klines/TRXUSDT/1d/TRXUSDT-1d-2021-07.zip,1833,c4518f51aca3c51d1158a2b043e8d736e6d9fcf5cf079c5bf0422bc4a19f0828,True,True,31,False
klines,SOLUSDT,2021-07,https://data.binance.vision/data/futures/um/monthly/klines/SOLUSDT/1d/SOLUSDT-1d-2021-07.zip,1780,7e63ae66eafec9eea56b1f18aa55fb4cc3be51042c0737c1c534269e23a582ab,True,True,31,False
fundingRate,DOTUSDT,2021-07,https://data.binance.vision/data/futures/um/monthly/fundingRate/DOTUSDT/DOTUSDT-fundingRate-2021-07.zip,906,b744e8197b5868355ae7df7cfe435873b6a0465779e47ffed335a5fa6cf0279d,True,True,93,False
klines,DOTUSDT,2021-07,https://data.binance.vision/data/futures/um/monthly/klines/DOTUSDT/1d/DOTUSDT-1d-2021-07.zip,1834,057288cb2b897047bd9f636666f36e3e1f43569df7b042b2c1b1d3c75151c61b,True,True,31,False
fundingRate,SOLUSDT,2021-07,https://data.binance.vision/data/futures/um/monthly/fundingRate/SOLUSDT/SOLUSDT-fundingRate-2021-07.zip,761,d5cc6efda2474a0ea47626b8ec17b40f8b2cc21aa1338e55796f402c9173e125,True,True,93,False
klines,BTCUSDT,2021-08,https://data.binance.vision/data/futures/um/monthly/klines/BTCUSDT/1d/BTCUSDT-1d-2021-08.zip,2085,baf5fe9492f95a56f91bf80e17548294c992983e495017358be23b4c1174d214,True,True,31,False
fundingRate,BTCUSDT,2021-08,https://data.binance.vision/data/futures/um/monthly/fundingRate/BTCUSDT/BTCUSDT-fundingRate-2021-08.zip,781,7eb681cc45b94176f4b9192a62c3a1925d79031ba001cea2d8dec6ff6e5b9c35,True,True,93,False
klines,ETHUSDT,2021-08,https://data.binance.vision/data/futures/um/monthly/klines/ETHUSDT/1d/ETHUSDT-1d-2021-08.zip,2063,5caa2fca456e28deff2e39cd7ee2c85946fe3d8be3d23624c67b91fd2da9257b,True,True,31,False
fundingRate,ETHUSDT,2021-08,https://data.binance.vision/data/futures/um/monthly/fundingRate/ETHUSDT/ETHUSDT-fundingRate-2021-08.zip,857,0120b284bde23d077e1e26e5e4b56fd3e2d1d82a3a7fe0e9de26825b9fc9c0db,True,True,93,False
klines,BNBUSDT,2021-08,https://data.binance.vision/data/futures/um/monthly/klines/BNBUSDT/1d/BNBUSDT-1d-2021-08.zip,1973,2bf599f7ad8029e4e833e3089842b495f85c46c0a23ca7f9320a8271af36d125,True,True,31,False
fundingRate,XRPUSDT,2021-08,https://data.binance.vision/data/futures/um/monthly/fundingRate/XRPUSDT/XRPUSDT-fundingRate-2021-08.zip,918,0a2d36a5a95fbba7ebc55f82e4e59eac1061ba3fab83d06f7569b427f3d9cdc8,True,True,93,False
fundingRate,ADAUSDT,2021-08,https://data.binance.vision/data/futures/um/monthly/fundingRate/ADAUSDT/ADAUSDT-fundingRate-2021-08.zip,895,d71dc92bb92ac128ae027cca5c82fad3b122389f57d8689863c72201a37564fc,True,True,93,False
klines,LTCUSDT,2021-08,https://data.binance.vision/data/futures/um/monthly/klines/LTCUSDT/1d/LTCUSDT-1d-2021-08.zip,1933,43a6b2019937de0d0587174c4190686c4f45dccb3128ff752b82b8c83182ebae,True,True,31,False
klines,XRPUSDT,2021-08,https://data.binance.vision/data/futures/um/monthly/klines/XRPUSDT/1d/XRPUSDT-1d-2021-08.zip,1974,314fea31128fb31c4ebf0e0e8c05957600c64c467b82a552c38d49edca40f464,True,True,31,False
fundingRate,BNBUSDT,2021-08,https://data.binance.vision/data/futures/um/monthly/fundingRate/BNBUSDT/BNBUSDT-fundingRate-2021-08.zip,915,61df9c44a8a08b5a596fe33e49150ebf7b55bb733e389119b2538b18d2584f63,True,True,93,False
klines,ADAUSDT,2021-08,https://data.binance.vision/data/futures/um/monthly/klines/ADAUSDT/1d/ADAUSDT-1d-2021-08.zip,1910,11fef4d641e6fce2b34f829ee832d88d1bee5d323ddcb8ef2abdf99806b6cc20,True,True,31,False
klines,EOSUSDT,2021-08,https://data.binance.vision/data/futures/um/monthly/klines/EOSUSDT/1d/EOSUSDT-1d-2021-08.zip,1832,b0ed4f532e78b209991a3816243fc125a8432a590bfa385318978a0d7626d3c7,True,True,31,False
fundingRate,BCHUSDT,2021-08,https://data.binance.vision/data/futures/um/monthly/fundingRate/BCHUSDT/BCHUSDT-fundingRate-2021-08.zip,806,31cc65dc61153125ea41688f390fb373046b4d5f6bea5d8b8d92f2d4170dad12,True,True,93,False
fundingRate,EOSUSDT,2021-08,https://data.binance.vision/data/futures/um/monthly/fundingRate/EOSUSDT/EOSUSDT-fundingRate-2021-08.zip,877,eb4ff3ffe747988448ee7f4e85e06d11437fee62f19dcd35d1118d5bf15790e2,True,True,93,False
fundingRate,LTCUSDT,2021-08,https://data.binance.vision/data/futures/um/monthly/fundingRate/LTCUSDT/LTCUSDT-fundingRate-2021-08.zip,812,0592faff3e9cc672374fbc96271f2722cb19b736891bc27d6297966c3ed0f692,True,True,93,False
klines,DOGEUSDT,2021-08,https://data.binance.vision/data/futures/um/monthly/klines/DOGEUSDT/1d/DOGEUSDT-1d-2021-08.zip,2010,0c9f952594d7a9329bf49634e839cb715d1088a1466b2b05aa2cb746da0da5ed,True,True,31,False
klines,BCHUSDT,2021-08,https://data.binance.vision/data/futures/um/monthly/klines/BCHUSDT/1d/BCHUSDT-1d-2021-08.zip,1927,af420e52a30445a7c76b6815b6786cfb9d40e120071b335e89256b1865a30965,True,True,31,False
fundingRate,DOTUSDT,2021-08,https://data.binance.vision/data/futures/um/monthly/fundingRate/DOTUSDT/DOTUSDT-fundingRate-2021-08.zip,881,35a81a03a428b8b8f6fbd61343893af58e11479b832cea6c79761cd0f728f02c,True,True,93,False
fundingRate,LINKUSDT,2021-08,https://data.binance.vision/data/futures/um/monthly/fundingRate/LINKUSDT/LINKUSDT-fundingRate-2021-08.zip,869,e9b21c5545b4476c6f6c6c8aa3437a15413ec9e70af9a914a4ceed011fd333e6,True,True,93,False
fundingRate,TRXUSDT,2021-08,https://data.binance.vision/data/futures/um/monthly/fundingRate/TRXUSDT/TRXUSDT-fundingRate-2021-08.zip,816,c678124ea724e40e7b9cf9f8b1fa4c117de0a56caf0b5756b9959b3092b45ff5,True,True,93,False
klines,LINKUSDT,2021-08,https://data.binance.vision/data/futures/um/monthly/klines/LINKUSDT/1d/LINKUSDT-1d-2021-08.zip,1923,518815d510c1d80eb8a2ec3c3e134e1c9189a240a9e81e6d86f1879ef7a07086,True,True,31,False
klines,BTCUSDT,2021-09,https://data.binance.vision/data/futures/um/monthly/klines/BTCUSDT/1d/BTCUSDT-1d-2021-09.zip,2024,5ed176eb237c35110cd48dd219fe2d5acc59dbee1c7eb431643b1a3e14709976,True,True,30,False
klines,DOTUSDT,2021-08,https://data.binance.vision/data/futures/um/monthly/klines/DOTUSDT/1d/DOTUSDT-1d-2021-08.zip,1888,a4b0f55570bde04d173e46bfb44428064504b7fb3f00cfd8efe1c90b02233c2e,True,True,31,False
fundingRate,BTCUSDT,2021-09,https://data.binance.vision/data/futures/um/monthly/fundingRate/BTCUSDT/BTCUSDT-fundingRate-2021-09.zip,828,03f25a7c25eef18d5f5b5b7bb0b664cab7a210b409f37e95a54e141808a0752d,True,True,90,False
fundingRate,DOGEUSDT,2021-08,https://data.binance.vision/data/futures/um/monthly/fundingRate/DOGEUSDT/DOGEUSDT-fundingRate-2021-08.zip,959,0d4241ba0126c8a8f16f9a7c6d12d2b644079b6a7bc1382089572ed5b749912d,True,True,93,False
klines,SOLUSDT,2021-08,https://data.binance.vision/data/futures/um/monthly/klines/SOLUSDT/1d/SOLUSDT-1d-2021-08.zip,1840,31c7fb7fa0c41fee9d90b3020df40bfeb66e1838b80e75b7c523b157e9f9c937,True,True,31,False
klines,TRXUSDT,2021-08,https://data.binance.vision/data/futures/um/monthly/klines/TRXUSDT/1d/TRXUSDT-1d-2021-08.zip,1860,b25766d82f78b35b6a82215bfa8a2f468875037fd9cb491d36838efbf6ddaa8d,True,True,31,False
klines,ETHUSDT,2021-09,https://data.binance.vision/data/futures/um/monthly/klines/ETHUSDT/1d/ETHUSDT-1d-2021-09.zip,1992,cdca161399a79cb2eb5958cd11a6b976f3a0fd7cadd561dd423a30a17d9af050,True,True,30,False
fundingRate,ETHUSDT,2021-09,https://data.binance.vision/data/futures/um/monthly/fundingRate/ETHUSDT/ETHUSDT-fundingRate-2021-09.zip,826,4b4a94cdafbb8fea7762c266aa79b183700b7c9dcf7e981f7fdbe9372f2eec66,True,True,90,False
klines,BNBUSDT,2021-09,https://data.binance.vision/data/futures/um/monthly/klines/BNBUSDT/1d/BNBUSDT-1d-2021-09.zip,1894,015c9b7ca858034e3b49a9e0bc7bfdf540468a066272267325347e3c64164b9e,True,True,30,False
fundingRate,BNBUSDT,2021-09,https://data.binance.vision/data/futures/um/monthly/fundingRate/BNBUSDT/BNBUSDT-fundingRate-2021-09.zip,869,0afa14d51d0fabe16495b3e2b5ed3558b5bf4f23c5b9c92164a4f7d5f907ecad,True,True,90,False
klines,XRPUSDT,2021-09,https://data.binance.vision/data/futures/um/monthly/klines/XRPUSDT/1d/XRPUSDT-1d-2021-09.zip,1886,866d50239bb5083a189475ad9c20a5f36b12de0ba721eaa653dcd3e087bbd4d7,True,True,30,False
fundingRate,SOLUSDT,2021-08,https://data.binance.vision/data/futures/um/monthly/fundingRate/SOLUSDT/SOLUSDT-fundingRate-2021-08.zip,885,36028dd0bcfa30c6be842f0ee066ffa1ae3d93082cf4aafd302d1c0a3a386ecd,True,True,93,False
fundingRate,XRPUSDT,2021-09,https://data.binance.vision/data/futures/um/monthly/fundingRate/XRPUSDT/XRPUSDT-fundingRate-2021-09.zip,823,514b2f1d7aba96408cd55677bea4b2c2cf0a027cb819bc1aecfa9e47eb6e644c,True,True,90,False
klines,ADAUSDT,2021-09,https://data.binance.vision/data/futures/um/monthly/klines/ADAUSDT/1d/ADAUSDT-1d-2021-09.zip,1842,dab4f9f10dadb1e1e05bca3feb51b73bddd1094463958154ba4af377b0285db3,True,True,30,False
fundingRate,ADAUSDT,2021-09,https://data.binance.vision/data/futures/um/monthly/fundingRate/ADAUSDT/ADAUSDT-fundingRate-2021-09.zip,837,a8d9b355fac2ea3ce664a7ada562299c0c06a852ff5ff3388b9a90d2bb736905,True,True,90,False
fundingRate,LTCUSDT,2021-09,https://data.binance.vision/data/futures/um/monthly/fundingRate/LTCUSDT/LTCUSDT-fundingRate-2021-09.zip,852,42fd2efc16ec88b6d64bfa8ffa8749ca064d14a8e60a2c9159d4b586851f6892,True,True,90,False
fundingRate,BCHUSDT,2021-09,https://data.binance.vision/data/futures/um/monthly/fundingRate/BCHUSDT/BCHUSDT-fundingRate-2021-09.zip,783,61415e6620b4d5d44ffff3a210ebc5b1405b3410a6cfd46954007686c2b6b94c,True,True,90,False
klines,BCHUSDT,2021-09,https://data.binance.vision/data/futures/um/monthly/klines/BCHUSDT/1d/BCHUSDT-1d-2021-09.zip,1869,18e8b19a48e9106c5c0a83e4aec1dd1f54f333ede67c0ab81fbd0bd06e0c0bd7,True,True,30,False
fundingRate,EOSUSDT,2021-09,https://data.binance.vision/data/futures/um/monthly/fundingRate/EOSUSDT/EOSUSDT-fundingRate-2021-09.zip,817,738c17d4d18f7299954fbfb9611c7f33a14f161650ce3a05052af3044b75f5bc,True,True,90,False
klines,DOGEUSDT,2021-09,https://data.binance.vision/data/futures/um/monthly/klines/DOGEUSDT/1d/DOGEUSDT-1d-2021-09.zip,1913,d0e8dace78f9129ac5cc43cfa5d2f3751afc917ef2832bf5bbab8cd44f54807c,True,True,30,False
fundingRate,DOGEUSDT,2021-09,https://data.binance.vision/data/futures/um/monthly/fundingRate/DOGEUSDT/DOGEUSDT-fundingRate-2021-09.zip,846,ce5ae8860526939ec03b58f61def84e7c8213cd64eb73e7f898d8925c7dfc1b5,True,True,90,False
klines,EOSUSDT,2021-09,https://data.binance.vision/data/futures/um/monthly/klines/EOSUSDT/1d/EOSUSDT-1d-2021-09.zip,1771,f626ef7c8435b573d2b9d5bf5b4ca6adabc0bb1cd88df5f7e1cd8250e7e91d46,True,True,30,False
klines,LINKUSDT,2021-09,https://data.binance.vision/data/futures/um/monthly/klines/LINKUSDT/1d/LINKUSDT-1d-2021-09.zip,1884,6574bd67ddff4549bde3fbc62507e4fb47c3ffdd17f6bd23147842609ed033a9,True,True,30,False
klines,DOTUSDT,2021-09,https://data.binance.vision/data/futures/um/monthly/klines/DOTUSDT/1d/DOTUSDT-1d-2021-09.zip,1820,b4f95f216106a783e0292947883bf088d81963f15b677cce61ed0d874fd11624,True,True,30,False
fundingRate,DOTUSDT,2021-09,https://data.binance.vision/data/futures/um/monthly/fundingRate/DOTUSDT/DOTUSDT-fundingRate-2021-09.zip,833,bb6ce598bb375d87faee5e5241c69d87a174087161b1d3c4c96f42bd7adfe0da,True,True,90,False
klines,TRXUSDT,2021-09,https://data.binance.vision/data/futures/um/monthly/klines/TRXUSDT/1d/TRXUSDT-1d-2021-09.zip,1831,aeef0b73a137d9f292fe19388848279a7496207d605ffb45a8a7d344751dbcae,True,True,30,False
klines,LTCUSDT,2021-09,https://data.binance.vision/data/futures/um/monthly/klines/LTCUSDT/1d/LTCUSDT-1d-2021-09.zip,1889,54aba596e2cafaa99fec69149beab37e548bcbbb09ae19c608e3ddff752df0aa,True,True,30,False
fundingRate,TRXUSDT,2021-09,https://data.binance.vision/data/futures/um/monthly/fundingRate/TRXUSDT/TRXUSDT-fundingRate-2021-09.zip,848,9fbe7531ecf3be8cbc63d0e564a594fd7986b0cd7fc3d7cf9da3580dffdef1e7,True,True,90,False
klines,SOLUSDT,2021-09,https://data.binance.vision/data/futures/um/monthly/klines/SOLUSDT/1d/SOLUSDT-1d-2021-09.zip,1853,ae275ed46f010297d0fa893e159589d70a26da28ab1b0e8469127a44ead1b0cb,True,True,30,False
fundingRate,SOLUSDT,2021-09,https://data.binance.vision/data/futures/um/monthly/fundingRate/SOLUSDT/SOLUSDT-fundingRate-2021-09.zip,848,2b1bbc144fed66818841e7af5f5e310adf8e2cb3b1d7643e0c1b2bb30bf421e8,True,True,90,False
fundingRate,LINKUSDT,2021-09,https://data.binance.vision/data/futures/um/monthly/fundingRate/LINKUSDT/LINKUSDT-fundingRate-2021-09.zip,791,ae7afd05c5ce1058fd17e5d4403da49baf32d6b0f9fda8150ec5e3b96706490e,True,True,90,False
fundingRate,BTCUSDT,2021-10,https://data.binance.vision/data/futures/um/monthly/fundingRate/BTCUSDT/BTCUSDT-fundingRate-2021-10.zip,951,f25820d6add687addbca3ef43bee58f70853a6da53832a0c1bc22d00dc8ec64a,True,True,93,False
klines,BTCUSDT,2021-10,https://data.binance.vision/data/futures/um/monthly/klines/BTCUSDT/1d/BTCUSDT-1d-2021-10.zip,2094,04be35f0945d02265243f1d7b42efc9bf3814d6c576bb629a8eac4a20ab1e032,True,True,31,False
fundingRate,ETHUSDT,2021-10,https://data.binance.vision/data/futures/um/monthly/fundingRate/ETHUSDT/ETHUSDT-fundingRate-2021-10.zip,935,4dfb8698f6951b2c66229e1c687977eae0778bb703d6268232da2ceb3e9b5e6d,True,True,93,False
fundingRate,BNBUSDT,2021-10,https://data.binance.vision/data/futures/um/monthly/fundingRate/BNBUSDT/BNBUSDT-fundingRate-2021-10.zip,1003,a8556a173a1f7ab33d82b5538176aa396cfa0b7fab8f7b904009e9f9e2a1efe2,True,True,93,False
klines,BNBUSDT,2021-10,https://data.binance.vision/data/futures/um/monthly/klines/BNBUSDT/1d/BNBUSDT-1d-2021-10.zip,1951,d087b43b29e49d3f4387506d2cd21a52d8a6a0b622ded3028f943ab0fb1a0b53,True,True,31,False
fundingRate,XRPUSDT,2021-10,https://data.binance.vision/data/futures/um/monthly/fundingRate/XRPUSDT/XRPUSDT-fundingRate-2021-10.zip,944,804050e1e57a061b9e8b4d0a033aba44196f511a99be61765fff81e04964bd13,True,True,93,False
klines,ETHUSDT,2021-10,https://data.binance.vision/data/futures/um/monthly/klines/ETHUSDT/1d/ETHUSDT-1d-2021-10.zip,2047,0c8f6b52c608751b9f56aa7663d53364d2f87d51ded005380b2fb2cb6a28c3af,True,True,31,False
klines,ADAUSDT,2021-10,https://data.binance.vision/data/futures/um/monthly/klines/ADAUSDT/1d/ADAUSDT-1d-2021-10.zip,1859,64db585ebcaa56c8a1cedafff0b60b4a51a9fa9e477ee5722b3a7211e0396a97,True,True,31,False
klines,LTCUSDT,2021-10,https://data.binance.vision/data/futures/um/monthly/klines/LTCUSDT/1d/LTCUSDT-1d-2021-10.zip,1928,7f4b536f0d949bfd30af05f13136f292f0fcf026c01bf4914e654caa18061563,True,True,31,False
fundingRate,LTCUSDT,2021-10,https://data.binance.vision/data/futures/um/monthly/fundingRate/LTCUSDT/LTCUSDT-fundingRate-2021-10.zip,887,7c92252d6e87a94a0a4027db30a20e9e5dc24aa6d8336f2b1e23a4c5b6523687,True,True,93,False
klines,XRPUSDT,2021-10,https://data.binance.vision/data/futures/um/monthly/klines/XRPUSDT/1d/XRPUSDT-1d-2021-10.zip,1918,2ec0ee8eae41479665baf106a11d8c77387271f37b800ea6e3ec973446e51220,True,True,31,False
fundingRate,EOSUSDT,2021-10,https://data.binance.vision/data/futures/um/monthly/fundingRate/EOSUSDT/EOSUSDT-fundingRate-2021-10.zip,884,9d489ca8673eaa1fa7a0fac7d3462abc3a70ac4264232c8ab84bc2575caadc45,True,True,93,False
fundingRate,ADAUSDT,2021-10,https://data.binance.vision/data/futures/um/monthly/fundingRate/ADAUSDT/ADAUSDT-fundingRate-2021-10.zip,953,482f64070cfa5b51e1ff2fcea3f1a1456b813581fd73edbad787c88e32f53c71,True,True,93,False
klines,LINKUSDT,2021-10,https://data.binance.vision/data/futures/um/monthly/klines/LINKUSDT/1d/LINKUSDT-1d-2021-10.zip,1924,f4f5c5bd60b1a92fe2fee0839e95cdac8d382e8f4de31ff2caa3ee0ab1293722,True,True,31,False
klines,BCHUSDT,2021-10,https://data.binance.vision/data/futures/um/monthly/klines/BCHUSDT/1d/BCHUSDT-1d-2021-10.zip,1911,1a80f84c3eee1923c5a67b716f04c077de74789c5bda6fa914bf4ff755d73ea2,True,True,31,False
fundingRate,BCHUSDT,2021-10,https://data.binance.vision/data/futures/um/monthly/fundingRate/BCHUSDT/BCHUSDT-fundingRate-2021-10.zip,859,2788149c391120c8958e12f19933a017e5ef421e01dc18841cb504c51219cc06,True,True,93,False
klines,DOTUSDT,2021-10,https://data.binance.vision/data/futures/um/monthly/klines/DOTUSDT/1d/DOTUSDT-1d-2021-10.zip,1875,0da73e8e00ddaaaf8a6a6f5902b96e606ac980997b5987686f53a4f46887e5f2,True,True,31,False
fundingRate,DOTUSDT,2021-10,https://data.binance.vision/data/futures/um/monthly/fundingRate/DOTUSDT/DOTUSDT-fundingRate-2021-10.zip,917,2cd1d37fb2733cd37a77d4d51e0378b5354e7d345e1bd892a4c992d251d13c3a,True,True,93,False
klines,EOSUSDT,2021-10,https://data.binance.vision/data/futures/um/monthly/klines/EOSUSDT/1d/EOSUSDT-1d-2021-10.zip,1800,f13ca14f8f7cfc6491c46a687884e1110e8f1d886991d3ab63a4a9673c75e4a5,True,True,31,False
klines,DOGEUSDT,2021-10,https://data.binance.vision/data/futures/um/monthly/klines/DOGEUSDT/1d/DOGEUSDT-1d-2021-10.zip,1995,3fc54d9e94499102a32740894835a860c5b23e9d152163082d18839c772aa224,True,True,31,False
fundingRate,LINKUSDT,2021-10,https://data.binance.vision/data/futures/um/monthly/fundingRate/LINKUSDT/LINKUSDT-fundingRate-2021-10.zip,923,c266c87a4dbb7d3e2f71842d7a7d78d384f6a6d6f716e3ae93c6365d1243ea8f,True,True,93,False
fundingRate,DOGEUSDT,2021-10,https://data.binance.vision/data/futures/um/monthly/fundingRate/DOGEUSDT/DOGEUSDT-fundingRate-2021-10.zip,963,550a727f147912b00f633f40ff005d56d2fef5024fcae3aac49d6cfaf5fb1375,True,True,93,False
klines,SOLUSDT,2021-10,https://data.binance.vision/data/futures/um/monthly/klines/SOLUSDT/1d/SOLUSDT-1d-2021-10.zip,1858,1b340af6575c47080916008450c87709aa99e59419cbbfcb9cb177122535a6c7,True,True,31,False
fundingRate,TRXUSDT,2021-10,https://data.binance.vision/data/futures/um/monthly/fundingRate/TRXUSDT/TRXUSDT-fundingRate-2021-10.zip,900,443f31300814f787bbace287720ba371410eab0ab0f273ef82ffe02af2d7d2f7,True,True,93,False
klines,BTCUSDT,2021-11,https://data.binance.vision/data/futures/um/monthly/klines/BTCUSDT/1d/BTCUSDT-1d-2021-11.zip,2029,17814825202c6e1bf932c9d0b3e0fc682c73eb5dd0df23be323d3fa72909722c,True,True,30,False
klines,TRXUSDT,2021-10,https://data.binance.vision/data/futures/um/monthly/klines/TRXUSDT/1d/TRXUSDT-1d-2021-10.zip,1845,9ce5a53042dbfd537b09adc13258af14b64da937b5c9ad2615004053482e10a0,True,True,31,False
fundingRate,BTCUSDT,2021-11,https://data.binance.vision/data/futures/um/monthly/fundingRate/BTCUSDT/BTCUSDT-fundingRate-2021-11.zip,919,e2e6b2d7218607e7e4a38137d50f553c2cfb901275c19edf567024c1cc6de85f,True,True,90,False
fundingRate,SOLUSDT,2021-10,https://data.binance.vision/data/futures/um/monthly/fundingRate/SOLUSDT/SOLUSDT-fundingRate-2021-10.zip,922,0ac3fe161fe23ac8479a4a6e5fbfc38e91ae1515663d93a3fe767c351ee81187,True,True,93,False
klines,ETHUSDT,2021-11,https://data.binance.vision/data/futures/um/monthly/klines/ETHUSDT/1d/ETHUSDT-1d-2021-11.zip,1988,dccb3f8867a5672fc18b285b963f61e43ef1a3c9c0cf2bea654d1f214ec95aa4,True,True,30,False
fundingRate,BNBUSDT,2021-11,https://data.binance.vision/data/futures/um/monthly/fundingRate/BNBUSDT/BNBUSDT-fundingRate-2021-11.zip,891,a9c846afb0ee66c67f14be211b9b7838dc97be156af549da477c28e805210393,True,True,90,False
fundingRate,ETHUSDT,2021-11,https://data.binance.vision/data/futures/um/monthly/fundingRate/ETHUSDT/ETHUSDT-fundingRate-2021-11.zip,838,d9a7e22a237717f23d4b0505f14613359b7ea7831b23a78653a891cbbe3d521c,True,True,90,False
fundingRate,XRPUSDT,2021-11,https://data.binance.vision/data/futures/um/monthly/fundingRate/XRPUSDT/XRPUSDT-fundingRate-2021-11.zip,894,2ee66bfc6920510ac62b6abe09a0569c64f4999fd64b655691ab12732904eb1e,True,True,90,False
klines,XRPUSDT,2021-11,https://data.binance.vision/data/futures/um/monthly/klines/XRPUSDT/1d/XRPUSDT-1d-2021-11.zip,1870,bfd907789d0b0ac44ec613cb80278f700dacf87f4ff1295dcb98593fa2111504,True,True,30,False
fundingRate,ADAUSDT,2021-11,https://data.binance.vision/data/futures/um/monthly/fundingRate/ADAUSDT/ADAUSDT-fundingRate-2021-11.zip,891,63251772c553d9f3b326ec0715bde7f50430a98a2be83e23774d3fcbe808628f,True,True,90,False
klines,BNBUSDT,2021-11,https://data.binance.vision/data/futures/um/monthly/klines/BNBUSDT/1d/BNBUSDT-1d-2021-11.zip,1897,13b7829fc41faac01bb98fc4f6d2efdd0b4c41f66f4be956b4ed25508ca4e896,True,True,30,False
fundingRate,LTCUSDT,2021-11,https://data.binance.vision/data/futures/um/monthly/fundingRate/LTCUSDT/LTCUSDT-fundingRate-2021-11.zip,878,4f212556572778ee02928d5d768a47df133973e0d74858c4574db912b47eee0f,True,True,90,False
klines,LTCUSDT,2021-11,https://data.binance.vision/data/futures/um/monthly/klines/LTCUSDT/1d/LTCUSDT-1d-2021-11.zip,1896,34a668bf3c56677e835bec62e3cdd7a1292147e21dafb826899d9714c7b406c9,True,True,30,False
fundingRate,EOSUSDT,2021-11,https://data.binance.vision/data/futures/um/monthly/fundingRate/EOSUSDT/EOSUSDT-fundingRate-2021-11.zip,818,ec55fcac28da4bf1aa7dab12a4b7e8413b1e78eba58c3bdd47db1b177d6559dc,True,True,90,False
klines,DOGEUSDT,2021-11,https://data.binance.vision/data/futures/um/monthly/klines/DOGEUSDT/1d/DOGEUSDT-1d-2021-11.zip,1906,25f9ee90980383b826f41e8db98708281d82ee6f72c8636e436eaf46edd01388,True,True,30,False
klines,ADAUSDT,2021-11,https://data.binance.vision/data/futures/um/monthly/klines/ADAUSDT/1d/ADAUSDT-1d-2021-11.zip,1811,1c97541e43d93c9acd40da54606de9fabdad96e8dfdc6fc3999a07afd8fb3c34,True,True,30,False
fundingRate,DOGEUSDT,2021-11,https://data.binance.vision/data/futures/um/monthly/fundingRate/DOGEUSDT/DOGEUSDT-fundingRate-2021-11.zip,897,47e3f6744e2bab7d64c6bc8b0be474190b7c762e09916205a117f80df45d3d95,True,True,90,False
klines,BCHUSDT,2021-11,https://data.binance.vision/data/futures/um/monthly/klines/BCHUSDT/1d/BCHUSDT-1d-2021-11.zip,1863,4616ec68fd0efd61b4cfde6f656a8962dad01b79aafa09a38191e1eb6d1cfc2b,True,True,30,False
fundingRate,BCHUSDT,2021-11,https://data.binance.vision/data/futures/um/monthly/fundingRate/BCHUSDT/BCHUSDT-fundingRate-2021-11.zip,838,a255c80f9313247b807f545ef766f8be55e4f9f28eb32d1dd0c5c7a6adfb9395,True,True,90,False
klines,EOSUSDT,2021-11,https://data.binance.vision/data/futures/um/monthly/klines/EOSUSDT/1d/EOSUSDT-1d-2021-11.zip,1753,945cd406f0cee50fc7cb7b0b873c326e3462281847bd3df343deb4a6d2e4fcee,True,True,30,False
fundingRate,LINKUSDT,2021-11,https://data.binance.vision/data/futures/um/monthly/fundingRate/LINKUSDT/LINKUSDT-fundingRate-2021-11.zip,857,bbbf7a0a3838c1b9e381768d5ed1f4e1ab0029f7c60273e1c420b970b00e32a2,True,True,90,False
klines,DOTUSDT,2021-11,https://data.binance.vision/data/futures/um/monthly/klines/DOTUSDT/1d/DOTUSDT-1d-2021-11.zip,1822,cbc265000bda37f8b9b2e3382b0af1a807cda6d00ce97d11dbae0982bd423811,True,True,30,False
klines,LINKUSDT,2021-11,https://data.binance.vision/data/futures/um/monthly/klines/LINKUSDT/1d/LINKUSDT-1d-2021-11.zip,1868,869487571579a6daa7ec6da73774aee25cc9acf4415c95c2a9ef3622a9f62ad8,True,True,30,False
fundingRate,DOTUSDT,2021-11,https://data.binance.vision/data/futures/um/monthly/fundingRate/DOTUSDT/DOTUSDT-fundingRate-2021-11.zip,923,5f824b57c70255f367b1184d28cb8bbd264dd93f2c76a2867e5ef35159206b15,True,True,90,False
klines,TRXUSDT,2021-11,https://data.binance.vision/data/futures/um/monthly/klines/TRXUSDT/1d/TRXUSDT-1d-2021-11.zip,1806,3183905ff24ab3fb186cb71b804b8857b6834ba88413fc41ee7d2392cea9e160,True,True,30,False
fundingRate,TRXUSDT,2021-11,https://data.binance.vision/data/futures/um/monthly/fundingRate/TRXUSDT/TRXUSDT-fundingRate-2021-11.zip,849,066b0d2254ecf0ad08c67ad2078d238b01dd0ca2044d0e013bfbc8594f26751d,True,True,90,False
klines,SOLUSDT,2021-11,https://data.binance.vision/data/futures/um/monthly/klines/SOLUSDT/1d/SOLUSDT-1d-2021-11.zip,1812,237f6c0d5c0d7f1a695fff66968212642d8472767d87a70b453c2ebb13592ce3,True,True,30,False
klines,BTCUSDT,2021-12,https://data.binance.vision/data/futures/um/monthly/klines/BTCUSDT/1d/BTCUSDT-1d-2021-12.zip,2093,fa6f4fa8893ae41c856eab979d83baea8c09ac94a2d84d7942bef4c047c995d8,True,True,31,False
klines,ETHUSDT,2021-12,https://data.binance.vision/data/futures/um/monthly/klines/ETHUSDT/1d/ETHUSDT-1d-2021-12.zip,2065,fb0cc2d6b5b61c303cf766274a44bc77e0851dde0492f275f557c4fbc22fa021,True,True,31,False
fundingRate,ETHUSDT,2021-12,https://data.binance.vision/data/futures/um/monthly/fundingRate/ETHUSDT/ETHUSDT-fundingRate-2021-12.zip,806,788d5c57e7cbc8e6b94ed4d7672618a85311edf1d7f0888083410d0d3389d811,True,True,93,False
klines,BNBUSDT,2021-12,https://data.binance.vision/data/futures/um/monthly/klines/BNBUSDT/1d/BNBUSDT-1d-2021-12.zip,1920,92742014c372df2815cddbf24e9fbd6e840b995617015165eb8dfc3a7481742c,True,True,31,False
fundingRate,BNBUSDT,2021-12,https://data.binance.vision/data/futures/um/monthly/fundingRate/BNBUSDT/BNBUSDT-fundingRate-2021-12.zip,833,d53711d34c24fef4df6147359811ecd0a747b5cc64dae1e30b92e3578cc41408,True,True,93,False
fundingRate,XRPUSDT,2021-12,https://data.binance.vision/data/futures/um/monthly/fundingRate/XRPUSDT/XRPUSDT-fundingRate-2021-12.zip,813,a96ac211f0316219b9d7faec92b830dec5c4ee808b0cfca5bb966dd8b68ff987,True,True,93,False
fundingRate,ADAUSDT,2021-12,https://data.binance.vision/data/futures/um/monthly/fundingRate/ADAUSDT/ADAUSDT-fundingRate-2021-12.zip,847,73ef76b38444697576945d62eb3d128e6db17ffb5282b0d5a1a6f67b8976c19c,True,True,93,False
klines,ADAUSDT,2021-12,https://data.binance.vision/data/futures/um/monthly/klines/ADAUSDT/1d/ADAUSDT-1d-2021-12.zip,1857,d00ee3cadf3282319301073f3b4ebd3319dd74515715b0f6dc5758af570a2ae5,True,True,31,False
fundingRate,SOLUSDT,2021-11,https://data.binance.vision/data/futures/um/monthly/fundingRate/SOLUSDT/SOLUSDT-fundingRate-2021-11.zip,813,16996f42bf6d48a5569bfecd8af6027de2298b30dca1d95381c595893de8e2e8,True,True,90,False
klines,LTCUSDT,2021-12,https://data.binance.vision/data/futures/um/monthly/klines/LTCUSDT/1d/LTCUSDT-1d-2021-12.zip,1924,2955f05f695aa5f71ef74036b4058771ba560cec87a5b526b80926e30900eada,True,True,31,False
fundingRate,BTCUSDT,2021-12,https://data.binance.vision/data/futures/um/monthly/fundingRate/BTCUSDT/BTCUSDT-fundingRate-2021-12.zip,815,bf3ce484faf41d7dccfd38c5cc3d8de34d8297df30ab10784e874cc10fd1b310,True,True,93,False
fundingRate,LTCUSDT,2021-12,https://data.binance.vision/data/futures/um/monthly/fundingRate/LTCUSDT/LTCUSDT-fundingRate-2021-12.zip,841,200e73077840291731e18eba6f4090764923268051764ea997f1f2a470cf178e,True,True,93,False
klines,XRPUSDT,2021-12,https://data.binance.vision/data/futures/um/monthly/klines/XRPUSDT/1d/XRPUSDT-1d-2021-12.zip,1928,c2f06a9ef0e195550165528de7a48a7230d3fd20e239ed26ed8295e54221f301,True,True,31,False
fundingRate,BCHUSDT,2021-12,https://data.binance.vision/data/futures/um/monthly/fundingRate/BCHUSDT/BCHUSDT-fundingRate-2021-12.zip,727,ec23ca48b9cc16ca1b281ddc36611d9dca8b337d1988be164192da88d99644f5,True,True,93,False
klines,EOSUSDT,2021-12,https://data.binance.vision/data/futures/um/monthly/klines/EOSUSDT/1d/EOSUSDT-1d-2021-12.zip,1811,bddea3b450010016d01bfb42edbf95d4318be9e96fcd607762c8f0bed27b6e80,True,True,31,False
klines,DOGEUSDT,2021-12,https://data.binance.vision/data/futures/um/monthly/klines/DOGEUSDT/1d/DOGEUSDT-1d-2021-12.zip,1952,10440ac05696b69e2eff1d4615516eb29c0a7eae80ae075d615c69b8722b360e,True,True,31,False
fundingRate,EOSUSDT,2021-12,https://data.binance.vision/data/futures/um/monthly/fundingRate/EOSUSDT/EOSUSDT-fundingRate-2021-12.zip,797,ff4398c455b06ad6a995662b365c5a757f79aa68555e382c1512c9897ec5124a,True,True,93,False
fundingRate,DOGEUSDT,2021-12,https://data.binance.vision/data/futures/um/monthly/fundingRate/DOGEUSDT/DOGEUSDT-fundingRate-2021-12.zip,859,a62f9d2aa4ad02e827e40d740e8cdbaa46f5b68dc3b7aec2c455e8b1aa265648,True,True,93,False
klines,LINKUSDT,2021-12,https://data.binance.vision/data/futures/um/monthly/klines/LINKUSDT/1d/LINKUSDT-1d-2021-12.zip,1931,2e2900e5eff20a18ae4bcc0382736d1848b03e19756e180f32e3c081cd7e2098,True,True,31,False
fundingRate,LINKUSDT,2021-12,https://data.binance.vision/data/futures/um/monthly/fundingRate/LINKUSDT/LINKUSDT-fundingRate-2021-12.zip,746,11788ccfa9a0e2d6ba270f031a002f0ac535a277ce6ac718806508a57f0573fa,True,True,93,False
fundingRate,DOTUSDT,2021-12,https://data.binance.vision/data/futures/um/monthly/fundingRate/DOTUSDT/DOTUSDT-fundingRate-2021-12.zip,928,c7543a16ad4e974f77fdc05e1ca80b9b4d202f958d32311a57816e8fb1e3bed5,True,True,93,False
klines,DOTUSDT,2021-12,https://data.binance.vision/data/futures/um/monthly/klines/DOTUSDT/1d/DOTUSDT-1d-2021-12.zip,1870,29e22dc4e64b59aef2f2732e54ae02e80f78e0a694fee8f6738c9829a11b8a02,True,True,31,False
klines,TRXUSDT,2021-12,https://data.binance.vision/data/futures/um/monthly/klines/TRXUSDT/1d/TRXUSDT-1d-2021-12.zip,1833,5b519e801a75f9ab1f66e30e42abe594298095d7866beaf9fef3548f06552056,True,True,31,False
klines,BCHUSDT,2021-12,https://data.binance.vision/data/futures/um/monthly/klines/BCHUSDT/1d/BCHUSDT-1d-2021-12.zip,1891,294cc53f23017800a7f4263f532549869efb6fcb349e8b06976c5e4b4800c032,True,True,31,False
klines,SOLUSDT,2021-12,https://data.binance.vision/data/futures/um/monthly/klines/SOLUSDT/1d/SOLUSDT-1d-2021-12.zip,1829,f8ecb54e26be8e3fdee22e03f46f5af838b068e2fe97727cf3aae9c4cf16c635,True,True,31,False
fundingRate,SOLUSDT,2021-12,https://data.binance.vision/data/futures/um/monthly/fundingRate/SOLUSDT/SOLUSDT-fundingRate-2021-12.zip,737,0ea2c59cde9362715dea398bd66d3325d5bdb40c39db0370977bcad0b0f67533,True,True,93,False
klines,BTCUSDT,2022-01,https://data.binance.vision/data/futures/um/monthly/klines/BTCUSDT/1d/BTCUSDT-1d-2022-01.zip,2173,6a345421a9e4146b8d352356c38c0c2cc21628c34e6a3f6668cf04d37de79f45,True,True,31,False
fundingRate,BTCUSDT,2022-01,https://data.binance.vision/data/futures/um/monthly/fundingRate/BTCUSDT/BTCUSDT-fundingRate-2022-01.zip,906,22ee19079b620f5c6d820e7d7f8bafa7fde866d89bd664863b8bd527749c12cb,True,True,93,False
fundingRate,TRXUSDT,2021-12,https://data.binance.vision/data/futures/um/monthly/fundingRate/TRXUSDT/TRXUSDT-fundingRate-2021-12.zip,849,c3f2ecd84da046ba135e37b0eb2021a17a728e708f89a6224f662dce50575a69,True,True,93,False
klines,ETHUSDT,2022-01,https://data.binance.vision/data/futures/um/monthly/klines/ETHUSDT/1d/ETHUSDT-1d-2022-01.zip,2158,c41822818408e353b1dccb10eb9660f946a28c9aea5c007fa33df7b002423a5d,True,True,31,False
klines,BNBUSDT,2022-01,https://data.binance.vision/data/futures/um/monthly/klines/BNBUSDT/1d/BNBUSDT-1d-2022-01.zip,2041,d8fb48bafbe95db590985dc654587640cee072d8589e8745b0758e5dcadff841,True,True,31,False
fundingRate,ETHUSDT,2022-01,https://data.binance.vision/data/futures/um/monthly/fundingRate/ETHUSDT/ETHUSDT-fundingRate-2022-01.zip,950,9f5bd01450b05a8c5e48cdc99fa147e85c82ecf7ee7919fa543a4e6039a2b98d,True,True,93,False
fundingRate,BNBUSDT,2022-01,https://data.binance.vision/data/futures/um/monthly/fundingRate/BNBUSDT/BNBUSDT-fundingRate-2022-01.zip,927,687891d67f99c3a622c44ed34413d65918fd96ea3a59d5e376af84d6d83f743b,True,True,93,False
klines,XRPUSDT,2022-01,https://data.binance.vision/data/futures/um/monthly/klines/XRPUSDT/1d/XRPUSDT-1d-2022-01.zip,1998,5ec21a44c8c5737f4afc343a22afe22120ccac0b00ef6d93567c01fdc78369e2,True,True,31,False
klines,ADAUSDT,2022-01,https://data.binance.vision/data/futures/um/monthly/klines/ADAUSDT/1d/ADAUSDT-1d-2022-01.zip,1967,f462135490e9f7eb67eb2818822aa11af5334db20ce4b5bd4b6f9959d70e5448,True,True,31,False
fundingRate,ADAUSDT,2022-01,https://data.binance.vision/data/futures/um/monthly/fundingRate/ADAUSDT/ADAUSDT-fundingRate-2022-01.zip,904,3138295cb16bc090a6d1d658cd1e57138f21c6ceb6cffec47b79b65f4f11a6f8,True,True,93,False
fundingRate,LTCUSDT,2022-01,https://data.binance.vision/data/futures/um/monthly/fundingRate/LTCUSDT/LTCUSDT-fundingRate-2022-01.zip,876,6bd76b0ae2f6444c0da89fef35bfb398954152c00db9be908f8b3039e73eef86,True,True,93,False
fundingRate,BCHUSDT,2022-01,https://data.binance.vision/data/futures/um/monthly/fundingRate/BCHUSDT/BCHUSDT-fundingRate-2022-01.zip,797,cf958a7f683561da4d4f58c9503bcac871fc1b3f4cbb2a89eebff9eb264cc60e,True,True,93,False
klines,LTCUSDT,2022-01,https://data.binance.vision/data/futures/um/monthly/klines/LTCUSDT/1d/LTCUSDT-1d-2022-01.zip,2016,82490d869c78ae4a6bd7f75b9e99692c5f766d3c5dd2d176f8d50fa96348de0f,True,True,31,False
klines,DOGEUSDT,2022-01,https://data.binance.vision/data/futures/um/monthly/klines/DOGEUSDT/1d/DOGEUSDT-1d-2022-01.zip,2045,1d8a314599fd9e0730bdeb91fb710e50a16135a363937c85fd29c1e623704f69,True,True,31,False
fundingRate,XRPUSDT,2022-01,https://data.binance.vision/data/futures/um/monthly/fundingRate/XRPUSDT/XRPUSDT-fundingRate-2022-01.zip,860,9ddff6efb16709debed38c0a6a0a2278c01659d18aedc2192b9fc02dc93d03ce,True,True,93,False
klines,BCHUSDT,2022-01,https://data.binance.vision/data/futures/um/monthly/klines/BCHUSDT/1d/BCHUSDT-1d-2022-01.zip,1998,2e0a9a5be0e253d2006a51f67bbaa3affc49a0bbc74114e1ddaa37967550f9b4,True,True,31,False
fundingRate,EOSUSDT,2022-01,https://data.binance.vision/data/futures/um/monthly/fundingRate/EOSUSDT/EOSUSDT-fundingRate-2022-01.zip,856,4b3cad6cb65f2766cee03f1533a403714e5875ed91c994177796c25e92dd8b6e,True,True,93,False
fundingRate,DOGEUSDT,2022-01,https://data.binance.vision/data/futures/um/monthly/fundingRate/DOGEUSDT/DOGEUSDT-fundingRate-2022-01.zip,943,b37736ec46a47d8bd0b5a0de1be61a6f0511d86e8c045cdfc8238b247cf8a8b2,True,True,93,False
klines,EOSUSDT,2022-01,https://data.binance.vision/data/futures/um/monthly/klines/EOSUSDT/1d/EOSUSDT-1d-2022-01.zip,1868,23e427db13231728c7b694d7cee3966e72fc8a13f739cc590fe172054b9512cb,True,True,31,False
fundingRate,LINKUSDT,2022-01,https://data.binance.vision/data/futures/um/monthly/fundingRate/LINKUSDT/LINKUSDT-fundingRate-2022-01.zip,799,d1b20d0ee55f77437aa22d50f725b3dea884647df1177dfdd91ff1cca7e5e6d8,True,True,93,False
klines,TRXUSDT,2022-01,https://data.binance.vision/data/futures/um/monthly/klines/TRXUSDT/1d/TRXUSDT-1d-2022-01.zip,1936,f5242bab2b39ec5fe6a9026e4637f591d0f2556d5fad77d63411c8243083abc0,True,True,31,False
klines,LINKUSDT,2022-01,https://data.binance.vision/data/futures/um/monthly/klines/LINKUSDT/1d/LINKUSDT-1d-2022-01.zip,2055,de2eb6c08e495353ac7faf85c3901e397f8613a0bceec8d3b054cd29424e5941,True,True,31,False
fundingRate,TRXUSDT,2022-01,https://data.binance.vision/data/futures/um/monthly/fundingRate/TRXUSDT/TRXUSDT-fundingRate-2022-01.zip,932,a19786f7d8c449da8eb17261e327d3a878747ce6080863c62395f511d8d57f2c,True,True,93,False
klines,DOTUSDT,2022-01,https://data.binance.vision/data/futures/um/monthly/klines/DOTUSDT/1d/DOTUSDT-1d-2022-01.zip,1965,5de38150b6bad018e765adcd4a669e2d2e1190159cd19fbb4e781c182547a5f3,True,True,31,False
fundingRate,DOTUSDT,2022-01,https://data.binance.vision/data/futures/um/monthly/fundingRate/DOTUSDT/DOTUSDT-fundingRate-2022-01.zip,997,1897dda495a2a46058609df0bb866e06026daade549deae74664e02125df9add,True,True,93,False
klines,SOLUSDT,2022-01,https://data.binance.vision/data/futures/um/monthly/klines/SOLUSDT/1d/SOLUSDT-1d-2022-01.zip,1911,10eddb9c49c622b8b02f428f4a9fd6103f7220adb679f4613ec748119b0816a9,True,True,31,False
fundingRate,SOLUSDT,2022-01,https://data.binance.vision/data/futures/um/monthly/fundingRate/SOLUSDT/SOLUSDT-fundingRate-2022-01.zip,840,f3be14b01356f33f6cbde6d12ee30311ae91fc521dc78d72a0aa39db8c295053,True,True,93,False
klines,ETHUSDT,2022-02,https://data.binance.vision/data/futures/um/monthly/klines/ETHUSDT/1d/ETHUSDT-1d-2022-02.zip,1950,a294d9cfd32f2f269ebbd00b1ee1ffa5c2aa86186853afcf6aa89a839d45b407,True,True,28,False
klines,BTCUSDT,2022-02,https://data.binance.vision/data/futures/um/monthly/klines/BTCUSDT/1d/BTCUSDT-1d-2022-02.zip,1997,2741e3ec53804c9d4b3c57f22845923e72249f63f075525c8be875f7c0db286f,True,True,28,False
fundingRate,BTCUSDT,2022-02,https://data.binance.vision/data/futures/um/monthly/fundingRate/BTCUSDT/BTCUSDT-fundingRate-2022-02.zip,890,fa95088258a905c79ab79e8984d2f6f66933ec2e814dbab4ef9da89b01ab484a,True,True,84,False
fundingRate,XRPUSDT,2022-02,https://data.binance.vision/data/futures/um/monthly/fundingRate/XRPUSDT/XRPUSDT-fundingRate-2022-02.zip,862,033b260f54c03c4f32b3503e87f9a3d3bcf735a48f13b4057344bb05192006b4,True,True,84,False
klines,ADAUSDT,2022-02,https://data.binance.vision/data/futures/um/monthly/klines/ADAUSDT/1d/ADAUSDT-1d-2022-02.zip,1785,50417584a0457e648bca924ecadabd91b258c2bba872991803e936906b4fc38a,True,True,28,False
klines,XRPUSDT,2022-02,https://data.binance.vision/data/futures/um/monthly/klines/XRPUSDT/1d/XRPUSDT-1d-2022-02.zip,1696,a37d675b9669ecf95c3f05d0776841497fdee7e0e77b0db5e65ec9a5aeab97d5,True,True,25,False
klines,BNBUSDT,2022-02,https://data.binance.vision/data/futures/um/monthly/klines/BNBUSDT/1d/BNBUSDT-1d-2022-02.zip,1858,4b2bf6353f6c480c4d88bd94939f47a232364d60385edd8015fe5e42e6e64185,True,True,28,False
fundingRate,BNBUSDT,2022-02,https://data.binance.vision/data/futures/um/monthly/fundingRate/BNBUSDT/BNBUSDT-fundingRate-2022-02.zip,833,4f7641f27333f9a55a8fdeb827387504984a8734a37ef73ab6e620db41fe0303,True,True,84,False
fundingRate,LTCUSDT,2022-02,https://data.binance.vision/data/futures/um/monthly/fundingRate/LTCUSDT/LTCUSDT-fundingRate-2022-02.zip,933,2b58978757dfdbecaae0078bd0b2a8067a7e81b537acd88e8246210a3c9040f2,True,True,84,False
klines,LTCUSDT,2022-02,https://data.binance.vision/data/futures/um/monthly/klines/LTCUSDT/1d/LTCUSDT-1d-2022-02.zip,1679,b3335bc23b05bc2ab23a0eccb9dd57a19590b1bac57948c0d44cd9a6a54a6464,True,True,25,False
klines,BCHUSDT,2022-02,https://data.binance.vision/data/futures/um/monthly/klines/BCHUSDT/1d/BCHUSDT-1d-2022-02.zip,1821,751d602c28eaf33c212a956d97980fdd93032c7e7709875e3eb3facadbde0a04,True,True,28,False
klines,EOSUSDT,2022-02,https://data.binance.vision/data/futures/um/monthly/klines/EOSUSDT/1d/EOSUSDT-1d-2022-02.zip,1714,1ecdb8ca7a8f4b7a333657b8d243ed2338af935bf3f69ffc2cc77d775211d184,True,True,28,False
fundingRate,ADAUSDT,2022-02,https://data.binance.vision/data/futures/um/monthly/fundingRate/ADAUSDT/ADAUSDT-fundingRate-2022-02.zip,915,8d2a62d7de4038c5b29b160ec57196976aecad618f70edb0d64da5dc2f3226df,True,True,84,False
fundingRate,ETHUSDT,2022-02,https://data.binance.vision/data/futures/um/monthly/fundingRate/ETHUSDT/ETHUSDT-fundingRate-2022-02.zip,898,9c35e30327ac8915cc1333415b7d5018425781c81918e349d26b734525fcdfe5,True,True,84,False
fundingRate,BCHUSDT,2022-02,https://data.binance.vision/data/futures/um/monthly/fundingRate/BCHUSDT/BCHUSDT-fundingRate-2022-02.zip,879,5df130226c391ca6c567dc44bb3200993e835baba7c3b9fd5f0c4564f12e7389,True,True,84,False
klines,LINKUSDT,2022-02,https://data.binance.vision/data/futures/um/monthly/klines/LINKUSDT/1d/LINKUSDT-1d-2022-02.zip,1840,a4ce45e4a791a934d646de109d822b4d2d7407e44556b35d1ad80f06e67f5c8e,True,True,28,False
fundingRate,DOGEUSDT,2022-02,https://data.binance.vision/data/futures/um/monthly/fundingRate/DOGEUSDT/DOGEUSDT-fundingRate-2022-02.zip,917,e496ee4bbe84b791550497ce6555e995582fcb507cc08e6329d3fb4ffeb5f468,True,True,84,False
fundingRate,DOTUSDT,2022-02,https://data.binance.vision/data/futures/um/monthly/fundingRate/DOTUSDT/DOTUSDT-fundingRate-2022-02.zip,967,bcd93e481e6d88d5e1024f2817af716130b98e956f7b07a2f059c7743f03fcb3,True,True,84,False
fundingRate,LINKUSDT,2022-02,https://data.binance.vision/data/futures/um/monthly/fundingRate/LINKUSDT/LINKUSDT-fundingRate-2022-02.zip,854,2755f17e416b2a5d9a3adb2f8e114c6339a91be2fc98de3858d255a8bda8bfb5,True,True,84,False
klines,TRXUSDT,2022-02,https://data.binance.vision/data/futures/um/monthly/klines/TRXUSDT/1d/TRXUSDT-1d-2022-02.zip,1605,1745dd0045d6b9ebb03fa259e729ef7f84cfa69c0d850ca94e60e2a2ec0a9039,True,True,25,False
fundingRate,EOSUSDT,2022-02,https://data.binance.vision/data/futures/um/monthly/fundingRate/EOSUSDT/EOSUSDT-fundingRate-2022-02.zip,859,9ec1bad99bb600deed67695dd43dc0de9d8769a9b3154b356856d99a7b6403a9,True,True,84,False
klines,DOGEUSDT,2022-02,https://data.binance.vision/data/futures/um/monthly/klines/DOGEUSDT/1d/DOGEUSDT-1d-2022-02.zip,1861,73d1e2115cecb0cfe662ebf53c64d1e3dcff19a2a2ea5ba5f15dd38555cb0693,True,True,28,False
klines,DOTUSDT,2022-02,https://data.binance.vision/data/futures/um/monthly/klines/DOTUSDT/1d/DOTUSDT-1d-2022-02.zip,1782,e76ecdb173882350d7aa4cdbfc5917d1876a7ea052f868f64f5b4375624709cc,True,True,28,False
klines,SOLUSDT,2022-02,https://data.binance.vision/data/futures/um/monthly/klines/SOLUSDT/1d/SOLUSDT-1d-2022-02.zip,1574,da808ec7a636e7010b47079c4565cdc9640f9b7f4f4314b785f135a10551184b,True,True,25,False
fundingRate,SOLUSDT,2022-02,https://data.binance.vision/data/futures/um/monthly/fundingRate/SOLUSDT/SOLUSDT-fundingRate-2022-02.zip,931,d622a4a5cfb461e81d9cb13ebdd34b02e2d221c2ddb8d708dc4047d2f499fa96,True,True,84,False
fundingRate,TRXUSDT,2022-02,https://data.binance.vision/data/futures/um/monthly/fundingRate/TRXUSDT/TRXUSDT-fundingRate-2022-02.zip,957,28979915c9225daf84b84526612870ce06e97b14584af2497878f8d27beab842,True,True,84,False
klines,BTCUSDT,2022-03,https://data.binance.vision/data/futures/um/monthly/klines/BTCUSDT/1d/BTCUSDT-1d-2022-03.zip,2148,191cf0aba3059eacf6454b83ff803f485838be410e35910de0d38457590e9d19,True,True,31,False
fundingRate,BTCUSDT,2022-03,https://data.binance.vision/data/futures/um/monthly/fundingRate/BTCUSDT/BTCUSDT-fundingRate-2022-03.zip,904,4cf0883bc07f4ed4cdd3b0d8c0d166b4d15d21e666ab752f9f44401af4d6172f,True,True,93,False
klines,ETHUSDT,2022-03,https://data.binance.vision/data/futures/um/monthly/klines/ETHUSDT/1d/ETHUSDT-1d-2022-03.zip,2134,3f381d3b20087be90992ee6095df84410f316caaeb3507d354b5d622621b327c,True,True,31,False
fundingRate,ETHUSDT,2022-03,https://data.binance.vision/data/futures/um/monthly/fundingRate/ETHUSDT/ETHUSDT-fundingRate-2022-03.zip,866,3de0714a2b2582029b32147815298b6e67e972e776ca3f68a4208823b4109404,True,True,93,False
klines,BNBUSDT,2022-03,https://data.binance.vision/data/futures/um/monthly/klines/BNBUSDT/1d/BNBUSDT-1d-2022-03.zip,2022,c832b7977974e2ea90547af922ab03a4e29a534b7b6142aaac32cb4c594aef29,True,True,31,False
klines,XRPUSDT,2022-03,https://data.binance.vision/data/futures/um/monthly/klines/XRPUSDT/1d/XRPUSDT-1d-2022-03.zip,1909,e717adc8f4c9c58a3cb9c767ae225e4a9c256eae2c7eb87dd69873e476131f57,True,True,31,False
fundingRate,XRPUSDT,2022-03,https://data.binance.vision/data/futures/um/monthly/fundingRate/XRPUSDT/XRPUSDT-fundingRate-2022-03.zip,841,4eeea8c79c35ff9363baa9dc70091a155c8f9e276dd319d05e0ba8ef5ab00b6e,True,True,93,False
klines,ADAUSDT,2022-03,https://data.binance.vision/data/futures/um/monthly/klines/ADAUSDT/1d/ADAUSDT-1d-2022-03.zip,1955,c0a11d5bccd4bc240aa656d2e3dfa7c443386127ad372c83d388a7e34ff59012,True,True,31,False
klines,LTCUSDT,2022-03,https://data.binance.vision/data/futures/um/monthly/klines/LTCUSDT/1d/LTCUSDT-1d-2022-03.zip,1907,f90ef486a21df03907e44ff0ddf2ef8d08a1f3a9cd27ba5ec0ddfb14ff59600e,True,True,31,False
fundingRate,LTCUSDT,2022-03,https://data.binance.vision/data/futures/um/monthly/fundingRate/LTCUSDT/LTCUSDT-fundingRate-2022-03.zip,947,09df99bed0907beb314aaa3a520b311af6a57a751a749f789f8c2b8b632e9b77,True,True,93,False
fundingRate,ADAUSDT,2022-03,https://data.binance.vision/data/futures/um/monthly/fundingRate/ADAUSDT/ADAUSDT-fundingRate-2022-03.zip,927,087b203cea3653811affc5f52dfca7410bf11d1daf8c51013da259f675f8ef24,True,True,93,False
fundingRate,BNBUSDT,2022-03,https://data.binance.vision/data/futures/um/monthly/fundingRate/BNBUSDT/BNBUSDT-fundingRate-2022-03.zip,840,96888f6eb25414b7095aaedbc7ad7410c315c4fd3cf92cbc41b02e5c4a942d84,True,True,93,False
klines,EOSUSDT,2022-03,https://data.binance.vision/data/futures/um/monthly/klines/EOSUSDT/1d/EOSUSDT-1d-2022-03.zip,1874,7f8c7a565c1b867560a9685e4381c9b32ceef1e934e7656eb11c064967ac8ced,True,True,31,False
fundingRate,BCHUSDT,2022-03,https://data.binance.vision/data/futures/um/monthly/fundingRate/BCHUSDT/BCHUSDT-fundingRate-2022-03.zip,919,ed04a3f3e37829130962c560c97b20157e4dfbe1d661bec9331c113f1fb63377,True,True,93,False
klines,DOGEUSDT,2022-03,https://data.binance.vision/data/futures/um/monthly/klines/DOGEUSDT/1d/DOGEUSDT-1d-2022-03.zip,2020,12ef55f3ef260bc19f6649b7e1e0bc03e9b4a0acbc7126194d09bf274fd21424,True,True,31,False
fundingRate,DOGEUSDT,2022-03,https://data.binance.vision/data/futures/um/monthly/fundingRate/DOGEUSDT/DOGEUSDT-fundingRate-2022-03.zip,849,fce1916d6dc4bd971cb72931e4f8477935ec489df6bb5bc22c99bcbf2abe78e6,True,True,93,False
klines,LINKUSDT,2022-03,https://data.binance.vision/data/futures/um/monthly/klines/LINKUSDT/1d/LINKUSDT-1d-2022-03.zip,1992,b21a979489657707e32903b53857bc28f56a1305655877b5822adbff389671fb,True,True,31,False
fundingRate,EOSUSDT,2022-03,https://data.binance.vision/data/futures/um/monthly/fundingRate/EOSUSDT/EOSUSDT-fundingRate-2022-03.zip,803,d3c8200a67a5ce6a9d7265a094cf612cc308e1260ca197b2fc88e2be165d3632,True,True,93,False
klines,BCHUSDT,2022-03,https://data.binance.vision/data/futures/um/monthly/klines/BCHUSDT/1d/BCHUSDT-1d-2022-03.zip,1997,b0e4537681f8d9668eb153dcfd049170299f6eb3cd97cd68ef2bf7cfd33c7cc6,True,True,31,False
klines,DOTUSDT,2022-03,https://data.binance.vision/data/futures/um/monthly/klines/DOTUSDT/1d/DOTUSDT-1d-2022-03.zip,1925,a9e51586a148af003cc7d04a35f3c60a89f36746d0fde99be0f4a2fa94102144,True,True,31,False
klines,TRXUSDT,2022-03,https://data.binance.vision/data/futures/um/monthly/klines/TRXUSDT/1d/TRXUSDT-1d-2022-03.zip,1816,3eb53c272acd4f5fe1434d79d27eca640a5dd31ec845e251704306905b32ea79,True,True,31,False
klines,SOLUSDT,2022-03,https://data.binance.vision/data/futures/um/monthly/klines/SOLUSDT/1d/SOLUSDT-1d-2022-03.zip,1731,5d7541aad646061c18988b2945141b29c91955cd018e069542fcbf199ccf7605,True,True,31,False
fundingRate,SOLUSDT,2022-03,https://data.binance.vision/data/futures/um/monthly/fundingRate/SOLUSDT/SOLUSDT-fundingRate-2022-03.zip,827,10d3d16d74340850c2148553261dfdad7ffeb0b705f014c869fa807a1e7ddc84,True,True,93,False
klines,BTCUSDT,2022-04,https://data.binance.vision/data/futures/um/monthly/klines/BTCUSDT/1d/BTCUSDT-1d-2022-04.zip,2064,4bcb1a9e65a403b34f198b588a74de469863b33ddd1236133683df32e9ffe843,True,True,30,False
fundingRate,DOTUSDT,2022-03,https://data.binance.vision/data/futures/um/monthly/fundingRate/DOTUSDT/DOTUSDT-fundingRate-2022-03.zip,1034,6043a1f6ef9d7a54d3235b924ddf254b72014d60a0621f0477ecfd5e4879bd97,True,True,93,False
fundingRate,BTCUSDT,2022-04,https://data.binance.vision/data/futures/um/monthly/fundingRate/BTCUSDT/BTCUSDT-fundingRate-2022-04.zip,926,57e2776cc68b3169fc9f8632dad67278f470cd453407a8ebe6c87963c8a31357,True,True,90,False
klines,ETHUSDT,2022-04,https://data.binance.vision/data/futures/um/monthly/klines/ETHUSDT/1d/ETHUSDT-1d-2022-04.zip,2073,981a55b337e8e4fcc4d4709d241d09ee9c49467e36fa506f66b82a8254ba09b2,True,True,30,False
fundingRate,TRXUSDT,2022-03,https://data.binance.vision/data/futures/um/monthly/fundingRate/TRXUSDT/TRXUSDT-fundingRate-2022-03.zip,890,93be15821e4d8a215c8c753a5cb9f925bf009660d0c219499d573c8b87a88910,True,True,93,False
klines,BNBUSDT,2022-04,https://data.binance.vision/data/futures/um/monthly/klines/BNBUSDT/1d/BNBUSDT-1d-2022-04.zip,1932,5cb27d152a3e5b45f3a3cfd66cd90969469d0febbd20f8aa0c778043b040daf0,True,True,30,False
fundingRate,BNBUSDT,2022-04,https://data.binance.vision/data/futures/um/monthly/fundingRate/BNBUSDT/BNBUSDT-fundingRate-2022-04.zip,812,697cb449545afb1281b9fa6c03d902515f7d909d96668f345f6dd053dfed7430,True,True,90,False
klines,XRPUSDT,2022-04,https://data.binance.vision/data/futures/um/monthly/klines/XRPUSDT/1d/XRPUSDT-1d-2022-04.zip,1835,a8339c3f85b13643b2b8ce2cf89663e3588293e73cad077783024ca01c31b6ce,True,True,28,False
fundingRate,LINKUSDT,2022-03,https://data.binance.vision/data/futures/um/monthly/fundingRate/LINKUSDT/LINKUSDT-fundingRate-2022-03.zip,770,fbe9dd5cde9c27e729e3b95506a6e3bca8fdb719ee919a0a516c189fc08bc97c,True,True,93,False
klines,ADAUSDT,2022-04,https://data.binance.vision/data/futures/um/monthly/klines/ADAUSDT/1d/ADAUSDT-1d-2022-04.zip,1880,51e9427ca74995f8385836db06574e9163dc122b2ae5f0b3d4d8f5dceb86cc71,True,True,30,False
fundingRate,ADAUSDT,2022-04,https://data.binance.vision/data/futures/um/monthly/fundingRate/ADAUSDT/ADAUSDT-fundingRate-2022-04.zip,898,7a309960d46bf0b83958871636a368ea1b3cedb905e2de2786bf09aeb73bdd44,True,True,90,False
fundingRate,ETHUSDT,2022-04,https://data.binance.vision/data/futures/um/monthly/fundingRate/ETHUSDT/ETHUSDT-fundingRate-2022-04.zip,941,7c306ac8b6275a857b064916080e0b6ec502b25a4501c84c3fd2c0b077425de3,True,True,90,False
klines,LTCUSDT,2022-04,https://data.binance.vision/data/futures/um/monthly/klines/LTCUSDT/1d/LTCUSDT-1d-2022-04.zip,1822,2f2dd8f5f0e7727b4642cb3f4dd76d1af575e05a18666719046e354f826b5f67,True,True,28,False
fundingRate,LTCUSDT,2022-04,https://data.binance.vision/data/futures/um/monthly/fundingRate/LTCUSDT/LTCUSDT-fundingRate-2022-04.zip,899,dc9b4f53c5b0c2fbe7a1779f052ade9ff7818766a880c2239d71041fde8efe87,True,True,90,False
fundingRate,BCHUSDT,2022-04,https://data.binance.vision/data/futures/um/monthly/fundingRate/BCHUSDT/BCHUSDT-fundingRate-2022-04.zip,790,f63a64c59098986487e0a3d3a0ce634154bfa15c8e60e077d34c3a8b062fe458,True,True,90,False
klines,BCHUSDT,2022-04,https://data.binance.vision/data/futures/um/monthly/klines/BCHUSDT/1d/BCHUSDT-1d-2022-04.zip,1936,aa0307734c934251175fd3d77442a771c1c185e67c90e3282736181114835c54,True,True,30,False
fundingRate,EOSUSDT,2022-04,https://data.binance.vision/data/futures/um/monthly/fundingRate/EOSUSDT/EOSUSDT-fundingRate-2022-04.zip,794,f8618591dc459c466a57fd8f8c740e9c5e9eeb5db1a283f16f5dfad5debe5b47,True,True,90,False
fundingRate,DOGEUSDT,2022-04,https://data.binance.vision/data/futures/um/monthly/fundingRate/DOGEUSDT/DOGEUSDT-fundingRate-2022-04.zip,823,655d57b2da463acf06a2e11f9c5d7ea8744facd5a082725cd14b4f480fc9d877,True,True,90,False
fundingRate,XRPUSDT,2022-04,https://data.binance.vision/data/futures/um/monthly/fundingRate/XRPUSDT/XRPUSDT-fundingRate-2022-04.zip,861,65dc012890af68b8e77736be03a71bde04c7a54b5ff6cb1957c94c4b2560da78,True,True,90,False
klines,LINKUSDT,2022-04,https://data.binance.vision/data/futures/um/monthly/klines/LINKUSDT/1d/LINKUSDT-1d-2022-04.zip,1942,c08d5610878d409574824012b541034c50951a587e026898df74c394d1fecc54,True,True,30,False
fundingRate,LINKUSDT,2022-04,https://data.binance.vision/data/futures/um/monthly/fundingRate/LINKUSDT/LINKUSDT-fundingRate-2022-04.zip,797,91bfda68b358bd555eb772317c00fd1677bac4769a607a565c2de95811199d84,True,True,90,False
klines,DOTUSDT,2022-04,https://data.binance.vision/data/futures/um/monthly/klines/DOTUSDT/1d/DOTUSDT-1d-2022-04.zip,1872,8efaa7c1068ec6dc91d36a2e4b6d9096d35b01142ad01c11960a00bd7b36f44a,True,True,30,False
fundingRate,DOTUSDT,2022-04,https://data.binance.vision/data/futures/um/monthly/fundingRate/DOTUSDT/DOTUSDT-fundingRate-2022-04.zip,1009,3614b0b9d31e57ecd654c13ddf339606393f210e344d0fbceedc0d14ebc1d5be,True,True,90,False
klines,EOSUSDT,2022-04,https://data.binance.vision/data/futures/um/monthly/klines/EOSUSDT/1d/EOSUSDT-1d-2022-04.zip,1828,d2ae68854662ec0d34a67fc03a7720905a582f96d26ef069cd424b0279b26ac0,True,True,30,False
klines,TRXUSDT,2022-04,https://data.binance.vision/data/futures/um/monthly/klines/TRXUSDT/1d/TRXUSDT-1d-2022-04.zip,1773,60bf80dcd95d025799958411b446f99ce3761308921ed7d90e6b7ae7430b0258,True,True,28,False
fundingRate,TRXUSDT,2022-04,https://data.binance.vision/data/futures/um/monthly/fundingRate/TRXUSDT/TRXUSDT-fundingRate-2022-04.zip,799,879840ba275a9fa2b177150dc709f3dd4b2a896817210c4f37fdf097576d1493,True,True,90,False
klines,SOLUSDT,2022-04,https://data.binance.vision/data/futures/um/monthly/klines/SOLUSDT/1d/SOLUSDT-1d-2022-04.zip,1692,44cb227457e39eea8b025e04a6d8e9f9ff2e766a4e101bb848c7befa8251de0c,True,True,28,False
fundingRate,SOLUSDT,2022-04,https://data.binance.vision/data/futures/um/monthly/fundingRate/SOLUSDT/SOLUSDT-fundingRate-2022-04.zip,911,f07052472753f04eb8e7fb818cf60e90e187e712f63a577741ca7ae59c63bc9e,True,True,90,False
fundingRate,BTCUSDT,2022-05,https://data.binance.vision/data/futures/um/monthly/fundingRate/BTCUSDT/BTCUSDT-fundingRate-2022-05.zip,915,bced8a5013d09742b96682e6fd01ad4456213515a03d7586ec2b1f2689af5255,True,True,93,False
klines,ETHUSDT,2022-05,https://data.binance.vision/data/futures/um/monthly/klines/ETHUSDT/1d/ETHUSDT-1d-2022-05.zip,2162,feecae43defd8555f7dc07ce6748857933f60b388c41700a766ba9fda50820a7,True,True,31,False
klines,BNBUSDT,2022-05,https://data.binance.vision/data/futures/um/monthly/klines/BNBUSDT/1d/BNBUSDT-1d-2022-05.zip,2040,cf9e41bbcd31a8f97d2aa6c0bfd4a2827a75d1bb2742d3fe50b0fc7dc635ea8e,True,True,31,False
klines,DOGEUSDT,2022-04,https://data.binance.vision/data/futures/um/monthly/klines/DOGEUSDT/1d/DOGEUSDT-1d-2022-04.zip,1989,dc7ebeddf1ae4303fe76aa337e30dbec9b16b98415efab3b1dcedbb1397bf3b4,True,True,30,False
fundingRate,BNBUSDT,2022-05,https://data.binance.vision/data/futures/um/monthly/fundingRate/BNBUSDT/BNBUSDT-fundingRate-2022-05.zip,990,b14eb3bf91a3cfaea1be24a2b9bf0d8991194f125b85f7bedc3c5ff4294845b2,True,True,93,False
fundingRate,XRPUSDT,2022-05,https://data.binance.vision/data/futures/um/monthly/fundingRate/XRPUSDT/XRPUSDT-fundingRate-2022-05.zip,998,9ec85394189f8f61a420bc6266cfd6e782870eb14ab43fe53ad981f274ea2829,True,True,93,False
fundingRate,ADAUSDT,2022-05,https://data.binance.vision/data/futures/um/monthly/fundingRate/ADAUSDT/ADAUSDT-fundingRate-2022-05.zip,1016,943b13250bd58873e0c10b212e42caf7b401fafc6c8794c3656be689a97cde1c,True,True,93,False
klines,BTCUSDT,2022-05,https://data.binance.vision/data/futures/um/monthly/klines/BTCUSDT/1d/BTCUSDT-1d-2022-05.zip,2153,aa39198db26d5807ff161bd10f0d3b16e5d4b9be69625d578f7634cbad55b37d,True,True,31,False
klines,LTCUSDT,2022-05,https://data.binance.vision/data/futures/um/monthly/klines/LTCUSDT/1d/LTCUSDT-1d-2022-05.zip,1988,436c59c40adde2ec46bdaf8a454e2a651859e801d124e6f211ec460a56c0507e,True,True,31,False
fundingRate,ETHUSDT,2022-05,https://data.binance.vision/data/futures/um/monthly/fundingRate/ETHUSDT/ETHUSDT-fundingRate-2022-05.zip,972,c458330243c9d8e048ffc7168c9e3c077c01bb82b1644097a4893fee34069b78,True,True,93,False
klines,XRPUSDT,2022-05,https://data.binance.vision/data/futures/um/monthly/klines/XRPUSDT/1d/XRPUSDT-1d-2022-05.zip,2012,5c57ad95161aaef36c1516489bbf438076106ddb868a885b76eda76e35f055a9,True,True,31,False
fundingRate,LTCUSDT,2022-05,https://data.binance.vision/data/futures/um/monthly/fundingRate/LTCUSDT/LTCUSDT-fundingRate-2022-05.zip,1012,2baf78c95492d56dc1612089966659523843e1a68de08c06bfb227688cd64b48,True,True,93,False
klines,BCHUSDT,2022-05,https://data.binance.vision/data/futures/um/monthly/klines/BCHUSDT/1d/BCHUSDT-1d-2022-05.zip,1994,2bd117a149d1b90894fd189df377b64f0886ae1954d1e61a484294f385e6cfd9,True,True,31,False
fundingRate,EOSUSDT,2022-05,https://data.binance.vision/data/futures/um/monthly/fundingRate/EOSUSDT/EOSUSDT-fundingRate-2022-05.zip,970,c56a765e4b81310d6a6022b0047a2ed871fd337687aa3dd082eb5518dd3c141a,True,True,93,False
klines,ADAUSDT,2022-05,https://data.binance.vision/data/futures/um/monthly/klines/ADAUSDT/1d/ADAUSDT-1d-2022-05.zip,1955,233438dc932e40eba044d3f2b66960a31ef324057bc16f1c0455b46cde38da5c,True,True,31,False
fundingRate,BCHUSDT,2022-05,https://data.binance.vision/data/futures/um/monthly/fundingRate/BCHUSDT/BCHUSDT-fundingRate-2022-05.zip,975,5a119939c508b53fbedcc704206b3e83488f5402d2b58a8fdd9bef6a60e45202,True,True,93,False
klines,LINKUSDT,2022-05,https://data.binance.vision/data/futures/um/monthly/klines/LINKUSDT/1d/LINKUSDT-1d-2022-05.zip,1983,bfe75a44ef64b0d9d70d9121dcdae54cc66e5f18cc9d0acce1f47b6a26f805f6,True,True,31,False
fundingRate,DOGEUSDT,2022-05,https://data.binance.vision/data/futures/um/monthly/fundingRate/DOGEUSDT/DOGEUSDT-fundingRate-2022-05.zip,1006,77b31f75485d3f66eef37d3cc5bc1620a1e9e93d00e47aa5391d5a6f0216b469,True,True,93,False
fundingRate,LINKUSDT,2022-05,https://data.binance.vision/data/futures/um/monthly/fundingRate/LINKUSDT/LINKUSDT-fundingRate-2022-05.zip,999,1a73179cecaa7305759c2367a9b12fcbe9757a1573cdea1be00b20dcd1c8b820,True,True,93,False
fundingRate,DOTUSDT,2022-05,https://data.binance.vision/data/futures/um/monthly/fundingRate/DOTUSDT/DOTUSDT-fundingRate-2022-05.zip,1037,9308b8db20165b762e1d1cbc0a38795877c5de015d25978d15de2b29aa907037,True,True,93,False
klines,EOSUSDT,2022-05,https://data.binance.vision/data/futures/um/monthly/klines/EOSUSDT/1d/EOSUSDT-1d-2022-05.zip,1856,877848d1b9634b81f038ed524f8a19a9c03d7dc15ffa903a3f29aed1d4148543,True,True,31,False
fundingRate,TRXUSDT,2022-05,https://data.binance.vision/data/futures/um/monthly/fundingRate/TRXUSDT/TRXUSDT-fundingRate-2022-05.zip,917,c627c701b1e3746522e6534ef6d85a684a4f32bb7739338313789fabb4be3a15,True,True,93,False
klines,DOGEUSDT,2022-05,https://data.binance.vision/data/futures/um/monthly/klines/DOGEUSDT/1d/DOGEUSDT-1d-2022-05.zip,2035,c0ef91d8f622c568b36b215d2d5462c9840238a48a6230061f8f5301377fe88c,True,True,31,False
klines,TRXUSDT,2022-05,https://data.binance.vision/data/futures/um/monthly/klines/TRXUSDT/1d/TRXUSDT-1d-2022-05.zip,2002,af3e9a49726cf834956f5f846c94a3a2dcba60da6e5cb07dd1408b80fd7d4d21,True,True,31,False
fundingRate,SOLUSDT,2022-05,https://data.binance.vision/data/futures/um/monthly/fundingRate/SOLUSDT/SOLUSDT-fundingRate-2022-05.zip,1024,ed42b50666e40e1489f01730f85e5efe919b9a94344e043369a459c66492a940,True,True,93,False
klines,BTCUSDT,2022-06,https://data.binance.vision/data/futures/um/monthly/klines/BTCUSDT/1d/BTCUSDT-1d-2022-06.zip,2087,9119db08b2dc695ee1d5a2921783268d06f2ac10afba2f05cba9593b42a3236b,True,True,30,False
klines,DOTUSDT,2022-05,https://data.binance.vision/data/futures/um/monthly/klines/DOTUSDT/1d/DOTUSDT-1d-2022-05.zip,1961,346d1f2b65710ae97272ecee4ca6a5c30af5a14168b613e907366f27b2945969,True,True,31,False
fundingRate,ETHUSDT,2022-06,https://data.binance.vision/data/futures/um/monthly/fundingRate/ETHUSDT/ETHUSDT-fundingRate-2022-06.zip,980,f6f3a69b656b91500b41501a230e663ccc3c1a65f46273595b00682d8f6fabb1,True,True,90,False
klines,SOLUSDT,2022-05,https://data.binance.vision/data/futures/um/monthly/klines/SOLUSDT/1d/SOLUSDT-1d-2022-05.zip,1864,c32baca074778909bda6f84db05336fce93904c331e3a5394309a587cc0c6f95,True,True,31,False
klines,ETHUSDT,2022-06,https://data.binance.vision/data/futures/um/monthly/klines/ETHUSDT/1d/ETHUSDT-1d-2022-06.zip,2104,b11ed08bd062f5c1110bc3c0e39be6101e53f258be0910d58d2f8b7ca3aa5c00,True,True,30,False
klines,XRPUSDT,2022-06,https://data.binance.vision/data/futures/um/monthly/klines/XRPUSDT/1d/XRPUSDT-1d-2022-06.zip,1928,e73a1abf9a925f74c4e817da9edcdc16e88d28f7da89d3a1f13ac5820d9138f6,True,True,30,False
fundingRate,XRPUSDT,2022-06,https://data.binance.vision/data/futures/um/monthly/fundingRate/XRPUSDT/XRPUSDT-fundingRate-2022-06.zip,986,ed33e50c7a15b4605478840bc9ceb93af17afe81728dd9c80a8673732da5b979,True,True,90,False
fundingRate,BTCUSDT,2022-06,https://data.binance.vision/data/futures/um/monthly/fundingRate/BTCUSDT/BTCUSDT-fundingRate-2022-06.zip,966,0cd0708f8903829eb46f98cf60f4b2516c986e1ccddf6620a5912b48e16baf93,True,True,90,False
fundingRate,ADAUSDT,2022-06,https://data.binance.vision/data/futures/um/monthly/fundingRate/ADAUSDT/ADAUSDT-fundingRate-2022-06.zip,983,e1f0e37ed17c45d8220951b334fa922a30e978a0662a0332de422fe761e69656,True,True,90,False
klines,BNBUSDT,2022-06,https://data.binance.vision/data/futures/um/monthly/klines/BNBUSDT/1d/BNBUSDT-1d-2022-06.zip,1968,23156a872593043eae562f23389aff62e4e83058828f2bead6d17169b3e6cef8,True,True,30,False
klines,LTCUSDT,2022-06,https://data.binance.vision/data/futures/um/monthly/klines/LTCUSDT/1d/LTCUSDT-1d-2022-06.zip,1923,ff7978236e9dd838122d2cca97774cfac14c5e5c705d7cc6dd67d66d2515bcd4,True,True,30,False
fundingRate,BNBUSDT,2022-06,https://data.binance.vision/data/futures/um/monthly/fundingRate/BNBUSDT/BNBUSDT-fundingRate-2022-06.zip,960,168a18066b384a4718ee9f6f659edb7edf713e6be5f8d798bcdf0525c42825f4,True,True,90,False
klines,BCHUSDT,2022-06,https://data.binance.vision/data/futures/um/monthly/klines/BCHUSDT/1d/BCHUSDT-1d-2022-06.zip,1941,eec6a988196b2dfb4cbec521baaf8a24895fb90f3ea1e55c21882b1d0717dc7a,True,True,30,False
fundingRate,LTCUSDT,2022-06,https://data.binance.vision/data/futures/um/monthly/fundingRate/LTCUSDT/LTCUSDT-fundingRate-2022-06.zip,959,27d1d7c8fd770bc66cc4c1d7f8a06110f11bce22c6fc48c9387dd27b2d32cadb,True,True,90,False
klines,ADAUSDT,2022-06,https://data.binance.vision/data/futures/um/monthly/klines/ADAUSDT/1d/ADAUSDT-1d-2022-06.zip,1901,13fe8093509b29e8a2f8016860a8ecdfdde70a1d92afad6c7a015d27aec36768,True,True,30,False
klines,EOSUSDT,2022-06,https://data.binance.vision/data/futures/um/monthly/klines/EOSUSDT/1d/EOSUSDT-1d-2022-06.zip,1796,761df3f2af026f0411c20ec416a782eb0b6b7afa7a10fb19b7788ab6b2e7ffd9,True,True,30,False
fundingRate,EOSUSDT,2022-06,https://data.binance.vision/data/futures/um/monthly/fundingRate/EOSUSDT/EOSUSDT-fundingRate-2022-06.zip,908,470cd0143f10f36e581ec00e6743c4a1b04f577cf4a946ae64f9f011814b410f,True,True,90,False
klines,DOGEUSDT,2022-06,https://data.binance.vision/data/futures/um/monthly/klines/DOGEUSDT/1d/DOGEUSDT-1d-2022-06.zip,1953,c85668fb25aba21ffaaef80e61fe6272f0374f3c66ae6c64ae3ab8fcd6a8b7a6,True,True,30,False
fundingRate,DOGEUSDT,2022-06,https://data.binance.vision/data/futures/um/monthly/fundingRate/DOGEUSDT/DOGEUSDT-fundingRate-2022-06.zip,950,40f2c0ca054a31eb62372f67919ee1b402015454018026d3b15ff7faacd22f1e,True,True,90,False
klines,LINKUSDT,2022-06,https://data.binance.vision/data/futures/um/monthly/klines/LINKUSDT/1d/LINKUSDT-1d-2022-06.zip,1944,d5189898e0489d2eaa6a3250ba77d102c695f01351ee48b68ead290ba5c86fcb,True,True,30,False
fundingRate,LINKUSDT,2022-06,https://data.binance.vision/data/futures/um/monthly/fundingRate/LINKUSDT/LINKUSDT-fundingRate-2022-06.zip,967,44107ee9174a139e6f56ca33b7d5c752a8a66c645d4d02a8baa201d4e69c151d,True,True,90,False
klines,DOTUSDT,2022-06,https://data.binance.vision/data/futures/um/monthly/klines/DOTUSDT/1d/DOTUSDT-1d-2022-06.zip,1844,3a6763684556147a54a7dd2f8c69d8d826983b2f2a6cc72d8766ef501b683e38,True,True,30,False
fundingRate,DOTUSDT,2022-06,https://data.binance.vision/data/futures/um/monthly/fundingRate/DOTUSDT/DOTUSDT-fundingRate-2022-06.zip,1012,ee05cae5829be4f0827b667870080a05425b12ef7631bb34b0990c811806574c,True,True,90,False
fundingRate,BCHUSDT,2022-06,https://data.binance.vision/data/futures/um/monthly/fundingRate/BCHUSDT/BCHUSDT-fundingRate-2022-06.zip,949,72f523550e661e4cc5b85a8bb9857c1af8c291c67456355da2905bce56437c22,True,True,90,False
fundingRate,TRXUSDT,2022-06,https://data.binance.vision/data/futures/um/monthly/fundingRate/TRXUSDT/TRXUSDT-fundingRate-2022-06.zip,1006,822ea000c903b33157e1b3cb3b480d44bebea70bff4391ed6494a8df0c30d29f,True,True,90,False
klines,TRXUSDT,2022-06,https://data.binance.vision/data/futures/um/monthly/klines/TRXUSDT/1d/TRXUSDT-1d-2022-06.zip,1933,dc48fb62bcc0ed0cba780b0cb8ce122d379b816784f70920d6ec323798c70282,True,True,30,False
klines,SOLUSDT,2022-06,https://data.binance.vision/data/futures/um/monthly/klines/SOLUSDT/1d/SOLUSDT-1d-2022-06.zip,1806,1e39b5a375af9279ed17c18ac5d9005571892f1510775f1865f1a12bd8259408,True,True,30,False
klines,BTCUSDT,2022-07,https://data.binance.vision/data/futures/um/monthly/klines/BTCUSDT/1d/BTCUSDT-1d-2022-07.zip,2149,2232be04f9d396322450c5767efd273a3f87baf14760810bcfe2349c204a5f3a,True,True,31,False
fundingRate,SOLUSDT,2022-06,https://data.binance.vision/data/futures/um/monthly/fundingRate/SOLUSDT/SOLUSDT-fundingRate-2022-06.zip,995,78249fec5212753b19ce01c2fb23ffdc3deecd29bd3ab61fb7cf70ba6c395edc,True,True,90,False
klines,ETHUSDT,2022-07,https://data.binance.vision/data/futures/um/monthly/klines/ETHUSDT/1d/ETHUSDT-1d-2022-07.zip,2162,27722df479d5f0b4a01744afc961482ff3f423d01832f41c96cb669b4f09ba98,True,True,31,False
fundingRate,ETHUSDT,2022-07,https://data.binance.vision/data/futures/um/monthly/fundingRate/ETHUSDT/ETHUSDT-fundingRate-2022-07.zip,953,17826e5591af8660a7fed74d60e24eee77c822cf0d901dd8af355a10a36699aa,True,True,93,False
fundingRate,BNBUSDT,2022-07,https://data.binance.vision/data/futures/um/monthly/fundingRate/BNBUSDT/BNBUSDT-fundingRate-2022-07.zip,875,7bda335d67fa74ce7d034989298137161181dd5e54f4085e13f52f677c14fce7,True,True,93,False
klines,BNBUSDT,2022-07,https://data.binance.vision/data/futures/um/monthly/klines/BNBUSDT/1d/BNBUSDT-1d-2022-07.zip,2006,6614d8967253ae6b4570a0c0b9d35d16dc68272aa0b2b0732d95d7b7df64c7b7,True,True,31,False
klines,XRPUSDT,2022-07,https://data.binance.vision/data/futures/um/monthly/klines/XRPUSDT/1d/XRPUSDT-1d-2022-07.zip,1992,928ba4b2230ad7516d385a950e4b86c8380f1bea011b0317edb978ecc7f3e9e8,True,True,31,False
fundingRate,XRPUSDT,2022-07,https://data.binance.vision/data/futures/um/monthly/fundingRate/XRPUSDT/XRPUSDT-fundingRate-2022-07.zip,1005,d0c0be21ff0fd3476d88cd2ac576f4b8e5697001bedf8ab43c746f2e5ae4699b,True,True,93,False
klines,ADAUSDT,2022-07,https://data.binance.vision/data/futures/um/monthly/klines/ADAUSDT/1d/ADAUSDT-1d-2022-07.zip,1942,c110a03087c5dd9b8076def8f91035844ca26d60c892fda6c93f87e4421c8db4,True,True,31,False
klines,LTCUSDT,2022-07,https://data.binance.vision/data/futures/um/monthly/klines/LTCUSDT/1d/LTCUSDT-1d-2022-07.zip,1957,ebf8f7d1e8e33913d2d198cb857480303b375336d5dc80afd248f37668d42a59,True,True,31,False
fundingRate,ADAUSDT,2022-07,https://data.binance.vision/data/futures/um/monthly/fundingRate/ADAUSDT/ADAUSDT-fundingRate-2022-07.zip,922,18174b5948e1356cd5dca9b818ce27b59d72b04e0a14cc2e4c9e98fe1dbbf637,True,True,93,False
fundingRate,BTCUSDT,2022-07,https://data.binance.vision/data/futures/um/monthly/fundingRate/BTCUSDT/BTCUSDT-fundingRate-2022-07.zip,917,29d58cce0cd45f74c6a112039835c6d9ee5a7e60e7c38c2503beb7930453a4fe,True,True,93,False
fundingRate,BCHUSDT,2022-07,https://data.binance.vision/data/futures/um/monthly/fundingRate/BCHUSDT/BCHUSDT-fundingRate-2022-07.zip,990,7dd30bd1dcced86a6f926b3b344e43a31ff94c91ddd9155b2694eb3a4609968f,True,True,93,False
klines,EOSUSDT,2022-07,https://data.binance.vision/data/futures/um/monthly/klines/EOSUSDT/1d/EOSUSDT-1d-2022-07.zip,1867,90b997901267059c0fba7154ea43fd77ff1c49c762d6d0ea3cd08871bc270a09,True,True,31,False
fundingRate,DOGEUSDT,2022-07,https://data.binance.vision/data/futures/um/monthly/fundingRate/DOGEUSDT/DOGEUSDT-fundingRate-2022-07.zip,890,ad7458419c3486565f826838da188714c6034e0f9054929fec1cb07bac64f8d6,True,True,93,False
fundingRate,LTCUSDT,2022-07,https://data.binance.vision/data/futures/um/monthly/fundingRate/LTCUSDT/LTCUSDT-fundingRate-2022-07.zip,878,bc296b7e9005391f08d46012ab10a77f5897dde38bbf3445e4927b4d5554be42,True,True,93,False
klines,DOTUSDT,2022-07,https://data.binance.vision/data/futures/um/monthly/klines/DOTUSDT/1d/DOTUSDT-1d-2022-07.zip,1909,8e74ae3b7b6ce6203cedcdbebc56213ae769f1bd35b2acf9985e28607424bbc0,True,True,31,False
fundingRate,DOTUSDT,2022-07,https://data.binance.vision/data/futures/um/monthly/fundingRate/DOTUSDT/DOTUSDT-fundingRate-2022-07.zip,1033,fc87f7250f9e17136289167eee5ce7025a48cb6d83f31165da74f13e0c522cfa,True,True,93,False
klines,BCHUSDT,2022-07,https://data.binance.vision/data/futures/um/monthly/klines/BCHUSDT/1d/BCHUSDT-1d-2022-07.zip,1990,ff3d3fd8730d328fd0cae0a1ce267442b7874ccc8439ea517f16fa06266aa9ed,True,True,31,False
klines,TRXUSDT,2022-07,https://data.binance.vision/data/futures/um/monthly/klines/TRXUSDT/1d/TRXUSDT-1d-2022-07.zip,1911,2c586643ecfa0202d6ddede3947b681763c06f380fbac42fb76b0b1db611b735,True,True,31,False
fundingRate,TRXUSDT,2022-07,https://data.binance.vision/data/futures/um/monthly/fundingRate/TRXUSDT/TRXUSDT-fundingRate-2022-07.zip,1043,45afaf83f0afa138c33a46441802432875b414bfefb8dcfacd18f8688aac5648,True,True,93,False
klines,LINKUSDT,2022-07,https://data.binance.vision/data/futures/um/monthly/klines/LINKUSDT/1d/LINKUSDT-1d-2022-07.zip,1967,322ab49f72deefd298df4f30278aab41c17778c2e4f385050664e7d93ba5498a,True,True,31,False
fundingRate,LINKUSDT,2022-07,https://data.binance.vision/data/futures/um/monthly/fundingRate/LINKUSDT/LINKUSDT-fundingRate-2022-07.zip,828,b162eec38434e0231b5a2e38759e9604dd5bbc3071d4cc33d9de5e65c7f9a6dc,True,True,93,False
fundingRate,BTCUSDT,2022-08,https://data.binance.vision/data/futures/um/monthly/fundingRate/BTCUSDT/BTCUSDT-fundingRate-2022-08.zip,997,6f4f0c6c84c05694b4b4a5c085776730fd4059723eecd98ee6ffeb3fde4da811,True,True,93,False
klines,ETHUSDT,2022-08,https://data.binance.vision/data/futures/um/monthly/klines/ETHUSDT/1d/ETHUSDT-1d-2022-08.zip,2166,d9dca0a01cc50266277c8add1e23d47543d8663d4263c983aaf5149aa7f3617b,True,True,31,False
klines,DOGEUSDT,2022-07,https://data.binance.vision/data/futures/um/monthly/klines/DOGEUSDT/1d/DOGEUSDT-1d-2022-07.zip,1990,a85aafb72ee8bb5acfd5c22e7b9b759de7ebfbfa1e3f559cb63ef2ab6692ce10,True,True,31,False
fundingRate,EOSUSDT,2022-07,https://data.binance.vision/data/futures/um/monthly/fundingRate/EOSUSDT/EOSUSDT-fundingRate-2022-07.zip,853,eb9cfa5ee5e30e6178cde193173847069803d07a8346ba90670bb53a028fe480,True,True,93,False
klines,BTCUSDT,2022-08,https://data.binance.vision/data/futures/um/monthly/klines/BTCUSDT/1d/BTCUSDT-1d-2022-08.zip,2145,44418c0424e55351148f9fdc5d63523dfeb8ca1a7ec52d44cba7b90501720d8c,True,True,31,False
fundingRate,SOLUSDT,2022-07,https://data.binance.vision/data/futures/um/monthly/fundingRate/SOLUSDT/SOLUSDT-fundingRate-2022-07.zip,924,ce4c96d62e020d4b3c53bc31c248e5800a4a6eb3a6809c36509238122aa02a3a,True,True,93,False
klines,SOLUSDT,2022-07,https://data.binance.vision/data/futures/um/monthly/klines/SOLUSDT/1d/SOLUSDT-1d-2022-07.zip,1832,c8b1996b853236c0fb95b71708be47478a5b96197acf33aba3a8ad56c276fc55,True,True,31,False
klines,BNBUSDT,2022-08,https://data.binance.vision/data/futures/um/monthly/klines/BNBUSDT/1d/BNBUSDT-1d-2022-08.zip,2019,639174b72dbb2bc5b853282b925b56b5cf0dc97750255ac7d2023439fa4d53a7,True,True,31,False
fundingRate,XRPUSDT,2022-08,https://data.binance.vision/data/futures/um/monthly/fundingRate/XRPUSDT/XRPUSDT-fundingRate-2022-08.zip,1017,ebe01bede02640bb9425dc31f6a1bb4e46488989715d7083b6d1569adb8736ba,True,True,93,False
fundingRate,BNBUSDT,2022-08,https://data.binance.vision/data/futures/um/monthly/fundingRate/BNBUSDT/BNBUSDT-fundingRate-2022-08.zip,862,9b5f26943c0b41dbabd37421aa7857851a7e3656646f5a1999568c1aee9a9111,True,True,93,False
klines,LTCUSDT,2022-08,https://data.binance.vision/data/futures/um/monthly/klines/LTCUSDT/1d/LTCUSDT-1d-2022-08.zip,1967,a1a582be1df610b4842e745bf708eca6771e2132350aad997ab63460fe5d44cb,True,True,31,False
klines,ADAUSDT,2022-08,https://data.binance.vision/data/futures/um/monthly/klines/ADAUSDT/1d/ADAUSDT-1d-2022-08.zip,1929,329a2bd87ce5bdcfaa863bd05ed956a0365b326be5e22575ca58124069bca701,True,True,31,False
klines,XRPUSDT,2022-08,https://data.binance.vision/data/futures/um/monthly/klines/XRPUSDT/1d/XRPUSDT-1d-2022-08.zip,1960,26e32f18f3a7984a9ad96e3b5607123934684fafb1075e62831a180bc2db2df5,True,True,31,False
klines,EOSUSDT,2022-08,https://data.binance.vision/data/futures/um/monthly/klines/EOSUSDT/1d/EOSUSDT-1d-2022-08.zip,1890,54a635b9be4084329eff5aa578dbbede77ac95b2cb1881dbff04f8fc9ca75bb6,True,True,31,False
fundingRate,EOSUSDT,2022-08,https://data.binance.vision/data/futures/um/monthly/fundingRate/EOSUSDT/EOSUSDT-fundingRate-2022-08.zip,944,3eae29b82869e12cd749f8c8766ef9288629d555ea24bb9f5bf563c593ba7ab3,True,True,93,False
klines,DOGEUSDT,2022-08,https://data.binance.vision/data/futures/um/monthly/klines/DOGEUSDT/1d/DOGEUSDT-1d-2022-08.zip,2021,6a33e121c4df6ebeed4077a12e83813cc9346ef7b155c76f6da56a81261b6b08,True,True,31,False
fundingRate,ETHUSDT,2022-08,https://data.binance.vision/data/futures/um/monthly/fundingRate/ETHUSDT/ETHUSDT-fundingRate-2022-08.zip,1000,a2680549de5e087566f4d323b3a812c2b9863528c6bc49b0e551cb42c381bb4d,True,True,93,False
fundingRate,LTCUSDT,2022-08,https://data.binance.vision/data/futures/um/monthly/fundingRate/LTCUSDT/LTCUSDT-fundingRate-2022-08.zip,944,9a4c93db980ce2f301c8c14807cc9ffb7fd1e4951281d56b92e8dcaa28f29518,True,True,93,False
fundingRate,DOGEUSDT,2022-08,https://data.binance.vision/data/futures/um/monthly/fundingRate/DOGEUSDT/DOGEUSDT-fundingRate-2022-08.zip,894,a45c8e14d3bf26a1aa9fd60e09ff215ca459c39cba1c7d9ec24d019ad375cb8e,True,True,93,False
klines,BCHUSDT,2022-08,https://data.binance.vision/data/futures/um/monthly/klines/BCHUSDT/1d/BCHUSDT-1d-2022-08.zip,1976,4f116579ab80c0a13d7ba285d37d1677642ce3ca2ae5613a00af84bfa3bc4343,True,True,31,False
fundingRate,ADAUSDT,2022-08,https://data.binance.vision/data/futures/um/monthly/fundingRate/ADAUSDT/ADAUSDT-fundingRate-2022-08.zip,954,bba667b6d4b95257af774f1da39fca7075ac2ba2349f78f3352d1c46c1da5b7a,True,True,93,False
fundingRate,BCHUSDT,2022-08,https://data.binance.vision/data/futures/um/monthly/fundingRate/BCHUSDT/BCHUSDT-fundingRate-2022-08.zip,1046,22a210fb19be108d879888900fff95faf7a1d1fabca86335c92bcd36f2419ccc,True,True,93,False
klines,LINKUSDT,2022-08,https://data.binance.vision/data/futures/um/monthly/klines/LINKUSDT/1d/LINKUSDT-1d-2022-08.zip,1976,b39f7dcd31789007b3cffdba6be7e85f3d84f3c19d132b762c775460e3063668,True,True,31,False
fundingRate,LINKUSDT,2022-08,https://data.binance.vision/data/futures/um/monthly/fundingRate/LINKUSDT/LINKUSDT-fundingRate-2022-08.zip,903,726b6fd80ce065f96ffcec2acf6e524b4796cadf78d380c531c90c8b4ba04ef0,True,True,93,False
fundingRate,DOTUSDT,2022-08,https://data.binance.vision/data/futures/um/monthly/fundingRate/DOTUSDT/DOTUSDT-fundingRate-2022-08.zip,1044,3883040d1bccb5ed239de1a19c9f5d052b2764bd458831d9962be0152d38ccc3,True,True,93,False
klines,DOTUSDT,2022-08,https://data.binance.vision/data/futures/um/monthly/klines/DOTUSDT/1d/DOTUSDT-1d-2022-08.zip,1902,1d18a4a3e32c0a5ff475708cf743b7567885ca36ff60fdb9de42147dc48efcc8,True,True,31,False
klines,TRXUSDT,2022-08,https://data.binance.vision/data/futures/um/monthly/klines/TRXUSDT/1d/TRXUSDT-1d-2022-08.zip,1896,f69fe1c2a23005002d73a318af9180069bb8ce26a5452f932c4d9b01a3a8a0ed,True,True,31,False
fundingRate,SOLUSDT,2022-08,https://data.binance.vision/data/futures/um/monthly/fundingRate/SOLUSDT/SOLUSDT-fundingRate-2022-08.zip,964,1604d1993d0c6a7e37e2ff81a6944d7b5c0e81475e3fe475bdbdf0deaff4d847,True,True,93,False
klines,BTCUSDT,2022-09,https://data.binance.vision/data/futures/um/monthly/klines/BTCUSDT/1d/BTCUSDT-1d-2022-09.zip,2083,d37049af761f66e66db0b0548f0fce7e31c24a10f9fc119ccead302884af6e76,True,True,30,False
fundingRate,BTCUSDT,2022-09,https://data.binance.vision/data/futures/um/monthly/fundingRate/BTCUSDT/BTCUSDT-fundingRate-2022-09.zip,960,d62cd4e13009de37add446dc4f63ead4c56dcc4955a1e60f6726bcadc5a68fa9,True,True,90,False
klines,ETHUSDT,2022-09,https://data.binance.vision/data/futures/um/monthly/klines/ETHUSDT/1d/ETHUSDT-1d-2022-09.zip,2101,63b81d8592a90989c55beacee91ed69d1b417c750bc7e4fa2ca733607e38290b,True,True,30,False
fundingRate,ETHUSDT,2022-09,https://data.binance.vision/data/futures/um/monthly/fundingRate/ETHUSDT/ETHUSDT-fundingRate-2022-09.zip,1016,816e4de946d9f854cc457c86ca396b9cb49b46e80cf44941b59b9ad2124f2ef8,True,True,90,False
fundingRate,BNBUSDT,2022-09,https://data.binance.vision/data/futures/um/monthly/fundingRate/BNBUSDT/BNBUSDT-fundingRate-2022-09.zip,918,a61885f7b9705d335c4fabb6d2bf1bbd35af15615adfac0d49fdac3a95cba3ba,True,True,90,False
fundingRate,TRXUSDT,2022-08,https://data.binance.vision/data/futures/um/monthly/fundingRate/TRXUSDT/TRXUSDT-fundingRate-2022-08.zip,1040,8840e907ab7575572f6a7f9a4d8d677ab15dff6c91867d919204498f5e75ad96,True,True,93,False
klines,SOLUSDT,2022-08,https://data.binance.vision/data/futures/um/monthly/klines/SOLUSDT/1d/SOLUSDT-1d-2022-08.zip,1821,76a3bd2881484326be2be87df70784e8076e8fdc64b8dfa66a5c8b76ad7a409d,True,True,31,False
fundingRate,XRPUSDT,2022-09,https://data.binance.vision/data/futures/um/monthly/fundingRate/XRPUSDT/XRPUSDT-fundingRate-2022-09.zip,1003,5f4cef57cc0b839b9efd1a0ad2a09457e8a4f7745f5de045d85ad86159255587,True,True,90,False
klines,ADAUSDT,2022-09,https://data.binance.vision/data/futures/um/monthly/klines/ADAUSDT/1d/ADAUSDT-1d-2022-09.zip,1871,5ba4ead4a6ad668e06f85b2282f85d2a6573cbb3abc15d6fc6794ad0ab99b498,True,True,30,False
fundingRate,ADAUSDT,2022-09,https://data.binance.vision/data/futures/um/monthly/fundingRate/ADAUSDT/ADAUSDT-fundingRate-2022-09.zip,972,e886a2b7e43c81c43471d8bee405d4cc1b78e9b014391024885402150a858994,True,True,90,False
klines,XRPUSDT,2022-09,https://data.binance.vision/data/futures/um/monthly/klines/XRPUSDT/1d/XRPUSDT-1d-2022-09.zip,1955,0ac54638ac6c73a05d01b052e273aa554a155d5aa5b43dda2222b2847ed422b9,True,True,30,False
klines,LTCUSDT,2022-09,https://data.binance.vision/data/futures/um/monthly/klines/LTCUSDT/1d/LTCUSDT-1d-2022-09.zip,1915,4f74a3777bb7012406f20844b63754754fb5070fa56697a05828e9425965a24a,True,True,30,False
klines,BNBUSDT,2022-09,https://data.binance.vision/data/futures/um/monthly/klines/BNBUSDT/1d/BNBUSDT-1d-2022-09.zip,1926,44f2c8c0f504e7f27beb3c54a86e6cd1b007ba1e3307e3e2bc89cd5368c8b05e,True,True,30,False
fundingRate,LTCUSDT,2022-09,https://data.binance.vision/data/futures/um/monthly/fundingRate/LTCUSDT/LTCUSDT-fundingRate-2022-09.zip,957,80d0a61066b0678aa7e515179cd1f7704462e3284ff599be947f4b8f28313fa5,True,True,90,False
klines,BCHUSDT,2022-09,https://data.binance.vision/data/futures/um/monthly/klines/BCHUSDT/1d/BCHUSDT-1d-2022-09.zip,1934,e5660b5f396f756a0f7ccdbe1000308223f56a0caa3f6edce723fc9ba24eb2e0,True,True,30,False
klines,EOSUSDT,2022-09,https://data.binance.vision/data/futures/um/monthly/klines/EOSUSDT/1d/EOSUSDT-1d-2022-09.zip,1848,7e27890c44d3e18285f3f6c4af9aff2edbb95214ec63430c69347a3b34c2a678,True,True,30,False
fundingRate,EOSUSDT,2022-09,https://data.binance.vision/data/futures/um/monthly/fundingRate/EOSUSDT/EOSUSDT-fundingRate-2022-09.zip,977,4476f75208de0db4301080dfcaf94bf15d8d3a9713f2bcd7ed00237602bea4ab,True,True,90,False
klines,DOGEUSDT,2022-09,https://data.binance.vision/data/futures/um/monthly/klines/DOGEUSDT/1d/DOGEUSDT-1d-2022-09.zip,1912,1783691ac3c92596306cc209bbb606c1be374925992cbbd1b481138993380667,True,True,30,False
klines,LINKUSDT,2022-09,https://data.binance.vision/data/futures/um/monthly/klines/LINKUSDT/1d/LINKUSDT-1d-2022-09.zip,1939,4759692fa7eab486c4d4dd2e8b842959b5de8c358b7ca173c0da6a1183fcc5ee,True,True,30,False
fundingRate,LINKUSDT,2022-09,https://data.binance.vision/data/futures/um/monthly/fundingRate/LINKUSDT/LINKUSDT-fundingRate-2022-09.zip,924,997347551489ca09ae1b8f11134a30a8e212130fd41d8449ba60b9aa761e0ed2,True,True,90,False
fundingRate,DOGEUSDT,2022-09,https://data.binance.vision/data/futures/um/monthly/fundingRate/DOGEUSDT/DOGEUSDT-fundingRate-2022-09.zip,916,75ed3ada815ae4273abedeac0faee99aba67eb03ce3a467ddebd99affd69674c,True,True,90,False
fundingRate,BCHUSDT,2022-09,https://data.binance.vision/data/futures/um/monthly/fundingRate/BCHUSDT/BCHUSDT-fundingRate-2022-09.zip,1000,36114df2e93ed3f92a087d025f00b9f974b760d09854cc658ef4c18f705441dd,True,True,90,False
klines,DOTUSDT,2022-09,https://data.binance.vision/data/futures/um/monthly/klines/DOTUSDT/1d/DOTUSDT-1d-2022-09.zip,1828,d643de9b699ff4cb123e58a6dbd67441cef090f24fb53c60273b5765490d936c,True,True,30,False
klines,TRXUSDT,2022-09,https://data.binance.vision/data/futures/um/monthly/klines/TRXUSDT/1d/TRXUSDT-1d-2022-09.zip,1824,55e18be4f9516cbd0d38ed716abbdd4c6429d941050058b73ae64df80e8c2867,True,True,30,False
fundingRate,DOTUSDT,2022-09,https://data.binance.vision/data/futures/um/monthly/fundingRate/DOTUSDT/DOTUSDT-fundingRate-2022-09.zip,1022,6ecf0e91c0dda8f9a795a43b1bf87f41950c21b316b610117d0f1a575aba8fc3,True,True,90,False
fundingRate,TRXUSDT,2022-09,https://data.binance.vision/data/futures/um/monthly/fundingRate/TRXUSDT/TRXUSDT-fundingRate-2022-09.zip,1017,3acdad8c35a8af01763829a58291f37ee13fab699d0c9f78a51e21d5b3bd38e7,True,True,90,False
klines,SOLUSDT,2022-09,https://data.binance.vision/data/futures/um/monthly/klines/SOLUSDT/1d/SOLUSDT-1d-2022-09.zip,1737,f9e2ea178252991aaeff0ba5775b9f70ec66f1af311f4081d671b334c95b179b,True,True,30,False
fundingRate,SOLUSDT,2022-09,https://data.binance.vision/data/futures/um/monthly/fundingRate/SOLUSDT/SOLUSDT-fundingRate-2022-09.zip,939,673b50b2daec4a34da7d8a8095995ddbafa6f66bf8c2d499ba48f8050cf68565,True,True,90,False
klines,BTCUSDT,2022-10,https://data.binance.vision/data/futures/um/monthly/klines/BTCUSDT/1d/BTCUSDT-1d-2022-10.zip,2108,2682556173f1e1182dadc6b3cbcb8d8f84a9b717d650afbaca93cc1b93799918,True,True,31,False
fundingRate,BTCUSDT,2022-10,https://data.binance.vision/data/futures/um/monthly/fundingRate/BTCUSDT/BTCUSDT-fundingRate-2022-10.zip,950,ad9efed10d4ca1567b865d7a158790977cec1b925395634217069df6696c8bc9,True,True,93,False
klines,ETHUSDT,2022-10,https://data.binance.vision/data/futures/um/monthly/klines/ETHUSDT/1d/ETHUSDT-1d-2022-10.zip,2138,cbf3d0d9e2a8a2178bc700109a68287a6642d210539bff51bc591ee86be01796,True,True,31,False
klines,BNBUSDT,2022-10,https://data.binance.vision/data/futures/um/monthly/klines/BNBUSDT/1d/BNBUSDT-1d-2022-10.zip,1981,ebc0dae6aaa4a0e4c3a51afd46ee45648dd9f4d743124cc8a58aac027c827497,True,True,31,False
fundingRate,BNBUSDT,2022-10,https://data.binance.vision/data/futures/um/monthly/fundingRate/BNBUSDT/BNBUSDT-fundingRate-2022-10.zip,841,a899a77f378d0133a5837b4d7755fb1db9b8c8ca4e51ce94bc2f97e3a5928c25,True,True,93,False
klines,XRPUSDT,2022-10,https://data.binance.vision/data/futures/um/monthly/klines/XRPUSDT/1d/XRPUSDT-1d-2022-10.zip,2016,bf6db56e2ba03813dc8310c5ccacac2b7eec39e8eb8e865dfcc5cfa3a7a4379d,True,True,31,False
fundingRate,XRPUSDT,2022-10,https://data.binance.vision/data/futures/um/monthly/fundingRate/XRPUSDT/XRPUSDT-fundingRate-2022-10.zip,994,d19321c736b80fa52b447325092f6f21128f435a28e377941bccb65e6dae1370,True,True,93,False
klines,LTCUSDT,2022-10,https://data.binance.vision/data/futures/um/monthly/klines/LTCUSDT/1d/LTCUSDT-1d-2022-10.zip,1939,a815116e2a6869866e4ea733b23eaa5f1388aee65c50e1608e50acd94617f971,True,True,31,False
klines,BCHUSDT,2022-10,https://data.binance.vision/data/futures/um/monthly/klines/BCHUSDT/1d/BCHUSDT-1d-2022-10.zip,1950,a83b9ff7915dbf22f9b5a3ed2172bad4f0f307f273bccef41ba286b06e6daf64,True,True,31,False
fundingRate,LTCUSDT,2022-10,https://data.binance.vision/data/futures/um/monthly/fundingRate/LTCUSDT/LTCUSDT-fundingRate-2022-10.zip,982,305abd76825e800eee7722d090e38a20a1f2f13d49c4f25aac28fa7ece90bb54,True,True,93,False
fundingRate,ETHUSDT,2022-10,https://data.binance.vision/data/futures/um/monthly/fundingRate/ETHUSDT/ETHUSDT-fundingRate-2022-10.zip,1004,e434c29eb544cc57ff574e38685535bb7d04703aee54bc5d52f53cea372810e6,True,True,93,False
klines,ADAUSDT,2022-10,https://data.binance.vision/data/futures/um/monthly/klines/ADAUSDT/1d/ADAUSDT-1d-2022-10.zip,1913,5dc157fed4b6ba62b82131fc1e0709c2dd116a560401483eb76cf4f206fea096,True,True,31,False
fundingRate,BCHUSDT,2022-10,https://data.binance.vision/data/futures/um/monthly/fundingRate/BCHUSDT/BCHUSDT-fundingRate-2022-10.zip,1035,8d541bdee965014958a491dbeb6d08f4cff4ab92089126f37f598aeedadf4622,True,True,93,False
fundingRate,EOSUSDT,2022-10,https://data.binance.vision/data/futures/um/monthly/fundingRate/EOSUSDT/EOSUSDT-fundingRate-2022-10.zip,989,8c8478e122380f8cf1e6320494bd4d326ff8761c48ffca8ef3efab0ca77dccf3,True,True,93,False
fundingRate,ADAUSDT,2022-10,https://data.binance.vision/data/futures/um/monthly/fundingRate/ADAUSDT/ADAUSDT-fundingRate-2022-10.zip,1018,1a309c079492d7475ae7ffce7b6261941a1e1a60a1adc8fbfba7bbd424ba2720,True,True,93,False
klines,EOSUSDT,2022-10,https://data.binance.vision/data/futures/um/monthly/klines/EOSUSDT/1d/EOSUSDT-1d-2022-10.zip,1863,7cb2c522ff2dc988dadda4e19dfbcc2a26ba0afc26a2d7fe132ce4c7f094db0c,True,True,31,False
klines,DOGEUSDT,2022-10,https://data.binance.vision/data/futures/um/monthly/klines/DOGEUSDT/1d/DOGEUSDT-1d-2022-10.zip,2004,9cff42a36fac442f99f44319239af938c8ed184576f455197556f18414a41db8,True,True,31,False
klines,LINKUSDT,2022-10,https://data.binance.vision/data/futures/um/monthly/klines/LINKUSDT/1d/LINKUSDT-1d-2022-10.zip,1964,2a78d6bd7dbb9cb0b9baecdafa95f339561a39ceaef4a70f2c6d93b6b1c3190d,True,True,31,False
fundingRate,LINKUSDT,2022-10,https://data.binance.vision/data/futures/um/monthly/fundingRate/LINKUSDT/LINKUSDT-fundingRate-2022-10.zip,941,b4c87a4f656657bfa70d93fb49ed7337b6b39b886ed5c8262e4e7f0a2f8aeb82,True,True,93,False
fundingRate,DOTUSDT,2022-10,https://data.binance.vision/data/futures/um/monthly/fundingRate/DOTUSDT/DOTUSDT-fundingRate-2022-10.zip,1037,d7bd357f7e6cb86ae6f7cd051346458712dd42218cff216e35c0c1063a41cb23,True,True,93,False
klines,TRXUSDT,2022-10,https://data.binance.vision/data/futures/um/monthly/klines/TRXUSDT/1d/TRXUSDT-1d-2022-10.zip,1892,c0f22fedae8bc27be41fc77cba8b0da56ff419e486147aff9287aa8d2694c038,True,True,31,False
fundingRate,DOGEUSDT,2022-10,https://data.binance.vision/data/futures/um/monthly/fundingRate/DOGEUSDT/DOGEUSDT-fundingRate-2022-10.zip,882,ca1d8d2818fa7850ed7c511a6a04269b984c4a7e7ba8ff882e8999a028e430f4,True,True,93,False
klines,DOTUSDT,2022-10,https://data.binance.vision/data/futures/um/monthly/klines/DOTUSDT/1d/DOTUSDT-1d-2022-10.zip,1869,1241cae3f12d5d612de63ab4bb709fd37072ed23d701e307e0e7f7b94cfa41e7,True,True,31,False
klines,SOLUSDT,2022-10,https://data.binance.vision/data/futures/um/monthly/klines/SOLUSDT/1d/SOLUSDT-1d-2022-10.zip,1781,3ce57cd2c35103f332cc47ef81dcd957bd5a0230dc8d202cfdce06c59912979f,True,True,31,False
fundingRate,TRXUSDT,2022-10,https://data.binance.vision/data/futures/um/monthly/fundingRate/TRXUSDT/TRXUSDT-fundingRate-2022-10.zip,1010,3fe60976c86ac8f486a5886ebf3348ce5acd9b1f58e3ee864027a0d521cde6e4,True,True,93,False
klines,BTCUSDT,2022-11,https://data.binance.vision/data/futures/um/monthly/klines/BTCUSDT/1d/BTCUSDT-1d-2022-11.zip,2067,62f762325984c36ab67cb12112a329b935dd8a646198bc0d44700b1553e9cfe1,True,True,30,False
fundingRate,ETHUSDT,2022-11,https://data.binance.vision/data/futures/um/monthly/fundingRate/ETHUSDT/ETHUSDT-fundingRate-2022-11.zip,987,4f4e52f176f69e99353959d287874a4d4a135b5bb4ea85514dd5a3e65958b2d7,True,True,90,False
fundingRate,BTCUSDT,2022-11,https://data.binance.vision/data/futures/um/monthly/fundingRate/BTCUSDT/BTCUSDT-fundingRate-2022-11.zip,1000,8febe5bec1a029e993bbf27490761f8c47c32849bf7dd13441b2b2f6ec1ffb51,True,True,90,False
klines,ETHUSDT,2022-11,https://data.binance.vision/data/futures/um/monthly/klines/ETHUSDT/1d/ETHUSDT-1d-2022-11.zip,2101,f95a3203f726f6dde1caeb5ed1bd2cab4749c52b808fee48054caafc3696f62c,True,True,30,False
fundingRate,SOLUSDT,2022-10,https://data.binance.vision/data/futures/um/monthly/fundingRate/SOLUSDT/SOLUSDT-fundingRate-2022-10.zip,977,d0436ed57e674ae3c00eeff3aa46f6e65c596892b80e5b6e8183d487c6ef3168,True,True,93,False
fundingRate,XRPUSDT,2022-11,https://data.binance.vision/data/futures/um/monthly/fundingRate/XRPUSDT/XRPUSDT-fundingRate-2022-11.zip,976,44f32f9c6d3f66d7d0af48a56b5cd6f431c19070c9e4438784ee95df25d7dcb2,True,True,90,False
fundingRate,ADAUSDT,2022-11,https://data.binance.vision/data/futures/um/monthly/fundingRate/ADAUSDT/ADAUSDT-fundingRate-2022-11.zip,922,8432e7df74a8579db955160ffbdb8a18523b64011bdea30ddbd2e405ffc3c4c1,True,True,90,False
klines,LTCUSDT,2022-11,https://data.binance.vision/data/futures/um/monthly/klines/LTCUSDT/1d/LTCUSDT-1d-2022-11.zip,1957,b3f5326541e909605fa945687e5a1e84df5dd0efa23c8bd31c284d6fc9156780,True,True,30,False
fundingRate,BCHUSDT,2022-11,https://data.binance.vision/data/futures/um/monthly/fundingRate/BCHUSDT/BCHUSDT-fundingRate-2022-11.zip,980,ba44002f1ca98679510b2400fe6c15eac9ae2cdcdaa8b50de9e020acaa4e4b04,True,True,90,False
fundingRate,LTCUSDT,2022-11,https://data.binance.vision/data/futures/um/monthly/fundingRate/LTCUSDT/LTCUSDT-fundingRate-2022-11.zip,926,d69a874495de01254150113879601d4e1a00f4b3e0504c89e97810f6c94beba0,True,True,90,False
klines,EOSUSDT,2022-11,https://data.binance.vision/data/futures/um/monthly/klines/EOSUSDT/1d/EOSUSDT-1d-2022-11.zip,1784,147096b23b4ef4ae45320458f67f7ef1b93664367e1c6c3ffd96271a47866125,True,True,30,False
klines,BCHUSDT,2022-11,https://data.binance.vision/data/futures/um/monthly/klines/BCHUSDT/1d/BCHUSDT-1d-2022-11.zip,1913,7472f2aa856e9ad3510f9662c6f9db638018a3042ddf13a48f32ecbfa7965a6c,True,True,30,False
klines,BNBUSDT,2022-11,https://data.binance.vision/data/futures/um/monthly/klines/BNBUSDT/1d/BNBUSDT-1d-2022-11.zip,1985,5699244c7945f746a60207436f8df1a76e2db7e57a887736a0510da9558315b1,True,True,30,False
fundingRate,EOSUSDT,2022-11,https://data.binance.vision/data/futures/um/monthly/fundingRate/EOSUSDT/EOSUSDT-fundingRate-2022-11.zip,909,f53fb848b3b970598b75eef990d8681c61854830270e58c5744bf97fd746b023,True,True,90,False
klines,ADAUSDT,2022-11,https://data.binance.vision/data/futures/um/monthly/klines/ADAUSDT/1d/ADAUSDT-1d-2022-11.zip,1858,d052b40be21ee1dbca9df3448f7c35e89241e7cf3b271095857bcdeabcd6878a,True,True,30,False
fundingRate,BNBUSDT,2022-11,https://data.binance.vision/data/futures/um/monthly/fundingRate/BNBUSDT/BNBUSDT-fundingRate-2022-11.zip,920,1abb39471f3908ae91f4379500cbb24f5e7a487d004979719d19abff6f2ec2a9,True,True,90,False
klines,XRPUSDT,2022-11,https://data.binance.vision/data/futures/um/monthly/klines/XRPUSDT/1d/XRPUSDT-1d-2022-11.zip,1962,2b8d6287e5f5fdcded02ea7cd3d16ed31c9df363affb894dc2b40d9430140f3c,True,True,30,False
klines,DOGEUSDT,2022-11,https://data.binance.vision/data/futures/um/monthly/klines/DOGEUSDT/1d/DOGEUSDT-1d-2022-11.zip,2038,ac01214fa52bf91fd8459fde70e778c1ae92c1d880f0187b566e5a410f280f08,True,True,30,False
fundingRate,DOGEUSDT,2022-11,https://data.binance.vision/data/futures/um/monthly/fundingRate/DOGEUSDT/DOGEUSDT-fundingRate-2022-11.zip,934,e118ddf37bc7f2659d102595fbc6235c364621231100f57f7dd20e9e8c6ab2fd,True,True,90,False
klines,LINKUSDT,2022-11,https://data.binance.vision/data/futures/um/monthly/klines/LINKUSDT/1d/LINKUSDT-1d-2022-11.zip,1936,43cad8a66576a2a2aeb1a1ff75c89624c5a0917cebd34784a3c28500d537e533,True,True,30,False
klines,DOTUSDT,2022-11,https://data.binance.vision/data/futures/um/monthly/klines/DOTUSDT/1d/DOTUSDT-1d-2022-11.zip,1839,ee9e4cafc09e4489e230539ecaa25b0d0c28b11ebf9e67bed7ab5584e0a9c9dd,True,True,30,False
fundingRate,LINKUSDT,2022-11,https://data.binance.vision/data/futures/um/monthly/fundingRate/LINKUSDT/LINKUSDT-fundingRate-2022-11.zip,877,a3fcbc1c3811cfa1552edcf60b67c7f454a7b817805808de15d2854cacada808,True,True,90,False
fundingRate,DOTUSDT,2022-11,https://data.binance.vision/data/futures/um/monthly/fundingRate/DOTUSDT/DOTUSDT-fundingRate-2022-11.zip,1013,aff5174cec6876c69881bbc689b3d6fdd35b1f7c55ad58ae6d779347119f1fce,True,True,90,False
klines,TRXUSDT,2022-11,https://data.binance.vision/data/futures/um/monthly/klines/TRXUSDT/1d/TRXUSDT-1d-2022-11.zip,1870,ca9577aa054d8e0f683d884d2c0279e6db0dbeae8181cb3710b65662020ea689,True,True,30,False
klines,BTCUSDT,2022-12,https://data.binance.vision/data/futures/um/monthly/klines/BTCUSDT/1d/BTCUSDT-1d-2022-12.zip,2071,2f8916fa91c619ab58450ad358fba3b2349c879c5f9f029aaffba0e3acf2cbd0,True,True,31,False
klines,SOLUSDT,2022-11,https://data.binance.vision/data/futures/um/monthly/klines/SOLUSDT/1d/SOLUSDT-1d-2022-11.zip,1844,fcf21ba1c36283f43eb863185c305ff340a613f5c6f2401c5421468ad22c9014,True,True,30,False
fundingRate,BTCUSDT,2022-12,https://data.binance.vision/data/futures/um/monthly/fundingRate/BTCUSDT/BTCUSDT-fundingRate-2022-12.zip,982,4218c78331bcc4dbeb5768fa112242a880971c1f2cfd1d3f32aaa26ca34069af,True,True,93,False
fundingRate,SOLUSDT,2022-11,https://data.binance.vision/data/futures/um/monthly/fundingRate/SOLUSDT/SOLUSDT-fundingRate-2022-11.zip,1620,73fbada102584d8e19cb9594f04471f589ff37404b0cf64c0bd7cb4ac4d4a157,True,True,165,False
fundingRate,ETHUSDT,2022-12,https://data.binance.vision/data/futures/um/monthly/fundingRate/ETHUSDT/ETHUSDT-fundingRate-2022-12.zip,964,8cd0e885d63b85ee602d80eaae956f9ee3e0e25db264eb5c74026a9ae0d71f4e,True,True,93,False
fundingRate,TRXUSDT,2022-11,https://data.binance.vision/data/futures/um/monthly/fundingRate/TRXUSDT/TRXUSDT-fundingRate-2022-11.zip,1007,9c43f9cf7ba9feea8e1f408ec2c95e75f9dff1410a9a0ca949a1e09affc6d58a,True,True,90,False
klines,BNBUSDT,2022-12,https://data.binance.vision/data/futures/um/monthly/klines/BNBUSDT/1d/BNBUSDT-1d-2022-12.zip,2000,5d781246b43e7a1aa77eda7fe4b166d08dc6ddfe29f5e984c76d3d517b5c9cea,True,True,31,False
klines,ADAUSDT,2022-12,https://data.binance.vision/data/futures/um/monthly/klines/ADAUSDT/1d/ADAUSDT-1d-2022-12.zip,1864,3772fb7d7f7a839ce95a59a221e40ea88067e9a2ccacd5b26b37c7f10c8307df,True,True,31,False
fundingRate,BNBUSDT,2022-12,https://data.binance.vision/data/futures/um/monthly/fundingRate/BNBUSDT/BNBUSDT-fundingRate-2022-12.zip,886,3291256d57eef23bcd663a547e537e762ee54d54b8959a983e6bc4738fe7ef4b,True,True,93,False
fundingRate,XRPUSDT,2022-12,https://data.binance.vision/data/futures/um/monthly/fundingRate/XRPUSDT/XRPUSDT-fundingRate-2022-12.zip,1023,4c17c8aa8c7b64d2acf1ecfdbdc5ff0c2a69d918f44a1040f530be3fbec74e6b,True,True,93,False
klines,XRPUSDT,2022-12,https://data.binance.vision/data/futures/um/monthly/klines/XRPUSDT/1d/XRPUSDT-1d-2022-12.zip,1976,4337180ec58ef5121fc1bae218641f625c6976dcc5c41c1e1a74920b24cd9fb2,True,True,31,False
klines,ETHUSDT,2022-12,https://data.binance.vision/data/futures/um/monthly/klines/ETHUSDT/1d/ETHUSDT-1d-2022-12.zip,2128,3edd3c381d1ee51d4c58921645c12d2a5862910f5294c5703055b116ed33481f,True,True,31,False
fundingRate,ADAUSDT,2022-12,https://data.binance.vision/data/futures/um/monthly/fundingRate/ADAUSDT/ADAUSDT-fundingRate-2022-12.zip,968,f7d24b7047e6840f91f54500733079f4f20eba22cdb67f79b43b0a34e37dd638,True,True,93,False
fundingRate,LTCUSDT,2022-12,https://data.binance.vision/data/futures/um/monthly/fundingRate/LTCUSDT/LTCUSDT-fundingRate-2022-12.zip,988,c3722f5ecba3f3435fd61c65786a7e80c84caf3bbde83781c97cc008966facbe,True,True,93,False
klines,BCHUSDT,2022-12,https://data.binance.vision/data/futures/um/monthly/klines/BCHUSDT/1d/BCHUSDT-1d-2022-12.zip,1938,0d0808cc8f5c596d9cc5f683d9ac046d917ab9d7ff83da3dae5778e11cf14509,True,True,31,False
fundingRate,BCHUSDT,2022-12,https://data.binance.vision/data/futures/um/monthly/fundingRate/BCHUSDT/BCHUSDT-fundingRate-2022-12.zip,1046,03438f5666f8bc397791c608b2d40f7f31d0b6eb91d57ac4ad7881d70dc5a3a4,True,True,93,False
klines,LTCUSDT,2022-12,https://data.binance.vision/data/futures/um/monthly/klines/LTCUSDT/1d/LTCUSDT-1d-2022-12.zip,1989,0e080f78e2eba3e87d07bd7695eaefc30606045f9a0bd4d06c4825e776ea765b,True,True,31,False
fundingRate,EOSUSDT,2022-12,https://data.binance.vision/data/futures/um/monthly/fundingRate/EOSUSDT/EOSUSDT-fundingRate-2022-12.zip,881,0bd40e839d83acff2db93e7b7599b8b1edc73269ed7c5d12830fd64c498fac78,True,True,93,False
klines,DOGEUSDT,2022-12,https://data.binance.vision/data/futures/um/monthly/klines/DOGEUSDT/1d/DOGEUSDT-1d-2022-12.zip,2061,81cd2b4e3e757ac0f8f5bc288cb4380bbcd3d23a676fdf3dee343b522569d4bf,True,True,31,False
klines,LINKUSDT,2022-12,https://data.binance.vision/data/futures/um/monthly/klines/LINKUSDT/1d/LINKUSDT-1d-2022-12.zip,1972,ac18c466d2cbc25b10bc2e767a9b6e0ee67e910a89e81060011506045de75faf,True,True,31,False
klines,DOTUSDT,2022-12,https://data.binance.vision/data/futures/um/monthly/klines/DOTUSDT/1d/DOTUSDT-1d-2022-12.zip,1858,6d75daf7c73a9fe8408bc528ec77570215545a25c79151d303f3400568868048,True,True,31,False
fundingRate,LINKUSDT,2022-12,https://data.binance.vision/data/futures/um/monthly/fundingRate/LINKUSDT/LINKUSDT-fundingRate-2022-12.zip,942,e290f7de6dbd20f1004913b566339e942e2e5ca7f7a31880d872eab70818e6ef,True,True,93,False
fundingRate,DOGEUSDT,2022-12,https://data.binance.vision/data/futures/um/monthly/fundingRate/DOGEUSDT/DOGEUSDT-fundingRate-2022-12.zip,994,c5d07f43864d7ca5fe3dbc84ab9dd1c824932fcf4750ef401f27eb2a46fb555b,True,True,93,False
fundingRate,DOTUSDT,2022-12,https://data.binance.vision/data/futures/um/monthly/fundingRate/DOTUSDT/DOTUSDT-fundingRate-2022-12.zip,994,64a93d3299b70d5bb1c459bd1c53d0ffa34c33174db9f924aa0b8f34b924a15d,True,True,93,False
klines,EOSUSDT,2022-12,https://data.binance.vision/data/futures/um/monthly/klines/EOSUSDT/1d/EOSUSDT-1d-2022-12.zip,1833,a87ababdcfe9e04d58dc806c8299a6d3f19547105d74be446f1c8175b802b178,True,True,31,False
klines,TRXUSDT,2022-12,https://data.binance.vision/data/futures/um/monthly/klines/TRXUSDT/1d/TRXUSDT-1d-2022-12.zip,1871,d7db2c82bb65d82e681eeddd09005250e384d1ea03e94163ef2199ba7e65226b,True,True,31,False
klines,SOLUSDT,2022-12,https://data.binance.vision/data/futures/um/monthly/klines/SOLUSDT/1d/SOLUSDT-1d-2022-12.zip,1839,c6a3047de97783dd1e7202ba4fc9922325681bfa29b7c031c33d43e5baf2de82,True,True,31,False
klines,BTCUSDT,2023-01,https://data.binance.vision/data/futures/um/monthly/klines/BTCUSDT/1d/BTCUSDT-1d-2023-01.zip,2133,3de9bef6b4cc6efcd32e4620aff1f27921432003184ca65f43cb03f943b085a1,True,True,31,False
fundingRate,BTCUSDT,2023-01,https://data.binance.vision/data/futures/um/monthly/fundingRate/BTCUSDT/BTCUSDT-fundingRate-2023-01.zip,863,05e3df32f28d0d50f4c5a280adee9368b4a66fc68c6ddca1b3277087ac0d19f5,True,True,93,False
fundingRate,ETHUSDT,2023-01,https://data.binance.vision/data/futures/um/monthly/fundingRate/ETHUSDT/ETHUSDT-fundingRate-2023-01.zip,819,5647d5978092d220eb14e11c7854d86815d0eb6204197e37b4808cc599e986f3,True,True,93,False
klines,ETHUSDT,2023-01,https://data.binance.vision/data/futures/um/monthly/klines/ETHUSDT/1d/ETHUSDT-1d-2023-01.zip,2115,3d3fcbf5ffbca73de14355c7214252d0a7b5e36a504f51635c2cfd6c276c13ee,True,True,31,False
fundingRate,TRXUSDT,2022-12,https://data.binance.vision/data/futures/um/monthly/fundingRate/TRXUSDT/TRXUSDT-fundingRate-2022-12.zip,1033,b183ef0f56f39820966ba201168db776a044a58f9223b6c75a900ae275e4b8dd,True,True,93,False
fundingRate,BNBUSDT,2023-01,https://data.binance.vision/data/futures/um/monthly/fundingRate/BNBUSDT/BNBUSDT-fundingRate-2023-01.zip,882,57926f802a5d97b17bb08f10539bf10e86bdb55caa1efed7b1e485ec0e4a3a27,True,True,93,False
fundingRate,SOLUSDT,2022-12,https://data.binance.vision/data/futures/um/monthly/fundingRate/SOLUSDT/SOLUSDT-fundingRate-2022-12.zip,1015,b9b8d803d985679959d21a55d08b14db331cf961442f8446eb18d723ea154567,True,True,93,False
klines,XRPUSDT,2023-01,https://data.binance.vision/data/futures/um/monthly/klines/XRPUSDT/1d/XRPUSDT-1d-2023-01.zip,2014,64a5b7bb1c11f0eb4d60c7faf7bc5afed60a0151fead297cd7ddf1f6c3e670ba,True,True,31,False
fundingRate,XRPUSDT,2023-01,https://data.binance.vision/data/futures/um/monthly/fundingRate/XRPUSDT/XRPUSDT-fundingRate-2023-01.zip,805,d5a60c79d144e9157ccd211c4230fb64fdd210dd34cb22e7660e41531f66a5e9,True,True,93,False
klines,ADAUSDT,2023-01,https://data.binance.vision/data/futures/um/monthly/klines/ADAUSDT/1d/ADAUSDT-1d-2023-01.zip,1926,90a30ca056dd2eb2431a45e33936a8ea59d50c5d23b4885bdd779f5f4d84d99b,True,True,31,False
fundingRate,ADAUSDT,2023-01,https://data.binance.vision/data/futures/um/monthly/fundingRate/ADAUSDT/ADAUSDT-fundingRate-2023-01.zip,822,0f15aefda466406c18b88a653e5dccf1916bbfb3be6accc5196a0289237e0c85,True,True,93,False
klines,BNBUSDT,2023-01,https://data.binance.vision/data/futures/um/monthly/klines/BNBUSDT/1d/BNBUSDT-1d-2023-01.zip,2001,7d90a8bec3408221fc16ad231b6c866f1a60bedf0eaa27d94f836a9f552c64d8,True,True,31,False
fundingRate,LTCUSDT,2023-01,https://data.binance.vision/data/futures/um/monthly/fundingRate/LTCUSDT/LTCUSDT-fundingRate-2023-01.zip,800,7179e28e19f5b8e7b3753947740d93a135a0856bef0f3bd98298f2b3002453f0,True,True,93,False
klines,LTCUSDT,2023-01,https://data.binance.vision/data/futures/um/monthly/klines/LTCUSDT/1d/LTCUSDT-1d-2023-01.zip,1990,9886d75a745bab571da920ff661031c34f45ee525b45e6540bc770ad0e26f897,True,True,31,False
klines,BCHUSDT,2023-01,https://data.binance.vision/data/futures/um/monthly/klines/BCHUSDT/1d/BCHUSDT-1d-2023-01.zip,1965,5b46c7f42917f7cf823c6471f00e210c6f53e84a5c38b541609da75361fab522,True,True,31,False
fundingRate,BCHUSDT,2023-01,https://data.binance.vision/data/futures/um/monthly/fundingRate/BCHUSDT/BCHUSDT-fundingRate-2023-01.zip,956,e3cd931a6340aefae356e7b33d7bcb6e88538b41101b6ccd98ba03c36a2df962,True,True,93,False
klines,EOSUSDT,2023-01,https://data.binance.vision/data/futures/um/monthly/klines/EOSUSDT/1d/EOSUSDT-1d-2023-01.zip,1847,b806f4338eec4dd11d1468c58f642e574b05f94157497342019442308e72cb5f,True,True,31,False
fundingRate,EOSUSDT,2023-01,https://data.binance.vision/data/futures/um/monthly/fundingRate/EOSUSDT/EOSUSDT-fundingRate-2023-01.zip,750,5f5fb0162b8457c3fc41a9e1afbc8bd4d9b4c466ee8a04040de2a49aa0766d74,True,True,93,False
klines,DOGEUSDT,2023-01,https://data.binance.vision/data/futures/um/monthly/klines/DOGEUSDT/1d/DOGEUSDT-1d-2023-01.zip,2031,29e333fb74ddf4d67b58fe27a7081584bd98f6c59d8ac07cb5e12f7f2ce48a43,True,True,31,False
fundingRate,DOGEUSDT,2023-01,https://data.binance.vision/data/futures/um/monthly/fundingRate/DOGEUSDT/DOGEUSDT-fundingRate-2023-01.zip,808,49e9a7828c95398a332abecf1747724a951f012fcf2ab22b36e9a3281f8d3a49,True,True,93,False
klines,LINKUSDT,2023-01,https://data.binance.vision/data/futures/um/monthly/klines/LINKUSDT/1d/LINKUSDT-1d-2023-01.zip,1976,499c36fd99adf6f1e98b0ddecd22dda1d680c665f27a1b02ac0580b08a7350f3,True,True,31,False
fundingRate,LINKUSDT,2023-01,https://data.binance.vision/data/futures/um/monthly/fundingRate/LINKUSDT/LINKUSDT-fundingRate-2023-01.zip,806,ce4a65fab0992afc691a555f0d7071beff7108704c281171f0fa2543491e9484,True,True,93,False
klines,DOTUSDT,2023-01,https://data.binance.vision/data/futures/um/monthly/klines/DOTUSDT/1d/DOTUSDT-1d-2023-01.zip,1879,75175f3a43953ea055d047311f2d7ce89c34b616847e03188816ae913b4fb2fb,True,True,31,False
fundingRate,DOTUSDT,2023-01,https://data.binance.vision/data/futures/um/monthly/fundingRate/DOTUSDT/DOTUSDT-fundingRate-2023-01.zip,899,daf6986e3669fcea3cca406ef72751ef3b25d25d2a5a029a23397a398d78d133,True,True,93,False
klines,TRXUSDT,2023-01,https://data.binance.vision/data/futures/um/monthly/klines/TRXUSDT/1d/TRXUSDT-1d-2023-01.zip,1923,3701bd0d9cf84ab0173c6260ae77d4f4b15aef4e10651628b58ef65219e8aaa4,True,True,31,False
fundingRate,TRXUSDT,2023-01,https://data.binance.vision/data/futures/um/monthly/fundingRate/TRXUSDT/TRXUSDT-fundingRate-2023-01.zip,934,a0317828b3beb89d36dbbd3cc813a69d56009a810c8b9ac1c5bcce0b807e233c,True,True,93,False
klines,BTCUSDT,2023-02,https://data.binance.vision/data/futures/um/monthly/klines/BTCUSDT/1d/BTCUSDT-1d-2023-02.zip,1954,c2567987f8ceaa7fbaf9b5889eb7052d858e7e33707aa1e353a8c777111cee4a,True,True,28,False
fundingRate,BTCUSDT,2023-02,https://data.binance.vision/data/futures/um/monthly/fundingRate/BTCUSDT/BTCUSDT-fundingRate-2023-02.zip,808,5227accd9aaa59f71f5e682abffb58be5f99573ed208ab968b1704c81ac11345,True,True,84,False
fundingRate,ETHUSDT,2023-02,https://data.binance.vision/data/futures/um/monthly/fundingRate/ETHUSDT/ETHUSDT-fundingRate-2023-02.zip,821,7da37820c15fb08600ae668551d0b724326b8f71d761582990721059280a221b,True,True,84,False
klines,BNBUSDT,2023-02,https://data.binance.vision/data/futures/um/monthly/klines/BNBUSDT/1d/BNBUSDT-1d-2023-02.zip,1842,393ed752cf9d8dc80ea5bd8f04a0d4d2d3325e9bf3d823740bb4d4d401bfa702,True,True,28,False
fundingRate,XRPUSDT,2023-02,https://data.binance.vision/data/futures/um/monthly/fundingRate/XRPUSDT/XRPUSDT-fundingRate-2023-02.zip,782,a8e7674eb3bd141d27787af892832896d609881764582f86c724b2a8d88fec50,True,True,84,False
klines,SOLUSDT,2023-01,https://data.binance.vision/data/futures/um/monthly/klines/SOLUSDT/1d/SOLUSDT-1d-2023-01.zip,1905,10d1fe109d45c9d0b4d7e36b6b08cd5652182637a746bbac0345d145a988759b,True,True,31,False
fundingRate,SOLUSDT,2023-01,https://data.binance.vision/data/futures/um/monthly/fundingRate/SOLUSDT/SOLUSDT-fundingRate-2023-01.zip,910,12a401fc459341834a0d3c2f207d55e7aced058b62838f296028885ee2e52612,True,True,93,False
klines,ADAUSDT,2023-02,https://data.binance.vision/data/futures/um/monthly/klines/ADAUSDT/1d/ADAUSDT-1d-2023-02.zip,1745,ec5dfbfa257b0efd5d14d94999b37890bf807af69d47832527ef3ab74037d23d,True,True,28,False
klines,ETHUSDT,2023-02,https://data.binance.vision/data/futures/um/monthly/klines/ETHUSDT/1d/ETHUSDT-1d-2023-02.zip,1966,11d6ed63254c4134a4951e765bd8b136c3c5424fe8868bb50fb0f398ca96b998,True,True,28,False
fundingRate,BNBUSDT,2023-02,https://data.binance.vision/data/futures/um/monthly/fundingRate/BNBUSDT/BNBUSDT-fundingRate-2023-02.zip,854,f5e3ce986788bef656363c2741e8f515f93e409c61e9b335bc714e528f4f8609,True,True,84,False
klines,XRPUSDT,2023-02,https://data.binance.vision/data/futures/um/monthly/klines/XRPUSDT/1d/XRPUSDT-1d-2023-02.zip,1820,078fd8e7fba2677d00960c2e65f163858255f567ea998084419e496ff19425cd,True,True,28,False
klines,LTCUSDT,2023-02,https://data.binance.vision/data/futures/um/monthly/klines/LTCUSDT/1d/LTCUSDT-1d-2023-02.zip,1827,b5299562cb9387d58399a42d799e16628b938201adb618bd7c4956e2abc8376d,True,True,28,False
fundingRate,LTCUSDT,2023-02,https://data.binance.vision/data/futures/um/monthly/fundingRate/LTCUSDT/LTCUSDT-fundingRate-2023-02.zip,753,8bdd9933b77f5735b166d3f509117e952696322d257242876b00e2e69f745bc4,True,True,84,False
klines,EOSUSDT,2023-02,https://data.binance.vision/data/futures/um/monthly/klines/EOSUSDT/1d/EOSUSDT-1d-2023-02.zip,1702,f12b22c8850627db58f5054c95c6c10ccc9b5dfcdd2f1e4316df30ac4c29f516,True,True,28,False
fundingRate,EOSUSDT,2023-02,https://data.binance.vision/data/futures/um/monthly/fundingRate/EOSUSDT/EOSUSDT-fundingRate-2023-02.zip,719,f53ccd127f154006c6dcb4409d212b1f712b8260a903cc849eed883c43247ffe,True,True,84,False
fundingRate,DOGEUSDT,2023-02,https://data.binance.vision/data/futures/um/monthly/fundingRate/DOGEUSDT/DOGEUSDT-fundingRate-2023-02.zip,817,09f036da9f150499af7f053e8a3679baeab3b1dd24cf9d655659bd809680a701,True,True,84,False
klines,BCHUSDT,2023-02,https://data.binance.vision/data/futures/um/monthly/klines/BCHUSDT/1d/BCHUSDT-1d-2023-02.zip,1809,fa6c8ce8175300fdb0d0b91ce7ab159dbaa4ada480107a77affa1ed4bf6fde13,True,True,28,False
klines,DOGEUSDT,2023-02,https://data.binance.vision/data/futures/um/monthly/klines/DOGEUSDT/1d/DOGEUSDT-1d-2023-02.zip,1863,3a3fb84d80db22219a49b63b8fcf233907cef2dbab2cf2455ff114933e379920,True,True,28,False
fundingRate,BCHUSDT,2023-02,https://data.binance.vision/data/futures/um/monthly/fundingRate/BCHUSDT/BCHUSDT-fundingRate-2023-02.zip,951,4366a97444b5948e64606028516a1fa9f2134ed78e50e7a1ef7501b2f98733da,True,True,84,False
klines,LINKUSDT,2023-02,https://data.binance.vision/data/futures/um/monthly/klines/LINKUSDT/1d/LINKUSDT-1d-2023-02.zip,1797,099867ee6fbce60f0a900711e4e72a29e32efb93a69852bdcb64c3404c2914a5,True,True,28,False
fundingRate,LINKUSDT,2023-02,https://data.binance.vision/data/futures/um/monthly/fundingRate/LINKUSDT/LINKUSDT-fundingRate-2023-02.zip,741,877493f77949b9e40cceea41796155a72a1a454d15f360f25590ec3a62d7c599,True,True,84,False
fundingRate,ADAUSDT,2023-02,https://data.binance.vision/data/futures/um/monthly/fundingRate/ADAUSDT/ADAUSDT-fundingRate-2023-02.zip,777,618ff4e73258d603b2b1215dccb3835834fbce33731c51d4e194c011641689bf,True,True,84,False
fundingRate,DOTUSDT,2023-02,https://data.binance.vision/data/futures/um/monthly/fundingRate/DOTUSDT/DOTUSDT-fundingRate-2023-02.zip,854,0dcf3c70f2a781c6b8f325f4a523e4fda651ebc18595a0ef20ea72d87a074f8d,True,True,84,False
klines,TRXUSDT,2023-02,https://data.binance.vision/data/futures/um/monthly/klines/TRXUSDT/1d/TRXUSDT-1d-2023-02.zip,1744,44cb3adcae4c104d5096570f430294bbe4cd8a06f15c5e5adbd3d8ee9a754ce9,True,True,28,False
fundingRate,TRXUSDT,2023-02,https://data.binance.vision/data/futures/um/monthly/fundingRate/TRXUSDT/TRXUSDT-fundingRate-2023-02.zip,816,396c4ef657c0f36f31af21ab571969da360c388f1af2d00313863a6c3c8bed70,True,True,84,False
klines,SOLUSDT,2023-02,https://data.binance.vision/data/futures/um/monthly/klines/SOLUSDT/1d/SOLUSDT-1d-2023-02.zip,1734,a7d003a503fb0dd1534e579fa0d8a481da37b28049dd5c839c86105dc66d0866,True,True,28,False
klines,DOTUSDT,2023-02,https://data.binance.vision/data/futures/um/monthly/klines/DOTUSDT/1d/DOTUSDT-1d-2023-02.zip,1741,f8d4ebfbea89890c72833d767014c271e0f0a91ef907ed13ef5da55763eaadb1,True,True,28,False
fundingRate,SOLUSDT,2023-02,https://data.binance.vision/data/futures/um/monthly/fundingRate/SOLUSDT/SOLUSDT-fundingRate-2023-02.zip,859,1173c36ad296e152ed9f954ce49fd65b7ffd8a03f270906a1e816fdbb7929f57,True,True,84,False
klines,ETHUSDT,2023-03,https://data.binance.vision/data/futures/um/monthly/klines/ETHUSDT/1d/ETHUSDT-1d-2023-03.zip,2147,e52713b6f21b7da1f9208b44b4917a4bf06baff3501b18e6e95ce3ca0abc60e7,True,True,31,False
fundingRate,BTCUSDT,2023-03,https://data.binance.vision/data/futures/um/monthly/fundingRate/BTCUSDT/BTCUSDT-fundingRate-2023-03.zip,956,ab022adff9b853d2f33cf80154e77c770f57c3392f0bbc36564b2e2cdbd0e872,True,True,93,False
klines,BNBUSDT,2023-03,https://data.binance.vision/data/futures/um/monthly/klines/BNBUSDT/1d/BNBUSDT-1d-2023-03.zip,2004,9aab322a8bd7c72244a9cad6f04b9089ac030fcd8cfc845b665201c2c2d917d6,True,True,31,False
fundingRate,BNBUSDT,2023-03,https://data.binance.vision/data/futures/um/monthly/fundingRate/BNBUSDT/BNBUSDT-fundingRate-2023-03.zip,986,0309e5d4202275f5657b2d5a400c77618f51090962e2945ab2305820f8fbf239,True,True,93,False
klines,XRPUSDT,2023-03,https://data.binance.vision/data/futures/um/monthly/klines/XRPUSDT/1d/XRPUSDT-1d-2023-03.zip,2027,968e8d812db69669c999a0d8f57978c2e7fb6ac2c60b77bed3cc0f0651ef90b1,True,True,31,False
klines,ADAUSDT,2023-03,https://data.binance.vision/data/futures/um/monthly/klines/ADAUSDT/1d/ADAUSDT-1d-2023-03.zip,1915,6e323d1324feb8c4e95d8ac358e7f1874fb1e7121d55bbe964a3670b6199a1bd,True,True,31,False
fundingRate,ADAUSDT,2023-03,https://data.binance.vision/data/futures/um/monthly/fundingRate/ADAUSDT/ADAUSDT-fundingRate-2023-03.zip,925,f2f97cad940c730d5576da7954af9b944240e451e54b1163058eb9f2c445f4fc,True,True,93,False
klines,BTCUSDT,2023-03,https://data.binance.vision/data/futures/um/monthly/klines/BTCUSDT/1d/BTCUSDT-1d-2023-03.zip,2158,73c38a0c2ca448fe651c9242f62835d5fc2b3392d9b3878974cf469c6a9f147b,True,True,31,False
klines,LTCUSDT,2023-03,https://data.binance.vision/data/futures/um/monthly/klines/LTCUSDT/1d/LTCUSDT-1d-2023-03.zip,2007,4912208e7dd27740701c3d472f076428854d078b9ff4751235ca8dc56683d5d1,True,True,31,False
fundingRate,ETHUSDT,2023-03,https://data.binance.vision/data/futures/um/monthly/fundingRate/ETHUSDT/ETHUSDT-fundingRate-2023-03.zip,963,5110b60cbbc5f26048ce02575c26444ea2ed497baed9a5609e118359e1ca3b51,True,True,93,False
fundingRate,LTCUSDT,2023-03,https://data.binance.vision/data/futures/um/monthly/fundingRate/LTCUSDT/LTCUSDT-fundingRate-2023-03.zip,903,c043aa59c696045eced0564c0bfffc4fe22901239daf1a5dcb26759f908d4d9c,True,True,93,False
fundingRate,XRPUSDT,2023-03,https://data.binance.vision/data/futures/um/monthly/fundingRate/XRPUSDT/XRPUSDT-fundingRate-2023-03.zip,906,198eed85733a3e9e6baa935b853aac7dcfa27c550a4ec43f6b862d02cea79d0b,True,True,93,False
fundingRate,BCHUSDT,2023-03,https://data.binance.vision/data/futures/um/monthly/fundingRate/BCHUSDT/BCHUSDT-fundingRate-2023-03.zip,1044,dd606e5f263136257588bb8c7eebb1c7d3c4703474a072e6b9b7a92739b280f1,True,True,93,False
klines,EOSUSDT,2023-03,https://data.binance.vision/data/futures/um/monthly/klines/EOSUSDT/1d/EOSUSDT-1d-2023-03.zip,1883,9bc2f3bf7e2bfe5a36af30db8647220ac11b03ed345eb11936e91ac8f91d5079,True,True,31,False
klines,DOGEUSDT,2023-03,https://data.binance.vision/data/futures/um/monthly/klines/DOGEUSDT/1d/DOGEUSDT-1d-2023-03.zip,2018,c7afcb6c9961e5edbe652cc405e1bfd9629371e6324028b4c2844b7ff37b1bd4,True,True,31,False
klines,BCHUSDT,2023-03,https://data.binance.vision/data/futures/um/monthly/klines/BCHUSDT/1d/BCHUSDT-1d-2023-03.zip,1967,e6217426d6554eb0f3d694023c1ac1c1f37fbd52d9e779392840b5f621c06367,True,True,31,False
klines,LINKUSDT,2023-03,https://data.binance.vision/data/futures/um/monthly/klines/LINKUSDT/1d/LINKUSDT-1d-2023-03.zip,1980,cc03d6319da7f1b0adda3684b9770596cdab90a5dfb89a040896f973a84d1ec3,True,True,31,False
klines,DOTUSDT,2023-03,https://data.binance.vision/data/futures/um/monthly/klines/DOTUSDT/1d/DOTUSDT-1d-2023-03.zip,1884,bf5bdbdc99db976df4225f853ec1c9ab1d4dd9bc383065cddb59e7a3e71f17d3,True,True,31,False
klines,TRXUSDT,2023-03,https://data.binance.vision/data/futures/um/monthly/klines/TRXUSDT/1d/TRXUSDT-1d-2023-03.zip,1910,a56e0227f344ccb8fcd2dc45ed57dac41974eea233105f97d33d317e0b70c842,True,True,31,False
fundingRate,TRXUSDT,2023-03,https://data.binance.vision/data/futures/um/monthly/fundingRate/TRXUSDT/TRXUSDT-fundingRate-2023-03.zip,1034,66b07f3ee27930251576208c27eacffc4362a223fa4c90640a37a181c3d3abb6,True,True,93,False
fundingRate,EOSUSDT,2023-03,https://data.binance.vision/data/futures/um/monthly/fundingRate/EOSUSDT/EOSUSDT-fundingRate-2023-03.zip,810,4d1f90423053645a47f2b30570faf9a47e31e53f9137d94d1021229d57d5fcd4,True,True,93,False
fundingRate,SOLUSDT,2023-03,https://data.binance.vision/data/futures/um/monthly/fundingRate/SOLUSDT/SOLUSDT-fundingRate-2023-03.zip,941,6a950dfbe4e75ce7e28a174d1432fed82fe08964053c618bec2be70f83ae6b61,True,True,93,False
fundingRate,DOGEUSDT,2023-03,https://data.binance.vision/data/futures/um/monthly/fundingRate/DOGEUSDT/DOGEUSDT-fundingRate-2023-03.zip,877,abde9a1d13799b4a412670cc0fba59fb283a5f1be8475bf1ab608dc0bd2707f4,True,True,93,False
klines,BTCUSDT,2023-04,https://data.binance.vision/data/futures/um/monthly/klines/BTCUSDT/1d/BTCUSDT-1d-2023-04.zip,2075,7af72bedeca7eb147f40c909c5085c30bf5003c033e680b94efca0240f8486bf,True,True,30,False
fundingRate,LINKUSDT,2023-03,https://data.binance.vision/data/futures/um/monthly/fundingRate/LINKUSDT/LINKUSDT-fundingRate-2023-03.zip,884,79b93a5cd8f7ae4a6708efd994fe2175a5ec05c472ced564197624c868ebf637,True,True,93,False
fundingRate,BTCUSDT,2023-04,https://data.binance.vision/data/futures/um/monthly/fundingRate/BTCUSDT/BTCUSDT-fundingRate-2023-04.zip,952,2931039d26818edc65d4faefba84945fd1ba52989dd58fb127dc3cd7a12c7fbf,True,True,90,False
klines,ETHUSDT,2023-04,https://data.binance.vision/data/futures/um/monthly/klines/ETHUSDT/1d/ETHUSDT-1d-2023-04.zip,2084,62dba6202277441943d2e7e0dd5c80c0366d6f20a528fbe870e1900d6dc583ea,True,True,30,False
klines,SOLUSDT,2023-03,https://data.binance.vision/data/futures/um/monthly/klines/SOLUSDT/1d/SOLUSDT-1d-2023-03.zip,1898,100fbd533c7f2b391de5d8f81da11bc64b08d230c1f85406956b7205907f7589,True,True,31,False
fundingRate,ETHUSDT,2023-04,https://data.binance.vision/data/futures/um/monthly/fundingRate/ETHUSDT/ETHUSDT-fundingRate-2023-04.zip,945,fa3a3cf7c3b8285687ae8c8014eed8bc58ad3ceb33ccb62ff4298048213c0e6c,True,True,90,False
fundingRate,BNBUSDT,2023-04,https://data.binance.vision/data/futures/um/monthly/fundingRate/BNBUSDT/BNBUSDT-fundingRate-2023-04.zip,944,7bbc666c3748ff43b5042acc77f9b158344d6b1e11f93c7de0c36c83affd7066,True,True,90,False
fundingRate,DOTUSDT,2023-03,https://data.binance.vision/data/futures/um/monthly/fundingRate/DOTUSDT/DOTUSDT-fundingRate-2023-03.zip,956,cd9c8d94f18c9780b9152ddf6ac26ab1147981190b704e912958ebbb97572e4e,True,True,93,False
klines,XRPUSDT,2023-04,https://data.binance.vision/data/futures/um/monthly/klines/XRPUSDT/1d/XRPUSDT-1d-2023-04.zip,1959,d0b36783950aa78da4a70ad3667a5a7f9e86a2e8bf7f9c01b1baccc2a03cdf37,True,True,30,False
klines,ADAUSDT,2023-04,https://data.binance.vision/data/futures/um/monthly/klines/ADAUSDT/1d/ADAUSDT-1d-2023-04.zip,1853,cf33d502279b0a70f6a85fddbb5dd65126d9226e61c6c16ea3cb97f8f291d12f,True,True,30,False
fundingRate,ADAUSDT,2023-04,https://data.binance.vision/data/futures/um/monthly/fundingRate/ADAUSDT/ADAUSDT-fundingRate-2023-04.zip,860,6adf0981c8ed8eae67abe6834c2360ac7ee83fbb575c35735978489db443effd,True,True,90,False
klines,BNBUSDT,2023-04,https://data.binance.vision/data/futures/um/monthly/klines/BNBUSDT/1d/BNBUSDT-1d-2023-04.zip,1920,b932afb360be47ff19b1df93de640ac0ff254ec576520575015b6f8cb2ed1876,True,True,30,False
klines,LTCUSDT,2023-04,https://data.binance.vision/data/futures/um/monthly/klines/LTCUSDT/1d/LTCUSDT-1d-2023-04.zip,1938,019a0dd4d186d1c940d6dcd920b167a289b24157a890b42fe71421aa168289b5,True,True,30,False
klines,BCHUSDT,2023-04,https://data.binance.vision/data/futures/um/monthly/klines/BCHUSDT/1d/BCHUSDT-1d-2023-04.zip,1896,db38f2677712ef38cbedf2fbebf2ef874d8b8764324ef865b4c2d3e2ca9b3866,True,True,30,False
fundingRate,LTCUSDT,2023-04,https://data.binance.vision/data/futures/um/monthly/fundingRate/LTCUSDT/LTCUSDT-fundingRate-2023-04.zip,884,37552806901ae7b1da6f1ce2249fdb3ad40cf60848ad6652024bd891b3d6df3a,True,True,90,False
fundingRate,XRPUSDT,2023-04,https://data.binance.vision/data/futures/um/monthly/fundingRate/XRPUSDT/XRPUSDT-fundingRate-2023-04.zip,926,a312648378931c50243bbba31b6b4595f6d8c9d8f6e16c5ffb779fb3a8817ea4,True,True,90,False
klines,EOSUSDT,2023-04,https://data.binance.vision/data/futures/um/monthly/klines/EOSUSDT/1d/EOSUSDT-1d-2023-04.zip,1790,3f4829a6aa77e227cb4f7ffdc67e79be3c1471a898c62c4e436ea38d084d6d7b,True,True,30,False
fundingRate,BCHUSDT,2023-04,https://data.binance.vision/data/futures/um/monthly/fundingRate/BCHUSDT/BCHUSDT-fundingRate-2023-04.zip,989,10b61e0fcbde5ebf4ee09354198fc19b9cdf1ea5c71a21b1498140b53a87a996,True,True,90,False
klines,DOGEUSDT,2023-04,https://data.binance.vision/data/futures/um/monthly/klines/DOGEUSDT/1d/DOGEUSDT-1d-2023-04.zip,1997,918b23de7ab15c47826348afb30ea0b49fdd3b3beb982c5380085a51b88454e3,True,True,30,False
fundingRate,EOSUSDT,2023-04,https://data.binance.vision/data/futures/um/monthly/fundingRate/EOSUSDT/EOSUSDT-fundingRate-2023-04.zip,741,4151b29c92b69e397071fc590e02756e4c34f5681a1e683b5583e00e3723d8db,True,True,90,False
fundingRate,DOGEUSDT,2023-04,https://data.binance.vision/data/futures/um/monthly/fundingRate/DOGEUSDT/DOGEUSDT-fundingRate-2023-04.zip,875,0f15cc8b48c85f0dbdaad908836e08a085673ca4d67bd96bbca2e3910cba29ff,True,True,90,False
fundingRate,LINKUSDT,2023-04,https://data.binance.vision/data/futures/um/monthly/fundingRate/LINKUSDT/LINKUSDT-fundingRate-2023-04.zip,841,e8acd937ee1b11f7630fff07440e1d16753da7108747d437c449a7d5068f0c64,True,True,90,False
klines,DOTUSDT,2023-04,https://data.binance.vision/data/futures/um/monthly/klines/DOTUSDT/1d/DOTUSDT-1d-2023-04.zip,1817,a739e451219faf802dd25d1b842a2e88249d99e15f38698b54db44f738985178,True,True,30,False
fundingRate,DOTUSDT,2023-04,https://data.binance.vision/data/futures/um/monthly/fundingRate/DOTUSDT/DOTUSDT-fundingRate-2023-04.zip,896,fcd6555f958b0cdcb62954893e4b1884e66727e7521c83af7be25ac5de78c5a1,True,True,90,False
klines,TRXUSDT,2023-04,https://data.binance.vision/data/futures/um/monthly/klines/TRXUSDT/1d/TRXUSDT-1d-2023-04.zip,1817,b797e54f7bf3d7afd037722c594cfafdde1f035583f52c2f6965d8872ec83333,True,True,30,False
fundingRate,TRXUSDT,2023-04,https://data.binance.vision/data/futures/um/monthly/fundingRate/TRXUSDT/TRXUSDT-fundingRate-2023-04.zip,993,45a93b1cbdbd6d6271bb3e1fd5790314e7a33fc1969ec835ca54ac52ea33e022,True,True,90,False
fundingRate,SOLUSDT,2023-04,https://data.binance.vision/data/futures/um/monthly/fundingRate/SOLUSDT/SOLUSDT-fundingRate-2023-04.zip,890,88d1b03da4cd68774d846d5a9b7a9ba3d165a7b03855cad84a181820a2f7b297,True,True,90,False
klines,LINKUSDT,2023-04,https://data.binance.vision/data/futures/um/monthly/klines/LINKUSDT/1d/LINKUSDT-1d-2023-04.zip,1906,45305d30d8f27e300f9e0eb0905a037248409a01dd45af908e1b469c9abe1789,True,True,30,False
klines,BTCUSDT,2023-05,https://data.binance.vision/data/futures/um/monthly/klines/BTCUSDT/1d/BTCUSDT-1d-2023-05.zip,2139,14c96d7ddea968e43e220b8e1e3f358265b89253442d98557904149c6f7d7002,True,True,31,False
fundingRate,BTCUSDT,2023-05,https://data.binance.vision/data/futures/um/monthly/fundingRate/BTCUSDT/BTCUSDT-fundingRate-2023-05.zip,983,5d026fece46df86293054c8c56c2c8de575d30161b82979b11831831217a246e,True,True,93,False
klines,ETHUSDT,2023-05,https://data.binance.vision/data/futures/um/monthly/klines/ETHUSDT/1d/ETHUSDT-1d-2023-05.zip,2129,74fff9b141ccabc48377e9247607f7e2fc6427ed9ccbfc31a82f61ab7ad983ff,True,True,31,False
klines,BNBUSDT,2023-05,https://data.binance.vision/data/futures/um/monthly/klines/BNBUSDT/1d/BNBUSDT-1d-2023-05.zip,1957,21311530eb24af3c83b662fbaad1b1d1691e20d4ef891abbda991138ce7817d6,True,True,31,False
fundingRate,BNBUSDT,2023-05,https://data.binance.vision/data/futures/um/monthly/fundingRate/BNBUSDT/BNBUSDT-fundingRate-2023-05.zip,905,bcf038a86d9f483fa4d1a9db6fa734cae54745409bcc083d3067670f76b4fb84,True,True,93,False
fundingRate,ETHUSDT,2023-05,https://data.binance.vision/data/futures/um/monthly/fundingRate/ETHUSDT/ETHUSDT-fundingRate-2023-05.zip,990,bf890ea68d979942ed296b058390eb98b0b495547fee2117d3b76d5e7f629b24,True,True,93,False
klines,XRPUSDT,2023-05,https://data.binance.vision/data/futures/um/monthly/klines/XRPUSDT/1d/XRPUSDT-1d-2023-05.zip,1989,be584a9e8813b5d74825dcea0ad55f94758f93a081484b96e85b4f414bc4c615,True,True,31,False
klines,SOLUSDT,2023-04,https://data.binance.vision/data/futures/um/monthly/klines/SOLUSDT/1d/SOLUSDT-1d-2023-04.zip,1823,d826c0610ad0e51efd6edc0a4ee8e6bae5214c920d4f9ac89234dae667a07d06,True,True,30,False
fundingRate,XRPUSDT,2023-05,https://data.binance.vision/data/futures/um/monthly/fundingRate/XRPUSDT/XRPUSDT-fundingRate-2023-05.zip,921,d3e2b728cb6e493672b359004946f0737506ed4b153f61354478dedd20a50da7,True,True,93,False
fundingRate,LTCUSDT,2023-05,https://data.binance.vision/data/futures/um/monthly/fundingRate/LTCUSDT/LTCUSDT-fundingRate-2023-05.zip,929,4f85c2921a58167c38fb17e28a0e993dd02f5d8f3ac8cf5ecec5ab8a16c4a0d4,True,True,93,False
fundingRate,ADAUSDT,2023-05,https://data.binance.vision/data/futures/um/monthly/fundingRate/ADAUSDT/ADAUSDT-fundingRate-2023-05.zip,877,216652bb167d682883d29f1c4591ec1bf3eabdab9e1a5091f518bd2742330353,True,True,93,False
klines,BCHUSDT,2023-05,https://data.binance.vision/data/futures/um/monthly/klines/BCHUSDT/1d/BCHUSDT-1d-2023-05.zip,1924,eaba8685cb7439c12cc3e8f0e5df988bdac09e7cb87dba95651ffce93757de86,True,True,31,False
fundingRate,BCHUSDT,2023-05,https://data.binance.vision/data/futures/um/monthly/fundingRate/BCHUSDT/BCHUSDT-fundingRate-2023-05.zip,997,2fbefdc37688d5b9faaa5557f507885095a731b1ce5b4c07fb9681afc601caae,True,True,93,False
klines,ADAUSDT,2023-05,https://data.binance.vision/data/futures/um/monthly/klines/ADAUSDT/1d/ADAUSDT-1d-2023-05.zip,1885,b35d210532804d836a15c369d5f8ccd8c3db81f83abd6ae78add1efbdd9ae5e4,True,True,31,False
fundingRate,EOSUSDT,2023-05,https://data.binance.vision/data/futures/um/monthly/fundingRate/EOSUSDT/EOSUSDT-fundingRate-2023-05.zip,751,e6749b5a25481a785084bea3ae629841f18dacdad61b404fac4b124ab41bced0,True,True,93,False
klines,EOSUSDT,2023-05,https://data.binance.vision/data/futures/um/monthly/klines/EOSUSDT/1d/EOSUSDT-1d-2023-05.zip,1817,06303be00e2eb92dcd8181b9a87862d18ab4308aa73e36bdbeb62d7f209eef61,True,True,31,False
fundingRate,DOGEUSDT,2023-05,https://data.binance.vision/data/futures/um/monthly/fundingRate/DOGEUSDT/DOGEUSDT-fundingRate-2023-05.zip,896,1c388110bc5e1a69d76c7a41e4945396427fad064a593fbf5edecae338584322,True,True,93,False
klines,LINKUSDT,2023-05,https://data.binance.vision/data/futures/um/monthly/klines/LINKUSDT/1d/LINKUSDT-1d-2023-05.zip,1939,acc304d75a53f20dbfc5e2cd10cc134f591ebcb1dfe1a223b8fd04ebf122e2ca,True,True,31,False
fundingRate,LINKUSDT,2023-05,https://data.binance.vision/data/futures/um/monthly/fundingRate/LINKUSDT/LINKUSDT-fundingRate-2023-05.zip,883,c1164402237277860b302f7ef682175ad52f27f027aa6bb3daa93955f97c9aa3,True,True,93,False
klines,DOTUSDT,2023-05,https://data.binance.vision/data/futures/um/monthly/klines/DOTUSDT/1d/DOTUSDT-1d-2023-05.zip,1845,948f97497fe9c7db454ef827e098e5369e8f51d464993252dfdaae0799692f3e,True,True,31,False
fundingRate,DOTUSDT,2023-05,https://data.binance.vision/data/futures/um/monthly/fundingRate/DOTUSDT/DOTUSDT-fundingRate-2023-05.zip,943,f27f079f18c894f78eaa09790fa93584e5d2b610bb6f788600d5ba56c4d69b6f,True,True,93,False
klines,TRXUSDT,2023-05,https://data.binance.vision/data/futures/um/monthly/klines/TRXUSDT/1d/TRXUSDT-1d-2023-05.zip,1900,d3db4b9d4480271bdc1d1ff5c0c1c3fd3e0c8eb198cdca8ddb62195e31c439e4,True,True,31,False
fundingRate,TRXUSDT,2023-05,https://data.binance.vision/data/futures/um/monthly/fundingRate/TRXUSDT/TRXUSDT-fundingRate-2023-05.zip,1034,d118c72f001e77c083fd44e0a00a1991eda4da2730941f888601941df4244bae,True,True,93,False
klines,LTCUSDT,2023-05,https://data.binance.vision/data/futures/um/monthly/klines/LTCUSDT/1d/LTCUSDT-1d-2023-05.zip,1991,b8c93e7404c891d04cc02f43e669f6b42aae413130a8615c6791d8454884f87a,True,True,31,False
klines,DOGEUSDT,2023-05,https://data.binance.vision/data/futures/um/monthly/klines/DOGEUSDT/1d/DOGEUSDT-1d-2023-05.zip,1994,092048cc85b8b90fae9e12c358fc54fb5c9d4b17dd713de0a595c1920cbd967b,True,True,31,False
klines,SOLUSDT,2023-05,https://data.binance.vision/data/futures/um/monthly/klines/SOLUSDT/1d/SOLUSDT-1d-2023-05.zip,1850,1271af8bfc473b791e580c681bc6fc55eed672873bd2d05ad98be1db5818b781,True,True,31,False
fundingRate,SOLUSDT,2023-05,https://data.binance.vision/data/futures/um/monthly/fundingRate/SOLUSDT/SOLUSDT-fundingRate-2023-05.zip,916,b644431236540c0fa4573e96b9357077755d53440427fb2419e68272ea653137,True,True,93,False
klines,BTCUSDT,2023-06,https://data.binance.vision/data/futures/um/monthly/klines/BTCUSDT/1d/BTCUSDT-1d-2023-06.zip,2082,cda8a12d152f6c772c809ead7c780e2349239f2561f2758c50081b255784dcdb,True,True,30,False
fundingRate,BTCUSDT,2023-06,https://data.binance.vision/data/futures/um/monthly/fundingRate/BTCUSDT/BTCUSDT-fundingRate-2023-06.zip,845,3ffdde6f1dc9c3c065d77ae43f3ba64d19d4cb76512d4bc1d541933d4fb2e6f7,True,True,90,False
fundingRate,ETHUSDT,2023-06,https://data.binance.vision/data/futures/um/monthly/fundingRate/ETHUSDT/ETHUSDT-fundingRate-2023-06.zip,888,b3ddac1309f9a684f4e811776a6c09fb2239bb8d1ae0ff4bd342a1c32a5e171f,True,True,90,False
klines,ETHUSDT,2023-06,https://data.binance.vision/data/futures/um/monthly/klines/ETHUSDT/1d/ETHUSDT-1d-2023-06.zip,2064,92de632c4c78c77201b0eb9325ad8deb0cfb22fda6c6fa8e51c8414662fa10ae,True,True,30,False
fundingRate,BNBUSDT,2023-06,https://data.binance.vision/data/futures/um/monthly/fundingRate/BNBUSDT/BNBUSDT-fundingRate-2023-06.zip,774,7a92bc9a9f03229509e2e34835c8cb4e05b8218cc82fe080443389d2ccbb1e98,True,True,90,False
fundingRate,XRPUSDT,2023-06,https://data.binance.vision/data/futures/um/monthly/fundingRate/XRPUSDT/XRPUSDT-fundingRate-2023-06.zip,867,a83e74907e437eac3f8db466fda62cdb7c487a096bdaa69a9b797e1507431502,True,True,90,False
klines,XRPUSDT,2023-06,https://data.binance.vision/data/futures/um/monthly/klines/XRPUSDT/1d/XRPUSDT-1d-2023-06.zip,1954,0fa7b4736592536da4fd894ddf7a14a13629d0c7eb0599ed9ba8a17463e6fbab,True,True,30,False
fundingRate,ADAUSDT,2023-06,https://data.binance.vision/data/futures/um/monthly/fundingRate/ADAUSDT/ADAUSDT-fundingRate-2023-06.zip,901,7c91256dd07a9692f2e3acf6ce241b61c3a63cdde4eb485bb6cbaeb29ff06303,True,True,90,False
klines,LTCUSDT,2023-06,https://data.binance.vision/data/futures/um/monthly/klines/LTCUSDT/1d/LTCUSDT-1d-2023-06.zip,1945,1ce55e3ae8bc3796868021eb680ac69d936191331d64809f2b0afa9082fc88af,True,True,30,False
fundingRate,LTCUSDT,2023-06,https://data.binance.vision/data/futures/um/monthly/fundingRate/LTCUSDT/LTCUSDT-fundingRate-2023-06.zip,828,5300f0bef16cfa6271f95aaa6d38d9019a741453d11263361b502a0e9061f76f,True,True,90,False
fundingRate,BCHUSDT,2023-06,https://data.binance.vision/data/futures/um/monthly/fundingRate/BCHUSDT/BCHUSDT-fundingRate-2023-06.zip,940,10df7f67648c46b730e4b30667f72794a17af561c6e27f71c5c8646938e0cf46,True,True,90,False
klines,EOSUSDT,2023-06,https://data.binance.vision/data/futures/um/monthly/klines/EOSUSDT/1d/EOSUSDT-1d-2023-06.zip,1792,8d8426dec272c78a17d64eeb1a4ea6b2f1fe7e2cfbbaad3ebf01c6827aa926f6,True,True,30,False
klines,BNBUSDT,2023-06,https://data.binance.vision/data/futures/um/monthly/klines/BNBUSDT/1d/BNBUSDT-1d-2023-06.zip,1959,8328ba61fd3a671af42b9faae3ce032c784b37bbd9a399e1f735f1101648a11a,True,True,30,False
klines,ADAUSDT,2023-06,https://data.binance.vision/data/futures/um/monthly/klines/ADAUSDT/1d/ADAUSDT-1d-2023-06.zip,1854,592ae8bb34c7ee11df2430ede9522b1d29191f6199e758017351746dc5003c85,True,True,30,False
klines,DOGEUSDT,2023-06,https://data.binance.vision/data/futures/um/monthly/klines/DOGEUSDT/1d/DOGEUSDT-1d-2023-06.zip,1945,d468c2de4d85c978596b4712d4de3790ab97d6818fb6e1dd5ea88de51b1b0a35,True,True,30,False
fundingRate,DOGEUSDT,2023-06,https://data.binance.vision/data/futures/um/monthly/fundingRate/DOGEUSDT/DOGEUSDT-fundingRate-2023-06.zip,827,50cbca0534f27a63cc9146c22559764010fffdffeef8f48e9e8c97fbf4372ea6,True,True,90,False
fundingRate,LINKUSDT,2023-06,https://data.binance.vision/data/futures/um/monthly/fundingRate/LINKUSDT/LINKUSDT-fundingRate-2023-06.zip,823,5f5a79f4f614a5de1b2f6ad7616c6c2960fcc41b8593f303709791f7c830ee95,True,True,90,False
klines,LINKUSDT,2023-06,https://data.binance.vision/data/futures/um/monthly/klines/LINKUSDT/1d/LINKUSDT-1d-2023-06.zip,1900,e68eea98e481030724a84a89b7686d183b45d5b19b5ff9dafe7c815dea049b01,True,True,30,False
klines,BCHUSDT,2023-06,https://data.binance.vision/data/futures/um/monthly/klines/BCHUSDT/1d/BCHUSDT-1d-2023-06.zip,1938,1ab37e03ba2632e79310a00450f6ecaf7fa4928f6b2a3ff8f68bd581051b34b3,True,True,30,False
klines,DOTUSDT,2023-06,https://data.binance.vision/data/futures/um/monthly/klines/DOTUSDT/1d/DOTUSDT-1d-2023-06.zip,1822,b41b80a1cc408f0edcea1fb2c0b51d19f8c68f6fb085faf6a1f1dfed136cb543,True,True,30,False
fundingRate,EOSUSDT,2023-06,https://data.binance.vision/data/futures/um/monthly/fundingRate/EOSUSDT/EOSUSDT-fundingRate-2023-06.zip,775,dec96931695ac6d8f519ee6724fa954c33011c16e0c00b7e91b990ce915757b7,True,True,90,False
fundingRate,DOTUSDT,2023-06,https://data.binance.vision/data/futures/um/monthly/fundingRate/DOTUSDT/DOTUSDT-fundingRate-2023-06.zip,916,e29d828cbea7eed708ec9728c94b4fc1fb72e82495def596d978902e8c9e636f,True,True,90,False
fundingRate,TRXUSDT,2023-06,https://data.binance.vision/data/futures/um/monthly/fundingRate/TRXUSDT/TRXUSDT-fundingRate-2023-06.zip,956,17acf17abf551a12a6b55b95e749cdf4459eb32c51c069e6acc735da078ee8bf,True,True,90,False
klines,SOLUSDT,2023-06,https://data.binance.vision/data/futures/um/monthly/klines/SOLUSDT/1d/SOLUSDT-1d-2023-06.zip,1833,bb37ab01500f7b0f29aed2b5f2176ca2853cb8f7d2c18bb153a12406eccc5989,True,True,30,False
klines,TRXUSDT,2023-06,https://data.binance.vision/data/futures/um/monthly/klines/TRXUSDT/1d/TRXUSDT-1d-2023-06.zip,1864,af90c88e255345611b01d2dc8e3b71e900b5faf8f333f690508a3681da395e50,True,True,30,False
fundingRate,SOLUSDT,2023-06,https://data.binance.vision/data/futures/um/monthly/fundingRate/SOLUSDT/SOLUSDT-fundingRate-2023-06.zip,881,63de6ffcbab1fec0b83807efde188fdafb06d4ed0f947c4df86d757f894d88c9,True,True,90,False
klines,BTCUSDT,2023-07,https://data.binance.vision/data/futures/um/monthly/klines/BTCUSDT/1d/BTCUSDT-1d-2023-07.zip,2118,3ee0f86ac09a7bf062831a8ec84d70ec509e77ba403a73ffca049b7285223c13,True,True,31,False
fundingRate,BTCUSDT,2023-07,https://data.binance.vision/data/futures/um/monthly/fundingRate/BTCUSDT/BTCUSDT-fundingRate-2023-07.zip,861,0304baed9fd407293a8a8040b30a1b68bd344803b630d33530375b421733a930,True,True,93,False
fundingRate,BNBUSDT,2023-07,https://data.binance.vision/data/futures/um/monthly/fundingRate/BNBUSDT/BNBUSDT-fundingRate-2023-07.zip,887,38d044d00f3c81a8d201b9117f5f1f6559568db16561cf9ce8f0eccc02cddbc9,True,True,93,False
klines,XRPUSDT,2023-07,https://data.binance.vision/data/futures/um/monthly/klines/XRPUSDT/1d/XRPUSDT-1d-2023-07.zip,2053,40c95d875144da9191aa08b71ad8b04faf2e471f7c5100e4935455c5c871b452,True,True,31,False
fundingRate,ETHUSDT,2023-07,https://data.binance.vision/data/futures/um/monthly/fundingRate/ETHUSDT/ETHUSDT-fundingRate-2023-07.zip,861,82577976d8acd886fda84179ee38c9e7ef445732c3b6a062d6ffd2a9e3cc30bf,True,True,93,False
klines,ETHUSDT,2023-07,https://data.binance.vision/data/futures/um/monthly/klines/ETHUSDT/1d/ETHUSDT-1d-2023-07.zip,2093,94d6cba75f179498ae673a748186ce36533c1dedfa04ae5ac53e5a8bf2a30051,True,True,31,False
klines,ADAUSDT,2023-07,https://data.binance.vision/data/futures/um/monthly/klines/ADAUSDT/1d/ADAUSDT-1d-2023-07.zip,1905,13d288f180c695da55a7dfef9785b26b999e278bf1630339fe0317873988ce02,True,True,31,False
fundingRate,ADAUSDT,2023-07,https://data.binance.vision/data/futures/um/monthly/fundingRate/ADAUSDT/ADAUSDT-fundingRate-2023-07.zip,737,7ae0fc563a17f317779e6d1cc2119ad1ca72d71d1e3807fc4998f381655026e3,True,True,93,False
klines,BNBUSDT,2023-07,https://data.binance.vision/data/futures/um/monthly/klines/BNBUSDT/1d/BNBUSDT-1d-2023-07.zip,1979,87d9e82a1183f64c78015efc477d5e2267b86ea99a6d2b162f3da3598e88216b,True,True,31,False
klines,LTCUSDT,2023-07,https://data.binance.vision/data/futures/um/monthly/klines/LTCUSDT/1d/LTCUSDT-1d-2023-07.zip,2017,5d9be13d7639ea5186c724173aca5c5ae632327781e93dfe490328a846766b3f,True,True,31,False
fundingRate,LTCUSDT,2023-07,https://data.binance.vision/data/futures/um/monthly/fundingRate/LTCUSDT/LTCUSDT-fundingRate-2023-07.zip,830,b6a2af7fbf06e28454eb4a469f82984ed37369da2765ce7412abdf2f57916381,True,True,93,False
klines,BCHUSDT,2023-07,https://data.binance.vision/data/futures/um/monthly/klines/BCHUSDT/1d/BCHUSDT-1d-2023-07.zip,2051,a7e4edfd574fe5cdaf0ffb2c9b9f8cf4f97762f230380eda11e71b5bc2326ef0,True,True,31,False
fundingRate,XRPUSDT,2023-07,https://data.binance.vision/data/futures/um/monthly/fundingRate/XRPUSDT/XRPUSDT-fundingRate-2023-07.zip,792,5348dd7a724fdb991788703b14b5c134711ec173b2bc821e13da18a46042c1f3,True,True,93,False
fundingRate,BCHUSDT,2023-07,https://data.binance.vision/data/futures/um/monthly/fundingRate/BCHUSDT/BCHUSDT-fundingRate-2023-07.zip,953,b7de38d0e9ec1a606c39a499d5ea681e80edd515737fe3adb74e41e9e5d2ae5d,True,True,93,False
klines,EOSUSDT,2023-07,https://data.binance.vision/data/futures/um/monthly/klines/EOSUSDT/1d/EOSUSDT-1d-2023-07.zip,1847,3fe4948fe51e72f9c844dba0651e6f84e317f71278e40cdba2f06eb11e00a394,True,True,31,False
fundingRate,EOSUSDT,2023-07,https://data.binance.vision/data/futures/um/monthly/fundingRate/EOSUSDT/EOSUSDT-fundingRate-2023-07.zip,682,00e1a3ed536c9348816dd40fcc12bd2b4761d5dbf6a44e240a6285cf064a0346,True,True,93,False
klines,DOGEUSDT,2023-07,https://data.binance.vision/data/futures/um/monthly/klines/DOGEUSDT/1d/DOGEUSDT-1d-2023-07.zip,2024,e141a4fd5ffe694046c01aac1aabc5505fafc9c33bf9184e1147dc738848f2a6,True,True,31,False
fundingRate,DOGEUSDT,2023-07,https://data.binance.vision/data/futures/um/monthly/fundingRate/DOGEUSDT/DOGEUSDT-fundingRate-2023-07.zip,783,2e92a749e0886d0cfba0d9ebe7061ed0abadf9fc4d16e12d2d00fed555d666dc,True,True,93,False
klines,DOTUSDT,2023-07,https://data.binance.vision/data/futures/um/monthly/klines/DOTUSDT/1d/DOTUSDT-1d-2023-07.zip,1864,a8729cedbe6af203abe19de956f71232386078a60cfc04ec1c10529c419a3a92,True,True,31,False
fundingRate,LINKUSDT,2023-07,https://data.binance.vision/data/futures/um/monthly/fundingRate/LINKUSDT/LINKUSDT-fundingRate-2023-07.zip,783,4d1cbfeb15f5b570b2cac0be1c7e64450b3652af3c6f3de97756d52a6ea1abff,True,True,93,False
fundingRate,DOTUSDT,2023-07,https://data.binance.vision/data/futures/um/monthly/fundingRate/DOTUSDT/DOTUSDT-fundingRate-2023-07.zip,887,3b0bc3e552ed8e2c7c5221cb1d778c0e92a0df569a9f1c44fab462bf775b7678,True,True,93,False
klines,TRXUSDT,2023-07,https://data.binance.vision/data/futures/um/monthly/klines/TRXUSDT/1d/TRXUSDT-1d-2023-07.zip,1889,27be558bcf33ca01426bcca656e882862272cc1db246f9e1bd96888b8d418937,True,True,31,False
fundingRate,TRXUSDT,2023-07,https://data.binance.vision/data/futures/um/monthly/fundingRate/TRXUSDT/TRXUSDT-fundingRate-2023-07.zip,870,48513507a80c5b1666765c37e7da0d1c6e0c5121ef4182b187feb24138e44fe5,True,True,93,False
klines,SOLUSDT,2023-07,https://data.binance.vision/data/futures/um/monthly/klines/SOLUSDT/1d/SOLUSDT-1d-2023-07.zip,1910,977e080f5a6e823a84b3f153fab3dae933de075e26d077c7124e9d98f61535ae,True,True,31,False
fundingRate,SOLUSDT,2023-07,https://data.binance.vision/data/futures/um/monthly/fundingRate/SOLUSDT/SOLUSDT-fundingRate-2023-07.zip,818,7323f1cf79a8dfeb78dd7bd8cd2940a7db00ee023739430435b1cc25cecadcae,True,True,93,False
klines,LINKUSDT,2023-07,https://data.binance.vision/data/futures/um/monthly/klines/LINKUSDT/1d/LINKUSDT-1d-2023-07.zip,1975,e83884e67ed418c3f6aa6db4c80b348a2794eff09be13271c25b0a5182eda7b8,True,True,31,False
klines,ETHUSDT,2023-08,https://data.binance.vision/data/futures/um/monthly/klines/ETHUSDT/1d/ETHUSDT-1d-2023-08.zip,2096,a280e5e94456ab8798b0a0e5525dba985221fd3624a17a96b2d2e19591e6426f,True,True,31,False
fundingRate,ETHUSDT,2023-08,https://data.binance.vision/data/futures/um/monthly/fundingRate/ETHUSDT/ETHUSDT-fundingRate-2023-08.zip,897,cf749429c366cef3302a804b3e702937e5f1a77aeddc5b628dca7da547a8935a,True,True,93,False
klines,BNBUSDT,2023-08,https://data.binance.vision/data/futures/um/monthly/klines/BNBUSDT/1d/BNBUSDT-1d-2023-08.zip,1936,000374a9a7735060e86bc9fdebe1e34f582c5c269160cbc9bb2b50e1f157dab1,True,True,31,False
fundingRate,BNBUSDT,2023-08,https://data.binance.vision/data/futures/um/monthly/fundingRate/BNBUSDT/BNBUSDT-fundingRate-2023-08.zip,799,27621b8cfc274cba9882e08c61315433ea23f58d59eb83781b4e63f9ad685c13,True,True,93,False
klines,XRPUSDT,2023-08,https://data.binance.vision/data/futures/um/monthly/klines/XRPUSDT/1d/XRPUSDT-1d-2023-08.zip,1998,50b067ef449338cdb2db2161ec0f33049b8973529fb13c92c52376da5c7d5f6c,True,True,31,False
fundingRate,XRPUSDT,2023-08,https://data.binance.vision/data/futures/um/monthly/fundingRate/XRPUSDT/XRPUSDT-fundingRate-2023-08.zip,816,491f029d456a47cc58f5888c4e9a91deac419c5242c27fde744a971716391fa6,True,True,93,False
klines,ADAUSDT,2023-08,https://data.binance.vision/data/futures/um/monthly/klines/ADAUSDT/1d/ADAUSDT-1d-2023-08.zip,1878,02b5ddffa991f330de71fac9dd43251803d32ebfd6294c1ff93425d9e08e8d56,True,True,31,False
klines,BTCUSDT,2023-08,https://data.binance.vision/data/futures/um/monthly/klines/BTCUSDT/1d/BTCUSDT-1d-2023-08.zip,2106,41b24c62e3d1faffb51c0ac9be01d771a6bfb2e3867b8dbe05786d3f700ed8c4,True,True,31,False
fundingRate,ADAUSDT,2023-08,https://data.binance.vision/data/futures/um/monthly/fundingRate/ADAUSDT/ADAUSDT-fundingRate-2023-08.zip,844,7b188eefc9364b1f74533c765ed212832cce3c17ce41b2ac174506bfec45a169,True,True,93,False
fundingRate,BTCUSDT,2023-08,https://data.binance.vision/data/futures/um/monthly/fundingRate/BTCUSDT/BTCUSDT-fundingRate-2023-08.zip,846,516a8f50631c6ede6a9642f6d1590b6a22c33ba09935501d2ace8dc1396501fd,True,True,93,False
klines,LTCUSDT,2023-08,https://data.binance.vision/data/futures/um/monthly/klines/LTCUSDT/1d/LTCUSDT-1d-2023-08.zip,1977,ea4ab2c0962b7d4f26670f22b72da1924e61a42101fdf79c8577c94e05ae9027,True,True,31,False
fundingRate,LTCUSDT,2023-08,https://data.binance.vision/data/futures/um/monthly/fundingRate/LTCUSDT/LTCUSDT-fundingRate-2023-08.zip,868,33f110598950dae9d0a7ea2e9b10d028c6c2bce018f36c30be5dd9c63cb17239,True,True,93,False
fundingRate,BCHUSDT,2023-08,https://data.binance.vision/data/futures/um/monthly/fundingRate/BCHUSDT/BCHUSDT-fundingRate-2023-08.zip,953,9862362bbf020930adbd2a5246ab905832aefa0335685c4c150b659a2ec2d713,True,True,93,False
fundingRate,EOSUSDT,2023-08,https://data.binance.vision/data/futures/um/monthly/fundingRate/EOSUSDT/EOSUSDT-fundingRate-2023-08.zip,759,0e703cf555ef1866ef473d97fd8e12d91107ef38fd5fec9772961d02912b9be6,True,True,93,False
klines,LINKUSDT,2023-08,https://data.binance.vision/data/futures/um/monthly/klines/LINKUSDT/1d/LINKUSDT-1d-2023-08.zip,1960,75c7fa099c6caaad9d001ff62927f22e2577028e56ce8a2adca87a736cbb9e00,True,True,31,False
fundingRate,DOGEUSDT,2023-08,https://data.binance.vision/data/futures/um/monthly/fundingRate/DOGEUSDT/DOGEUSDT-fundingRate-2023-08.zip,845,7cdad830df4e60545d222744d9194bbe6044bf3af32b6b1b8dcc9d0649b5aa81,True,True,93,False
klines,DOTUSDT,2023-08,https://data.binance.vision/data/futures/um/monthly/klines/DOTUSDT/1d/DOTUSDT-1d-2023-08.zip,1815,72688166852d8fa78ff6b9d18ac716be89395580e3f55fd8810fa0f8706436cc,True,True,31,False
fundingRate,DOTUSDT,2023-08,https://data.binance.vision/data/futures/um/monthly/fundingRate/DOTUSDT/DOTUSDT-fundingRate-2023-08.zip,943,fc5685bd3ec2a6af0ff73e418c0b12c08af9d93ffe1d8e9e515bb4b15aa02415,True,True,93,False
klines,BCHUSDT,2023-08,https://data.binance.vision/data/futures/um/monthly/klines/BCHUSDT/1d/BCHUSDT-1d-2023-08.zip,2014,4ff5f7b10b1ff094b9275e1a29d3f3f64183f2bf547ff942f08c4eedfabfb1d6,True,True,31,False
klines,TRXUSDT,2023-08,https://data.binance.vision/data/futures/um/monthly/klines/TRXUSDT/1d/TRXUSDT-1d-2023-08.zip,1864,dd4495f8f63224cc1d0659576c4627086601b2ba1879d924b09dd619fcda52f2,True,True,31,False
klines,EOSUSDT,2023-08,https://data.binance.vision/data/futures/um/monthly/klines/EOSUSDT/1d/EOSUSDT-1d-2023-08.zip,1807,4bb0f6066799ef48bff974a1a11a21b7d26085579fcee75cebd39e72c7ff293b,True,True,31,False
klines,DOGEUSDT,2023-08,https://data.binance.vision/data/futures/um/monthly/klines/DOGEUSDT/1d/DOGEUSDT-1d-2023-08.zip,1997,3ee363ce4c45921e784266efd179621d0c596421404ab0e9377d5e41664c630f,True,True,31,False
fundingRate,LINKUSDT,2023-08,https://data.binance.vision/data/futures/um/monthly/fundingRate/LINKUSDT/LINKUSDT-fundingRate-2023-08.zip,806,adeb4fd43b0afec33e4d3bdce605ac500253759fa6dc796dc0fbb932cf40aa56,True,True,93,False
fundingRate,ETHUSDT,2023-09,https://data.binance.vision/data/futures/um/monthly/fundingRate/ETHUSDT/ETHUSDT-fundingRate-2023-09.zip,902,41ac7eb67a46d14d97daec4c37e8229df5ac6b165639ad4b2c54bc7374930341,True,True,90,False
fundingRate,TRXUSDT,2023-08,https://data.binance.vision/data/futures/um/monthly/fundingRate/TRXUSDT/TRXUSDT-fundingRate-2023-08.zip,919,a210d276ad3610dce68c4022d5942140eb7ec297a9d89badae056f0875e22cf8,True,True,93,False
klines,SOLUSDT,2023-08,https://data.binance.vision/data/futures/um/monthly/klines/SOLUSDT/1d/SOLUSDT-1d-2023-08.zip,1885,925f728cd2f2b98f7536e5826e5f3298077b023bded1fceadc79663ad3e21c16,True,True,31,False
fundingRate,BNBUSDT,2023-09,https://data.binance.vision/data/futures/um/monthly/fundingRate/BNBUSDT/BNBUSDT-fundingRate-2023-09.zip,654,a0b6b5a900f40ebff05d1ec293685fd644f0ac26552c25a2801490d8d7178a21,True,True,90,False
klines,XRPUSDT,2023-09,https://data.binance.vision/data/futures/um/monthly/klines/XRPUSDT/1d/XRPUSDT-1d-2023-09.zip,1907,a3002f2bca4b1240fbfccba75b3eafab056731faaa3b2aed052ed73b39b27183,True,True,30,False
fundingRate,SOLUSDT,2023-08,https://data.binance.vision/data/futures/um/monthly/fundingRate/SOLUSDT/SOLUSDT-fundingRate-2023-08.zip,897,87ce0395cf9d1fa9ea4849b4811d366c1867d4159f3c1a2b4a3e0656972be2a0,True,True,93,False
klines,ETHUSDT,2023-09,https://data.binance.vision/data/futures/um/monthly/klines/ETHUSDT/1d/ETHUSDT-1d-2023-09.zip,2031,4b5e61f95fe3af03d3cc765f0e2187e8bd49596dfc23be9f961100ab1af14695,True,True,30,False
klines,BTCUSDT,2023-09,https://data.binance.vision/data/futures/um/monthly/klines/BTCUSDT/1d/BTCUSDT-1d-2023-09.zip,2033,1e96a90b3df6f41b55ab34fdfadc77d1837eae039155e1f0a4e7629fdbe019de,True,True,30,False
fundingRate,XRPUSDT,2023-09,https://data.binance.vision/data/futures/um/monthly/fundingRate/XRPUSDT/XRPUSDT-fundingRate-2023-09.zip,868,5a06068aef716c54685ac57fde85ca9fc3b718659fcf90e83af9350f7de05553,True,True,90,False
fundingRate,ADAUSDT,2023-09,https://data.binance.vision/data/futures/um/monthly/fundingRate/ADAUSDT/ADAUSDT-fundingRate-2023-09.zip,856,31dfd8cba1fb717fc5a6cad9937df97f89d6042a9e8107f462d00e648df8f221,True,True,90,False
klines,ADAUSDT,2023-09,https://data.binance.vision/data/futures/um/monthly/klines/ADAUSDT/1d/ADAUSDT-1d-2023-09.zip,1794,222925e5f117495532fd0eeec1c4ae79a988a40007c99d5899fd01df077757a5,True,True,30,False
fundingRate,BTCUSDT,2023-09,https://data.binance.vision/data/futures/um/monthly/fundingRate/BTCUSDT/BTCUSDT-fundingRate-2023-09.zip,914,3fd9df6fd1eef33cf5fe625c27012359bc6d64a68c109305d7b44a0354f533c2,True,True,90,False
fundingRate,LTCUSDT,2023-09,https://data.binance.vision/data/futures/um/monthly/fundingRate/LTCUSDT/LTCUSDT-fundingRate-2023-09.zip,895,de2d5ea71785e746da6e1c2de692d52e617e765e46626921776de25488a1a529,True,True,90,False
klines,BNBUSDT,2023-09,https://data.binance.vision/data/futures/um/monthly/klines/BNBUSDT/1d/BNBUSDT-1d-2023-09.zip,1868,be216d02a1acbd0cee1be8587310ed88c10edf377e3d2d4a2a9b9d559697e4a2,True,True,30,False
klines,EOSUSDT,2023-09,https://data.binance.vision/data/futures/um/monthly/klines/EOSUSDT/1d/EOSUSDT-1d-2023-09.zip,1725,4b7308c48a38f68480e99a745ecad0ff4980a4bde218a7403e96586a3e8b2286,True,True,30,False
fundingRate,EOSUSDT,2023-09,https://data.binance.vision/data/futures/um/monthly/fundingRate/EOSUSDT/EOSUSDT-fundingRate-2023-09.zip,797,42661fe54c9779e9837d967b6667f510586b9b83b60042cdc58fd168da07b387,True,True,90,False
klines,DOGEUSDT,2023-09,https://data.binance.vision/data/futures/um/monthly/klines/DOGEUSDT/1d/DOGEUSDT-1d-2023-09.zip,1900,37af5ee0ff6ebd9f6fd268bbe68eab184f7e708c823478d7a6694c5cdae7c80f,True,True,30,False
fundingRate,DOGEUSDT,2023-09,https://data.binance.vision/data/futures/um/monthly/fundingRate/DOGEUSDT/DOGEUSDT-fundingRate-2023-09.zip,846,b3e9ca4090ad3a7a105ece3ca234f06db8502007cbbd6c478b9a953cf87f2d40,True,True,90,False
klines,BCHUSDT,2023-09,https://data.binance.vision/data/futures/um/monthly/klines/BCHUSDT/1d/BCHUSDT-1d-2023-09.zip,1966,6b295e62a6d4ef9bc91d051cdda0b5816a749f1a80d05560f098711b06bf1f80,True,True,30,False
fundingRate,BCHUSDT,2023-09,https://data.binance.vision/data/futures/um/monthly/fundingRate/BCHUSDT/BCHUSDT-fundingRate-2023-09.zip,926,2d52f5b522246925b7b00918a78463977d1860c68c0299d5db7eddd7d02484ee,True,True,90,False
fundingRate,LINKUSDT,2023-09,https://data.binance.vision/data/futures/um/monthly/fundingRate/LINKUSDT/LINKUSDT-fundingRate-2023-09.zip,887,a1b94827a97d72bdf7eee204fba29b5b143c978ae3d0e6880906bd7131b13760,True,True,90,False
klines,LTCUSDT,2023-09,https://data.binance.vision/data/futures/um/monthly/klines/LTCUSDT/1d/LTCUSDT-1d-2023-09.zip,1893,ebb95e081c26383a086436dd06a2419ec08de429ca5b546868b20d9779c3ad09,True,True,30,False
klines,SOLUSDT,2023-09,https://data.binance.vision/data/futures/um/monthly/klines/SOLUSDT/1d/SOLUSDT-1d-2023-09.zip,1829,92ca1592631e5cce1aa7a0c6ee0c37bebcca72cd7fd0f07151e1662f6b51f679,True,True,30,False
klines,LINKUSDT,2023-09,https://data.binance.vision/data/futures/um/monthly/klines/LINKUSDT/1d/LINKUSDT-1d-2023-09.zip,1907,6162ff28e4ba139fef474b450951dde5915a71572f39c33967231d1381dedb59,True,True,30,False
klines,TRXUSDT,2023-09,https://data.binance.vision/data/futures/um/monthly/klines/TRXUSDT/1d/TRXUSDT-1d-2023-09.zip,1825,5ab02f833b71fc167d308c76f24547e4b8034f3c713f9b7badadf9edacfda8bd,True,True,30,False
fundingRate,DOTUSDT,2023-09,https://data.binance.vision/data/futures/um/monthly/fundingRate/DOTUSDT/DOTUSDT-fundingRate-2023-09.zip,937,98c4c054fb1121b14a5b319a04d1eb5b4f89678a1b8dcc9416b8c639dbb9317d,True,True,90,False
klines,DOTUSDT,2023-09,https://data.binance.vision/data/futures/um/monthly/klines/DOTUSDT/1d/DOTUSDT-1d-2023-09.zip,1767,62c7cb15d15099ea58b8afbeaa53f6cc705eebbf0aef6ff8754d7ea2a966021d,True,True,30,False
fundingRate,SOLUSDT,2023-09,https://data.binance.vision/data/futures/um/monthly/fundingRate/SOLUSDT/SOLUSDT-fundingRate-2023-09.zip,927,7a8c1135aa165e9399a274acf1f330bbf6bae594266582fc1cfc91b950f73e75,True,True,90,False
klines,ETHUSDT,2023-10,https://data.binance.vision/data/futures/um/monthly/klines/ETHUSDT/1d/ETHUSDT-1d-2023-10.zip,2113,bbc7261b0100b34f6d0ceb8cbe8938b46ea35cafad5270168e97565283e1e77d,True,True,31,False
klines,BTCUSDT,2023-10,https://data.binance.vision/data/futures/um/monthly/klines/BTCUSDT/1d/BTCUSDT-1d-2023-10.zip,2091,35af8f19a76011935111104919ed535c63a225b1334f36eaa9e488e7a228dd67,True,True,31,False
fundingRate,TRXUSDT,2023-09,https://data.binance.vision/data/futures/um/monthly/fundingRate/TRXUSDT/TRXUSDT-fundingRate-2023-09.zip,913,24e25625e3b8fa10852844bd7d9dfcb7399148b375ea15a41deec59ab3988aa3,True,True,90,False
klines,BNBUSDT,2023-10,https://data.binance.vision/data/futures/um/monthly/klines/BNBUSDT/1d/BNBUSDT-1d-2023-10.zip,1924,4eab7396108837d86c471a932f04176ee68cc57a9ac5bebf759c97e48379bf22,True,True,31,False
fundingRate,BTCUSDT,2023-10,https://data.binance.vision/data/futures/um/monthly/fundingRate/BTCUSDT/BTCUSDT-fundingRate-2023-10.zip,865,03105cc140150bffca834bcccbddc6cfee245e079d2df1759653243bd6e92448,True,True,93,False
fundingRate,ETHUSDT,2023-10,https://data.binance.vision/data/futures/um/monthly/fundingRate/ETHUSDT/ETHUSDT-fundingRate-2023-10.zip,849,ccaf4474f0dc94adedd4330c14995f338186caa2cc9fd0d2e2c55f74cf263a5c,True,True,93,False
fundingRate,BNBUSDT,2023-10,https://data.binance.vision/data/futures/um/monthly/fundingRate/BNBUSDT/BNBUSDT-fundingRate-2023-10.zip,804,db8ae79ac84f006fdd9cd17d57f8ed28fc1a10f716c8483030693d87c830d411,True,True,93,False
fundingRate,XRPUSDT,2023-10,https://data.binance.vision/data/futures/um/monthly/fundingRate/XRPUSDT/XRPUSDT-fundingRate-2023-10.zip,816,ca0b78ee32f1b2a301e39cdeae50a466ad9bd1d153d0f7d070bbdb90d9203c30,True,True,93,False
klines,ADAUSDT,2023-10,https://data.binance.vision/data/futures/um/monthly/klines/ADAUSDT/1d/ADAUSDT-1d-2023-10.zip,1858,762b9095cf6d2ceb0acebf6af7df3353ada820e576cc3d43cf8bb3f513e8b78f,True,True,31,False
fundingRate,ADAUSDT,2023-10,https://data.binance.vision/data/futures/um/monthly/fundingRate/ADAUSDT/ADAUSDT-fundingRate-2023-10.zip,815,e8136f7b6dfb140927ee500b7bfdf3015d0f0c45e035c06c8b026b16f83cb354,True,True,93,False
fundingRate,LTCUSDT,2023-10,https://data.binance.vision/data/futures/um/monthly/fundingRate/LTCUSDT/LTCUSDT-fundingRate-2023-10.zip,824,cef604207fde6f51dc15f8d325c5280906308e34dbf9b80c23c98c38f8c14173,True,True,93,False
klines,BCHUSDT,2023-10,https://data.binance.vision/data/futures/um/monthly/klines/BCHUSDT/1d/BCHUSDT-1d-2023-10.zip,2005,1202916928b9fc36197e9b47eb4a61608ea099503e581f0397a772c4177dffa8,True,True,31,False
klines,XRPUSDT,2023-10,https://data.binance.vision/data/futures/um/monthly/klines/XRPUSDT/1d/XRPUSDT-1d-2023-10.zip,1972,9beabbcad2b5c0941a1071dfded0256167dc9d2873f77743d7d47d0ed5ad83e8,True,True,31,False
fundingRate,EOSUSDT,2023-10,https://data.binance.vision/data/futures/um/monthly/fundingRate/EOSUSDT/EOSUSDT-fundingRate-2023-10.zip,713,3946cc8e0253ca02a886a8041dd5b06667e5799212c17771c12a8d6b5536fee3,True,True,93,False
klines,DOGEUSDT,2023-10,https://data.binance.vision/data/futures/um/monthly/klines/DOGEUSDT/1d/DOGEUSDT-1d-2023-10.zip,1983,b201305b93f1dec1464dfd2ca2c4a596b8f732a6a6508a54d52dcccd48282532,True,True,31,False
fundingRate,DOGEUSDT,2023-10,https://data.binance.vision/data/futures/um/monthly/fundingRate/DOGEUSDT/DOGEUSDT-fundingRate-2023-10.zip,835,fcaed5a50bb0720e286527ebbfa3675aab166715dfd0a0f26e8372213c53b3ce,True,True,93,False
klines,LINKUSDT,2023-10,https://data.binance.vision/data/futures/um/monthly/klines/LINKUSDT/1d/LINKUSDT-1d-2023-10.zip,2006,d9d161d4ed7b7c79282ce589f2317fdc4327b883ec39c3e94212c485010f18d9,True,True,31,False
fundingRate,LINKUSDT,2023-10,https://data.binance.vision/data/futures/um/monthly/fundingRate/LINKUSDT/LINKUSDT-fundingRate-2023-10.zip,817,25271c41d8dabe5bd171ab2f89e7735d801eec25802c37a2ad31811b49a68b51,True,True,93,False
fundingRate,BCHUSDT,2023-10,https://data.binance.vision/data/futures/um/monthly/fundingRate/BCHUSDT/BCHUSDT-fundingRate-2023-10.zip,914,ca49c65c20e7c5a23a7f5895876ffc907d574798bd06ddfab6d4f7fc5112a49a,True,True,93,False
klines,EOSUSDT,2023-10,https://data.binance.vision/data/futures/um/monthly/klines/EOSUSDT/1d/EOSUSDT-1d-2023-10.zip,1802,3406bbf672a3302419ab5a16957750f606c390de7c4608b2c234a2a80458664e,True,True,31,False
klines,LTCUSDT,2023-10,https://data.binance.vision/data/futures/um/monthly/klines/LTCUSDT/1d/LTCUSDT-1d-2023-10.zip,1941,09194100b4f9c140719cf162769cc516f025380b3f53846495b593f5f76cd245,True,True,31,False
fundingRate,DOTUSDT,2023-10,https://data.binance.vision/data/futures/um/monthly/fundingRate/DOTUSDT/DOTUSDT-fundingRate-2023-10.zip,902,092f39c279742fcf21ac6b136ca68d7c690d8d4f7811c8f4c31bf951dc9ff3d0,True,True,93,False
fundingRate,TRXUSDT,2023-10,https://data.binance.vision/data/futures/um/monthly/fundingRate/TRXUSDT/TRXUSDT-fundingRate-2023-10.zip,885,754698918f9df2c3045c0090f7ee97ed69d7b3f1d6b9ae22954455ce90ea9315,True,True,93,False
klines,TRXUSDT,2023-10,https://data.binance.vision/data/futures/um/monthly/klines/TRXUSDT/1d/TRXUSDT-1d-2023-10.zip,1894,661a6b1ec3dbd254a9304a2c3e656c0d6b0efe6f6158b6811e5bc764c030f040,True,True,31,False
klines,SOLUSDT,2023-10,https://data.binance.vision/data/futures/um/monthly/klines/SOLUSDT/1d/SOLUSDT-1d-2023-10.zip,1913,bf8cd3ca2e13fe1310fb72814a3abfdb46f865626b60418bb454813b67299bfc,True,True,31,False
klines,DOTUSDT,2023-10,https://data.binance.vision/data/futures/um/monthly/klines/DOTUSDT/1d/DOTUSDT-1d-2023-10.zip,1845,5b0854528b3b0e189c9c286052edcdbb5d6313eace019b0b1389bec4dd0b10cd,True,True,31,False
fundingRate,BTCUSDT,2023-11,https://data.binance.vision/data/futures/um/monthly/fundingRate/BTCUSDT/BTCUSDT-fundingRate-2023-11.zip,696,8015d2997f8d5e757ff3707ee87800ca30a74da0129daa747b64117f07bcc186,True,True,90,False
klines,BTCUSDT,2023-11,https://data.binance.vision/data/futures/um/monthly/klines/BTCUSDT/1d/BTCUSDT-1d-2023-11.zip,2042,eae4a133704d6b3a2c2c796bffce6aff605d72cb9a0e974e0fc16adf23c150f6,True,True,30,False
klines,ETHUSDT,2023-11,https://data.binance.vision/data/futures/um/monthly/klines/ETHUSDT/1d/ETHUSDT-1d-2023-11.zip,2059,ee9dfe21148fa778f8144bec8633109ef597e70c3ff304318eef3a575845d0fc,True,True,30,False
klines,BNBUSDT,2023-11,https://data.binance.vision/data/futures/um/monthly/klines/BNBUSDT/1d/BNBUSDT-1d-2023-11.zip,1913,b62b37668d553712413032faa0bd443164cbdbf4c550d1dd073a6dca2fdd7a1a,True,True,30,False
fundingRate,SOLUSDT,2023-10,https://data.binance.vision/data/futures/um/monthly/fundingRate/SOLUSDT/SOLUSDT-fundingRate-2023-10.zip,902,a56852237de6b69483565853858901ce7e4c611d3950d485a064bf90069958ba,True,True,93,False
fundingRate,XRPUSDT,2023-11,https://data.binance.vision/data/futures/um/monthly/fundingRate/XRPUSDT/XRPUSDT-fundingRate-2023-11.zip,735,17b4f9e2a7800265378e3e293295d58ccc8875e037d4286873250541b0a196b0,True,True,90,False
klines,XRPUSDT,2023-11,https://data.binance.vision/data/futures/um/monthly/klines/XRPUSDT/1d/XRPUSDT-1d-2023-11.zip,1968,837d402b7091f04a6261a58b0c66b9be7e5b4a5f22f9d7a16946763d4326ea0c,True,True,30,False
fundingRate,BNBUSDT,2023-11,https://data.binance.vision/data/futures/um/monthly/fundingRate/BNBUSDT/BNBUSDT-fundingRate-2023-11.zip,899,65c9092766c696eddb155142379b696b78b6c48490d984b02976412380dc6df6,True,True,90,False
fundingRate,ADAUSDT,2023-11,https://data.binance.vision/data/futures/um/monthly/fundingRate/ADAUSDT/ADAUSDT-fundingRate-2023-11.zip,678,83adbacfbee09c65314458b81579ebcaf4fbc30340ef8ede8da028a4ab2f3408,True,True,90,False
klines,ADAUSDT,2023-11,https://data.binance.vision/data/futures/um/monthly/klines/ADAUSDT/1d/ADAUSDT-1d-2023-11.zip,1863,10a3ad59194efb7d2df876f7640b997b8133c8d065311c51887ef9cc2b733cbd,True,True,30,False
fundingRate,ETHUSDT,2023-11,https://data.binance.vision/data/futures/um/monthly/fundingRate/ETHUSDT/ETHUSDT-fundingRate-2023-11.zip,699,153ec1450eb5d999ce253e2c7ca2e81b79a523ff52dd18b14faefab8212b999b,True,True,90,False
fundingRate,LTCUSDT,2023-11,https://data.binance.vision/data/futures/um/monthly/fundingRate/LTCUSDT/LTCUSDT-fundingRate-2023-11.zip,705,b6db1f17753a7a7dc7406e03b2fabaf1e6f687a0ebc8c4489d828b590b8200fe,True,True,90,False
klines,BCHUSDT,2023-11,https://data.binance.vision/data/futures/um/monthly/klines/BCHUSDT/1d/BCHUSDT-1d-2023-11.zip,1920,bb0161606e255ba8415c294be10a593eedc398be7949d70ba2f39274207b8365,True,True,30,False
fundingRate,BCHUSDT,2023-11,https://data.binance.vision/data/futures/um/monthly/fundingRate/BCHUSDT/BCHUSDT-fundingRate-2023-11.zip,720,0ddb8e18bfc2508e8d44ac3ae9aaa6e16edffb18c7cc3746f2618d2ebc2eac08,True,True,90,False
klines,EOSUSDT,2023-11,https://data.binance.vision/data/futures/um/monthly/klines/EOSUSDT/1d/EOSUSDT-1d-2023-11.zip,1794,95702a8fdeba428ca6017fb587babd0a534f4c346e19afa3212d908b51bbfe59,True,True,30,False
klines,DOGEUSDT,2023-11,https://data.binance.vision/data/futures/um/monthly/klines/DOGEUSDT/1d/DOGEUSDT-1d-2023-11.zip,1984,3897b37dad2d7de38fd7916110ffc846221fe196c8fc91e296aa4e8fae8711c1,True,True,30,False
klines,LINKUSDT,2023-11,https://data.binance.vision/data/futures/um/monthly/klines/LINKUSDT/1d/LINKUSDT-1d-2023-11.zip,1984,e57ca8ee8c509a5fd4317747bb8b95003d2cd3dca0e5548322cafdd223c4be14,True,True,30,False
fundingRate,DOGEUSDT,2023-11,https://data.binance.vision/data/futures/um/monthly/fundingRate/DOGEUSDT/DOGEUSDT-fundingRate-2023-11.zip,785,57d8a846e36374ca253c597256c2a795561df0a316887faf1106465ee7ab09e5,True,True,90,False
klines,LTCUSDT,2023-11,https://data.binance.vision/data/futures/um/monthly/klines/LTCUSDT/1d/LTCUSDT-1d-2023-11.zip,1910,91c630bc0de7373bdcf6a9eb3bd65454f643bc74daf28c966d98475513af3332,True,True,30,False
fundingRate,LINKUSDT,2023-11,https://data.binance.vision/data/futures/um/monthly/fundingRate/LINKUSDT/LINKUSDT-fundingRate-2023-11.zip,723,0387ba64231377e679af3450ca3404e0a8e78ae57aaeb32a763870c99d9a9e84,True,True,90,False
fundingRate,EOSUSDT,2023-11,https://data.binance.vision/data/futures/um/monthly/fundingRate/EOSUSDT/EOSUSDT-fundingRate-2023-11.zip,653,3cac97c74276cd7139c22528ec16904eac4a996bb9dad6a6fc86c3177271caed,True,True,90,False
klines,DOTUSDT,2023-11,https://data.binance.vision/data/futures/um/monthly/klines/DOTUSDT/1d/DOTUSDT-1d-2023-11.zip,1824,01fa2587b3ff98beef22b69d678ca33f1c8d21eb191264973f3b07067eb7e8ce,True,True,30,False
klines,TRXUSDT,2023-11,https://data.binance.vision/data/futures/um/monthly/klines/TRXUSDT/1d/TRXUSDT-1d-2023-11.zip,1851,89ff43cb34fe0e28933f626e1af9c4864e4f6947b2c7f423282ff8e59153e72e,True,True,30,False
fundingRate,DOTUSDT,2023-11,https://data.binance.vision/data/futures/um/monthly/fundingRate/DOTUSDT/DOTUSDT-fundingRate-2023-11.zip,652,3f0ba50e441a17e403f16510b0ea147625f531512f4bd1bbaa73fe7d9515973c,True,True,90,False
fundingRate,TRXUSDT,2023-11,https://data.binance.vision/data/futures/um/monthly/fundingRate/TRXUSDT/TRXUSDT-fundingRate-2023-11.zip,697,71ff9aea3d62d9fe4ca6e6de6d43acce280bfd36b90fe8d577dd66c641a7cbf3,True,True,90,False
klines,SOLUSDT,2023-11,https://data.binance.vision/data/futures/um/monthly/klines/SOLUSDT/1d/SOLUSDT-1d-2023-11.zip,1896,5784081017ef244acf6109420504ca9b46c1050c40e485c3f5da8bea2f14afde,True,True,30,False
klines,BTCUSDT,2023-12,https://data.binance.vision/data/futures/um/monthly/klines/BTCUSDT/1d/BTCUSDT-1d-2023-12.zip,2129,417fd4410cdeede8bb0f473bdece4c856a27c737e95ef3370c8333fbe9fa0023,True,True,31,False
fundingRate,BTCUSDT,2023-12,https://data.binance.vision/data/futures/um/monthly/fundingRate/BTCUSDT/BTCUSDT-fundingRate-2023-12.zip,810,8f02fdd2a2da261bbf13ab301c74bdb57fae005f19d5088e9ece5f8824c1a2a7,True,True,93,False
fundingRate,ETHUSDT,2023-12,https://data.binance.vision/data/futures/um/monthly/fundingRate/ETHUSDT/ETHUSDT-fundingRate-2023-12.zip,801,91bdf41566cebb86c6f0e3646b0037de9c22e14ee2f592c5722c7e4a19c91119,True,True,93,False
klines,ETHUSDT,2023-12,https://data.binance.vision/data/futures/um/monthly/klines/ETHUSDT/1d/ETHUSDT-1d-2023-12.zip,2143,3b6125b2a9ca673ab1f121112bd3951726c496287d52320d19ae6ad153f2ec11,True,True,31,False
klines,BNBUSDT,2023-12,https://data.binance.vision/data/futures/um/monthly/klines/BNBUSDT/1d/BNBUSDT-1d-2023-12.zip,1999,a27f70add22f836f9775ec8d6e8b0f805a5622715da692b81a485c770975c953,True,True,31,False
fundingRate,BNBUSDT,2023-12,https://data.binance.vision/data/futures/um/monthly/fundingRate/BNBUSDT/BNBUSDT-fundingRate-2023-12.zip,950,3292f306a22f3190315e71780b68b88a3ac5c8dda5a05e6f3d768ac21b3d6cf5,True,True,93,False
fundingRate,SOLUSDT,2023-11,https://data.binance.vision/data/futures/um/monthly/fundingRate/SOLUSDT/SOLUSDT-fundingRate-2023-11.zip,735,1cbd9c6b802cdf035ba408c03e82aab678c2a994c2c6860386a4226ba104e252,True,True,90,False
klines,ADAUSDT,2023-12,https://data.binance.vision/data/futures/um/monthly/klines/ADAUSDT/1d/ADAUSDT-1d-2023-12.zip,1951,b8c2149cad7500ef55058c54978089862077e0ca5381f73488b58fd3eebfa32b,True,True,31,False
klines,XRPUSDT,2023-12,https://data.binance.vision/data/futures/um/monthly/klines/XRPUSDT/1d/XRPUSDT-1d-2023-12.zip,2003,604e612a6f9c2dd7d1e16e4ab3067925a08e3ff46ad3a2f18a316d486eeb6f8e,True,True,31,False
fundingRate,ADAUSDT,2023-12,https://data.binance.vision/data/futures/um/monthly/fundingRate/ADAUSDT/ADAUSDT-fundingRate-2023-12.zip,829,a9685314dafa5ece6b7b6bab64366e46ccd80c4a794c3c26aa141b10289a6fc8,True,True,93,False
klines,LTCUSDT,2023-12,https://data.binance.vision/data/futures/um/monthly/klines/LTCUSDT/1d/LTCUSDT-1d-2023-12.zip,1965,c53df86f277bcc7b9af8152b5a6f6ba42cc0e3a8b7f9ef10fc171b968b84be6f,True,True,31,False
fundingRate,LTCUSDT,2023-12,https://data.binance.vision/data/futures/um/monthly/fundingRate/LTCUSDT/LTCUSDT-fundingRate-2023-12.zip,850,820a224d204bbfc17c71681d38a62e2cf2e5a0ce423847f301e8c2defa70c509,True,True,93,False
fundingRate,BCHUSDT,2023-12,https://data.binance.vision/data/futures/um/monthly/fundingRate/BCHUSDT/BCHUSDT-fundingRate-2023-12.zip,701,f5dbea0d90c7c175bc56ba9d37a2794cf9a7102f87d6aa2d50bc91b7a2c5d900,True,True,93,False
klines,BCHUSDT,2023-12,https://data.binance.vision/data/futures/um/monthly/klines/BCHUSDT/1d/BCHUSDT-1d-2023-12.zip,2009,241359b2db8c8a508f0ab0d8acb5691900a9bdf4c9ac315801b9f130d3d8d423,True,True,31,False
klines,EOSUSDT,2023-12,https://data.binance.vision/data/futures/um/monthly/klines/EOSUSDT/1d/EOSUSDT-1d-2023-12.zip,1840,6923f0f5f57fc0fb5c5a5aa3a76bc209016c3ad787fb8750aa198ed6214ce758,True,True,31,False
fundingRate,EOSUSDT,2023-12,https://data.binance.vision/data/futures/um/monthly/fundingRate/EOSUSDT/EOSUSDT-fundingRate-2023-12.zip,767,fe7db55491b26495a56b0a61cb7c17240d6f284a22978117be524db2d6afc495,True,True,93,False
klines,DOGEUSDT,2023-12,https://data.binance.vision/data/futures/um/monthly/klines/DOGEUSDT/1d/DOGEUSDT-1d-2023-12.zip,2039,8eb68b57a3055280e3dfc2dbecc4aea3a6c82d86a550d0fe5b25881834a705fc,True,True,31,False
fundingRate,XRPUSDT,2023-12,https://data.binance.vision/data/futures/um/monthly/fundingRate/XRPUSDT/XRPUSDT-fundingRate-2023-12.zip,868,49fd3c811e1388693e7dd482972f8b525ba10a90c01d77b04ec9b0631d43feb8,True,True,93,False
fundingRate,DOGEUSDT,2023-12,https://data.binance.vision/data/futures/um/monthly/fundingRate/DOGEUSDT/DOGEUSDT-fundingRate-2023-12.zip,832,d49fa428e457f93c96f6888b589c01372aa6b331da7578b880d103e64a8e9faf,True,True,93,False
klines,DOTUSDT,2023-12,https://data.binance.vision/data/futures/um/monthly/klines/DOTUSDT/1d/DOTUSDT-1d-2023-12.zip,1904,a207867bcd420868d4b78f83fe48c1b75837dcd868e3c8e1428282740f2bbda7,True,True,31,False
fundingRate,DOTUSDT,2023-12,https://data.binance.vision/data/futures/um/monthly/fundingRate/DOTUSDT/DOTUSDT-fundingRate-2023-12.zip,759,a2c0ba437d9b6159ecf95bf27eafe36f61650e9923d0a5f22858644525e4be22,True,True,93,False
fundingRate,TRXUSDT,2023-12,https://data.binance.vision/data/futures/um/monthly/fundingRate/TRXUSDT/TRXUSDT-fundingRate-2023-12.zip,782,29ad45c6c9f5c70d214139b484cba0b4db0b0a100c2353ae3a6a5d89888e5924,True,True,93,False
klines,TRXUSDT,2023-12,https://data.binance.vision/data/futures/um/monthly/klines/TRXUSDT/1d/TRXUSDT-1d-2023-12.zip,1885,a59d6add25c219896487d198a4aa0abef44363537544b2162573ae06777707c7,True,True,31,False
klines,SOLUSDT,2023-12,https://data.binance.vision/data/futures/um/monthly/klines/SOLUSDT/1d/SOLUSDT-1d-2023-12.zip,1985,a3fe7c78e0be0af5aecbd26a7707836a1d24d076dc5ec31bb449e3ced3872579,True,True,31,False
fundingRate,SOLUSDT,2023-12,https://data.binance.vision/data/futures/um/monthly/fundingRate/SOLUSDT/SOLUSDT-fundingRate-2023-12.zip,841,debe51eb20a3b7d6093baec3b609e7a9f746c64635cfa77aa761e88e84454902,True,True,93,False
klines,LINKUSDT,2023-12,https://data.binance.vision/data/futures/um/monthly/klines/LINKUSDT/1d/LINKUSDT-1d-2023-12.zip,2016,03e7ed38db41c9dac78db7fefd49160bac581bbf52ae1953570ac80d8b888efa,True,True,31,False
fundingRate,LINKUSDT,2023-12,https://data.binance.vision/data/futures/um/monthly/fundingRate/LINKUSDT/LINKUSDT-fundingRate-2023-12.zip,821,4fb2aab7d59f168c3bf8d62e5ebb3f518966ad84c35e9b603def870e099b491e,True,True,93,False
klines,BTCUSDT,2024-01,https://data.binance.vision/data/futures/um/monthly/klines/BTCUSDT/1d/BTCUSDT-1d-2024-01.zip,2139,26b06a00b615b9a85c6c7404971a8756c1006ef8192f8b1a02aadb9fef7e61f5,True,True,31,False
klines,BNBUSDT,2024-01,https://data.binance.vision/data/futures/um/monthly/klines/BNBUSDT/1d/BNBUSDT-1d-2024-01.zip,1993,b3162fe78333c6c1c0a6e23f3c8b4d7e54652ba446f7c59265f40f5ebff1ec3b,True,True,31,False
fundingRate,ETHUSDT,2024-01,https://data.binance.vision/data/futures/um/monthly/fundingRate/ETHUSDT/ETHUSDT-fundingRate-2024-01.zip,685,5a71469b0b363886df904e784dddefc484dd943334b1fb7454713ce4ed715a4b,True,True,93,False
fundingRate,BTCUSDT,2024-01,https://data.binance.vision/data/futures/um/monthly/fundingRate/BTCUSDT/BTCUSDT-fundingRate-2024-01.zip,696,3e0d30870672aa8f0f937881056e3cfd55913ae5c780cd50b33f2763aa0ba58e,True,True,93,False
klines,XRPUSDT,2024-01,https://data.binance.vision/data/futures/um/monthly/klines/XRPUSDT/1d/XRPUSDT-1d-2024-01.zip,1991,a7c62fe0ff1c41495ce3f2f0d19da930e7a7e151d23544299766dfdfb4c3784c,True,True,31,False
klines,ETHUSDT,2024-01,https://data.binance.vision/data/futures/um/monthly/klines/ETHUSDT/1d/ETHUSDT-1d-2024-01.zip,2148,8aad2a309ca1e4d2f8220ba7cf6f4eca7b8bf9a05524f4dd9ce51ee75a22f315,True,True,31,False
fundingRate,BNBUSDT,2024-01,https://data.binance.vision/data/futures/um/monthly/fundingRate/BNBUSDT/BNBUSDT-fundingRate-2024-01.zip,870,6ce71612fdc2c2d227b1431ea6c9aec07d6a46ebd7d7650aee5da1a09cd19f90,True,True,93,False
klines,ADAUSDT,2024-01,https://data.binance.vision/data/futures/um/monthly/klines/ADAUSDT/1d/ADAUSDT-1d-2024-01.zip,1928,4d9f67bf57846ab68a432e39a37a0acd27409847e554b996f5c10cfc97138ec3,True,True,31,False
fundingRate,XRPUSDT,2024-01,https://data.binance.vision/data/futures/um/monthly/fundingRate/XRPUSDT/XRPUSDT-fundingRate-2024-01.zip,673,fac75e242671739980886a0f39159562dde076d49244e6f2803c407dc0112570,True,True,93,False
fundingRate,ADAUSDT,2024-01,https://data.binance.vision/data/futures/um/monthly/fundingRate/ADAUSDT/ADAUSDT-fundingRate-2024-01.zip,670,556bdb1b34faf97f266989be2a545d49cba0a7862091fa4c9600fd47f10c23c7,True,True,93,False
fundingRate,LTCUSDT,2024-01,https://data.binance.vision/data/futures/um/monthly/fundingRate/LTCUSDT/LTCUSDT-fundingRate-2024-01.zip,669,563b3ac2db75623a64a097c38c38ee0fedb0503fca5abdc768c1c6c2929cef0d,True,True,93,False
fundingRate,BCHUSDT,2024-01,https://data.binance.vision/data/futures/um/monthly/fundingRate/BCHUSDT/BCHUSDT-fundingRate-2024-01.zip,886,1672056487bb0a395b4e49edf366532d2440703c01d79e76ce14f180138160d5,True,True,93,False
klines,BCHUSDT,2024-01,https://data.binance.vision/data/futures/um/monthly/klines/BCHUSDT/1d/BCHUSDT-1d-2024-01.zip,1989,fcb0f3d8e9a48774348138d9dfa3532f185cd3cb73471884c2eb0999d6374921,True,True,31,False
klines,EOSUSDT,2024-01,https://data.binance.vision/data/futures/um/monthly/klines/EOSUSDT/1d/EOSUSDT-1d-2024-01.zip,1837,5e56b45b3d7ed3b7bba8ad7f9dc6f2e0c890fbc55426b6eb13ccd30b208ee7b6,True,True,31,False
fundingRate,EOSUSDT,2024-01,https://data.binance.vision/data/futures/um/monthly/fundingRate/EOSUSDT/EOSUSDT-fundingRate-2024-01.zip,680,b4f04c55d581252ef0262e30663502f5302125813e5dba6c09faa4db5a62cf7d,True,True,93,False
klines,LTCUSDT,2024-01,https://data.binance.vision/data/futures/um/monthly/klines/LTCUSDT/1d/LTCUSDT-1d-2024-01.zip,1977,a47f112f3d57fe8610617332b2e5df85f418d5cf0da6427b8552f0851b03b3ae,True,True,31,False
klines,DOGEUSDT,2024-01,https://data.binance.vision/data/futures/um/monthly/klines/DOGEUSDT/1d/DOGEUSDT-1d-2024-01.zip,2017,7346f00f01e61b3cf85b364b3ef6118fe2414f4e2a2545f251a703560f02e31d,True,True,31,False
klines,DOTUSDT,2024-01,https://data.binance.vision/data/futures/um/monthly/klines/DOTUSDT/1d/DOTUSDT-1d-2024-01.zip,1903,ba0679149f4631a5d33e0b8b65aafe9b6faf48368b4dcc0c64822f00daaf16bc,True,True,31,False
fundingRate,LINKUSDT,2024-01,https://data.binance.vision/data/futures/um/monthly/fundingRate/LINKUSDT/LINKUSDT-fundingRate-2024-01.zip,677,ee7c31e4df28573cfa78bac09e112191f2ed4ca2ed6a3f2aec9d43bcb0ab34b8,True,True,93,False
fundingRate,DOTUSDT,2024-01,https://data.binance.vision/data/futures/um/monthly/fundingRate/DOTUSDT/DOTUSDT-fundingRate-2024-01.zip,688,dcd4a6511fcc216baa9988abae0d18f3598fd6ac79bc1fe5dfcdc3058434037d,True,True,93,False
klines,TRXUSDT,2024-01,https://data.binance.vision/data/futures/um/monthly/klines/TRXUSDT/1d/TRXUSDT-1d-2024-01.zip,1911,1ef2438970b8d2b59d95700fb9735f88aac963627f1a67d3c7d32a46694156dc,True,True,31,False
fundingRate,TRXUSDT,2024-01,https://data.binance.vision/data/futures/um/monthly/fundingRate/TRXUSDT/TRXUSDT-fundingRate-2024-01.zip,813,d2877662dafe72778f32cd361236f357f0267565938db9994bd6e900b0d7e631,True,True,93,False
fundingRate,DOGEUSDT,2024-01,https://data.binance.vision/data/futures/um/monthly/fundingRate/DOGEUSDT/DOGEUSDT-fundingRate-2024-01.zip,670,08193c8953cef5f0366877b66391483f4076c5927d433af5fbcbb680b407767c,True,True,93,False
fundingRate,SOLUSDT,2024-01,https://data.binance.vision/data/futures/um/monthly/fundingRate/SOLUSDT/SOLUSDT-fundingRate-2024-01.zip,697,6b514b6c2bb67ff04df97d747efb9c6e4bb1bb27e889f1dc51a42ab1419a3d24,True,True,93,False
klines,LINKUSDT,2024-01,https://data.binance.vision/data/futures/um/monthly/klines/LINKUSDT/1d/LINKUSDT-1d-2024-01.zip,2027,7dd67a8da3d0c3a56ff8540b757e0d4a963f6da635ee7f88648b141108c1aea5,True,True,31,False
fundingRate,BTCUSDT,2024-02,https://data.binance.vision/data/futures/um/monthly/fundingRate/BTCUSDT/BTCUSDT-fundingRate-2024-02.zip,776,daf1e4901e3d6436d82ad60f90d007eb5300be8047cfef121007203a7212cde6,True,True,87,False
klines,ETHUSDT,2024-02,https://data.binance.vision/data/futures/um/monthly/klines/ETHUSDT/1d/ETHUSDT-1d-2024-02.zip,2029,7941d26996140a7e2788f5c56eb0e8c2d1a5e9afddb2dae37a2f3a438b42314d,True,True,29,False
klines,SOLUSDT,2024-01,https://data.binance.vision/data/futures/um/monthly/klines/SOLUSDT/1d/SOLUSDT-1d-2024-01.zip,1955,dd550c636636399d4c1d023dfc3a06a7f23b0b0460335ac077fbce323a7bd6a2,True,True,31,False
fundingRate,ETHUSDT,2024-02,https://data.binance.vision/data/futures/um/monthly/fundingRate/ETHUSDT/ETHUSDT-fundingRate-2024-02.zip,770,915fad950c48935f3875d88992b8d78290bc8a6fada44408e3ed14aef9a56670,True,True,87,False
klines,BNBUSDT,2024-02,https://data.binance.vision/data/futures/um/monthly/klines/BNBUSDT/1d/BNBUSDT-1d-2024-02.zip,1896,0cf446ef9f3507fda21c97f6e7a9ea915d5299f5da108db836c40b342d98c04a,True,True,29,False
klines,BTCUSDT,2024-02,https://data.binance.vision/data/futures/um/monthly/klines/BTCUSDT/1d/BTCUSDT-1d-2024-02.zip,2036,082bc500af56b944e9f68707e7f32aef98d6793ccd542ecfc2ffbaf9dda2377a,True,True,29,False
fundingRate,BNBUSDT,2024-02,https://data.binance.vision/data/futures/um/monthly/fundingRate/BNBUSDT/BNBUSDT-fundingRate-2024-02.zip,844,1d99928f6340abc95946545f51fadb59f2183f984b8117d5ce39456d26884250,True,True,87,False
fundingRate,XRPUSDT,2024-02,https://data.binance.vision/data/futures/um/monthly/fundingRate/XRPUSDT/XRPUSDT-fundingRate-2024-02.zip,755,e38e130c6361e5e9d5c67109f22f72812457f2461332a9304d715215576d2d0e,True,True,87,False
klines,ADAUSDT,2024-02,https://data.binance.vision/data/futures/um/monthly/klines/ADAUSDT/1d/ADAUSDT-1d-2024-02.zip,1823,b935a810525e00c830a1fb6d92bb07bae9ce10dd564187d0f0fefe57ba59685e,True,True,29,False
fundingRate,ADAUSDT,2024-02,https://data.binance.vision/data/futures/um/monthly/fundingRate/ADAUSDT/ADAUSDT-fundingRate-2024-02.zip,773,14ad791ae90a85faa463de8a3732e8298eb6bfbdaf989046d92ab079ff945ac3,True,True,87,False
klines,LTCUSDT,2024-02,https://data.binance.vision/data/futures/um/monthly/klines/LTCUSDT/1d/LTCUSDT-1d-2024-02.zip,1845,f7502d96535818e1a39a395bf56013207961c6c3da926ba7b47376e68f6cc9b3,True,True,29,False
fundingRate,LTCUSDT,2024-02,https://data.binance.vision/data/futures/um/monthly/fundingRate/LTCUSDT/LTCUSDT-fundingRate-2024-02.zip,756,7710a9586b750eeb54c2df13a5b7e4179dd278e1c7e85be7f94f0dd6b0927a54,True,True,87,False
klines,BCHUSDT,2024-02,https://data.binance.vision/data/futures/um/monthly/klines/BCHUSDT/1d/BCHUSDT-1d-2024-02.zip,1880,513e8f36877f506f88684e52b99fbcb5e54ef318c13de6cafc3809cfe485544d,True,True,29,False
fundingRate,BCHUSDT,2024-02,https://data.binance.vision/data/futures/um/monthly/fundingRate/BCHUSDT/BCHUSDT-fundingRate-2024-02.zip,800,0639a6fcffab6efce2935e058d5873230f41013bdaf0a42c43095592cfb4cf49,True,True,87,False
klines,XRPUSDT,2024-02,https://data.binance.vision/data/futures/um/monthly/klines/XRPUSDT/1d/XRPUSDT-1d-2024-02.zip,1880,d027d9e938d33fdf4e8946d2097047590b4d8f6e3a4f7ca503b47d4ef7863368,True,True,29,False
klines,DOGEUSDT,2024-02,https://data.binance.vision/data/futures/um/monthly/klines/DOGEUSDT/1d/DOGEUSDT-1d-2024-02.zip,1900,9bc5cfb17e564ec88235eebe706e404fbfc9838909ed040c6775d8b337e87b73,True,True,29,False
fundingRate,EOSUSDT,2024-02,https://data.binance.vision/data/futures/um/monthly/fundingRate/EOSUSDT/EOSUSDT-fundingRate-2024-02.zip,740,a70aaa24ee6a6a2778b46d270293230076bb9855bc0baaa8620cc1fe08cf3407,True,True,87,False
klines,EOSUSDT,2024-02,https://data.binance.vision/data/futures/um/monthly/klines/EOSUSDT/1d/EOSUSDT-1d-2024-02.zip,1746,82abdb20149ac7b0576578afd19dd37656b69f7f0058ab7e88ddd5f33d317d08,True,True,29,False
fundingRate,DOGEUSDT,2024-02,https://data.binance.vision/data/futures/um/monthly/fundingRate/DOGEUSDT/DOGEUSDT-fundingRate-2024-02.zip,764,769f0fe177bd531b65ab9a0e15d4b3814deb241e27806f8decfd45735456a823,True,True,87,False
klines,LINKUSDT,2024-02,https://data.binance.vision/data/futures/um/monthly/klines/LINKUSDT/1d/LINKUSDT-1d-2024-02.zip,1905,d51aa7235680b84b0771ed38fb0a3e33ec6a5d6cd3895061bd779d456a5157c8,True,True,29,False
klines,DOTUSDT,2024-02,https://data.binance.vision/data/futures/um/monthly/klines/DOTUSDT/1d/DOTUSDT-1d-2024-02.zip,1771,b82fc0dc88e8a79b69a47528fed28ef86e4cac413a48e2e944fb9e4d56699cba,True,True,29,False
fundingRate,DOTUSDT,2024-02,https://data.binance.vision/data/futures/um/monthly/fundingRate/DOTUSDT/DOTUSDT-fundingRate-2024-02.zip,748,2603545e0b07eba3261a607fa192f202da773faa32160133f046ab834a9512ee,True,True,87,False
fundingRate,LINKUSDT,2024-02,https://data.binance.vision/data/futures/um/monthly/fundingRate/LINKUSDT/LINKUSDT-fundingRate-2024-02.zip,754,cb3d81d514e464571e2b1d0d1b52965dae2f9be7361eb17e579b624aa69d1028,True,True,87,False
fundingRate,TRXUSDT,2024-02,https://data.binance.vision/data/futures/um/monthly/fundingRate/TRXUSDT/TRXUSDT-fundingRate-2024-02.zip,835,2d2bfabeefcc10fc329f7b79d2f788ae943b659dc2ff26ab418ff263fa608356,True,True,87,False
klines,SOLUSDT,2024-02,https://data.binance.vision/data/futures/um/monthly/klines/SOLUSDT/1d/SOLUSDT-1d-2024-02.zip,1856,3c67265fbbdea847dc08a8ee431cede6bedafcc214e8125421e2ba92fcddb4d7,True,True,29,False
klines,TRXUSDT,2024-02,https://data.binance.vision/data/futures/um/monthly/klines/TRXUSDT/1d/TRXUSDT-1d-2024-02.zip,1820,d5c12c136039c3c82d0d445bbb734cdbbf39d6b65d12ff6380d8e0fffda3596b,True,True,29,False
fundingRate,SOLUSDT,2024-02,https://data.binance.vision/data/futures/um/monthly/fundingRate/SOLUSDT/SOLUSDT-fundingRate-2024-02.zip,802,7ccaf8d60ddf07e03eba0589ec4f75abfc2a842217722aaefe996ee1bc095706,True,True,87,False
klines,ETHUSDT,2024-03,https://data.binance.vision/data/futures/um/monthly/klines/ETHUSDT/1d/ETHUSDT-1d-2024-03.zip,2159,43c489e116da4f928638fe7daf47754daf41ab97037c0bf5b7362870a8224b19,True,True,31,False
fundingRate,BTCUSDT,2024-03,https://data.binance.vision/data/futures/um/monthly/fundingRate/BTCUSDT/BTCUSDT-fundingRate-2024-03.zip,939,711dcaf2a341aedfd06447b4117b540f60adb0784c5e64a313c718e4cf092bc3,True,True,93,False
fundingRate,XRPUSDT,2024-03,https://data.binance.vision/data/futures/um/monthly/fundingRate/XRPUSDT/XRPUSDT-fundingRate-2024-03.zip,957,31a841c4eaebbb192448838f37819fcc6263ac149df469463c11126b70717e59,True,True,93,False
klines,BTCUSDT,2024-03,https://data.binance.vision/data/futures/um/monthly/klines/BTCUSDT/1d/BTCUSDT-1d-2024-03.zip,2159,44dcb588ee5f82601710d37492246575585ab70d7c938b79e0d7163434d25436,True,True,31,False
fundingRate,BNBUSDT,2024-03,https://data.binance.vision/data/futures/um/monthly/fundingRate/BNBUSDT/BNBUSDT-fundingRate-2024-03.zip,931,ae596433406d0e00bf66f4430c7f51f8d03b4d2a395949ce29d8765554ad7195,True,True,93,False
klines,ADAUSDT,2024-03,https://data.binance.vision/data/futures/um/monthly/klines/ADAUSDT/1d/ADAUSDT-1d-2024-03.zip,1953,daba31d1a1e2e3673fc943cdec28e54d2127c83713dc28b7694f5255cbf0fa85,True,True,31,False
fundingRate,ADAUSDT,2024-03,https://data.binance.vision/data/futures/um/monthly/fundingRate/ADAUSDT/ADAUSDT-fundingRate-2024-03.zip,943,e6fabaeb3abddaef662819b0bab3e1c9256c8acefcfebb60b99dee2ed79a6318,True,True,93,False
klines,LTCUSDT,2024-03,https://data.binance.vision/data/futures/um/monthly/klines/LTCUSDT/1d/LTCUSDT-1d-2024-03.zip,2010,1f8d6ea7ca674ac320cbda1fa6b635b05e379a777a723e5d6c548711d641ada1,True,True,31,False
fundingRate,ETHUSDT,2024-03,https://data.binance.vision/data/futures/um/monthly/fundingRate/ETHUSDT/ETHUSDT-fundingRate-2024-03.zip,941,e9c1d0f3e7e3b493277c7f826afb223482d56bdc7611144d398ac10e47307907,True,True,93,False
fundingRate,LTCUSDT,2024-03,https://data.binance.vision/data/futures/um/monthly/fundingRate/LTCUSDT/LTCUSDT-fundingRate-2024-03.zip,944,b27b515d32e4fb842f929714b6c764f09d03f8794dedf2f7cec3976b5cfdb986,True,True,93,False
fundingRate,BCHUSDT,2024-03,https://data.binance.vision/data/futures/um/monthly/fundingRate/BCHUSDT/BCHUSDT-fundingRate-2024-03.zip,836,e5063600ef3e5752da0d42f4c799f71b4fab0a26402025e2c4b53be985eff1a5,True,True,93,False
klines,BNBUSDT,2024-03,https://data.binance.vision/data/futures/um/monthly/klines/BNBUSDT/1d/BNBUSDT-1d-2024-03.zip,2062,73090e73201a4d13fc1d5610060d9d852dc2f987af23192756ec3e73b9d48529,True,True,31,False
klines,XRPUSDT,2024-03,https://data.binance.vision/data/futures/um/monthly/klines/XRPUSDT/1d/XRPUSDT-1d-2024-03.zip,2033,2b3f422ddbd932c0dbc0fcf7c4e501dba5935f7be06a3717abfd709912e9a279,True,True,31,False
klines,EOSUSDT,2024-03,https://data.binance.vision/data/futures/um/monthly/klines/EOSUSDT/1d/EOSUSDT-1d-2024-03.zip,1886,129e6e8ba3019c12a8ed6ad572137f8a052d5dd33e77bfa724f6b145f8801a2b,True,True,31,False
klines,DOGEUSDT,2024-03,https://data.binance.vision/data/futures/um/monthly/klines/DOGEUSDT/1d/DOGEUSDT-1d-2024-03.zip,2114,a171914628206a94494506bb4deb3281c45d7685dc21a8e21a8dfadf95ad6541,True,True,31,False
klines,BCHUSDT,2024-03,https://data.binance.vision/data/futures/um/monthly/klines/BCHUSDT/1d/BCHUSDT-1d-2024-03.zip,2056,8ad4efc2574655602b4e343eaea7d63749d4cd01453dcf463d54b272e629a3c0,True,True,31,False
klines,LINKUSDT,2024-03,https://data.binance.vision/data/futures/um/monthly/klines/LINKUSDT/1d/LINKUSDT-1d-2024-03.zip,2020,b06a43bbb61d84ef31e08f502c8fe241415a0aa18b6589d387443f3eb81e5fea,True,True,31,False
fundingRate,LINKUSDT,2024-03,https://data.binance.vision/data/futures/um/monthly/fundingRate/LINKUSDT/LINKUSDT-fundingRate-2024-03.zip,934,997ee3e66fb8778e7eed6b2f587c80d112b8a5d110f7ec59c622ee66704f4f99,True,True,93,False
fundingRate,DOTUSDT,2024-03,https://data.binance.vision/data/futures/um/monthly/fundingRate/DOTUSDT/DOTUSDT-fundingRate-2024-03.zip,905,cf0a7894adef77805c61c4517d0cbfac78665f1fcccbacd52fa0707a502ce670,True,True,93,False
fundingRate,TRXUSDT,2024-03,https://data.binance.vision/data/futures/um/monthly/fundingRate/TRXUSDT/TRXUSDT-fundingRate-2024-03.zip,825,1929b1b34ea1050a5fa281697082e6f6da84e148a1bd1d90479383f7732f4220,True,True,93,False
fundingRate,EOSUSDT,2024-03,https://data.binance.vision/data/futures/um/monthly/fundingRate/EOSUSDT/EOSUSDT-fundingRate-2024-03.zip,909,e5f6b8337ea8227a2394ffe6211d2852e320b6d869d9f6d6b54af98ab487a881,True,True,93,False
fundingRate,DOGEUSDT,2024-03,https://data.binance.vision/data/futures/um/monthly/fundingRate/DOGEUSDT/DOGEUSDT-fundingRate-2024-03.zip,942,7c8400239b28b1e96439b229bb483cd7de8637bf58f321547f46ceee160dae61,True,True,93,False
fundingRate,SOLUSDT,2024-03,https://data.binance.vision/data/futures/um/monthly/fundingRate/SOLUSDT/SOLUSDT-fundingRate-2024-03.zip,946,ff3041b6119af926fc55fc722332240037f1aee9b3a2db25f9cb801ba8e2992c,True,True,93,False
klines,DOTUSDT,2024-03,https://data.binance.vision/data/futures/um/monthly/klines/DOTUSDT/1d/DOTUSDT-1d-2024-03.zip,1929,6bc1917b954291931ebd6912a008e7dede4e23bdfb4e4e33a4b6935ee40f171b,True,True,31,False
klines,BTCUSDT,2024-04,https://data.binance.vision/data/futures/um/monthly/klines/BTCUSDT/1d/BTCUSDT-1d-2024-04.zip,2099,e09120d5e8c029f132670d03e173420bd599ac582c5ab38bc02136bfc7b2fabc,True,True,30,False
klines,TRXUSDT,2024-03,https://data.binance.vision/data/futures/um/monthly/klines/TRXUSDT/1d/TRXUSDT-1d-2024-03.zip,1919,18793eec4afda2048998a530d10eacb233dbf3cfbd90cf3e4822340bee67eb62,True,True,31,False
fundingRate,ETHUSDT,2024-04,https://data.binance.vision/data/futures/um/monthly/fundingRate/ETHUSDT/ETHUSDT-fundingRate-2024-04.zip,834,b54c9f05af116ccd921b32b25960ae26954c4983992d44f2390bf1de08b2c724,True,True,90,False
klines,ETHUSDT,2024-04,https://data.binance.vision/data/futures/um/monthly/klines/ETHUSDT/1d/ETHUSDT-1d-2024-04.zip,2108,42be54149c2cdf2786d609fdf2121deb19a5868dd4778ccaf6c73f69231eb741,True,True,30,False
klines,BNBUSDT,2024-04,https://data.binance.vision/data/futures/um/monthly/klines/BNBUSDT/1d/BNBUSDT-1d-2024-04.zip,1971,0d5f83abf65b0e91315bea9e4d63a3b57fb75addeb445b257accbfbcc97a8242,True,True,30,False
klines,SOLUSDT,2024-03,https://data.binance.vision/data/futures/um/monthly/klines/SOLUSDT/1d/SOLUSDT-1d-2024-03.zip,2009,520dd3a1ad1af1db594bc2f7fd6e52993c444a36178845b2c5d53e9d3a69fea9,True,True,31,False
klines,XRPUSDT,2024-04,https://data.binance.vision/data/futures/um/monthly/klines/XRPUSDT/1d/XRPUSDT-1d-2024-04.zip,1968,9d362bb56fb9f91533f486415e88a10ccf1cbda259ce891943a8b4a8cafb56fe,True,True,30,False
fundingRate,BNBUSDT,2024-04,https://data.binance.vision/data/futures/um/monthly/fundingRate/BNBUSDT/BNBUSDT-fundingRate-2024-04.zip,905,97e66b580deae706cbf1b56b21a71668d5587a7db68bf69d01ef1db5045125bd,True,True,90,False
fundingRate,BTCUSDT,2024-04,https://data.binance.vision/data/futures/um/monthly/fundingRate/BTCUSDT/BTCUSDT-fundingRate-2024-04.zip,842,6d220b8e2815362a11d294d35dbca28568370d8295351937eceec10f2b359b85,True,True,90,False
klines,ADAUSDT,2024-04,https://data.binance.vision/data/futures/um/monthly/klines/ADAUSDT/1d/ADAUSDT-1d-2024-04.zip,1880,53745793fafcc5b9467ad44673ebb10f37592942042b517aa268bee523272485,True,True,30,False
klines,BCHUSDT,2024-04,https://data.binance.vision/data/futures/um/monthly/klines/BCHUSDT/1d/BCHUSDT-1d-2024-04.zip,2000,a797663a230f3c9fba7a0b570b91a7b7315687140cdb1878671cbfdb1c6a1bcd,True,True,30,False
fundingRate,LTCUSDT,2024-04,https://data.binance.vision/data/futures/um/monthly/fundingRate/LTCUSDT/LTCUSDT-fundingRate-2024-04.zip,815,e5b8ec9f7271e6e9ee7026dc25d7cdb9af020aff1b84ca55806ce6111f94dc6a,True,True,90,False
fundingRate,BCHUSDT,2024-04,https://data.binance.vision/data/futures/um/monthly/fundingRate/BCHUSDT/BCHUSDT-fundingRate-2024-04.zip,904,01dab38e573e454cc769bcd734918b123789cbed4150bbf1449564c32a018eb0,True,True,90,False
fundingRate,XRPUSDT,2024-04,https://data.binance.vision/data/futures/um/monthly/fundingRate/XRPUSDT/XRPUSDT-fundingRate-2024-04.zip,881,d7586ec30b20ca06772ac7fb52dd027e913ce0a26a93669e3a4276522bff9ab5,True,True,90,False
klines,LTCUSDT,2024-04,https://data.binance.vision/data/futures/um/monthly/klines/LTCUSDT/1d/LTCUSDT-1d-2024-04.zip,1950,62be1263751613cf80216d23b188de3ebb81a8721e69acb4b158fc0686761984,True,True,30,False
klines,DOGEUSDT,2024-04,https://data.binance.vision/data/futures/um/monthly/klines/DOGEUSDT/1d/DOGEUSDT-1d-2024-04.zip,2027,f54a4822c3ddb570bdd5a6594970334e969409ef6f2aa1f7311acec428bd444f,True,True,30,False
fundingRate,DOGEUSDT,2024-04,https://data.binance.vision/data/futures/um/monthly/fundingRate/DOGEUSDT/DOGEUSDT-fundingRate-2024-04.zip,904,b09c688e8f524d879b901f1cba4a15836180af254868b22feabb324268b521cf,True,True,90,False
fundingRate,ADAUSDT,2024-04,https://data.binance.vision/data/futures/um/monthly/fundingRate/ADAUSDT/ADAUSDT-fundingRate-2024-04.zip,844,c878ea5f06295a32afce857a7179d59ac1437bb4e56d92bb508f47f6334c8fc0,True,True,90,False
fundingRate,EOSUSDT,2024-04,https://data.binance.vision/data/futures/um/monthly/fundingRate/EOSUSDT/EOSUSDT-fundingRate-2024-04.zip,717,29029a106fb28e4daac673f4056857e7793032191fd48a70302f6ae413a1eb5c,True,True,90,False
fundingRate,DOTUSDT,2024-04,https://data.binance.vision/data/futures/um/monthly/fundingRate/DOTUSDT/DOTUSDT-fundingRate-2024-04.zip,901,13e20d6bf20678f934978c92edfb900cda9fea4f1e342040af4499f64bdad2d4,True,True,90,False
klines,DOTUSDT,2024-04,https://data.binance.vision/data/futures/um/monthly/klines/DOTUSDT/1d/DOTUSDT-1d-2024-04.zip,1850,5293f6c16068a73afebed4b22f49273707eb28c5003d26d43e05daf2949d9b93,True,True,30,False
klines,TRXUSDT,2024-04,https://data.binance.vision/data/futures/um/monthly/klines/TRXUSDT/1d/TRXUSDT-1d-2024-04.zip,1868,58f0b4e2aab8149a9ce4679a238b1d93728d98b234798156be17676b424b7040,True,True,30,False
klines,EOSUSDT,2024-04,https://data.binance.vision/data/futures/um/monthly/klines/EOSUSDT/1d/EOSUSDT-1d-2024-04.zip,1819,93c8ee7b7e554f684485d4b3284f55333431e6f1d380eae65e6242e16864aad8,True,True,30,False
fundingRate,LINKUSDT,2024-04,https://data.binance.vision/data/futures/um/monthly/fundingRate/LINKUSDT/LINKUSDT-fundingRate-2024-04.zip,836,fd263095594d9092e8d562762242b3d73453cd53fd967a0458c4d7d1b756ca3a,True,True,90,False
klines,SOLUSDT,2024-04,https://data.binance.vision/data/futures/um/monthly/klines/SOLUSDT/1d/SOLUSDT-1d-2024-04.zip,1944,976757b8cf07ff4c6ca800ea41657c49bfbb3f06506749d2e8406af9ca10a3c3,True,True,30,False
fundingRate,TRXUSDT,2024-04,https://data.binance.vision/data/futures/um/monthly/fundingRate/TRXUSDT/TRXUSDT-fundingRate-2024-04.zip,840,ba96693b2fb71fbfcf80f4a3adffe82defaeb6899c55951dee4994fe78fb357a,True,True,90,False
fundingRate,SOLUSDT,2024-04,https://data.binance.vision/data/futures/um/monthly/fundingRate/SOLUSDT/SOLUSDT-fundingRate-2024-04.zip,869,591e7c4993e59b60966213efd938f48420cd9b63db815240ffc070ec40470e53,True,True,90,False
klines,BTCUSDT,2024-05,https://data.binance.vision/data/futures/um/monthly/klines/BTCUSDT/1d/BTCUSDT-1d-2024-05.zip,2133,03ea4f510206bdc5ff623acd6fab27ff46a464d700dcb00d637d6cb6c844ccde,True,True,31,False
klines,LINKUSDT,2024-04,https://data.binance.vision/data/futures/um/monthly/klines/LINKUSDT/1d/LINKUSDT-1d-2024-04.zip,1945,34be0efd19a0bc3c389c024294707421f6d284999ead50cc7400b79974f387d2,True,True,30,False
klines,ETHUSDT,2024-05,https://data.binance.vision/data/futures/um/monthly/klines/ETHUSDT/1d/ETHUSDT-1d-2024-05.zip,2157,5d62f1f430ac7df56f6658d3e75b02e189f609ef6de54667fc89eff5cac679c7,True,True,31,False
fundingRate,ETHUSDT,2024-05,https://data.binance.vision/data/futures/um/monthly/fundingRate/ETHUSDT/ETHUSDT-fundingRate-2024-05.zip,836,8350ab4d61b12ec61539611e30809039f54814213bc4c937609360b1ff28b5e0,True,True,93,False
klines,BNBUSDT,2024-05,https://data.binance.vision/data/futures/um/monthly/klines/BNBUSDT/1d/BNBUSDT-1d-2024-05.zip,1989,88d8edc208319e515bd39c5a24237ef938e24d931919555354470917c104613d,True,True,31,False
klines,XRPUSDT,2024-05,https://data.binance.vision/data/futures/um/monthly/klines/XRPUSDT/1d/XRPUSDT-1d-2024-05.zip,1962,4d836c301c3f65d95f012e1fc4cb7ce6e6904cb46ad3318b80ed86da1452d6a7,True,True,31,False
fundingRate,XRPUSDT,2024-05,https://data.binance.vision/data/futures/um/monthly/fundingRate/XRPUSDT/XRPUSDT-fundingRate-2024-05.zip,783,4ca09712c976062effee663d005c27420089003ed5a1c95d8c2b4937fe05fa01,True,True,93,False
fundingRate,BTCUSDT,2024-05,https://data.binance.vision/data/futures/um/monthly/fundingRate/BTCUSDT/BTCUSDT-fundingRate-2024-05.zip,830,aef8c5fdce1493fd570b5829a72f2f17c7e459483390f25544d16c2a30be592e,True,True,93,False
klines,ADAUSDT,2024-05,https://data.binance.vision/data/futures/um/monthly/klines/ADAUSDT/1d/ADAUSDT-1d-2024-05.zip,1889,e62c78f2aa720cdd04715dbe5847ed3c294b2aee3509137e3c43b32e782374fc,True,True,31,False
fundingRate,ADAUSDT,2024-05,https://data.binance.vision/data/futures/um/monthly/fundingRate/ADAUSDT/ADAUSDT-fundingRate-2024-05.zip,778,a79c3bd86f11b6866802910152c18aa847a3f646547772a5115f965c8669f5e7,True,True,93,False
fundingRate,LTCUSDT,2024-05,https://data.binance.vision/data/futures/um/monthly/fundingRate/LTCUSDT/LTCUSDT-fundingRate-2024-05.zip,748,f4c1b77749352ca73babf231758f9d113228f4a336b1264e285a31ca5c2fb815,True,True,93,False
klines,LTCUSDT,2024-05,https://data.binance.vision/data/futures/um/monthly/klines/LTCUSDT/1d/LTCUSDT-1d-2024-05.zip,1937,b8b15d0141f0079bf31e2a6b701622b3bf2f65bebc83feb2187cdd38ffcf1b53,True,True,31,False
fundingRate,BNBUSDT,2024-05,https://data.binance.vision/data/futures/um/monthly/fundingRate/BNBUSDT/BNBUSDT-fundingRate-2024-05.zip,867,4ebe1a295be42c705739ff3717b113661513eee0560a17936697568cd2c06ae0,True,True,93,False
fundingRate,BCHUSDT,2024-05,https://data.binance.vision/data/futures/um/monthly/fundingRate/BCHUSDT/BCHUSDT-fundingRate-2024-05.zip,941,d3f5e1ad115457ef8a7adab650762e6903043f5ee8ef5e628adc4924b99295a8,True,True,93,False
fundingRate,EOSUSDT,2024-05,https://data.binance.vision/data/futures/um/monthly/fundingRate/EOSUSDT/EOSUSDT-fundingRate-2024-05.zip,651,b479787520250c1a237b985e53cf6821f279ea0458fe8a8c36033134fc0270ce,True,True,93,False
klines,EOSUSDT,2024-05,https://data.binance.vision/data/futures/um/monthly/klines/EOSUSDT/1d/EOSUSDT-1d-2024-05.zip,1818,d8c8f3c0cd6731b7101c9893f6987bd5ba9a8fdb0ff0886a40348a77b9bef196,True,True,31,False
klines,DOGEUSDT,2024-05,https://data.binance.vision/data/futures/um/monthly/klines/DOGEUSDT/1d/DOGEUSDT-1d-2024-05.zip,2057,cdc397bbb0527a1c5961738a433d34f3419747d606fd290e79ab312cdf37c9d3,True,True,31,False
klines,BCHUSDT,2024-05,https://data.binance.vision/data/futures/um/monthly/klines/BCHUSDT/1d/BCHUSDT-1d-2024-05.zip,2002,4baf457aaf150889bdac53da0d1e183735d84615560dda03fd0bc1284ac55314,True,True,31,False
klines,LINKUSDT,2024-05,https://data.binance.vision/data/futures/um/monthly/klines/LINKUSDT/1d/LINKUSDT-1d-2024-05.zip,1990,1c64fe97218b9e391d97dd0fe3b0d628431af9e187d2be2676701c122e6ce10b,True,True,31,False
fundingRate,LINKUSDT,2024-05,https://data.binance.vision/data/futures/um/monthly/fundingRate/LINKUSDT/LINKUSDT-fundingRate-2024-05.zip,760,57e4ff08bdd4a70e775f722f0ef8a104e937e719f6cfdd6557c9628e2ef50895,True,True,93,False
klines,DOTUSDT,2024-05,https://data.binance.vision/data/futures/um/monthly/klines/DOTUSDT/1d/DOTUSDT-1d-2024-05.zip,1874,a560a6cc341ed660c0d2fb1b10231930906ecd4bf7add288d27525cfa09cd35c,True,True,31,False
klines,TRXUSDT,2024-05,https://data.binance.vision/data/futures/um/monthly/klines/TRXUSDT/1d/TRXUSDT-1d-2024-05.zip,1902,148cce96a604bba8f78c8dbc295bb96fb6dd15bdacfc171580391c0d164a16bd,True,True,31,False
fundingRate,TRXUSDT,2024-05,https://data.binance.vision/data/futures/um/monthly/fundingRate/TRXUSDT/TRXUSDT-fundingRate-2024-05.zip,868,d14af871339293b6fd6d43b084537868ffe290308cd27b430fd04d9d20e95d2e,True,True,93,False
fundingRate,DOGEUSDT,2024-05,https://data.binance.vision/data/futures/um/monthly/fundingRate/DOGEUSDT/DOGEUSDT-fundingRate-2024-05.zip,786,5df5a4bb6733899a885591106626242a3aab4b5ada077b62dd44ac27d14a9e7c,True,True,93,False
klines,SOLUSDT,2024-05,https://data.binance.vision/data/futures/um/monthly/klines/SOLUSDT/1d/SOLUSDT-1d-2024-05.zip,1970,644b194eda5d48fdc82cfc69c2c61e252af83c5580117de7dc43ae9f2ce9fc9f,True,True,31,False
fundingRate,SOLUSDT,2024-05,https://data.binance.vision/data/futures/um/monthly/fundingRate/SOLUSDT/SOLUSDT-fundingRate-2024-05.zip,810,cdd788722e8b85fd6c9d992e7c1c767be87afc91db5b8c07751f898b373cbf29,True,True,93,False
klines,ETHUSDT,2024-06,https://data.binance.vision/data/futures/um/monthly/klines/ETHUSDT/1d/ETHUSDT-1d-2024-06.zip,2076,b14d786dbc20dd9182fd792cfbc3ecb52a1bcdf5463db03af4a34aa5dcfcabb1,True,True,30,False
klines,BTCUSDT,2024-06,https://data.binance.vision/data/futures/um/monthly/klines/BTCUSDT/1d/BTCUSDT-1d-2024-06.zip,2068,a92b43b86ff23ad4e9ea0b931c6a88ecdb4d3265052ab96e81a078344c99328c,True,True,30,False
fundingRate,ETHUSDT,2024-06,https://data.binance.vision/data/futures/um/monthly/fundingRate/ETHUSDT/ETHUSDT-fundingRate-2024-06.zip,758,def13f4a478c28b0111fb24c57f95fcee80e71982ed74f12e465d20d328e2275,True,True,90,False
klines,BNBUSDT,2024-06,https://data.binance.vision/data/futures/um/monthly/klines/BNBUSDT/1d/BNBUSDT-1d-2024-06.zip,1941,3dee35cac3e6447e04808f27c79f3305278f7c1efa883060efcfb088d705d78a,True,True,30,False
fundingRate,DOTUSDT,2024-05,https://data.binance.vision/data/futures/um/monthly/fundingRate/DOTUSDT/DOTUSDT-fundingRate-2024-05.zip,769,a9302fe44977b81cfff1d96ee211191c4eeceda21170c3fd074a06ebf899f52e,True,True,93,False
fundingRate,BTCUSDT,2024-06,https://data.binance.vision/data/futures/um/monthly/fundingRate/BTCUSDT/BTCUSDT-fundingRate-2024-06.zip,721,43fc4473820d1fb4fe340d1b1951a87555f6841aa352e684fa95d6adffce04c6,True,True,90,False
fundingRate,BNBUSDT,2024-06,https://data.binance.vision/data/futures/um/monthly/fundingRate/BNBUSDT/BNBUSDT-fundingRate-2024-06.zip,702,bc5d4b47ffa9c6e6b30147dbb3c93f63a27b071428445ed6e57339a86745a9e0,True,True,90,False
klines,XRPUSDT,2024-06,https://data.binance.vision/data/futures/um/monthly/klines/XRPUSDT/1d/XRPUSDT-1d-2024-06.zip,1914,56b80d94528ecc2bb3981df66ca46f15d898cb7797b0d1d0fcb3ed7de14a1aca,True,True,30,False
klines,ADAUSDT,2024-06,https://data.binance.vision/data/futures/um/monthly/klines/ADAUSDT/1d/ADAUSDT-1d-2024-06.zip,1822,f918b790a1a328701b0a85b134a4ead74be0dfe67674a8f5f22f01cc36e20a2c,True,True,30,False
fundingRate,XRPUSDT,2024-06,https://data.binance.vision/data/futures/um/monthly/fundingRate/XRPUSDT/XRPUSDT-fundingRate-2024-06.zip,753,fd9055cb8a05ce268c24b91800682091232f0dc285b1240f57e2d66396eb6a5f,True,True,90,False
klines,LTCUSDT,2024-06,https://data.binance.vision/data/futures/um/monthly/klines/LTCUSDT/1d/LTCUSDT-1d-2024-06.zip,1900,24cb0505ebc04c9e98c5f8a984825a70aab655b034e449bd312e292a3dca10e9,True,True,30,False
klines,BCHUSDT,2024-06,https://data.binance.vision/data/futures/um/monthly/klines/BCHUSDT/1d/BCHUSDT-1d-2024-06.zip,1943,fcbac8a650113d636391dd1af544d732c0207322c7e43177e6e08f64565fee17,True,True,30,False
fundingRate,LTCUSDT,2024-06,https://data.binance.vision/data/futures/um/monthly/fundingRate/LTCUSDT/LTCUSDT-fundingRate-2024-06.zip,746,aa4e0d8e5ce40f0ba78946d4149dfbdcee249deb9266704edf8d5baff9d0cbe9,True,True,90,False
klines,EOSUSDT,2024-06,https://data.binance.vision/data/futures/um/monthly/klines/EOSUSDT/1d/EOSUSDT-1d-2024-06.zip,1785,9814c7fd5a6e488976a4b98b234bbfe0316e4be32b9926c384da929ce78abb65,True,True,30,False
fundingRate,ADAUSDT,2024-06,https://data.binance.vision/data/futures/um/monthly/fundingRate/ADAUSDT/ADAUSDT-fundingRate-2024-06.zip,745,01a5eecac131548ffaaff8ef1122c9a4828243a0979d91df40f319368b1177b3,True,True,90,False
fundingRate,EOSUSDT,2024-06,https://data.binance.vision/data/futures/um/monthly/fundingRate/EOSUSDT/EOSUSDT-fundingRate-2024-06.zip,658,45bcf13fb17f4ec1827d08b4bb6d19c4a793e166786f99cb2b7197aefa9a535e,True,True,90,False
fundingRate,BCHUSDT,2024-06,https://data.binance.vision/data/futures/um/monthly/fundingRate/BCHUSDT/BCHUSDT-fundingRate-2024-06.zip,871,9372fc329610b822774e1c00c006779254db773f3c77e1944b4ea6af455a5551,True,True,90,False
klines,DOGEUSDT,2024-06,https://data.binance.vision/data/futures/um/monthly/klines/DOGEUSDT/1d/DOGEUSDT-1d-2024-06.zip,1970,d34f3f490f4640463a94fe7378b65cc4a4ff0146c1411cbe90f1f05dbf87eb0f,True,True,30,False
klines,LINKUSDT,2024-06,https://data.binance.vision/data/futures/um/monthly/klines/LINKUSDT/1d/LINKUSDT-1d-2024-06.zip,1914,eef97aded9c1d33b0a656ae8374d51b4c5ed6ff51ae862593c6c52c934ca8958,True,True,30,False
fundingRate,LINKUSDT,2024-06,https://data.binance.vision/data/futures/um/monthly/fundingRate/LINKUSDT/LINKUSDT-fundingRate-2024-06.zip,757,ed259e3baf5dd43e03751fdfc78b35e5978c7c7dd01a61b0dbe29d0d09b2de83,True,True,90,False
klines,DOTUSDT,2024-06,https://data.binance.vision/data/futures/um/monthly/klines/DOTUSDT/1d/DOTUSDT-1d-2024-06.zip,1818,e480c2786037bc2436a182cf9d6803501218decb5c5aa2468760b12c0a8293dc,True,True,30,False
fundingRate,DOTUSDT,2024-06,https://data.binance.vision/data/futures/um/monthly/fundingRate/DOTUSDT/DOTUSDT-fundingRate-2024-06.zip,831,74c807aa155ced4a09f35881c9cd14d749eba85fa881015b0bfbe51d83d0980a,True,True,90,False
fundingRate,TRXUSDT,2024-06,https://data.binance.vision/data/futures/um/monthly/fundingRate/TRXUSDT/TRXUSDT-fundingRate-2024-06.zip,746,b7dff5f6f6a8b60db482aeecec40309cba631aa99edcd41d0b3fd413aca46685,True,True,90,False
fundingRate,DOGEUSDT,2024-06,https://data.binance.vision/data/futures/um/monthly/fundingRate/DOGEUSDT/DOGEUSDT-fundingRate-2024-06.zip,785,c6ba303e7c28db0a2bf2f8121482c7b8813793b860d2ef22ecd08dcd95e8185e,True,True,90,False
klines,SOLUSDT,2024-06,https://data.binance.vision/data/futures/um/monthly/klines/SOLUSDT/1d/SOLUSDT-1d-2024-06.zip,1893,0a36de62d41b1765e82d621877e551c070d83a1e39651b2c52125a036e1c1ea3,True,True,30,False
fundingRate,SOLUSDT,2024-06,https://data.binance.vision/data/futures/um/monthly/fundingRate/SOLUSDT/SOLUSDT-fundingRate-2024-06.zip,803,8da6c97d67718422a5df9a0d50e37849521fb54de87cbb3b3397e441439dfcc9,True,True,90,False
fundingRate,BTCUSDT,2024-07,https://data.binance.vision/data/futures/um/monthly/fundingRate/BTCUSDT/BTCUSDT-fundingRate-2024-07.zip,847,acab0593c1452660ce74a6c239fb215c1192b0a9c6e8c1689e6495de40a0174b,True,True,93,False
fundingRate,ETHUSDT,2024-07,https://data.binance.vision/data/futures/um/monthly/fundingRate/ETHUSDT/ETHUSDT-fundingRate-2024-07.zip,831,9d236281ab6430250ad2b472cbbf03812a40aed42e73c8339fc6be55a2417a82,True,True,93,False
klines,TRXUSDT,2024-06,https://data.binance.vision/data/futures/um/monthly/klines/TRXUSDT/1d/TRXUSDT-1d-2024-06.zip,1825,4cd79c5aa3571b3b3e5e396972119fb6e5d1551d3979436d751cfb33f3ef9ff3,True,True,30,False
klines,BTCUSDT,2024-07,https://data.binance.vision/data/futures/um/monthly/klines/BTCUSDT/1d/BTCUSDT-1d-2024-07.zip,2137,f3ea230291b5d2243f06fbf8b0ce213ab8aaa82ea3a94bdbb5661edda43b4cbe,True,True,31,False
klines,BNBUSDT,2024-07,https://data.binance.vision/data/futures/um/monthly/klines/BNBUSDT/1d/BNBUSDT-1d-2024-07.zip,1973,2250e81821681497bbfce8c8f81a7f7e6d46a62fc2ce03163f19c9070b37ecad,True,True,31,False
klines,ETHUSDT,2024-07,https://data.binance.vision/data/futures/um/monthly/klines/ETHUSDT/1d/ETHUSDT-1d-2024-07.zip,2160,f859af807b50b6a370b62b9472101cb57864eea4a946a9ee91556baad9cc342d,True,True,31,False
klines,LTCUSDT,2024-07,https://data.binance.vision/data/futures/um/monthly/klines/LTCUSDT/1d/LTCUSDT-1d-2024-07.zip,1945,33843080a41363fc9542db1a934e5cfee262c3c5dd27562f8f92f8ada7079e83,True,True,31,False
klines,XRPUSDT,2024-07,https://data.binance.vision/data/futures/um/monthly/klines/XRPUSDT/1d/XRPUSDT-1d-2024-07.zip,2015,0e6993522cb912f11dbaf404302d17aeeca2770df56d049268cde4b7fbe1cd8f,True,True,31,False
fundingRate,BNBUSDT,2024-07,https://data.binance.vision/data/futures/um/monthly/fundingRate/BNBUSDT/BNBUSDT-fundingRate-2024-07.zip,667,ba2e909430ca421202cc86b658d242bdcb03cf15f729fd5bdaf6b11bc7117243,True,True,93,False
fundingRate,LTCUSDT,2024-07,https://data.binance.vision/data/futures/um/monthly/fundingRate/LTCUSDT/LTCUSDT-fundingRate-2024-07.zip,873,d5838bf2de1bcfa03e9dc22a580a40a946b3dc6ee0a14bc2318dc9aa190d9cfc,True,True,93,False
klines,ADAUSDT,2024-07,https://data.binance.vision/data/futures/um/monthly/klines/ADAUSDT/1d/ADAUSDT-1d-2024-07.zip,1896,ad1a425e5d8c745834918e7dbac5453717fa4212dedcf27febb427cbbbbb6f47,True,True,31,False
klines,BCHUSDT,2024-07,https://data.binance.vision/data/futures/um/monthly/klines/BCHUSDT/1d/BCHUSDT-1d-2024-07.zip,2009,8d26e7790191627f55b539532a34e2d7e94c23a00dd12888447e7015fdd1fa42,True,True,31,False
fundingRate,ADAUSDT,2024-07,https://data.binance.vision/data/futures/um/monthly/fundingRate/ADAUSDT/ADAUSDT-fundingRate-2024-07.zip,792,3e2cbc523d8fa9ccef3cd49b65ddbd08bc066dd2693139219b91b953fdc6ce85,True,True,93,False
fundingRate,BCHUSDT,2024-07,https://data.binance.vision/data/futures/um/monthly/fundingRate/BCHUSDT/BCHUSDT-fundingRate-2024-07.zip,960,a41f62ca152249d374c042a343dec9b41edb0c673f309e1bc371bb73eae32384,True,True,93,False
fundingRate,EOSUSDT,2024-07,https://data.binance.vision/data/futures/um/monthly/fundingRate/EOSUSDT/EOSUSDT-fundingRate-2024-07.zip,738,9ef13ffde34adc03294961e4a668289343dee9053b41c13cd5cb31d45f7a3ef1,True,True,93,False
klines,EOSUSDT,2024-07,https://data.binance.vision/data/futures/um/monthly/klines/EOSUSDT/1d/EOSUSDT-1d-2024-07.zip,1823,a8b84212152668fc58ac2b19e4a0cc6f7412d3cd4ea588e1cb96ac120b2ef478,True,True,31,False
fundingRate,XRPUSDT,2024-07,https://data.binance.vision/data/futures/um/monthly/fundingRate/XRPUSDT/XRPUSDT-fundingRate-2024-07.zip,786,68c8ac31b16c4b1f81a3b70860175e5163e76652ddea9ef1bb6e6f01a369a33e,True,True,93,False
klines,LINKUSDT,2024-07,https://data.binance.vision/data/futures/um/monthly/klines/LINKUSDT/1d/LINKUSDT-1d-2024-07.zip,1969,a5bda5e212e77db6c61afe19ee40dbdc21301d61c408d1add144570b26587f6b,True,True,31,False
klines,DOGEUSDT,2024-07,https://data.binance.vision/data/futures/um/monthly/klines/DOGEUSDT/1d/DOGEUSDT-1d-2024-07.zip,2036,3eaf295730dbf16a81c5d0710b00467ac58ce4f9072cdf91d5017594be36196c,True,True,31,False
fundingRate,LINKUSDT,2024-07,https://data.binance.vision/data/futures/um/monthly/fundingRate/LINKUSDT/LINKUSDT-fundingRate-2024-07.zip,867,84fda29e97f5e126ab3d301d83aadd58a271b9cb7e128eae315629a43fec8040,True,True,93,False
klines,DOTUSDT,2024-07,https://data.binance.vision/data/futures/um/monthly/klines/DOTUSDT/1d/DOTUSDT-1d-2024-07.zip,1879,f859486911b204a35ff2cb5aa071ed535dd054a770d0b2965d72fe13df8f0f6c,True,True,31,False
fundingRate,DOGEUSDT,2024-07,https://data.binance.vision/data/futures/um/monthly/fundingRate/DOGEUSDT/DOGEUSDT-fundingRate-2024-07.zip,816,4e9db7b8df1c75627ce56d4010fa84a93fce0162112a93696e98da5138d0f380,True,True,93,False
fundingRate,DOTUSDT,2024-07,https://data.binance.vision/data/futures/um/monthly/fundingRate/DOTUSDT/DOTUSDT-fundingRate-2024-07.zip,852,7090fa6a4897521868240ab89b66effef5b91f955cf15f2decb9f7566e1859d0,True,True,93,False
fundingRate,TRXUSDT,2024-07,https://data.binance.vision/data/futures/um/monthly/fundingRate/TRXUSDT/TRXUSDT-fundingRate-2024-07.zip,903,16c16033aba6cda2dac8969f3466436fdbe0aac98721a38a7e4351e4eb8b6604,True,True,93,False
klines,TRXUSDT,2024-07,https://data.binance.vision/data/futures/um/monthly/klines/TRXUSDT/1d/TRXUSDT-1d-2024-07.zip,1898,0cc1e5a7ec48dbf023085056b716b4e64a450700adb5bdb17a5378448b8e42a3,True,True,31,False
klines,SOLUSDT,2024-07,https://data.binance.vision/data/futures/um/monthly/klines/SOLUSDT/1d/SOLUSDT-1d-2024-07.zip,1960,0a664901a02541db6e13ae050270ee9c225c0e1dbd8a1dbfebadc54f675144cd,True,True,31,False
fundingRate,SOLUSDT,2024-07,https://data.binance.vision/data/futures/um/monthly/fundingRate/SOLUSDT/SOLUSDT-fundingRate-2024-07.zip,850,2585a0db933c70b62c87cac509de42ac09b98d370238c0d8c68249a20bd2b9a3,True,True,93,False
klines,BTCUSDT,2024-08,https://data.binance.vision/data/futures/um/monthly/klines/BTCUSDT/1d/BTCUSDT-1d-2024-08.zip,2153,cd84abb28fffe93471c77859b9d8c57059fb88b4522545ab80c6fb3d6c834140,True,True,31,False
fundingRate,BTCUSDT,2024-08,https://data.binance.vision/data/futures/um/monthly/fundingRate/BTCUSDT/BTCUSDT-fundingRate-2024-08.zip,904,7003d29a43dd5f9357f838da8766834954939e22c1d80af682d9f33984f67b71,True,True,93,False
klines,ETHUSDT,2024-08,https://data.binance.vision/data/futures/um/monthly/klines/ETHUSDT/1d/ETHUSDT-1d-2024-08.zip,2152,f6d8434f1a502d71fea21fda8d6a3e9d8980437a16411092b9a4b0ca36e26ddf,True,True,31,False
klines,BNBUSDT,2024-08,https://data.binance.vision/data/futures/um/monthly/klines/BNBUSDT/1d/BNBUSDT-1d-2024-08.zip,2008,63daf86fab255eee95810672895b94f327aadddf628c6363584466fef3478c0e,True,True,31,False
fundingRate,BNBUSDT,2024-08,https://data.binance.vision/data/futures/um/monthly/fundingRate/BNBUSDT/BNBUSDT-fundingRate-2024-08.zip,706,5b1c28afa6becb9c4303fb2438c39461b199a48a0992bccb5e1e4be344b7a931,True,True,93,False
fundingRate,ETHUSDT,2024-08,https://data.binance.vision/data/futures/um/monthly/fundingRate/ETHUSDT/ETHUSDT-fundingRate-2024-08.zip,944,e17684bc761924eb5e1912c52cfa997eddeb99da303e68e28f6f37369f672b9d,True,True,93,False
klines,XRPUSDT,2024-08,https://data.binance.vision/data/futures/um/monthly/klines/XRPUSDT/1d/XRPUSDT-1d-2024-08.zip,2005,d4a63e61137af4fa39099c47dce725e272b7b90efdc35e98cb73c2cc67752b3a,True,True,31,False
fundingRate,XRPUSDT,2024-08,https://data.binance.vision/data/futures/um/monthly/fundingRate/XRPUSDT/XRPUSDT-fundingRate-2024-08.zip,925,fa1318b6213cae7ff5ead4110c4d7c97c3103203b56b2607678e4527dd8ad906,True,True,93,False
klines,LTCUSDT,2024-08,https://data.binance.vision/data/futures/um/monthly/klines/LTCUSDT/1d/LTCUSDT-1d-2024-08.zip,1952,8a44dd0df978d170346f325bc9b660912a8a5bb86bebd79958c9612163abb05b,True,True,31,False
fundingRate,LTCUSDT,2024-08,https://data.binance.vision/data/futures/um/monthly/fundingRate/LTCUSDT/LTCUSDT-fundingRate-2024-08.zip,918,dc4fa08df4e5d16d554a0c7af13730bfeb4890f7736c47774799c87154318014,True,True,93,False
fundingRate,ADAUSDT,2024-08,https://data.binance.vision/data/futures/um/monthly/fundingRate/ADAUSDT/ADAUSDT-fundingRate-2024-08.zip,923,0e3e1bb39d7f78a63f1182f89d451a68777f2b57e7ca985448d8c8b12b8a6997,True,True,93,False
klines,BCHUSDT,2024-08,https://data.binance.vision/data/futures/um/monthly/klines/BCHUSDT/1d/BCHUSDT-1d-2024-08.zip,2008,5f29f19bffbd297122714d12cacb2625643ee84fb0664c45314990cc05a1e7aa,True,True,31,False
klines,ADAUSDT,2024-08,https://data.binance.vision/data/futures/um/monthly/klines/ADAUSDT/1d/ADAUSDT-1d-2024-08.zip,1882,e5d5773e9950e2cf21a12057c95e3d55aba70e1d3abc73f0782eb71c6ec3f83d,True,True,31,False
fundingRate,BCHUSDT,2024-08,https://data.binance.vision/data/futures/um/monthly/fundingRate/BCHUSDT/BCHUSDT-fundingRate-2024-08.zip,967,8e80ee2b85c1fcf5ad653bdbd643f8dfc98f7d471a8de682664e7ddc39a50346,True,True,93,False
klines,EOSUSDT,2024-08,https://data.binance.vision/data/futures/um/monthly/klines/EOSUSDT/1d/EOSUSDT-1d-2024-08.zip,1827,914e4d955a342f3bda12a303b085097ca7e8398ce275b15b5edea9b6fa705a67,True,True,31,False
klines,DOGEUSDT,2024-08,https://data.binance.vision/data/futures/um/monthly/klines/DOGEUSDT/1d/DOGEUSDT-1d-2024-08.zip,2037,f7a4c621fe7abd4b8f124d57739e541086acc4560392c10e51986588f37b1b25,True,True,31,False
fundingRate,EOSUSDT,2024-08,https://data.binance.vision/data/futures/um/monthly/fundingRate/EOSUSDT/EOSUSDT-fundingRate-2024-08.zip,841,a0ca8c2cd89fe7401589413a659276ce627a75c9ac3995ba905b7da086422b9c,True,True,93,False
klines,LINKUSDT,2024-08,https://data.binance.vision/data/futures/um/monthly/klines/LINKUSDT/1d/LINKUSDT-1d-2024-08.zip,1970,d24aa7b1eff902325d2289f975382ce73111ae0c343a81d5fbeb784158daa3a0,True,True,31,False
fundingRate,LINKUSDT,2024-08,https://data.binance.vision/data/futures/um/monthly/fundingRate/LINKUSDT/LINKUSDT-fundingRate-2024-08.zip,927,9cb25c7b945c3e0df7f40833e46c893ab10c9e4eff1fcbbd17967fe04571332d,True,True,93,False
fundingRate,DOGEUSDT,2024-08,https://data.binance.vision/data/futures/um/monthly/fundingRate/DOGEUSDT/DOGEUSDT-fundingRate-2024-08.zip,935,7b44b34f863c02066dfbcf3d343e746ea84058a5d76a94d64c256b78358b89ac,True,True,93,False
klines,DOTUSDT,2024-08,https://data.binance.vision/data/futures/um/monthly/klines/DOTUSDT/1d/DOTUSDT-1d-2024-08.zip,1863,3a4f9e5352209b53bf7cd611d20a2f9971748d262d91af04d56fe950ec889808,True,True,31,False
fundingRate,DOTUSDT,2024-08,https://data.binance.vision/data/futures/um/monthly/fundingRate/DOTUSDT/DOTUSDT-fundingRate-2024-08.zip,954,b586d2d240bdaeea90583e2d17bd93ea34d91e192b50334ef01f5a3a9895f331,True,True,93,False
klines,TRXUSDT,2024-08,https://data.binance.vision/data/futures/um/monthly/klines/TRXUSDT/1d/TRXUSDT-1d-2024-08.zip,1945,8803ff36395674adb42e3a478ee3fea0559922779eed6bb0c5c78d6a0ff7a6d1,True,True,31,False
fundingRate,TRXUSDT,2024-08,https://data.binance.vision/data/futures/um/monthly/fundingRate/TRXUSDT/TRXUSDT-fundingRate-2024-08.zip,906,764f39b99fc11351cb4135b5f2fc081b2ad9a49046ba8f9638bf078d8f014278,True,True,93,False
klines,SOLUSDT,2024-08,https://data.binance.vision/data/futures/um/monthly/klines/SOLUSDT/1d/SOLUSDT-1d-2024-08.zip,1971,8411fac3e01bfac671bc845f9278e06141d963e4a5a06712128063e7327d6114,True,True,31,False
fundingRate,SOLUSDT,2024-08,https://data.binance.vision/data/futures/um/monthly/fundingRate/SOLUSDT/SOLUSDT-fundingRate-2024-08.zip,940,ef076200aab768d33f71449957f6cd9c96c0da696708a5f561b97e7a0995e8d2,True,True,93,False
klines,BTCUSDT,2024-09,https://data.binance.vision/data/futures/um/monthly/klines/BTCUSDT/1d/BTCUSDT-1d-2024-09.zip,2069,2516eb3105e5a9458350a12dade88224f7a71e67d1a593fdeabb75f8bbdf3ff2,True,True,30,False
klines,ETHUSDT,2024-09,https://data.binance.vision/data/futures/um/monthly/klines/ETHUSDT/1d/ETHUSDT-1d-2024-09.zip,2073,af56726f6d7969ddcfe04e5766370fc2561062717c06688feece19fae9a6a11d,True,True,30,False
fundingRate,BTCUSDT,2024-09,https://data.binance.vision/data/futures/um/monthly/fundingRate/BTCUSDT/BTCUSDT-fundingRate-2024-09.zip,924,6ef23b02392b481ef9c3855434bf3644289fb6e228b4f7d9a0dfc6d3cdff1116,True,True,90,False
fundingRate,ETHUSDT,2024-09,https://data.binance.vision/data/futures/um/monthly/fundingRate/ETHUSDT/ETHUSDT-fundingRate-2024-09.zip,908,ffb6e7441053137cb7ca81cc83bcdd996612f7dbb15aa2e168a7ee521f8cbbca,True,True,90,False
klines,BNBUSDT,2024-09,https://data.binance.vision/data/futures/um/monthly/klines/BNBUSDT/1d/BNBUSDT-1d-2024-09.zip,1939,a1ea2db0add5f5dfe28b7e879a4d3862e79ea2d77f0f9f12c03022cacc17b4a0,True,True,30,False
fundingRate,BNBUSDT,2024-09,https://data.binance.vision/data/futures/um/monthly/fundingRate/BNBUSDT/BNBUSDT-fundingRate-2024-09.zip,704,2c9e13fa39b3956ea76d29074e26e0ccc6abbd3e235d752aa63b383de29a4d80,True,True,90,False
klines,XRPUSDT,2024-09,https://data.binance.vision/data/futures/um/monthly/klines/XRPUSDT/1d/XRPUSDT-1d-2024-09.zip,1922,9aa791bb1a90100fc68e9d2407ac4bbd8918ab5545098d5516ee0016c3cd8cc6,True,True,30,False
fundingRate,XRPUSDT,2024-09,https://data.binance.vision/data/futures/um/monthly/fundingRate/XRPUSDT/XRPUSDT-fundingRate-2024-09.zip,861,69faf312921ce5c88092d8c328b04dc006ea42dabfe68ad5fee542d28c0ae2ca,True,True,90,False
klines,ADAUSDT,2024-09,https://data.binance.vision/data/futures/um/monthly/klines/ADAUSDT/1d/ADAUSDT-1d-2024-09.zip,1839,7b61dbdce6727c59708ca06c60075fed8deaddbf9b532d9437a672dca3d01d59,True,True,30,False
fundingRate,ADAUSDT,2024-09,https://data.binance.vision/data/futures/um/monthly/fundingRate/ADAUSDT/ADAUSDT-fundingRate-2024-09.zip,840,387bb17d1ea7995270ce2769ec2c888bc8fa3d2110d5843888807254c40381d4,True,True,90,False
klines,LTCUSDT,2024-09,https://data.binance.vision/data/futures/um/monthly/klines/LTCUSDT/1d/LTCUSDT-1d-2024-09.zip,1888,4e0200aa4e0ab7fd760c8363822063ad416ba51454af3167e7b514f1fcb56688,True,True,30,False
fundingRate,LTCUSDT,2024-09,https://data.binance.vision/data/futures/um/monthly/fundingRate/LTCUSDT/LTCUSDT-fundingRate-2024-09.zip,872,31042156b111a01cbc07aa0760a1fc8abcba1104fd581c6e6c60f7d768adc96d,True,True,90,False
klines,BCHUSDT,2024-09,https://data.binance.vision/data/futures/um/monthly/klines/BCHUSDT/1d/BCHUSDT-1d-2024-09.zip,1913,9738eb7238dbb4c2197d2a4afd71d81021a1f892eab76ee27528211202e69544,True,True,30,False
fundingRate,BCHUSDT,2024-09,https://data.binance.vision/data/futures/um/monthly/fundingRate/BCHUSDT/BCHUSDT-fundingRate-2024-09.zip,952,d8460f06b0a159975ce94f29ed3b52249a087a820ed1f99716cd7ccdd5544b3e,True,True,90,False
klines,EOSUSDT,2024-09,https://data.binance.vision/data/futures/um/monthly/klines/EOSUSDT/1d/EOSUSDT-1d-2024-09.zip,1743,cf2c43d085b48d24ff2da983eebd56d0b6033f772376f7ae8b7088c885148743,True,True,30,False
fundingRate,EOSUSDT,2024-09,https://data.binance.vision/data/futures/um/monthly/fundingRate/EOSUSDT/EOSUSDT-fundingRate-2024-09.zip,851,f1def66ceb7b4a496151e81eaf4e05a54aed3a68495e8f49c0f049ecaa439251,True,True,90,False
klines,DOGEUSDT,2024-09,https://data.binance.vision/data/futures/um/monthly/klines/DOGEUSDT/1d/DOGEUSDT-1d-2024-09.zip,1969,028dfc5861c113d56b1709071c3aaf5240f3d6300f807e073aeff07984341ef4,True,True,30,False
fundingRate,DOGEUSDT,2024-09,https://data.binance.vision/data/futures/um/monthly/fundingRate/DOGEUSDT/DOGEUSDT-fundingRate-2024-09.zip,862,92bc33954530f8d7bcf13a41d736a9480f4082cd1220d976d4a01bdbb52452b4,True,True,90,False
klines,LINKUSDT,2024-09,https://data.binance.vision/data/futures/um/monthly/klines/LINKUSDT/1d/LINKUSDT-1d-2024-09.zip,1910,fbbc6f107a00aee3ecb8084f72102df4fe6f48dc3227949dda13ff0d595ed9c6,True,True,30,False
fundingRate,LINKUSDT,2024-09,https://data.binance.vision/data/futures/um/monthly/fundingRate/LINKUSDT/LINKUSDT-fundingRate-2024-09.zip,833,82f0d865cf2d02ab345c4254fe59ffeb3e5b6bae39bcb1a0d06dc67ff55a718a,True,True,90,False
klines,DOTUSDT,2024-09,https://data.binance.vision/data/futures/um/monthly/klines/DOTUSDT/1d/DOTUSDT-1d-2024-09.zip,1801,b8436a65f5d05b70c3bbc5f5084b943d8d5bba69c001965d257279f1a7974ac5,True,True,30,False
fundingRate,DOTUSDT,2024-09,https://data.binance.vision/data/futures/um/monthly/fundingRate/DOTUSDT/DOTUSDT-fundingRate-2024-09.zip,820,2d707e7208463b4fa1a648d824744582b1d8fd18f25870a620035e24a544333a,True,True,90,False
klines,TRXUSDT,2024-09,https://data.binance.vision/data/futures/um/monthly/klines/TRXUSDT/1d/TRXUSDT-1d-2024-09.zip,1844,3dcefd548ec475b4cae4ff4d3692bd4d21ae09394bc38dd1a6e8edb95dc70827,True,True,30,False
fundingRate,TRXUSDT,2024-09,https://data.binance.vision/data/futures/um/monthly/fundingRate/TRXUSDT/TRXUSDT-fundingRate-2024-09.zip,901,24a4450561c8e4ba1b9efe2550a8e2f9d0ace94a2afcef5d925961f229907093,True,True,90,False
klines,SOLUSDT,2024-09,https://data.binance.vision/data/futures/um/monthly/klines/SOLUSDT/1d/SOLUSDT-1d-2024-09.zip,1890,4f208342910b89079461bd764330e0ade72c47349c2d8564b909f1628ed14712,True,True,30,False
klines,BTCUSDT,2024-10,https://data.binance.vision/data/futures/um/monthly/klines/BTCUSDT/1d/BTCUSDT-1d-2024-10.zip,2125,c0d3d077c5e41ec2201e8bc8382e1ad4f7b4dfecac8f4f827a1d20ab1d87baeb,True,True,31,False
fundingRate,BTCUSDT,2024-10,https://data.binance.vision/data/futures/um/monthly/fundingRate/BTCUSDT/BTCUSDT-fundingRate-2024-10.zip,801,26db65ac8020d80ece35df79c254c5f7e24427529bcceeb2972748c4fe2d2707,True,True,93,False
fundingRate,ETHUSDT,2024-10,https://data.binance.vision/data/futures/um/monthly/fundingRate/ETHUSDT/ETHUSDT-fundingRate-2024-10.zip,748,2124978c335473a5d9c0f0e9f238193d56c21ac7e250e065a36e9d1201beb049,True,True,93,False
klines,ETHUSDT,2024-10,https://data.binance.vision/data/futures/um/monthly/klines/ETHUSDT/1d/ETHUSDT-1d-2024-10.zip,2127,253269eac2be0291effbf44d12bd3877e8b9787e5d3fdaccca0c91f0909cb5db,True,True,31,False
fundingRate,BNBUSDT,2024-10,https://data.binance.vision/data/futures/um/monthly/fundingRate/BNBUSDT/BNBUSDT-fundingRate-2024-10.zip,727,ac53012800835002672b559455766f73eb30cce3b4b75a30e8d834f03cc3ba1c,True,True,93,False
fundingRate,SOLUSDT,2024-09,https://data.binance.vision/data/futures/um/monthly/fundingRate/SOLUSDT/SOLUSDT-fundingRate-2024-09.zip,880,7666e4d3e6ea6dd28011c508cf01421007521e98e96ea551f809836441b43ca0,True,True,90,False
fundingRate,XRPUSDT,2024-10,https://data.binance.vision/data/futures/um/monthly/fundingRate/XRPUSDT/XRPUSDT-fundingRate-2024-10.zip,740,f9d62565da4bf7d1caddc9cb09b1a73a4a312a7419c5c0439c662fc3f58dd993,True,True,93,False
klines,ADAUSDT,2024-10,https://data.binance.vision/data/futures/um/monthly/klines/ADAUSDT/1d/ADAUSDT-1d-2024-10.zip,1866,1679399adcd83c2fab67925230da1346e51d8dba8c160b2eb279c6785de96573,True,True,31,False
fundingRate,ADAUSDT,2024-10,https://data.binance.vision/data/futures/um/monthly/fundingRate/ADAUSDT/ADAUSDT-fundingRate-2024-10.zip,802,a95896349b3447f08bb67b3167223cae41abcfebd1b106826bb89989c1dd2e18,True,True,93,False
klines,XRPUSDT,2024-10,https://data.binance.vision/data/futures/um/monthly/klines/XRPUSDT/1d/XRPUSDT-1d-2024-10.zip,1965,ecac52a83e12ec3c6431afba75d841c0d841fdc5f8161dcca01f6af4ff758956,True,True,31,False
klines,BNBUSDT,2024-10,https://data.binance.vision/data/futures/um/monthly/klines/BNBUSDT/1d/BNBUSDT-1d-2024-10.zip,1971,2b62e172b6826e4fe712eb5aa4eca6882f03b32efa9033776bfffd809a8fce48,True,True,31,False
klines,LTCUSDT,2024-10,https://data.binance.vision/data/futures/um/monthly/klines/LTCUSDT/1d/LTCUSDT-1d-2024-10.zip,1936,776bdec1012d24623266d4035a1e73176ff96e242f8b943d39bc451917e57601,True,True,31,False
fundingRate,DOGEUSDT,2024-10,https://data.binance.vision/data/futures/um/monthly/fundingRate/DOGEUSDT/DOGEUSDT-fundingRate-2024-10.zip,763,c038f18bf93552ca8432d04482839ab50d5b6e903c1b63083c335d479236ba22,True,True,93,False
fundingRate,LINKUSDT,2024-10,https://data.binance.vision/data/futures/um/monthly/fundingRate/LINKUSDT/LINKUSDT-fundingRate-2024-10.zip,734,a79184eb05334084cc4a294881ee74f03556ee1a48115443bd29d77d97a598c1,True,True,93,False
fundingRate,LTCUSDT,2024-10,https://data.binance.vision/data/futures/um/monthly/fundingRate/LTCUSDT/LTCUSDT-fundingRate-2024-10.zip,765,59cfe0decf8b9b1e1a8904c847302e0d86e8b56cef938ac47514a1c232f889dd,True,True,93,False
klines,BCHUSDT,2024-10,https://data.binance.vision/data/futures/um/monthly/klines/BCHUSDT/1d/BCHUSDT-1d-2024-10.zip,1971,9b69d3dfaa10a668062049041a3e0dd69232e6aa3620a69f088df7b7e4ede26e,True,True,31,False
klines,DOGEUSDT,2024-10,https://data.binance.vision/data/futures/um/monthly/klines/DOGEUSDT/1d/DOGEUSDT-1d-2024-10.zip,2069,0c38bf040259535e19da0219607dd6df49f6f085039458e8bfeb6da764b8c8cf,True,True,31,False
fundingRate,EOSUSDT,2024-10,https://data.binance.vision/data/futures/um/monthly/fundingRate/EOSUSDT/EOSUSDT-fundingRate-2024-10.zip,769,096a3c3ec4de856eaea5365c0d9ce5f727d0653e2cec888dd6b4eed141928978,True,True,93,False
klines,DOTUSDT,2024-10,https://data.binance.vision/data/futures/um/monthly/klines/DOTUSDT/1d/DOTUSDT-1d-2024-10.zip,1843,c9223b2ed5804dcae9f296a74f79ad30f9b321accf2e44ca8694e95a03a38c58,True,True,31,False
klines,LINKUSDT,2024-10,https://data.binance.vision/data/futures/um/monthly/klines/LINKUSDT/1d/LINKUSDT-1d-2024-10.zip,1960,4ba6c5724bfd417ca959af8b814b50be381f27a62d48c78c5182e20e88615028,True,True,31,False
klines,TRXUSDT,2024-10,https://data.binance.vision/data/futures/um/monthly/klines/TRXUSDT/1d/TRXUSDT-1d-2024-10.zip,1891,ff6a89d9e401359893f116a2c5ffe96c9ade3e4d0c8758af96e26e62ed3a43ed,True,True,31,False
klines,SOLUSDT,2024-10,https://data.binance.vision/data/futures/um/monthly/klines/SOLUSDT/1d/SOLUSDT-1d-2024-10.zip,1924,6aec69b5afaf1314588ca1992d5337aea282143f354fb03af5f150e2a4d7600e,True,True,31,False
klines,EOSUSDT,2024-10,https://data.binance.vision/data/futures/um/monthly/klines/EOSUSDT/1d/EOSUSDT-1d-2024-10.zip,1766,a0d3dd2a60157efec2767724caefa081b24bb77d53924036434508888f1b879b,True,True,31,False
fundingRate,BCHUSDT,2024-10,https://data.binance.vision/data/futures/um/monthly/fundingRate/BCHUSDT/BCHUSDT-fundingRate-2024-10.zip,915,02f1faeb203f48d7e5d090b323147854de39d6f08db55f714608d7e044f7d6ef,True,True,93,False
fundingRate,DOTUSDT,2024-10,https://data.binance.vision/data/futures/um/monthly/fundingRate/DOTUSDT/DOTUSDT-fundingRate-2024-10.zip,745,8d02c52c75cbc6231cd64507ba544497d024dd8a6a50ff4dc85e837fc8e58213,True,True,93,False
fundingRate,BTCUSDT,2024-11,https://data.binance.vision/data/futures/um/monthly/fundingRate/BTCUSDT/BTCUSDT-fundingRate-2024-11.zip,746,e1b19cccfe2cdcba48b022790789b7b01edd86c075f39bc152e44c267d43bd51,True,True,90,False
klines,ETHUSDT,2024-11,https://data.binance.vision/data/futures/um/monthly/klines/ETHUSDT/1d/ETHUSDT-1d-2024-11.zip,2123,e07192147089623e71b0447d3c13169e6902fcfcf3b5a6c79c1ff3efa77171e5,True,True,30,False
fundingRate,BNBUSDT,2024-11,https://data.binance.vision/data/futures/um/monthly/fundingRate/BNBUSDT/BNBUSDT-fundingRate-2024-11.zip,863,ca02937135f8d51991e96290cd527ba8cfba3e6ca6bdf08247c88bdc88fdfc09,True,True,90,False
fundingRate,ETHUSDT,2024-11,https://data.binance.vision/data/futures/um/monthly/fundingRate/ETHUSDT/ETHUSDT-fundingRate-2024-11.zip,809,636a4c7c86445c2774b4eae8598c480fcbc57de7dde5d40f6937c7fac510797c,True,True,90,False
klines,XRPUSDT,2024-11,https://data.binance.vision/data/futures/um/monthly/klines/XRPUSDT/1d/XRPUSDT-1d-2024-11.zip,2021,cbe8a8d49c91b6f8f30ff4533f711d0301ce443c4741ed3ffb139819ea18a1cb,True,True,30,False
fundingRate,XRPUSDT,2024-11,https://data.binance.vision/data/futures/um/monthly/fundingRate/XRPUSDT/XRPUSDT-fundingRate-2024-11.zip,771,95c733e5ad58f4c26c75b71a2081de8f692a4ce271006b7f5b3c87854a848c70,True,True,90,False
klines,ADAUSDT,2024-11,https://data.binance.vision/data/futures/um/monthly/klines/ADAUSDT/1d/ADAUSDT-1d-2024-11.zip,1928,21bd401e7078b77293215d09fb56ecebdc4a35c54221646c9f45dd07a24f496c,True,True,30,False
fundingRate,SOLUSDT,2024-10,https://data.binance.vision/data/futures/um/monthly/fundingRate/SOLUSDT/SOLUSDT-fundingRate-2024-10.zip,839,dbece64e8c5bc69c487cc03c00f6a4d4da2cad9152c73860386fcdc7d2ec9d05,True,True,93,False
fundingRate,TRXUSDT,2024-10,https://data.binance.vision/data/futures/um/monthly/fundingRate/TRXUSDT/TRXUSDT-fundingRate-2024-10.zip,843,8b188036cd5a2a676700fd15738ef73ea0b8ee08246a2e677db2a33f2bcdfda4,True,True,93,False
klines,BNBUSDT,2024-11,https://data.binance.vision/data/futures/um/monthly/klines/BNBUSDT/1d/BNBUSDT-1d-2024-11.zip,1975,955347addb703c9303909cee1075e5cbb2f0d9625b34cd1b5d8c6f5546e5654d,True,True,30,False
fundingRate,ADAUSDT,2024-11,https://data.binance.vision/data/futures/um/monthly/fundingRate/ADAUSDT/ADAUSDT-fundingRate-2024-11.zip,787,8ac7afd8541ae2fac72093d8b3713acb64f64bf0d859bf72be4c3a6f83a09dd2,True,True,90,False
klines,LTCUSDT,2024-11,https://data.binance.vision/data/futures/um/monthly/klines/LTCUSDT/1d/LTCUSDT-1d-2024-11.zip,1953,6dc988e5f212913b40cc92e55aa5569cce76a1bf653002a55cbb46c16b823631,True,True,30,False
fundingRate,LTCUSDT,2024-11,https://data.binance.vision/data/futures/um/monthly/fundingRate/LTCUSDT/LTCUSDT-fundingRate-2024-11.zip,765,436568f53dc359d271647f03ae9de8eadf66e3610472dc0c4858466bd77779ee,True,True,90,False
klines,BTCUSDT,2024-11,https://data.binance.vision/data/futures/um/monthly/klines/BTCUSDT/1d/BTCUSDT-1d-2024-11.zip,2094,98bcbfe0e6687f237c0c7913e7c39c625129a8e4cf6d1f358235f1ed5cc0e9ef,True,True,30,False
fundingRate,BCHUSDT,2024-11,https://data.binance.vision/data/futures/um/monthly/fundingRate/BCHUSDT/BCHUSDT-fundingRate-2024-11.zip,727,bae19270e37c0b2c9fe434a3241601b1a918558ac4695f0307466e03b8bf4193,True,True,90,False
klines,EOSUSDT,2024-11,https://data.binance.vision/data/futures/um/monthly/klines/EOSUSDT/1d/EOSUSDT-1d-2024-11.zip,1820,dbe497b1dd84cd990620b1a442f18125da7082ece240974930e17595a6e705c1,True,True,30,False
klines,BCHUSDT,2024-11,https://data.binance.vision/data/futures/um/monthly/klines/BCHUSDT/1d/BCHUSDT-1d-2024-11.zip,1960,57837db33f9b18aba0de79d12b6843d7cdc9bf5d936073ec19df3ca2d6be971d,True,True,30,False
fundingRate,EOSUSDT,2024-11,https://data.binance.vision/data/futures/um/monthly/fundingRate/EOSUSDT/EOSUSDT-fundingRate-2024-11.zip,671,6cf7452a703471af7c11c7c671ab69d559feb2a8467fd1bb07bdee8222a62173,True,True,90,False
fundingRate,DOGEUSDT,2024-11,https://data.binance.vision/data/futures/um/monthly/fundingRate/DOGEUSDT/DOGEUSDT-fundingRate-2024-11.zip,798,45d7e6671e7bb1efc2ed557fd7139135468d0bea7dbc7906fe0c8b727c2777a0,True,True,90,False
klines,DOGEUSDT,2024-11,https://data.binance.vision/data/futures/um/monthly/klines/DOGEUSDT/1d/DOGEUSDT-1d-2024-11.zip,2081,634f0ea687ecd9600df3eb60f6e179688f7a673b6e34641af6f0c6203c6407f1,True,True,30,False
klines,DOTUSDT,2024-11,https://data.binance.vision/data/futures/um/monthly/klines/DOTUSDT/1d/DOTUSDT-1d-2024-11.zip,1863,4df9f96494d6a2de1e79c1652e444967a31e77aab0bbb6e608ae47dad2f2418d,True,True,30,False
klines,TRXUSDT,2024-11,https://data.binance.vision/data/futures/um/monthly/klines/TRXUSDT/1d/TRXUSDT-1d-2024-11.zip,1885,595bc03cf0f49d28bc14951bc5974e51d1b6e8fc83e0a180f8194014e9f9abb9,True,True,30,False
klines,LINKUSDT,2024-11,https://data.binance.vision/data/futures/um/monthly/klines/LINKUSDT/1d/LINKUSDT-1d-2024-11.zip,1970,afbc6d501ba703ef20733f71821cbaf74ebc8a5513be09ddb25de3a8c73a6401,True,True,30,False
klines,SOLUSDT,2024-11,https://data.binance.vision/data/futures/um/monthly/klines/SOLUSDT/1d/SOLUSDT-1d-2024-11.zip,1908,64e011852687bc69a5a2777b5e88114d22121dac35007bf7ddb684a816bc55fc,True,True,30,False
fundingRate,BTCUSDT,2024-12,https://data.binance.vision/data/futures/um/monthly/fundingRate/BTCUSDT/BTCUSDT-fundingRate-2024-12.zip,808,069409f525ebf6370ee1c7defe475167de4b97284c5ac8e68768652968cd3dc9,True,True,93,False
fundingRate,LINKUSDT,2024-11,https://data.binance.vision/data/futures/um/monthly/fundingRate/LINKUSDT/LINKUSDT-fundingRate-2024-11.zip,803,2d9fc1ace268513a0330a170216be245b9fbcc37ec405ba57cc11841bb8c438f,True,True,90,False
fundingRate,SOLUSDT,2024-11,https://data.binance.vision/data/futures/um/monthly/fundingRate/SOLUSDT/SOLUSDT-fundingRate-2024-11.zip,790,f53a9b637d695a251200e48929a573b4bf04cc2d99d5a3a09fe7bdca622918aa,True,True,90,False
klines,ETHUSDT,2024-12,https://data.binance.vision/data/futures/um/monthly/klines/ETHUSDT/1d/ETHUSDT-1d-2024-12.zip,2169,e8744526d254035c4c31c7074466b414da6bfcad0a37da328ff4c9607cab08fe,True,True,31,False
fundingRate,DOTUSDT,2024-11,https://data.binance.vision/data/futures/um/monthly/fundingRate/DOTUSDT/DOTUSDT-fundingRate-2024-11.zip,748,af1b00d617b7221fe77cb2d2e297a10f74d91d0924e0456214d2469de47e8763,True,True,90,False
fundingRate,ETHUSDT,2024-12,https://data.binance.vision/data/futures/um/monthly/fundingRate/ETHUSDT/ETHUSDT-fundingRate-2024-12.zip,837,11a0847e8aacb32eeb725611fda4fe6a8419c03eb0c16e14dfc3b9287e78ecc9,True,True,93,False
klines,BNBUSDT,2024-12,https://data.binance.vision/data/futures/um/monthly/klines/BNBUSDT/1d/BNBUSDT-1d-2024-12.zip,2027,e414d3a86502536230750bdeaca3430b2463b4c75ea1a7e5bc932fac5aff50cf,True,True,31,False
fundingRate,TRXUSDT,2024-11,https://data.binance.vision/data/futures/um/monthly/fundingRate/TRXUSDT/TRXUSDT-fundingRate-2024-11.zip,785,cdd3ead1d4001c46164bba34613ed1498caf70cecce75e41f0f1fd92161e4331,True,True,90,False
fundingRate,BNBUSDT,2024-12,https://data.binance.vision/data/futures/um/monthly/fundingRate/BNBUSDT/BNBUSDT-fundingRate-2024-12.zip,873,9bad523573121ac9a255adac4574e4ea8545ab77807d6ccd8ac132771b6f0c7b,True,True,93,False
klines,BTCUSDT,2024-12,https://data.binance.vision/data/futures/um/monthly/klines/BTCUSDT/1d/BTCUSDT-1d-2024-12.zip,2122,9374dc7b5f2790965f6b87223746e8537e59e7f9403eb24241615b6745ec1be2,True,True,31,False
klines,XRPUSDT,2024-12,https://data.binance.vision/data/futures/um/monthly/klines/XRPUSDT/1d/XRPUSDT-1d-2024-12.zip,2098,9820d70e124d31f04878cc52863b293d5617fc019ce176e20c3be39cbd8d8ec3,True,True,31,False
klines,ADAUSDT,2024-12,https://data.binance.vision/data/futures/um/monthly/klines/ADAUSDT/1d/ADAUSDT-1d-2024-12.zip,1989,5114f7c2119bfa28f7ef3e1aafb3851929c1537d7919fd56d3916555058234cb,True,True,31,False
klines,LTCUSDT,2024-12,https://data.binance.vision/data/futures/um/monthly/klines/LTCUSDT/1d/LTCUSDT-1d-2024-12.zip,2041,4fee1539b9cfa73ccaed2d4b511cba01bdadd6c2326c4d36774d99a06bf3b621,True,True,31,False
fundingRate,ADAUSDT,2024-12,https://data.binance.vision/data/futures/um/monthly/fundingRate/ADAUSDT/ADAUSDT-fundingRate-2024-12.zip,829,b15893bcb18cc762d191f337c0a44e7ea4acd1730067cdec9788ad9fbfc4b262,True,True,93,False
klines,BCHUSDT,2024-12,https://data.binance.vision/data/futures/um/monthly/klines/BCHUSDT/1d/BCHUSDT-1d-2024-12.zip,2025,79bb1ed4290f5232330cf32353138649afb217adde72c4813af00ce5a4bcf153,True,True,31,False
fundingRate,EOSUSDT,2024-12,https://data.binance.vision/data/futures/um/monthly/fundingRate/EOSUSDT/EOSUSDT-fundingRate-2024-12.zip,755,2fecf2aa7ced400f7c94c9fbb51c5cb0e761b67f9f31abea08a549053fb8fa89,True,True,93,False
fundingRate,XRPUSDT,2024-12,https://data.binance.vision/data/futures/um/monthly/fundingRate/XRPUSDT/XRPUSDT-fundingRate-2024-12.zip,805,be526ba15c6c4c3ae8cddda1411a13f665f635be444c992efd2f66e6bbfa37d8,True,True,93,False
klines,DOGEUSDT,2024-12,https://data.binance.vision/data/futures/um/monthly/klines/DOGEUSDT/1d/DOGEUSDT-1d-2024-12.zip,2114,898f279f5879af9ae8dc4c81074956624caeb9dc22db7f1470142d72f68dd035,True,True,31,False
fundingRate,DOGEUSDT,2024-12,https://data.binance.vision/data/futures/um/monthly/fundingRate/DOGEUSDT/DOGEUSDT-fundingRate-2024-12.zip,897,5b94b4960510e5e217048ee5268038d60a6dbcf45755063790f9c35602231983,True,True,93,False
klines,EOSUSDT,2024-12,https://data.binance.vision/data/futures/um/monthly/klines/EOSUSDT/1d/EOSUSDT-1d-2024-12.zip,1875,289d781f74fefe9452a8bf646785d929f813f5b0c742f3f34366a49d6466c96c,True,True,31,False
fundingRate,LINKUSDT,2024-12,https://data.binance.vision/data/futures/um/monthly/fundingRate/LINKUSDT/LINKUSDT-fundingRate-2024-12.zip,815,db162585658485f1107d4d135a8a37714b7e8b33ce99f251ab537fa7c6cf0c61,True,True,93,False
fundingRate,LTCUSDT,2024-12,https://data.binance.vision/data/futures/um/monthly/fundingRate/LTCUSDT/LTCUSDT-fundingRate-2024-12.zip,794,2f3a1b448ee44168eff55ce2f1c613822726084dc625347f5fde5d45f7d08dc2,True,True,93,False
fundingRate,BCHUSDT,2024-12,https://data.binance.vision/data/futures/um/monthly/fundingRate/BCHUSDT/BCHUSDT-fundingRate-2024-12.zip,803,14bedc63fc1681175c07c7384abfbbc2d6a762f18a53ca1eae1a66ba3a05ea01,True,True,93,False
klines,DOTUSDT,2024-12,https://data.binance.vision/data/futures/um/monthly/klines/DOTUSDT/1d/DOTUSDT-1d-2024-12.zip,1934,e1fde1167b8945de799b476bb9a07b9fae4f6a5f1bcb85d254a6c8fb0fcacf85,True,True,31,False
klines,LINKUSDT,2024-12,https://data.binance.vision/data/futures/um/monthly/klines/LINKUSDT/1d/LINKUSDT-1d-2024-12.zip,2061,6041dca25c2b6c442e3cbeb8668f4beeeb4d9f770ea938a561c288c3ec7349ef,True,True,31,False
fundingRate,TRXUSDT,2024-12,https://data.binance.vision/data/futures/um/monthly/fundingRate/TRXUSDT/TRXUSDT-fundingRate-2024-12.zip,846,47783220b7c56656c5f77d8883e8936b6023ed9447cf7f6797f8ab82e7a8be5c,True,True,93,False
klines,SOLUSDT,2024-12,https://data.binance.vision/data/futures/um/monthly/klines/SOLUSDT/1d/SOLUSDT-1d-2024-12.zip,1950,eb78c2ecdde60e6067873157dad77c90ab055aaa560deace1a808c96eef562cf,True,True,31,False
klines,BTCUSDT,2025-01,https://data.binance.vision/data/futures/um/monthly/klines/BTCUSDT/1d/BTCUSDT-1d-2025-01.zip,2141,d0e4cddb95124cd770325a418e170692b6325ad57d04980c9f0a56f91aeb8abe,True,True,31,False
klines,ETHUSDT,2025-01,https://data.binance.vision/data/futures/um/monthly/klines/ETHUSDT/1d/ETHUSDT-1d-2025-01.zip,2171,09f4b9efc9bb54315f094d57d137847f2c7bde665fbccf2d90aa5e588053e66a,True,True,31,False
fundingRate,ETHUSDT,2025-01,https://data.binance.vision/data/futures/um/monthly/fundingRate/ETHUSDT/ETHUSDT-fundingRate-2025-01.zip,768,88c95b99d2784a7baac529fe578563d7e05038a1b8a498b2f59bf81b216fee20,True,True,93,False
fundingRate,DOTUSDT,2024-12,https://data.binance.vision/data/futures/um/monthly/fundingRate/DOTUSDT/DOTUSDT-fundingRate-2024-12.zip,809,d43a9805d9674591a21710503f9a18a2bead6ad665ce224608d483d9a1fe600d,True,True,93,False
klines,TRXUSDT,2024-12,https://data.binance.vision/data/futures/um/monthly/klines/TRXUSDT/1d/TRXUSDT-1d-2024-12.zip,1991,4412e129d4ed861b48947dff1cdc8b5aac77e800fadf07fff253370ae21d5a2d,True,True,31,False
klines,BNBUSDT,2025-01,https://data.binance.vision/data/futures/um/monthly/klines/BNBUSDT/1d/BNBUSDT-1d-2025-01.zip,1987,a8754c08a56ecbd4a13f15d09050de41fd0fdb8ce56f24bef55e9c6f0b87fc94,True,True,31,False
fundingRate,BNBUSDT,2025-01,https://data.binance.vision/data/futures/um/monthly/fundingRate/BNBUSDT/BNBUSDT-fundingRate-2025-01.zip,776,74544eee335ba817f34c28bad187eabc9c19b730a84e875eb636499944198479,True,True,93,False
klines,XRPUSDT,2025-01,https://data.binance.vision/data/futures/um/monthly/klines/XRPUSDT/1d/XRPUSDT-1d-2025-01.zip,2079,948c6b0860ee6be1599a48e80fc69901a1295789238262d5b50d3a2a3cc1475f,True,True,31,False
fundingRate,SOLUSDT,2024-12,https://data.binance.vision/data/futures/um/monthly/fundingRate/SOLUSDT/SOLUSDT-fundingRate-2024-12.zip,893,bae83020ac2ccfa6dd8d1362d373a92b4d5a7e396cef52e78dc2e7d81e63f621,True,True,93,False
fundingRate,BTCUSDT,2025-01,https://data.binance.vision/data/futures/um/monthly/fundingRate/BTCUSDT/BTCUSDT-fundingRate-2025-01.zip,825,df725010d55458866eb5a47e9ee708c6796c9d7e77b14c38342cea11f381815e,True,True,93,False
klines,ADAUSDT,2025-01,https://data.binance.vision/data/futures/um/monthly/klines/ADAUSDT/1d/ADAUSDT-1d-2025-01.zip,1967,ac1cb9149c7d1eb3658cc5270cfd9c554be101403ddabbf2eb8b202c3d820107,True,True,31,False
fundingRate,XRPUSDT,2025-01,https://data.binance.vision/data/futures/um/monthly/fundingRate/XRPUSDT/XRPUSDT-fundingRate-2025-01.zip,743,b14759b7a99d6111f819790de938b2b0f3eeeaac57402c2e1ef71fd38302d26d,True,True,93,False
fundingRate,ADAUSDT,2025-01,https://data.binance.vision/data/futures/um/monthly/fundingRate/ADAUSDT/ADAUSDT-fundingRate-2025-01.zip,697,ef6a5a286fc3d91fcdb479226500693ce9bc16ee39399ef09076a40349d2e399,True,True,93,False
klines,LTCUSDT,2025-01,https://data.binance.vision/data/futures/um/monthly/klines/LTCUSDT/1d/LTCUSDT-1d-2025-01.zip,2032,ffb3419182a69a8fc7757195f12df21bdb359207ebd0141cdfb76855befc86f5,True,True,31,False
fundingRate,LTCUSDT,2025-01,https://data.binance.vision/data/futures/um/monthly/fundingRate/LTCUSDT/LTCUSDT-fundingRate-2025-01.zip,756,0ba4ae7a317bf2d4d708cdcfabfca13332c9e87ca2875b89e968ab6368234cfb,True,True,93,False
klines,BCHUSDT,2025-01,https://data.binance.vision/data/futures/um/monthly/klines/BCHUSDT/1d/BCHUSDT-1d-2025-01.zip,1985,db684456b45c37ecc37df19415471cdbba58e9e7b136362e6ee98cde657b570f,True,True,31,False
fundingRate,BCHUSDT,2025-01,https://data.binance.vision/data/futures/um/monthly/fundingRate/BCHUSDT/BCHUSDT-fundingRate-2025-01.zip,747,1ae200badebfa97d82362744c32c7f1bdca722fa05f40b18972f3d70b4565257,True,True,93,False
klines,EOSUSDT,2025-01,https://data.binance.vision/data/futures/um/monthly/klines/EOSUSDT/1d/EOSUSDT-1d-2025-01.zip,1851,c790e9532979a70b61fdcb4a80d764c9d7aa7fdcbf562030e5ef6e30751edd8f,True,True,31,False
fundingRate,EOSUSDT,2025-01,https://data.binance.vision/data/futures/um/monthly/fundingRate/EOSUSDT/EOSUSDT-fundingRate-2025-01.zip,651,1bba04ff8e9a69d7278de0c9da6128b9fcc4a0d313a7ff29b9970edf22a76300,True,True,93,False
klines,DOTUSDT,2025-01,https://data.binance.vision/data/futures/um/monthly/klines/DOTUSDT/1d/DOTUSDT-1d-2025-01.zip,1905,784deec1d295b8bfe120b941fffe50cc4fb3814128d6ae72096eda8dfadbb0cb,True,True,31,False
fundingRate,LINKUSDT,2025-01,https://data.binance.vision/data/futures/um/monthly/fundingRate/LINKUSDT/LINKUSDT-fundingRate-2025-01.zip,765,13713b66ca784964b080a68c8a944d758202e8ab454fba9bd8b42fc1c8fdb804,True,True,93,False
klines,DOGEUSDT,2025-01,https://data.binance.vision/data/futures/um/monthly/klines/DOGEUSDT/1d/DOGEUSDT-1d-2025-01.zip,2108,a4ba31efd44cf9af1133aa8b073254d505db56dae33274771ff78e4825c5373a,True,True,31,False
klines,LINKUSDT,2025-01,https://data.binance.vision/data/futures/um/monthly/klines/LINKUSDT/1d/LINKUSDT-1d-2025-01.zip,2026,24cd0c9575c7733a5c1d05ddeaa342be22e8d24e93107b27ea4a0787625e720e,True,True,31,False
klines,TRXUSDT,2025-01,https://data.binance.vision/data/futures/um/monthly/klines/TRXUSDT/1d/TRXUSDT-1d-2025-01.zip,1956,842429ec370c7187ba5e5b54ecd264058243c4f764924b7349e242866ba4f866,True,True,31,False
klines,SOLUSDT,2025-01,https://data.binance.vision/data/futures/um/monthly/klines/SOLUSDT/1d/SOLUSDT-1d-2025-01.zip,1964,ab16273b20350d6629a1ecd6e1a00afb2f0d40c55948f5127bf8ff7953bba4fe,True,True,31,False
fundingRate,DOTUSDT,2025-01,https://data.binance.vision/data/futures/um/monthly/fundingRate/DOTUSDT/DOTUSDT-fundingRate-2025-01.zip,740,b226f044688e19eb612fdef1ebd176cc0b53a74b59b5038ea1518c9ee6ada1bb,True,True,93,False
fundingRate,SOLUSDT,2025-01,https://data.binance.vision/data/futures/um/monthly/fundingRate/SOLUSDT/SOLUSDT-fundingRate-2025-01.zip,916,314888152c16bc2d846f9aaa9ea3ebeec7c67d235ef2671f1a5e6fe0a8b4dbf2,True,True,93,False
fundingRate,DOGEUSDT,2025-01,https://data.binance.vision/data/futures/um/monthly/fundingRate/DOGEUSDT/DOGEUSDT-fundingRate-2025-01.zip,871,be2ccf953a2fa5e84f49be601917340ba1b220b7ca42566f4066173633c80107,True,True,93,False
fundingRate,TRXUSDT,2025-01,https://data.binance.vision/data/futures/um/monthly/fundingRate/TRXUSDT/TRXUSDT-fundingRate-2025-01.zip,763,b514da4b1458c570e6e0db224d50b4cee46ff464f9506c189bf9f299ccb9eec7,True,True,93,False
fundingRate,BTCUSDT,2025-02,https://data.binance.vision/data/futures/um/monthly/fundingRate/BTCUSDT/BTCUSDT-fundingRate-2025-02.zip,854,e918b90fb33df3a3317feea13807a892047f1ec86eeac100bdb7b3dd83285d46,True,True,84,False
klines,ETHUSDT,2025-02,https://data.binance.vision/data/futures/um/monthly/klines/ETHUSDT/1d/ETHUSDT-1d-2025-02.zip,1998,679a3b93c38856b6bffe74f6c6fd1438e4c9b3f81c602bcf5bbd7b93b64e02de,True,True,28,False
fundingRate,ETHUSDT,2025-02,https://data.binance.vision/data/futures/um/monthly/fundingRate/ETHUSDT/ETHUSDT-fundingRate-2025-02.zip,868,9e116dd6754484a19ecc41ced40b8dfa7f62c33d41cdc3317336b1e1f043767f,True,True,84,False
fundingRate,BNBUSDT,2025-02,https://data.binance.vision/data/futures/um/monthly/fundingRate/BNBUSDT/BNBUSDT-fundingRate-2025-02.zip,750,b5094d4dfe17e0b07b4a4cfeca6baef32a96711b824ea45e1c9bcf80db0d2b06,True,True,84,False
klines,BTCUSDT,2025-02,https://data.binance.vision/data/futures/um/monthly/klines/BTCUSDT/1d/BTCUSDT-1d-2025-02.zip,1942,9d7f03443771d9a88f72179995bfa490cbddb291e6570da5303aa3dd1318773d,True,True,28,False
fundingRate,XRPUSDT,2025-02,https://data.binance.vision/data/futures/um/monthly/fundingRate/XRPUSDT/XRPUSDT-fundingRate-2025-02.zip,862,927da57e3d0a92fa6e024c00397abac93ab5722ca7a353e92e493cfd28de2f3c,True,True,84,False
klines,XRPUSDT,2025-02,https://data.binance.vision/data/futures/um/monthly/klines/XRPUSDT/1d/XRPUSDT-1d-2025-02.zip,1909,d331a5191390fbbb6a1704666cb157dd59dd60564a6da7f67397ae9681ed0e55,True,True,28,False
klines,BNBUSDT,2025-02,https://data.binance.vision/data/futures/um/monthly/klines/BNBUSDT/1d/BNBUSDT-1d-2025-02.zip,1848,8011f25a71515f529e6de9244e8ce79ba7d12f50f30e7f8290cb8841ed7d2c47,True,True,28,False
klines,ADAUSDT,2025-02,https://data.binance.vision/data/futures/um/monthly/klines/ADAUSDT/1d/ADAUSDT-1d-2025-02.zip,1803,9b3ec893e4e08f9f78f83b3088c66045e88ae454f4ade4139ef0de5996ea3832,True,True,28,False
klines,LTCUSDT,2025-02,https://data.binance.vision/data/futures/um/monthly/klines/LTCUSDT/1d/LTCUSDT-1d-2025-02.zip,1875,099d0ca8c7e6af04f3ad5cce4ee570145f2c68554886a431e6fff6c9774a81f7,True,True,28,False
fundingRate,LTCUSDT,2025-02,https://data.binance.vision/data/futures/um/monthly/fundingRate/LTCUSDT/LTCUSDT-fundingRate-2025-02.zip,804,8c30729e7412ed01cb0dc5237432f47e6316fbe50465d4a6d95360db04e6c8f6,True,True,84,False
klines,BCHUSDT,2025-02,https://data.binance.vision/data/futures/um/monthly/klines/BCHUSDT/1d/BCHUSDT-1d-2025-02.zip,1817,c8e98436a4c0ecfa78e0c45d4e64a856bfeaec4b12c3e47ba22b242e57f57ba6,True,True,28,False
fundingRate,BCHUSDT,2025-02,https://data.binance.vision/data/futures/um/monthly/fundingRate/BCHUSDT/BCHUSDT-fundingRate-2025-02.zip,860,b29150f3e0fdb376cf571e225d8e58697f5bffbc72f043928e0584087a3bed26,True,True,84,False
fundingRate,EOSUSDT,2025-02,https://data.binance.vision/data/futures/um/monthly/fundingRate/EOSUSDT/EOSUSDT-fundingRate-2025-02.zip,719,ab255ce7dabd44da888981a2ab30cd01e006e50b67a45f059cd64642e045cede,True,True,84,False
klines,DOGEUSDT,2025-02,https://data.binance.vision/data/futures/um/monthly/klines/DOGEUSDT/1d/DOGEUSDT-1d-2025-02.zip,1905,9143fcad5f094a1b83e06dd2f28ef515e15bc3f24c73528e97145fa8932a51ed,True,True,28,False
klines,EOSUSDT,2025-02,https://data.binance.vision/data/futures/um/monthly/klines/EOSUSDT/1d/EOSUSDT-1d-2025-02.zip,1690,5ba2419465eb7b42ebdd16c3cc62250b71ffcea63bd7ed9e7b9f340d47c920db,True,True,28,False
fundingRate,LINKUSDT,2025-02,https://data.binance.vision/data/futures/um/monthly/fundingRate/LINKUSDT/LINKUSDT-fundingRate-2025-02.zip,852,92d748c5583035811fa307d7f0f039d2fdcaabf59c78095ba61f24426328e77c,True,True,84,False
klines,DOTUSDT,2025-02,https://data.binance.vision/data/futures/um/monthly/klines/DOTUSDT/1d/DOTUSDT-1d-2025-02.zip,1725,c2c82b620d33f2f28bd0499a45eaaa1e92fdd05793440ef6226b5fb3ba03486a,True,True,28,False
klines,LINKUSDT,2025-02,https://data.binance.vision/data/futures/um/monthly/klines/LINKUSDT/1d/LINKUSDT-1d-2025-02.zip,1859,31f0fabcd37e3f93b552272763bd2d1592e8a053f1bc2761cb8578deb44cb908,True,True,28,False
fundingRate,ADAUSDT,2025-02,https://data.binance.vision/data/futures/um/monthly/fundingRate/ADAUSDT/ADAUSDT-fundingRate-2025-02.zip,871,4bc50dceb5108bef8e51c417b13108595c64460d738080a619b60ce341718ed0,True,True,84,False
fundingRate,DOGEUSDT,2025-02,https://data.binance.vision/data/futures/um/monthly/fundingRate/DOGEUSDT/DOGEUSDT-fundingRate-2025-02.zip,872,fa3a34848d0a10af64b9e534bf9209ac317fe0da05378d622dc9d406ca88f69d,True,True,84,False
klines,TRXUSDT,2025-02,https://data.binance.vision/data/futures/um/monthly/klines/TRXUSDT/1d/TRXUSDT-1d-2025-02.zip,1785,fb69d4c0a6c0d464e2fcca1d22097e53787d50f4ad570f216813f2be3cdde0b0,True,True,28,False
fundingRate,TRXUSDT,2025-02,https://data.binance.vision/data/futures/um/monthly/fundingRate/TRXUSDT/TRXUSDT-fundingRate-2025-02.zip,836,930652d9641e7b406a1036d4f9af02105fdac70d4601e60026c9a19a0494646d,True,True,84,False
fundingRate,SOLUSDT,2025-02,https://data.binance.vision/data/futures/um/monthly/fundingRate/SOLUSDT/SOLUSDT-fundingRate-2025-02.zip,872,eeade74c1ca2a6dc9d78ba0d7a1ff145c323be72cfa2c09fcef9edab88baef9f,True,True,84,False
klines,BTCUSDT,2025-03,https://data.binance.vision/data/futures/um/monthly/klines/BTCUSDT/1d/BTCUSDT-1d-2025-03.zip,2141,630d36287b1e90438c4bda4d5966c97c129bdadfc5c20dd666e21d7c72e1ec54,True,True,31,False
klines,SOLUSDT,2025-02,https://data.binance.vision/data/futures/um/monthly/klines/SOLUSDT/1d/SOLUSDT-1d-2025-02.zip,1792,69c9944e1f08fbc1dff99047557365af629236c2c63748d48ab5cf85362cc379,True,True,28,False
fundingRate,DOTUSDT,2025-02,https://data.binance.vision/data/futures/um/monthly/fundingRate/DOTUSDT/DOTUSDT-fundingRate-2025-02.zip,828,549b7c16c6144d2e38a190abd66a04d683ad306e1c210237242d20de709e0165,True,True,84,False
fundingRate,BTCUSDT,2025-03,https://data.binance.vision/data/futures/um/monthly/fundingRate/BTCUSDT/BTCUSDT-fundingRate-2025-03.zip,938,a3b95cfb315641fbfddc61eb32adf2a2588afb7a3973a61f464aca007ad43e3f,True,True,93,False
klines,ETHUSDT,2025-03,https://data.binance.vision/data/futures/um/monthly/klines/ETHUSDT/1d/ETHUSDT-1d-2025-03.zip,2168,a2622a2d96ad1a6b953e7857ac05e531cbb0be44feb6d7dfe21063accc1a7c18,True,True,31,False
klines,BNBUSDT,2025-03,https://data.binance.vision/data/futures/um/monthly/klines/BNBUSDT/1d/BNBUSDT-1d-2025-03.zip,2018,23ad15bc557a7102a83113988a5723bf86d4790c212c6b65c7ad86054ecf27a7,True,True,31,False
fundingRate,BNBUSDT,2025-03,https://data.binance.vision/data/futures/um/monthly/fundingRate/BNBUSDT/BNBUSDT-fundingRate-2025-03.zip,843,8bd05f64e15a3f1731d75ad21dea232b6ae9e93cff351a0699a4c1ab0dc0d2ea,True,True,93,False
fundingRate,XRPUSDT,2025-03,https://data.binance.vision/data/futures/um/monthly/fundingRate/XRPUSDT/XRPUSDT-fundingRate-2025-03.zip,951,690fb0f227c2b8b1467428b2e3340ea9928d8ef81ac461bd6f641f100dd21d66,True,True,93,False
klines,XRPUSDT,2025-03,https://data.binance.vision/data/futures/um/monthly/klines/XRPUSDT/1d/XRPUSDT-1d-2025-03.zip,2068,8b30292bb5d1839eddf5fd4d4a437a90fb17e863c526130e9854986bfba162ff,True,True,31,False
klines,ADAUSDT,2025-03,https://data.binance.vision/data/futures/um/monthly/klines/ADAUSDT/1d/ADAUSDT-1d-2025-03.zip,1973,9a3566532cc5f700d1a81a939175f7259ec28cfb5362525714d6080d34ed074f,True,True,31,False
fundingRate,ADAUSDT,2025-03,https://data.binance.vision/data/futures/um/monthly/fundingRate/ADAUSDT/ADAUSDT-fundingRate-2025-03.zip,924,3d0e98df673dad946ea8a6318d7b3f7189323127362f3aa80734a78d42aa5594,True,True,93,False
fundingRate,ETHUSDT,2025-03,https://data.binance.vision/data/futures/um/monthly/fundingRate/ETHUSDT/ETHUSDT-fundingRate-2025-03.zip,934,62464a8bfb7ba515628acb76d3e2172d33b88805faa2e701a22537c51a17d139,True,True,93,False
klines,LTCUSDT,2025-03,https://data.binance.vision/data/futures/um/monthly/klines/LTCUSDT/1d/LTCUSDT-1d-2025-03.zip,1996,afdcbe2877cda401028396d94d17189a5b74bb65c8d9718681670195b472f7cb,True,True,31,False
fundingRate,BCHUSDT,2025-03,https://data.binance.vision/data/futures/um/monthly/fundingRate/BCHUSDT/BCHUSDT-fundingRate-2025-03.zip,891,1b6e383ac4483b4f08a9afbb5d4071cca62409de2a03147eb71d6fffd7aa5f17,True,True,93,False
klines,BCHUSDT,2025-03,https://data.binance.vision/data/futures/um/monthly/klines/BCHUSDT/1d/BCHUSDT-1d-2025-03.zip,2012,20feaa72094c955afc94943ad0f8baed42241faa5edbb794d804459e6c042c4a,True,True,31,False
fundingRate,EOSUSDT,2025-03,https://data.binance.vision/data/futures/um/monthly/fundingRate/EOSUSDT/EOSUSDT-fundingRate-2025-03.zip,884,647e6fd9d77eaaf4afe2113a83e84e866adbedd588f2b1ff394f25f6632bb1f9,True,True,93,False
klines,DOGEUSDT,2025-03,https://data.binance.vision/data/futures/um/monthly/klines/DOGEUSDT/1d/DOGEUSDT-1d-2025-03.zip,2074,8523adbb38473cd13875aa6f56f7d6ee4b8d67cd8a6cae3f98078d2369c73bb7,True,True,31,False
klines,EOSUSDT,2025-03,https://data.binance.vision/data/futures/um/monthly/klines/EOSUSDT/1d/EOSUSDT-1d-2025-03.zip,1833,bda8f250bb02084c9fd32b5015062a57fe87af1fcd0dbb6eb6d4483689f381cd,True,True,31,False
fundingRate,DOGEUSDT,2025-03,https://data.binance.vision/data/futures/um/monthly/fundingRate/DOGEUSDT/DOGEUSDT-fundingRate-2025-03.zip,958,3d9ac62d34961c5bd7b2e2b9f33abef0bcb295fdfae421bd38abab67598b2482,True,True,93,False
fundingRate,LINKUSDT,2025-03,https://data.binance.vision/data/futures/um/monthly/fundingRate/LINKUSDT/LINKUSDT-fundingRate-2025-03.zip,896,bb73dc71a95ee0127f66248f1912b605f8bccaaa52b318be42397b4263c42be7,True,True,93,False
klines,LINKUSDT,2025-03,https://data.binance.vision/data/futures/um/monthly/klines/LINKUSDT/1d/LINKUSDT-1d-2025-03.zip,2013,562ed404ead339c05c40325014c073a89ee5194fadf5a9b1b9c5962ae3665643,True,True,31,False
fundingRate,LTCUSDT,2025-03,https://data.binance.vision/data/futures/um/monthly/fundingRate/LTCUSDT/LTCUSDT-fundingRate-2025-03.zip,914,d4b7be682d103815845bd1e6d8d3f7b420577ed55b91a0471ae70581cd7317b6,True,True,93,False
klines,DOTUSDT,2025-03,https://data.binance.vision/data/futures/um/monthly/klines/DOTUSDT/1d/DOTUSDT-1d-2025-03.zip,1870,aee32a38aff835da0543a4487d4a98ad50532d73b4bb735a00a0ec8f3eacba0e,True,True,31,False
fundingRate,DOTUSDT,2025-03,https://data.binance.vision/data/futures/um/monthly/fundingRate/DOTUSDT/DOTUSDT-fundingRate-2025-03.zip,902,d483c0852c51f4ca6ec92fd28d1152a0c4dd57e9aa8184583e245218866fa692,True,True,93,False
klines,TRXUSDT,2025-03,https://data.binance.vision/data/futures/um/monthly/klines/TRXUSDT/1d/TRXUSDT-1d-2025-03.zip,1935,2868cc91e7b9323c23f3090d3fd4142dee8121ed2b86966fa963b7a61b9afa7b,True,True,31,False
fundingRate,TRXUSDT,2025-03,https://data.binance.vision/data/futures/um/monthly/fundingRate/TRXUSDT/TRXUSDT-fundingRate-2025-03.zip,913,2f7346f053aa57c024aab4ff0d234f6b29ce8a208830381df9ccb2b43148a4a7,True,True,93,False
klines,SOLUSDT,2025-03,https://data.binance.vision/data/futures/um/monthly/klines/SOLUSDT/1d/SOLUSDT-1d-2025-03.zip,1949,f04a5dc28fbf77e2df33b7a53e29f2f6c6715ba83a5268a6373f7fa8c656b7ba,True,True,31,False
fundingRate,SOLUSDT,2025-03,https://data.binance.vision/data/futures/um/monthly/fundingRate/SOLUSDT/SOLUSDT-fundingRate-2025-03.zip,938,3f77a33779c946da6f3082d14fb9a5497e7e4a4e3fff4d68967e6ddf96cf99ea,True,True,93,False
klines,BTCUSDT,2025-04,https://data.binance.vision/data/futures/um/monthly/klines/BTCUSDT/1d/BTCUSDT-1d-2025-04.zip,2070,7ecc8db32272da5151d96da48014ab657c492b49468fcd2e13186efc54d54815,True,True,30,False
fundingRate,BTCUSDT,2025-04,https://data.binance.vision/data/futures/um/monthly/fundingRate/BTCUSDT/BTCUSDT-fundingRate-2025-04.zip,929,01dbb7bd0135f98bd63bdde6b943cde1accc1770cabf92f68a1ec0653ced3888,True,True,90,False
klines,ETHUSDT,2025-04,https://data.binance.vision/data/futures/um/monthly/klines/ETHUSDT/1d/ETHUSDT-1d-2025-04.zip,2124,724d206e1232ed89ebd4ebe2e0ab1897d152002a508e7c33d7f3e4a27b1235ce,True,True,30,False
klines,BNBUSDT,2025-04,https://data.binance.vision/data/futures/um/monthly/klines/BNBUSDT/1d/BNBUSDT-1d-2025-04.zip,1931,0d0116d23526ec8afc963d1b9cc9e25f103ff36d8eee6536cdf520bff4fcf9b3,True,True,30,False
fundingRate,ETHUSDT,2025-04,https://data.binance.vision/data/futures/um/monthly/fundingRate/ETHUSDT/ETHUSDT-fundingRate-2025-04.zip,940,7db62cb5e9f32397dacabb3d571b96397024bda3810bde0799c90f61cb773679,True,True,90,False
fundingRate,BNBUSDT,2025-04,https://data.binance.vision/data/futures/um/monthly/fundingRate/BNBUSDT/BNBUSDT-fundingRate-2025-04.zip,751,d5b35805679bb3a410fce7ddb370ce4b6f69bc37233e4ffde4eec40f524e3ff2,True,True,90,False
klines,LTCUSDT,2025-04,https://data.binance.vision/data/futures/um/monthly/klines/LTCUSDT/1d/LTCUSDT-1d-2025-04.zip,1919,e2d3c907c8d24d56f6a16ffd3c67ac52d7b698c42fe2d93e040cfc159c790d13,True,True,30,False
fundingRate,ADAUSDT,2025-04,https://data.binance.vision/data/futures/um/monthly/fundingRate/ADAUSDT/ADAUSDT-fundingRate-2025-04.zip,896,0db8f973876decb78f7ef39c4114216c769c92e10ed5bbdae1ca148178b2104d,True,True,90,False
klines,BCHUSDT,2025-04,https://data.binance.vision/data/futures/um/monthly/klines/BCHUSDT/1d/BCHUSDT-1d-2025-04.zip,1952,9bc023b9b35d3b58768082501185067fdd1e0f486f0e82031eee3b3e983a96b9,True,True,30,False
fundingRate,LTCUSDT,2025-04,https://data.binance.vision/data/futures/um/monthly/fundingRate/LTCUSDT/LTCUSDT-fundingRate-2025-04.zip,892,e84071807012cee4af78727a72862e87bfa8afe7993c478a531674358fe15aec,True,True,90,False
klines,XRPUSDT,2025-04,https://data.binance.vision/data/futures/um/monthly/klines/XRPUSDT/1d/XRPUSDT-1d-2025-04.zip,2009,2174383a0da537c88bbef0f1afce196188c7eaa043f944914b663564ce4c62f3,True,True,30,False
klines,EOSUSDT,2025-04,https://data.binance.vision/data/futures/um/monthly/klines/EOSUSDT/1d/EOSUSDT-1d-2025-04.zip,1824,f74778aa15bb98a5c3bd9bfb6af637a8d687cee33f464fb5afde6a499c3e42a7,True,True,30,False
fundingRate,XRPUSDT,2025-04,https://data.binance.vision/data/futures/um/monthly/fundingRate/XRPUSDT/XRPUSDT-fundingRate-2025-04.zip,907,d47ea402f11ad727be1c1b4adfa8483698151509d90e9cb53b84b0a43ca67de8,True,True,90,False
klines,ADAUSDT,2025-04,https://data.binance.vision/data/futures/um/monthly/klines/ADAUSDT/1d/ADAUSDT-1d-2025-04.zip,1894,27b5cd98d14b4db5fec4b75158b67b75c11e15f37e7e864a475e013d0cb5b402,True,True,30,False
fundingRate,BCHUSDT,2025-04,https://data.binance.vision/data/futures/um/monthly/fundingRate/BCHUSDT/BCHUSDT-fundingRate-2025-04.zip,925,b1ebf99d1bdbc174267a3171f7ac804d6e90edb3fd3e761501aaa90bbbd0760f,True,True,90,False
klines,DOGEUSDT,2025-04,https://data.binance.vision/data/futures/um/monthly/klines/DOGEUSDT/1d/DOGEUSDT-1d-2025-04.zip,2025,389ad06aae7cf96bce54e068919e052467e2d7ff6fb8848308f41697a2e2ae45,True,True,30,False
fundingRate,EOSUSDT,2025-04,https://data.binance.vision/data/futures/um/monthly/fundingRate/EOSUSDT/EOSUSDT-fundingRate-2025-04.zip,855,bd4fe3fc3debc97ee64e89788fe081b91d8dbf4f64e4bb98f67fa279ca37f4e9,True,True,90,False
fundingRate,TRXUSDT,2025-04,https://data.binance.vision/data/futures/um/monthly/fundingRate/TRXUSDT/TRXUSDT-fundingRate-2025-04.zip,856,df29da163f261c5eddb5356ff5f4903df50d27e6815724abe36e972f4cbdfde3,True,True,90,False
fundingRate,SOLUSDT,2025-04,https://data.binance.vision/data/futures/um/monthly/fundingRate/SOLUSDT/SOLUSDT-fundingRate-2025-04.zip,920,6cd3fb27bae9313e15734d7214f4a83dc37a7a199cfc12c23f7777a5e27f7fd7,True,True,90,False
klines,LINKUSDT,2025-04,https://data.binance.vision/data/futures/um/monthly/klines/LINKUSDT/1d/LINKUSDT-1d-2025-04.zip,1944,6bf21dd6b8dfac6493e248270942233320f508ae1f75db142cbafc54ba9c0b55,True,True,30,False
fundingRate,BTCUSDT,2025-05,https://data.binance.vision/data/futures/um/monthly/fundingRate/BTCUSDT/BTCUSDT-fundingRate-2025-05.zip,943,e7355e2775b88009c984db1783bb8ed6b5f24ede2b52bb764151b5722d6a5e42,True,True,93,False
fundingRate,DOGEUSDT,2025-04,https://data.binance.vision/data/futures/um/monthly/fundingRate/DOGEUSDT/DOGEUSDT-fundingRate-2025-04.zip,895,ef81cc81573c727ba251f68e73593322ccf16db7055de77856b4dd5cd1e7cfc8,True,True,90,False
klines,TRXUSDT,2025-04,https://data.binance.vision/data/futures/um/monthly/klines/TRXUSDT/1d/TRXUSDT-1d-2025-04.zip,1884,b8ed8a7dfea3434c0d287fda864d58c1c91bbd11f9f6d651d19bca7b3c841f18,True,True,30,False
klines,SOLUSDT,2025-04,https://data.binance.vision/data/futures/um/monthly/klines/SOLUSDT/1d/SOLUSDT-1d-2025-04.zip,2019,35b292bea05299f58338300060c948e412ee2aa3df7ce9761a71bfebba45253d,True,True,30,False
fundingRate,LINKUSDT,2025-04,https://data.binance.vision/data/futures/um/monthly/fundingRate/LINKUSDT/LINKUSDT-fundingRate-2025-04.zip,832,17f6f5f71e62fb2478167db581286c36f298d266b5b73a18d954bfca1a61c874,True,True,90,False
klines,DOTUSDT,2025-04,https://data.binance.vision/data/futures/um/monthly/klines/DOTUSDT/1d/DOTUSDT-1d-2025-04.zip,1821,9ef6541c271d651b19f507739f29a4bc5abb4d0597d74a5cc7ac27f5cb595328,True,True,30,False
fundingRate,DOTUSDT,2025-04,https://data.binance.vision/data/futures/um/monthly/fundingRate/DOTUSDT/DOTUSDT-fundingRate-2025-04.zip,867,5b40f75448bacec8a9ae7eb22d083f8c6d3c7900ea31e5a441daa8d5e29072ce,True,True,90,False
klines,BTCUSDT,2025-05,https://data.binance.vision/data/futures/um/monthly/klines/BTCUSDT/1d/BTCUSDT-1d-2025-05.zip,2127,4881cc91121ea7faabeaf1d46807044dfa0af6fdef5c8d512bebbe047456b4f6,True,True,31,False
klines,ETHUSDT,2025-05,https://data.binance.vision/data/futures/um/monthly/klines/ETHUSDT/1d/ETHUSDT-1d-2025-05.zip,2173,80bf183cac6a633141fed3ca00efb6a3640342a65eee290e78266cdd57ffe9bb,True,True,31,False
fundingRate,BNBUSDT,2025-05,https://data.binance.vision/data/futures/um/monthly/fundingRate/BNBUSDT/BNBUSDT-fundingRate-2025-05.zip,745,fc9a418d195865c4a61e0c858c56dfa62dab80c4d5f0df37cd71aed1173fd37b,True,True,93,False
fundingRate,ETHUSDT,2025-05,https://data.binance.vision/data/futures/um/monthly/fundingRate/ETHUSDT/ETHUSDT-fundingRate-2025-05.zip,919,996aff38f046b50510301532ac5cbdca115afca971c49cb548f50e5d70e18d99,True,True,93,False
klines,ADAUSDT,2025-05,https://data.binance.vision/data/futures/um/monthly/klines/ADAUSDT/1d/ADAUSDT-1d-2025-05.zip,1947,99aab73cb5e7bf16694c404688feebe8d45a65a5ddb3bfa2da955c1b30f394a6,True,True,31,False
klines,BNBUSDT,2025-05,https://data.binance.vision/data/futures/um/monthly/klines/BNBUSDT/1d/BNBUSDT-1d-2025-05.zip,1987,3b457deec52da8a195f4b2a1e8ebaa8468a3331a40ab61d652a310fd5715b4b2,True,True,31,False
klines,LTCUSDT,2025-05,https://data.binance.vision/data/futures/um/monthly/klines/LTCUSDT/1d/LTCUSDT-1d-2025-05.zip,1985,f97b3b28c24e0624c9a3ef730f83fa2b11bcbc2bb39e712b118cae44e6047f82,True,True,31,False
klines,XRPUSDT,2025-05,https://data.binance.vision/data/futures/um/monthly/klines/XRPUSDT/1d/XRPUSDT-1d-2025-05.zip,2059,1f835be3c53bcad9762f6405eff4d892b6645128656378dc97a2e9eb7effb0a2,True,True,31,False
fundingRate,XRPUSDT,2025-05,https://data.binance.vision/data/futures/um/monthly/fundingRate/XRPUSDT/XRPUSDT-fundingRate-2025-05.zip,895,7c664b87b0ae630b033f67ab334a46d433374927e74445c56f4b3be7b9b23092,True,True,93,False
klines,LINKUSDT,2025-05,https://data.binance.vision/data/futures/um/monthly/klines/LINKUSDT/1d/LINKUSDT-1d-2025-05.zip,1997,94334017486c7d51a13e8d9673951b2504f090c523d007c17cbdf8d943d893dd,True,True,31,False
fundingRate,DOGEUSDT,2025-05,https://data.binance.vision/data/futures/um/monthly/fundingRate/DOGEUSDT/DOGEUSDT-fundingRate-2025-05.zip,912,408322bd25a392d3fb10b66ebf214e2d7c0426456bfa1d3dab79da804a511188,True,True,93,False
fundingRate,LTCUSDT,2025-05,https://data.binance.vision/data/futures/um/monthly/fundingRate/LTCUSDT/LTCUSDT-fundingRate-2025-05.zip,880,ade502ee0d0be2a666ec94f8361525808b7b911fa9e576a27bce326e06b4edf6,True,True,93,False
fundingRate,BCHUSDT,2025-05,https://data.binance.vision/data/futures/um/monthly/fundingRate/BCHUSDT/BCHUSDT-fundingRate-2025-05.zip,989,f35507b1515132a5a945697bde5890e9afbf9968c1ec7c6c0ddfa6d00a2e41d6,True,True,93,False
fundingRate,ADAUSDT,2025-05,https://data.binance.vision/data/futures/um/monthly/fundingRate/ADAUSDT/ADAUSDT-fundingRate-2025-05.zip,905,2c2596eb60963e0970ccd887e4e7da52d6eed2ea2c33523407803fb7a28ff951,True,True,93,False
fundingRate,EOSUSDT,2025-05,https://data.binance.vision/data/futures/um/monthly/fundingRate/EOSUSDT/EOSUSDT-fundingRate-2025-05.zip,791,385a84f38ea3ad4cbd4d1177e20a0a7c83d0c5f9b4d94c3ed8b9f3641262ca76,True,True,93,False
klines,EOSUSDT,2025-05,https://data.binance.vision/data/futures/um/monthly/klines/EOSUSDT/1d/EOSUSDT-1d-2025-05.zip,1358,9d5bf67721cdb7acb5e236723a1ab1e0cbf48f59eca587d65d3420eb33359b1f,True,True,21,False
klines,DOTUSDT,2025-05,https://data.binance.vision/data/futures/um/monthly/klines/DOTUSDT/1d/DOTUSDT-1d-2025-05.zip,1880,f21be9e59414930ed6e647308f09afa4bab4bde2898a632b3dd0109fd74bc7db,True,True,31,False
klines,DOGEUSDT,2025-05,https://data.binance.vision/data/futures/um/monthly/klines/DOGEUSDT/1d/DOGEUSDT-1d-2025-05.zip,2091,894668ae3eae9f4fb5a73863aced2fc72fd70f492051ede6281c3928f6762a0e,True,True,31,False
klines,BCHUSDT,2025-05,https://data.binance.vision/data/futures/um/monthly/klines/BCHUSDT/1d/BCHUSDT-1d-2025-05.zip,1990,82d160e186c09ed04224935f32a1b649dfaf0f3a97ec03ad634cb4e945e2b217,True,True,31,False
fundingRate,LINKUSDT,2025-05,https://data.binance.vision/data/futures/um/monthly/fundingRate/LINKUSDT/LINKUSDT-fundingRate-2025-05.zip,891,7d3b60afb85860117409e2137884e2a01e45a22eb2e4d1353514244f83796002,True,True,93,False
fundingRate,DOTUSDT,2025-05,https://data.binance.vision/data/futures/um/monthly/fundingRate/DOTUSDT/DOTUSDT-fundingRate-2025-05.zip,891,1d7a8909d74169ce338195da7f1a56da5417ac6f08df24e3690a87a15cdbcaf7,True,True,93,False
fundingRate,TRXUSDT,2025-05,https://data.binance.vision/data/futures/um/monthly/fundingRate/TRXUSDT/TRXUSDT-fundingRate-2025-05.zip,843,f33bbf9d968946fb77e1f58fd66916e3339d9ec472431c0e1dfb913e86caecbb,True,True,93,False
klines,TRXUSDT,2025-05,https://data.binance.vision/data/futures/um/monthly/klines/TRXUSDT/1d/TRXUSDT-1d-2025-05.zip,1937,b6aa849850ee15f9cfe7e1e78d289bb700528e880e302eaf3f7ae29beaa5d8b7,True,True,31,False
klines,SOLUSDT,2025-05,https://data.binance.vision/data/futures/um/monthly/klines/SOLUSDT/1d/SOLUSDT-1d-2025-05.zip,2113,72b0d3823547843433fc5fe9c4deeb07895a298569296fb2014617f7044f7e81,True,True,31,False
fundingRate,SOLUSDT,2025-05,https://data.binance.vision/data/futures/um/monthly/fundingRate/SOLUSDT/SOLUSDT-fundingRate-2025-05.zip,940,eb03fd0d0b31eef9ee05544ea8dcce097a807d3475f67d0a5f0859c487c5f5c3,True,True,93,False
fundingRate,BTCUSDT,2025-06,https://data.binance.vision/data/futures/um/monthly/fundingRate/BTCUSDT/BTCUSDT-fundingRate-2025-06.zip,946,a1f4a40953740fa83ee9ad97776ff8325d1958654a67f1325614071a983819d4,True,True,90,False
fundingRate,ETHUSDT,2025-06,https://data.binance.vision/data/futures/um/monthly/fundingRate/ETHUSDT/ETHUSDT-fundingRate-2025-06.zip,928,ae7ca242249ca3df06d1222a0c264fe83b18c4b2c19fe656e864f7d081d5e198,True,True,90,False
klines,ETHUSDT,2025-06,https://data.binance.vision/data/futures/um/monthly/klines/ETHUSDT/1d/ETHUSDT-1d-2025-06.zip,2120,9f00b661b8b62239a1376ad2c3f8116ecb0bb2174d9f9adbb308acea356fe651,True,True,30,False
fundingRate,BNBUSDT,2025-06,https://data.binance.vision/data/futures/um/monthly/fundingRate/BNBUSDT/BNBUSDT-fundingRate-2025-06.zip,762,2ea8b6a079ab89270eeeecee1bd47128cbf585ada1bc65a1b657b76061e12c04,True,True,90,False
klines,BNBUSDT,2025-06,https://data.binance.vision/data/futures/um/monthly/klines/BNBUSDT/1d/BNBUSDT-1d-2025-06.zip,1906,b4e12bfe46ed13bba028666c827cd7bd968978cf964252f8ffdd60c190790d43,True,True,30,False
fundingRate,LTCUSDT,2025-06,https://data.binance.vision/data/futures/um/monthly/fundingRate/LTCUSDT/LTCUSDT-fundingRate-2025-06.zip,909,9159d2d6e16e41b82f77f51f0005038d6d718a3b6222604a5209a2ce92e0ad1c,True,True,90,False
fundingRate,ADAUSDT,2025-06,https://data.binance.vision/data/futures/um/monthly/fundingRate/ADAUSDT/ADAUSDT-fundingRate-2025-06.zip,906,c5cc8021595af02e572658ebbc6ee76210d0226e0d474bb354106b55b12edea9,True,True,90,False
klines,EOSUSDT,2025-06,https://data.binance.vision/data/futures/um/monthly/klines/EOSUSDT/1d/EOSUSDT-1d-2025-06.zip,0,,False,,0,True
klines,BTCUSDT,2025-06,https://data.binance.vision/data/futures/um/monthly/klines/BTCUSDT/1d/BTCUSDT-1d-2025-06.zip,2055,c11054f2eaacd83b4327c7eef2001221e33beb3caf6dab2b44d2cef0da6ab98b,True,True,30,False
klines,BCHUSDT,2025-06,https://data.binance.vision/data/futures/um/monthly/klines/BCHUSDT/1d/BCHUSDT-1d-2025-06.zip,1953,c34848cfddb2ce7cee2c3694fed7a48ea19203db2e61be6e851229e742991f35,True,True,30,False
fundingRate,BCHUSDT,2025-06,https://data.binance.vision/data/futures/um/monthly/fundingRate/BCHUSDT/BCHUSDT-fundingRate-2025-06.zip,936,40ca1ed6f44666cd788296c5b4adde8746bc9e5d34609607e09879ff53f8d91d,True,True,90,False
fundingRate,XRPUSDT,2025-06,https://data.binance.vision/data/futures/um/monthly/fundingRate/XRPUSDT/XRPUSDT-fundingRate-2025-06.zip,907,5bfb1683c2b8c738a0059ee02078706585b62c1e430685af76e3796a0ee58613,True,True,90,False
klines,XRPUSDT,2025-06,https://data.binance.vision/data/futures/um/monthly/klines/XRPUSDT/1d/XRPUSDT-1d-2025-06.zip,1975,d8ed42190920557531b8a91330b68688c9e83fcb2686ce150960740265ef1220,True,True,30,False
klines,ADAUSDT,2025-06,https://data.binance.vision/data/futures/um/monthly/klines/ADAUSDT/1d/ADAUSDT-1d-2025-06.zip,1875,8ecbcd6b477b63fd60aec7ea0222152f99e93bd76e05c61ea29c7663dae9f2a4,True,True,30,False
fundingRate,EOSUSDT,2025-06,https://data.binance.vision/data/futures/um/monthly/fundingRate/EOSUSDT/EOSUSDT-fundingRate-2025-06.zip,675,a3164b670073051b3cb1710868306f380c27f9f4d24c34c5fa4928d7636f92e4,True,True,90,False
klines,LTCUSDT,2025-06,https://data.binance.vision/data/futures/um/monthly/klines/LTCUSDT/1d/LTCUSDT-1d-2025-06.zip,1899,cae3c8fa5a19214ed6102f838a017f82f86d67bbc1a2448c0442ab86060cfc57,True,True,30,False
fundingRate,DOGEUSDT,2025-06,https://data.binance.vision/data/futures/um/monthly/fundingRate/DOGEUSDT/DOGEUSDT-fundingRate-2025-06.zip,945,5a18b464cd2d6a6e106c497a5e265327762cff0ee86ebcf8fd20e0150d5a67a5,True,True,90,False
fundingRate,LINKUSDT,2025-06,https://data.binance.vision/data/futures/um/monthly/fundingRate/LINKUSDT/LINKUSDT-fundingRate-2025-06.zip,953,cbdf6273e84d457b4915139e41a278629cbdfc02855e290b6d9ff34218eb36a5,True,True,90,False
fundingRate,DOTUSDT,2025-06,https://data.binance.vision/data/futures/um/monthly/fundingRate/DOTUSDT/DOTUSDT-fundingRate-2025-06.zip,925,e5f8e1fcbddf08273ccf9e35de972049183f0cb4ae07fedfec91b626abfcd95b,True,True,90,False
klines,SOLUSDT,2025-06,https://data.binance.vision/data/futures/um/monthly/klines/SOLUSDT/1d/SOLUSDT-1d-2025-06.zip,2048,2de04241baece5a81ea280d2f485715369540d873455ed86078cfe2153ff1b35,True,True,30,False
klines,DOGEUSDT,2025-06,https://data.binance.vision/data/futures/um/monthly/klines/DOGEUSDT/1d/DOGEUSDT-1d-2025-06.zip,2012,a2eea9be9419bf4c591956d15ba7a5ba62ef51e733d46dfe65aae1babbbdf203,True,True,30,False
fundingRate,SOLUSDT,2025-06,https://data.binance.vision/data/futures/um/monthly/fundingRate/SOLUSDT/SOLUSDT-fundingRate-2025-06.zip,939,4ccee0a6fd67cb775be49d124b9eb038f26acd09426fcb9aaf9d3de74cf3a24e,True,True,90,False
klines,LINKUSDT,2025-06,https://data.binance.vision/data/futures/um/monthly/klines/LINKUSDT/1d/LINKUSDT-1d-2025-06.zip,1947,03b7bdfe4b0a8abdc25cf6016341d6c827e7777f75ceee1549694af3294abec8,True,True,30,False
fundingRate,BTCUSDT,2025-07,https://data.binance.vision/data/futures/um/monthly/fundingRate/BTCUSDT/BTCUSDT-fundingRate-2025-07.zip,796,b097dff828f6e43fece23db0d3cb98042a9d7bc19693b8cbfd051d88eb973b7b,True,True,93,False
klines,DOTUSDT,2025-06,https://data.binance.vision/data/futures/um/monthly/klines/DOTUSDT/1d/DOTUSDT-1d-2025-06.zip,1818,4cd9e03c1faacca1a1d06f564752f1870745d6a8a507115e41a54dccc21588f2,True,True,30,False
klines,ETHUSDT,2025-07,https://data.binance.vision/data/futures/um/monthly/klines/ETHUSDT/1d/ETHUSDT-1d-2025-07.zip,2192,a6a1cd065ea434b535a546672921c2615d714df2e22b236507a14a60cd4278f8,True,True,31,False
fundingRate,ETHUSDT,2025-07,https://data.binance.vision/data/futures/um/monthly/fundingRate/ETHUSDT/ETHUSDT-fundingRate-2025-07.zip,854,5f2d840c5669ca946529c33f6df32433c5d0cd973eb4adfd40459270c460e7f8,True,True,93,False
klines,TRXUSDT,2025-06,https://data.binance.vision/data/futures/um/monthly/klines/TRXUSDT/1d/TRXUSDT-1d-2025-06.zip,1875,cb2a6b5e37ef07e7f6b090d796a8153b7f813ee152178f1ecb8af011fc8a2016,True,True,30,False
fundingRate,TRXUSDT,2025-06,https://data.binance.vision/data/futures/um/monthly/fundingRate/TRXUSDT/TRXUSDT-fundingRate-2025-06.zip,914,1446a97f655ea32a2b3cbe3842c116bc525c07827deac8a4a53b644cddb2a535,True,True,90,False
klines,BNBUSDT,2025-07,https://data.binance.vision/data/futures/um/monthly/klines/BNBUSDT/1d/BNBUSDT-1d-2025-07.zip,1981,9d9eb90361d2a5821c056cf0247edb4aeec08ec62960b5df093e3c36051fe821,True,True,31,False
klines,BTCUSDT,2025-07,https://data.binance.vision/data/futures/um/monthly/klines/BTCUSDT/1d/BTCUSDT-1d-2025-07.zip,2125,bce326227436ff4ebf119379859c1ac1c8df5fcb8a4bfe9f07c7f8ade18f9d7d,True,True,31,False
klines,XRPUSDT,2025-07,https://data.binance.vision/data/futures/um/monthly/klines/XRPUSDT/1d/XRPUSDT-1d-2025-07.zip,2073,0df0dc9dcbb557d6a992f8309aa58cee191e1d267cdf6ca6ea69103472e5ed01,True,True,31,False
klines,EOSUSDT,2025-07,https://data.binance.vision/data/futures/um/monthly/klines/EOSUSDT/1d/EOSUSDT-1d-2025-07.zip,0,,False,,0,True
fundingRate,ADAUSDT,2025-07,https://data.binance.vision/data/futures/um/monthly/fundingRate/ADAUSDT/ADAUSDT-fundingRate-2025-07.zip,784,17222cc957c27ecb23eb4ab528fe954bf8da05256a38ffc9b04d06ffe1f26811,True,True,93,False
klines,ADAUSDT,2025-07,https://data.binance.vision/data/futures/um/monthly/klines/ADAUSDT/1d/ADAUSDT-1d-2025-07.zip,1967,9f86cf5c3f052198dc51644e3d4ec665df0cee84a98dc4a3a9bc685e2ac946bc,True,True,31,False
klines,LTCUSDT,2025-07,https://data.binance.vision/data/futures/um/monthly/klines/LTCUSDT/1d/LTCUSDT-1d-2025-07.zip,2010,5c1a48f88b2baeae221c91ac7bf9b18611af5926ea5aea4a47b075d834a9f7b2,True,True,31,False
fundingRate,LTCUSDT,2025-07,https://data.binance.vision/data/futures/um/monthly/fundingRate/LTCUSDT/LTCUSDT-fundingRate-2025-07.zip,813,942cd83f944849728142ce40a74581a59f0652d68d5606a5d073c8c82c552abd,True,True,93,False
fundingRate,BNBUSDT,2025-07,https://data.binance.vision/data/futures/um/monthly/fundingRate/BNBUSDT/BNBUSDT-fundingRate-2025-07.zip,808,014c717df6ca0fbc5c8850a22741cf07b425af5aeec07de42265f7a70aa9fd39,True,True,93,False
klines,DOGEUSDT,2025-07,https://data.binance.vision/data/futures/um/monthly/klines/DOGEUSDT/1d/DOGEUSDT-1d-2025-07.zip,2104,e16b38cad5865ecb8267ad9cd090c64c6c52c9f7244008e608da8a87eb60de55,True,True,31,False
fundingRate,XRPUSDT,2025-07,https://data.binance.vision/data/futures/um/monthly/fundingRate/XRPUSDT/XRPUSDT-fundingRate-2025-07.zip,817,039ff5c8dab9d9f2633f1bd4d191e6a727d6d169d897b6cbcd7fc162ff374723,True,True,93,False
fundingRate,BCHUSDT,2025-07,https://data.binance.vision/data/futures/um/monthly/fundingRate/BCHUSDT/BCHUSDT-fundingRate-2025-07.zip,905,e740fa1cdb0f2b41a9ac3987d1f9fb027887c959939b08ca402e396d8bb3909d,True,True,93,False
klines,BCHUSDT,2025-07,https://data.binance.vision/data/futures/um/monthly/klines/BCHUSDT/1d/BCHUSDT-1d-2025-07.zip,1996,226309d19eb21f4878f18321b5521becedf9d2137a90ab7c5cf6c2c756d73a81,True,True,31,False
fundingRate,DOGEUSDT,2025-07,https://data.binance.vision/data/futures/um/monthly/fundingRate/DOGEUSDT/DOGEUSDT-fundingRate-2025-07.zip,827,e56f1173899b2be5b35e14cdd61d6549dfed04bd2eacc1673285fbc067affe11,True,True,93,False
klines,LINKUSDT,2025-07,https://data.binance.vision/data/futures/um/monthly/klines/LINKUSDT/1d/LINKUSDT-1d-2025-07.zip,2012,aaea46ed60cd9d66674d3bece688936d046d0c4b9502107fcfadcfc0c2c3d0dc,True,True,31,False
fundingRate,LINKUSDT,2025-07,https://data.binance.vision/data/futures/um/monthly/fundingRate/LINKUSDT/LINKUSDT-fundingRate-2025-07.zip,791,56651da01247f19d5e63e6c40f8835934735e60915587068e325f2859101b7e4,True,True,93,False
klines,DOTUSDT,2025-07,https://data.binance.vision/data/futures/um/monthly/klines/DOTUSDT/1d/DOTUSDT-1d-2025-07.zip,1880,81df08ce13905e63e71e63f0434834bf1ca8d277525bd1d13eac6c90bd7ab2f2,True,True,31,False
fundingRate,DOTUSDT,2025-07,https://data.binance.vision/data/futures/um/monthly/fundingRate/DOTUSDT/DOTUSDT-fundingRate-2025-07.zip,810,3753fd6e7ee8b29f6be536496d28de9dd8d9b4dfc5a324504225fa095f37e80b,True,True,93,False
klines,TRXUSDT,2025-07,https://data.binance.vision/data/futures/um/monthly/klines/TRXUSDT/1d/TRXUSDT-1d-2025-07.zip,1939,19b71d1d72e1f9d6b4412ad78925f3d27f402c5b42f65de7607cbb68536e28a1,True,True,31,False
fundingRate,EOSUSDT,2025-07,https://data.binance.vision/data/futures/um/monthly/fundingRate/EOSUSDT/EOSUSDT-fundingRate-2025-07.zip,693,e50edcee3337c0edd29717653cd3e7f74899f2e0069afb3c0430651cd4ceb1e9,True,True,93,False
klines,SOLUSDT,2025-07,https://data.binance.vision/data/futures/um/monthly/klines/SOLUSDT/1d/SOLUSDT-1d-2025-07.zip,2121,39c0e0ce04dc99b84f8f356b535b46456feecaae417a0e5a3362b8801c7a5589,True,True,31,False
klines,BTCUSDT,2025-08,https://data.binance.vision/data/futures/um/monthly/klines/BTCUSDT/1d/BTCUSDT-1d-2025-08.zip,2130,cb26a985295a658b1c69a253bf617e35e2cfa3b9ad694dfc2b20977baf918f21,True,True,31,False
fundingRate,BTCUSDT,2025-08,https://data.binance.vision/data/futures/um/monthly/fundingRate/BTCUSDT/BTCUSDT-fundingRate-2025-08.zip,927,1180129860b6e196e8d70bb9719e81573aa6b4acb423ba5ee7f82f10c836f7ab,True,True,93,False
fundingRate,SOLUSDT,2025-07,https://data.binance.vision/data/futures/um/monthly/fundingRate/SOLUSDT/SOLUSDT-fundingRate-2025-07.zip,876,66ce38d1a8bc4bdd53af29d8ea5c72493ed48fe9894ee5e9ff4600ccec864c4f,True,True,93,False
klines,BNBUSDT,2025-08,https://data.binance.vision/data/futures/um/monthly/klines/BNBUSDT/1d/BNBUSDT-1d-2025-08.zip,1990,1da9cf8c42aff4a83a6455fcd82749c9ec6c8a26996ff08e80e7282b112d2ab1,True,True,31,False
fundingRate,XRPUSDT,2025-08,https://data.binance.vision/data/futures/um/monthly/fundingRate/XRPUSDT/XRPUSDT-fundingRate-2025-08.zip,910,07a8182394836928094bb6b476fef9e8858e234d0ff05ef41114ff25bab923ba,True,True,93,False
fundingRate,TRXUSDT,2025-07,https://data.binance.vision/data/futures/um/monthly/fundingRate/TRXUSDT/TRXUSDT-fundingRate-2025-07.zip,827,c13a04d4262f2f0f4cfffdfea8fe922264f77cf9e72d3b1163758a7493389ea3,True,True,93,False
fundingRate,ETHUSDT,2025-08,https://data.binance.vision/data/futures/um/monthly/fundingRate/ETHUSDT/ETHUSDT-fundingRate-2025-08.zip,922,c3fca21c71afb4962e89f8e3d84afe5832019ed8f570ee7c7c299f2436a28b62,True,True,93,False
klines,ETHUSDT,2025-08,https://data.binance.vision/data/futures/um/monthly/klines/ETHUSDT/1d/ETHUSDT-1d-2025-08.zip,2200,0f95ef11fa3a632d372c8caf58c8c3780721a4f9b1aadd5c40d80d8185a0b31a,True,True,31,False
fundingRate,ADAUSDT,2025-08,https://data.binance.vision/data/futures/um/monthly/fundingRate/ADAUSDT/ADAUSDT-fundingRate-2025-08.zip,858,f89ac9f7c6feb4a4ce110a7c40571cb1bdf0ac9ff273ee708216a2eb94ce5355,True,True,93,False
klines,LTCUSDT,2025-08,https://data.binance.vision/data/futures/um/monthly/klines/LTCUSDT/1d/LTCUSDT-1d-2025-08.zip,2021,06961246dffee257dbd20e16d06f5e2a8005de757527f12082cbedbee9cea2b0,True,True,31,False
fundingRate,BNBUSDT,2025-08,https://data.binance.vision/data/futures/um/monthly/fundingRate/BNBUSDT/BNBUSDT-fundingRate-2025-08.zip,836,1ca07a28c070cd092a04c4e002f5d7ae123c45a149f385c3b316ba1b9cd0a7b6,True,True,93,False
klines,EOSUSDT,2025-08,https://data.binance.vision/data/futures/um/monthly/klines/EOSUSDT/1d/EOSUSDT-1d-2025-08.zip,0,,False,,0,True
klines,ADAUSDT,2025-08,https://data.binance.vision/data/futures/um/monthly/klines/ADAUSDT/1d/ADAUSDT-1d-2025-08.zip,1964,c0115aa9193014e2d5facac7914356fbe25aca209d70784a44b7c5a6aeff2e20,True,True,31,False
klines,XRPUSDT,2025-08,https://data.binance.vision/data/futures/um/monthly/klines/XRPUSDT/1d/XRPUSDT-1d-2025-08.zip,2070,a9dac41318ed1a25c68291c350e406147f08e8f4810d3f9063562e1d5b72c5a9,True,True,31,False
klines,BCHUSDT,2025-08,https://data.binance.vision/data/futures/um/monthly/klines/BCHUSDT/1d/BCHUSDT-1d-2025-08.zip,1994,c80d7de0ece1140853a53eca09ee72b07edcaf2f6f0004b7f533f6d1c8918c6b,True,True,31,False
fundingRate,EOSUSDT,2025-08,https://data.binance.vision/data/futures/um/monthly/fundingRate/EOSUSDT/EOSUSDT-fundingRate-2025-08.zip,692,1ecd369fea5eddfae4fb920794eb53f7c513323528c36547e162c6ca1a0ea484,True,True,93,False
fundingRate,LTCUSDT,2025-08,https://data.binance.vision/data/futures/um/monthly/fundingRate/LTCUSDT/LTCUSDT-fundingRate-2025-08.zip,878,442ef6b2ac4fd75879f1d9e0dbf7b8c73223778d79049fe557e57b5e3ec3d599,True,True,93,False
klines,LINKUSDT,2025-08,https://data.binance.vision/data/futures/um/monthly/klines/LINKUSDT/1d/LINKUSDT-1d-2025-08.zip,2062,fda6c8775818c62bccb7efc7b6812ffe047d27e482fd1046bd8015450478f74e,True,True,31,False
fundingRate,BCHUSDT,2025-08,https://data.binance.vision/data/futures/um/monthly/fundingRate/BCHUSDT/BCHUSDT-fundingRate-2025-08.zip,818,96548a1d2a79a14b7c8d4992cf247a363181a981c043078aed58f3f1277f1b8f,True,True,93,False
fundingRate,LINKUSDT,2025-08,https://data.binance.vision/data/futures/um/monthly/fundingRate/LINKUSDT/LINKUSDT-fundingRate-2025-08.zip,865,3fd351cfdd3aa11d1e280740f56a0a244112862fb3a583d7600d658339060f53,True,True,93,False
klines,DOGEUSDT,2025-08,https://data.binance.vision/data/futures/um/monthly/klines/DOGEUSDT/1d/DOGEUSDT-1d-2025-08.zip,2102,0d5f7319f7ec24645f22d114be2a25cb03864fe220c46da43545a8e47b5d78bc,True,True,31,False
klines,TRXUSDT,2025-08,https://data.binance.vision/data/futures/um/monthly/klines/TRXUSDT/1d/TRXUSDT-1d-2025-08.zip,1943,9a02cc48873fb58e1c8606d40207cd6d5e1f98e5187ca23585eea33479f79aeb,True,True,31,False
fundingRate,TRXUSDT,2025-08,https://data.binance.vision/data/futures/um/monthly/fundingRate/TRXUSDT/TRXUSDT-fundingRate-2025-08.zip,888,d283b6ae57098196172592b522082d2bd010a6b91621bd88fd91dea1a500d72c,True,True,93,False
fundingRate,SOLUSDT,2025-08,https://data.binance.vision/data/futures/um/monthly/fundingRate/SOLUSDT/SOLUSDT-fundingRate-2025-08.zip,917,fe9efc3abe1e4be2a2fa9a4008e6957856387f6783a06b97cac3ee271746915f,True,True,93,False
klines,SOLUSDT,2025-08,https://data.binance.vision/data/futures/um/monthly/klines/SOLUSDT/1d/SOLUSDT-1d-2025-08.zip,2140,d7c6ab662c412d0b2bfb5397d86c07211173781af8d6fd4598d3b5405a8da6c6,True,True,31,False
fundingRate,BTCUSDT,2025-09,https://data.binance.vision/data/futures/um/monthly/fundingRate/BTCUSDT/BTCUSDT-fundingRate-2025-09.zip,941,21dc6570fc6bffad0e7b5f9e99211b82ad07c95ab4f18c3a2daa3b95ec98344c,True,True,90,False
fundingRate,DOTUSDT,2025-08,https://data.binance.vision/data/futures/um/monthly/fundingRate/DOTUSDT/DOTUSDT-fundingRate-2025-08.zip,873,d0a1f1ac7dd630cea38589a6d049e5bac7af9d65ad23e84da75a1652a3a54ed1,True,True,93,False
klines,ETHUSDT,2025-09,https://data.binance.vision/data/futures/um/monthly/klines/ETHUSDT/1d/ETHUSDT-1d-2025-09.zip,2106,b6022feb2a41a512022fd009bbc7ba6f48706ff7e025c84b0fe91be3f4966a3c,True,True,30,False
klines,DOTUSDT,2025-08,https://data.binance.vision/data/futures/um/monthly/klines/DOTUSDT/1d/DOTUSDT-1d-2025-08.zip,1875,2b30326565e74061b7a56d7dfff9da53bddf722ac48a7f6a9cd94a492478ea4a,True,True,31,False
klines,BNBUSDT,2025-09,https://data.binance.vision/data/futures/um/monthly/klines/BNBUSDT/1d/BNBUSDT-1d-2025-09.zip,1954,3865163cfa54bc0d77e138d4691817baa27bd3be85a5435ba806d65e50e459ee,True,True,30,False
fundingRate,DOGEUSDT,2025-08,https://data.binance.vision/data/futures/um/monthly/fundingRate/DOGEUSDT/DOGEUSDT-fundingRate-2025-08.zip,892,c73e14c91a6e44f2a7a4795c845f54f0c82fac1529dd0852c66c52175d76ff53,True,True,93,False
fundingRate,BNBUSDT,2025-09,https://data.binance.vision/data/futures/um/monthly/fundingRate/BNBUSDT/BNBUSDT-fundingRate-2025-09.zip,809,e87adf5d21d31f7c49739eb0cffb7347284bdb2d981d4ab8d2cde6cdfe94d4af,True,True,90,False
klines,BTCUSDT,2025-09,https://data.binance.vision/data/futures/um/monthly/klines/BTCUSDT/1d/BTCUSDT-1d-2025-09.zip,2059,a4f711e5efb64e87c66d945db3440d2161a6d68eeaee026732c085bf77c9784b,True,True,30,False
klines,XRPUSDT,2025-09,https://data.binance.vision/data/futures/um/monthly/klines/XRPUSDT/1d/XRPUSDT-1d-2025-09.zip,1987,60d0c50f535b39359414bc673dc1f9239c3025c859e2a71f9b313d64ef6a9ae7,True,True,30,False
fundingRate,XRPUSDT,2025-09,https://data.binance.vision/data/futures/um/monthly/fundingRate/XRPUSDT/XRPUSDT-fundingRate-2025-09.zip,881,1f09cb45eadb64731acaaae997167c54b76c3a08b367cd5acbd89f8562593ee3,True,True,90,False
fundingRate,ETHUSDT,2025-09,https://data.binance.vision/data/futures/um/monthly/fundingRate/ETHUSDT/ETHUSDT-fundingRate-2025-09.zip,934,2fa09df245aadc73cf43f837a72c3009fcd7d10c8c4e3db48b2d1021c331841a,True,True,90,False
klines,ADAUSDT,2025-09,https://data.binance.vision/data/futures/um/monthly/klines/ADAUSDT/1d/ADAUSDT-1d-2025-09.zip,1886,b2ba0af520bb90a5f440c11b6781a9b38c3cf5dc53b26426f57aa51e92bdac8c,True,True,30,False
fundingRate,ADAUSDT,2025-09,https://data.binance.vision/data/futures/um/monthly/fundingRate/ADAUSDT/ADAUSDT-fundingRate-2025-09.zip,808,2ea59a1d407e7c2888128227a070f68d4bd9bf25dc89066b92a217b7fe2eab45,True,True,90,False
klines,LTCUSDT,2025-09,https://data.binance.vision/data/futures/um/monthly/klines/LTCUSDT/1d/LTCUSDT-1d-2025-09.zip,1923,dea012bfd504b3aaf9801977ae652038bf7d4152ad710a0da6453e1622bb581c,True,True,30,False
fundingRate,LTCUSDT,2025-09,https://data.binance.vision/data/futures/um/monthly/fundingRate/LTCUSDT/LTCUSDT-fundingRate-2025-09.zip,876,d894fe4b8535b1abd3726a19affb4bc51bcd5414a427c371a88bdd3140d47939,True,True,90,False
fundingRate,BCHUSDT,2025-09,https://data.binance.vision/data/futures/um/monthly/fundingRate/BCHUSDT/BCHUSDT-fundingRate-2025-09.zip,860,3e897d2c6ea26b07a95493144b2ffd9ecdc8d6b9a4c97f66269ca044c39751b7,True,True,90,False
fundingRate,EOSUSDT,2025-09,https://data.binance.vision/data/futures/um/monthly/fundingRate/EOSUSDT/EOSUSDT-fundingRate-2025-09.zip,661,477be73c73522ad45e0d5a4ddb71d0ec7087a642b6e44ed0f01573e2ec5475fe,True,True,90,False
klines,DOGEUSDT,2025-09,https://data.binance.vision/data/futures/um/monthly/klines/DOGEUSDT/1d/DOGEUSDT-1d-2025-09.zip,2034,52f092d730338b0b8b535a763ad8575580a69b0c9c293cf6cf25f11152e3c092,True,True,30,False
klines,EOSUSDT,2025-09,https://data.binance.vision/data/futures/um/monthly/klines/EOSUSDT/1d/EOSUSDT-1d-2025-09.zip,0,,False,,0,True
klines,LINKUSDT,2025-09,https://data.binance.vision/data/futures/um/monthly/klines/LINKUSDT/1d/LINKUSDT-1d-2025-09.zip,1971,c79f38c14a5b26c0c29f4404b8f1bc30836ba7da0f505d35fd747451c2069dad,True,True,30,False
fundingRate,DOGEUSDT,2025-09,https://data.binance.vision/data/futures/um/monthly/fundingRate/DOGEUSDT/DOGEUSDT-fundingRate-2025-09.zip,882,1105b391de748f50048b5590f6a5265fcb2a6354ec8a6ac3ba79b5ca734aa9cc,True,True,90,False
fundingRate,LINKUSDT,2025-09,https://data.binance.vision/data/futures/um/monthly/fundingRate/LINKUSDT/LINKUSDT-fundingRate-2025-09.zip,819,5b90724992ead316299b755ec6ff59e70adb6a61dbfa93b58942470a7cf091df,True,True,90,False
klines,BCHUSDT,2025-09,https://data.binance.vision/data/futures/um/monthly/klines/BCHUSDT/1d/BCHUSDT-1d-2025-09.zip,1943,2c77882f85b162b67719347546173b5524eaf1948ca4bdf0d0d4818ae5e1de9d,True,True,30,False
klines,DOTUSDT,2025-09,https://data.binance.vision/data/futures/um/monthly/klines/DOTUSDT/1d/DOTUSDT-1d-2025-09.zip,1829,497f84172be00b9050aaa95c9d264a34912c563951d23122e76da79363a09917,True,True,30,False
klines,TRXUSDT,2025-09,https://data.binance.vision/data/futures/um/monthly/klines/TRXUSDT/1d/TRXUSDT-1d-2025-09.zip,1881,1b55c9f842829f322d8009ab1e6dcab4164b3848393d5238250bb2a8dc32cbbc,True,True,30,False
fundingRate,DOTUSDT,2025-09,https://data.binance.vision/data/futures/um/monthly/fundingRate/DOTUSDT/DOTUSDT-fundingRate-2025-09.zip,790,2f57f9596fdb060cb4233b90688ce804046040d944027a2b6a2e4bafd9df3a20,True,True,90,False
klines,SOLUSDT,2025-09,https://data.binance.vision/data/futures/um/monthly/klines/SOLUSDT/1d/SOLUSDT-1d-2025-09.zip,2079,4b7bf42c137870d09d94169ae95dfc312e5aefa3fab6acdfb26b47a44da95be0,True,True,30,False
fundingRate,TRXUSDT,2025-09,https://data.binance.vision/data/futures/um/monthly/fundingRate/TRXUSDT/TRXUSDT-fundingRate-2025-09.zip,969,e2534c3e0ea355c5bf48a0017fb7837f2541c4c2e1a6dd8f4f5f23cfe54332d4,True,True,90,False
fundingRate,SOLUSDT,2025-09,https://data.binance.vision/data/futures/um/monthly/fundingRate/SOLUSDT/SOLUSDT-fundingRate-2025-09.zip,947,f953315124d20dab98ba710d108103fb4cf054d1535787fd76d35d6b9c18e534,True,True,90,False
fundingRate,BTCUSDT,2025-10,https://data.binance.vision/data/futures/um/monthly/fundingRate/BTCUSDT/BTCUSDT-fundingRate-2025-10.zip,944,9ecdedab6344fc4cdb154763266b8e09627a71c3cc5574cf868158b541c259c2,True,True,93,False
klines,ETHUSDT,2025-10,https://data.binance.vision/data/futures/um/monthly/klines/ETHUSDT/1d/ETHUSDT-1d-2025-10.zip,2182,8299e253e94c33fb9b45952be8afcd6c36446e33e5f9f4192851791b67c5cd60,True,True,31,False
fundingRate,ETHUSDT,2025-10,https://data.binance.vision/data/futures/um/monthly/fundingRate/ETHUSDT/ETHUSDT-fundingRate-2025-10.zip,953,1ae86c5fb1f15d8792906b746cc7598ebe7e6e7194b74501db79c874e37d7e14,True,True,93,False
klines,BTCUSDT,2025-10,https://data.binance.vision/data/futures/um/monthly/klines/BTCUSDT/1d/BTCUSDT-1d-2025-10.zip,2140,f3db8b3c74aa33a09f5a7af1521652039e031cdd52e2d9dae542911cb6ce8e68,True,True,31,False
klines,BNBUSDT,2025-10,https://data.binance.vision/data/futures/um/monthly/klines/BNBUSDT/1d/BNBUSDT-1d-2025-10.zip,2083,d1671c0108c3ab10725491f92cd5d5ec0a7d557265d6b190a9c76f5d0cba9e32,True,True,31,False
fundingRate,BNBUSDT,2025-10,https://data.binance.vision/data/futures/um/monthly/fundingRate/BNBUSDT/BNBUSDT-fundingRate-2025-10.zip,836,6c45db6d53c47e1413c842bffba176aa58d8fe5bef0b1326ce5a4acb5b9abaef,True,True,93,False
klines,XRPUSDT,2025-10,https://data.binance.vision/data/futures/um/monthly/klines/XRPUSDT/1d/XRPUSDT-1d-2025-10.zip,2058,516519eb50c862b4b530dd61e7cf4706eba6693ab9d0ec6b898edb5889ff3d08,True,True,31,False
fundingRate,XRPUSDT,2025-10,https://data.binance.vision/data/futures/um/monthly/fundingRate/XRPUSDT/XRPUSDT-fundingRate-2025-10.zip,952,3fc5b1bcac5579e6cc49e17457282c6bfb970932d2aefcbc0c896d660b81a939,True,True,93,False
klines,ADAUSDT,2025-10,https://data.binance.vision/data/futures/um/monthly/klines/ADAUSDT/1d/ADAUSDT-1d-2025-10.zip,1944,121e8cdb8c20945832fad8254248798b6206cf108a9bd7f71a557b9f60f3e982,True,True,31,False
klines,EOSUSDT,2025-10,https://data.binance.vision/data/futures/um/monthly/klines/EOSUSDT/1d/EOSUSDT-1d-2025-10.zip,0,,False,,0,True
fundingRate,ADAUSDT,2025-10,https://data.binance.vision/data/futures/um/monthly/fundingRate/ADAUSDT/ADAUSDT-fundingRate-2025-10.zip,913,5b127fad9e89c53cece939b1ebafa4921f20ba47f10a7069e5eeb19ab2de63fb,True,True,93,False
klines,LTCUSDT,2025-10,https://data.binance.vision/data/futures/um/monthly/klines/LTCUSDT/1d/LTCUSDT-1d-2025-10.zip,1996,7f16defe11588cc8861d46b4c4eb959a14d327b79382d354add0a5cd84264a0d,True,True,31,False
fundingRate,LTCUSDT,2025-10,https://data.binance.vision/data/futures/um/monthly/fundingRate/LTCUSDT/LTCUSDT-fundingRate-2025-10.zip,922,a350099f02341e7feda8bf5c1b89e704234883656147a7643dd1e0d61e72b250,True,True,93,False
klines,BCHUSDT,2025-10,https://data.binance.vision/data/futures/um/monthly/klines/BCHUSDT/1d/BCHUSDT-1d-2025-10.zip,2008,bd619b9c45ae1e9a6f5bca585f90633358382de27f8d8b9fc9055baa1007b59e,True,True,31,False
fundingRate,EOSUSDT,2025-10,https://data.binance.vision/data/futures/um/monthly/fundingRate/EOSUSDT/EOSUSDT-fundingRate-2025-10.zip,684,8cd217dc263fad384f845a8181718d25c7011da3f9f403cf4a4d00cede08fed6,True,True,93,False
fundingRate,LINKUSDT,2025-10,https://data.binance.vision/data/futures/um/monthly/fundingRate/LINKUSDT/LINKUSDT-fundingRate-2025-10.zip,905,b13c0df55c83c64e2a8416bd059140f2fbbea0b3b73da9461abbded358c81160,True,True,93,False
klines,LINKUSDT,2025-10,https://data.binance.vision/data/futures/um/monthly/klines/LINKUSDT/1d/LINKUSDT-1d-2025-10.zip,2031,d6b46b1beda4d13711a0b818abb173f9e328b1abdbdcc5834342423d7a7139b8,True,True,31,False
fundingRate,DOTUSDT,2025-10,https://data.binance.vision/data/futures/um/monthly/fundingRate/DOTUSDT/DOTUSDT-fundingRate-2025-10.zip,958,60b3830b6269e2d80698d21a8226bcf11af3d67256a31bcee0267c3280dc8689,True,True,93,False
fundingRate,BCHUSDT,2025-10,https://data.binance.vision/data/futures/um/monthly/fundingRate/BCHUSDT/BCHUSDT-fundingRate-2025-10.zip,954,6c2d85a99d57951a971dcb59c6dd9e0a18c682abca2e68d7e7dbaefe24d06ecd,True,True,93,False
fundingRate,DOGEUSDT,2025-10,https://data.binance.vision/data/futures/um/monthly/fundingRate/DOGEUSDT/DOGEUSDT-fundingRate-2025-10.zip,944,6217d0bc8ab8abe35dd0c56d18cc008e8a8e36adef2be37ed9ccbf3c91c71d0a,True,True,93,False
fundingRate,SOLUSDT,2025-10,https://data.binance.vision/data/futures/um/monthly/fundingRate/SOLUSDT/SOLUSDT-fundingRate-2025-10.zip,976,d80c5be7660a950ad673a0e82488877c6ca0eb81f084d4c844320f892ad2c020,True,True,93,False
klines,DOGEUSDT,2025-10,https://data.binance.vision/data/futures/um/monthly/klines/DOGEUSDT/1d/DOGEUSDT-1d-2025-10.zip,2099,d28a18d5d0a405b71cecc79a833294ac6e6b7743b81da5f2b20e671e30c8d9eb,True,True,31,False
klines,DOTUSDT,2025-10,https://data.binance.vision/data/futures/um/monthly/klines/DOTUSDT/1d/DOTUSDT-1d-2025-10.zip,1890,d8a3c19348948de9dd191e6ceb2f58523dcdea2623d9d4883523124698de2953,True,True,31,False
klines,TRXUSDT,2025-10,https://data.binance.vision/data/futures/um/monthly/klines/TRXUSDT/1d/TRXUSDT-1d-2025-10.zip,1948,29beafefb4dffaad48ed94c9d6e1cc3d0a0b26267c4b7123ce21a28a51d8d710,True,True,31,False
fundingRate,BTCUSDT,2025-11,https://data.binance.vision/data/futures/um/monthly/fundingRate/BTCUSDT/BTCUSDT-fundingRate-2025-11.zip,941,23735400405627d610123e3a43db3e98ae7addb93459cd670e65a7659a5f081b,True,True,90,False
klines,ETHUSDT,2025-11,https://data.binance.vision/data/futures/um/monthly/klines/ETHUSDT/1d/ETHUSDT-1d-2025-11.zip,2123,15660f70140bbad8eb741f69a1e97d1c825ccbfe9af2549a936948a5d250e9ba,True,True,30,False
fundingRate,TRXUSDT,2025-10,https://data.binance.vision/data/futures/um/monthly/fundingRate/TRXUSDT/TRXUSDT-fundingRate-2025-10.zip,970,7d8dea0c4770eb7b23c1d409e112c9a38743e1dfcd3e6da7b376d39d7ac6684a,True,True,93,False
klines,BNBUSDT,2025-11,https://data.binance.vision/data/futures/um/monthly/klines/BNBUSDT/1d/BNBUSDT-1d-2025-11.zip,1974,2860e06ec33559b66114315fb89e00a631d71e389aab407b4edcd2168a55d6f8,True,True,30,False
klines,SOLUSDT,2025-10,https://data.binance.vision/data/futures/um/monthly/klines/SOLUSDT/1d/SOLUSDT-1d-2025-10.zip,2128,f856a3d845047f7463d6fa9cfe9e7f6c1022f1d924e798ad6b50c3b83acdc5cc,True,True,31,False
klines,XRPUSDT,2025-11,https://data.binance.vision/data/futures/um/monthly/klines/XRPUSDT/1d/XRPUSDT-1d-2025-11.zip,2009,0dbe28d3ca4fc06c3310703f5907475b9811619f3a697af9c7955ed7ad60837f,True,True,30,False
fundingRate,ETHUSDT,2025-11,https://data.binance.vision/data/futures/um/monthly/fundingRate/ETHUSDT/ETHUSDT-fundingRate-2025-11.zip,956,a3a8abb219373ec1e02e8d1a47015665d180d6130cfe1df71d2fa8fc9de59e59,True,True,90,False
klines,EOSUSDT,2025-11,https://data.binance.vision/data/futures/um/monthly/klines/EOSUSDT/1d/EOSUSDT-1d-2025-11.zip,0,,False,,0,True
fundingRate,ADAUSDT,2025-11,https://data.binance.vision/data/futures/um/monthly/fundingRate/ADAUSDT/ADAUSDT-fundingRate-2025-11.zip,932,a70b35260554e81dc79aa1ed0448e2cafddbf1952bbac0120251184c09b548fa,True,True,90,False
klines,BTCUSDT,2025-11,https://data.binance.vision/data/futures/um/monthly/klines/BTCUSDT/1d/BTCUSDT-1d-2025-11.zip,2076,606b497e9d4ad7b67d2c44482c4a8c136f528a82b4585b1f1a0ecc79a4989165,True,True,30,False
fundingRate,BNBUSDT,2025-11,https://data.binance.vision/data/futures/um/monthly/fundingRate/BNBUSDT/BNBUSDT-fundingRate-2025-11.zip,787,e1bb556f0d0b00f4615c41048dc71377b91ea43351100c90a3750efd519d7682,True,True,90,False
klines,LTCUSDT,2025-11,https://data.binance.vision/data/futures/um/monthly/klines/LTCUSDT/1d/LTCUSDT-1d-2025-11.zip,1937,0191eb360b948f383349de8bc0b8431bf505aa9f9289a498ca36a743832a3147,True,True,30,False
fundingRate,BCHUSDT,2025-11,https://data.binance.vision/data/futures/um/monthly/fundingRate/BCHUSDT/BCHUSDT-fundingRate-2025-11.zip,974,49d9318a14581930bb07ec778b7db151f5bb9b4d11ec3c718158d035eac49494,True,True,90,False
fundingRate,XRPUSDT,2025-11,https://data.binance.vision/data/futures/um/monthly/fundingRate/XRPUSDT/XRPUSDT-fundingRate-2025-11.zip,983,22040d49b1cdce5337571f5641008a81f1374680226b7c7a5ae63d37dcc449fd,True,True,90,False
klines,ADAUSDT,2025-11,https://data.binance.vision/data/futures/um/monthly/klines/ADAUSDT/1d/ADAUSDT-1d-2025-11.zip,1873,488b527ead70d6833a6a6df5f55c5ace2f4cdd33c7fcf89513b6b72b2f2dc80d,True,True,30,False
fundingRate,EOSUSDT,2025-11,https://data.binance.vision/data/futures/um/monthly/fundingRate/EOSUSDT/EOSUSDT-fundingRate-2025-11.zip,686,501f63e9e4f8db20cc862c3cc5bc6242e68927b121c6a055188f6164f5e09d56,True,True,90,False
klines,BCHUSDT,2025-11,https://data.binance.vision/data/futures/um/monthly/klines/BCHUSDT/1d/BCHUSDT-1d-2025-11.zip,1952,752dd35d914ec013c5859db613e73964b2bcb8fd87dbb4d2c07421499ba43730,True,True,30,False
fundingRate,LINKUSDT,2025-11,https://data.binance.vision/data/futures/um/monthly/fundingRate/LINKUSDT/LINKUSDT-fundingRate-2025-11.zip,896,a964d712cdfecb1efeadaab133468d8658be24c420f3b91b91a51d183281fb19,True,True,90,False
fundingRate,LTCUSDT,2025-11,https://data.binance.vision/data/futures/um/monthly/fundingRate/LTCUSDT/LTCUSDT-fundingRate-2025-11.zip,963,39c5faa4155fd1685fa7cce6889a25b243ac84b4d6851224f41902a4e93d0eb5,True,True,90,False
fundingRate,DOTUSDT,2025-11,https://data.binance.vision/data/futures/um/monthly/fundingRate/DOTUSDT/DOTUSDT-fundingRate-2025-11.zip,980,eef8656cd63a8b278ff0285d81373381186cebe7af82a99d9d204e118ce23b08,True,True,90,False
fundingRate,TRXUSDT,2025-11,https://data.binance.vision/data/futures/um/monthly/fundingRate/TRXUSDT/TRXUSDT-fundingRate-2025-11.zip,966,069fbfb1a0a080cf975d32d6bba31374d10edfe439d23a492594e333ce29eed8,True,True,90,False
klines,DOGEUSDT,2025-11,https://data.binance.vision/data/futures/um/monthly/klines/DOGEUSDT/1d/DOGEUSDT-1d-2025-11.zip,2002,f4fa9e3afd77b9e3ece28f97738cbff6c51e7d8ea3a46c97c2489638b618df5a,True,True,30,False
fundingRate,DOGEUSDT,2025-11,https://data.binance.vision/data/futures/um/monthly/fundingRate/DOGEUSDT/DOGEUSDT-fundingRate-2025-11.zip,967,ea4b56653bb13210c5fbdeceb668f632b15a8fe6e7676d1afcbbcb5a019d92f4,True,True,90,False
fundingRate,SOLUSDT,2025-11,https://data.binance.vision/data/futures/um/monthly/fundingRate/SOLUSDT/SOLUSDT-fundingRate-2025-11.zip,963,5134fdf4319d629473f8cff1e66dc74180844ae2846ab41a8128466ab3682c2f,True,True,90,False
klines,DOTUSDT,2025-11,https://data.binance.vision/data/futures/um/monthly/klines/DOTUSDT/1d/DOTUSDT-1d-2025-11.zip,1822,775fd8ec0cd50ecabf7737f4680e9c7918d64eee69f6b5d0fb4e93ae7d766c96,True,True,30,False
fundingRate,BTCUSDT,2025-12,https://data.binance.vision/data/futures/um/monthly/fundingRate/BTCUSDT/BTCUSDT-fundingRate-2025-12.zip,963,35318b789f020b0e04c9043112480743855554e52e1d188437cbdaa67246d51d,True,True,93,False
klines,TRXUSDT,2025-11,https://data.binance.vision/data/futures/um/monthly/klines/TRXUSDT/1d/TRXUSDT-1d-2025-11.zip,1871,1da401fd805b805d10b355e56ca09c326407aea99056dd1c79285194cffba97d,True,True,30,False
klines,SOLUSDT,2025-11,https://data.binance.vision/data/futures/um/monthly/klines/SOLUSDT/1d/SOLUSDT-1d-2025-11.zip,2054,ac75b047f609fefa9f7d115ce50aa98835f7d856d119ed453fe4d1f87c1a58f9,True,True,30,False
klines,LINKUSDT,2025-11,https://data.binance.vision/data/futures/um/monthly/klines/LINKUSDT/1d/LINKUSDT-1d-2025-11.zip,1956,1542f0a9d7e40040458e7a4611a67c6a187f5dda8b01014fb13859d8871c35ea,True,True,30,False
fundingRate,ETHUSDT,2025-12,https://data.binance.vision/data/futures/um/monthly/fundingRate/ETHUSDT/ETHUSDT-fundingRate-2025-12.zip,985,ef9e84f53a5fa07702958c8700077c8be0a90ec8b3e25110f5611109c3c0090c,True,True,93,False
fundingRate,BNBUSDT,2025-12,https://data.binance.vision/data/futures/um/monthly/fundingRate/BNBUSDT/BNBUSDT-fundingRate-2025-12.zip,791,18000c78612678f3daf1b493828f2c61f0e680f2a23f6bde34a4624504f228e5,True,True,93,False
klines,BTCUSDT,2025-12,https://data.binance.vision/data/futures/um/monthly/klines/BTCUSDT/1d/BTCUSDT-1d-2025-12.zip,2123,40484d66317a3c7c73e438f8243faf23e041863debdb9e4f523b00156f9dd8d2,True,True,31,False
klines,ADAUSDT,2025-12,https://data.binance.vision/data/futures/um/monthly/klines/ADAUSDT/1d/ADAUSDT-1d-2025-12.zip,1925,a11c7e62abe0f2bb70155e7dbab8847f74ea700a1cab44143740b78a05f32fa7,True,True,31,False
klines,ETHUSDT,2025-12,https://data.binance.vision/data/futures/um/monthly/klines/ETHUSDT/1d/ETHUSDT-1d-2025-12.zip,2169,630c6ea5bf8efc68de1ea50a09dcb6c12de035f00736e69868ae0717c8217ef9,True,True,31,False
fundingRate,ADAUSDT,2025-12,https://data.binance.vision/data/futures/um/monthly/fundingRate/ADAUSDT/ADAUSDT-fundingRate-2025-12.zip,954,14d01f1b4dba807e178f3e21154c2b70e0d6a7921322dd082da59d7356e63879,True,True,93,False
klines,EOSUSDT,2025-12,https://data.binance.vision/data/futures/um/monthly/klines/EOSUSDT/1d/EOSUSDT-1d-2025-12.zip,0,,False,,0,True
fundingRate,XRPUSDT,2025-12,https://data.binance.vision/data/futures/um/monthly/fundingRate/XRPUSDT/XRPUSDT-fundingRate-2025-12.zip,1007,21c4a5933de28ec693fbe3a43d9ae4504b762e70e7cc0e0de4afd46104abe7f0,True,True,93,False
klines,BNBUSDT,2025-12,https://data.binance.vision/data/futures/um/monthly/klines/BNBUSDT/1d/BNBUSDT-1d-2025-12.zip,1977,f015a05494f21933023c5922eaf15c811f919320fd3b27dc4163e6a44f4b6dbe,True,True,31,False
klines,XRPUSDT,2025-12,https://data.binance.vision/data/futures/um/monthly/klines/XRPUSDT/1d/XRPUSDT-1d-2025-12.zip,2029,6507e7b8a2c3d4cdd286641ef646fef78e09826c15b32af1a1b2900f9458e032,True,True,31,False
klines,BCHUSDT,2025-12,https://data.binance.vision/data/futures/um/monthly/klines/BCHUSDT/1d/BCHUSDT-1d-2025-12.zip,2008,865766bf0d5cdc6ad717976e3d8b30feaef9a9e6fa2f3afa9c86c8f9967ab2bf,True,True,31,False
fundingRate,LTCUSDT,2025-12,https://data.binance.vision/data/futures/um/monthly/fundingRate/LTCUSDT/LTCUSDT-fundingRate-2025-12.zip,970,19b12c1ea4d4e179a99eecdff14bafa61197d2c8aee20928735ea95fa385e919,True,True,93,False
klines,LTCUSDT,2025-12,https://data.binance.vision/data/futures/um/monthly/klines/LTCUSDT/1d/LTCUSDT-1d-2025-12.zip,1939,0bff3ae9d41b39b4dbc84924bb933881958f46540e8b1b2a4e07cfbb44a3ee35,True,True,31,False
fundingRate,EOSUSDT,2025-12,https://data.binance.vision/data/futures/um/monthly/fundingRate/EOSUSDT/EOSUSDT-fundingRate-2025-12.zip,691,b7bc2917e5fbcd87b8614dee4d831a2f4dd029ab056da397dee7ba7e585faecf,True,True,93,False
klines,LINKUSDT,2025-12,https://data.binance.vision/data/futures/um/monthly/klines/LINKUSDT/1d/LINKUSDT-1d-2025-12.zip,1988,33daabee118e7aca230c790533e285df88d7660b2e682ed7ce3eaa22a2a19e04,True,True,31,False
fundingRate,BCHUSDT,2025-12,https://data.binance.vision/data/futures/um/monthly/fundingRate/BCHUSDT/BCHUSDT-fundingRate-2025-12.zip,1011,e2ea986e4b19c2c7c33f7b80fa60b603493b1acdcac3024c5f1813ec1b216762,True,True,93,False
klines,DOTUSDT,2025-12,https://data.binance.vision/data/futures/um/monthly/klines/DOTUSDT/1d/DOTUSDT-1d-2025-12.zip,1866,5718f2b34fc8c5bea366b2ee44630165c13c032bab3d2eee779429d863d72396,True,True,31,False
fundingRate,DOGEUSDT,2025-12,https://data.binance.vision/data/futures/um/monthly/fundingRate/DOGEUSDT/DOGEUSDT-fundingRate-2025-12.zip,990,8e84dea86eb7fe0cb7b2f9278f0df0479b68ae10ac9b6ade872372888769f874,True,True,93,False
klines,SOLUSDT,2025-12,https://data.binance.vision/data/futures/um/monthly/klines/SOLUSDT/1d/SOLUSDT-1d-2025-12.zip,2080,ef927b949c0eac27b2b5a7b2b8874891cf5e5b8e6508ba47ed9903311a7191d9,True,True,31,False
klines,TRXUSDT,2025-12,https://data.binance.vision/data/futures/um/monthly/klines/TRXUSDT/1d/TRXUSDT-1d-2025-12.zip,1890,546114b7d510d084508350e918bbe9ae68b87c23cee9b15fd64f9a0c00c798f0,True,True,31,False
klines,DOGEUSDT,2025-12,https://data.binance.vision/data/futures/um/monthly/klines/DOGEUSDT/1d/DOGEUSDT-1d-2025-12.zip,2053,501319c99cb80f095a4eb180df6082354a239577981cfb750baf692d293423ce,True,True,31,False
klines,BTCUSDT,2026-01,https://data.binance.vision/data/futures/um/monthly/klines/BTCUSDT/1d/BTCUSDT-1d-2026-01.zip,2111,6ea7e8767031806d4ecc17581af562e49f4f223b7db45cbb4e44c078f4f39635,True,True,31,False
fundingRate,LINKUSDT,2025-12,https://data.binance.vision/data/futures/um/monthly/fundingRate/LINKUSDT/LINKUSDT-fundingRate-2025-12.zip,942,728b6a16940b6189bb1aa97f636160e9b66b4289a8cc1296cefc802e0d0ed098,True,True,93,False
fundingRate,DOTUSDT,2025-12,https://data.binance.vision/data/futures/um/monthly/fundingRate/DOTUSDT/DOTUSDT-fundingRate-2025-12.zip,975,8a28a6e22be8c34f99001e05c05fae14adf1c341dd7ecef788a451c4c89f09a9,True,True,93,False
fundingRate,TRXUSDT,2025-12,https://data.binance.vision/data/futures/um/monthly/fundingRate/TRXUSDT/TRXUSDT-fundingRate-2025-12.zip,935,337d807c1ed32a9320086f0de124dffd1be1b469c741e73ebff2c59e430ab4dd,True,True,93,False
fundingRate,SOLUSDT,2025-12,https://data.binance.vision/data/futures/um/monthly/fundingRate/SOLUSDT/SOLUSDT-fundingRate-2025-12.zip,957,01db13c460b0190736e1da019c7fcd7ea0abbf3b047e16d3aa8a9e9acec3101f,True,True,93,False
fundingRate,BTCUSDT,2026-01,https://data.binance.vision/data/futures/um/monthly/fundingRate/BTCUSDT/BTCUSDT-fundingRate-2026-01.zip,965,fcdc796484f395830d418588a34a26baed8849dbef0ff2b56173247e493ff51f,True,True,93,False
klines,BNBUSDT,2026-01,https://data.binance.vision/data/futures/um/monthly/klines/BNBUSDT/1d/BNBUSDT-1d-2026-01.zip,1983,9161383f4d293a7c8fb3a0c30a45c4af00bf2ffe4001469a17c3403c563d52fc,True,True,31,False
klines,ETHUSDT,2026-01,https://data.binance.vision/data/futures/um/monthly/klines/ETHUSDT/1d/ETHUSDT-1d-2026-01.zip,2175,936d63a1c93143de22a1b6a47ccbb01c8fa84fb4fa3071d8aa76fbf179f4553d,True,True,31,False
fundingRate,ETHUSDT,2026-01,https://data.binance.vision/data/futures/um/monthly/fundingRate/ETHUSDT/ETHUSDT-fundingRate-2026-01.zip,979,830cf7797ea6ecdc554ac2d9047a141df1a6a544f4ea58e7028227930462b139,True,True,93,False
fundingRate,BNBUSDT,2026-01,https://data.binance.vision/data/futures/um/monthly/fundingRate/BNBUSDT/BNBUSDT-fundingRate-2026-01.zip,856,b7fc86f2e15ed637796db819d03ec7fba66f2651ad1077cb143e2cd4bafc7e1d,True,True,93,False
klines,XRPUSDT,2026-01,https://data.binance.vision/data/futures/um/monthly/klines/XRPUSDT/1d/XRPUSDT-1d-2026-01.zip,2035,23ae4b965e8d56fc24f7b942f233def15077db0505351130a201e8cc6bea85bd,True,True,31,False
klines,EOSUSDT,2026-01,https://data.binance.vision/data/futures/um/monthly/klines/EOSUSDT/1d/EOSUSDT-1d-2026-01.zip,0,,False,,0,True
fundingRate,ADAUSDT,2026-01,https://data.binance.vision/data/futures/um/monthly/fundingRate/ADAUSDT/ADAUSDT-fundingRate-2026-01.zip,930,261376bf6f7d275b4dce115e8d2802e4a18a05504b8fb6717db4d3834aad7d3e,True,True,93,False
klines,LTCUSDT,2026-01,https://data.binance.vision/data/futures/um/monthly/klines/LTCUSDT/1d/LTCUSDT-1d-2026-01.zip,1960,fcb38f3e4bc51b6bcc4651728bdf147da0181b9c26e822955faad82784280d9e,True,True,31,False
fundingRate,LTCUSDT,2026-01,https://data.binance.vision/data/futures/um/monthly/fundingRate/LTCUSDT/LTCUSDT-fundingRate-2026-01.zip,964,838f7df6e943284f32d15d8831fd1d752e61e93aefe9d05ca942d690dbe2808c,True,True,93,False
klines,ADAUSDT,2026-01,https://data.binance.vision/data/futures/um/monthly/klines/ADAUSDT/1d/ADAUSDT-1d-2026-01.zip,1910,d1e6bdbf673d266773a37938467d4145899347bc3c068a65b38e03fbbad2d07b,True,True,31,False
fundingRate,BCHUSDT,2026-01,https://data.binance.vision/data/futures/um/monthly/fundingRate/BCHUSDT/BCHUSDT-fundingRate-2026-01.zip,1017,4caf80570a6731de2658832400d88cbc95a37f95f069cf785167ced0665d5b3b,True,True,93,False
fundingRate,EOSUSDT,2026-01,https://data.binance.vision/data/futures/um/monthly/fundingRate/EOSUSDT/EOSUSDT-fundingRate-2026-01.zip,695,f5738ac9837685d99d9bfc2446469ce2dbc2de51158eb070874c4b9a07d75650,True,True,93,False
klines,DOGEUSDT,2026-01,https://data.binance.vision/data/futures/um/monthly/klines/DOGEUSDT/1d/DOGEUSDT-1d-2026-01.zip,2045,babc7090ca20d945172c4ebfc5d93198cb5ad8c877edb8f9fbabb918404ca01a,True,True,31,False
klines,LINKUSDT,2026-01,https://data.binance.vision/data/futures/um/monthly/klines/LINKUSDT/1d/LINKUSDT-1d-2026-01.zip,1981,2c0f4aa26408ca3d5f391156bcb0c6dfa173f55d1c7313b03b709a36fccbb5a7,True,True,31,False
fundingRate,XRPUSDT,2026-01,https://data.binance.vision/data/futures/um/monthly/fundingRate/XRPUSDT/XRPUSDT-fundingRate-2026-01.zip,990,618977f8e0c4d048292fae038094ea9624c96debfbb1d2bd6463ffcdce2fcd2a,True,True,93,False
fundingRate,DOGEUSDT,2026-01,https://data.binance.vision/data/futures/um/monthly/fundingRate/DOGEUSDT/DOGEUSDT-fundingRate-2026-01.zip,978,73c2760e0bf4a5dd8af31d1f03ba1e6d213aa1ed42da17a8c537f28c7f033f44,True,True,93,False
fundingRate,LINKUSDT,2026-01,https://data.binance.vision/data/futures/um/monthly/fundingRate/LINKUSDT/LINKUSDT-fundingRate-2026-01.zip,922,01e4199765b3954d6a110f498ba4dfc015b0e7f92e4b6985cbec9a56b752d66e,True,True,93,False
klines,BCHUSDT,2026-01,https://data.binance.vision/data/futures/um/monthly/klines/BCHUSDT/1d/BCHUSDT-1d-2026-01.zip,2016,92304781e94b3cc1356c6c9e2eb160a4270d8668d9911384803069a918d9ebbb,True,True,31,False
klines,DOTUSDT,2026-01,https://data.binance.vision/data/futures/um/monthly/klines/DOTUSDT/1d/DOTUSDT-1d-2026-01.zip,1847,2bb0012d55686f52948f730e9af1c993297f6c263d5f674570daae10861772e7,True,True,31,False
fundingRate,DOTUSDT,2026-01,https://data.binance.vision/data/futures/um/monthly/fundingRate/DOTUSDT/DOTUSDT-fundingRate-2026-01.zip,943,04c04addfdb3cffe537e933c8316aee9e7334affb1b8d596fbff15a36512e19a,True,True,93,False
klines,TRXUSDT,2026-01,https://data.binance.vision/data/futures/um/monthly/klines/TRXUSDT/1d/TRXUSDT-1d-2026-01.zip,1927,d6a15c79e37b4ad3af988464345fae11b55c0b65a9b09c4b1ade2ea040947e42,True,True,31,False
fundingRate,TRXUSDT,2026-01,https://data.binance.vision/data/futures/um/monthly/fundingRate/TRXUSDT/TRXUSDT-fundingRate-2026-01.zip,976,d96981457c29f6d6ffaa2ac6dd0631cb133dbca0ac3d0b38f13cb6d8498dbe05,True,True,93,False
klines,SOLUSDT,2026-01,https://data.binance.vision/data/futures/um/monthly/klines/SOLUSDT/1d/SOLUSDT-1d-2026-01.zip,2078,69be2e5619118974cc61dd50f4cd4f9ae776673c9af278a26579a5916276f446,True,True,31,False
klines,BTCUSDT,2026-02,https://data.binance.vision/data/futures/um/monthly/klines/BTCUSDT/1d/BTCUSDT-1d-2026-02.zip,1961,dc4ac6372ec3684e39887b4fd9f9b005da82b285badf56b28ebcc5455590fe37,True,True,28,False
klines,ETHUSDT,2026-02,https://data.binance.vision/data/futures/um/monthly/klines/ETHUSDT/1d/ETHUSDT-1d-2026-02.zip,2005,a47616d0592c4847b2e21b5a59a55292f11eca4989efe7e6acca438bde3d3ce4,True,True,28,False
fundingRate,ETHUSDT,2026-02,https://data.binance.vision/data/futures/um/monthly/fundingRate/ETHUSDT/ETHUSDT-fundingRate-2026-02.zip,939,e445f00c81a7fa8361d99b3660f24b4f58e5d952fe301d70bbc72c319bc01a77,True,True,84,False
fundingRate,SOLUSDT,2026-01,https://data.binance.vision/data/futures/um/monthly/fundingRate/SOLUSDT/SOLUSDT-fundingRate-2026-01.zip,962,c53be79aae38a1f35e94880f106df4eceab57bfa74a0b5fc5852fdfabf57ab8e,True,True,93,False
klines,BNBUSDT,2026-02,https://data.binance.vision/data/futures/um/monthly/klines/BNBUSDT/1d/BNBUSDT-1d-2026-02.zip,1835,5dcf8b983d3c36d2ba3234e4fd43da6acd414c4d2281a069d12c8c4f1fdda0a8,True,True,28,False
fundingRate,BNBUSDT,2026-02,https://data.binance.vision/data/futures/um/monthly/fundingRate/BNBUSDT/BNBUSDT-fundingRate-2026-02.zip,663,1b474640f9646c08f2dac80db4b4716303972dbf35613f5c7da948e2f858b646,True,True,84,False
klines,EOSUSDT,2026-02,https://data.binance.vision/data/futures/um/monthly/klines/EOSUSDT/1d/EOSUSDT-1d-2026-02.zip,0,,False,,0,True
fundingRate,BTCUSDT,2026-02,https://data.binance.vision/data/futures/um/monthly/fundingRate/BTCUSDT/BTCUSDT-fundingRate-2026-02.zip,937,80df1dd669dc1e3afc360c9da8b9a949a127fce088eedbf5bf708bd37b0a1f58,True,True,84,False
fundingRate,LTCUSDT,2026-02,https://data.binance.vision/data/futures/um/monthly/fundingRate/LTCUSDT/LTCUSDT-fundingRate-2026-02.zip,915,2519014547b6375a5e6ddccec4b1754a33bfa59a2d3427b19a394b7f7a4b82fe,True,True,84,False
klines,LTCUSDT,2026-02,https://data.binance.vision/data/futures/um/monthly/klines/LTCUSDT/1d/LTCUSDT-1d-2026-02.zip,1779,895921f8d1b5d8d02023109481ae94a1695d39fb3f4bca79071e4e278bfdfd17,True,True,28,False
fundingRate,ADAUSDT,2026-02,https://data.binance.vision/data/futures/um/monthly/fundingRate/ADAUSDT/ADAUSDT-fundingRate-2026-02.zip,946,b9934577dcac9d5a9d3a63a66261738d7f9c128bd986b4fd90393e15c131e182,True,True,84,False
klines,BCHUSDT,2026-02,https://data.binance.vision/data/futures/um/monthly/klines/BCHUSDT/1d/BCHUSDT-1d-2026-02.zip,1845,ccc055048d3290e2e4b36e6cf5ebf4ec2017f39bc19504678372b108782c29f8,True,True,28,False
klines,ADAUSDT,2026-02,https://data.binance.vision/data/futures/um/monthly/klines/ADAUSDT/1d/ADAUSDT-1d-2026-02.zip,1747,c9d603d3c0b9fce05275c94c96d3303cace063988ec054e3627a9ebd3f51991a,True,True,28,False
fundingRate,EOSUSDT,2026-02,https://data.binance.vision/data/futures/um/monthly/fundingRate/EOSUSDT/EOSUSDT-fundingRate-2026-02.zip,663,3743ee60b0ff1f030313ca847e10c308766e6c344af758ba79c4f9be4ddf25c8,True,True,84,False
klines,XRPUSDT,2026-02,https://data.binance.vision/data/futures/um/monthly/klines/XRPUSDT/1d/XRPUSDT-1d-2026-02.zip,1875,d2496ef4e67ad6f4d9e3dd31cfad6ff87a04339c7da737d6c882cd9614a14cbf,True,True,28,False
fundingRate,XRPUSDT,2026-02,https://data.binance.vision/data/futures/um/monthly/fundingRate/XRPUSDT/XRPUSDT-fundingRate-2026-02.zip,939,8d8be995b48b2085a8384d9e417bfeef2d213b35478baa88cbe5001d0497535d,True,True,84,False
klines,DOGEUSDT,2026-02,https://data.binance.vision/data/futures/um/monthly/klines/DOGEUSDT/1d/DOGEUSDT-1d-2026-02.zip,1881,f78c29a6621318562d6dd1cc39363684b7065a5eb641692a454de73b517c1157,True,True,28,False
fundingRate,LINKUSDT,2026-02,https://data.binance.vision/data/futures/um/monthly/fundingRate/LINKUSDT/LINKUSDT-fundingRate-2026-02.zip,914,1db75bdf9189111e79c0c4e9df854bb716c14c9609462c054c8046d1e03542f0,True,True,84,False
fundingRate,BCHUSDT,2026-02,https://data.binance.vision/data/futures/um/monthly/fundingRate/BCHUSDT/BCHUSDT-fundingRate-2026-02.zip,927,52b2d25667daf76137549e9ff869819529920e8bccc7f30695a38caaedcb0743,True,True,84,False
klines,TRXUSDT,2026-02,https://data.binance.vision/data/futures/um/monthly/klines/TRXUSDT/1d/TRXUSDT-1d-2026-02.zip,1728,5bdc54a2673c0bf53491d51294c3a0085d40bef0a5ca9747a17467b784ec04c2,True,True,28,False
klines,SOLUSDT,2026-02,https://data.binance.vision/data/futures/um/monthly/klines/SOLUSDT/1d/SOLUSDT-1d-2026-02.zip,1899,334fe09bc64e00684e067346fd343974b4bdebe4d61c38e1283998a9d9748bc7,True,True,28,False
fundingRate,SOLUSDT,2026-02,https://data.binance.vision/data/futures/um/monthly/fundingRate/SOLUSDT/SOLUSDT-fundingRate-2026-02.zip,942,84cb9bcf44ba1364b37db876e7c852aa1b831371556b610e2387115addec9d5f,True,True,84,False
klines,DOTUSDT,2026-02,https://data.binance.vision/data/futures/um/monthly/klines/DOTUSDT/1d/DOTUSDT-1d-2026-02.zip,1708,d84bf1507bdf42151b4deccd2ae60dfefecaf98f4754fdfe12235550445b5359,True,True,28,False
fundingRate,DOGEUSDT,2026-02,https://data.binance.vision/data/futures/um/monthly/fundingRate/DOGEUSDT/DOGEUSDT-fundingRate-2026-02.zip,943,5a82031b9e3009265751cf02853ded1e1649bd3c2c3c764d5e50e64edc944a6e,True,True,84,False
fundingRate,DOTUSDT,2026-02,https://data.binance.vision/data/futures/um/monthly/fundingRate/DOTUSDT/DOTUSDT-fundingRate-2026-02.zip,911,f252ec5e90d1c22289c653360df1313a0807b80430889d2aa9399d570d7b8422,True,True,84,False
fundingRate,TRXUSDT,2026-02,https://data.binance.vision/data/futures/um/monthly/fundingRate/TRXUSDT/TRXUSDT-fundingRate-2026-02.zip,943,52ff68ae401eb4ef0b8ae0dc1a3bfd3f97eaf0e9c27a2579603875b7fee1f68d,True,True,84,False
klines,ETHUSDT,2026-03,https://data.binance.vision/data/futures/um/monthly/klines/ETHUSDT/1d/ETHUSDT-1d-2026-03.zip,2186,0cc00d4e8bc3bd466cb3640b179409098a3a435947b283e57c0dd9e311331fa6,True,True,31,False
klines,BNBUSDT,2026-03,https://data.binance.vision/data/futures/um/monthly/klines/BNBUSDT/1d/BNBUSDT-1d-2026-03.zip,1984,7e95cbc7cf88dc415bba6ee95abc5b553d8ea212666123974048e8b91019f07a,True,True,31,False
klines,BTCUSDT,2026-03,https://data.binance.vision/data/futures/um/monthly/klines/BTCUSDT/1d/BTCUSDT-1d-2026-03.zip,2130,6e6f14c60e723f9c9d1e87d00df0553e6f2e8813c67154101884e1d93e017e48,True,True,31,False
klines,LINKUSDT,2026-02,https://data.binance.vision/data/futures/um/monthly/klines/LINKUSDT/1d/LINKUSDT-1d-2026-02.zip,1799,0af67fbfba2a02e7a5bff6ba9f363b3633ddd369e0b13a3d420f2d64d25362c5,True,True,28,False
fundingRate,BTCUSDT,2026-03,https://data.binance.vision/data/futures/um/monthly/fundingRate/BTCUSDT/BTCUSDT-fundingRate-2026-03.zip,1008,5c069d5e9597a44fd0e213395082e59ff223fb99c9eab3a2a5a2a5622ba7867c,True,True,93,False
fundingRate,ETHUSDT,2026-03,https://data.binance.vision/data/futures/um/monthly/fundingRate/ETHUSDT/ETHUSDT-fundingRate-2026-03.zip,1002,9f5625846c503a1e94fcdecd2deb37dc8852e341add353fa48c2b9a0cc70df6a,True,True,93,False
fundingRate,BNBUSDT,2026-03,https://data.binance.vision/data/futures/um/monthly/fundingRate/BNBUSDT/BNBUSDT-fundingRate-2026-03.zip,708,19e6e88c1a0c318fee6b8c570ed39fbfd4e3dcbcd917e0738347c3b03fad52c3,True,True,93,False
klines,XRPUSDT,2026-03,https://data.binance.vision/data/futures/um/monthly/klines/XRPUSDT/1d/XRPUSDT-1d-2026-03.zip,2024,1dd7f9c37e1c240110856dadeb3cb6a62991ccc4347ffec80b51c59e0ecfc6f4,True,True,31,False
fundingRate,XRPUSDT,2026-03,https://data.binance.vision/data/futures/um/monthly/fundingRate/XRPUSDT/XRPUSDT-fundingRate-2026-03.zip,999,e3399c2e5fd5c18a2716b26530bcedc7fb9ce8adb2641c0882c8ba6e0a336567,True,True,93,False
klines,ADAUSDT,2026-03,https://data.binance.vision/data/futures/um/monthly/klines/ADAUSDT/1d/ADAUSDT-1d-2026-03.zip,1885,4a1c61a2e4a0bcbaf936e8f2a1869be3e25f529554d22b1363ac0623c6dc57ae,True,True,31,False
klines,EOSUSDT,2026-03,https://data.binance.vision/data/futures/um/monthly/klines/EOSUSDT/1d/EOSUSDT-1d-2026-03.zip,0,,False,,0,True
fundingRate,ADAUSDT,2026-03,https://data.binance.vision/data/futures/um/monthly/fundingRate/ADAUSDT/ADAUSDT-fundingRate-2026-03.zip,974,5a9a9b2e3b41521ab2cc28ece3ece06d8611f0f033cabaa1ac1f7e678ce23c0e,True,True,93,False
klines,LTCUSDT,2026-03,https://data.binance.vision/data/futures/um/monthly/klines/LTCUSDT/1d/LTCUSDT-1d-2026-03.zip,1916,08056f747a58f1caf47b882a8f0bbb6a24c4dc9a673604559897ef173ddff9ec,True,True,31,False
fundingRate,LTCUSDT,2026-03,https://data.binance.vision/data/futures/um/monthly/fundingRate/LTCUSDT/LTCUSDT-fundingRate-2026-03.zip,978,974389f7a8ad54876da69b018199314aced19f467b2801064ad4c3e664ccd1ee,True,True,93,False
klines,BCHUSDT,2026-03,https://data.binance.vision/data/futures/um/monthly/klines/BCHUSDT/1d/BCHUSDT-1d-2026-03.zip,1976,3dbcb1e7912b8e7195c829ead69c2aa60727c507561a376adbd66e373394a542,True,True,31,False
klines,DOGEUSDT,2026-03,https://data.binance.vision/data/futures/um/monthly/klines/DOGEUSDT/1d/DOGEUSDT-1d-2026-03.zip,2026,474b7265391c6080dbb6ad183e211aef5656eeb6e54eda7655b5bf1070670eed,True,True,31,False
fundingRate,EOSUSDT,2026-03,https://data.binance.vision/data/futures/um/monthly/fundingRate/EOSUSDT/EOSUSDT-fundingRate-2026-03.zip,693,02e15474b8d816276a2d531b7e551ad8b89e433b284c7bab397961870afab0c6,True,True,93,False
klines,LINKUSDT,2026-03,https://data.binance.vision/data/futures/um/monthly/klines/LINKUSDT/1d/LINKUSDT-1d-2026-03.zip,1941,655da621fa44e0e65af97f50ae398f58c2fdd218319fa010cbed5562a6a00d32,True,True,31,False
fundingRate,BCHUSDT,2026-03,https://data.binance.vision/data/futures/um/monthly/fundingRate/BCHUSDT/BCHUSDT-fundingRate-2026-03.zip,999,4e46c779871ad9d9c2fc426045c711ab3b193d75d62be1434ff1dae58881d9d1,True,True,93,False
fundingRate,DOTUSDT,2026-03,https://data.binance.vision/data/futures/um/monthly/fundingRate/DOTUSDT/DOTUSDT-fundingRate-2026-03.zip,994,a5b46857de6136625de14a043fa442f4c505cc96cc359530ea88a5773be9cdc0,True,True,93,False
klines,TRXUSDT,2026-03,https://data.binance.vision/data/futures/um/monthly/klines/TRXUSDT/1d/TRXUSDT-1d-2026-03.zip,1905,6331e5788045b037bfe9dc0eeb4bbddfccd305a48158697d064baef121c9d77b,True,True,31,False
fundingRate,TRXUSDT,2026-03,https://data.binance.vision/data/futures/um/monthly/fundingRate/TRXUSDT/TRXUSDT-fundingRate-2026-03.zip,969,c5dbea20b1909f6e57d6d88ec00d548aeabcf8314511b00aad1cb174fbb63a6c,True,True,93,False
fundingRate,SOLUSDT,2026-03,https://data.binance.vision/data/futures/um/monthly/fundingRate/SOLUSDT/SOLUSDT-fundingRate-2026-03.zip,1010,75cfaea075d97779a577c3744ea63e3d83704f281806fb5f76f2d3e0f089fd2c,True,True,93,False
klines,SOLUSDT,2026-03,https://data.binance.vision/data/futures/um/monthly/klines/SOLUSDT/1d/SOLUSDT-1d-2026-03.zip,2054,dc8c11c03b914e7839599c4fba9299a31b429040b152424be491c301b3a6e242,True,True,31,False
fundingRate,LINKUSDT,2026-03,https://data.binance.vision/data/futures/um/monthly/fundingRate/LINKUSDT/LINKUSDT-fundingRate-2026-03.zip,961,f9f7bf447ea91651ae9a5f28feb1275c97445d912a958cb8f999847996411262,True,True,93,False
klines,DOTUSDT,2026-03,https://data.binance.vision/data/futures/um/monthly/klines/DOTUSDT/1d/DOTUSDT-1d-2026-03.zip,1845,f7a97166883fcf0442a1b49dd98327175ba38922d4432d0489c2fc6db9bf28e8,True,True,31,False
fundingRate,BTCUSDT,2026-04,https://data.binance.vision/data/futures/um/monthly/fundingRate/BTCUSDT/BTCUSDT-fundingRate-2026-04.zip,960,51cdeb4de7d5ef1d4eece80b6115e391bdf7a2d0803bf9ad8371ab23340b22d3,True,True,90,False
klines,BTCUSDT,2026-04,https://data.binance.vision/data/futures/um/monthly/klines/BTCUSDT/1d/BTCUSDT-1d-2026-04.zip,2049,3860febfca089675b86fd50df54a2da0a7980de1331e5b42e1df0210240ae12d,True,True,30,False
klines,ETHUSDT,2026-04,https://data.binance.vision/data/futures/um/monthly/klines/ETHUSDT/1d/ETHUSDT-1d-2026-04.zip,2089,b01214ecc10d42fef261ae34096918c95910fe67e01e3345a67379f891d07e00,True,True,30,False
fundingRate,ETHUSDT,2026-04,https://data.binance.vision/data/futures/um/monthly/fundingRate/ETHUSDT/ETHUSDT-fundingRate-2026-04.zip,963,86160f455478a8b262d96d1516f583355e6e0cec7beeb5784e69dda76f599e98,True,True,90,False
fundingRate,DOGEUSDT,2026-03,https://data.binance.vision/data/futures/um/monthly/fundingRate/DOGEUSDT/DOGEUSDT-fundingRate-2026-03.zip,996,f4b2222b88d3cf518939c38a20fdd224629c3844a8d2f710c8c14e4fe9409d85,True,True,93,False
fundingRate,BNBUSDT,2026-04,https://data.binance.vision/data/futures/um/monthly/fundingRate/BNBUSDT/BNBUSDT-fundingRate-2026-04.zip,818,64ad28743203161c89a5c64582ed14a599a5d47addcffc3f7e2f07063ef9bb2b,True,True,90,False
klines,EOSUSDT,2026-04,https://data.binance.vision/data/futures/um/monthly/klines/EOSUSDT/1d/EOSUSDT-1d-2026-04.zip,0,,False,,0,True
klines,XRPUSDT,2026-04,https://data.binance.vision/data/futures/um/monthly/klines/XRPUSDT/1d/XRPUSDT-1d-2026-04.zip,1944,9c286224a60eb1229ad76b114a95b897c9b3ad457da85b427898f073e46ceebe,True,True,30,False
klines,BNBUSDT,2026-04,https://data.binance.vision/data/futures/um/monthly/klines/BNBUSDT/1d/BNBUSDT-1d-2026-04.zip,1913,42e3cf7908a65a0b2b926870d07b1eb0f781b5933e7cd968df2198ba7fb1e118,True,True,30,False
fundingRate,XRPUSDT,2026-04,https://data.binance.vision/data/futures/um/monthly/fundingRate/XRPUSDT/XRPUSDT-fundingRate-2026-04.zip,974,0e586915d578a977ad69482ddc52c11d9c2c1a767d3865078553b3e91fb7716a,True,True,90,False
klines,ADAUSDT,2026-04,https://data.binance.vision/data/futures/um/monthly/klines/ADAUSDT/1d/ADAUSDT-1d-2026-04.zip,1801,e983fe84be8964ca1c4fe9f2f314ba945283128477d91e09e648793f576ebc95,True,True,30,False
fundingRate,ADAUSDT,2026-04,https://data.binance.vision/data/futures/um/monthly/fundingRate/ADAUSDT/ADAUSDT-fundingRate-2026-04.zip,896,b2769eeed3ad6e22d871c995632110cc568c6a40d1d61be7158cad1fc4d60cf8,True,True,90,False
fundingRate,BCHUSDT,2026-04,https://data.binance.vision/data/futures/um/monthly/fundingRate/BCHUSDT/BCHUSDT-fundingRate-2026-04.zip,960,f164a6e3793148ba4f757d4686bae9a88b01922db871eecfb9c714914e9d0889,True,True,90,False
klines,BCHUSDT,2026-04,https://data.binance.vision/data/futures/um/monthly/klines/BCHUSDT/1d/BCHUSDT-1d-2026-04.zip,1899,efef53968d2d3c2093ca5c400623703accb0f0cc7fe4128dbd7bbb24284de4c7,True,True,30,False
klines,LTCUSDT,2026-04,https://data.binance.vision/data/futures/um/monthly/klines/LTCUSDT/1d/LTCUSDT-1d-2026-04.zip,1845,a563668da4c40e771ef1f3ecc817a7653eabaf5fe46447410c31cb2c4c661a37,True,True,30,False
fundingRate,EOSUSDT,2026-04,https://data.binance.vision/data/futures/um/monthly/fundingRate/EOSUSDT/EOSUSDT-fundingRate-2026-04.zip,665,9cb48e9b0173d57094d6d71e44c73fe501c5ec80bc8f4405772edea6bffc54f4,True,True,90,False
klines,DOGEUSDT,2026-04,https://data.binance.vision/data/futures/um/monthly/klines/DOGEUSDT/1d/DOGEUSDT-1d-2026-04.zip,1955,f03ac55c143f3a961a80d9779aa4c21da2181b236f8e5b21d1c1ffbe06da774e,True,True,30,False
fundingRate,LTCUSDT,2026-04,https://data.binance.vision/data/futures/um/monthly/fundingRate/LTCUSDT/LTCUSDT-fundingRate-2026-04.zip,951,f8bc5ca888bcd55ab26648c32dc98a3f71a31321255899f632dfa8234623280e,True,True,90,False
fundingRate,LINKUSDT,2026-04,https://data.binance.vision/data/futures/um/monthly/fundingRate/LINKUSDT/LINKUSDT-fundingRate-2026-04.zip,928,ff4c11fa47f8a0268f4194e51712a3bc4bb5672d3b1f54860e5d929114a4bf20,True,True,90,False
klines,LINKUSDT,2026-04,https://data.binance.vision/data/futures/um/monthly/klines/LINKUSDT/1d/LINKUSDT-1d-2026-04.zip,1882,441e93371b0bb0f60fc2000ab4ce2ad740f67c71f4236712c30ea98153583bef,True,True,30,False
klines,DOTUSDT,2026-04,https://data.binance.vision/data/futures/um/monthly/klines/DOTUSDT/1d/DOTUSDT-1d-2026-04.zip,1767,60da39a6abbb98e2780d39d4881c0af310a97b51486287ec4af1eb19c909c42b,True,True,30,False
fundingRate,DOTUSDT,2026-04,https://data.binance.vision/data/futures/um/monthly/fundingRate/DOTUSDT/DOTUSDT-fundingRate-2026-04.zip,987,f612f76ac842dd3c43d367a651d622ca58eb3682724aca75a72455667aced9e6,True,True,90,False
klines,SOLUSDT,2026-04,https://data.binance.vision/data/futures/um/monthly/klines/SOLUSDT/1d/SOLUSDT-1d-2026-04.zip,1967,05d60595e4e4d12172849a6bde4af65334ea2941b773fd805790c75862137db1,True,True,30,False
klines,TRXUSDT,2026-04,https://data.binance.vision/data/futures/um/monthly/klines/TRXUSDT/1d/TRXUSDT-1d-2026-04.zip,1810,381c2abe142da8515e7ad2a5b6e2b1ef3832275f9af35b157f5d248e866b0189,True,True,30,False
fundingRate,SOLUSDT,2026-04,https://data.binance.vision/data/futures/um/monthly/fundingRate/SOLUSDT/SOLUSDT-fundingRate-2026-04.zip,944,951a280e98b6d20fe4be25bf2b71f3cda1c07c7583a88cb874151e2b1fe941f1,True,True,90,False
fundingRate,DOGEUSDT,2026-04,https://data.binance.vision/data/futures/um/monthly/fundingRate/DOGEUSDT/DOGEUSDT-fundingRate-2026-04.zip,893,1a041267001c6417220e595f9c723919eec3b2e317012a8cfd22f95ac8105ceb,True,True,90,False
klines,BNBUSDT,2026-05,https://data.binance.vision/data/futures/um/monthly/klines/BNBUSDT/1d/BNBUSDT-1d-2026-05.zip,1993,4956b4ccfab5ad898125ce44cd494e413dfb0ce3c1a42cc7ba7c393b6a140c1d,True,True,31,False
klines,ETHUSDT,2026-05,https://data.binance.vision/data/futures/um/monthly/klines/ETHUSDT/1d/ETHUSDT-1d-2026-05.zip,2141,59386141efa6f41ec83fea5293513c80e82eb9fdc539d96eeac6fe25e6be27d3,True,True,31,False
fundingRate,TRXUSDT,2026-04,https://data.binance.vision/data/futures/um/monthly/fundingRate/TRXUSDT/TRXUSDT-fundingRate-2026-04.zip,991,745d26e023503814c71a0002b8ac214e4d540cae68672597eb2f282b0464d994,True,True,90,False
fundingRate,BNBUSDT,2026-05,https://data.binance.vision/data/futures/um/monthly/fundingRate/BNBUSDT/BNBUSDT-fundingRate-2026-05.zip,908,b62dd555a8c1ecc25644f529e4cd351a835aeabaa70258909d9f1c328f427cd8,True,True,93,False
klines,XRPUSDT,2026-05,https://data.binance.vision/data/futures/um/monthly/klines/XRPUSDT/1d/XRPUSDT-1d-2026-05.zip,2003,721a185dd7170682846a7cb39bd1e94d860678233fb78ecabff7b1a1f5d01f95,True,True,31,False
fundingRate,XRPUSDT,2026-05,https://data.binance.vision/data/futures/um/monthly/fundingRate/XRPUSDT/XRPUSDT-fundingRate-2026-05.zip,1002,f8c0c09953b112a7f5ac203a826811ead1ac43db8c075b17b2ca69e837828255,True,True,93,False
klines,ADAUSDT,2026-05,https://data.binance.vision/data/futures/um/monthly/klines/ADAUSDT/1d/ADAUSDT-1d-2026-05.zip,1877,0dc26feac490ecca1c9cdbcf918ebfa67e71f8134fad0a5312bf1b08b8433d65,True,True,31,False
klines,EOSUSDT,2026-05,https://data.binance.vision/data/futures/um/monthly/klines/EOSUSDT/1d/EOSUSDT-1d-2026-05.zip,0,,False,,0,True
klines,BTCUSDT,2026-05,https://data.binance.vision/data/futures/um/monthly/klines/BTCUSDT/1d/BTCUSDT-1d-2026-05.zip,2106,91d2e45e3bb4994c849ac56a089da18575b4d01ba1a9f4cff5d3fbbc27b7e9cc,True,True,31,False
fundingRate,ADAUSDT,2026-05,https://data.binance.vision/data/futures/um/monthly/fundingRate/ADAUSDT/ADAUSDT-fundingRate-2026-05.zip,941,6e32d7bbdfaa3a2542fe39f918c1b79fccb01be6ee725775095a93c253778862,True,True,93,False
fundingRate,ETHUSDT,2026-05,https://data.binance.vision/data/futures/um/monthly/fundingRate/ETHUSDT/ETHUSDT-fundingRate-2026-05.zip,980,ff926ad3fc48493c26c85af16620b19c695cc1854faa1e7f0ea2ab9fdafc2084,True,True,93,False
fundingRate,BTCUSDT,2026-05,https://data.binance.vision/data/futures/um/monthly/fundingRate/BTCUSDT/BTCUSDT-fundingRate-2026-05.zip,980,445b65fd6b17bfcfb5e4d035db29fad34f729fa078f0449024db42621be84e6e,True,True,93,False
klines,BCHUSDT,2026-05,https://data.binance.vision/data/futures/um/monthly/klines/BCHUSDT/1d/BCHUSDT-1d-2026-05.zip,1981,4ead2e725bcd7e046906fd6185d9b591f221d45f294d89507e42933b9daceaff,True,True,31,False
fundingRate,BCHUSDT,2026-05,https://data.binance.vision/data/futures/um/monthly/fundingRate/BCHUSDT/BCHUSDT-fundingRate-2026-05.zip,1003,1b28b065205295c9e99db427295c55dd1f36859380c99fffeea2f9bc264ffe14,True,True,93,False
fundingRate,LTCUSDT,2026-05,https://data.binance.vision/data/futures/um/monthly/fundingRate/LTCUSDT/LTCUSDT-fundingRate-2026-05.zip,987,ee5e2aae6af731b54c2153b9354e53f7a1c6c4702c14caac2de2aa2edae43d5b,True,True,93,False
fundingRate,EOSUSDT,2026-05,https://data.binance.vision/data/futures/um/monthly/fundingRate/EOSUSDT/EOSUSDT-fundingRate-2026-05.zip,706,f31b528f7a156eb988aa27d12f88f2143b74e1b6ce977e52ed27cd209d35123c,True,True,93,False
klines,DOTUSDT,2026-05,https://data.binance.vision/data/futures/um/monthly/klines/DOTUSDT/1d/DOTUSDT-1d-2026-05.zip,1818,2bcc586de6fc89b03cb30d3f6c56290340797ef33014e725e0915521270f8617,True,True,31,False
fundingRate,DOTUSDT,2026-05,https://data.binance.vision/data/futures/um/monthly/fundingRate/DOTUSDT/DOTUSDT-fundingRate-2026-05.zip,941,dc9fc57d302d9acc41f87cff869e8fbea9f4902fc5cfbd6678e3a9166a2c5b6f,True,True,93,False
klines,TRXUSDT,2026-05,https://data.binance.vision/data/futures/um/monthly/klines/TRXUSDT/1d/TRXUSDT-1d-2026-05.zip,1919,3a08d491ea0a6a5907c1f803454657b8ce5242936a2c8df96d4626417707dfce,True,True,31,False
klines,LTCUSDT,2026-05,https://data.binance.vision/data/futures/um/monthly/klines/LTCUSDT/1d/LTCUSDT-1d-2026-05.zip,1924,00762322bb9677e8753b5bef3e5bbb2a8da9d8fad0f1fe29e63d2ed11f1a88e0,True,True,31,False
fundingRate,TRXUSDT,2026-05,https://data.binance.vision/data/futures/um/monthly/fundingRate/TRXUSDT/TRXUSDT-fundingRate-2026-05.zip,965,70bf4134407b5935662b8730458fd3382f2fdba8a9d0c0ed282a4dc325630deb,True,True,93,False
fundingRate,SOLUSDT,2026-05,https://data.binance.vision/data/futures/um/monthly/fundingRate/SOLUSDT/SOLUSDT-fundingRate-2026-05.zip,979,c13066e5f7c5d161dbebd488cbeaab1205688c6dc7f9fafcc8f94296f2c1e47b,True,True,93,False
klines,SOLUSDT,2026-05,https://data.binance.vision/data/futures/um/monthly/klines/SOLUSDT/1d/SOLUSDT-1d-2026-05.zip,2024,b16eca8b0b73c72ab46a86fb611406d9a175d5f2e89aae2b029832d0eaf104b7,True,True,31,False
klines,DOGEUSDT,2026-05,https://data.binance.vision/data/futures/um/monthly/klines/DOGEUSDT/1d/DOGEUSDT-1d-2026-05.zip,2031,c6fe565e727db993b63a1f12ba42e8dca6df6e824727f3a1dfa00f4f38eb4767,True,True,31,False
fundingRate,LINKUSDT,2026-05,https://data.binance.vision/data/futures/um/monthly/fundingRate/LINKUSDT/LINKUSDT-fundingRate-2026-05.zip,933,06536cdd66211e1a25629a54d489493aaab6b3613b9d2207a65af44a3826da1b,True,True,93,False
fundingRate,DOGEUSDT,2026-05,https://data.binance.vision/data/futures/um/monthly/fundingRate/DOGEUSDT/DOGEUSDT-fundingRate-2026-05.zip,979,99411bbfdc7508a498204faf9ce3f02958f484828a5ffd309b6c267b89c89ba6,True,True,93,False
klines,LINKUSDT,2026-05,https://data.binance.vision/data/futures/um/monthly/klines/LINKUSDT/1d/LINKUSDT-1d-2026-05.zip,1948,97fae35df7deb300e518f3a16958ad0b9d45d7d40034932f63c51410ffb7e029,True,True,31,False
klines,BTCUSDT,2026-06,https://data.binance.vision/data/futures/um/monthly/klines/BTCUSDT/1d/BTCUSDT-1d-2026-06.zip,2068,916bc1d543aceb81184584da93d202cccaab5e21eb4e789996af35e6846de668,True,True,30,False
klines,ETHUSDT,2026-06,https://data.binance.vision/data/futures/um/monthly/klines/ETHUSDT/1d/ETHUSDT-1d-2026-06.zip,2097,34adb4f2892b81194ad60e414d01176e598fb98757920ea073d27320c36dd098,True,True,30,False
fundingRate,ETHUSDT,2026-06,https://data.binance.vision/data/futures/um/monthly/fundingRate/ETHUSDT/ETHUSDT-fundingRate-2026-06.zip,967,cc6fb028a811bc423b711f6b89de067bf92a2eda61303e1ce0b219b5d3210e47,True,True,90,False
klines,BNBUSDT,2026-06,https://data.binance.vision/data/futures/um/monthly/klines/BNBUSDT/1d/BNBUSDT-1d-2026-06.zip,1942,fcd78664f9ca4891a12e15455aa73a33589897e7f3bbffdcd14e1fba4c5ec989,True,True,30,False
fundingRate,BTCUSDT,2026-06,https://data.binance.vision/data/futures/um/monthly/fundingRate/BTCUSDT/BTCUSDT-fundingRate-2026-06.zip,964,cff97ce688329592bccbbf5873b5c7021649e093f5f5806e332c5b4fb7fd6a00,True,True,90,False
fundingRate,BNBUSDT,2026-06,https://data.binance.vision/data/futures/um/monthly/fundingRate/BNBUSDT/BNBUSDT-fundingRate-2026-06.zip,777,fffa72378e35dd0fc6faf22e8e7b5b22794201124e4727da92d6cb2b591459be,True,True,90,False
klines,XRPUSDT,2026-06,https://data.binance.vision/data/futures/um/monthly/klines/XRPUSDT/1d/XRPUSDT-1d-2026-06.zip,1967,016eb899f622c8191f1bdfbb0f17757f63be054b2830eb02a38b090733c151fc,True,True,30,False
klines,ADAUSDT,2026-06,https://data.binance.vision/data/futures/um/monthly/klines/ADAUSDT/1d/ADAUSDT-1d-2026-06.zip,1847,303436f2ef6845e1a48e0fbed59dd384684340c3f37422f90b14fa630250842d,True,True,30,False
klines,EOSUSDT,2026-06,https://data.binance.vision/data/futures/um/monthly/klines/EOSUSDT/1d/EOSUSDT-1d-2026-06.zip,0,,False,,0,True
klines,LTCUSDT,2026-06,https://data.binance.vision/data/futures/um/monthly/klines/LTCUSDT/1d/LTCUSDT-1d-2026-06.zip,1872,84f0559391c6225721dd66aaa426d5320f707e3b823a4024ab86cc9061ed569d,True,True,30,False
klines,BCHUSDT,2026-06,https://data.binance.vision/data/futures/um/monthly/klines/BCHUSDT/1d/BCHUSDT-1d-2026-06.zip,1929,c4475cff2a1c9c9cfe053af461c2280a6cd971113e229606a2e92628e28ebce1,True,True,30,False
fundingRate,ADAUSDT,2026-06,https://data.binance.vision/data/futures/um/monthly/fundingRate/ADAUSDT/ADAUSDT-fundingRate-2026-06.zip,987,e41b9ac1f3d6651ff94562de9b3a0297016c6dc2d2def42f6561d963cfdb0fc1,True,True,90,False
fundingRate,LTCUSDT,2026-06,https://data.binance.vision/data/futures/um/monthly/fundingRate/LTCUSDT/LTCUSDT-fundingRate-2026-06.zip,972,0831db478f5045e685514f9362219db7d68aa18ce25305f4acb3838919d6ce9e,True,True,90,False
fundingRate,BCHUSDT,2026-06,https://data.binance.vision/data/futures/um/monthly/fundingRate/BCHUSDT/BCHUSDT-fundingRate-2026-06.zip,984,757649d4bc022a89c4d67d7c2004981132126a2e62973cf01744bf55e6423190,True,True,90,False
fundingRate,XRPUSDT,2026-06,https://data.binance.vision/data/futures/um/monthly/fundingRate/XRPUSDT/XRPUSDT-fundingRate-2026-06.zip,962,f5d1b51767ddc812c4608080adf54cfca0db7cba592d3e62d7416cd358a3ebde,True,True,90,False
fundingRate,EOSUSDT,2026-06,https://data.binance.vision/data/futures/um/monthly/fundingRate/EOSUSDT/EOSUSDT-fundingRate-2026-06.zip,665,c8a72ee5213135b727c9478da5107ad8ed74e3594d8a6c7c3853f805ae8fcb3f,True,True,90,False
klines,DOGEUSDT,2026-06,https://data.binance.vision/data/futures/um/monthly/klines/DOGEUSDT/1d/DOGEUSDT-1d-2026-06.zip,1972,e63b7ec2cb78f7c1b9f6fbdf5ed3e050f6b16ab3f245fee929f5d31c93916656,True,True,30,False
klines,LINKUSDT,2026-06,https://data.binance.vision/data/futures/um/monthly/klines/LINKUSDT/1d/LINKUSDT-1d-2026-06.zip,1887,747cc0ab39590de031c91414b957c0f22488145ef841dee3cc45b2855ec32db3,True,True,30,False
fundingRate,LINKUSDT,2026-06,https://data.binance.vision/data/futures/um/monthly/fundingRate/LINKUSDT/LINKUSDT-fundingRate-2026-06.zip,964,33654b89221e8e9c544632cdee76e38c3eedf40aa2c1536ead56e849781e8d07,True,True,90,False
fundingRate,DOTUSDT,2026-06,https://data.binance.vision/data/futures/um/monthly/fundingRate/DOTUSDT/DOTUSDT-fundingRate-2026-06.zip,964,2b7c713c49d79428fd441e80df80f9c3c2daaae4843de43cc89bf40c7ad0a6f1,True,True,90,False
klines,TRXUSDT,2026-06,https://data.binance.vision/data/futures/um/monthly/klines/TRXUSDT/1d/TRXUSDT-1d-2026-06.zip,1842,12f477f8835dcd6326136f44dbf5dda4d09dd359fe79319a73417261db62cc01,True,True,30,False
fundingRate,TRXUSDT,2026-06,https://data.binance.vision/data/futures/um/monthly/fundingRate/TRXUSDT/TRXUSDT-fundingRate-2026-06.zip,988,fa289ec24c20fb6dca65cbdd7ccb2ad6589f42693cf7774e1c8793f9bed2e5cc,True,True,90,False
klines,SOLUSDT,2026-06,https://data.binance.vision/data/futures/um/monthly/klines/SOLUSDT/1d/SOLUSDT-1d-2026-06.zip,1997,47d6fcfde2816d105116c6d6b16f3f87be10edf904f9b020ab54348152098a61,True,True,30,False
fundingRate,SOLUSDT,2026-06,https://data.binance.vision/data/futures/um/monthly/fundingRate/SOLUSDT/SOLUSDT-fundingRate-2026-06.zip,973,8d32fa3153d54c58667650e8b2c65e489b3a433b775052a93208bf60541a40d3,True,True,90,False
fundingRate,DOGEUSDT,2026-06,https://data.binance.vision/data/futures/um/monthly/fundingRate/DOGEUSDT/DOGEUSDT-fundingRate-2026-06.zip,961,b701956a49aa6e9daf692eccbe0c79be94dd3e0dbacde8996852f551a5fbfdba,True,True,90,False
klines,DOTUSDT,2026-06,https://data.binance.vision/data/futures/um/monthly/klines/DOTUSDT/1d/DOTUSDT-1d-2026-06.zip,1780,97c20212243db2a019a647e3fe5e7a898d4ef23cecbfd80add97dc3bb6c11512,True,True,30,False
