open_time,market_trend_63,breadth_positive_63,breadth_above_100d,market_vol_30,downside_vol_ratio_14_90,average_pairwise_corr_60,cross_sectional_dispersion_20,liquidity_level_20,liquidity_breadth_90,taker_buy_pressure_20,funding_level_14,funding_dispersion_14,drawdown_breadth_90,downside_jump_breadth_5
2021-01-01 00:00:00+00:00,2.4776637715876166,0.5384615384615385,0.23076923076923084,0.6696257881458348,1.5362825180488282,0.648206541556344,0.049981494020269426,18.98966524107312,0.7692307692307693,-0.01711458172937741,0.0008584585714285714,0.0009429031974607169,0.38461538461538464,0.18181818181818182
2021-01-02 00:00:00+00:00,2.4918303448020804,0.8461538461538463,0.23076923076923084,0.669478236424714,1.5463153686836577,0.6309129977939553,0.053423282405956764,18.992867490422825,0.8461538461538461,-0.017929946415055853,0.0008431007142857143,0.0010237254136890692,0.46153846153846156,0.1272727272727273
2021-01-03 00:00:00+00:00,2.644279730665137,0.8461538461538463,0.3846153846153846,0.7074759062662144,1.6114772236749921,0.6057803158326037,0.061076533838972914,19.040178123339956,1.0,-0.018751460196845926,0.00080778,0.001044302944215327,0.38461538461538464,0.2363636363636364
2021-01-04 00:00:00+00:00,2.8260745309664466,0.8461538461538463,0.8461538461538463,0.7702970390266749,1.6549018910127085,0.6016072797138882,0.06435611444221845,19.083426566701238,1.0,-0.019113035972143533,0.0009147178571428571,0.0011299382468753024,0.38461538461538464,0.27272727272727276
2021-01-05 00:00:00+00:00,2.979237832884504,1.0,0.8461538461538463,0.7671930862002304,1.6719723079007296,0.5950743792259205,0.0651615909610894,19.16741022709608,1.0,-0.01942883607996998,0.00117424,0.00134642497554944,0.3076923076923077,0.2545454545454545
2021-01-06 00:00:00+00:00,3.059019734699698,0.8461538461538463,0.8461538461538463,0.7785229021569662,1.697458089948313,0.585068648759692,0.06646661927202537,19.238197567693184,1.0,-0.02012122346745071,0.0012360507142857144,0.001653866005765978,0.3076923076923077,0.2909090909090909
2021-01-07 00:00:00+00:00,3.182681712069173,1.0,0.6923076923076923,0.8045112573660114,1.490141239055038,0.5743418355730591,0.06874175524709257,19.26801577018622,1.0,-0.0204945898260539,0.0015331335714285717,0.0021797855449813344,0.23076923076923078,0.30909090909090914
2021-01-08 00:00:00+00:00,3.1329636324748797,1.0,0.8461538461538463,0.7561657353644359,1.6633350571316226,0.5579005491622785,0.07334645186813657,19.29978478326884,1.0,-0.021664380337158562,0.0017566342857142855,0.0024718746672490388,0.3076923076923077,0.27272727272727276
2021-01-09 00:00:00+00:00,3.03898303448362,1.0,0.8461538461538463,0.7579622177080675,1.6668217687089164,0.5480362500112068,0.07630454785578064,19.349008459726974,1.0,-0.02179801445654056,0.0019050221428571431,0.002504700078451712,0.3076923076923077,0.21818181818181817
2021-01-10 00:00:00+00:00,3.3182149192457113,1.0,0.8461538461538463,0.740720428316111,1.4774890930224376,0.5384311238169176,0.07695604431649669,19.45039440601489,1.0,-0.0217966296790012,0.0020680014285714286,0.002462794587609738,0.07692307692307693,0.16363636363636364
2021-01-11 00:00:00+00:00,3.048569669569954,1.0,0.8461538461538463,0.7527369475327117,1.618604703478058,0.5383934780826253,0.07783660728136232,19.523605543276076,1.0,-0.02214279206732278,0.0023388114285714284,0.0024705243739629778,0.15384615384615385,0.14545454545454545
2021-01-12 00:00:00+00:00,2.557752651584449,1.0,0.6923076923076923,0.8902443469277211,1.5839010780233322,0.561594671933094,0.07703411565560328,19.621198815250732,1.0,-0.022777354322523202,0.0023239285714285714,0.002471566839041392,1.0,0.14545454545454545
2021-01-13 00:00:00+00:00,2.4082844230304667,1.0,0.6923076923076923,0.9120554674448793,1.5519589037902797,0.5583907469977587,0.07371813949499607,19.692421049490456,0.9230769230769231,-0.022102032299473773,0.002268130714285714,0.0023952955523057714,0.9230769230769231,0.05454545454545454
2021-01-14 00:00:00+00:00,2.52342345390864,1.0,0.8461538461538463,0.9358100838971761,1.475660651244084,0.559291071089741,0.07367547899007545,19.701740176782245,0.9230769230769231,-0.02275507263379095,0.0022523157142857143,0.0023370731176034533,0.5384615384615384,0.03636363636363636
2021-01-15 00:00:00+00:00,2.6336211989745504,1.0,0.8461538461538463,0.9467963800539964,1.5370689796924322,0.5526068488182535,0.07564036889924894,19.73781371262786,0.9230769230769231,-0.023253725876543396,0.002305502857142857,0.0022731396723112683,0.46153846153846156,0.07272727272727272
2021-01-16 00:00:00+00:00,2.3690389502553266,1.0,0.6923076923076923,0.961531054556345,1.5425700476901687,0.5479802817621728,0.07643341686275722,19.74664014360887,0.9230769230769231,-0.02427731620243767,0.002337167142857143,0.0022094922800522158,0.5384615384615384,0.05454545454545454
2021-01-17 00:00:00+00:00,2.4954560399679506,1.0,0.8461538461538463,0.9593150437312177,1.4398724742129017,0.5393959000394993,0.07903169724249326,19.74664014360887,0.9230769230769231,-0.025052821390391222,0.002356117142857143,0.002203621587959801,0.5384615384615384,0.05454545454545454
2021-01-18 00:00:00+00:00,2.5505975162975227,1.0,0.6923076923076923,0.9616060477654116,1.265263296061764,0.5333844959387933,0.07739656900892695,19.74664014360887,0.7692307692307693,-0.024987542131270968,0.002235555,0.002112462569941863,0.5384615384615384,0.05454545454545454
2021-01-19 00:00:00+00:00,2.5159312181752576,0.8461538461538463,0.8461538461538463,0.9617686389081593,1.2287686304952399,0.5331822196492745,0.07548406928900812,19.71172822223483,0.9230769230769231,-0.02533989367987266,0.0020695335714285717,0.0019205530518552703,0.46153846153846156,0.05454545454545454
2021-01-20 00:00:00+00:00,2.4647703717618836,0.8461538461538463,0.8461538461538463,0.950439929275423,1.2662954531707946,0.5289981406818216,0.0754846160954683,19.75038852816403,0.9230769230769231,-0.026694252033143795,0.002276508571428571,0.0016729924565849726,0.6153846153846154,0.07272727272727272
2021-01-21 00:00:00+00:00,2.463195139696487,1.0,0.8461538461538463,0.92893821581703,1.2282443383975994,0.5192751925096634,0.07333968374955672,19.75038852816403,0.9230769230769231,-0.02659285443349424,0.0020455878571428573,0.001192137023884883,0.5384615384615384,0.07272727272727272
2021-01-22 00:00:00+00:00,1.7461603494833466,0.6923076923076923,0.5384615384615385,1.1536570481184927,0.9820728616930824,0.5458542182361251,0.07143484829221501,19.75038852816403,0.9230769230769231,-0.027053946796592565,0.0018740235714285714,0.0008620159167806549,1.0,0.05454545454545454
2021-01-23 00:00:00+00:00,1.7862050698147947,0.6923076923076923,0.6923076923076923,1.1527298741206995,0.9691440221973325,0.5471810981048869,0.06498100745765942,19.75038852816403,0.8461538461538461,-0.026517709087720998,0.0017256357142857142,0.0007957478893220897,0.7692307692307693,0.05454545454545454
2021-01-24 00:00:00+00:00,1.6504522070294243,0.5384615384615385,0.6923076923076923,1.1565925321441222,0.9716818697963228,0.5465069831972421,0.0632438605312485,19.71172822223483,0.6923076923076923,-0.02645632629983552,0.001564215,0.0007689857806402902,0.6923076923076923,0.05454545454545454
2021-01-25 00:00:00+00:00,1.797330627999275,0.6923076923076923,0.6923076923076923,1.1668328219661075,0.9390458142297163,0.5372776416013935,0.06215131832105679,19.701740176782245,0.5384615384615384,-0.02643395468390397,0.0013081792857142856,0.0007155147237819948,0.5384615384615384,0.016666666666666666
2021-01-26 00:00:00+00:00,1.6266557677785185,0.5384615384615385,0.6923076923076923,1.1738026698374568,0.8928324610788357,0.5133958629047949,0.05967970546071598,19.693582663962033,0.7692307692307693,-0.026803073317514248,0.0013483242857142855,0.0007165797247801279,0.5384615384615384,0.016666666666666666
2021-01-27 00:00:00+00:00,1.6348570279861567,0.5384615384615385,0.6923076923076923,1.1724441715830292,0.9031517169966599,0.5131816487174107,0.05657986069653527,19.67178482305225,0.5384615384615384,-0.026046685688375704,0.0013577557142857141,0.0007014583681610958,0.5384615384615384,0.016666666666666666
2021-01-28 00:00:00+00:00,1.5078279287883067,0.5384615384615385,0.5384615384615385,1.2149869980482428,0.9082513616473945,0.5230931406000402,0.05243154037373447,19.62124260656394,0.6923076923076923,-0.02516756570002049,0.0013506214285714285,0.0006704825858897309,0.9230769230769231,0.016666666666666666
2021-01-29 00:00:00+00:00,1.9503085988936468,0.6923076923076923,0.6923076923076923,1.240688885539219,0.7327050661504207,0.5162631520959702,0.06890516865456305,19.57561335995691,0.6153846153846154,-0.024120312682929856,0.0012766657142857143,0.000650905623418609,0.46153846153846156,0.016666666666666666
2021-01-30 00:00:00+00:00,2.0312676872614346,0.6923076923076923,0.6923076923076923,1.2388704964449784,0.733975478255227,0.5104036081962682,0.06847710388552627,19.57561335995691,1.0,-0.023497930848364212,0.0013305714285714286,0.0008691316557520894,0.46153846153846156,0.0
2021-01-31 00:00:00+00:00,1.949595943541186,0.6923076923076923,1.0,1.2370939277942998,0.9285177197097582,0.49175072791852603,0.0757474186594986,19.523900436908878,0.6923076923076923,-0.02246455740286768,0.0013223621428571429,0.0009184804870741074,0.5384615384615384,0.016666666666666666
2021-02-01 00:00:00+00:00,1.7218497435945905,0.6923076923076923,1.0,1.2516813720756859,0.9138269028878644,0.48891028247154084,0.07807654143678715,19.404278239775582,0.6153846153846154,-0.02258905273524281,0.0013915014285714284,0.0009950020499061112,0.6153846153846154,0.016666666666666666
2021-02-02 00:00:00+00:00,1.6308757055663503,0.6923076923076923,1.0,1.2316677530936069,0.9471095487689795,0.47665835385621474,0.08057118146424512,19.390998223797332,0.8461538461538461,-0.02237313651942563,0.0013328028571428572,0.0011406565302291005,0.5384615384615384,0.03333333333333333
2021-02-03 00:00:00+00:00,1.940676555467276,0.8461538461538463,1.0,1.1786670906776102,0.8225875556156654,0.46374381309245993,0.0800517292962328,19.390998223797332,0.8461538461538461,-0.022820948799117335,0.0012380328571428571,0.0011789112532263149,0.46153846153846156,0.06666666666666667
2021-02-04 00:00:00+00:00,2.0523938377162905,0.8461538461538463,1.0,1.2022049605797462,0.866588491483653,0.4660632860172768,0.07841065995566898,19.390998223797332,1.0,-0.022898808411785043,0.0014899992857142857,0.0012622754103616626,0.38461538461538464,0.06666666666666667
2021-02-05 00:00:00+00:00,1.9158377928986372,0.6923076923076923,1.0,1.1983703045466163,0.8699789538302211,0.4599998677574398,0.08128647402355199,19.390998223797332,0.9230769230769231,-0.022771464215691484,0.0017144642857142857,0.0013416889555900743,0.3076923076923077,0.05
2021-02-06 00:00:00+00:00,2.2226137528090484,0.8461538461538463,1.0,1.176366048724188,0.8607566752839865,0.45604028408747027,0.08055949751527718,19.390998223797332,0.8461538461538461,-0.02262699189163281,0.0020616578571428573,0.0014477429831982528,0.3076923076923077,0.05
2021-02-07 00:00:00+00:00,2.1304653172965624,0.8461538461538463,1.0,1.1699673723342656,0.8623814618293062,0.4413661333134853,0.0819304034116348,19.51062042093063,0.9230769230769231,-0.023483582777114098,0.0022993371428571426,0.001518562086027173,0.3076923076923077,0.03333333333333333
2021-02-08 00:00:00+00:00,2.03465282105952,0.8461538461538463,1.0,1.1746336192819433,0.7417041612591964,0.4373562770564558,0.08503007680426587,19.57561335995691,0.8461538461538461,-0.02389333597801685,0.0024644985714285714,0.0015840610842999287,0.23076923076923078,0.0
2021-02-09 00:00:00+00:00,2.2997898445182017,0.8461538461538463,1.0,1.2562962331970762,0.9932252675448631,0.43854492750013574,0.08594829071236129,19.57561335995691,0.9230769230769231,-0.023054215190272065,0.0026358535714285716,0.0016067724305126453,0.15384615384615385,0.05
2021-02-10 00:00:00+00:00,2.4722147330724633,0.8461538461538463,1.0,1.2477301364939937,0.9791265461020477,0.42333050724081733,0.0892240513979166,19.586036659890734,1.0,-0.022913476024611135,0.003026646428571429,0.0016731983535243754,0.23076923076923078,0.05
2021-02-11 00:00:00+00:00,2.347725083777121,0.8461538461538463,1.0,1.1776991256263984,0.9496222449077419,0.41259451458080676,0.09187213505537599,19.586036659890734,1.0,-0.02265387338829894,0.0034353485714285715,0.001766433877623743,0.15384615384615385,0.05
2021-02-12 00:00:00+00:00,2.508355302220467,0.8461538461538463,1.0,1.1708649644145859,0.9272062461674805,0.4037235317070298,0.09308170049581946,19.733056328318405,1.0,-0.023412334685730563,0.0036988685714285717,0.0018139436803350719,0.23076923076923078,0.05
2021-02-13 00:00:00+00:00,2.5814764449969143,1.0,1.0,1.1442158070508668,0.8892915766583301,0.4009649234729946,0.09364627542283158,19.904943591840855,1.0,-0.023753991748016845,0.0038747692857142857,0.001636881591112858,0.15384615384615385,0.05
2021-02-14 00:00:00+00:00,2.4623347548828223,1.0,1.0,1.1288005224631061,0.8893430692994306,0.3928585338771878,0.09578983184106528,19.969409303542925,1.0,-0.02367128168489152,0.004179132857142857,0.0016317348900234427,0.07692307692307693,0.0
2021-02-15 00:00:00+00:00,2.4198478939929804,1.0,1.0,1.1011771713541003,1.0502243002397713,0.38948108440957807,0.09717655100592029,20.038082527955183,0.9230769230769231,-0.023935308314596337,0.004413867142857143,0.0015979449087298804,0.23076923076923078,0.046153846153846156
2021-02-16 00:00:00+00:00,2.3882686640199307,1.0,1.0,1.1045329378608018,1.088512355700725,0.3934231849866021,0.0979109435777335,20.095088972250146,1.0,-0.02440812472744769,0.004446607857142857,0.0014465920617414293,0.3076923076923077,0.046153846153846156
2021-02-17 00:00:00+00:00,2.4060468931541164,1.0,1.0,1.1037499212189537,0.9785437207382903,0.39386090961610437,0.09839488092093007,20.125048065461932,1.0,-0.024286792167241167,0.004454818571428571,0.00141742491512349,0.38461538461538464,0.046153846153846156
2021-02-18 00:00:00+00:00,2.339843267519367,0.8461538461538463,1.0,1.110317752796863,0.9785437207382903,0.3913814964122436,0.081025964538441,20.15283815636395,0.9230769230769231,-0.02483610810922554,0.0043234592857142855,0.0013428977789136515,0.38461538461538464,0.046153846153846156
2021-02-19 00:00:00+00:00,2.2979185346265623,0.8461538461538463,1.0,1.1089720442397193,0.9825964358394901,0.3899105061249931,0.08110522015458128,20.17861464367374,0.8461538461538461,-0.025351072620216908,0.0044418221428571426,0.0013349402059854572,0.23076923076923078,0.06153846153846154
2021-02-20 00:00:00+00:00,2.36298830332273,0.8461538461538463,1.0,1.1138744368441542,0.9825964358394901,0.3784352368205118,0.07870290200039924,20.18731600309264,0.9230769230769231,-0.025841964960615027,0.004488104285714286,0.0013050469071871384,0.15384615384615385,0.03076923076923077
2021-02-21 00:00:00+00:00,2.284527997911242,0.8461538461538463,1.0,0.8816929035664585,1.027794269375789,0.37743222828614337,0.0796922402415561,20.226331254916424,1.0,-0.02608659214173875,0.004704274285714286,0.0013334802679469328,0.38461538461538464,0.046153846153846156
2021-02-22 00:00:00+00:00,2.3971202584559683,0.8461538461538463,1.0,0.8483021454098314,1.027794269375789,0.337557345515174,0.07644124857404079,20.226331254916424,0.7692307692307693,-0.026212462222866495,0.004646229285714286,0.0012785391140308928,0.23076923076923078,0.046153846153846156
2021-02-23 00:00:00+00:00,2.289807038246041,1.0,1.0,0.8981111346371827,0.881850635067025,0.3306725496031422,0.07846907980280318,20.266927329034566,1.0,-0.02641350697047562,0.004473864285714286,0.0012552690073782374,0.5384615384615384,0.046153846153846156
2021-02-24 00:00:00+00:00,1.8474496110342897,1.0,1.0,0.9793721099911696,0.9408878655110784,0.36301983585037273,0.07926510613777123,20.288451157665115,1.0,-0.026172295401879153,0.004062474285714286,0.0012136347160022092,0.9230769230769231,0.06153846153846154
2021-02-25 00:00:00+00:00,2.0462545834518377,1.0,1.0,0.9709137417324546,0.944910776380404,0.36409101461334425,0.07637634546681084,20.317666040201516,0.9230769230769231,-0.02512304455536707,0.0036349564285714287,0.0011656604900279778,0.8461538461538461,0.046153846153846156
2021-02-26 00:00:00+00:00,1.769999216972321,1.0,1.0,1.0123462503846006,0.9318139637472059,0.3758786889245086,0.07541473913336376,20.317666040201516,0.9230769230769231,-0.024539864860787297,0.003363090714285714,0.0011245414713776287,0.9230769230769231,0.046153846153846156
2021-02-27 00:00:00+00:00,1.64676263988506,1.0,0.8461538461538463,0.9642957384209613,0.9326848780585514,0.3764409449726397,0.07368450419073594,20.317666040201516,0.9230769230769231,-0.023303999143246656,0.0030392121428571427,0.0010765272265841328,0.9230769230769231,0.046153846153846156
2021-02-28 00:00:00+00:00,1.5584656565171884,1.0,1.0,0.9274285714291144,0.9361771337884253,0.3790373025103755,0.07013286268935283,20.317666040201516,0.6153846153846154,-0.022263960720292686,0.002674718571428571,0.0009948366366225054,0.9230769230769231,0.046153846153846156
2021-03-01 00:00:00+00:00,1.4288271923489948,1.0,0.8461538461538463,0.9288250952794459,0.8728371788676645,0.3824512254287807,0.06846621015245426,20.317666040201516,0.6923076923076923,-0.021804823729273948,0.002292902857142857,0.0009364066469747991,0.9230769230769231,0.015384615384615385
2021-03-02 00:00:00+00:00,1.5187713636432172,1.0,1.0,0.9827607813714444,0.9006405738563211,0.3896291710891563,0.06608054938094025,20.317666040201516,0.5384615384615384,-0.021358293227560776,0.002189385,0.0009160081328964023,0.8461538461538461,0.015384615384615385
2021-03-03 00:00:00+00:00,1.4067766723227424,1.0,1.0,0.9809671751833613,0.8781746582986363,0.3926698208581988,0.06283027228751062,20.288451157665115,0.8461538461538461,-0.020990832444234164,0.002015967857142857,0.0008653967527922705,0.8461538461538461,0.0
2021-03-04 00:00:00+00:00,1.4196602981599424,1.0,1.0,0.9872103563347616,0.8609430421975893,0.3945253309241806,0.06056190054861381,20.288451157665115,0.8461538461538461,-0.020766734647840568,0.0018566235714285713,0.0008396973994944449,0.8461538461538461,0.0
2021-03-05 00:00:00+00:00,1.373406915413698,1.0,1.0,0.964533744247987,0.8679418312969536,0.39123859364983565,0.059937267453130105,20.266927329034566,0.8461538461538461,-0.020576002013946937,0.0014820400000000002,0.0007479763839852827,1.0,0.0
2021-03-06 00:00:00+00:00,1.3708910426476055,1.0,1.0,0.9298896638119869,0.7883780357532899,0.3947828433753925,0.05727860458772345,20.25743274472441,0.6153846153846154,-0.020096394042660226,0.001094692857142857,0.0006602041655601848,1.0,0.0
2021-03-07 00:00:00+00:00,1.301319265678145,1.0,1.0,0.9304059673676865,0.7970110106464717,0.39857398180150716,0.055983655706008016,20.2242922338108,0.3076923076923077,-0.019005374378050277,0.0006552707142857142,0.0005533519380292121,1.0,0.015384615384615385
2021-03-08 00:00:00+00:00,1.1476836292053871,1.0,1.0,0.9225754910088865,0.7969838322898587,0.3997201300597067,0.05476907257273298,20.172128498074073,0.38461538461538464,-0.01837217130448865,0.0005279235714285714,0.0005432365410567348,1.0,0.015384615384615385
2021-03-09 00:00:00+00:00,1.2093209381597365,1.0,1.0,0.9322961040516771,0.8151316085411491,0.4069953213365338,0.05567869137439842,20.123909016029696,0.6153846153846154,-0.018259092085103845,0.0004913871428571429,0.0005301295363430175,0.7692307692307693,0.015384615384615385
2021-03-10 00:00:00+00:00,1.1614724051508523,1.0,1.0,0.929709093011832,0.6107956486412522,0.4119450976187643,0.05525979698274451,20.0724860552649,0.6923076923076923,-0.0186157233659624,0.0006729607142857144,0.0005576576998867686,0.6153846153846154,0.015384615384615385
2021-03-11 00:00:00+00:00,0.9483906766346466,1.0,1.0,0.8172430770038,0.6488922868666958,0.4194767762675346,0.05292072857413978,20.019325602472733,0.8461538461538461,-0.018807134178984608,0.0008388564285714287,0.0005648849418358895,0.7692307692307693,0.015384615384615385
2021-03-12 00:00:00+00:00,0.9143900967125096,1.0,1.0,0.8208599361667731,0.6254464356063403,0.4193938022324255,0.04730637336193903,19.988859871001406,0.8461538461538461,-0.018609142214530916,0.00094422,0.0005788296755424087,0.6923076923076923,0.0
2021-03-13 00:00:00+00:00,0.8363460285300757,1.0,1.0,0.8191866541910827,0.6523079147597391,0.3958223203750477,0.0441904151956511,19.980205856770546,0.7692307692307693,-0.018014877158101517,0.0010801828571428572,0.0005893660744929966,0.6923076923076923,0.0
2021-03-14 00:00:00+00:00,0.9588548375578861,1.0,1.0,0.8439516614959505,0.6219800534730601,0.39919653943623207,0.04354363145018682,19.969875154290243,0.8461538461538461,-0.018015084934552228,0.0012000207142857141,0.0006197668252935221,0.6923076923076923,0.0
2021-03-15 00:00:00+00:00,0.9458715032409015,0.8461538461538463,1.0,0.8574071997745968,0.6413482846552933,0.4016952568056678,0.03956010892528118,19.953157194049567,0.5384615384615384,-0.01815356495510312,0.001418127857142857,0.0006510132777728194,0.6923076923076923,0.0
2021-03-16 00:00:00+00:00,1.1341992081917944,1.0,1.0,0.873189783000578,0.648292750495808,0.41104289896764795,0.037050404548276204,19.891866457339198,0.8461538461538461,-0.018591324404333587,0.0015323757142857142,0.0006884695620573495,0.8461538461538461,0.0
2021-03-17 00:00:00+00:00,1.2634411494843074,1.0,1.0,0.873801419387,0.6602041330523215,0.4125731403974884,0.03684909892749575,19.891866457339198,0.6923076923076923,-0.01893804529418064,0.0015729292857142858,0.0007036848468526242,0.7692307692307693,0.0
2021-03-18 00:00:00+00:00,1.1354135893785984,1.0,1.0,0.8744966665073817,0.668422188448057,0.42275676190958267,0.03557936836225788,19.891866457339198,0.46153846153846156,-0.019047033305335748,0.001628715,0.000706033341562792,0.6153846153846154,0.0
2021-03-19 00:00:00+00:00,0.9213119394246431,1.0,1.0,0.8791471499650403,0.624590634827435,0.4286196995167596,0.0346196296374616,19.84255145937555,0.38461538461538464,-0.02013483366297314,0.0017718,0.000775952530026687,0.8461538461538461,0.0
2021-03-20 00:00:00+00:00,1.1122345798268671,1.0,1.0,0.8649712095509158,0.626566803817805,0.4298196074212557,0.03495851622692139,19.84255145937555,0.5384615384615384,-0.020602637945250357,0.0018532342857142858,0.0008108289568353296,0.6153846153846154,0.0
2021-03-21 00:00:00+00:00,1.072283681281663,1.0,1.0,0.8627690589839168,0.5399210523390494,0.4298979998774162,0.03596191048668554,19.84255145937555,0.6153846153846154,-0.021542831306824606,0.0020095057142857143,0.0008624746885207135,0.6923076923076923,0.0
2021-03-22 00:00:00+00:00,1.0416919108285634,1.0,1.0,0.8487721927649375,0.5625146805103503,0.43210757490189666,0.034474809553801805,19.84255145937555,0.46153846153846156,-0.022285852553059038,0.0020884442857142856,0.0008715680681765501,0.6923076923076923,0.0
2021-03-23 00:00:00+00:00,0.827605075248488,0.8461538461538463,1.0,0.8719920928308346,0.5261686587743634,0.39681168643401915,0.03462346729068689,19.84191666867509,0.5384615384615384,-0.02311362179091664,0.0021442664285714285,0.000896713474018793,0.9230769230769231,0.0
2021-03-24 00:00:00+00:00,0.7553058688845588,1.0,1.0,0.8684762992656605,0.567969003431353,0.39415498960087597,0.03448810216420427,19.841518212596963,0.46153846153846156,-0.02295121508501019,0.0019907949999999996,0.0008495715407791715,0.9230769230769231,0.0
2021-03-25 00:00:00+00:00,0.6393473962325223,0.8461538461538463,0.8461538461538463,0.8470120415922082,0.5120749212378432,0.4095087058589489,0.03392890754615957,19.841518212596963,0.7692307692307693,-0.023590547186646493,0.001868015,0.0008190576220675742,1.0,0.015384615384615385
2021-03-26 00:00:00+00:00,1.178680066831107,1.0,0.8461538461538463,0.7543701178345588,0.49973312677301274,0.41286201493548613,0.03424690272605868,19.841518212596963,0.6153846153846154,-0.023636401569353982,0.0017506642857142859,0.0007909967409533682,1.0,0.015384615384615385
2021-03-27 00:00:00+00:00,1.1431806931998294,1.0,1.0,0.7879259937881291,0.42954571857226215,0.4217263107579775,0.034597766134018444,19.841518212596963,0.5384615384615384,-0.02396697075959897,0.0016411221428571428,0.0007670710178731198,0.9230769230769231,0.015384615384615385
2021-03-28 00:00:00+00:00,1.2138333370142778,1.0,1.0,0.7401353632086921,0.43707770201611035,0.42159793082124125,0.03563354984748681,19.841518212596963,0.23076923076923078,-0.024524621749195064,0.0015426928571428571,0.0007455943598916415,0.7692307692307693,0.015384615384615385
2021-03-29 00:00:00+00:00,1.0298873533296862,1.0,1.0,0.7357240851000318,0.43523614821503737,0.407022591622533,0.0341707580410754,19.838036463375097,0.23076923076923078,-0.02472597707043428,0.0014007328571428571,0.00071026750554013,0.7692307692307693,0.015384615384615385
2021-03-30 00:00:00+00:00,1.2530631706046724,1.0,1.0,0.754294692326149,0.4174161153433261,0.3886591308781178,0.031873867139029746,19.838036463375097,0.3076923076923077,-0.02407120286210579,0.0013629292857142857,0.0006957203844438901,0.6923076923076923,0.0
2021-03-31 00:00:00+00:00,1.2383641580371325,1.0,1.0,0.7463539078606429,0.4222846010130907,0.38944933237525725,0.03245059987043041,19.822160679096257,0.23076923076923078,-0.02364493214827562,0.0014610428571428572,0.0007086143115562668,0.6153846153846154,0.0
2021-04-01 00:00:00+00:00,1.5795162808528362,1.0,1.0,0.6764225572194966,0.47226662726360374,0.3953152623898548,0.03545171961168956,19.838036463375097,0.6153846153846154,-0.023454513493148532,0.00152167,0.0006943785983117334,0.5384615384615384,0.0
2021-04-02 00:00:00+00:00,1.4088205543813608,1.0,1.0,0.6562243763392331,0.5034324238904588,0.39625159362687506,0.03631934247173515,19.838036463375097,0.5384615384615384,-0.02337175652210499,0.0015969314285714288,0.0006587643962365381,0.38461538461538464,0.015384615384615385
2021-04-03 00:00:00+00:00,1.4368312340738874,1.0,1.0,0.6537991980180474,0.5807323112117873,0.41010910902267206,0.037138832584548045,19.838036463375097,0.7692307692307693,-0.023518950871122546,0.0017518035714285713,0.0006869759199472777,0.3076923076923077,0.03076923076923077
2021-04-04 00:00:00+00:00,1.2851821920545434,1.0,1.0,0.6688393558120911,0.5837520611003909,0.4103884973720076,0.03994145681373182,19.841518212596963,0.9230769230769231,-0.02362891939357875,0.0018958257142857144,0.0006979970594401815,0.46153846153846156,0.046153846153846156
2021-04-05 00:00:00+00:00,1.4951798260527267,1.0,1.0,0.6713316946258912,0.5842601240415142,0.40813415069162645,0.041906213584113436,19.858916839005104,0.46153846153846156,-0.02316474878851721,0.0019170335714285716,0.0006948939211009584,0.38461538461538464,0.046153846153846156
2021-04-06 00:00:00+00:00,1.4583481763738257,1.0,1.0,0.6623486006446593,0.5857484989102063,0.40973184078059594,0.04411759222853017,19.858916839005104,0.6923076923076923,-0.02310277824808732,0.0020183178571428575,0.0007151579569357873,0.23076923076923078,0.046153846153846156
2021-04-07 00:00:00+00:00,1.2317348718146421,1.0,1.0,0.6516593066384201,0.5919187786331187,0.401332198811019,0.04600174516288237,19.858916839005104,0.8461538461538461,-0.02347134049102595,0.0022466928571428573,0.0007908408903016886,0.07692307692307693,0.03076923076923077
2021-04-08 00:00:00+00:00,0.8460615348153241,1.0,1.0,0.668824393511649,0.6122545247996026,0.421694821023839,0.047158789711229374,20.032886935004598,1.0,-0.02312237555654495,0.0023026414285714286,0.0008220661196125759,0.6153846153846154,0.03076923076923077
2021-04-09 00:00:00+00:00,1.077505931942764,1.0,1.0,0.6784580276831863,0.5933275850051802,0.43639612445979853,0.047409402632040916,20.082795739934507,0.46153846153846156,-0.02278765384824133,0.0024384014285714285,0.000863099997611888,0.23076923076923078,0.015384615384615385
2021-04-10 00:00:00+00:00,0.910830728725417,1.0,1.0,0.6768401760208859,0.634339402598459,0.4305588131068301,0.04700493630088882,19.925011165867225,0.46153846153846156,-0.02255245372284148,0.002580194285714286,0.0009063537183276059,0.38461538461538464,0.015384615384615385
2021-04-11 00:00:00+00:00,1.0023541206507527,1.0,1.0,0.6789815987491922,0.6286577387565081,0.4327771626677425,0.05019716490184867,20.036171642255702,0.6923076923076923,-0.02245971412108211,0.0028313107142857144,0.000946184419663033,0.15384615384615385,0.015384615384615385
2021-04-12 00:00:00+00:00,1.1047966169713503,0.8461538461538463,1.0,0.672986520190177,0.700720778124628,0.43882030736478317,0.050941396028658416,20.144047411393075,0.7692307692307693,-0.021827467398196188,0.0030421371428571427,0.0009934841208156123,0.07692307692307693,0.015384615384615385
2021-04-13 00:00:00+00:00,0.7463817288527002,0.8461538461538463,1.0,0.621066237469564,0.7295038894900454,0.4403939815788625,0.05270361844764295,20.23419613397808,0.6153846153846154,-0.02223846121112566,0.003255251428571429,0.0010455758639280647,0.15384615384615385,0.0
2021-04-14 00:00:00+00:00,0.9321827602198406,1.0,1.0,0.6447990659696057,0.7640683904687231,0.4493148480083553,0.055607930583248935,20.30585512403991,1.0,-0.0214160326353956,0.003486897142857143,0.0011026552592453141,0.0,0.015384615384615385
2021-04-15 00:00:00+00:00,1.0943588389667012,1.0,1.0,0.6220392889059198,0.8340282512513264,0.4539266025305295,0.058097134347136495,20.368262776961032,1.0,-0.02177201183531008,0.00372477,0.0011757281465948639,0.0,0.03076923076923077
2021-04-16 00:00:00+00:00,1.008494671235575,1.0,1.0,0.6226814094568004,0.8340282512513264,0.45099981123568794,0.06214411231162877,20.45336362944883,0.9230769230769231,-0.021872278536514966,0.00380336,0.0012137946251539221,0.0,0.03076923076923077
2021-04-17 00:00:00+00:00,0.8687450678714488,1.0,1.0,0.6357697675953464,0.845133960506609,0.4161801038260737,0.07104500213922371,20.535907215048972,1.0,-0.02186479490837645,0.003902725,0.001328816554192331,0.23076923076923078,0.03076923076923077
2021-04-18 00:00:00+00:00,0.7813185015406395,1.0,1.0,0.642132799603115,0.8456562180279454,0.4217730723346054,0.07319108307255574,20.601436818430486,0.9230769230769231,-0.022078241384013098,0.0038473185714285713,0.0013322284036906328,0.38461538461538464,0.06153846153846154
2021-04-19 00:00:00+00:00,0.5674489461690676,1.0,1.0,0.6720646476349552,0.9074530763790524,0.41875579242572986,0.07756247860344653,20.649566354845568,1.0,-0.022698062027389443,0.0037839085714285715,0.0013146668855485604,0.8461538461538461,0.07692307692307693
2021-04-20 00:00:00+00:00,0.5416837362379234,1.0,1.0,0.6771790789465808,1.0596344914720575,0.42121041017703587,0.08036897410527705,20.72219334988391,1.0,-0.02233100321044096,0.003588292142857143,0.0012599967038182584,0.8461538461538461,0.09230769230769231
2021-04-21 00:00:00+00:00,0.6341705742517683,1.0,1.0,0.6903118976822308,1.1018699023913778,0.41561370545112125,0.08018864012665237,20.78434574170539,1.0,-0.022178223595926194,0.0033453107142857146,0.0011739954648264663,0.6923076923076923,0.12307692307692308
2021-04-22 00:00:00+00:00,0.4330418743162479,1.0,1.0,0.656682162915703,0.9952382185586258,0.4338587245377893,0.07857073649512628,20.78434574170539,0.8461538461538461,-0.022068212413787536,0.0032504321428571434,0.0011310110504086396,0.7692307692307693,0.13846153846153847
2021-04-23 00:00:00+00:00,0.3384066859819808,1.0,1.0,0.6589441391860344,1.089168853194724,0.43323357072685825,0.08012726201126874,20.830722469258383,1.0,-0.02183251988065421,0.003142637142857143,0.0010962937370171146,0.8461538461538461,0.12307692307692308
2021-04-24 00:00:00+00:00,0.15818179222130227,0.6923076923076923,1.0,0.6355827684701967,1.0890963432198555,0.4386897296827414,0.07771315172793936,20.894735971842223,1.0,-0.021004094786760408,0.0029744235714285715,0.0010325471784603023,0.8461538461538461,0.09230769230769231
2021-04-25 00:00:00+00:00,0.05703137578177886,0.23076923076923084,0.8461538461538463,0.6574895279847539,1.1491621568810646,0.40856537110490365,0.07804606516904875,20.894735971842223,0.9230769230769231,-0.020841828647045535,0.002694288571428571,0.000964297617862926,0.9230769230769231,0.09230769230769231
2021-04-26 00:00:00+00:00,0.03720078236984297,0.07692307692307687,0.6923076923076923,0.6169957922326509,1.1687048793942827,0.40457313484593044,0.07569172582286819,20.894735971842223,0.8461538461538461,-0.020608522120352357,0.002410089285714286,0.000896207969873988,0.8461538461538461,0.07692307692307693
2021-04-27 00:00:00+00:00,0.5503115222894612,0.6923076923076923,1.0,0.6897216149539273,1.2099354348058846,0.40332256521289994,0.07592458155939559,20.82688111856382,0.9230769230769231,-0.019999197120345258,0.00211121,0.0008185994668672162,0.8461538461538461,0.07692307692307693
2021-04-28 00:00:00+00:00,1.0687514092696764,1.0,1.0,0.6951813046345567,1.104194085803752,0.4098620310531,0.07442407644747245,20.78281465098827,0.7692307692307693,-0.019689403952617757,0.0017552364285714284,0.0007290533452395188,0.7692307692307693,0.06153846153846154
2021-04-29 00:00:00+00:00,1.0426587481936185,1.0,1.0,0.6753871189486602,1.1319184974872,0.4102324017183322,0.0751937360479507,20.78281465098827,0.8461538461538461,-0.01984117014224135,0.0014090842857142857,0.0006472679219273029,0.6923076923076923,0.06153846153846154
2021-04-30 00:00:00+00:00,1.2955184009600396,1.0,1.0,0.6765848381147279,1.1466525849923703,0.4061017334976173,0.07526965130585203,20.78281465098827,0.7692307692307693,-0.01935006010427054,0.0011272992857142858,0.0005792117415720236,0.8461538461538461,0.03076923076923077
2021-05-01 00:00:00+00:00,1.501307303201407,1.0,1.0,0.6850678926683051,1.1466526116162394,0.39954090530898373,0.07323650537527118,20.78281465098827,0.8461538461538461,-0.018642907026304667,0.0008346942857142858,0.0004077071918085325,0.5384615384615384,0.03076923076923077
2021-05-02 00:00:00+00:00,1.5970265474034249,1.0,1.0,0.6907639374321307,1.1133365356958613,0.3999565346454227,0.07327991317605795,20.78281465098827,0.5384615384615384,-0.018720468523888645,0.0006767521428571429,0.00034786983525178776,0.38461538461538464,0.03076923076923077
2021-05-03 00:00:00+00:00,1.6516152547139369,1.0,1.0,0.6800770059547245,1.1410206400727925,0.4041413193508735,0.07162391620975042,20.78281465098827,0.5384615384615384,-0.018746704566639516,0.0007110428571428571,0.00034478143117738276,0.6153846153846154,0.03076923076923077
2021-05-04 00:00:00+00:00,1.6211213516179168,1.0,1.0,0.7040375466681047,1.0459286860452328,0.3986287706646755,0.06977375585264053,20.59566761197027,0.8461538461538461,-0.019140628914539604,0.0008178050000000001,0.00036263586234037027,0.38461538461538464,0.06153846153846154
2021-05-05 00:00:00+00:00,1.5070280249249277,0.8461538461538463,1.0,0.7457616024653888,1.023395482838525,0.3976958421105627,0.07016751824976072,20.59566761197027,1.0,-0.01925497669344045,0.0009054907142857142,0.0003756413635126904,0.6153846153846154,0.06153846153846154
2021-05-06 00:00:00+00:00,1.5877671600223866,1.0,1.0,0.7891337707804521,0.9077210030486536,0.4216338286959876,0.06989104129960255,20.59566761197027,0.9230769230769231,-0.019071046952621795,0.0010169735714285716,0.0003912592762031492,0.23076923076923078,0.046153846153846156
2021-05-07 00:00:00+00:00,1.6457134513848146,1.0,1.0,0.7907808774384888,0.8757732038620414,0.40979901945292585,0.0637241977960952,20.59566761197027,0.9230769230769231,-0.018822797697726323,0.001230527142857143,0.00043225121482902575,0.3076923076923077,0.03076923076923077
2021-05-08 00:00:00+00:00,1.6660456228650922,1.0,1.0,0.7582160405002317,0.9456152212503889,0.4092771352715214,0.06368123606483286,20.59566761197027,0.8461538461538461,-0.01861608654120739,0.0013591442857142856,0.00047503917508928727,0.38461538461538464,0.06153846153846154
2021-05-09 00:00:00+00:00,1.7447109106528529,1.0,1.0,0.7784113761006922,1.055405772974987,0.4065503383160631,0.06071480084945171,20.59566761197027,0.8461538461538461,-0.018539860057340096,0.00150173,0.0005152227181135456,0.23076923076923078,0.10769230769230771
2021-05-10 00:00:00+00:00,1.5986967857520438,1.0,1.0,0.7785800973226308,1.1045155877018071,0.3990771682633743,0.0589816888950872,20.59566761197027,0.8461538461538461,-0.019059247413343083,0.0015894207142857144,0.0005500950946474907,0.38461538461538464,0.10769230769230771
2021-05-11 00:00:00+00:00,1.3957226806802008,1.0,1.0,0.7817257544019506,1.2832121000795065,0.41478885695303586,0.05726931410748779,20.59566761197027,1.0,-0.02009938457335725,0.0017186464285714287,0.0006059494887359439,0.6923076923076923,0.16923076923076924
2021-05-12 00:00:00+00:00,1.4001743278195795,1.0,1.0,0.7869338013464352,1.2753200811986174,0.41325774239601404,0.061131122979091804,20.68611080709881,0.7692307692307693,-0.019954851529996376,0.001709527857142857,0.000606808167824103,0.46153846153846156,0.16923076923076924
2021-05-13 00:00:00+00:00,0.9955162267679329,0.6923076923076923,0.8461538461538463,0.8912411151075114,1.349244208953559,0.4478484714574145,0.06101641681368255,20.769774081607558,0.9230769230769231,-0.020679853883989796,0.001719387857142857,0.000610913177312842,0.9230769230769231,0.18461538461538463
2021-05-14 00:00:00+00:00,0.8741057377631878,0.8461538461538463,0.8461538461538463,0.866217591279378,1.349244208953559,0.43152029924147517,0.06412479913466138,20.769774081607558,1.0,-0.020649357238277766,0.0016932757142857145,0.0005881811922589765,0.9230769230769231,0.10769230769230771
2021-05-15 00:00:00+00:00,1.086804890390081,0.8461538461538463,0.8461538461538463,0.8773589262719285,1.329010725981003,0.42678695376787773,0.06335329369648365,21.115817573622174,0.8461538461538461,-0.020927560649154853,0.0016440807142857144,0.0005777046067744218,0.7692307692307693,0.12307692307692308
2021-05-16 00:00:00+00:00,0.567189938144154,0.8461538461538463,0.8461538461538463,0.9327888182306328,1.3408713255885163,0.43054161132159063,0.06411096560631155,21.197458620702513,0.9230769230769231,-0.02165482749272868,0.001576632857142857,0.000572176374867831,0.8461538461538461,0.06153846153846154
2021-05-17 00:00:00+00:00,0.6482977191957375,0.8461538461538463,0.8461538461538463,0.9261065902477554,1.346390552066771,0.4309888273070385,0.06185069475617137,21.197458620702513,0.9230769230769231,-0.02203338432333446,0.0015333435714285713,0.0005721107491397871,0.8461538461538461,0.06153846153846154
2021-05-18 00:00:00+00:00,0.5444551808958601,0.8461538461538463,0.8461538461538463,0.9570028464523601,1.2718024660866725,0.4374689013383022,0.0627531876949593,21.29166993417943,1.0,-0.022037612114781613,0.0014513792857142858,0.0005508721884979567,0.9230769230769231,0.015384615384615385
2021-05-19 00:00:00+00:00,0.5174463706358923,0.8461538461538463,0.8461538461538463,0.9378078114967069,1.2618592506076909,0.43783248189219254,0.06307378260714025,21.29166993417943,0.8461538461538461,-0.021892805432464357,0.0013856057142857144,0.0005455530388082687,0.9230769230769231,0.015384615384615385
2021-05-20 00:00:00+00:00,-0.2241152531430354,0.3846153846153846,-0.23076923076923073,1.2611928160771655,1.53870811474282,0.6083172014943931,0.06595308323335686,21.38175746909384,1.0,-0.02219320138968922,0.0009337371428571429,0.0006375584980664682,1.0,0.12307692307692308
2021-05-21 00:00:00+00:00,0.10523981949930873,0.6923076923076923,0.23076923076923084,1.3153814342661339,1.5314239214906322,0.6219850053796202,0.06577610185234496,21.38175746909384,1.0,-0.021961986622123786,0.0006922185714285715,0.0006117846398411929,1.0,0.12307692307692308
2021-05-22 00:00:00+00:00,-0.1728646553497249,0.3846153846153846,-0.23076923076923073,1.3645517050819902,1.5149814215287045,0.6369032615520278,0.06460834871578272,21.38175746909384,0.9230769230769231,-0.020977191721200772,0.0005636014285714286,0.0005839908218343293,1.0,0.12307692307692308
2021-05-23 00:00:00+00:00,-0.23033048958462413,0.3846153846153846,-0.3846153846153846,1.3662396533458872,1.5023725865598088,0.6388377858968612,0.06625450803009326,21.38175746909384,0.8461538461538461,-0.019709969022291385,0.0004210157142857143,0.0005861320987004882,1.0,0.13846153846153847
2021-05-24 00:00:00+00:00,-0.3864452352923726,0.07692307692307687,-0.6923076923076923,1.3928406495111523,1.5175605231627285,0.6492651166225367,0.06582182610212481,21.38175746909384,0.9230769230769231,-0.018728865891963153,0.0003285335714285715,0.0005816359643654724,1.0,0.16923076923076924
2021-05-25 00:00:00+00:00,0.1274592845324439,0.3846153846153846,-0.07692307692307687,1.523360487752315,1.468847653937247,0.6723636286841654,0.0641794416381159,21.29395402420939,0.9230769230769231,-0.017407809908414673,0.0001894221428571429,0.0005682146553100989,1.0,0.046153846153846156
2021-05-26 00:00:00+00:00,0.14024601991815056,0.5384615384615385,-0.23076923076923073,1.5226868644132352,1.4691762640680137,0.6694398133727875,0.06031956891452021,21.197458620702513,0.9230769230769231,-0.016793270219769674,0.00017539214285714293,0.0005685203256922264,1.0,0.046153846153846156
2021-05-27 00:00:00+00:00,0.3297098994951638,0.6923076923076923,0.23076923076923084,1.4944076691588009,1.353176417289301,0.6713600307409521,0.058368564136175825,21.190891745111664,0.6923076923076923,-0.01618885266470721,0.0001299735714285715,0.000566140019299053,1.0,0.046153846153846156
2021-05-28 00:00:00+00:00,0.2734803048528188,0.6923076923076923,-0.07692307692307687,1.4915766385651947,1.3598485781232346,0.6712325440989486,0.05688574400506655,21.16348754273821,0.5384615384615384,-0.015541445297643286,0.0001207535714285715,0.0005908303155151188,1.0,0.03076923076923077
2021-05-29 00:00:00+00:00,-0.08649004298182292,0.5384615384615385,-0.23076923076923073,1.5277239644299145,1.3274116907615343,0.6766210448714536,0.055811750849515174,21.16348754273821,0.8461538461538461,-0.014598940890372336,0.00012075357142857148,0.0006170504623758426,1.0,0.0
2021-05-30 00:00:00+00:00,-0.20041386105059392,0.3846153846153846,-0.3846153846153846,1.53238639167933,1.331622796982245,0.6793188437269445,0.0542087030679803,21.09629804048867,0.38461538461538464,-0.013413303371423435,8.527071428571436e-05,0.0006066611534896001,1.0,0.0
2021-05-31 00:00:00+00:00,-0.10526154247014333,0.5384615384615385,-0.23076923076923073,1.5317190008519013,1.3718290243480118,0.6876822401073918,0.0529111864625874,21.03228879806406,0.38461538461538464,-0.011662875325587074,3.087285714285721e-05,0.000630071414674665,1.0,0.0
2021-06-01 00:00:00+00:00,-0.04062381762860624,0.5384615384615385,-0.07692307692307687,1.5610545308028267,1.3361263888073176,0.6928727418268422,0.049273389730287914,20.992078120591188,0.46153846153846156,-0.010918397130594504,-1.2694999999999928e-05,0.0006251802951102907,1.0,0.0
2021-06-02 00:00:00+00:00,-0.11672339077811153,0.5384615384615385,-0.07692307692307687,1.56162424552023,1.342978193068588,0.6936464425070877,0.0477324170962694,20.963243070388778,0.5384615384615384,-0.009971273892958987,-4.810285714285707e-05,0.0006123371598956308,1.0,0.0
2021-06-03 00:00:00+00:00,-0.10823382216861797,0.3846153846153846,-0.07692307692307687,1.533141675727725,0.7226902681680902,0.6971061317566168,0.045736692568109055,20.834063812307,0.5384615384615384,-0.009753140024985563,0.0002880971428571429,0.0004901428773698167,1.0,0.0
2021-06-04 00:00:00+00:00,-0.03231046465731318,0.3846153846153846,0.07692307692307687,1.5345197229049812,0.756108389913961,0.698740873161346,0.045451233599711476,20.7061788363757,0.5384615384615384,-0.00944688258664178,0.0002880971428571429,0.00045957445729050774,1.0,0.0
2021-06-05 00:00:00+00:00,-0.24528505698070271,0.07692307692307687,-0.3846153846153846,1.5126195661146342,0.7271641116177661,0.7066935268662389,0.0428733323328004,20.684394158802625,0.6923076923076923,-0.008921116675760732,0.0002880971428571429,0.00044939967161601195,1.0,0.0
2021-06-06 00:00:00+00:00,-0.2123381656739291,0.23076923076923084,-0.3846153846153846,1.5139161389440285,0.6889333825671266,0.7108095076048049,0.04281943740118381,20.662127678015743,0.38461538461538464,-0.008504830287533238,0.0002880971428571429,0.0004324175168039106,1.0,0.0
2021-06-07 00:00:00+00:00,-0.22356927887205824,0.07692307692307687,-0.3846153846153846,1.516799607789577,0.48127453875441195,0.710430192677725,0.0414540508555795,20.64105763282428,0.07692307692307693,-0.007833223708702597,0.0002901142857142858,0.00040501221164662845,1.0,0.0
2021-06-08 00:00:00+00:00,-0.36619338927796685,-0.3846153846153846,-0.3846153846153846,1.4925256588283595,0.4848378679275068,0.7141241737257356,0.039571418766920344,20.62652450726663,0.3076923076923077,-0.008113154920919796,0.00030000000000000003,0.0003461980259395712,1.0,0.0
2021-06-09 00:00:00+00:00,-0.3873466077121125,-0.3846153846153846,-0.3846153846153846,1.4918716303361204,0.48159310600703703,0.7149549470715844,0.03617988459526318,20.62652450726663,0.6923076923076923,-0.006983402950309969,0.00029721428571428574,0.00035236202735794463,1.0,0.0
2021-06-10 00:00:00+00:00,-0.12137412159093783,-0.07692307692307687,-0.3846153846153846,1.527172471303571,0.5971412685898163,0.7192091923514976,0.035356081466244124,20.62652450726663,0.5384615384615384,-0.00664888539639108,0.00027363357142857147,0.00033809810677661294,1.0,0.015384615384615385
2021-06-11 00:00:00+00:00,-0.2905942221718904,-0.3846153846153846,-0.3846153846153846,1.518825025377785,0.5976784781863804,0.7207441711256513,0.034958843834515745,20.619556866287773,0.23076923076923078,-0.006760403206883481,0.00027084928571428576,0.0003131236582793874,1.0,0.015384615384615385
2021-06-12 00:00:00+00:00,-0.3161334266626112,-0.3846153846153846,-0.5384615384615384,1.4801871162368179,0.6293356956899561,0.723215949423672,0.03409639322059245,20.619556866287773,0.15384615384615385,-0.006977156092346948,0.00027084928571428576,0.0002768441416067302,1.0,0.015384615384615385
2021-06-13 00:00:00+00:00,-0.4191316218523232,-0.3846153846153846,-0.5384615384615384,1.4804436357185011,0.6294869932768173,0.7255910037456959,0.032676190180053376,20.598400057286696,0.15384615384615385,-0.006840347383661349,0.00027084928571428576,0.0002628930524687939,1.0,0.03076923076923077
2021-06-14 00:00:00+00:00,-0.2787266121648667,-0.3846153846153846,-0.3846153846153846,1.49720792108535,0.7232984552642857,0.7281183579884688,0.030502530295492387,20.57628892955991,0.15384615384615385,-0.0069378967841940975,0.00027084928571428576,0.00021837616452371195,1.0,0.046153846153846156
2021-06-15 00:00:00+00:00,-0.202791988087845,-0.3846153846153846,-0.3846153846153846,1.479630252764298,0.6855783026962484,0.730407950482639,0.031062582775430052,20.537128354500314,0.23076923076923078,-0.007151507385136369,0.00027084928571428576,0.00020108506510252202,1.0,0.03076923076923077
2021-06-16 00:00:00+00:00,-0.36197652974704536,-0.3846153846153846,-0.3846153846153846,1.4795638552721748,0.7561873993584379,0.7549825781726474,0.029241032451335643,20.494818415247536,0.23076923076923078,-0.0074745433450710275,0.00027084928571428576,0.00019298733314968965,1.0,0.03076923076923077
2021-06-17 00:00:00+00:00,-0.5240014619392173,-0.5384615384615384,-0.5384615384615384,1.4713187445635187,0.7561873993584379,0.7575609067701319,0.0281293746360555,20.48011337258319,0.23076923076923078,-0.007805586092953398,0.00027084928571428576,0.00018904566690437774,1.0,0.03076923076923077
2021-06-18 00:00:00+00:00,-0.566252559985426,-0.6923076923076923,-0.5384615384615384,1.4706258572128348,0.7101825889094371,0.7669152776493012,0.027910740296982827,20.465659561787803,0.15384615384615385,-0.0079806609403964,0.00027084928571428576,0.00018878137376488203,1.0,0.015384615384615385
2021-06-19 00:00:00+00:00,-0.6188250495247786,-0.6923076923076923,-0.6923076923076923,1.2280146605897393,0.7101825889094371,0.7745000669033691,0.02740917521213706,20.44202695577036,0.23076923076923078,-0.008691945158548264,0.00026686142857142864,0.0001738344320385241,1.0,0.0
2021-06-20 00:00:00+00:00,-0.592780284017341,-0.5384615384615384,-0.6923076923076923,1.1583322870775228,0.7105590181744857,0.7831732882533851,0.026544690527946068,20.383908854833983,0.07692307692307693,-0.008707937270220512,0.0002586328571428572,0.00015458128547563035,1.0,0.0
2021-06-21 00:00:00+00:00,-0.4512370987595686,-0.5384615384615384,-0.6923076923076923,1.1022338420462863,0.7204231291232214,0.7838281692694726,0.025690784127123632,20.287577646348947,0.23076923076923078,-0.008968949944672122,0.00023417928571428578,0.00015273933715489207,1.0,0.0
2021-06-22 00:00:00+00:00,-0.6745482956262985,-1.0,-1.0,1.209726184726007,0.7775237898083179,0.8052794220033858,0.027186605302659206,20.287577646348947,0.6923076923076923,-0.00891891081431806,0.00020683500000000002,0.00016575242026274897,1.0,0.015384615384615385
2021-06-23 00:00:00+00:00,-0.7388796781346256,-1.0,-1.0,1.1780256368000208,0.8584819137982429,0.803914545235239,0.02689052241863301,20.287577646348947,0.8461538461538461,-0.008568933153519975,0.00018366285714285717,0.00019348906061243857,1.0,0.03076923076923077
2021-06-24 00:00:00+00:00,-0.6250799422648073,-0.8461538461538461,-1.0,1.0066331121466094,0.7596751132230775,0.8088576347629353,0.02707160068412388,20.287577646348947,0.3076923076923077,-0.00782503571889126,0.00017358142857142863,0.0002079464164953145,1.0,0.03076923076923077
2021-06-25 00:00:00+00:00,-0.5635127396223666,-0.6923076923076923,-1.0,1.0104491968062774,0.7612300752525112,0.8106747960597823,0.028226473658548357,20.287577646348947,0.38461538461538464,-0.006735373636329978,0.00014366571428571433,0.00021855678365233122,1.0,0.03076923076923077
2021-06-26 00:00:00+00:00,-0.7107970870775131,-0.8461538461538461,-1.0,1.0381809228345937,0.7047065805316817,0.8165762600273246,0.027490479039380435,20.275772084393097,0.38461538461538464,-0.006213015598183436,0.00013821714285714289,0.00022704858214593577,1.0,0.03076923076923077
2021-06-27 00:00:00+00:00,-0.5982467115269228,-0.8461538461538461,-1.0,1.0392600807346088,0.6546935543026478,0.8169055949775477,0.027356058303653487,20.275772084393097,0.23076923076923078,-0.005663818963940248,0.0001185607142857143,0.0002350422498970043,1.0,0.015384615384615385
2021-06-28 00:00:00+00:00,-0.4728138951287721,-0.6923076923076923,-1.0,1.024925051974966,0.7154328981994985,0.8190622113720959,0.027173070591209665,20.242796725147514,0.15384615384615385,-0.004422508678397996,8.899785714285718e-05,0.0002557480521837193,1.0,0.015384615384615385
2021-06-29 00:00:00+00:00,-0.6121720280423163,-0.8461538461538461,-1.0,1.0184629584673353,0.6914725796534014,0.8202377142029709,0.027154782941198757,20.200643665470437,0.23076923076923078,-0.004367103260906613,7.925785714285717e-05,0.0002628392758515695,1.0,0.015384615384615385
2021-06-30 00:00:00+00:00,-0.6036488246576323,-0.8461538461538461,-0.8461538461538461,1.0191840651701136,0.692894936461456,0.8218508983578164,0.026917016959883272,20.167591238018836,0.15384615384615385,-0.004583997927623706,7.627357142857145e-05,0.000266716301328614,1.0,0.015384615384615385
2021-07-01 00:00:00+00:00,-0.6057867619091102,-0.8461538461538461,-0.8461538461538461,0.9722167747108219,0.736735452513263,0.8229328280775715,0.026930341516350827,20.116831703699233,0.23076923076923078,-0.004770045505275877,7.627357142857145e-05,0.0002695126045749176,1.0,0.03076923076923077
2021-07-02 00:00:00+00:00,-0.6991593789792674,-0.8461538461538461,-1.0,0.991118585942791,0.7367422013119603,0.823690831913715,0.025806081862814655,20.080803284486855,0.23076923076923078,-0.004926520491340902,7.543357142857145e-05,0.00027640081004529034,1.0,0.03076923076923077
2021-07-03 00:00:00+00:00,-0.7476243094878376,-0.8461538461538461,-1.0,0.987772387275292,0.7633363785567159,0.8266435710329978,0.025606659287722582,20.065860746314172,0.0,-0.004607418751303771,7.242000000000003e-05,0.0003081867249807554,1.0,0.015384615384615385
2021-07-04 00:00:00+00:00,-0.7511884721799263,-0.8461538461538461,-1.0,0.9766854733316253,0.7861332692682728,0.8357680075674884,0.02551151108478536,20.065860746314172,0.0,-0.004690983483817912,7.193642857142859e-05,0.00031395685131352515,1.0,0.015384615384615385
2021-07-05 00:00:00+00:00,-0.6741916062049994,-0.8461538461538461,-0.8461538461538461,0.9629305369592253,0.7661004008193628,0.8397099869280736,0.024321422544125136,20.03646975152352,0.0,-0.0047949695726761665,9.639000000000003e-05,0.00030451578381345223,1.0,0.015384615384615385
2021-07-06 00:00:00+00:00,-0.933849310828614,-0.8461538461538461,-1.0,0.9732396490347486,0.734879828606307,0.8480630676669109,0.02402173541467019,20.011289030330957,0.15384615384615385,-0.004887128912892447,0.00011511285714285717,0.0002989550526651591,1.0,0.0
2021-07-07 00:00:00+00:00,-0.7445390876992306,-0.8461538461538461,-1.0,0.9797156115772495,0.6043795081398208,0.852899494722207,0.024418905480048794,19.967764960474355,0.07692307692307693,-0.0044910882768711136,0.00013495928571428576,0.00025610476457380666,1.0,0.0
2021-07-08 00:00:00+00:00,-0.9248813353785381,-1.0,-0.8461538461538461,0.9621412450186263,0.6044473959222437,0.8556999284384688,0.0248118684762359,19.98306948129544,0.07692307692307693,-0.004705146871423704,0.0001686214285714286,0.0002450599891530165,1.0,0.0
2021-07-09 00:00:00+00:00,-1.0084995690182372,-1.0,-1.0,0.9817004733127578,0.6074989051922283,0.8597337681725546,0.025278891857605984,19.98306948129544,0.0,-0.004481988046029894,0.00019436285714285716,0.00023903135089905583,1.0,0.0
2021-07-10 00:00:00+00:00,-0.9769217737448959,-1.0,-1.0,0.9433335702519916,0.6362390724699898,0.8609690635811665,0.026492693799656443,20.011289030330957,0.07692307692307693,-0.004538741749616104,0.00019341357142857148,0.0002451304429182253,1.0,0.0
2021-07-11 00:00:00+00:00,-1.1561315284725815,-1.0,-1.0,0.9368462028872547,0.6101126036396188,0.8704699253413304,0.026295573315205028,20.011289030330957,0.07692307692307693,-0.004716970873688997,0.00021307000000000005,0.00026292892784291215,1.0,0.0
2021-07-12 00:00:00+00:00,-1.112199930406993,-1.0,-1.0,0.9389839234249531,0.46133863993472685,0.8732171801391899,0.0228166212264853,19.98306948129544,0.0,-0.004358154907740275,0.00024263285714285716,0.00025813739742979326,1.0,0.0
2021-07-13 00:00:00+00:00,-1.159350964459199,-1.0,-1.0,0.9478702045019132,0.43396029911122236,0.8834306696909422,0.021742608349806465,19.963992517428164,0.07692307692307693,-0.0052170210255407246,0.00025237285714285713,0.0002627012317503049,1.0,0.0
2021-07-14 00:00:00+00:00,-1.2874207859001994,-1.0,-1.0,0.9077492060595611,0.426199439203418,0.8854671652033679,0.02027572991441846,19.94835876474884,0.0,-0.00618328118927558,0.00024825142857142857,0.0002831919038920291,1.0,0.0
2021-07-15 00:00:00+00:00,-1.0621360604327907,-1.0,-1.0,0.8999792634520252,0.4135834236459931,0.8924871244361308,0.019640522260255,19.94835876474884,0.0,-0.006616654879650075,0.0002400014285714286,0.00028843705236399395,1.0,0.0
2021-07-16 00:00:00+00:00,-1.1009330824258623,-1.0,-1.0,0.9043882542097581,0.41953825512541904,0.8930432923425292,0.02023107392787188,19.907706976321315,0.0,-0.0071942357215168395,0.0002381985714285715,0.00031180943407088673,1.0,0.0
2021-07-17 00:00:00+00:00,-1.2421942039898215,-1.0,-1.0,0.8869646798666468,0.4587440810368781,0.8956407627689825,0.020903581741764547,19.8845923721421,0.0,-0.007792410536347549,0.00024290357142857147,0.0003295634989542519,1.0,0.0
2021-07-18 00:00:00+00:00,-1.0638410353583827,-1.0,-1.0,0.8883722043713188,0.4453496025155884,0.8990605406183108,0.0212462666217941,19.874652676936762,0.0,-0.008121599178615824,0.00024678857142857146,0.0003556181691619151,1.0,0.0
2021-07-19 00:00:00+00:00,-1.0323413067665304,-1.0,-1.0,0.8669522355632506,0.43559522509253507,0.867298826818276,0.020582241729654737,19.86367016810543,0.0,-0.008218864434013984,0.00024211285714285718,0.0003972013066596962,1.0,0.0
2021-07-20 00:00:00+00:00,-0.9575715574564919,-1.0,-1.0,0.8716146698115589,0.46051213568114474,0.859333225685848,0.02060281383997378,19.826151012450985,0.0,-0.008854850576774098,0.00023756357142857144,0.00041860870025919877,1.0,0.0
2021-07-21 00:00:00+00:00,-1.0237822334335804,-1.0,-1.0,0.8699629530823375,0.3825027703565025,0.8530707414666184,0.02017451179671798,19.817693698711306,0.0,-0.00862387849741475,0.00020110071428571433,0.0004420127973690653,1.0,0.0
2021-07-22 00:00:00+00:00,-0.3810467247285419,-1.0,-1.0,0.783966928193967,0.5198810734009969,0.8603041787599276,0.020535083884158235,19.817693698711306,0.3076923076923077,-0.00760263126748234,0.00015650071428571433,0.0004583183591860511,1.0,0.03076923076923077
2021-07-23 00:00:00+00:00,-0.6367414248004463,-1.0,-1.0,0.7835170524813566,0.45383104621136694,0.854248129238619,0.020713800940948164,19.847807764029152,0.0,-0.008038477127211952,0.00016345928571428575,0.0004567206731386593,1.0,0.03076923076923077
2021-07-24 00:00:00+00:00,-0.28478184672217266,-1.0,-1.0,0.7866431165210267,0.5542352098518614,0.8345310806313464,0.020646661971222693,19.847807764029152,0.0,-0.008342823361980778,0.0001698571428571429,0.0004623655570143664,1.0,0.03076923076923077
2021-07-25 00:00:00+00:00,-0.16816213601529023,-0.8461538461538461,-1.0,0.787328395156112,0.5842522834037236,0.8371486980524588,0.020233480652776758,19.847807764029152,0.0,-0.008073597841801394,0.0001698571428571429,0.0004409436264615864,1.0,0.03076923076923077
2021-07-26 00:00:00+00:00,0.07790570156461307,-0.3846153846153846,-1.0,0.7089996916845662,0.5949154878709958,0.8380614581184566,0.020181871777066117,19.847807764029152,0.0,-0.007771182394856968,0.00016877428571428576,0.00043421622610339113,1.0,0.03076923076923077
2021-07-27 00:00:00+00:00,-0.2916427417933864,-1.0,-1.0,0.7153261914896452,0.6529218565716903,0.8420747354676816,0.019995240821563093,19.847807764029152,0.7692307692307693,-0.008013426693848746,0.00016877428571428576,0.00043229510999875253,1.0,0.015384615384615385
2021-07-28 00:00:00+00:00,-0.18214033885790576,-0.8461538461538461,-1.0,0.6838660339227987,0.7083498404547437,0.8357398235095502,0.019514545937145227,19.847807764029152,0.15384615384615385,-0.007818239658276493,0.00017588000000000003,0.00041692952067608495,1.0,0.03076923076923077
2021-07-29 00:00:00+00:00,-0.28076093960423854,-0.8461538461538461,-1.0,0.6809640226136887,0.6875056831084911,0.8309650066826142,0.02019526759405571,19.847807764029152,0.15384615384615385,-0.007825985911930455,0.00018413000000000004,0.0004108195421194408,1.0,0.03076923076923077
2021-07-30 00:00:00+00:00,-0.14031777471922746,-0.8461538461538461,-1.0,0.6709263776768494,0.7031260518563924,0.8320161720099173,0.019801393803441363,19.835973610656737,0.07692307692307693,-0.00810249094660892,0.00018677285714285716,0.0003756918584261878,1.0,0.03076923076923077
2021-07-31 00:00:00+00:00,0.26606604944430645,-0.5384615384615384,-0.8461538461538461,0.6844662979297531,0.7111827758170578,0.8250139530695165,0.020603593392027948,19.847807764029152,0.3076923076923077,-0.0082367521314467,0.00018906928571428577,0.0003289714895119175,1.0,0.03076923076923077
2021-08-01 00:00:00+00:00,0.4057395319496896,-0.3846153846153846,-0.6923076923076923,0.6421440930971327,0.7023102429087127,0.826745046405384,0.022188489442976914,19.856265077768832,0.15384615384615385,-0.008966227104513558,0.0001938964285714286,0.00028865470802157356,1.0,0.015384615384615385
2021-08-02 00:00:00+00:00,0.25632353800261487,-0.3846153846153846,-0.8461538461538461,0.64567747638626,0.7420926260075149,0.8260211269058174,0.023054735070256883,19.86367016810543,0.38461538461538464,-0.00884695364946958,0.0001985721428571429,0.00024662621063087337,1.0,0.015384615384615385
2021-08-03 00:00:00+00:00,0.01839906582686727,-0.6923076923076923,-0.8461538461538461,0.6398016263587905,0.7475030606866049,0.826054508262676,0.02338402175945182,19.86170259464064,0.3076923076923077,-0.008560666681224127,0.00021174285714285719,0.00021749510619721774,1.0,0.015384615384615385
2021-08-04 00:00:00+00:00,-0.013774458944551074,-0.6923076923076923,-1.0,0.6453307177237939,0.7205099577209819,0.819174482916285,0.023464851988392217,19.86170259464064,0.23076923076923078,-0.009223253059921555,0.00025431714285714294,0.0001860218987850559,1.0,0.015384615384615385
2021-08-05 00:00:00+00:00,0.09049089114472006,-0.5384615384615384,-0.5384615384615384,0.6464508682475892,0.8334652833768785,0.82057559753309,0.023446019449476555,19.87528972442937,0.23076923076923078,-0.009021722815623079,0.0002989171428571429,0.00015678726111836372,1.0,0.10769230769230771
2021-08-06 00:00:00+00:00,0.04328730797818795,-0.8461538461538461,-0.5384615384615384,0.6446611417788629,0.8870299642875654,0.8199260032230067,0.023006647241866202,19.89393261170032,0.5384615384615384,-0.009677479167253034,0.00029891714285714294,0.00014991889926662007,1.0,0.12307692307692308
2021-08-07 00:00:00+00:00,0.32991693917409204,-0.5384615384615384,-0.5384615384615384,0.6502738024901421,0.8638075808763934,0.8129714065491805,0.02272470033265025,19.974229553031602,0.3076923076923077,-0.010267901874948138,0.0002989171428571429,0.00013026883922906673,1.0,0.12307692307692308
2021-08-08 00:00:00+00:00,0.6028582093658225,-0.6923076923076923,-0.3846153846153846,0.6326216615058415,0.8812254399029857,0.8117384701324178,0.025030997154907086,20.028543852510126,0.7692307692307693,-0.011077390344726268,0.0003011921428571429,0.00014594765306860522,1.0,0.18461538461538463
2021-08-09 00:00:00+00:00,0.4455137067859201,-0.6923076923076923,-0.5384615384615384,0.6506188212690506,0.9010102230030949,0.814523049542549,0.024982326859981148,20.03965931121553,0.6153846153846154,-0.011613716027962184,0.000302275,0.0001572664545822043,1.0,0.18461538461538463
2021-08-10 00:00:00+00:00,0.7576215035076346,-0.23076923076923073,-0.3846153846153846,0.6608437280232878,0.8464323861634852,0.8142108547705688,0.02528506154526295,20.054112493639156,0.6923076923076923,-0.012189879762613542,0.0003022750000000001,0.0001573573071659816,0.9230769230769231,0.09230769230769231
2021-08-11 00:00:00+00:00,0.7859569656872049,0.07692307692307687,-0.23076923076923073,0.6650633585446617,0.7720924983914672,0.8077451786731148,0.026196369833118526,20.054112493639156,0.7692307692307693,-0.013751288283902319,0.00031039857142857143,0.0001557377339041835,0.9230769230769231,0.07692307692307693
2021-08-12 00:00:00+00:00,0.5811890106857143,0.07692307692307687,0.23076923076923084,0.63594429892446,0.7720924983914672,0.8028964230614769,0.027585608264705484,20.085629071516358,0.7692307692307693,-0.014463950463348418,0.00034529857142857147,0.00018531871997148788,0.9230769230769231,0.06153846153846154
2021-08-13 00:00:00+00:00,0.5993103843842801,0.3846153846153846,0.07692307692307687,0.6383191813468809,0.7829937214719486,0.7997299254370039,0.02806469392275046,20.13332993133597,0.8461538461538461,-0.01515397250778816,0.00036485285714285716,0.00021181678080560402,0.9230769230769231,0.0
2021-08-14 00:00:00+00:00,0.8660905532743447,0.8461538461538463,0.6923076923076923,0.6809367007933594,0.6833861205945225,0.8099321524210865,0.02888083194822052,20.185077638262364,0.6923076923076923,-0.01555117577096582,0.000378205,0.00021366948875382129,0.7692307692307693,0.0
2021-08-15 00:00:00+00:00,0.8800786703651476,0.8461538461538463,0.8461538461538463,0.668056624720059,0.6839229362461686,0.8015201734189643,0.030805698879985376,20.232376670071172,0.6923076923076923,-0.016184582040466633,0.00041869857142857146,0.0002344012779095495,0.7692307692307693,0.0
2021-08-16 00:00:00+00:00,0.694733037823817,1.0,1.0,0.6574178516710953,0.6846492333906153,0.7926532399744365,0.03274165788197035,20.232376670071172,0.7692307692307693,-0.016879078164497963,0.00044596285714285723,0.0002610809712414813,0.6923076923076923,0.0
2021-08-17 00:00:00+00:00,0.48369811038570987,0.5384615384615385,1.0,0.6829424692534919,0.6615384919114288,0.7844474819430362,0.034729221173661416,20.29217915375006,0.9230769230769231,-0.017882055105963524,0.0005347335714285715,0.00029112265139002015,0.46153846153846156,0.0
2021-08-18 00:00:00+00:00,0.4112773811954261,0.3846153846153846,0.8461538461538463,0.7034753925139845,0.8769226193929751,0.7812393642703537,0.03440179601818982,20.346321181130577,0.9230769230769231,-0.01854349343317291,0.0005441892857142858,0.0003165514150643592,0.6153846153846154,0.0
2021-08-19 00:00:00+00:00,0.5961281112074415,0.8461538461538463,0.8461538461538463,0.6838227762371191,0.7006280266699367,0.7745738455672264,0.035065407803393574,20.362987587039683,0.7692307692307693,-0.018967755839403022,0.0005441892857142857,0.0003140263950986173,0.5384615384615384,0.0
2021-08-20 00:00:00+00:00,0.7480854066134398,1.0,1.0,0.6781195629981114,0.6824161416158782,0.7749233377762966,0.03519729775062976,20.366540274574056,0.6923076923076923,-0.019057766033305612,0.0005441892857142857,0.00031899115635968965,0.38461538461538464,0.0
2021-08-21 00:00:00+00:00,1.070335833352864,1.0,1.0,0.626903174261555,0.6833389296653258,0.6885828442740536,0.0341959290498521,20.40685221770432,0.6923076923076923,-0.01903144335152185,0.0005734192857142857,0.00034766874334659796,0.23076923076923078,0.0
2021-08-22 00:00:00+00:00,1.0897897711117244,1.0,1.0,0.6351053663341537,0.6029953133174653,0.6963883022697731,0.03300295109731746,20.447385777737097,0.7692307692307693,-0.019869931908256977,0.0006362371428571429,0.00034420993011958595,0.3076923076923077,0.0
2021-08-23 00:00:00+00:00,1.0517617827135821,1.0,1.0,0.626068357840222,0.5689808831253002,0.6819064790920322,0.0332609085393298,20.48242604484513,0.6923076923076923,-0.020473688021278857,0.0006974214285714286,0.0003400883755800242,0.3076923076923077,0.0
2021-08-24 00:00:00+00:00,1.7427185507719565,1.0,1.0,0.6252391364555436,0.45174367140449134,0.681613402430477,0.03343239383486681,20.529937096085764,0.8461538461538461,-0.020981627412095805,0.0007886392857142857,0.00035198962890063673,0.3076923076923077,0.0
2021-08-25 00:00:00+00:00,1.5366635383819496,1.0,1.0,0.6533257109195665,0.6204058876145218,0.6719355939893361,0.03324868843512936,20.553202351084387,0.8461538461538461,-0.02256883539601595,0.0008575035714285714,0.00037085975993419366,0.6153846153846154,0.03076923076923077
2021-08-26 00:00:00+00:00,1.480991917301034,1.0,1.0,0.6491318993074243,0.6204058876145218,0.6721886275755232,0.03308708579212878,20.607576350208475,0.6923076923076923,-0.02271733968705425,0.0008226035714285715,0.00034222962568758165,0.23076923076923078,0.03076923076923077
2021-08-27 00:00:00+00:00,1.2468933856297524,1.0,0.8461538461538463,0.6639287769289374,0.6270761430947033,0.6757481444422841,0.03387950262525038,20.66925162848098,0.9230769230769231,-0.023348406710276937,0.0008073442857142859,0.00032262396026123177,0.6923076923076923,0.03076923076923077
2021-08-28 00:00:00+00:00,1.8250485458833985,1.0,1.0,0.6812158304706104,0.6118887683064296,0.6905826218572941,0.03291523054406557,20.717104502362517,0.5384615384615384,-0.022949083910102697,0.000793992142857143,0.00032322350848975717,0.3076923076923077,0.03076923076923077
2021-08-29 00:00:00+00:00,1.7456886847008128,1.0,1.0,0.6824498236854128,0.6128752203777589,0.6867302135035606,0.033654512342382356,20.717104502362517,0.23076923076923078,-0.022765016475313093,0.0007808128571428572,0.0003191226163634714,0.3076923076923077,0.03076923076923077
2021-08-30 00:00:00+00:00,1.5047271131049378,1.0,1.0,0.6723259031073053,0.6165059816653016,0.6887881023525977,0.033174219694532006,20.717104502362517,0.46153846153846156,-0.022962044467428222,0.0007687400000000001,0.00030483354316014356,0.3076923076923077,0.0
2021-08-31 00:00:00+00:00,1.356280292319369,1.0,1.0,0.6777830935753915,0.6663092381833181,0.6724713992081605,0.03400919373391323,20.717104502362517,0.46153846153846156,-0.023386872347296528,0.0006889335714285714,0.0003075073897656237,0.46153846153846156,0.015384615384615385
2021-09-01 00:00:00+00:00,1.331312578771051,1.0,1.0,0.6788782479029009,0.6999653629451538,0.6657111235249604,0.03424575828667308,20.759216867212672,0.7692307692307693,-0.0231803982448488,0.0007218378571428571,0.00029584503352244105,0.38461538461538464,0.03076923076923077
2021-09-02 00:00:00+00:00,1.507558443942423,1.0,1.0,0.7153223460009933,0.7645177425126396,0.6668646239905281,0.034613229445642456,20.80373799523722,0.8461538461538461,-0.022904052118290164,0.0007691207142857144,0.00031645965211559156,0.15384615384615385,0.06153846153846154
2021-09-03 00:00:00+00:00,1.773539681863336,1.0,1.0,0.7005059588823123,0.8003776081423107,0.6633977418661657,0.03559200982346031,20.882046399668077,0.8461538461538461,-0.023704023768487292,0.0008753200000000001,0.0003446420331960072,0.07692307692307693,0.06153846153846154
2021-09-04 00:00:00+00:00,1.8135337146247983,1.0,1.0,0.6795391312793702,0.8003776081423107,0.6471394383173108,0.035457462829198524,20.91630116988529,0.9230769230769231,-0.02383994778707771,0.0009523071428571429,0.0003350055733598365,0.07692307692307693,0.06153846153846154
2021-09-05 00:00:00+00:00,1.6800128212106964,1.0,1.0,0.6771768626170085,0.7804247299166844,0.6489800491833854,0.03349050058613447,20.92762385617785,0.7692307692307693,-0.024276267196291612,0.00100503,0.00035149700829334305,0.07692307692307693,0.046153846153846156
2021-09-06 00:00:00+00:00,1.6684635302224087,1.0,1.0,0.6737463246437271,0.7635194517810534,0.6489137363462866,0.03217796962110043,20.91630116988529,0.7692307692307693,-0.024131162195488387,0.0010533571428571428,0.00037548384358100407,0.0,0.03076923076923077
2021-09-07 00:00:00+00:00,1.9211057097449407,1.0,1.0,0.6419247788587541,0.8115831006901968,0.6291781179254513,0.03318998208933656,20.909493092330038,0.7692307692307693,-0.0242322550226709,0.0010831914285714286,0.00039238710907447434,0.0,0.015384615384615385
2021-09-08 00:00:00+00:00,1.1851300664530542,1.0,0.8461538461538463,0.7798947495915524,0.9943978386464144,0.6788003554609466,0.03470550786160996,20.909493092330038,1.0,-0.02568831715898695,0.001015472857142857,0.0004270897596886993,0.9230769230769231,0.07692307692307693
2021-09-09 00:00:00+00:00,1.2106730625261846,1.0,0.8461538461538463,0.7601558827839259,1.005055200091731,0.6718469580479052,0.03496513007977595,20.909493092330038,1.0,-0.025729994216145524,0.001015472857142857,0.0004421525905089735,0.9230769230769231,0.07692307692307693
2021-09-10 00:00:00+00:00,1.4251591787642113,1.0,0.8461538461538463,0.759511836319401,0.9859944077238013,0.6701677081866968,0.03523815462635131,20.871246939356702,0.6923076923076923,-0.025807291782076747,0.0010111778571428572,0.00043687208773118266,0.9230769230769231,0.07692307692307693
2021-09-11 00:00:00+00:00,1.1589619082533984,1.0,0.8461538461538463,0.7803738495044009,0.9717374794596262,0.6743004367775922,0.03517416169501975,20.86509621404003,0.6923076923076923,-0.02531503302992355,0.0010111778571428572,0.0004340456845695673,0.9230769230769231,0.07692307692307693
2021-09-12 00:00:00+00:00,1.248032587663455,1.0,0.8461538461538463,0.7732750421221568,0.94160182488094,0.6696629329111925,0.03517541192553503,20.86509621404003,0.38461538461538464,-0.02475735547227098,0.0009838635714285715,0.0004173294322701,0.7692307692307693,0.06153846153846154
2021-09-13 00:00:00+00:00,1.285534672453715,1.0,0.8461538461538463,0.726936347580736,0.954473689351197,0.6608647326290351,0.036336302792667176,20.86509621404003,0.46153846153846156,-0.024171534484022206,0.000968672142857143,0.00040568382631790077,0.7692307692307693,0.0
2021-09-14 00:00:00+00:00,1.3422456109593548,1.0,0.8461538461538463,0.7322287400683072,0.9479608143910783,0.6621351038312444,0.03627022358418436,20.86509621404003,0.8461538461538461,-0.023128729929502267,0.0009597078571428572,0.00038360138724255135,0.8461538461538461,0.0
2021-09-15 00:00:00+00:00,1.5909296687996497,1.0,0.8461538461538463,0.7494355343288586,0.9835853668588709,0.6508993556892605,0.038092410965588144,20.86509621404003,0.46153846153846156,-0.022625068534452286,0.0009173478571428572,0.00036970695806094473,0.8461538461538461,0.0
2021-09-16 00:00:00+00:00,1.6553420489453436,1.0,0.8461538461538463,0.7464575047990589,1.0183706725643584,0.6507432839510753,0.037418019986736946,20.797587269920548,0.46153846153846156,-0.021847310550790255,0.000870065,0.0003574888981257908,0.6923076923076923,0.015384615384615385
2021-09-17 00:00:00+00:00,1.74954923409103,1.0,0.8461538461538463,0.7354408196513824,0.930080808532962,0.6534727028850115,0.035919274302157876,20.789718427625374,0.46153846153846156,-0.022796232771685077,0.0007638657142857143,0.00034256810624303484,0.6923076923076923,0.015384615384615385
2021-09-18 00:00:00+00:00,1.709225123436378,1.0,0.8461538461538463,0.744273183045188,1.0073301997871624,0.6432753511351501,0.036045864829828,20.789718427625374,0.46153846153846156,-0.023221760092485666,0.0006576485714285715,0.00033476567405889404,1.0,0.03076923076923077
2021-09-19 00:00:00+00:00,1.7343452193431912,1.0,0.8461538461538463,0.7260108705518096,1.0202733687922918,0.6364695649661284,0.03732174123183286,20.789718427625374,0.3076923076923077,-0.023239757784976334,0.0005398328571428572,0.0002992398810880871,0.8461538461538461,0.03076923076923077
2021-09-20 00:00:00+00:00,1.6257549101169584,1.0,0.8461538461538463,0.717477192483985,0.9813624833539359,0.6262920506934591,0.03607380025696312,20.789718427625374,0.15384615384615385,-0.02346348894096828,0.0004303214285714286,0.0002547656292552993,0.9230769230769231,0.046153846153846156
2021-09-21 00:00:00+00:00,1.3199208091677648,1.0,0.3846153846153846,0.8000532451643773,1.164961865366227,0.662159541607147,0.03477140896431647,20.789718427625374,0.9230769230769231,-0.023849556137667594,0.0003092692857142857,0.0002173525536388481,1.0,0.03076923076923077
2021-09-22 00:00:00+00:00,1.1748947870178021,1.0,-0.23076923076923073,0.8268436531459994,0.8524722008953325,0.6696566168875058,0.03427630451245327,20.74306220586795,0.8461538461538461,-0.02351504659863135,0.00030000000000000003,0.00015957599995525574,1.0,0.03076923076923077
2021-09-23 00:00:00+00:00,1.1595268896947983,1.0,0.5384615384615385,0.8850507805129435,0.8615533442488728,0.6894048023861714,0.03373009595058148,20.725110206729475,0.46153846153846156,-0.02199059627602651,0.00030000000000000003,0.00014639178306846196,1.0,0.015384615384615385
2021-09-24 00:00:00+00:00,1.2118257215356816,1.0,0.5384615384615385,0.8800932594317485,0.7980514918863504,0.689655270467436,0.03218456258874121,20.70968727126974,0.23076923076923078,-0.02116950506130094,0.00030000000000000003,0.00015538081490954226,1.0,0.015384615384615385
2021-09-25 00:00:00+00:00,0.8698765121831831,1.0,0.23076923076923084,0.8994244417489484,0.7981226889316374,0.6997867109009174,0.031987700957441405,20.6751755499831,0.8461538461538461,-0.02011310479632089,0.0002969164285714286,0.00016025665517669098,1.0,0.0
2021-09-26 00:00:00+00:00,0.7930494970007907,1.0,0.23076923076923084,0.8879664186975966,0.7873685877809392,0.7004674312397668,0.03130677873460705,20.603593895418918,0.23076923076923078,-0.019506205020852374,0.0002969164285714286,0.00016424003739938438,1.0,0.0
2021-09-27 00:00:00+00:00,0.8261478777370792,1.0,0.23076923076923084,0.8738928236859113,0.9893299087026596,0.7023935051517487,0.029936810134150726,20.54580037074836,0.46153846153846156,-0.018553913575169556,0.0002913721428571429,0.00017448593349694494,1.0,0.07692307692307693
2021-09-28 00:00:00+00:00,0.6114446420226135,0.8461538461538463,0.23076923076923084,0.8806258462291133,0.9248447032453692,0.7047154266276626,0.02696806716293652,20.51575829674102,0.07692307692307693,-0.017002233811884704,0.00029137214285714286,0.0001643851805791351,1.0,0.07692307692307693
2021-09-29 00:00:00+00:00,0.36796862185085044,0.5384615384615385,-0.07692307692307687,0.8868911300097505,0.9176431480294287,0.7090897902377373,0.025499547748447073,20.487218175947238,0.07692307692307693,-0.016609630078512794,0.0002880007142857143,0.0001729646913646184,1.0,0.07692307692307693
2021-09-30 00:00:00+00:00,0.38762962211228214,0.5384615384615385,0.07692307692307687,0.8881526064575591,0.8645501474043057,0.7089162169852568,0.02538312462071408,20.475128466965046,0.23076923076923078,-0.01585850408406364,0.00028571357142857145,0.00017912928196837287,1.0,0.07692307692307693
2021-10-01 00:00:00+00:00,0.4906256367584348,0.5384615384615385,0.3846153846153846,0.901962464324296,0.8672506691770979,0.7129429644685304,0.025244865438306063,20.468914366528566,0.07692307692307693,-0.014998385381912782,0.00028468928571428575,0.00020242922846307548,1.0,0.07692307692307693
2021-10-02 00:00:00+00:00,0.6323008696996549,0.8461538461538463,0.5384615384615385,0.9299567570825982,0.9135947354746325,0.7233604396873685,0.02466619838075996,20.475128466965046,0.6153846153846154,-0.014765155276046993,0.00028468928571428575,0.00022785697814750946,0.9230769230769231,0.0
2021-10-03 00:00:00+00:00,0.6376292820965809,1.0,0.5384615384615385,0.9305016570573726,0.9315647426418207,0.7242692781515999,0.02290033980071364,20.468914366528566,0.07692307692307693,-0.015076960985882959,0.00028468928571428575,0.0002520460529163377,0.9230769230769231,0.015384615384615385
2021-10-04 00:00:00+00:00,0.7136464987275479,1.0,0.8461538461538463,0.9255872878342825,0.8043341433952351,0.724453530679598,0.02272035745841958,20.340152543073252,0.15384615384615385,-0.015221091842899548,0.00028468928571428575,0.00028513467057531526,0.8461538461538461,0.015384615384615385
2021-10-05 00:00:00+00:00,0.7265994389148173,1.0,0.8461538461538463,0.9259111873853304,0.8528026809705862,0.7219296865626222,0.021833427547828587,20.31673177717108,0.23076923076923078,-0.015636908031109065,0.00028468928571428575,0.0003039518105587147,0.9230769230769231,0.046153846153846156
2021-10-06 00:00:00+00:00,0.9437328366246213,1.0,1.0,0.9333550208992769,0.9043003436679977,0.7203521517471897,0.021803270933128147,20.284715848096493,0.23076923076923078,-0.015795561307702932,0.00028468928571428575,0.0003085996962508897,0.9230769230769231,0.046153846153846156
2021-10-07 00:00:00+00:00,0.9005540204300176,1.0,1.0,0.9471853127308612,1.0953221967358693,0.7235447574846348,0.022948322946120942,20.284715848096493,0.7692307692307693,-0.015598577364445365,0.00028468928571428575,0.00033473387989749274,0.8461538461538461,0.09230769230769231
2021-10-08 00:00:00+00:00,0.7691469187843281,1.0,1.0,0.8347407406316751,1.0830702342208665,0.7182668051928018,0.022397527623061027,20.284715848096493,0.6153846153846154,-0.015139635485012959,0.00031771785714285715,0.00034222194298984477,0.7692307692307693,0.09230769230769231
2021-10-09 00:00:00+00:00,0.6616710958196336,1.0,1.0,0.8348921060788788,1.084403494852011,0.7175410307080753,0.021557439358225162,20.360511330816543,0.23076923076923078,-0.015406418992086723,0.0003645428571428571,0.000354473309661704,0.8461538461538461,0.09230769230769231
2021-10-10 00:00:00+00:00,0.5079855470866735,0.8461538461538463,1.0,0.8346254407851152,1.086323955856261,0.7196768277671749,0.021676472074798787,20.360511330816543,0.23076923076923078,-0.014622172912912124,0.0003799357142857143,0.00036403244376378594,0.7692307692307693,0.06153846153846154
2021-10-11 00:00:00+00:00,0.5328023729980683,0.8461538461538463,0.8461538461538463,0.8194294431031062,0.9858914420930861,0.7268399968409393,0.02157915465737494,20.284715848096493,0.3076923076923077,-0.015259931428988627,0.00041914785714285716,0.00037324176187304703,0.8461538461538461,0.09230769230769231
2021-10-12 00:00:00+00:00,0.509237594461355,0.8461538461538463,0.8461538461538463,0.8302967412975475,1.0909953029812471,0.7249465233139875,0.021810257091963943,20.199497212805774,0.15384615384615385,-0.01559453466980365,0.0004263828571428571,0.0003807007958957228,0.8461538461538461,0.09230769230769231
2021-10-13 00:00:00+00:00,0.4780467922704985,0.5384615384615385,0.6923076923076923,0.8300175445337702,1.1003235877733415,0.7116215737101672,0.021823695422296792,20.199497212805774,0.5384615384615384,-0.016765763167083114,0.00042975428571428575,0.0003721212851102395,0.8461538461538461,0.07692307692307693
2021-10-14 00:00:00+00:00,0.5581125568433228,0.3846153846153846,0.8461538461538463,0.8253588303520342,1.104255597322828,0.7191269459549766,0.023247138567881204,20.28090396612141,0.3076923076923077,-0.016964763493469426,0.0004320414285714286,0.0003550435942096644,0.6923076923076923,0.07692307692307693
2021-10-15 00:00:00+00:00,0.7318266662920061,0.5384615384615385,0.8461538461538463,0.8159163722187117,1.1273648194281574,0.7244479139428724,0.023342375559860854,20.24255214546472,0.3076923076923077,-0.017142371493803044,0.00044901857142857143,0.0003361852703222019,0.6923076923076923,0.09230769230769231
2021-10-16 00:00:00+00:00,0.6400445716959909,0.3846153846153846,0.8461538461538463,0.8217244108757806,1.1865673996738697,0.7302407522470904,0.02373752725844924,20.307874229532352,0.7692307692307693,-0.017646601274774187,0.0004755357142857143,0.0003230967950040494,0.6923076923076923,0.13846153846153847
2021-10-17 00:00:00+00:00,0.6556163877011493,0.23076923076923084,0.8461538461538463,0.8220975333634413,1.153850734214924,0.7283885041123447,0.02332122292886631,20.246941957885525,0.23076923076923078,-0.018562079664129094,0.0005372828571428573,0.00034561816320165137,0.6923076923076923,0.09230769230769231
2021-10-18 00:00:00+00:00,0.6600117855093915,-0.07692307692307687,0.6923076923076923,0.8127839252158526,1.182728093654946,0.7322774715328367,0.02341751474868758,20.246941957885525,0.15384615384615385,-0.019570431040703773,0.0005841242857142857,0.00037046831099141853,0.6923076923076923,0.10769230769230771
2021-10-19 00:00:00+00:00,0.7519461296501543,0.23076923076923084,0.8461538461538463,0.8140502462518088,1.182728093654946,0.729861880208646,0.023875798160303458,20.307874229532352,0.3076923076923077,-0.020259758542342965,0.0006027928571428571,0.0004000282154652987,0.6923076923076923,0.10769230769230771
2021-10-20 00:00:00+00:00,0.9774754085262,0.23076923076923084,0.8461538461538463,0.8119555819644633,1.1627588529551094,0.7273036291405117,0.023497292962672923,20.307874229532352,0.15384615384615385,-0.021481606530109,0.0006396057142857144,0.000438359463942599,0.6923076923076923,0.10769230769230771
2021-10-21 00:00:00+00:00,1.1207991584116435,0.6923076923076923,1.0,0.7196264869493845,1.056417147474477,0.7295991007788916,0.024443139244036093,20.35003793216412,0.5384615384615384,-0.02226790300049214,0.0006872028571428572,0.0004506580145777791,0.6153846153846154,0.03076923076923077
2021-10-22 00:00:00+00:00,0.8278344776241082,0.23076923076923084,1.0,0.6936107488663829,1.0959263512173827,0.730792376871946,0.02541432548657698,20.35003793216412,1.0,-0.023203310330372706,0.0007631442857142858,0.0004699087294871688,0.6153846153846154,0.046153846153846156
2021-10-23 00:00:00+00:00,0.6273925152557005,0.07692307692307687,1.0,0.6521831839848015,1.091947311425923,0.7332893550582157,0.02541649605082812,20.360511330816543,0.6153846153846154,-0.023461088178735268,0.0007538821428571429,0.000458511016281763,0.6153846153846154,0.03076923076923077
2021-10-24 00:00:00+00:00,0.7614938023127333,0.23076923076923084,1.0,0.6528969880784844,1.12773726796436,0.7236590696809129,0.02571041123492763,20.360511330816543,0.15384615384615385,-0.02345413861200596,0.0007649971428571429,0.0004647374634246525,0.5384615384615384,0.03076923076923077
2021-10-25 00:00:00+00:00,0.695981539595193,0.23076923076923084,1.0,0.6089468532138628,1.0097441222526402,0.7179054654082299,0.025874723857369185,20.35003793216412,0.3076923076923077,-0.02409146560725628,0.0007846564285714286,0.000476242771756446,0.6153846153846154,0.015384615384615385
2021-10-26 00:00:00+00:00,0.754836715640204,0.07692307692307687,1.0,0.6120218455338323,0.8687190672033874,0.7127802427409256,0.026239584126738057,20.307874229532352,0.23076923076923078,-0.024963443131835572,0.0008216535714285714,0.000497979166339995,0.5384615384615384,0.03076923076923077
2021-10-27 00:00:00+00:00,0.783199038596842,0.23076923076923084,1.0,0.6295562844937861,0.8687190672033874,0.7064814499194708,0.025621675199217726,20.307874229532352,0.38461538461538464,-0.025545637603279214,0.0009128142857142857,0.0005216207070650695,0.5384615384615384,0.015384615384615385
2021-10-28 00:00:00+00:00,0.5782040141725144,0.07692307692307687,0.23076923076923084,0.6369831911041971,1.1358033552131286,0.7200012070745786,0.025868078056698347,20.307874229532352,1.0,-0.026242140913645073,0.0009562985714285714,0.0005436064590286081,0.9230769230769231,0.12307692307692308
2021-10-29 00:00:00+00:00,0.9035263388466593,0.3846153846153846,0.5384615384615385,0.6411951142586081,1.109615355604747,0.7161561170412362,0.027474111098289705,20.307874229532352,0.6153846153846154,-0.025455024189409037,0.0009403457142857143,0.0005229456485351007,0.6153846153846154,0.12307692307692306
2021-10-30 00:00:00+00:00,0.8402142756946531,0.23076923076923084,0.5384615384615385,0.6434249311383072,1.0002350698995177,0.7206080232888442,0.027147334233890034,20.34532699876268,0.23076923076923078,-0.025596479580283382,0.0009186371428571428,0.0005155908220742122,0.6153846153846154,0.13846153846153847
2021-10-31 00:00:00+00:00,0.8119399415606142,0.23076923076923084,0.5384615384615385,0.6352116174225193,1.0200957427363566,0.7253603746532399,0.027080659691593106,20.34532699876268,0.15384615384615385,-0.02507448650699662,0.0008796514285714286,0.00048454900686605284,0.6153846153846154,0.12307692307692308
2021-11-01 00:00:00+00:00,0.7996539371601935,0.23076923076923084,0.5384615384615385,0.5610123430765216,0.9753814332303474,0.7228610302926726,0.02686651749245288,20.34532699876268,0.15384615384615385,-0.025356232377903076,0.0008499171428571429,0.0004536324473329345,0.6153846153846154,0.12307692307692308
2021-11-02 00:00:00+00:00,0.8586739273982756,0.23076923076923084,0.5384615384615385,0.5616368466918338,0.9753814332303474,0.720249022316836,0.027619191741713657,20.34532699876268,0.15384615384615385,-0.025454957447803128,0.0008658478571428571,0.0004324960615079853,0.5384615384615384,0.015384615384615363
2021-11-03 00:00:00+00:00,0.9083721415209685,0.23076923076923084,0.6923076923076923,0.5795323180405605,0.9905354319669036,0.7250589821861383,0.026570931799436658,20.346293632984345,0.23076923076923078,-0.025498819711117282,0.0008984964285714286,0.00041642131433880774,0.5384615384615384,0.015384615384615363
2021-11-04 00:00:00+00:00,0.6949623037390902,0.23076923076923084,0.8461538461538463,0.5805820708523097,1.0026918321741254,0.7230654335907141,0.027257400968022965,20.386826744767134,0.6153846153846154,-0.025803084958253675,0.0009233878571428571,0.00040395963141990493,0.5384615384615384,0.0
2021-11-05 00:00:00+00:00,0.6328313792977335,0.23076923076923084,0.5384615384615385,0.5771856277116062,1.0119618094445886,0.7242280700354734,0.026664410940990285,20.386826744767134,0.23076923076923078,-0.026249801730621136,0.0008852228571428572,0.0004016462349565193,0.6153846153846154,0.0
2021-11-06 00:00:00+00:00,0.5163608707662005,0.07692307692307687,0.5384615384615385,0.563908362200574,1.0388822639070963,0.7264298329672295,0.027729532378472633,20.386826744767134,0.23076923076923078,-0.0261242117978564,0.0008910028571428571,0.00041222949773272153,0.5384615384615384,0.0
2021-11-07 00:00:00+00:00,0.5694306280355543,0.07692307692307687,0.5384615384615385,0.5605179968919409,1.0001977578349561,0.6983005493018637,0.028355719819333474,20.386826744767134,0.07692307692307693,-0.02615277634736879,0.0008960235714285714,0.00042170625265424387,0.5384615384615384,0.0
2021-11-08 00:00:00+00:00,0.5651187511825282,-0.23076923076923073,0.5384615384615385,0.5634434495098509,1.0027021371427338,0.7030904881311303,0.02833347671414041,20.346293632984345,0.07692307692307693,-0.026045609218042276,0.000872915,0.00041930403590819055,0.5384615384615384,0.0
2021-11-09 00:00:00+00:00,0.7091982187226729,0.07692307692307687,0.8461538461538463,0.5865557009353259,1.028617273377475,0.7017729853403217,0.029186993545557444,20.386826744767134,0.5384615384615384,-0.02564881992326573,0.0009173257142857142,0.00042371962161327856,0.3076923076923077,0.015384615384615363
2021-11-10 00:00:00+00:00,1.1643853453993227,0.8461538461538463,1.0,0.5787924948885054,1.0563994716835468,0.6734483773104611,0.030775388267941163,20.386826744767134,0.6153846153846154,-0.025810866801571908,0.0008952007142857143,0.00043559351022885766,0.23076923076923078,0.015384615384615363
2021-11-11 00:00:00+00:00,1.0644472225197879,0.6923076923076923,0.6923076923076923,0.5778468102602167,0.7823185501254698,0.680094347042343,0.030418319948729438,20.386826744767134,0.9230769230769231,-0.026423742912843662,0.0009102292857142858,0.00044573711887179135,0.5384615384615384,0.046153846153846136
2021-11-12 00:00:00+00:00,1.1176583707353631,0.8461538461538463,0.8461538461538463,0.5697590421265376,0.7496006692169764,0.6888021710651953,0.030029055912735986,20.386826744767134,0.23076923076923078,-0.02618525531021615,0.0009102292857142857,0.00045600063054275746,0.46153846153846156,0.046153846153846136
2021-11-13 00:00:00+00:00,1.2702569957509922,0.8461538461538463,0.8461538461538463,0.5680108393882825,0.7519302050595171,0.6856161821618739,0.02939474048090801,20.438286986322762,0.46153846153846156,-0.026331369916261393,0.0009054207142857143,0.0004682616634579646,0.6153846153846154,0.046153846153846136
2021-11-14 00:00:00+00:00,1.226024118036033,0.8461538461538463,0.8461538461538463,0.5643790879482985,0.7404212759468534,0.6931787554919115,0.02861870486581262,20.438286986322762,0.15384615384615385,-0.025858161193048013,0.0008826592857142857,0.00048000484711684094,0.46153846153846156,0.03076923076923075
2021-11-15 00:00:00+00:00,1.1508957216591078,0.8461538461538463,0.8461538461538463,0.5444994373780948,0.7664071277901201,0.6911658270745148,0.02851399692566619,20.438286986322762,0.15384615384615385,-0.02565659925893815,0.0008655521428571429,0.0004798609676787601,0.46153846153846156,0.03076923076923075
2021-11-16 00:00:00+00:00,1.183281543901828,0.8461538461538463,0.6923076923076923,0.5492524047759011,0.7664533115666599,0.685907365434655,0.02886571485257055,20.386826744767134,0.15384615384615385,-0.025169291144272077,0.00085433,0.0004690945865606051,0.46153846153846156,0.0
2021-11-17 00:00:00+00:00,0.7640315839508403,-0.07692307692307687,0.23076923076923084,0.6051803578477648,0.7801350349509885,0.7070946118760814,0.028495988208557754,20.386826744767134,0.9230769230769231,-0.025235633987911732,0.0007921435714285714,0.00045034624182904373,0.9230769230769231,0.03076923076923075
2021-11-18 00:00:00+00:00,0.6836572392045436,-0.07692307692307687,0.23076923076923084,0.6049168944253486,0.7808294610656176,0.7086664729166317,0.02666609231882274,20.386826744767134,0.38461538461538464,-0.025293521914619532,0.0007196549999999999,0.0004172006160673573,1.0,0.03076923076923075
2021-11-19 00:00:00+00:00,0.4838292399644875,-0.07692307692307687,0.07692307692307687,0.6345324593431312,0.8039040393250447,0.7206233355858274,0.026512654921290645,20.438286986322762,0.6923076923076923,-0.025530789687212785,0.00064885,0.00038141497623671083,1.0,0.03076923076923075
2021-11-20 00:00:00+00:00,0.7305151961785354,0.23076923076923084,0.23076923076923084,0.631743223701624,0.8329149552017852,0.6908045945978604,0.026522754662222224,20.438286986322762,0.15384615384615385,-0.024816851147237973,0.0006085907142857142,0.0003619746769411222,1.0,0.046153846153846136
2021-11-21 00:00:00+00:00,0.7698260795198278,0.07692307692307687,0.23076923076923084,0.6218225721641926,0.8329149552017852,0.6812689963542998,0.026305288750727084,20.438286986322762,0.07692307692307693,-0.02456300581140758,0.0005770621428571428,0.0003343114785060536,0.8461538461538461,0.046153846153846136
2021-11-22 00:00:00+00:00,0.7695904874868431,0.3846153846153846,0.23076923076923084,0.6238687379494553,0.8369483314041402,0.6460700542520019,0.025305110832244952,20.399619560187993,0.07692307692307693,-0.02445047118197652,0.0005468435714285714,0.0003013558280588989,1.0,0.015384615384615363
2021-11-23 00:00:00+00:00,1.0276192905068033,0.6923076923076923,0.07692307692307687,0.6319963823764948,0.7457511347726562,0.652269503615016,0.024994937496243277,20.38483349154395,0.23076923076923078,-0.02466028766065048,0.00045820071428571426,0.0002648814527360304,1.0,0.015384615384615363
2021-11-24 00:00:00+00:00,1.4338798709617484,0.8461538461538463,0.07692307692307687,0.6481402098343508,0.7794696526003051,0.6375659030435945,0.024283613430706515,20.31607044122844,0.38461538461538464,-0.024174169283623148,0.000389165,0.00022839997968206218,0.8461538461538461,0.03076923076923075
2021-11-25 00:00:00+00:00,1.1280401714569117,0.3846153846153846,0.07692307692307687,0.63703736569761,0.727028219167213,0.6342805837901208,0.025432623610706435,20.298981550141903,0.15384615384615385,-0.023861700824398757,0.0003349135714285715,0.0002112744501441804,0.9230769230769231,0.046153846153846136
2021-11-26 00:00:00+00:00,1.1867310904073027,0.5384615384615385,0.23076923076923084,0.6461702300102883,0.8850952033074435,0.6372550691787596,0.02472769382061499,20.298981550141903,0.23076923076923078,-0.023585667721603087,0.00035512000000000006,0.00020725626539295632,0.8461538461538461,0.06153846153846152
2021-11-27 00:00:00+00:00,0.9753989528309017,0.3846153846153846,-0.3846153846153846,0.727914753754966,0.8958118664453797,0.6662777687887725,0.024016837630011608,20.31607044122844,0.9230769230769231,-0.023515958914390456,0.0003781328571428572,0.00018412812737378763,1.0,0.06153846153846152
2021-11-28 00:00:00+00:00,1.0401069971072627,0.3846153846153846,-0.23076923076923073,0.6938350582482635,0.8973094964072421,0.6634768108584111,0.0233220781024459,20.31607044122844,0.07692307692307693,-0.02333155224246941,0.00037813285714285717,0.00016542085706292752,0.9230769230769231,0.06153846153846152
2021-11-29 00:00:00+00:00,1.0966188892172277,0.6923076923076923,-0.23076923076923073,0.7068551886106599,0.8947517920205033,0.6642679021578997,0.022348856833359992,20.31607044122844,0.15384615384615385,-0.023078088884852466,0.00037813285714285717,0.00015494799660732106,0.9230769230769231,0.046153846153846136
2021-11-30 00:00:00+00:00,1.3040045983004374,0.8461538461538463,-0.23076923076923073,0.7099102254006185,0.9065328871347434,0.6603994111962803,0.01983359155694637,20.298981550141903,0.07692307692307693,-0.022400382190719437,0.0003547557142857143,0.0001442332501817849,0.8461538461538461,0.015384615384615363
2021-12-01 00:00:00+00:00,1.4876920259077522,0.8461538461538463,-0.07692307692307687,0.7108968291744429,0.8992036140233267,0.6354201169036261,0.019175268772854928,20.298981550141903,0.38461538461538464,-0.021741752728069497,0.0003474807142857143,0.00014059641386273778,0.8461538461538461,0.03076923076923075
2021-12-02 00:00:00+00:00,1.4274843810670603,0.8461538461538463,-0.23076923076923073,0.7109630325432564,0.8956839683502328,0.6336727169685921,0.020196745105382982,20.242633884032905,0.23076923076923078,-0.02159430808451257,0.00034748071428571434,0.00014465814955897505,0.8461538461538461,0.03076923076923075
2021-12-03 00:00:00+00:00,1.2024570351212658,0.8461538461538463,-0.23076923076923073,0.6897803685523285,0.7982699073302313,0.6235188676146637,0.02141048408657304,20.16846572086529,0.3076923076923077,-0.021169110627077825,0.00034748071428571434,0.0001414862046288597,0.7692307692307693,0.03076923076923075
2021-12-04 00:00:00+00:00,0.6526377276205519,-0.07692307692307687,-0.5384615384615384,0.7194265535448618,0.7982699073302313,0.6386883124430923,0.021411776594042774,20.242633884032905,0.6153846153846154,-0.021588385760382134,0.0003474807142857143,0.0001421886429669369,0.9230769230769231,0.046153846153846136
2021-12-05 00:00:00+00:00,0.41214269608898035,-0.3846153846153846,-0.5384615384615384,0.7395112935577541,1.0188489414874502,0.6565816317826095,0.02231498308995646,20.286585672821246,1.0,-0.02163614846894052,0.00030762285714285714,0.00018794999310216772,1.0,0.1692307692307692
2021-12-06 00:00:00+00:00,0.4188671094263793,-0.3846153846153846,-0.5384615384615384,0.7418308130298595,1.1772761506603278,0.6631658210054612,0.021979109112141328,20.242633884032905,0.23076923076923078,-0.020962664598998593,0.0003017407142857143,0.00019962203045414758,1.0,0.21538461538461537
2021-12-07 00:00:00+00:00,0.49737935221268476,-0.3846153846153846,-0.5384615384615384,0.7490213421684738,1.2176436517149005,0.6656469293461597,0.022058482660904002,20.242633884032905,0.6923076923076923,-0.019275883171671615,0.0003017407142857143,0.00020649600348824422,0.9230769230769231,0.21538461538461537
2021-12-08 00:00:00+00:00,0.3392882019867612,-0.5384615384615384,-0.5384615384615384,0.7417853691964185,1.1938174761444633,0.6629014702831986,0.022933118102263887,20.178824495070593,0.15384615384615385,-0.019245982678216145,0.000292545,0.00024756500040674695,1.0,0.21538461538461537
2021-12-09 00:00:00+00:00,0.22842287168632172,-0.5384615384615384,-0.5384615384615384,0.7145409385465031,1.1242571486768822,0.6619664207960723,0.023691957673415184,20.178824495070593,0.15384615384615385,-0.018298365057042076,0.0002882835714285714,0.0002610013935390313,0.8461538461538461,0.2
2021-12-10 00:00:00+00:00,0.01766146332981826,-0.5384615384615384,-0.6923076923076923,0.7467798104841538,1.1048544982743957,0.6672336155038207,0.024216369966700565,20.146431847041285,0.46153846153846156,-0.01842106995122278,0.00026807714285714286,0.00027361700348104296,1.0,0.0769230769230769
2021-12-11 00:00:00+00:00,-0.08292799970813025,-0.5384615384615384,-0.8461538461538461,0.747958163530759,1.1625970640345067,0.6702846198989375,0.024943366983976298,20.146431847041285,0.46153846153846156,-0.018002630765573457,0.00023718071428571432,0.00030261455284335767,1.0,0.03076923076923075
2021-12-12 00:00:00+00:00,0.04709815630381029,-0.5384615384615384,-0.6923076923076923,0.7709026601258677,1.1780274479180746,0.678786055937554,0.024943386979830402,20.146431847041285,0.15384615384615385,-0.0170415870039326,0.00023204928571428574,0.00031503939470671087,1.0,0.03076923076923075
2021-12-13 00:00:00+00:00,0.1790738810104318,-0.5384615384615384,-0.6923076923076923,0.7734079677229053,1.1433548242001137,0.6813559830127627,0.02503059051906186,20.1327610032383,0.07692307692307693,-0.01643971303100028,0.00023204928571428574,0.00032656242673267206,1.0,0.03076923076923075
2021-12-14 00:00:00+00:00,-0.24747072116634047,-0.5384615384615384,-0.8461538461538461,0.8135444299873353,1.1546651125510508,0.6995348469633597,0.02517285498741133,20.146431847041285,0.3076923076923077,-0.016346779027525127,0.00021970214285714287,0.0003394745499457446,1.0,0.03076923076923075
2021-12-15 00:00:00+00:00,-0.08350422118846071,-0.5384615384615384,-0.8461538461538461,0.821489934613283,1.1884968538271938,0.6988272373535468,0.025609769247421164,20.178824495070593,0.23076923076923078,-0.014892650256565054,0.00021137714285714284,0.00034184229074662043,1.0,0.03076923076923075
2021-12-16 00:00:00+00:00,-0.09196722741716692,-0.5384615384615384,-0.6923076923076923,0.82853428606633,1.1962905441164295,0.6972295991667725,0.026290731156627223,20.20386706208263,0.5384615384615384,-0.014152898527831748,0.00021137714285714287,0.0003419833333919554,1.0,0.015384615384615363
2021-12-17 00:00:00+00:00,-0.24797406954889628,-0.5384615384615384,-0.6923076923076923,0.7988084805661921,1.1999083387081872,0.7000012467904709,0.026161474556475613,20.178824495070593,0.0,-0.013044338609913886,0.00021137714285714287,0.00034631122945948616,1.0,0.015384615384615363
2021-12-18 00:00:00+00:00,-0.5061506700115038,-0.5384615384615384,-0.8461538461538461,0.8001080950681682,1.1868080057030532,0.7010578022017133,0.026766681021178622,20.178824495070593,0.23076923076923078,-0.012740974328744326,0.00021137714285714284,0.0003469336282941809,1.0,0.03076923076923075
2021-12-19 00:00:00+00:00,-0.40237030215516645,-0.5384615384615384,-0.6923076923076923,0.7759036101078416,0.8837493732580041,0.70368553203439,0.02688557762396463,20.142512647708273,0.0,-0.011920064784478324,0.00025112428571428576,0.0002992944640806372,1.0,0.03076923076923075
2021-12-20 00:00:00+00:00,-0.4498908012991378,-0.5384615384615384,-0.8461538461538461,0.7554162128585078,0.7780442858679589,0.6970977768102369,0.027150675219143876,20.12710824536609,0.07692307692307693,-0.011673201836362224,0.00025700642857142856,0.0002884859216128762,1.0,0.03076923076923075
2021-12-21 00:00:00+00:00,-0.39823882029341573,-0.5384615384615384,-0.6923076923076923,0.7471383827508031,0.784843241600383,0.7005276498031728,0.027292650287030408,20.11917805673682,0.23076923076923078,-0.011153140898724767,0.0002570064285714286,0.0002869269140521706,1.0,0.015384615384615363
2021-12-22 00:00:00+00:00,-0.4199434214688262,-0.5384615384615384,-0.6923076923076923,0.753210077141691,0.7909126690408919,0.7023519515556556,0.026633446844484036,20.11917805673682,0.07692307692307693,-0.01061196244528606,0.0002662021428571429,0.000249787847699218,1.0,0.015384615384615363
2021-12-23 00:00:00+00:00,-0.6257435072364492,-0.6923076923076923,-0.6923076923076923,0.7411589786626103,0.7665657650963505,0.7013758772559666,0.026032881624894706,20.11917805673682,0.15384615384615385,-0.01060867790383141,0.0002662021428571429,0.00023558133233097118,1.0,0.0
2021-12-24 00:00:00+00:00,-0.33621300164996065,-0.6923076923076923,-0.5384615384615384,0.7391808454491366,0.6934551010091323,0.7110336829759097,0.02625323422936985,20.07954862999435,0.3076923076923077,-0.009573855812127718,0.0002662021428571429,0.00024163969466519522,1.0,0.0
2021-12-25 00:00:00+00:00,-0.2860907055974298,-0.6923076923076923,-0.5384615384615384,0.7387639859434186,0.6994514214791694,0.709931410711024,0.025295184774579975,20.04262167777035,0.15384615384615385,-0.009279205054435635,0.0002740857142857143,0.0002913256023833532,1.0,0.015384615384615363
2021-12-26 00:00:00+00:00,-0.38338704234400045,-0.8461538461538461,-0.5384615384615384,0.7187631393373389,0.650279750063799,0.711943802419485,0.025028370844109048,20.01857045966713,0.0,-0.009290474221839595,0.0002792171428571429,0.0002755130718557818,1.0,0.015384615384615363
2021-12-27 00:00:00+00:00,-0.33527333315748037,-0.8461538461538461,-0.5384615384615384,0.6235760132157656,0.6521944013184008,0.6960007429664784,0.025190943793543596,19.970841792112452,0.15384615384615385,-0.010183640775123237,0.0002792171428571429,0.0002500582216116,1.0,0.015384615384615363
2021-12-28 00:00:00+00:00,-0.4766046506587214,-0.8461538461538461,-0.5384615384615384,0.6207239691758643,0.5926586148070754,0.6931536132503343,0.02443944968829808,19.970841792112452,0.23076923076923078,-0.010554025361725672,0.00029156428571428574,0.00023320417829905208,1.0,0.015384615384615363
2021-12-29 00:00:00+00:00,-0.5760155151760128,-0.8461538461538461,-0.8461538461538461,0.631949261071377,0.661839673477483,0.7061552096811652,0.02360161116665348,19.970841792112452,0.38461538461538464,-0.01144652535450802,0.00029988928571428574,0.00022565517987886203,1.0,0.015384615384615363
2021-12-30 00:00:00+00:00,-0.5478900416144187,-0.8461538461538461,-1.0,0.6318943526863583,0.5906634378075999,0.70828444017103,0.02267899757340405,19.942841112599815,0.15384615384615385,-0.011759289042143295,0.00029988928571428574,0.00022658379372675217,1.0,0.0
2021-12-31 00:00:00+00:00,-0.7255890463984722,-0.8461538461538461,-1.0,0.6340437609235474,0.5945790878320801,0.7101634353052391,0.02165275006929963,19.912169452306586,0.0,-0.011517138930285775,0.00029988928571428574,0.00023348938633753518,1.0,0.0
2022-01-01 00:00:00+00:00,-0.8873447984195199,-1.0,-1.0,0.6343230516334672,0.5535032214092817,0.7195520984549885,0.020738297109297456,19.912169452306586,0.0,-0.012185455774658016,0.00029988928571428574,0.00023266337593302492,1.0,0.0
2022-01-02 00:00:00+00:00,-0.7290022872264269,-1.0,-0.8461538461538461,0.6452461275545722,0.5591224500196021,0.7229976811337099,0.020608438754641682,19.912169452306586,0.0,-0.012010217467426976,0.00030000000000000003,0.00023495283623598334,1.0,0.0
2022-01-03 00:00:00+00:00,-0.6834431688813567,-0.8461538461538461,-0.8461538461538461,0.6146224550015417,0.5590085502499538,0.7260748990448204,0.020431816123262496,19.86508571339167,0.15384615384615385,-0.011821644324285008,0.00030000000000000003,0.0002456912912952167,1.0,0.0
2022-01-04 00:00:00+00:00,-0.7471137484462931,-1.0,-1.0,0.5880779028817587,0.5322177565456726,0.722553650665638,0.01963863337199953,19.835312386351504,0.15384615384615385,-0.013031257426578235,0.00030000000000000003,0.00024288116822591908,1.0,0.0
2022-01-05 00:00:00+00:00,-0.9581451889181833,-1.0,-1.0,0.5856865280145533,0.5963392634045849,0.7299399449016347,0.01844712510778592,19.83142833628126,0.15384615384615385,-0.013593052913559223,0.00030000000000000003,0.0002384600047153147,1.0,0.0
2022-01-06 00:00:00+00:00,-1.1547301451537764,-1.0,-1.0,0.6083253244518347,0.614575054367478,0.732951179379323,0.019793837831044346,19.844567639945524,0.38461538461538464,-0.014824499157450433,0.00030000000000000003,0.0002290325749757655,1.0,0.0
2022-01-07 00:00:00+00:00,-1.1653941436986945,-1.0,-1.0,0.6111571936255882,0.6157431996813774,0.7324423111294679,0.019770125684213716,19.844567639945524,0.3076923076923077,-0.015012511334198897,0.00029264857142857146,0.000210916962329728,1.0,0.0
2022-01-08 00:00:00+00:00,-1.2927575410861238,-1.0,-0.8461538461538461,0.6244525531038984,0.5653670086642016,0.7299891493546444,0.020456838150754983,19.86508571339167,0.5384615384615384,-0.015842727075910168,0.0002916664285714286,0.00013356492360614797,1.0,0.0
2022-01-09 00:00:00+00:00,-1.386875616268443,-1.0,-1.0,0.5869417024631756,0.5795791644555957,0.748589591151976,0.02076374143199582,19.912169452306586,0.23076923076923078,-0.016374441964479236,0.0002916664285714286,0.0001283807207562263,1.0,0.03076923076923075
2022-01-10 00:00:00+00:00,-1.4343591813056993,-1.0,-0.8461538461538461,0.5848107036515265,0.6109092063466919,0.7498180973684958,0.020905648513462615,19.912169452306586,0.07692307692307693,-0.016035962551007976,0.0002907207142857143,0.00013721703204690744,1.0,0.03076923076923075
2022-01-11 00:00:00+00:00,-1.7115980549113239,-1.0,-0.8461538461538461,0.5527734358995184,0.6219194226757384,0.7488192029000615,0.020948483689473083,19.942841112599815,0.3076923076923077,-0.01631177264843009,0.00028680785714285716,0.00015289860927604826,1.0,0.03076923076923075
2022-01-12 00:00:00+00:00,-1.5160420844680589,-1.0,-0.8461538461538461,0.5690027544685397,0.6734290541268404,0.7468979094954689,0.02150012677772144,19.94925551580447,0.3076923076923077,-0.016006770313260976,0.0002821421428571429,0.0001585209713807944,1.0,0.046153846153846136
2022-01-13 00:00:00+00:00,-1.2849091468305245,-1.0,-0.8461538461538461,0.5227616252150687,0.6734436138030749,0.7523994065829455,0.02148656733478866,19.94925551580447,0.15384615384615385,-0.015518771653739383,0.0002651057142857143,0.0002108301168074915,1.0,0.046153846153846136
2022-01-14 00:00:00+00:00,-1.438203392544376,-1.0,-1.0,0.5227214636204558,0.6998122445217997,0.753241045824418,0.02174019977234868,20.034105091606257,0.23076923076923078,-0.015516697075478869,0.0002651057142857143,0.00026277524662440507,1.0,0.015384615384615363
2022-01-15 00:00:00+00:00,-1.3367400084119752,-1.0,-1.0,0.516141959778726,0.6745860231334373,0.7597096788726266,0.022067599301680625,20.11321569435893,0.3076923076923077,-0.015389461976791918,0.0002651057142857143,0.000314050285371377,1.0,0.015384615384615363
2022-01-16 00:00:00+00:00,-1.324387184367448,-1.0,-1.0,0.5140075160529305,0.6776796347297275,0.7493266807761718,0.021274770658045502,20.11321569435893,0.15384615384615385,-0.014958414974857337,0.0002648428571428572,0.00035901989414627213,1.0,0.015384615384615363
2022-01-17 00:00:00+00:00,-1.3397801654799608,-1.0,-1.0,0.5082867336124343,0.6927873808973736,0.7465120841595497,0.021840998608055676,20.034105091606257,0.23076923076923078,-0.01500342452174841,0.00026335785714285716,0.0004025894874238146,1.0,0.0
2022-01-18 00:00:00+00:00,-1.3709670615325698,-1.0,-1.0,0.5109187936064047,0.7259205648234474,0.7252614988064444,0.023417938317863,20.034105091606257,0.38461538461538464,-0.01474419637401675,0.00026335785714285716,0.0004528200449133548,1.0,0.0
2022-01-19 00:00:00+00:00,-1.1745957755362204,-1.0,-1.0,0.5109153120586548,0.8427484029235953,0.7155582885282795,0.024192436141426767,20.063510575607744,0.38461538461538464,-0.01440870922754156,0.00026018071428571434,0.0004838979443190007,1.0,0.03076923076923075
2022-01-20 00:00:00+00:00,-1.2921350078726257,-1.0,-1.0,0.5121444880336407,0.8357126512644542,0.7144893978913759,0.025053132037432944,20.07977584085197,0.3076923076923077,-0.014952258737471802,0.00025410357142857144,0.0005209480375927296,1.0,0.046153846153846136
2022-01-21 00:00:00+00:00,-1.1747165530793005,-1.0,-1.0,0.499888833973173,0.8566611535923931,0.7217985304601978,0.025247860427749465,20.07977584085197,0.38461538461538464,-0.014783532163424318,0.000261455,0.0005312151796737579,1.0,0.046153846153846136
2022-01-22 00:00:00+00:00,-1.6923370157107644,-1.0,-1.0,0.6633447149327055,0.8121668839241589,0.7456841443886574,0.025427881825902793,20.11673443233561,1.0,-0.015371396210378141,0.00024100857142857145,0.0005471014408773711,1.0,0.046153846153846136
2022-01-23 00:00:00+00:00,-1.9569693908832893,-1.0,-1.0,0.6499901816226752,0.8036848570024194,0.7494663949405059,0.026136315272291134,20.135857688598406,1.0,-0.015143027952005395,0.00021511357142857144,0.0005741974599420723,1.0,0.06153846153846152
2022-01-24 00:00:00+00:00,-1.6966333193418077,-1.0,-1.0,0.6800140218288012,0.8739788049899059,0.7632507518729899,0.02534147521145415,20.135857688598406,0.38461538461538464,-0.013968497872635766,0.00019830571428571428,0.0005791669329074347,1.0,0.03076923076923075
2022-01-25 00:00:00+00:00,-1.615029759527254,-1.0,-1.0,0.6777400727416033,0.8365307962825996,0.7634298562108919,0.025850969165912473,20.15161771720578,0.9230769230769231,-0.0132469671189277,0.00018774428571428572,0.0005669549163994708,1.0,0.06153846153846152
2022-01-26 00:00:00+00:00,-1.7539638569310683,-1.0,-1.0,0.6803832614366088,0.8606218157606947,0.7489527121206457,0.024727388125689274,20.135857688598406,0.3076923076923077,-0.011705906625078977,0.0001717214285714286,0.0005714426585738718,1.0,0.06153846153846152
2022-01-27 00:00:00+00:00,-1.7170141403679717,-1.0,-1.0,0.6809062060828679,0.9327856960426364,0.74763445610872,0.02458489150334405,20.135857688598406,0.46153846153846156,-0.011093036562915881,0.00016350142857142862,0.0005337708857462637,1.0,0.06153846153846152
2022-01-28 00:00:00+00:00,-1.9168289582802271,-1.0,-1.0,0.6570462221950605,0.9327856960426364,0.7446094113324202,0.024081039475176206,20.11673443233561,0.38461538461538464,-0.010467914224034036,0.00012766357142857143,0.0004913499706323218,1.0,0.046153846153846136
2022-01-29 00:00:00+00:00,-1.5150963904828272,-1.0,-1.0,0.6690146756419872,0.976840052694518,0.7430928659913493,0.02390693948562287,20.10633231690435,0.15384615384615385,-0.009631878839754027,0.00010781571428571429,0.0004562513364861404,1.0,0.06153846153846152
2022-01-30 00:00:00+00:00,-1.5100430581469944,-1.0,-1.0,0.6685436022705583,0.9791562614487913,0.7446083625375878,0.023450588509224955,20.10633231690435,0.0,-0.009438004193650262,9.710071428571429e-05,0.00041773155473349597,1.0,0.015384615384615363
2022-01-31 00:00:00+00:00,-1.7326243225493787,-1.0,-1.0,0.6686470993536404,1.0234032488342115,0.7449137708172835,0.02419388007363554,20.073345948798703,0.07692307692307693,-0.009338660157239942,9.248714285714289e-05,0.00037811028145561974,1.0,0.046153846153846136
2022-02-01 00:00:00+00:00,-1.7232108831039223,-1.0,-1.0,0.665969169997306,1.0497964336131311,0.7469475167730091,0.02389498981009076,20.034897643759535,0.07692307692307693,-0.009094917685689652,4.789285714285715e-05,0.00035369798772489725,1.0,0.0769230769230769
2022-02-02 00:00:00+00:00,-1.6860632286409398,-1.0,-1.0,0.6731920154135541,0.9335246799092921,0.7409893126658151,0.02407607615680029,20.01863237851531,0.15384615384615385,-0.009513933113355744,2.188214285714286e-05,0.0003413685197181993,1.0,0.0769230769230769
2022-02-03 00:00:00+00:00,-1.8225761655111075,-1.0,-1.0,0.6835957047938539,0.8897751922130163,0.7378721325568542,0.023362663044219363,20.013344125421483,0.3076923076923077,-0.008960043977430387,1.3422142857142861e-05,0.00030968198714115025,1.0,0.06153846153846152
2022-02-04 00:00:00+00:00,-1.7360815475664455,-1.0,-1.0,0.6862000550891272,0.8037275617991918,0.7408713352054342,0.022744582005734246,19.960614122205445,0.07692307692307693,-0.008664345050611977,-2.4703571428571426e-05,0.00030951314046032385,1.0,0.06153846153846152
2022-02-05 00:00:00+00:00,-1.0424558770622183,-1.0,-1.0,0.7708920486578769,0.9789219786447231,0.7530610858822643,0.02292514957293128,19.960614122205445,0.38461538461538464,-0.007794119679628175,-2.9052857142857138e-05,0.00029597757830468095,1.0,0.10769230769230767
2022-02-06 00:00:00+00:00,-0.8599038193664862,-1.0,-1.0,0.7677474743888304,0.931520660313769,0.7551920798032113,0.02238557064783055,19.948500224725848,0.3076923076923077,-0.007340486341309405,-7.253571428571427e-06,0.000281191176913715,1.0,0.0769230769230769
2022-02-07 00:00:00+00:00,-0.835327156464637,-1.0,-1.0,0.7521291370353677,0.9322756832020372,0.7620861963435592,0.020315413746137902,19.868432425313753,0.0,-0.00661346705882887,8.174285714285718e-06,0.0002794255302048603,1.0,0.0769230769230769
2022-02-08 00:00:00+00:00,-0.8241859557807029,-0.8461538461538461,-1.0,0.757283615263007,0.8325311084896184,0.7507232956195065,0.021143390807214623,19.868432425313753,0.6923076923076923,-0.006186182842297661,7.588571428571433e-06,0.0002823633090047144,1.0,0.0769230769230769
2022-02-09 00:00:00+00:00,-0.8188730068784139,-0.8461538461538461,-1.0,0.7560791274373546,0.8509304732247346,0.7466971518458129,0.021298177171665343,19.868432425313753,0.7692307692307693,-0.006097315143245907,2.2647857142857148e-05,0.00028245698923836396,1.0,0.09230769230769229
2022-02-10 00:00:00+00:00,-0.7808366376474635,-0.8461538461538461,-1.0,0.7589014648371115,0.9723829058526882,0.7436123566400814,0.021331880102420608,19.82218322226742,0.23076923076923078,-0.0063313629960861095,3.8247857142857154e-05,0.00027308280220324536,1.0,0.03076923076923075
2022-02-11 00:00:00+00:00,-0.6835035177947371,-1.0,-1.0,0.7608037782871275,0.9809133864625701,0.7474868541196162,0.021279957516217148,19.82218322226742,0.9230769230769231,-0.006059248194955624,6.474357142857144e-05,0.00026601906411501016,1.0,0.03076923076923075
2022-02-12 00:00:00+00:00,-0.7060326850927235,-1.0,-1.0,0.7606542721369257,0.9702224734231186,0.7369786101359219,0.020624398819669883,19.82218322226742,0.46153846153846156,-0.0069687617767941745,6.672928571428572e-05,0.00025449316563605295,1.0,0.09230769230769229
2022-02-13 00:00:00+00:00,-0.9051407879622794,-1.0,-1.0,0.751725567721124,0.9673934937422369,0.7428270856083541,0.021124649667735175,19.786438292181007,0.07692307692307693,-0.007466353579969165,6.260142857142857e-05,0.0002646134452286561,1.0,0.09230769230769229
2022-02-14 00:00:00+00:00,-0.98517891937228,-1.0,-1.0,0.7494298904498389,0.9023634411874586,0.7461658148901691,0.020816848003029763,19.75590986001328,0.23076923076923078,-0.007555279512297841,4.562000000000001e-05,0.00026329079719377113,1.0,0.0769230769230769
2022-02-15 00:00:00+00:00,-0.6624781809557297,-0.8461538461538461,-1.0,0.7519868092014961,0.9023662651159184,0.7441345918798774,0.02063842981899406,19.724770219086857,0.3076923076923077,-0.007709642800761363,6.878571428571429e-05,0.00024300530850470008,1.0,0.0769230769230769
2022-02-16 00:00:00+00:00,-0.5066169540170784,-0.8461538461538461,-1.0,0.7874875304167698,0.9028892588429872,0.7547742737199602,0.020789154038033823,19.70901146059513,0.15384615384615385,-0.00778685883732344,7.6545e-05,0.0002329808497232774,1.0,0.0769230769230769
2022-02-17 00:00:00+00:00,-0.6710747048922109,-0.8461538461538461,-1.0,0.7820829603497379,0.9116156946265381,0.7527549944317924,0.020404972349016438,19.684503662733587,0.07692307692307693,-0.008507020461163417,9.108214285714286e-05,0.00023020095803976288,1.0,0.015384615384615363
2022-02-18 00:00:00+00:00,-0.8550178896648329,-1.0,-1.0,0.8286938779663837,0.9035444337983629,0.7643514678166617,0.020065117035910678,19.684503662733587,0.23076923076923078,-0.009803707570342546,0.00012503285714285714,0.00022033675012785373,1.0,0.03076923076923075
2022-02-19 00:00:00+00:00,-0.8534523717009229,-1.0,-1.0,0.8306050028479187,0.8200032470515349,0.7651611078445532,0.02019600442485877,19.684503662733587,0.3076923076923077,-0.009943291848262703,0.00012256500000000002,0.00023074269454843396,1.0,0.03076923076923075
2022-02-20 00:00:00+00:00,-0.9282922764531002,-1.0,-1.0,0.8263370604639347,0.8200032470515349,0.7638914042675272,0.01924094478400516,19.684503662733587,0.07692307692307693,-0.00963284307429052,0.00011301500000000001,0.00022901303699896986,1.0,0.015384615384615363
2022-02-21 00:00:00+00:00,-1.065288914836041,-1.0,-1.0,0.6996358771129071,0.8210594756626258,0.7674762456442626,0.018645956472211973,19.66883473988168,0.38461538461538464,-0.009958951753455458,9.771857142857144e-05,0.00023893565806717556,1.0,0.015384615384615363
2022-02-22 00:00:00+00:00,-1.1821360989541723,-1.0,-1.0,0.6831311644129088,0.9024997654450411,0.7649509734831075,0.018376188000067944,19.66883473988168,0.8461538461538461,-0.010040250985205112,8.8165e-05,0.00024090333200066879,1.0,0.12307692307692304
2022-02-23 00:00:00+00:00,-1.18234529117901,-1.0,-1.0,0.6749491448749163,0.8414312755689441,0.770556567562467,0.018036216730183133,19.66883473988168,0.5384615384615384,-0.009367579837557483,5.1127142857142864e-05,0.00025351412925410263,1.0,0.10769230769230768
2022-02-24 00:00:00+00:00,-1.2380561257015181,-1.0,-1.0,0.678654896514823,0.8236924553609406,0.7716983633768997,0.017944087104073102,19.700262421225318,0.46153846153846156,-0.009359188537001906,2.3295e-05,0.0002553485026076005,1.0,0.10769230769230767
2022-02-25 00:00:00+00:00,-1.3255607267707064,-1.0,-1.0,0.6807618274327304,0.8949223051696161,0.7709022494714988,0.018449148753326986,19.725156410800118,1.0,-0.009543974941931821,-7.565714285714281e-06,0.00028113094216304673,1.0,0.15384615384615383
2022-02-26 00:00:00+00:00,-1.1241360803715432,-1.0,-1.0,0.6961001804013917,0.9028867923586147,0.7721472316627961,0.019104192029696692,19.71399189821191,0.5384615384615384,-0.009153589098961246,-1.4612857142857139e-05,0.0002947808215081902,1.0,0.18461538461538457
2022-02-27 00:00:00+00:00,-1.1285843272309086,-1.0,-1.0,0.6957763989084741,0.8170608208097125,0.7618280516985162,0.019413158350106274,19.71399189821191,0.1111111111111111,-0.008788149060580452,-1.9022857142857137e-05,0.0002971917130297094,1.0,0.07692307692307693
2022-02-28 00:00:00+00:00,-1.2839650891568428,-1.0,-1.0,0.7104785273718187,0.8157849905457931,0.762631117517208,0.017860633004873328,19.71399189821191,0.5555555555555556,-0.008874137260599269,-1.6813571428571426e-05,0.00030292425228120844,1.0,0.07692307692307693
2022-03-01 00:00:00+00:00,-0.7700569291852594,-1.0,-1.0,0.8278949114764873,0.9793800295585833,0.7702433684905216,0.017405451174419072,19.71399189821191,0.6666666666666666,-0.008183846410858842,-1.8280714285714284e-05,0.00031630878960905214,1.0,0.14358974358974358
2022-03-02 00:00:00+00:00,-0.500428595882956,-1.0,-1.0,0.8301828041377517,0.991226466121513,0.7695075011185024,0.01761476548931199,19.770956777007527,0.6923076923076923,-0.00815391295911816,3.147857142857147e-06,0.00031506523830122755,1.0,0.14188034188034188
2022-03-03 00:00:00+00:00,-0.4281306343617965,-1.0,-1.0,0.8290593486790689,1.0017422103032592,0.7663358301142362,0.01728914319688011,19.770956777007527,0.23076923076923078,-0.00860350850481345,-2.7014285714285687e-06,0.0003192110151265338,1.0,0.11111111111111112
2022-03-04 00:00:00+00:00,-0.6018665518194163,-1.0,-1.0,0.8380150152610875,0.9971770203536812,0.7671646850832686,0.017071119174763845,19.71399189821191,0.15384615384615385,-0.008121209680758412,1.473571428571436e-06,0.0003289887413120951,1.0,0.11111111111111112
2022-03-05 00:00:00+00:00,-0.7909609669360357,-1.0,-1.0,0.8715792387446778,1.1078619710285678,0.7768152118216707,0.016657445297054336,19.74874774568061,0.3076923076923077,-0.008881486459324628,1.553285714285715e-05,0.00034276337480274195,1.0,0.11111111111111112
2022-03-06 00:00:00+00:00,-0.8451495113746196,-1.0,-1.0,0.8719697912471029,1.1296802198620097,0.7786384364764947,0.016519104338617814,19.74874774568061,0.15384615384615385,-0.008668408418702811,8.256428571428576e-06,0.0003651066916861495,1.0,0.04444444444444444
2022-03-07 00:00:00+00:00,-0.9615938745746307,-1.0,-1.0,0.791199751817915,1.1307680079581266,0.7855398981266707,0.016359805960865604,19.74874774568061,0.0,-0.009170063597453204,1.960714285714292e-06,0.00036498592343576537,1.0,0.0
2022-03-08 00:00:00+00:00,-0.9629220442812246,-1.0,-1.0,0.792378533003865,0.9654375656067561,0.7866052672043591,0.016284581665865598,19.770956777007527,0.3076923076923077,-0.009953263459999584,-7.756428571428564e-06,0.0003775812057713362,1.0,0.0
2022-03-09 00:00:00+00:00,-0.8634731857637677,-1.0,-1.0,0.7957461557228356,1.030817477432861,0.7879071937147509,0.016440371994259635,19.770956777007527,0.23076923076923078,-0.009278429948738676,1.275500000000001e-05,0.00037118792773117377,1.0,0.0
2022-03-10 00:00:00+00:00,-0.45600782159383374,-1.0,-1.0,0.8270404746246394,1.015139814343185,0.793309458539807,0.016841978526143574,19.74874774568061,0.46153846153846156,-0.007833821489571846,3.951357142857143e-05,0.0003736209221959571,1.0,0.04444444444444444
2022-03-11 00:00:00+00:00,-0.5449658976818631,-1.0,-1.0,0.8456933575686304,1.1713920622572223,0.7976107181573104,0.01663844859958564,19.74874774568061,0.23076923076923078,-0.008213533703686438,6.017357142857144e-05,0.00036145808203752016,1.0,0.04444444444444444
2022-03-12 00:00:00+00:00,-0.45424151913568217,-0.8461538461538461,-1.0,0.8405606420760744,0.8832621614063086,0.7948364185498112,0.017503656438608173,19.74874774568061,0.3076923076923077,-0.008189879505197506,6.506785714285714e-05,0.00035579083023761806,1.0,0.04444444444444444
2022-03-13 00:00:00+00:00,-0.3920392483618083,-0.8461538461538461,-1.0,0.8336349470855442,0.8693570532392876,0.7978296063756398,0.017238689544449435,19.74874774568061,0.07692307692307693,-0.008211287953457824,7.262785714285715e-05,0.0003432125655876855,1.0,0.04444444444444444
2022-03-14 00:00:00+00:00,-0.507027156499942,-0.8461538461538461,-1.0,0.8286039154288575,0.9009565943316985,0.7946293534804147,0.016753090650801133,19.69623218645552,0.07692307692307693,-0.008668421363895895,7.544285714285714e-05,0.00032839538422626104,1.0,0.04444444444444444
2022-03-15 00:00:00+00:00,-0.3470671259067658,-0.8461538461538461,-1.0,0.8425940678395769,0.7959457140647408,0.8014085610379428,0.016865383968337682,19.6528926470853,0.23076923076923078,-0.009242898606735384,8.1135e-05,0.0003188049976267505,1.0,0.0
2022-03-16 00:00:00+00:00,-0.4561875484201147,-1.0,-1.0,0.842307134342822,0.6894751562299739,0.8025604601743834,0.017015188533940052,19.640577911524346,0.07692307692307693,-0.009569013999316589,6.520714285714286e-05,0.0003268827772329166,1.0,0.0
2022-03-17 00:00:00+00:00,-0.39793365661154917,-1.0,-1.0,0.8612958114913648,0.660303585961503,0.8053582639694197,0.016587824326663746,19.640577911524346,0.38461538461538464,-0.009832089336479666,6.709e-05,0.00032564313062087205,1.0,0.0
2022-03-18 00:00:00+00:00,-0.27877673658367913,-0.8461538461538461,-1.0,0.8279547021583564,0.729082207496202,0.8101819757126684,0.015535352012900659,19.60405189319482,0.0,-0.010226532249139442,6.709e-05,0.00030857497883706814,1.0,0.0
2022-03-19 00:00:00+00:00,-0.22695976923216946,-0.8461538461538461,-1.0,0.8356528018416887,0.743957388249405,0.8292318847627211,0.015223798157659913,19.570931885511502,0.15384615384615385,-0.010875592444167304,8.127642857142858e-05,0.00027878986946023335,1.0,0.0
2022-03-20 00:00:00+00:00,-0.21427478273287398,-0.8461538461538461,-1.0,0.7889794493230176,0.7463614134371656,0.831802383827586,0.015575874414705504,19.554674729811317,0.0,-0.01106389506052502,0.00010219857142857143,0.00025175662763609756,1.0,0.0
2022-03-21 00:00:00+00:00,-0.304011576410707,-0.8461538461538461,-1.0,0.7890577586897298,0.7880465729011992,0.833881632761736,0.01534974306285577,19.53331443254846,0.07692307692307693,-0.012199100555587095,0.00012611642857142857,0.00023395212555403394,1.0,0.0
2022-03-22 00:00:00+00:00,-0.20467434179869326,-0.8461538461538461,-1.0,0.7889883855229994,0.7176778023494449,0.8298567750000052,0.015350653868701877,19.5047383928108,0.23076923076923078,-0.011751744480472393,0.0001538457142857143,0.00022117066263863694,1.0,0.0
2022-03-23 00:00:00+00:00,-0.09457378457359145,-0.6923076923076923,-0.5555555555555556,0.7748582004692567,0.6158777704768611,0.7999021517170731,0.01629701521761045,19.5047383928108,0.46153846153846156,-0.010854803259764512,0.0001760014285714286,0.00020700840223808305,1.0,0.0
2022-03-24 00:00:00+00:00,0.02011496676974,-0.6923076923076923,-0.33333333333333337,0.7671878390609087,0.5771539479133716,0.7790896504365081,0.017530862011465635,19.5047383928108,0.5384615384615384,-0.010643707315402207,0.0001845985714285714,0.00020385049811644235,0.9230769230769231,0.04444444444444444
2022-03-25 00:00:00+00:00,0.17447407695813816,-0.3846153846153846,-0.11111111111111116,0.7654992415427848,0.5906441003307934,0.7761988984289288,0.017617596786008716,19.5047383928108,0.6153846153846154,-0.010090962746989784,0.00019930500000000002,0.00018996868528507426,0.9230769230769231,0.04444444444444444
2022-03-26 00:00:00+00:00,0.6453856039637706,0.3846153846153846,-0.33333333333333337,0.7583420984400918,0.876908771889179,0.7748666718885406,0.01774885444251887,19.5047383928108,0.5384615384615384,-0.010967821230403518,0.00021932,0.00018368220543730772,1.0,0.11111111111111112
2022-03-27 00:00:00+00:00,0.8600325609184575,0.8461538461538463,-0.11111111111111116,0.7572409576465593,0.8771597890435107,0.7761343993701445,0.01796454948206278,19.488815093522177,0.07692307692307693,-0.010546196799788354,0.00023127571428571431,0.00017826678574143397,1.0,0.11111111111111112
2022-03-28 00:00:00+00:00,0.8799350070141675,1.0,0.5555555555555556,0.7610725490334241,0.8269200913122794,0.7806547659729022,0.0178010092136952,19.488815093522177,0.46153846153846156,-0.009942721693807333,0.0002483092857142857,0.0001815716271664243,0.8461538461538461,0.11111111111111112
2022-03-29 00:00:00+00:00,0.9615417063326979,1.0,0.5555555555555556,0.760920923315642,0.84856309890636,0.7785103913925474,0.018334602701150178,19.488815093522177,0.8461538461538461,-0.01065413350983102,0.00026551285714285715,0.00017654144387528652,0.8461538461538461,0.06666666666666667
2022-03-30 00:00:00+00:00,0.978356316031243,1.0,0.5555555555555556,0.7349575933919986,0.84856309890636,0.7798197124274857,0.01802735737987029,19.5047383928108,0.6153846153846154,-0.011633703804085127,0.00028144071428571433,0.00016906210194531047,0.8461538461538461,0.06666666666666667
2022-03-31 00:00:00+00:00,0.9616122504910165,1.0,0.5555555555555556,0.6083054447730573,0.848981267815139,0.7757666946524577,0.01864918354476207,19.538388878461873,0.6153846153846154,-0.011582734768846858,0.0002854071428571429,0.00016313743742076182,0.6923076923076923,0.0
2022-04-01 00:00:00+00:00,0.85665540370763,0.8461538461538463,0.33333333333333326,0.6167083377030561,0.7686753529554786,0.7805652561218441,0.018323303503958336,19.538388878461873,1.0,-0.012605778906336185,0.0002854071428571429,0.00016364305260339337,0.7692307692307693,0.0
2022-04-02 00:00:00+00:00,0.8631107624419372,1.0,0.5555555555555556,0.6247692943327033,0.8244767106086395,0.7841360135081344,0.01879432907217527,19.645657416617404,0.7777777777777778,-0.012907155104217138,0.0002854071428571429,0.000164417951059254,0.7777777777777778,0.04444444444444444
2022-04-03 00:00:00+00:00,0.7831718573518796,0.7777777777777777,0.5555555555555556,0.6092509105307391,0.8244767106086396,0.7872548792002011,0.018858552753393248,19.723554162149455,0.4444444444444444,-0.013281828997131928,0.0002854071428571429,0.00015821318412624345,0.7777777777777778,0.04444444444444444
2022-04-04 00:00:00+00:00,0.8542332773101482,1.0,1.0,0.5291147439515739,0.8096346103195124,0.7820940383152306,0.018917605671080587,19.723554162149455,0.23076923076923078,-0.013643258062250307,0.0002854071428571429,0.00015364940331156235,0.6923076923076923,0.04444444444444444
2022-04-05 00:00:00+00:00,0.7825401381327579,1.0,0.7777777777777777,0.5293522726795225,0.8679691745992042,0.7788700585198451,0.01935757073227275,19.761005627729645,0.6153846153846154,-0.014418067321106509,0.0002920085714285714,0.00014520832212063943,0.5384615384615384,0.06666666666666667
2022-04-06 00:00:00+00:00,0.6108176494569966,0.8461538461538463,0.7777777777777777,0.5237727383897784,0.8967789877237321,0.740374432292822,0.02117335182102079,19.74349962299039,0.3076923076923077,-0.015484352647164024,0.00029200857142857147,0.00014352915124830746,0.46153846153846156,0.06666666666666667
2022-04-07 00:00:00+00:00,0.5405078058723164,0.8461538461538463,-0.11111111111111116,0.5721091581370897,0.8934570292936513,0.7629126313040131,0.022394695174740138,19.770114549461745,0.9230769230769231,-0.016440086709416213,0.00029363357142857147,0.00014291613215273245,0.9230769230769231,0.11111111111111112
2022-04-08 00:00:00+00:00,0.5526392452649355,0.8461538461538463,0.33333333333333326,0.5677906927604228,0.9093539867105578,0.7632072745553821,0.022388239446962936,19.770114549461745,0.3076923076923077,-0.016286581289337576,0.00028989928571428576,0.00014443997827627016,0.8461538461538461,0.11111111111111112
2022-04-09 00:00:00+00:00,0.14218977928967141,-0.23076923076923073,-0.11111111111111116,0.5264985138626717,0.928236894820372,0.7668524412285223,0.02212711482963615,19.770114549461745,0.3076923076923077,-0.01678175634187795,0.0002859064285714286,0.00014309703954413252,0.9230769230769231,0.13333333333333333
2022-04-10 00:00:00+00:00,0.19608530202816757,-0.23076923076923073,-0.11111111111111116,0.48700527780659636,0.9343849964280226,0.7736246863514198,0.021715912543237143,19.770114549461745,0.0,-0.015841356047819777,0.0002821064285714286,0.0001461928064060466,0.8461538461538461,0.11111111111111112
2022-04-11 00:00:00+00:00,0.07348053634418898,-0.6923076923076923,-0.11111111111111116,0.4854526521322359,0.9003081796247059,0.7739807051648859,0.02142110740926203,19.770114549461745,0.07692307692307693,-0.016105542255544614,0.00028025714285714285,0.00014071181390779981,0.9230769230769231,0.11111111111111112
2022-04-12 00:00:00+00:00,-0.2705860507772316,-1.0,-0.7777777777777778,0.5487522908307157,0.9921848427259813,0.7880080344444905,0.02075263537007272,19.770114549461745,0.8461538461538461,-0.017307765689123067,0.00027328785714285717,0.00014294374166505102,1.0,0.06666666666666667
2022-04-13 00:00:00+00:00,-0.21323084163969142,-0.8461538461538461,-0.5555555555555556,0.541427538482407,0.9921848427259813,0.7836193568454362,0.019237602864695797,19.770114549461745,0.3076923076923077,-0.016932200914820783,0.00024764642857142864,0.00015115838122500754,1.0,0.06666666666666667
2022-04-14 00:00:00+00:00,-0.1987018117416154,-0.8461538461538461,-0.33333333333333337,0.5334148336665775,1.0064636226480863,0.7858377920705368,0.01961645635102598,19.772484272275122,0.46153846153846156,-0.016206583507890393,0.00022723500000000003,0.00016576693972792517,1.0,0.04444444444444444
2022-04-15 00:00:00+00:00,-0.1768668628169435,-0.8461538461538461,-0.11111111111111116,0.5467321805756582,0.9917369530482089,0.7855390797144152,0.019837847968253542,19.772484272275122,0.3076923076923077,-0.01607609367644225,0.00021672000000000003,0.0001787625835955922,1.0,0.04444444444444444
2022-04-16 00:00:00+00:00,-0.011126036532654345,0.07692307692307687,0.11111111111111116,0.5184568247065907,0.8997836829964244,0.785261733821756,0.020068580920432906,19.772484272275122,0.3076923076923077,-0.01589233894952813,0.00020531285714285715,0.00018267085704670212,1.0,0.04444444444444444
2022-04-17 00:00:00+00:00,0.004665372364401535,-0.23076923076923073,0.11111111111111116,0.51834631629751,0.8997883349411988,0.7753639257722399,0.020525634485242993,19.772484272275122,0.3076923076923077,-0.016221121385385118,0.0001935964285714286,0.0001898985194857122,1.0,0.0
2022-04-18 00:00:00+00:00,-0.0331969177197736,-0.3846153846153846,-0.33333333333333337,0.5111351258872602,0.9876606771234134,0.7765067220234585,0.020097681614097508,19.732663083881558,0.3076923076923077,-0.016240625608983983,0.00018685214285714286,0.0001931898260971859,1.0,0.02222222222222222
2022-04-19 00:00:00+00:00,0.00013156852467971567,-0.23076923076923073,0.11111111111111116,0.5185014502792181,0.9644753824543303,0.7639301915068362,0.019732341163485625,19.732663083881558,0.6153846153846154,-0.01588996511471502,0.00015838285714285717,0.0002021368533258665,0.9230769230769231,0.02222222222222222
2022-04-20 00:00:00+00:00,-0.17393633443297796,-0.6923076923076923,0.33333333333333326,0.5122510949859198,0.9217207557762038,0.7649354552623271,0.019546496006951276,19.707891950151215,0.3076923076923077,-0.015404317631020958,0.000156455,0.0002035893855144119,0.8461538461538461,0.02222222222222222
2022-04-21 00:00:00+00:00,-0.1336796961500654,-0.6923076923076923,0.33333333333333326,0.5129101099358804,0.6765556035814744,0.7639811070880027,0.019286330452369348,19.707891950151215,0.3076923076923077,-0.014730089838839888,0.00015696285714285714,0.00019739285646480325,0.8461538461538461,0.02222222222222222
2022-04-22 00:00:00+00:00,0.05514734864051983,0.07692307692307687,-0.5555555555555556,0.5105358022627381,0.6890570377576325,0.7347925894947375,0.020768024432572557,19.707891950151215,0.5384615384615384,-0.014878822682811876,0.00016553357142857144,0.00019234226638149206,0.9230769230769231,0.04444444444444444
2022-04-23 00:00:00+00:00,0.1041715933744504,0.07692307692307687,-0.33333333333333337,0.5081096477147888,0.6826602662750519,0.7226555059927195,0.02105302259906573,19.672551229200785,0.23076923076923078,-0.01407350116727224,0.0001501157142857143,0.0001949075138455644,0.8461538461538461,0.02222222222222222
2022-04-24 00:00:00+00:00,0.08010140147528513,0.07692307692307687,-0.5555555555555556,0.4994104643205311,0.6957193221611385,0.7175620514556676,0.021155155871516416,19.672551229200785,0.15384615384615385,-0.014254017888402692,0.0001504235714285714,0.0001991432872103207,0.9230769230769231,0.02222222222222222
2022-04-25 00:00:00+00:00,0.2552063982723443,0.23076923076923084,-0.7777777777777778,0.49909976788245336,0.7212256653949946,0.7150590198511148,0.02065276975825036,19.63915713940841,0.07692307692307693,-0.013797151780460037,0.00014443714285714286,0.00020729203405894553,1.0,0.02222222222222222
2022-04-26 00:00:00+00:00,0.4663235793788655,0.6923076923076923,-0.11111111111111116,0.5083566105988254,0.4814560723967824,0.7097257337172939,0.020502794922025218,19.63915713940841,0.9230769230769231,-0.01327937108908639,0.000130975,0.00021012173080479766,0.9230769230769231,0.02222222222222222
2022-04-27 00:00:00+00:00,0.1112162603680378,0.07692307692307687,-0.7777777777777778,0.5168012535455938,0.6312121028765109,0.7303659848085396,0.019963829199887827,19.63915713940841,0.7692307692307693,-0.012653787617696366,0.000153895,0.00020094771148345073,1.0,0.02222222222222222
2022-04-28 00:00:00+00:00,0.3048474806153541,0.3846153846153846,-0.7777777777777778,0.5282481349645248,0.66387722569308,0.7328902746349308,0.019769389341480658,19.633589101381467,0.38461538461538464,-0.012336469584955878,0.00014771071428571427,0.00019707374351400557,1.0,0.02222222222222222
2022-04-29 00:00:00+00:00,0.29424123393458584,0.3846153846153846,-0.33333333333333337,0.5291636174346623,0.6629585408170067,0.7294926684220783,0.019769198538687062,19.633589101381467,0.5384615384615384,-0.011536035708804682,0.00014862642857142857,0.00019417511558541273,0.9230769230769231,0.02222222222222222
2022-04-30 00:00:00+00:00,0.0023686079045908354,-0.07692307692307687,-1.0,0.539624446853127,0.6805839358892534,0.722872583245915,0.020279538006606253,19.670520007703658,0.3076923076923077,-0.01212251109781659,0.00015476785714285714,0.00019447732777268684,1.0,0.02222222222222222
2022-05-01 00:00:00+00:00,-0.10682458727574332,-0.7777777777777778,-1.0,0.5376964336802218,1.022684912393444,0.728751007021194,0.021289939860590447,19.670520007703658,0.3076923076923077,-0.012857304790062696,0.00015478285714285714,0.00019298071348356678,1.0,0.08888888888888888
2022-05-02 00:00:00+00:00,0.17968693817675277,0.11111111111111116,-1.0,0.5329345832086134,0.9826268058297505,0.7332949811189313,0.02166677109550134,19.670520007703658,0.15384615384615385,-0.011420425239431153,0.00012810785714285715,0.0002114250433279393,0.9230769230769231,0.06666666666666667
2022-05-03 00:00:00+00:00,-0.2854048408345706,-1.0,-1.0,0.5349011731622523,0.9853968632982633,0.7319366473787068,0.021901330932646946,19.65508877943504,0.3076923076923077,-0.011524795304412971,0.00013726857142857144,0.0002169039131333345,0.9230769230769231,0.06666666666666667
2022-05-04 00:00:00+00:00,-0.48496520736866355,-0.8461538461538461,-1.0,0.531380389996212,0.950939582417056,0.7203974128410532,0.021519095236022766,19.633589101381467,0.07692307692307693,-0.012091011347036607,0.00013308071428571428,0.00022226741966203272,0.9230769230769231,0.06666666666666667
2022-05-05 00:00:00+00:00,-0.21157087130440133,-0.5384615384615384,-0.5555555555555556,0.5713735980027801,0.8620262827910606,0.7356336003926386,0.022476293164518123,19.65508877943504,0.46153846153846156,-0.01099168424927327,0.0001237792857142857,0.0002304571960891969,0.9230769230769231,0.06666666666666667
2022-05-06 00:00:00+00:00,-0.3582522867938889,-0.8461538461538461,-1.0,0.616570228213166,1.1706929981746046,0.7529789453974502,0.022772394749167396,19.683572605998936,1.0,-0.011619507705765031,0.00012377928571428572,0.00022956812514423355,1.0,0.04444444444444444
2022-05-07 00:00:00+00:00,-0.1176211102819424,-0.23076923076923073,-1.0,0.585065645620693,1.1751332155236143,0.7455580150428233,0.023855690227174018,19.708653587929074,0.6153846153846154,-0.011466119584503276,0.00011467714285714286,0.00023447663244172034,0.9230769230769231,0.04444444444444444
2022-05-08 00:00:00+00:00,-0.23953632243927256,-0.6923076923076923,-1.0,0.5829450073041883,1.1645675379402232,0.7467496857650107,0.023708518550071615,19.708653587929074,0.15384615384615385,-0.011505805890313414,0.00010765142857142858,0.00023071792490196724,0.9230769230769231,0.08888888888888888
2022-05-09 00:00:00+00:00,-0.27413232666256915,-0.6923076923076923,-1.0,0.5952501749568508,1.1568751146761052,0.7422182782505391,0.02461478679967603,19.708653587929074,0.3076923076923077,-0.011620756362789642,0.00010746714285714286,0.0002271925932023037,0.9230769230769231,0.08888888888888888
2022-05-10 00:00:00+00:00,-0.636234207917856,-0.8461538461538461,-1.0,0.7131360140473386,1.455505379148128,0.7996201533422523,0.025151284886130464,19.733326602321448,1.0,-0.012183477625609451,0.00010927071428571428,0.0002313959127651084,1.0,0.24444444444444446
2022-05-11 00:00:00+00:00,-0.5818056748491708,-0.8461538461538461,-1.0,0.7360577045670921,1.4338427045750914,0.8125239979886804,0.024860822117159845,19.733326602321448,1.0,-0.01144643387144706,8.498999999999998e-05,0.00024333365086952875,1.0,0.22222222222222218
2022-05-12 00:00:00+00:00,-1.1459736476670264,-0.8461538461538461,-1.0,0.7614534331489604,1.713914218460774,0.8271848828251195,0.025789880144325268,19.733326602321448,1.0,-0.010517571443474594,5.969857142857143e-05,0.0003293587911906235,1.0,0.4
2022-05-13 00:00:00+00:00,-1.0780699595870922,-0.8461538461538461,-1.0,0.7587821840829262,1.7916190928395184,0.8227893417649363,0.02687939655147716,19.753105255593276,1.0,-0.009952642381707899,-8.041857142857141e-05,0.00042828415483996054,1.0,0.4222222222222222
2022-05-14 00:00:00+00:00,-0.9483377859245281,-0.8461538461538461,-1.0,0.752233278814442,1.7939180087011606,0.8220097569710524,0.028372558901846277,19.770064710452445,1.0,-0.008729745687232726,-0.00011647928571428572,0.00046197424026985775,1.0,0.4222222222222222
2022-05-15 00:00:00+00:00,-0.8646919662508563,-0.8461538461538461,-1.0,0.7607706674454795,1.6110848465017986,0.8204627646336923,0.029177345553827595,19.770064710452445,0.38461538461538464,-0.007786095060137221,-0.00012920857142857144,0.00048722946540013395,1.0,0.26666666666666666
2022-05-16 00:00:00+00:00,-0.6199794311026062,-0.8461538461538461,-1.0,0.7792026284626045,1.6222349007831256,0.8188008288216053,0.028359685548511225,19.753105255593276,0.38461538461538464,-0.007055507985355369,-0.0001277657142857143,0.0004898924335671971,1.0,0.2444444444444444
2022-05-17 00:00:00+00:00,-0.947268588289148,-0.8461538461538461,-1.0,0.7921159643143416,1.6144596787283143,0.82215707652378,0.0280464419216232,19.76684531609782,0.5384615384615384,-0.006604656113177676,-0.000141445,0.0004949217092527807,1.0,0.06666666666666667
2022-05-18 00:00:00+00:00,-0.8524975100104982,-0.8461538461538461,-1.0,0.8021297075217967,1.6150254244362492,0.8233345151378925,0.02850259769181331,19.76684531609782,0.3076923076923077,-0.006583278116473412,-0.00018085,0.0005042251897942293,1.0,0.0
2022-05-19 00:00:00+00:00,-1.2843361672251654,-0.8461538461538461,-1.0,0.820440671438219,1.635399274831071,0.8269754716562281,0.029488242409006722,19.76684531609782,0.38461538461538464,-0.006976648662519014,-0.00022222071428571429,0.0005222640652453694,1.0,0.02222222222222222
2022-05-20 00:00:00+00:00,-1.0851731309272101,-0.8461538461538461,-1.0,0.8482157089105785,1.6570435993375687,0.8280814480277596,0.02942887977491961,19.76684531609782,0.3076923076923077,-0.005929570148081431,-0.00026648285714285714,0.0005380359807323111,1.0,0.02222222222222222
2022-05-21 00:00:00+00:00,-1.320103194055734,-0.8461538461538461,-1.0,0.8512796299725783,1.6570435993375687,0.8296977840934244,0.028262625618272648,19.76684531609782,0.46153846153846156,-0.0048232179131336705,-0.00025312,0.0005430109052584924,1.0,0.02222222222222222
2022-05-22 00:00:00+00:00,-1.3174945782380694,-0.8461538461538461,-1.0,0.8531328749690181,1.6610972651016955,0.8325863475792088,0.027512877459011476,19.72776415320248,0.07692307692307693,-0.0050949608863865015,-0.0002742692857142857,0.000552713056058772,1.0,0.02222222222222222
2022-05-23 00:00:00+00:00,-1.1107460700055825,-0.8461538461538461,-1.0,0.8665671160020979,1.6610972651016955,0.8383939767523422,0.027348619751773405,19.72776415320248,0.15384615384615385,-0.004424629124387347,-0.0002829535714285714,0.0005548293557570779,1.0,0.02222222222222222
2022-05-24 00:00:00+00:00,-1.2377674926715325,-0.8461538461538461,-1.0,0.8715161574846136,1.4508410498213364,0.8384749355784717,0.02707431263560587,19.733068984727268,0.5384615384615384,-0.0043850486373243625,-0.0002671764285714286,0.0005536431798333098,1.0,0.0
2022-05-25 00:00:00+00:00,-1.311066539447071,-0.8461538461538461,-1.0,0.8744093943186669,1.4508410498590414,0.839643603703681,0.02584889886883741,19.702972489795506,0.15384615384615385,-0.004913066002901534,-0.0002880157142857143,0.0005512346202430413,0.9230769230769231,0.0
2022-05-26 00:00:00+00:00,-1.4131549043596343,-0.8461538461538461,-1.0,0.8634970449905398,0.6813608769839449,0.8387078630320639,0.025647113292379065,19.681900835838093,0.23076923076923078,-0.0043756257333476545,-0.00024964000000000003,0.00046686989151576623,0.9230769230769231,0.0
2022-05-27 00:00:00+00:00,-1.6533559972309884,-0.8461538461538461,-1.0,0.85262770643273,0.6236800107175854,0.83661727600553,0.024596552137577977,19.681900835838093,0.6923076923076923,-0.004380419680048042,-0.00013799142857142858,0.00037787246284317754,0.9230769230769231,0.02222222222222222
2022-05-28 00:00:00+00:00,-1.7547175978755263,-0.8461538461538461,-1.0,0.8417065976546387,0.6223569874593253,0.8369544422722135,0.02523076574771759,19.702972489795506,0.9230769230769231,-0.003642182168546282,-0.0001287871428571429,0.00035707711164180634,0.9230769230769231,0.02222222222222222
2022-05-29 00:00:00+00:00,-1.6900222826784685,-0.8461538461538461,-1.0,0.8470156814297127,0.6320560796016416,0.8365761351557203,0.024988888566477664,19.681900835838093,0.15384615384615385,-0.0029352769160754244,-0.00013253285714285716,0.00034567214448761853,0.9230769230769231,0.02222222222222222
2022-05-30 00:00:00+00:00,-1.8437952695920286,-0.8461538461538461,-1.0,0.8480232464445161,0.6374776951140554,0.8370325913936477,0.024077772897208683,19.65960563564177,0.15384615384615385,-0.0020579164316294474,-0.0001160657142857143,0.00033861274824431434,0.9230769230769231,0.02222222222222222
2022-05-31 00:00:00+00:00,-1.500500517021363,-0.8461538461538461,-1.0,0.9111279493793502,0.7534534610369024,0.8383207004124048,0.025111340050781035,19.65960563564177,0.5384615384615384,-0.0018081016350506296,-8.704000000000002e-05,0.00032094912930249157,0.9230769230769231,0.08888888888888888
2022-06-01 00:00:00+00:00,-1.5897785669632765,-0.8461538461538461,-1.0,0.9016138143252925,0.7572271914121738,0.8353821810485564,0.023324908761633196,19.65960563564177,0.5384615384615384,-0.002018809356115814,-4.1519285714285727e-05,0.00030528589290349726,0.9230769230769231,0.08888888888888888
2022-06-02 00:00:00+00:00,-1.755611050982518,-0.8461538461538461,-1.0,0.920473545423529,0.7523863247159389,0.8368333407211838,0.022807007036673675,19.65960563564177,0.7692307692307693,-0.00260450385301636,9.152857142857132e-06,0.0002816944079613893,0.9230769230769231,0.08888888888888888
2022-06-03 00:00:00+00:00,-1.601841917765459,-0.8461538461538461,-1.0,0.9240801187061569,0.7288091361741345,0.8365917333337857,0.02131352529520999,19.652189282519068,0.23076923076923078,-0.0027475147386389343,2.832857142857142e-05,0.000269916718892128,0.9230769230769231,0.08888888888888888
2022-06-04 00:00:00+00:00,-1.8200137972710801,-1.0,-1.0,0.8967712864846071,0.7288091361741345,0.8384189602090161,0.020623367365120434,19.64065156600745,0.23076923076923078,-0.0031483892616618325,2.7062142857142846e-05,0.00026184138169349226,0.9230769230769231,0.08888888888888888
2022-06-05 00:00:00+00:00,-1.7579605642157652,-1.0,-1.0,0.8717480460741724,0.7303576426724778,0.8453897145310619,0.020005893255735045,19.599714618801407,0.15384615384615385,-0.0028844196406416778,4.2554285714285706e-05,0.00025638464927557695,0.9230769230769231,0.02222222222222222
2022-06-06 00:00:00+00:00,-1.8166172504289901,-0.8461538461538461,-1.0,0.8723106998171863,0.8554682960050907,0.8404776781013539,0.020036041570661665,19.552527617933904,0.23076923076923078,-0.002402349677004867,4.737999999999999e-05,0.0002594496635651809,0.9230769230769231,0.02222222222222222
2022-06-07 00:00:00+00:00,-1.6774675463250626,-0.8461538461538461,-1.0,0.8876000045885023,0.8148622756294407,0.8376226588144297,0.020631893818161245,19.53812318578354,0.6153846153846154,-0.002418836563223059,4.673714285714285e-05,0.000252827909162968,0.9230769230769231,0.06666666666666667
2022-06-08 00:00:00+00:00,-1.641898928934495,-0.8461538461538461,-1.0,0.8791031194368948,0.8148622756294407,0.8330792325503185,0.02062274691399981,19.53812318578354,0.6923076923076923,-0.00203227852387744,7.033642857142858e-05,0.0002553197122119093,0.9230769230769231,0.06666666666666667
2022-06-09 00:00:00+00:00,-1.5308327223144484,-0.8461538461538461,-1.0,0.7744537371631718,0.9990498154398448,0.8310789207129466,0.020904089850880166,19.440499751979175,0.38461538461538464,-0.0025771218658409145,7.41342857142857e-05,0.00026660672214083326,0.9230769230769231,0.06666666666666667
2022-06-10 00:00:00+00:00,-1.5821389075057637,-0.8461538461538461,-1.0,0.7581571682889395,0.9675771384745127,0.8302875865916237,0.021472125823073746,19.370747133360695,0.23076923076923078,-0.002629561407038128,9.353e-05,0.0002598398771606215,0.9230769230769231,0.06666666666666667
2022-06-11 00:00:00+00:00,-1.6781867249631925,-0.8461538461538461,-1.0,0.7160470876425203,0.9889244016898793,0.8241070463354288,0.02257368037014727,19.47180397894362,0.46153846153846156,-0.002976416086751754,0.00010071642857142857,0.00025409664325398034,1.0,0.08888888888888888
2022-06-12 00:00:00+00:00,-1.8886401860620619,-0.8461538461538461,-1.0,0.7295302123287702,0.9947373415475744,0.8238637417991637,0.0234289912402704,19.557102256308106,0.5384615384615384,-0.004168046673594994,7.114857142857142e-05,0.00024825615356386104,1.0,0.08888888888888888
2022-06-13 00:00:00+00:00,-2.0194865913164923,-0.8461538461538461,-1.0,0.756612382492854,0.9971475858963831,0.827731093486351,0.0243251991747979,19.557102256308106,0.6923076923076923,-0.003976852121452268,1.6882857142857138e-05,0.0002520324024779196,1.0,0.08888888888888888
2022-06-14 00:00:00+00:00,-2.1153707748627313,-0.8461538461538461,-1.0,0.9345517942630124,0.8056863078594556,0.8226911763791502,0.0259457234771445,19.58738946236153,1.0,-0.0037005797973650445,-4.3182142857142864e-05,0.00035100535296812656,1.0,0.11111111111111112
2022-06-15 00:00:00+00:00,-2.1883215557027778,-1.0,-1.0,0.9134621761551074,0.8073222803632134,0.813182554875875,0.027790917547887085,19.610813774456055,0.9230769230769231,-0.0028788799185365255,-8.92557142857143e-05,0.0004035176303711987,1.0,0.11111111111111112
2022-06-16 00:00:00+00:00,-2.211166067989186,-0.8461538461538461,-1.0,0.9118152381912275,0.7742313762971278,0.8177016006958953,0.02900712563515508,19.610813774456055,1.0,-0.0021520576353955545,-0.0001269357142857143,0.000586121183221974,1.0,0.06666666666666667
2022-06-17 00:00:00+00:00,-2.363213797422437,-1.0,-1.0,0.979294033618062,0.8102600365672533,0.8239224054728683,0.029257950305855884,19.610813774456055,0.7692307692307693,-0.002036289191816476,-0.00012678928571428574,0.0006522393478973809,1.0,0.02222222222222222
2022-06-18 00:00:00+00:00,-2.365306705792978,-1.0,-1.0,0.9629746817094454,0.8102600365672533,0.8208612693987423,0.0295979222062077,19.644350755424654,0.6153846153846154,-0.0018326540409436265,-0.00014215857142857143,0.0006941003022907078,1.0,0.02222222222222222
2022-06-19 00:00:00+00:00,-2.5521317724968315,-1.0,-1.0,0.9569701826059754,0.8102600365672533,0.8157591449538609,0.030904693872817933,19.699132674540287,0.7692307692307693,-0.002157790541383875,-0.0001641314285714286,0.0007234681625971105,1.0,0.0
2022-06-20 00:00:00+00:00,-2.1074864974143606,-0.8461538461538461,-1.0,1.0472444470352034,1.0239693494606024,0.8168258431149015,0.03107827970576498,19.739171296261624,0.7692307692307693,-0.002102816737763913,-0.00017967285714285715,0.0007516663995482409,1.0,0.04444444444444444
2022-06-21 00:00:00+00:00,-2.182538318379289,-1.0,-1.0,1.0454370872152154,1.025297954172469,0.8213327956346002,0.03063768097922383,19.66663298092105,0.6923076923076923,-0.0016364770041081833,-0.00018420214285714285,0.0007816125481672416,1.0,0.04444444444444444
2022-06-22 00:00:00+00:00,-2.2221901547741965,-0.8461538461538461,-1.0,1.0339389695136756,1.0582006793190126,0.821024286342961,0.03064922575809321,19.654876253074537,0.7692307692307693,-0.0009989684375305008,-0.00016924928571428573,0.000785563904187687,1.0,0.04444444444444444
2022-06-23 00:00:00+00:00,-2.3328528241219217,-0.8461538461538461,-1.0,1.0393870791536075,1.0612033683457915,0.8215538070543331,0.030732268446411366,19.654876253074537,0.38461538461538464,-0.0011655883016495894,-0.0001910307142857143,0.0007850637380335937,1.0,0.04444444444444444
2022-06-24 00:00:00+00:00,-2.0362818931668922,-1.0,-1.0,1.0791946485354038,1.192027905544325,0.8221221007996433,0.031376395153084685,19.654876253074537,0.46153846153846156,-0.0006556918864134009,-0.00019900071428571427,0.0007979059557437254,1.0,0.06666666666666667
2022-06-25 00:00:00+00:00,-1.8933961282077203,-1.0,-1.0,1.0943690870598732,0.9967684124955697,0.8263679322079199,0.031971351967666435,19.654876253074537,0.5384615384615384,-0.0006031403881960884,-0.0001849764285714286,0.0008033731986633937,1.0,0.06666666666666667
2022-06-26 00:00:00+00:00,-1.8366081362063706,-1.0,-1.0,1.0912849754829055,0.7198953767987791,0.8243217141628966,0.03191172466313707,19.654876253074537,0.3076923076923077,-0.001139847752211598,-0.00014194500000000004,0.0008200783662060024,1.0,0.06666666666666667
2022-06-27 00:00:00+00:00,-1.9035302040922777,-1.0,-1.0,1.0914151362759676,0.8879514322615661,0.8209826885435245,0.032217301518168755,19.654876253074537,0.38461538461538464,-0.0013188243892831575,-8.045142857142858e-05,0.0008241154855352576,1.0,0.06666666666666667
2022-06-28 00:00:00+00:00,-2.0043840631843595,-0.8461538461538461,-1.0,1.0834346951380076,0.8879581274625445,0.8217845148466945,0.031059418592120257,19.578314080836822,0.46153846153846156,-0.0015667669897564407,-5.0839285714285725e-05,0.000742439695272209,1.0,0.06666666666666667
2022-06-29 00:00:00+00:00,-1.9387548259350502,-0.8461538461538461,-1.0,1.0814681495944383,0.9061201668830516,0.8217397816872961,0.03121605305769818,19.654876253074537,0.46153846153846156,-0.0017247929672031814,-4.0395714285714305e-05,0.0007254791465992383,1.0,0.06666666666666667
2022-06-30 00:00:00+00:00,-2.081336570223208,-0.8461538461538461,-1.0,1.0200019747936957,0.9061201668830516,0.8205028703943602,0.03143148033836501,19.654876253074537,0.46153846153846156,-0.0016451288537017161,-3.706785714285715e-05,0.0006077742186175342,1.0,0.02222222222222222
2022-07-01 00:00:00+00:00,-2.1699650705027125,-0.8461538461538461,-1.0,1.019877649507165,0.8978926085803971,0.8181973104729118,0.030525455905417366,19.654876253074537,0.7692307692307693,-0.0012106204962926692,-5.1407142857142874e-05,0.0005786667522628346,1.0,0.02222222222222222
2022-07-02 00:00:00+00:00,-2.138169057057066,-0.8461538461538461,-1.0,1.0053180814388685,0.8928637087945436,0.8178824955144619,0.030042110125221115,19.654876253074537,0.5384615384615384,-0.0005820961296593152,-5.511428571428573e-05,0.0005682047577361029,1.0,0.02222222222222222
2022-07-03 00:00:00+00:00,-2.0576547125797866,-0.8461538461538461,-1.0,1.0013593646955206,0.8928637087945436,0.8176368966800351,0.029259805913968106,19.573689890525337,0.0,-0.00010177087411794572,-4.500571428571429e-05,0.000558007755060236,1.0,0.02222222222222222
2022-07-04 00:00:00+00:00,-2.127556068946584,-1.0,-1.0,1.0031520741121642,0.7123065179969038,0.812548974733889,0.027314271258163558,19.52412821410376,0.0,-0.00029184951229721534,-3.7449285714285727e-05,0.0005630361515626316,1.0,0.0
2022-07-05 00:00:00+00:00,-1.9666904169237562,-1.0,-1.0,1.0314469583990578,0.7804843896819813,0.8084864945739343,0.025441561467383446,19.496796490743407,0.15384615384615385,-0.00016233909501589538,-5.0426428571428584e-05,0.0005478908698161076,1.0,0.0
2022-07-06 00:00:00+00:00,-1.9311393349637076,-1.0,-1.0,1.0300837534804201,0.8632159001335465,0.8131159105892463,0.023970646323349675,19.473891460198153,0.6923076923076923,-0.0006494167270775786,-6.552642857142859e-05,0.0005488833473982601,1.0,0.0
2022-07-07 00:00:00+00:00,-1.9971566811486199,-1.0,-1.0,1.0267879157081474,0.931585343892302,0.8128820611940691,0.023205695132554185,19.464621694591933,0.3076923076923077,-0.00042225060401596126,-4.944357142857145e-05,0.0005565181408532752,1.0,0.0
2022-07-08 00:00:00+00:00,-1.6918760969185491,-1.0,-1.0,1.0481873678040228,0.8052353321633289,0.8156512183684593,0.022487588735286466,19.43770474689955,0.23076923076923078,-0.0004928957960694258,-2.7605714285714304e-05,0.000559605180141153,1.0,0.0
2022-07-09 00:00:00+00:00,-1.6732850049721861,-1.0,-1.0,1.0477464766324278,0.8131948757152249,0.7875083375014383,0.021176193035127223,19.366496805694815,0.46153846153846156,-0.0005619868591207333,-2.6150000000000016e-05,0.0005625394584622288,1.0,0.0
2022-07-10 00:00:00+00:00,-1.6240916952726567,-1.0,-1.0,1.0482228739694233,0.7877027236912717,0.7835270708680754,0.0200347636866034,19.316877499651767,0.0,-0.0009419486516987208,-2.0485714285714304e-05,0.0005481824692160915,1.0,0.0
2022-07-11 00:00:00+00:00,-1.61155895184029,-1.0,-1.0,1.0416022464025008,0.8058283583529056,0.7708719082395437,0.019235270848365276,19.316877499651767,0.07692307692307693,-0.0022374269734130037,-1.8527142857142874e-05,0.0005418285530269178,1.0,0.0
2022-07-12 00:00:00+00:00,-1.488764354620788,-1.0,-1.0,1.0424328182805254,0.8058283583529056,0.7780716333405996,0.018686003337479985,19.316877499651767,0.07692307692307693,-0.0029371324803836307,-3.962857142857159e-06,0.0005537219979130945,1.0,0.0
2022-07-13 00:00:00+00:00,-1.7196055155844299,-1.0,-1.0,1.0299572203941738,0.7667129719461176,0.7760960767528261,0.018550270986115013,19.299184846424044,0.07692307692307693,-0.0031711989128206386,-3.0664285714285868e-06,0.000537040894208837,1.0,0.0
2022-07-14 00:00:00+00:00,-1.332906881307081,-1.0,-1.0,0.8848614287100053,0.7696587338750529,0.7807761938131047,0.01796257862760863,19.316877499651767,0.5384615384615384,-0.003030609486343372,-2.2198571428571446e-05,0.00048632684334630396,1.0,0.0
2022-07-15 00:00:00+00:00,-1.1238889421564575,-1.0,-1.0,0.8990554425508249,0.827410793719152,0.7791855641250434,0.01736070177223786,19.299184846424044,0.3076923076923077,-0.002780767882297197,-2.2497142857142875e-05,0.000457763738246452,1.0,0.02222222222222222
2022-07-16 00:00:00+00:00,-1.11010195591168,-1.0,-1.0,0.8990338357174513,0.8467849885350844,0.7743381076966366,0.01701240821515565,19.299184846424044,0.23076923076923078,-0.0024330790370514777,3.999999999999826e-07,0.00042417194627630226,1.0,0.02222222222222222
2022-07-17 00:00:00+00:00,-1.0139149559738627,-1.0,-1.0,0.8048034836173498,0.9395240204370134,0.7737524711390822,0.01632654530753424,19.31299644664377,0.15384615384615385,-0.0020470295331526667,1.7618571428571412e-05,0.0004050232253391731,1.0,0.04444444444444444
2022-07-18 00:00:00+00:00,-1.174239227071355,-1.0,-1.0,0.8075843237114892,0.9418719599325801,0.7664206309985501,0.016403965936475876,19.2983361526669,0.15384615384615385,-0.001898244659287951,3.0014999999999983e-05,0.00036559560917709166,1.0,0.04444444444444444
2022-07-19 00:00:00+00:00,-0.6783819375660517,-1.0,-1.0,0.8451315663360724,1.0448502149641323,0.7689558181036645,0.017051232159658085,19.2983361526669,0.9230769230769231,-0.001437061058039757,4.7412142857142836e-05,0.0003554804893910348,1.0,0.13333333333333333
2022-07-20 00:00:00+00:00,-0.7238268406944347,-1.0,-1.0,0.7753035800669907,1.0415040189441545,0.7656411778090381,0.01686706289151478,19.2983361526669,0.9230769230769231,-0.001396358047978996,7.180142857142856e-05,0.00034985141911675024,1.0,0.13333333333333336
2022-07-21 00:00:00+00:00,-0.5717412749301668,-0.8461538461538461,-1.0,0.7773127452360646,1.0596066839933282,0.7643208743572943,0.0172622633486644,19.2983361526669,0.9230769230769231,-0.001944152790096798,8.58692857142857e-05,0.0003351453528586431,1.0,0.15555555555555556
2022-07-22 00:00:00+00:00,-0.678146079480751,-1.0,-1.0,0.7777185566379061,1.014144784523102,0.7627741807069468,0.01688990788140548,19.2983361526669,0.46153846153846156,-0.0018653332769115738,9.067357142857143e-05,0.00032822629444852837,1.0,0.13333333333333333
2022-07-23 00:00:00+00:00,-0.6508503645697935,-1.0,-1.0,0.7552050595311415,1.0139720725317882,0.7514413235425319,0.01812174200302006,19.31299644664377,0.46153846153846156,-0.002548795100409229,9.964142857142857e-05,0.0003272162168213187,1.0,0.13333333333333333
2022-07-24 00:00:00+00:00,-0.6741797493227684,-1.0,-1.0,0.7219170447390792,1.018585603054825,0.7497096790132555,0.018767547024644476,19.31299644664377,0.23076923076923078,-0.0029847299373162994,0.00010131214285714286,0.00034501359051539925,1.0,0.04444444444444444
2022-07-25 00:00:00+00:00,-0.7094245967272176,-1.0,-1.0,0.7146878496867419,1.03815322239787,0.7499593817763195,0.01885292656648642,19.31299644664377,0.3076923076923077,-0.003357700237273775,0.00010214142857142857,0.0003508252632815228,1.0,0.02222222222222222
2022-07-26 00:00:00+00:00,-0.810080241499491,-1.0,-1.0,0.7746523198843529,1.03815322239787,0.7564047411114927,0.018926539067192896,19.31299644664377,0.38461538461538464,-0.0040777827220144225,0.00010807,0.00034369018688644015,1.0,0.0
2022-07-27 00:00:00+00:00,-0.8352401763244154,-1.0,-1.0,0.7664679140956419,1.039631770523927,0.7579602239927933,0.01876728127310019,19.31299644664377,0.15384615384615385,-0.00443153212417996,0.00011824857142857142,0.00035374147453097503,1.0,0.0
2022-07-28 00:00:00+00:00,-0.5305248265101701,-1.0,-1.0,0.8344537380965211,1.0267324368462525,0.7676792295720168,0.01931975851418407,19.334648681297658,0.5384615384615384,-0.004223494801835925,0.0001531457142857143,0.00035961124671384865,1.0,0.0
2022-07-29 00:00:00+00:00,-0.30080291928711655,-0.3846153846153846,-1.0,0.832678418205516,0.998921600421441,0.7619181461704925,0.021071960532795576,19.36008312672235,0.7692307692307693,-0.003985032756385898,0.00019272357142857143,0.00034841635515483435,1.0,0.0
2022-07-30 00:00:00+00:00,-0.23576588588093877,-0.3846153846153846,-0.6923076923076923,0.8252052732427079,0.991857402637317,0.7516853288214723,0.022174761995261957,19.378967493982106,0.9230769230769231,-0.004473688462451775,0.00020531928571428573,0.0003589993668652643,1.0,0.0
2022-07-31 00:00:00+00:00,-0.32586200451195696,-0.3846153846153846,-0.6923076923076923,0.8224285234452134,0.9535574331531514,0.7530359648665903,0.023012181733741685,19.378967493982106,0.7692307692307693,-0.0035993123579493025,0.00021614000000000003,0.0003761268575475507,1.0,0.0
2022-08-01 00:00:00+00:00,-0.391347142756622,-0.5384615384615384,-0.8461538461538461,0.8184619482439061,1.0149283398311486,0.7458687855891224,0.02313784424840233,19.40657677538372,0.46153846153846156,-0.003308926112624455,0.00022282214285714285,0.00039196590957721984,1.0,0.0
2022-08-02 00:00:00+00:00,-0.6617726337688024,-0.8461538461538461,-0.8461538461538461,0.8230830877769935,0.7258392754739164,0.7432520038365227,0.02352199645102749,19.419381359082713,0.23076923076923078,-0.0035030613121299625,0.00022364500000000002,0.0004015038412068535,1.0,0.0
2022-08-03 00:00:00+00:00,-0.6434415301738574,-1.0,-0.8461538461538461,0.8248517706733945,0.8385123478281388,0.7410830072944004,0.023750462321921996,19.437243710295476,0.5384615384615384,-0.00442572280410225,0.00020415999999999997,0.0004096564121465581,1.0,0.02222222222222222
2022-08-04 00:00:00+00:00,-0.5007306465634369,-0.8461538461538461,-0.8461538461538461,0.8085382608506626,0.7432390741642131,0.7398513990722219,0.023645313072816327,19.437243710295476,0.46153846153846156,-0.00507079595086779,0.00018407571428571428,0.00041592936434392227,1.0,0.02222222222222222
2022-08-05 00:00:00+00:00,-0.5599737075555755,-0.6923076923076923,-0.8461538461538461,0.8080146713614371,0.6216053299437598,0.740109351213284,0.02390029605489891,19.437243710295476,0.23076923076923078,-0.005407573359752171,0.00016264714285714287,0.00041317234723206277,1.0,0.02222222222222222
2022-08-06 00:00:00+00:00,-0.34071851866272185,-0.5384615384615384,-0.3846153846153846,0.8194416285588866,0.7512383344599075,0.7436842297450803,0.024046184915672574,19.437243710295476,0.23076923076923078,-0.005497693090918243,0.0001492642857142857,0.0004066520278903636,1.0,0.04444444444444444
2022-08-07 00:00:00+00:00,-0.42460317123536034,-0.5384615384615384,-0.5384615384615384,0.8143070553154107,0.7023122080645225,0.7485007263131467,0.02380024992056342,19.437243710295476,0.07692307692307693,-0.005630151270757278,0.00015341142857142856,0.00038247860656715366,0.9230769230769231,0.04444444444444444
2022-08-08 00:00:00+00:00,-0.40857998084511704,-0.5384615384615384,-0.5384615384615384,0.8121778658405531,0.7885846563575069,0.7496216048766925,0.022944811566256842,19.419381359082713,0.07692307692307693,-0.005696951990384391,0.00014499285714285714,0.0003723517386313484,0.8461538461538461,0.02222222222222222
2022-08-09 00:00:00+00:00,-0.4158212980751364,-0.6923076923076923,0.07692307692307687,0.8180521805366894,0.789960223046936,0.7513374796794228,0.022663525840355907,19.419381359082713,0.38461538461538464,-0.005272811125562604,0.00015390285714285713,0.00035880470864950356,0.8461538461538461,0.02222222222222222
2022-08-10 00:00:00+00:00,-0.46330974900031585,-0.5384615384615384,-0.3846153846153846,0.8166224555440309,0.8797432213997942,0.7495614696255932,0.02268769026459527,19.419381359082713,0.5384615384615384,-0.005909155223809748,0.0001603042857142857,0.00034207983265760776,0.8461538461538461,0.02222222222222222
2022-08-11 00:00:00+00:00,-0.2522958277048312,0.07692307692307687,0.07692307692307687,0.8042628538069083,0.7854968724210555,0.7471060224591315,0.023180534599913205,19.419381359082713,0.7692307692307693,-0.005909967407976446,0.00015746285714285713,0.00033969599308174704,0.7692307692307693,0.02222222222222222
2022-08-12 00:00:00+00:00,-0.22934385393273374,-0.23076923076923073,0.07692307692307687,0.7797145376342545,0.818901870368762,0.7412289787959015,0.021902219183108966,19.419381359082713,0.7692307692307693,-0.005754852096066632,0.0001537392857142857,0.000341745488194699,0.7692307692307693,0.02222222222222222
2022-08-13 00:00:00+00:00,-0.015746495408625265,0.07692307692307687,0.3846153846153846,0.7654663437217953,0.8241057842195227,0.724318911664892,0.0217444052618545,19.419381359082713,0.23076923076923078,-0.005480094237916178,0.00015025285714285715,0.0003357007693240794,0.6923076923076923,0.02222222222222222
2022-08-14 00:00:00+00:00,0.13800712906314577,0.5384615384615385,0.3846153846153846,0.7576799701091412,0.8051018594390654,0.7519425500439003,0.021377972612988627,19.419381359082713,0.5384615384615384,-0.005912817749734178,0.00014292428571428573,0.00031609189813864045,0.6923076923076923,0.02222222222222222
2022-08-15 00:00:00+00:00,0.27573001941289366,0.5384615384615385,0.5384615384615385,0.7622471836234871,0.7835396148614895,0.7454715297276627,0.02243377995168197,19.459275321453276,0.6153846153846154,-0.005457648133367576,0.00013370285714285713,0.0003104921423218984,0.6153846153846154,0.02222222222222222
2022-08-16 00:00:00+00:00,0.7677029444847151,1.0,0.5384615384615385,0.747358430157795,0.8309727826330415,0.7031351840973015,0.02270482290354827,19.561585504286832,0.9230769230769231,-0.006137257319867806,0.00011217714285714286,0.00031835881371848406,0.6923076923076923,0.02222222222222222
2022-08-17 00:00:00+00:00,0.758672781459748,1.0,0.5384615384615385,0.7457408802293636,0.7461340354227897,0.6952729754277843,0.023621099336221592,19.58324887207417,0.46153846153846156,-0.007042727560271689,0.0001136107142857143,0.00031463888588474426,0.6153846153846154,0.02222222222222222
2022-08-18 00:00:00+00:00,0.6289337573983697,0.8461538461538463,0.23076923076923084,0.6313456868008936,0.7841002710798248,0.6979081185732792,0.022947048218293225,19.58324887207417,0.9230769230769231,-0.007686472545004874,0.00012081928571428572,0.0003104516557918457,0.7692307692307693,0.04444444444444444
2022-08-19 00:00:00+00:00,1.0760783107487815,1.0,0.23076923076923084,0.6311139827061308,0.9892202942555626,0.6876442621086679,0.022235553375031046,19.58324887207417,0.46153846153846156,-0.008314061992150623,0.00012776785714285714,0.00031780742188009355,0.7692307692307693,0.11111111111111112
2022-08-20 00:00:00+00:00,0.6053017977985097,0.6923076923076923,-0.5384615384615384,0.7673966944352849,1.0216556309100127,0.7247745462813011,0.022338768800195537,19.58324887207417,0.9230769230769231,-0.008882190882249952,0.00010289,0.00032815727062707336,1.0,0.13333333333333333
2022-08-21 00:00:00+00:00,0.8668534614938465,0.6923076923076923,-0.5384615384615384,0.7650572618829201,1.029308151412248,0.7291744579672372,0.0227403557190115,19.58324887207417,0.46153846153846156,-0.008710098932507182,5.859642857142856e-05,0.00033813930639024124,0.9230769230769231,0.13333333333333336
2022-08-22 00:00:00+00:00,0.648044026200588,0.5384615384615385,-0.5384615384615384,0.7651484226344504,1.029308151412248,0.7227873291336281,0.023036769530007672,19.58324887207417,0.3076923076923077,-0.0077981822018869384,2.1211428571428563e-05,0.0003452758306149632,0.8461538461538461,0.13333333333333336
2022-08-23 00:00:00+00:00,0.64555317291096,0.6923076923076923,-0.5384615384615384,0.7651462147990044,1.030170401418769,0.7104412852958143,0.024439187875530462,19.58324887207417,0.46153846153846156,-0.00695147987240663,-1.1476428571428586e-05,0.00034716462373684886,0.8461538461538461,0.11111111111111112
2022-08-24 00:00:00+00:00,0.6861831480536721,0.5384615384615385,-0.3846153846153846,0.7641800845496141,1.0333163276369537,0.7122073306000675,0.024764784412452247,19.592803193253815,0.38461538461538464,-0.007008559338118114,-1.94157142857143e-05,0.000346326195226694,0.8461538461538461,0.04444444444444444
2022-08-25 00:00:00+00:00,0.8494309427537392,0.8461538461538463,-0.5384615384615384,0.7072298793294061,0.9591656525242098,0.7152962824314127,0.024340264982505303,19.592803193253815,0.23076923076923078,-0.006854369295781759,-2.7025714285714302e-05,0.0003363171782610228,0.8461538461538461,0.02222222222222222
2022-08-26 00:00:00+00:00,0.6889650942934202,0.5384615384615385,-0.5384615384615384,0.7088061592399378,0.872159037814508,0.7204596368132943,0.023731682433606856,19.592803193253815,0.3076923076923077,-0.007153658265634355,-5.6042857142857156e-05,0.00034362282022359333,0.8461538461538461,0.0
2022-08-27 00:00:00+00:00,0.2550033220253871,-0.3846153846153846,-0.6923076923076923,0.6920968770528613,0.8800076694070915,0.7414853736761412,0.02452984792830244,19.62522229764541,0.9230769230769231,-0.007475115328396176,-7.105714285714287e-05,0.00034702154728510616,1.0,0.0
2022-08-28 00:00:00+00:00,0.17927507069625273,-0.5384615384615384,-0.6923076923076923,0.6695133591476726,0.831456287580553,0.7337040862500448,0.024381483327440674,19.62522229764541,0.15384615384615385,-0.007380534142739481,-0.0001148257142857143,0.0003627763771671075,1.0,0.0
2022-08-29 00:00:00+00:00,0.16290942791930238,-0.5384615384615384,-0.6923076923076923,0.6767090770687632,0.8166806415358195,0.7388904238306738,0.02456801451942287,19.592803193253815,0.15384615384615385,-0.008141332558650682,-0.00014592214285714288,0.00036303708985922464,1.0,0.0
2022-08-30 00:00:00+00:00,0.37827517112785497,-0.23076923076923073,-0.5384615384615384,0.7150458556673689,0.8120142914604653,0.7450745968602155,0.02421760097579409,19.593472531178584,0.46153846153846156,-0.006600825109259467,-0.0001704971428571429,0.00035016172212011965,1.0,0.0
2022-08-31 00:00:00+00:00,0.4152471311440644,-0.07692307692307687,-0.5384615384615384,0.7167586226005862,0.8515487773536623,0.7446629601565382,0.02433595566212764,19.55149910560734,0.6923076923076923,-0.007096187181089342,-0.0001872457142857143,0.0003372117459388988,1.0,0.0
2022-09-01 00:00:00+00:00,0.5401644268754149,-0.07692307692307687,-0.5384615384615384,0.7188998105388087,0.8181950635741353,0.7441502257812934,0.024194283741111693,19.55149910560734,0.3076923076923077,-0.006964488773176569,-0.00019913357142857142,0.00032834294634404595,1.0,0.0
2022-09-02 00:00:00+00:00,0.6363284592493335,0.3846153846153846,-0.3846153846153846,0.7208699601387879,0.6390089564158419,0.7430087691974749,0.024530925870822638,19.574512766710775,0.3076923076923077,-0.006970989062249688,-0.00021387285714285714,0.0003164609910604161,1.0,0.0
2022-09-03 00:00:00+00:00,0.6826972764628803,0.5384615384615385,-0.3846153846153846,0.7208978875176859,0.5779980524471899,0.7387236486112945,0.024820271309469236,19.606931871102375,0.3076923076923077,-0.006666301522400886,-0.00019161000000000002,0.0002975455799221431,0.9230769230769231,0.0
2022-09-04 00:00:00+00:00,0.6459870063300076,0.5384615384615385,-0.3846153846153846,0.7210301536236519,0.5517386351922825,0.7372932917041896,0.023722910532251885,19.574512766710775,0.23076923076923078,-0.006333956960506704,-0.00016553928571428573,0.0002888420015930182,0.9230769230769231,0.0
2022-09-05 00:00:00+00:00,0.6651889422729266,0.5384615384615385,-0.07692307692307687,0.693716626486237,0.5149541466302487,0.736670370466815,0.023712289601443996,19.55149910560734,0.3076923076923077,-0.005401645050583492,-0.00013266000000000002,0.0002726106852364752,0.9230769230769231,0.0
2022-09-06 00:00:00+00:00,0.5123537767807865,0.3846153846153846,-0.07692307692307687,0.6918595410994358,0.5577829685414573,0.7323646874345824,0.02281106618246905,19.549211965466178,0.46153846153846156,-0.005016282123080973,-0.00010983214285714288,0.000263577103784605,0.9230769230769231,0.015384615384615385
2022-09-07 00:00:00+00:00,0.39540025982546484,0.23076923076923084,-0.6923076923076923,0.7053525599700127,0.8319824403694585,0.7425237140284049,0.02257215415975278,19.549211965466178,0.8461538461538461,-0.005044932652889578,-0.00010261285714285714,0.00025764429141371,1.0,0.10769230769230771
2022-09-08 00:00:00+00:00,0.40338407362973344,0.3846153846153846,-0.3846153846153846,0.7053001243065284,0.8224479965361229,0.7474985618688353,0.023367224490249743,19.549211965466178,0.46153846153846156,-0.004315441962807143,-0.0001331107142857143,0.00026530071699398794,0.9230769230769231,0.10769230769230771
2022-09-09 00:00:00+00:00,0.266397432234852,0.23076923076923084,-0.23076923076923073,0.696972083677937,0.8224479965361229,0.7419199888522962,0.023259900417017344,19.549211965466178,0.46153846153846156,-0.0031490229168845696,-0.00011671714285714288,0.00026378182341774077,0.9230769230769231,0.10769230769230771
2022-09-10 00:00:00+00:00,0.5261927336441394,0.3846153846153846,0.3846153846153846,0.7165880200728753,0.8967473958248957,0.7339382023833593,0.022536309119009425,19.549211965466178,0.7692307692307693,-0.002412554267889333,-0.00010845357142857144,0.00025526340485395064,0.7692307692307693,0.13846153846153847
2022-09-11 00:00:00+00:00,0.5925684898805061,0.5384615384615385,0.3846153846153846,0.7215116229340367,0.9125555839310853,0.7324433850832365,0.021903745312568224,19.549211965466178,0.3076923076923077,-0.002645155787644682,-6.173142857142859e-05,0.00023952542983810793,0.6153846153846154,0.12307692307692308
2022-09-12 00:00:00+00:00,0.7216573988003732,0.5384615384615385,0.23076923076923084,0.7120592059028995,0.9363789117591589,0.7287844775535729,0.020120103014229073,19.534697720400548,0.07692307692307693,-0.003290358345614419,-2.9598571428571443e-05,0.00023457213575744086,0.6923076923076923,0.03076923076923077
2022-09-13 00:00:00+00:00,0.9014359043967148,0.8461538461538463,0.5384615384615385,0.7110272715363564,0.8676928193561699,0.7243543474680889,0.02025451509029556,19.483790534357574,0.6923076923076923,-0.003478604562302423,8.509285714285699e-06,0.00023734907772234343,0.6153846153846154,0.046153846153846156
2022-09-14 00:00:00+00:00,0.7049882703082736,0.6923076923076923,-0.3846153846153846,0.7796499236404351,1.065004204903638,0.7397731256725998,0.02122056191827832,19.534697720400548,0.9230769230769231,-0.00416150057667658,1.5175714285714275e-05,0.00025287570216272944,0.9230769230769231,0.06153846153846154
2022-09-15 00:00:00+00:00,0.5987489943693685,0.3846153846153846,-0.23076923076923073,0.7850922653916451,1.0594895758767982,0.7375678294110858,0.021445459014874154,19.486463318102395,0.3076923076923077,-0.004111753207643176,-1.3160000000000013e-05,0.00032654667872971033,0.9230769230769231,0.03076923076923077
2022-09-16 00:00:00+00:00,0.25537559596121556,0.23076923076923084,-0.3846153846153846,0.8128191465322291,1.0594895758767982,0.7365866103373336,0.021640876513864662,19.486463318102395,0.5384615384615384,-0.004170696344437785,-3.40207142857143e-05,0.0004055783958435855,1.0,0.046153846153846156
2022-09-17 00:00:00+00:00,0.15702339759280784,0.3846153846153846,-0.3846153846153846,0.8111383104532571,1.0594895758767982,0.7172620133037475,0.02227000562641401,19.518518068531435,0.38461538461538464,-0.004394155318704462,-4.8940000000000016e-05,0.0004133674692362621,0.9230769230769231,0.046153846153846156
2022-09-18 00:00:00+00:00,0.04278805466401873,0.23076923076923084,-0.23076923076923073,0.8160729438806248,1.076082448376846,0.7204425060053282,0.021944915583257795,19.518518068531435,0.23076923076923078,-0.0035912584225288313,-4.8542857142857156e-05,0.00041703732035130715,0.8461538461538461,0.03076923076923077
2022-09-19 00:00:00+00:00,-0.11121553273122559,-0.23076923076923073,-0.5384615384615384,0.7339101395978662,1.0915744345504141,0.7335298669316004,0.022686176744090694,19.518518068531435,0.3076923076923077,-0.004826186669763921,-4.64207142857143e-05,0.00042054031289645284,0.9230769230769231,0.046153846153846156
2022-09-20 00:00:00+00:00,-0.45746729636573724,-0.3846153846153846,-0.3846153846153846,0.7381966531435432,1.1981849856651363,0.7283663286567071,0.022828390480422612,19.54381886977604,0.6153846153846154,-0.004616466156239674,-6.96257142857143e-05,0.0004349929875449832,0.9230769230769231,0.06153846153846154
2022-09-21 00:00:00+00:00,-0.604022043532141,-0.6923076923076923,-0.6923076923076923,0.7410424737446726,0.8108473728597382,0.7246783946150335,0.02389160751000286,19.54381886977604,0.46153846153846156,-0.004658325114179074,-8.047857142857145e-05,0.00043622321401689726,0.9230769230769231,0.046153846153846156
2022-09-22 00:00:00+00:00,-0.7019850227363753,-0.5384615384615384,-0.8461538461538461,0.7513352295205947,0.8337539546667497,0.7279968660175414,0.024202650540915548,19.544857767905896,0.9230769230769231,-0.004696997780927137,-4.4294285714285726e-05,0.00042589005197965127,0.9230769230769231,0.06153846153846154
2022-09-23 00:00:00+00:00,-0.5591433790387765,-0.3846153846153846,-0.5384615384615384,0.7800893770525121,0.8363374142196778,0.7271458356325028,0.025418872446383068,19.544857767905896,0.46153846153846156,-0.004440020289833424,-8.153000000000001e-05,0.0004325475286780305,0.9230769230769231,0.06153846153846154
2022-09-24 00:00:00+00:00,-0.49359064480766657,-0.3846153846153846,-0.5384615384615384,0.7801508354626397,0.7729315967025001,0.7087602776567812,0.0255947980568769,19.599148924394985,0.7692307692307693,-0.004236088892587309,-0.00010015785714285716,0.000442972549674606,0.9230769230769231,0.03076923076923077
2022-09-25 00:00:00+00:00,-0.5342931423312106,-0.3846153846153846,-0.5384615384615384,0.7767660222600632,0.7347145366426802,0.7103266632514273,0.025521678156166322,19.6099296998485,0.3076923076923077,-0.004240301523364742,-0.0001066457142857143,0.00044870008298385775,0.9230769230769231,0.015384615384615385
2022-09-26 00:00:00+00:00,-0.632318761048926,-0.5384615384615384,-0.5384615384615384,0.7162292524311509,0.7098142710410855,0.6897927402778877,0.02521448524497878,19.6099296998485,0.23076923076923078,-0.0047851269587093626,-0.00011990357142857145,0.0004526871341573119,0.9230769230769231,0.015384615384615385
2022-09-27 00:00:00+00:00,-0.2954795211478129,-0.3846153846153846,-0.5384615384615384,0.723470276754734,0.7125685196741216,0.6906510783039682,0.02494179296708656,19.599148924394985,0.46153846153846156,-0.0043132736366808255,-0.00013921714285714288,0.0004484778560636127,0.9230769230769231,0.015384615384615385
2022-09-28 00:00:00+00:00,-0.3224972517924903,-0.3846153846153846,-0.5384615384615384,0.7148085717163872,0.6492143282962944,0.7008723825153842,0.023797766428324017,19.599148924394985,0.8461538461538461,-0.004268027658448692,-0.00012788428571428574,0.00043077437961741653,1.0,0.015384615384615385
2022-09-29 00:00:00+00:00,-0.6475966961991894,-0.5384615384615384,-0.5384615384615384,0.6815376262142362,0.6826478716308824,0.7023959681933105,0.023343378606950717,19.599148924394985,0.46153846153846156,-0.004820246713713838,-0.00011316214285714288,0.0003648970377221832,1.0,0.03076923076923077
2022-09-30 00:00:00+00:00,-0.805193448518411,-0.5384615384615384,-0.5384615384615384,0.6790086298918906,0.6826478716308824,0.7052161599318478,0.023627536493049855,19.599148924394985,0.5384615384615384,-0.005184102941275026,-7.154428571428573e-05,0.0002760584469083624,0.9230769230769231,0.03076923076923077
2022-10-01 00:00:00+00:00,-0.8232248821977245,-0.8461538461538461,-0.5384615384615384,0.6760457144843857,0.6832162639164021,0.7063192830484792,0.02371573562577113,19.599148924394985,0.6923076923076923,-0.00541407726812837,-4.8463571428571446e-05,0.000264301775891227,0.9230769230769231,0.03076923076923077
2022-10-02 00:00:00+00:00,-0.8186126217777782,-0.8461538461538461,-0.5384615384615384,0.6739945610077139,0.7093296172401417,0.7056546998611297,0.023934702169700225,19.599148924394985,0.15384615384615385,-0.005632501337899054,-3.9737857142857155e-05,0.0002559948257873366,0.9230769230769231,0.015384615384615385
2022-10-03 00:00:00+00:00,-0.8439724367140443,-0.6923076923076923,-0.6923076923076923,0.6763098848385148,0.5616741292110909,0.708499772265649,0.023528524020167394,19.599148924394985,0.23076923076923078,-0.00625748817854499,-4.427642857142859e-05,0.00025322692382693634,1.0,0.015384615384615385
2022-10-04 00:00:00+00:00,-0.6682223886145011,-0.6923076923076923,-0.5384615384615384,0.6882308106894399,0.5490576713974431,0.7124727933246253,0.0227751877663707,19.557228492888214,0.15384615384615385,-0.00562777405519288,-2.751428571428573e-05,0.0002375892095585236,0.9230769230769231,0.0
2022-10-05 00:00:00+00:00,-0.5302326796809675,-0.3846153846153846,-0.3846153846153846,0.6973451647559494,0.5964734624916056,0.7122096697251455,0.022973205286745686,19.599148924394985,0.38461538461538464,-0.004964634940949009,-1.2775714285714302e-05,0.00023246281452518272,0.8461538461538461,0.0
2022-10-06 00:00:00+00:00,-0.5309622936779839,-0.5384615384615384,-0.3846153846153846,0.69682384586486,0.5884633136205756,0.711411522908176,0.022121352105082807,19.557228492888214,0.3076923076923077,-0.004197739444365911,-3.2964285714285875e-06,0.00022468711984817029,0.9230769230769231,0.0
2022-10-07 00:00:00+00:00,-0.5223796658045403,-0.6923076923076923,-0.5384615384615384,0.6804041736671982,0.6125070078047664,0.7122315360408938,0.021348047684548253,19.557228492888214,0.38461538461538464,-0.00443246661554475,3.34692857142857e-05,0.00020737814123853614,0.9230769230769231,0.0
2022-10-08 00:00:00+00:00,-0.7920095127145085,-0.8461538461538461,-0.5384615384615384,0.6695956283112952,0.6125070078047664,0.7115868898259728,0.021568623050287113,19.557228492888214,0.3076923076923077,-0.005213132298512391,4.391642857142856e-05,0.00019896790711821763,0.9230769230769231,0.0
2022-10-09 00:00:00+00:00,-0.7484588330834481,-0.8461538461538461,-0.6923076923076923,0.6696039889930058,0.5903956427157075,0.7119589451663577,0.02036497690916237,19.50040082019352,0.07692307692307693,-0.005318749048896287,4.566785714285713e-05,0.00019167523616620422,0.9230769230769231,0.0
2022-10-10 00:00:00+00:00,-0.7632914258420397,-0.8461538461538461,-0.5384615384615384,0.607432029126431,0.568708396759684,0.7073432000335568,0.01955200385852401,19.467112152288525,0.07692307692307693,-0.004726972932700302,5.20142857142857e-05,0.0001801622486048308,0.9230769230769231,0.0
2022-10-11 00:00:00+00:00,-0.9727762914446174,-0.8461538461538461,-0.6923076923076923,0.6005402506583747,0.7182380280799461,0.7095170436453093,0.01903767092654449,19.467112152288525,0.38461538461538464,-0.005473778007346997,7.420071428571428e-05,0.00016790322251767929,0.9230769230769231,0.03076923076923077
2022-10-12 00:00:00+00:00,-0.8709424330197482,-0.8461538461538461,-0.8461538461538461,0.5996531043128706,0.722835412646089,0.7091845342730688,0.018214845320395353,19.443759776216815,0.23076923076923078,-0.005969019579893264,7.762571428571427e-05,0.00017337255574836528,0.9230769230769231,0.046153846153846156
2022-10-13 00:00:00+00:00,-1.087198361687453,-0.8461538461538461,-0.8461538461538461,0.601790719131492,0.7284594922770713,0.711024579386365,0.016359525598397158,19.419358352731482,0.15384615384615385,-0.006614409549489164,0.00010152714285714283,0.00016175089412150874,0.9230769230769231,0.06153846153846154
2022-10-14 00:00:00+00:00,-1.1019817570110308,-0.8461538461538461,-0.8461538461538461,0.5103952802270237,0.7521627421253068,0.7221741566702772,0.015779355719872497,19.419358352731482,1.0,-0.007625119575331296,7.618357142857141e-05,0.00017353592915432878,1.0,0.06153846153846154
2022-10-15 00:00:00+00:00,-1.2314688476781437,-0.8461538461538461,-0.8461538461538461,0.5023750266965569,0.767700125719848,0.716838647497343,0.015958991925201324,19.374202320882716,0.3076923076923077,-0.00805596712443224,6.676499999999997e-05,0.00017325301005734935,0.8461538461538461,0.06153846153846154
2022-10-16 00:00:00+00:00,-1.3015297664087848,-0.8461538461538461,-0.8461538461538461,0.45240738374394607,0.8132178502255007,0.7261227062220138,0.015939629014013974,19.329272347870138,0.15384615384615385,-0.007845921701432446,5.207571428571426e-05,0.00017381903486366135,0.9230769230769231,0.046153846153846156
2022-10-17 00:00:00+00:00,-1.1765097986988167,-0.8461538461538461,-0.8461538461538461,0.4568340212956609,0.8357232919798291,0.7314777175481628,0.015318364429049455,19.29685542352913,0.15384615384615385,-0.007734953276806178,4.9456428571428545e-05,0.00017369880758220525,1.0,0.03076923076923077
2022-10-18 00:00:00+00:00,-1.0582308573361696,-0.8461538461538461,-0.8461538461538461,0.45535145533896465,0.7942173567270593,0.7349902230390541,0.014926999655461293,19.222473345813132,0.15384615384615385,-0.007248961196471448,4.815928571428569e-05,0.00017018547014057854,0.9230769230769231,0.015384615384615385
2022-10-19 00:00:00+00:00,-1.0669438592833211,-0.8461538461538461,-0.8461538461538461,0.3963025698734752,0.8284014700749044,0.6997125368117847,0.014659755729502072,19.167445251487038,0.15384615384615385,-0.007737567679641955,4.9970714285714266e-05,0.00017687636463670006,1.0,0.015384615384615385
2022-10-20 00:00:00+00:00,-1.0419756446261792,-0.8461538461538461,-0.8461538461538461,0.39352169639113954,0.8326390494782436,0.70488031970038,0.014300214959729754,19.140995363003732,0.23076923076923078,-0.008749819544966897,5.40542857142857e-05,0.00018887978046768598,1.0,0.015384615384615385
2022-10-21 00:00:00+00:00,-1.0540933083776063,-0.8461538461538461,-0.8461538461538461,0.3723514463346382,0.812065728140588,0.7031686357905939,0.014470063586072373,19.140995363003732,0.15384615384615385,-0.009070326030985065,5.296571428571427e-05,0.0001897306045016372,1.0,0.015384615384615385
2022-10-22 00:00:00+00:00,-0.6242423240499172,-0.8461538461538461,-0.8461538461538461,0.3426229162824979,0.8043041208812257,0.7115519360537219,0.01438043741117045,19.167445251487038,0.38461538461538464,-0.008672276054074946,4.4719999999999985e-05,0.00019572597961557028,1.0,0.015384615384615385
2022-10-23 00:00:00+00:00,-0.5826276281300662,-0.8461538461538461,-0.8461538461538461,0.2794324685742699,0.8123309222420145,0.715643141093788,0.013705348485277108,19.13883551586246,0.07692307692307693,-0.007211656488561591,2.3330714285714264e-05,0.0002059968674543076,1.0,0.015384615384615385
2022-10-24 00:00:00+00:00,-0.5553138435890687,-0.8461538461538461,-0.8461538461538461,0.2964351085072138,0.819373827280747,0.7167459408307053,0.01375064568273239,19.057046304762615,0.07692307692307693,-0.00644036116530089,2.630357142857141e-05,0.00021236277569055637,1.0,0.015384615384615385
2022-10-25 00:00:00+00:00,-0.6100019761596588,-0.8461538461538461,-0.8461538461538461,0.2966006045240531,0.6880343283937846,0.7180369225735226,0.013238185992138357,18.994061139045606,0.07692307692307693,-0.007591684134625243,2.1909999999999978e-05,0.0002236749762249774,1.0,0.015384615384615385
2022-10-26 00:00:00+00:00,-0.40751586189313166,-0.8461538461538461,-0.6923076923076923,0.35941698480897905,0.7817984969167923,0.6947106373537434,0.014162327747990417,18.994061139045606,0.8461538461538461,-0.006923453489271814,1.3762142857142836e-05,0.00022118124089739988,1.0,0.0
2022-10-27 00:00:00+00:00,-0.16706653191984136,-0.5384615384615384,-0.23076923076923073,0.38998102882090063,1.0102184487328303,0.6867583228357685,0.015393646006009199,18.994061139045606,0.7692307692307693,-0.006222566998501322,1.7344285714285695e-05,0.00022345847110574017,0.9230769230769231,0.07692307692307693
2022-10-28 00:00:00+00:00,-0.3412832658772082,-0.6923076923076923,-0.5384615384615384,0.40438974209451145,0.8974912683747593,0.6805585218801026,0.01567031419485556,19.050198161678164,0.7692307692307693,-0.006057390868048518,3.681714285714284e-05,0.00020834984113036827,1.0,0.07692307692307693
2022-10-29 00:00:00+00:00,0.10045835939124567,0.3846153846153846,-0.3846153846153846,0.40764177298080595,0.9385568304971671,0.6717245891296417,0.01638908229779767,19.13883551586246,0.6153846153846154,-0.005034814095479512,3.553999999999998e-05,0.00020356717054164196,0.7692307692307693,0.07692307692307693
2022-10-30 00:00:00+00:00,0.2528607682984719,0.5384615384615385,0.07692307692307687,0.4149232749000531,0.9131505692883455,0.6486874890763118,0.020844014598406208,19.177994496560544,0.6923076923076923,-0.005242568377281487,5.7527142857142836e-05,0.00020157255465445755,0.7692307692307693,0.07692307692307693
2022-10-31 00:00:00+00:00,0.3417786033698541,0.5384615384615385,-0.23076923076923073,0.4176812904408659,0.9199575104980954,0.6472096937720313,0.020652797752010295,19.177994496560544,0.23076923076923078,-0.005091159516886379,7.575499999999998e-05,0.00019906331718074245,0.8461538461538461,0.07692307692307693
2022-11-01 00:00:00+00:00,0.05192296989196504,0.07692307692307687,-0.23076923076923073,0.4176355567392154,0.8906597333308826,0.6469358306376949,0.021198033850689593,19.177994496560544,0.6153846153846154,-0.004510806506705101,8.527142857142857e-05,0.0002001090908526439,0.8461538461538461,0.0
2022-11-02 00:00:00+00:00,0.14965655762408742,0.3846153846153846,-0.23076923076923073,0.40847325039022675,0.8898168664711967,0.6493751449761691,0.022458110704415852,19.22007071165514,0.15384615384615385,-0.004709058005613886,8.090714285714285e-05,0.00019576030115452984,0.8461538461538461,0.015384615384615385
2022-11-03 00:00:00+00:00,-0.04010036119002842,-0.07692307692307687,-0.3846153846153846,0.41077136883757315,0.9172830131619601,0.6398348546106324,0.024138166383769016,19.22007071165514,0.9230769230769231,-0.004349831251194314,7.000857142857141e-05,0.00018918787686571882,0.8461538461538461,0.03076923076923077
2022-11-04 00:00:00+00:00,-0.06886722761948563,-0.07692307692307687,-0.07692307692307687,0.39719263072483574,0.8917516650881296,0.6398782842850289,0.024129604626179642,19.3168053975565,0.38461538461538464,-0.004037870195587101,5.4793571428571414e-05,0.0001932838854347243,0.8461538461538461,0.03076923076923077
2022-11-05 00:00:00+00:00,0.21472007360650103,0.5384615384615385,0.3846153846153846,0.44182043528351406,0.8917516650881296,0.6621355805495208,0.024676665235788892,19.502005128598363,0.9230769230769231,-0.003126829241144935,6.893999999999999e-05,0.0001851007820206258,0.6153846153846154,0.03076923076923077
2022-11-06 00:00:00+00:00,0.24405988950884122,0.5384615384615385,0.3846153846153846,0.4411721713091632,0.8936477558258564,0.6391307479528339,0.02550466114786981,19.63779793619397,0.6153846153846154,-0.003036303143300667,9.751214285714283e-05,0.00017760415292575899,0.6153846153846154,0.03076923076923077
2022-11-07 00:00:00+00:00,0.07901703515967817,0.07692307692307687,0.07692307692307687,0.44794912043574076,1.0123212513548134,0.6410382987050287,0.02662391593775859,19.646649297056314,0.46153846153846156,-0.00427009063917777,0.00010814999999999999,0.0001733956914786624,0.8461538461538461,0.06153846153846154
2022-11-08 00:00:00+00:00,0.017464814116273104,-0.07692307692307687,0.07692307692307687,0.44755397455848556,1.0108364091100284,0.6333250079363801,0.02829545693652527,19.667913704286008,0.6153846153846154,-0.003939306465763015,0.00010789999999999997,0.00016998107145769483,0.7692307692307693,0.06153846153846154
2022-11-09 00:00:00+00:00,-0.3141461017993756,-0.23076923076923073,-0.3846153846153846,0.6550343136508047,0.9552243078882027,0.6898849956174526,0.03037143213240706,19.739005253366237,1.0,-0.0037142639545735823,0.00010129214285714283,0.0002019112596160614,0.9230769230769231,0.10769230769230771
2022-11-10 00:00:00+00:00,-0.9241448885573774,-0.8461538461538461,-0.8461538461538461,0.885477650121956,0.9030767085217692,0.7468780527747065,0.03712618307667529,19.841267452494087,0.9230769230769231,-0.003710265980290728,3.804071428571427e-05,0.0011615643288682643,1.0,0.16923076923076924
2022-11-11 00:00:00+00:00,-0.4695130908601281,-0.3846153846153846,-0.5384615384615384,1.008111599526809,0.9252478156643559,0.7842218960438228,0.04054788457144386,19.908572976728514,0.9230769230769231,-0.003107560478914473,-6.185000000000001e-05,0.004528842357170511,1.0,0.16923076923076924
2022-11-12 00:00:00+00:00,-0.7621775528990922,-0.5384615384615384,-0.6923076923076923,1.0094407194436537,0.9370843687605933,0.7840336168513673,0.04145363336828803,19.935841469576843,0.6923076923076923,-0.003818234199802706,-8.195642857142859e-05,0.005231119293009887,1.0,0.16923076923076924
2022-11-13 00:00:00+00:00,-0.8908302198089164,-0.6923076923076923,-0.6923076923076923,1.0112003874309696,1.0525500682237616,0.7757830815829814,0.04304605813754807,19.935841469576843,0.46153846153846156,-0.004492089245979103,-9.162714285714286e-05,0.005570205069049158,1.0,0.16923076923076924
2022-11-14 00:00:00+00:00,-0.9812651510122626,-0.8461538461538461,-0.6923076923076923,1.01538620579095,1.0731933793627213,0.7702049072931786,0.043943444356546305,19.935841469576843,0.3076923076923077,-0.0044578880862623516,-0.00011577642857142859,0.005732777199862684,1.0,0.13846153846153847
2022-11-15 00:00:00+00:00,-0.9222061195665182,-0.6923076923076923,-0.6923076923076923,1.0176853531636039,1.0782662812073553,0.7703708834948453,0.043953197829748394,19.935841469576843,0.7692307692307693,-0.005172845640494472,-0.00012803642857142858,0.006012848610543381,1.0,0.09230769230769231
2022-11-16 00:00:00+00:00,-0.623583309629358,-0.6923076923076923,-0.6923076923076923,1.0166547339833762,1.0782638605283659,0.7724192593333499,0.04255016951377198,19.935841469576843,0.5384615384615384,-0.005463986776636509,-0.0001329157142857143,0.006111185594904453,1.0,0.09230769230769231
2022-11-17 00:00:00+00:00,-0.7580020407394553,-0.6923076923076923,-0.6923076923076923,1.016190301307773,1.0806736124723997,0.7708449093490086,0.04203072000000595,19.935841469576843,0.46153846153846156,-0.005816859688325404,-0.0001336564285714286,0.006252111714750784,1.0,0.046153846153846156
2022-11-18 00:00:00+00:00,-0.5833112289690654,-0.5384615384615384,-0.6923076923076923,1.0156547518655168,1.09457576578307,0.7643772863126908,0.04244221012651292,19.935841469576843,0.38461538461538464,-0.005971934296727099,-0.00012953428571428572,0.006389188757432195,0.9230769230769231,0.03076923076923077
2022-11-19 00:00:00+00:00,-0.5329905677362432,-0.5384615384615384,-0.6923076923076923,1.0153188022586737,1.1033889432433663,0.7659097976535005,0.038076634077860605,19.883459168246077,0.15384615384615385,-0.006137174135757983,-0.0001380764285714286,0.006442523791733547,0.9230769230769231,0.015384615384615385
2022-11-20 00:00:00+00:00,-0.5895662737667885,-0.5384615384615384,-0.6923076923076923,1.0154892339607244,1.1049920975033347,0.7696349522003936,0.03781779384784539,19.883459168246077,0.23076923076923078,-0.005224495632423554,-0.00015261428571428573,0.006477787918027861,0.9230769230769231,0.0
2022-11-21 00:00:00+00:00,-0.5294103345728183,-0.5384615384615384,-0.6923076923076923,1.0245977000866993,1.1091022610679222,0.7748125868357154,0.03769546708978074,19.821669359817207,0.3076923076923077,-0.006169988582454988,-0.00017310214285714285,0.006510729578386385,1.0,0.015384615384615385
2022-11-22 00:00:00+00:00,-0.6862077850142831,-0.6923076923076923,-0.6923076923076923,1.0276937459477666,1.0851647616518993,0.7726902070645714,0.037056818551906456,19.883459168246077,0.7692307692307693,-0.005972634850134717,-0.00018936000000000002,0.00654962411884345,1.0,0.015384615384615385
2022-11-23 00:00:00+00:00,-0.4788114010303533,-0.5384615384615384,-0.6923076923076923,1.027736301677976,0.988830215267906,0.7690368799436735,0.03671842023748187,19.883459168246077,0.5384615384615384,-0.004762914124958606,-0.00018485428571428573,0.00654267606198895,0.9230769230769231,0.03076923076923077
2022-11-24 00:00:00+00:00,-0.2488112431578141,-0.23076923076923073,-0.5384615384615384,1.0352269993804817,0.8022613331383316,0.768579921114313,0.03784381010960091,19.883459168246077,0.5384615384615384,-0.004486935248763424,-0.00011827071428571431,0.005611570594049005,0.9230769230769231,0.03076923076923077
2022-11-25 00:00:00+00:00,-0.4122064731919413,-0.5384615384615384,-0.3846153846153846,1.0093929130131254,0.8239060460086203,0.7684954660946521,0.0372449144377632,19.82691833044006,0.6153846153846154,-0.004837446345033025,-2.190571428571431e-05,0.0023413375177729215,0.9230769230769231,0.03076923076923077
2022-11-26 00:00:00+00:00,-0.4173064920396901,-0.5384615384615384,-0.5384615384615384,0.9872382429625564,0.6133011634492056,0.7682205786685482,0.03756416629660154,19.815019776179696,0.46153846153846156,-0.0049168332167440765,2.4714285714283566e-07,0.0017090622929070032,0.9230769230769231,0.03076923076923077
2022-11-27 00:00:00+00:00,-0.3712777302182877,-0.5384615384615384,-0.5384615384615384,0.9849902987038067,0.5380156010500967,0.7670948182517364,0.03706049089085563,19.82691833044006,0.3076923076923077,-0.00396310756938123,-2.95857142857145e-06,0.0014054830162612728,0.9230769230769231,0.03076923076923077
2022-11-28 00:00:00+00:00,-0.3524658391180367,-0.5384615384615384,-0.5384615384615384,0.9799695715449899,0.5490306882013114,0.7661193671159778,0.036502423189843994,19.815019776179696,0.3076923076923077,-0.003934628146883223,-1.9135714285714502e-06,0.0012904746648222424,0.9230769230769231,0.015384615384615385
2022-11-29 00:00:00+00:00,-0.4986982295352058,-0.5384615384615384,-0.3846153846153846,0.9727760470461799,0.604772654148711,0.7666807856054293,0.034844107788643816,19.815019776179696,0.5384615384615384,-0.003727740242617572,-2.5771428571428786e-06,0.001169410281867871,0.9230769230769231,0.015384615384615385
2022-11-30 00:00:00+00:00,-0.38500468458197423,-0.5384615384615384,-0.3846153846153846,0.9811387329874357,0.6184510621525345,0.7679449470104208,0.02797227856644948,19.815019776179696,0.38461538461538464,-0.003187133079627258,8.161428571428551e-06,0.0010943258973218008,0.9230769230769231,0.03076923076923077
2022-12-01 00:00:00+00:00,-0.24978015245116694,-0.5384615384615384,-0.3846153846153846,1.00384771865471,0.7113266326443897,0.7705101721827533,0.02463245351244054,19.815019776179696,0.46153846153846156,-0.003424636166151185,1.3963571428571409e-05,0.0009979348830380143,0.9230769230769231,0.03076923076923077
2022-12-02 00:00:00+00:00,-0.3021475856414566,-0.5384615384615384,-0.3846153846153846,1.0036704304822825,0.7696869980318555,0.7722841711133805,0.02418025337645005,19.80765293906377,0.3076923076923077,-0.0036618593286030787,2.5839285714285694e-05,0.0009049669873046148,0.9230769230769231,0.03076923076923077
2022-12-03 00:00:00+00:00,-0.2448292778247023,-0.3846153846153846,-0.3846153846153846,1.0024849850614355,0.7866262877304157,0.7710620466939815,0.022574750871222092,19.80765293906377,0.38461538461538464,-0.003449675844321043,3.066642857142855e-05,0.0008976494654985717,0.9230769230769231,0.03076923076923077
2022-12-04 00:00:00+00:00,-0.3039564691208209,-0.5384615384615384,-0.3846153846153846,1.004620832117653,0.7868812938605405,0.7697902437946156,0.021857122939119827,19.80765293906377,0.15384615384615385,-0.003460527114024725,2.4080714285714265e-05,0.000862498005044794,0.9230769230769231,0.046153846153846156
2022-12-05 00:00:00+00:00,-0.16873702519525957,-0.23076923076923073,-0.3846153846153846,0.9826649503252638,0.6692214767579221,0.7703450165796283,0.02098743225459713,19.785976964731326,0.15384615384615385,-0.003623721737775143,2.6432857142857126e-05,0.0008406552404678899,0.9230769230769231,0.03076923076923077
2022-12-06 00:00:00+00:00,-0.3135349426291913,-0.5384615384615384,-0.3846153846153846,0.9825487593189025,0.6939654330252361,0.7702751584633726,0.021348614789662983,19.785976964731326,0.38461538461538464,-0.004358334889437987,4.0009285714285695e-05,0.0008089119530982059,0.9230769230769231,0.015384615384615385
2022-12-07 00:00:00+00:00,-0.3917397693347272,-0.6923076923076923,-0.5384615384615384,0.9815367419490988,0.7330515392820587,0.7714565962286921,0.021393739740233637,19.785976964731326,0.23076923076923078,-0.003930169810118511,4.930214285714284e-05,0.0007929635592766566,0.9230769230769231,0.015384615384615385
2022-12-08 00:00:00+00:00,-0.440625567981127,-0.6923076923076923,-0.6923076923076923,0.983218848437259,0.719094597733417,0.7700171709053215,0.021009929692580708,19.717168135982163,0.3076923076923077,-0.004690153816586051,3.900285714285712e-05,0.0007642244299489329,0.9230769230769231,0.015384615384615385
2022-12-09 00:00:00+00:00,-0.3235599369614864,-0.5384615384615384,-0.5384615384615384,0.8801140077075651,0.7101725274941743,0.7703902974105106,0.020856388705490038,19.690392668179634,0.23076923076923078,-0.00431428004092671,3.487499999999998e-05,0.0006741345254992773,0.9230769230769231,0.0
2022-12-10 00:00:00+00:00,-0.29432366293595297,-0.5384615384615384,-0.6923076923076923,0.6325151830588515,0.7093402213918235,0.770682527505599,0.020948541113267743,19.690392668179634,0.23076923076923078,-0.004726423129389812,3.6407857142857124e-05,0.0006078012339404052,0.9230769230769231,0.0
2022-12-11 00:00:00+00:00,-0.26162118956802866,-0.5384615384615384,-0.5384615384615384,0.4285195712816264,0.7064515867318572,0.7710827577356358,0.020001175688059234,19.68702274149664,0.0,-0.0037386461288926864,3.2888571428571407e-05,0.0005788702586515747,0.9230769230769231,0.0
2022-12-12 00:00:00+00:00,-0.28156309998918,-0.5384615384615384,-0.6923076923076923,0.42358284704957894,0.7403172687078609,0.7713232503335976,0.019493582315036416,19.568476021422107,0.07692307692307693,-0.0046515425923084885,4.157142857142854e-05,0.0005456759748394043,0.9230769230769231,0.015384615384615385
2022-12-13 00:00:00+00:00,-0.18861826493412723,-0.5384615384615384,-0.6923076923076923,0.41859896072025343,0.7883233597037024,0.7707938915471931,0.018297610082554566,19.52557589772647,0.38461538461538464,-0.005675167949901749,3.887785714285712e-05,0.0004129623192119009,0.9230769230769231,0.015384615384615385
2022-12-14 00:00:00+00:00,-0.05998287672358864,-0.3846153846153846,-0.6923076923076923,0.4202372225945183,0.7708958105201441,0.7746534990957036,0.016944684971634424,19.52557589772647,0.7692307692307693,-0.005844431777027814,3.9826428571428544e-05,0.0004124850403928444,0.9230769230769231,0.03076923076923077
2022-12-15 00:00:00+00:00,-0.09930092412320611,-0.5384615384615384,-0.6923076923076923,0.41742477432588965,0.8283996427882727,0.7758539582154708,0.016942045378238336,19.52557589772647,0.5384615384615384,-0.006438085326373355,5.545285714285712e-05,0.0003912481537371245,0.9230769230769231,0.03076923076923077
2022-12-16 00:00:00+00:00,-0.19958564552115113,-0.6923076923076923,-0.6923076923076923,0.42924219817564463,0.76632356794811,0.7754885829114252,0.0158940643013585,19.4939956295458,0.23076923076923078,-0.006962386835827672,6.913285714285711e-05,0.00035419671366212693,0.9230769230769231,0.03076923076923077
2022-12-17 00:00:00+00:00,-0.3856787848982459,-0.6923076923076923,-0.8461538461538461,0.4768143949838009,0.8708507541097801,0.7833296134681021,0.01633083436987058,19.4939956295458,0.7692307692307693,-0.007919626777495303,7.54135714285714e-05,0.0003227595609808875,1.0,0.07692307692307693
2022-12-18 00:00:00+00:00,-0.3109081139350215,-0.6923076923076923,-0.8461538461538461,0.4787833904179709,0.8742762073874296,0.7817231854076379,0.015555169970893967,19.4939956295458,0.23076923076923078,-0.007517165088855304,6.253071428571426e-05,0.00037417804875182855,1.0,0.07692307692307693
2022-12-19 00:00:00+00:00,-0.3738530125222087,-0.6923076923076923,-0.8461538461538461,0.47846143331718616,0.8742762073874296,0.780732782763368,0.015051484053725264,19.432351021380946,0.23076923076923078,-0.007306805496963942,3.4108571428571405e-05,0.00040232633774902937,1.0,0.06153846153846154
2022-12-20 00:00:00+00:00,-0.47590857715269225,-0.6923076923076923,-0.8461538461538461,0.48127286893586774,0.9605978429237851,0.7828871540602997,0.015300244764657439,19.394796163181915,0.46153846153846156,-0.008061353313141062,2.5457857142857122e-05,0.0004280591551145001,1.0,0.07692307692307693
2022-12-21 00:00:00+00:00,-0.32456780445927913,-0.6923076923076923,-0.8461538461538461,0.46965461677410414,0.9605978429237851,0.7852893551039504,0.015001611856143997,19.385788737002613,0.38461538461538464,-0.0075865281878195745,4.626428571428549e-06,0.000431578341242455,1.0,0.07692307692307693
2022-12-22 00:00:00+00:00,-0.2878595568634637,-0.6923076923076923,-0.8461538461538461,0.45511363911936425,0.9737566464525919,0.7850154201294604,0.014688330353783719,19.376031097783077,0.07692307692307693,-0.007394463487581493,-2.179285714285735e-06,0.00044269842935420594,1.0,0.015384615384615385
2022-12-23 00:00:00+00:00,-0.27346744429040953,-0.6923076923076923,-0.8461538461538461,0.44555664668297656,0.9722085631815525,0.7845049318165466,0.01486118376893679,19.317922335202944,0.23076923076923078,-0.007468118552333536,-1.2244285714285737e-05,0.00045118906587754377,1.0,0.015384615384615385
2022-12-24 00:00:00+00:00,-0.3043828362421639,-0.6923076923076923,-0.8461538461538461,0.43312634815955087,0.9961188347572821,0.7834601792831409,0.014704962391302942,19.317922335202944,0.07692307692307693,-0.006764420057543519,-8.230714285714307e-06,0.0004617572934840517,1.0,0.015384615384615385
2022-12-25 00:00:00+00:00,-0.31941958493663747,-0.6923076923076923,-0.8461538461538461,0.43236661783002733,0.9961188347572821,0.7859341655584888,0.014471776013401489,19.317922335202944,0.0,-0.006698914213328966,-2.1121428571428767e-06,0.000501220474949332,1.0,0.0
2022-12-26 00:00:00+00:00,-0.4120509376369488,-0.6923076923076923,-0.8461538461538461,0.4320839209438718,0.9430126477107273,0.7865071326703807,0.014478897608281086,19.203362604605104,0.07692307692307693,-0.00627776872045549,-6.088571428571447e-06,0.0005123057824216554,1.0,0.0
2022-12-27 00:00:00+00:00,-0.34822400690856237,-0.6923076923076923,-0.8461538461538461,0.4325866393486687,0.8519682569017761,0.7868992430342617,0.014559001349130064,19.117367240895817,0.07692307692307693,-0.0056382234247461804,-5.221428571428768e-07,0.0005005702792289314,1.0,0.0
2022-12-28 00:00:00+00:00,-0.5902273014937017,-0.6923076923076923,-0.8461538461538461,0.43474200129057833,0.8054092468942932,0.7856615832835168,0.01413113376833236,19.117367240895817,0.15384615384615385,-0.005248458395140154,-7.447142857142876e-06,0.0004809398372688699,1.0,0.0
2022-12-29 00:00:00+00:00,-0.8125101183280852,-0.8461538461538461,-0.8461538461538461,0.43283367635594117,0.7840256538836761,0.8021126783514109,0.015292051121309259,19.117367240895817,0.38461538461538464,-0.006170021261414305,-2.4561428571428594e-05,0.0004717958756527482,1.0,0.03076923076923077
2022-12-30 00:00:00+00:00,-0.6995038874898575,-0.8461538461538461,-0.8461538461538461,0.422746334572941,0.9113306934218242,0.803425188418461,0.015170984216788327,19.117367240895817,0.07692307692307693,-0.005682078782157152,-3.658714285714288e-05,0.00047779989053411883,1.0,0.046153846153846156
2022-12-31 00:00:00+00:00,-0.771728437505403,-0.8461538461538461,-0.8461538461538461,0.37764714137896455,0.7487726186305766,0.8050239354620217,0.015815118458469474,19.203362604605104,0.15384615384615385,-0.005554545475600914,-4.3758571428571457e-05,0.0005973465097954703,1.0,0.046153846153846156
2023-01-01 00:00:00+00:00,-0.870614575051217,-0.8461538461538461,-0.8461538461538461,0.3757386380889877,0.6635937173670952,0.8089671588037968,0.01590557262267015,19.203362604605104,0.15384615384615385,-0.004132038911417335,-2.9252142857142877e-05,0.0006430245618596282,1.0,0.046153846153846156
2023-01-02 00:00:00+00:00,-0.8144257835123642,-0.8461538461538461,-0.8461538461538461,0.3736368843111425,0.620418939328458,0.8157745417523904,0.01560699377587503,19.19482672937444,0.07692307692307693,-0.0036590336141086865,1.3949285714285696e-05,0.0006440577692546629,1.0,0.046153846153846156
2023-01-03 00:00:00+00:00,-0.7613790788631164,-0.8461538461538461,-0.8461538461538461,0.36269802126639167,0.6047592568811184,0.8166758489592406,0.01646498052154554,19.19482672937444,0.23076923076923078,-0.0034515552341077838,1.6399999999999832e-06,0.0006439675833726971,0.9230769230769231,0.015384615384615385
2023-01-04 00:00:00+00:00,-0.7652675129739205,-0.8461538461538461,-0.8461538461538461,0.35350259671714235,0.6266654679583212,0.8105483673876355,0.0180323720522616,19.179044021519353,0.15384615384615385,-0.0033247692579823074,1.84942857142857e-05,0.0008710526733941362,0.9230769230769231,0.0
2023-01-05 00:00:00+00:00,-0.6012580987270443,-0.8461538461538461,-0.8461538461538461,0.3605496440189478,0.6678358077897208,0.8106240241716112,0.018198686947502873,19.179044021519353,0.6923076923076923,-0.00247014996039735,3.365357142857141e-05,0.001130987278628063,0.9230769230769231,0.0
2023-01-06 00:00:00+00:00,-0.629030455563165,-0.8461538461538461,-0.8461538461538461,0.3593428126463246,0.6902211118759138,0.8091834088575681,0.01729598786592152,19.179044021519353,0.38461538461538464,-0.0016882931689337077,5.494642857142856e-05,0.0011678240522415896,0.9230769230769231,0.0
2023-01-07 00:00:00+00:00,-0.8025351542020893,-0.8461538461538461,-0.8461538461538461,0.35158127267697087,0.6753009018486418,0.8153351332171364,0.01706961245869392,19.248522077006385,0.46153846153846156,-0.001569094387469605,5.894642857142856e-05,0.0012856995503163391,0.9230769230769231,0.015384615384615385
2023-01-08 00:00:00+00:00,-0.8033343636359142,-0.8461538461538461,-0.8461538461538461,0.33424971113770086,0.6627012493714554,0.8037506705453128,0.01694481645073157,19.248522077006385,0.07692307692307693,-0.0014034710877119383,6.39092857142857e-05,0.001268951066539742,0.9230769230769231,0.015384615384615385
2023-01-09 00:00:00+00:00,-0.6593889398540285,-0.8461538461538461,-0.8461538461538461,0.33720982456756193,0.6681671398271674,0.7345261772448145,0.017150411949319162,19.248522077006385,0.23076923076923078,0.000391016550237544,7.923857142857142e-05,0.0012650506335647952,0.9230769230769231,0.015384615384615385
2023-01-10 00:00:00+00:00,-0.5890996641796727,-0.8461538461538461,-0.6923076923076923,0.34010560994952527,0.7219870303621906,0.6254464001758634,0.018321809098811585,19.250739394681034,1.0,-0.00022196111992556222,9.205499999999999e-05,0.00125538686159076,0.9230769230769231,0.03076923076923077
2023-01-11 00:00:00+00:00,-0.11171201564572127,-0.5384615384615384,-0.6923076923076923,0.3425703024058291,0.7253750582755444,0.6254289318862358,0.018387365123041146,19.32492186845104,0.5384615384615384,-0.00012429946957226434,0.00010971285714285712,0.0012526090391354638,0.9230769230769231,0.03076923076923077
2023-01-12 00:00:00+00:00,0.8504810311188867,0.8461538461538463,-0.23076923076923073,0.3605829785453727,0.7178396907114839,0.63353553539521,0.018462183755529854,19.39944989543538,0.8461538461538461,3.8438347124913896e-05,0.00012546714285714285,0.0012436332496401968,0.9230769230769231,0.06153846153846154
2023-01-13 00:00:00+00:00,0.47602118104130725,-0.23076923076923073,0.07692307692307687,0.3602757443010081,0.7297487642427538,0.6194018744678388,0.01902682379809575,19.43638716444155,1.0,-0.00016528200391280334,0.00014093571428571428,0.0012311699096864785,0.8461538461538461,0.09230769230769231
2023-01-14 00:00:00+00:00,0.8226453251958296,0.3846153846153846,0.3846153846153846,0.38310047495548866,0.6705094949366411,0.6328757378023776,0.019734060731492253,19.53033418559655,1.0,4.9144913718102146e-05,0.0001580585714285714,0.0011078199262646166,0.6923076923076923,0.10769230769230771
2023-01-15 00:00:00+00:00,1.236461049047657,0.8461538461538463,0.8461538461538463,0.4100391010610587,0.8337673572843762,0.6300237191648078,0.022497796033778918,19.6564419357115,1.0,0.00022545938172990887,0.0001917542857142857,0.0010164821440566988,0.6153846153846154,0.16923076923076924
2023-01-16 00:00:00+00:00,1.4245419491187246,1.0,0.6923076923076923,0.32729605814228346,0.8805680285308853,0.6278208767610919,0.02257992978585437,19.6564419357115,0.6923076923076923,-0.0005311867380650703,0.00019840357142857142,0.0009804813334082986,0.6153846153846154,0.16923076923076924
2023-01-17 00:00:00+00:00,1.4099518677529363,0.6923076923076923,0.6923076923076923,0.32767945378880414,0.9851824209627225,0.6317017516000274,0.022765051108557918,19.731109004575785,0.9230769230769231,-0.0008135616212329166,0.0002345885714285714,0.0009456353874985493,0.6153846153846154,0.16923076923076924
2023-01-18 00:00:00+00:00,1.3083528780614502,0.6923076923076923,0.6923076923076923,0.328698531320098,0.9755033410397294,0.6302071022726153,0.02195920772357474,19.732474370836833,0.7692307692307693,-0.0004747807042900787,0.0002528985714285714,0.000697077382806237,0.6153846153846154,0.13846153846153847
2023-01-19 00:00:00+00:00,1.2635303499037511,0.5384615384615385,0.3846153846153846,0.3432737807170034,1.1017456357713813,0.6464224646652897,0.022291872980086863,19.77512466627365,1.0,-0.001373677019670061,0.00026375,0.0004209301078698468,0.6153846153846154,0.18461538461538463
2023-01-20 00:00:00+00:00,1.4195512977955695,0.8461538461538463,0.5384615384615385,0.33412431611784604,1.0344578668411661,0.6394575741197119,0.021741152821245065,19.77512466627365,0.38461538461538464,-0.0011607737606538215,0.0002745085714285714,0.0003812900220521675,0.6153846153846154,0.10769230769230771
2023-01-21 00:00:00+00:00,1.6754926169067264,1.0,1.0,0.39592423185171083,1.0636863071377456,0.6678533575655394,0.022780847755937812,19.77512466627365,0.6923076923076923,-0.0010522270746602946,0.0002819357142857143,0.0002532461206415973,0.6153846153846154,0.12307692307692308
2023-01-22 00:00:00+00:00,1.6237450106918,1.0,1.0,0.39933318717380123,1.0658651055958277,0.6744645051528257,0.023053947830096337,19.77512466627365,0.8461538461538461,-0.0018381786759020247,0.00029228285714285717,0.00022164598608851604,0.6153846153846154,0.09230769230769231
2023-01-23 00:00:00+00:00,1.9274966595234733,1.0,1.0,0.39975667568675666,1.0677600887408563,0.668754875567456,0.022445973737248034,19.77512466627365,0.7692307692307693,-0.00268718605827728,0.0003005771428571429,0.00019631450796463518,0.5384615384615384,0.09230769230769231
2023-01-24 00:00:00+00:00,2.1717253121034457,1.0,1.0,0.3992241698113713,1.091772323038282,0.6682563476340768,0.02105740579734488,19.808389094769673,0.8461538461538461,-0.002689045006827484,0.00031090714285714286,0.00019319536707447431,0.46153846153846156,0.03076923076923077
2023-01-25 00:00:00+00:00,1.8264860415665822,1.0,0.6923076923076923,0.41978471149264013,1.150589974119723,0.6906418670029434,0.02091991316388061,19.77512466627365,0.7692307692307693,-0.004085461524975742,0.00031090714285714286,0.0001916948851175819,0.6153846153846154,0.09230769230769231
2023-01-26 00:00:00+00:00,1.8106902235958027,1.0,1.0,0.4242960413011584,1.1014331448530903,0.7020832894657055,0.02111790154585205,19.77512466627365,0.6923076923076923,-0.004117468503241795,0.00031226714285714286,0.0001879590153289238,0.5384615384615384,0.07692307692307693
2023-01-27 00:00:00+00:00,1.737256748178549,1.0,1.0,0.4195867044022434,1.0357335049357181,0.7101821425622407,0.02120236812245931,19.749955474041677,0.6153846153846154,-0.004908332097238399,0.00031226714285714286,0.00018013637157809898,0.46153846153846156,0.06153846153846154
2023-01-28 00:00:00+00:00,1.7641357196359608,0.8461538461538463,1.0,0.4124299528450256,1.0172700415886993,0.7121476966354062,0.021179411661441355,19.749955474041677,0.6923076923076923,-0.005189997748968556,0.0003122671428571429,0.00016254991788401484,0.38461538461538464,0.06153846153846154
2023-01-29 00:00:00+00:00,1.703559574801658,0.6923076923076923,1.0,0.4179775074013409,0.888966626111323,0.7139242009683845,0.020407161019030076,19.749955474041677,0.15384615384615385,-0.007337279521460682,0.00030000000000000003,0.00015058270514211363,0.5384615384615384,0.06153846153846154
2023-01-30 00:00:00+00:00,1.9226790152973237,0.8461538461538463,1.0,0.42758065419748287,0.8904504555783408,0.7132943571295031,0.019775655450183775,19.749955474041677,0.6923076923076923,-0.007284616639364194,0.00030000000000000003,0.0001438277288871624,0.38461538461538464,0.015384615384615385
2023-01-31 00:00:00+00:00,1.7204521677417446,0.6923076923076923,1.0,0.4676099154986677,0.7631714835779817,0.7225371518499631,0.02022714595783986,19.749955474041677,1.0,-0.008268567391138792,0.00030000000000000003,0.00014531366794029395,0.6153846153846154,0.015384615384615385
2023-02-01 00:00:00+00:00,1.6513998909060308,0.6923076923076923,1.0,0.46718205344687214,0.7648490582942731,0.7191287806989296,0.020582579248640966,19.747012851772613,0.6153846153846154,-0.008461654910538907,0.00030000000000000003,0.00015098376114312505,0.5384615384615384,0.015384615384615385
2023-02-02 00:00:00+00:00,1.5705665564502642,0.6923076923076923,1.0,0.4724374570000844,0.6359532072763353,0.7165975743066683,0.020515660856477033,19.747012851772613,0.8461538461538461,-0.0087925799682676,0.00030000000000000003,0.00015471130078076998,0.38461538461538464,0.03076923076923077
2023-02-03 00:00:00+00:00,1.6210812711808698,0.6923076923076923,1.0,0.47409313236971157,0.6424189283625508,0.7161549669008308,0.020142272151777378,19.747012851772613,1.0,-0.009264856757645101,0.00030000000000000003,0.00014887955712725195,0.3076923076923077,0.03076923076923077
2023-02-04 00:00:00+00:00,1.5869977821433696,0.6923076923076923,1.0,0.47270499351202666,0.6931782038199695,0.7162028137022094,0.017408348163733076,19.738218334942545,0.6153846153846154,-0.009410458831899227,0.00030000000000000003,0.0001454792435889955,0.3076923076923077,0.015384615384615385
2023-02-05 00:00:00+00:00,1.7641044084899942,0.8461538461538463,1.0,0.47228028770471614,0.6709420348304245,0.7163795578592852,0.017132491772624596,19.738218334942545,0.15384615384615385,-0.00986391856698915,0.00030000000000000003,0.00014834605514454585,0.3076923076923077,0.015384615384615385
2023-02-06 00:00:00+00:00,1.5181786798004697,0.6923076923076923,1.0,0.48379847157907646,0.6709420348304245,0.7194556265771141,0.016898124248274003,19.728243248672165,0.5384615384615384,-0.010005519271926666,0.00030000000000000003,0.0001564874148638992,0.15384615384615385,0.015384615384615385
2023-02-07 00:00:00+00:00,1.5417899104207191,0.6923076923076923,1.0,0.48613391379299825,0.7207246365580406,0.7209453982492525,0.016550937793209895,19.700628430713675,0.46153846153846156,-0.010369234406173877,0.00030000000000000003,0.00015583889939427406,0.23076923076923078,0.0
2023-02-08 00:00:00+00:00,1.6374881252510698,0.8461538461538463,1.0,0.48995170875947663,0.6627321927559845,0.7293473747352734,0.016170687619354886,19.700628430713675,0.6923076923076923,-0.009230779271350631,0.00030000000000000003,0.0001562306439703288,0.07692307692307693,0.0
2023-02-09 00:00:00+00:00,1.7146523071957607,0.8461538461538463,1.0,0.4954245672489445,0.6663194293864267,0.7283149857751076,0.01651080031922629,19.707643623125097,0.6923076923076923,-0.009774525002256396,0.00030000000000000003,0.0001476367191983099,0.15384615384615385,0.0
2023-02-10 00:00:00+00:00,1.1442362904515742,0.5384615384615385,0.6923076923076923,0.548190865461791,0.765673176738348,0.743598958437777,0.016224543024126178,19.728243248672165,1.0,-0.011062291767226118,0.00030000000000000003,0.00015399373378025146,0.3076923076923077,0.015384615384615385
2023-02-11 00:00:00+00:00,1.114453689544188,0.6923076923076923,0.6923076923076923,0.5432237780708237,0.7827906277957982,0.7442309682741977,0.016120747245244864,19.738218334942545,0.6923076923076923,-0.010719390053488265,0.00028991214285714286,0.00018407981622720727,0.46153846153846156,0.015384615384615385
2023-02-12 00:00:00+00:00,1.1790616360853416,0.6923076923076923,0.6923076923076923,0.5338785792155801,0.7463960042166966,0.7458869194578196,0.015587771337843856,19.713680482994807,0.0,-0.009919198923945327,0.000273715,0.00022092714525785427,0.23076923076923078,0.015384615384615385
2023-02-13 00:00:00+00:00,1.1402656705899525,0.6923076923076923,0.6923076923076923,0.5191424117849256,0.6936226725878942,0.7466211543252858,0.015374111135429061,19.650048761785996,0.15384615384615385,-0.01008621887306188,0.00026026285714285716,0.0002532764226460674,0.46153846153846156,0.015384615384615385
2023-02-14 00:00:00+00:00,1.0767171265866422,0.5384615384615385,0.6923076923076923,0.47786752396320253,0.7001566920544937,0.7413926512281888,0.015621314531249639,19.713680482994807,1.0,-0.009253395398468811,0.00024953785714285716,0.0002725172846606706,0.6153846153846154,0.03076923076923077
2023-02-15 00:00:00+00:00,1.0388446653695964,0.5384615384615385,0.8461538461538463,0.4862464002199479,0.6884309219302537,0.7011813078025049,0.015821975345601556,19.74307462537194,0.6923076923076923,-0.009086257596788994,0.00024225285714285714,0.0002798151488277416,0.38461538461538464,0.015384615384615385
2023-02-16 00:00:00+00:00,1.3887011161996994,1.0,1.0,0.563329580096274,0.8756198353336534,0.7227395234809489,0.015752467401842846,19.75805881952811,0.8461538461538461,-0.007965090643039574,0.00023617071428571427,0.00029300040271773234,0.07692307692307693,0.07692307692307693
2023-02-17 00:00:00+00:00,1.3965087631001714,1.0,1.0,0.5730388225124623,1.062699532310712,0.7366827785858313,0.01596519933234406,19.76944485275302,1.0,-0.008306971196781254,0.0002361707142857143,0.0002841271816213072,0.15384615384615385,0.13846153846153847
2023-02-18 00:00:00+00:00,1.9874606194519426,1.0,1.0,0.5750526139686036,1.0651655238380044,0.7263472318364751,0.017414040553164485,19.803770918417754,0.9230769230769231,-0.007444448968900397,0.0002361707142857143,0.00029182963135296244,0.15384615384615385,0.15384615384615385
2023-02-19 00:00:00+00:00,1.9228356316129926,1.0,1.0,0.5717658234005434,1.0509094731793676,0.7206379376320274,0.017236253377834944,19.803770918417754,0.38461538461538464,-0.007731008597591071,0.00023617071428571427,0.0002876396672449022,0.15384615384615385,0.13846153846153847
2023-02-20 00:00:00+00:00,1.8751993516152439,1.0,1.0,0.5216816006181897,1.0529491894461311,0.7175951990128923,0.017442069985435057,19.803770918417754,0.6153846153846154,-0.007297694424927836,0.00023617071428571427,0.0002819202535696857,0.07692307692307693,0.13846153846153847
2023-02-21 00:00:00+00:00,2.0619520843052306,1.0,1.0,0.5242633674237761,1.0211135359242225,0.7150402381748153,0.017329987211596884,19.84865300590743,0.9230769230769231,-0.00736166583416431,0.0002361707142857143,0.0002799516925870049,0.07692307692307693,0.09230769230769231
2023-02-22 00:00:00+00:00,1.7730101989982265,1.0,1.0,0.5306330459843592,1.021206884038869,0.7195662833098836,0.017082617862840606,19.84865300590743,0.8461538461538461,-0.007921735961217813,0.0002361707142857143,0.00027815343772018817,0.07692307692307693,0.03076923076923077
2023-02-23 00:00:00+00:00,1.7291325539433313,1.0,1.0,0.5322673141091717,1.0227238525204099,0.7180161392362213,0.01697423578763511,19.851901356395146,0.9230769230769231,-0.008054305433993991,0.00023617071428571427,0.0002816433216449705,0.07692307692307693,0.015384615384615385
2023-02-24 00:00:00+00:00,1.705577677825907,1.0,0.8461538461538463,0.5217062174653863,1.0459897487866612,0.7196907268163206,0.01679060613789988,19.851901356395146,0.5384615384615384,-0.008110763920809894,0.00023617071428571427,0.0002780701187117205,0.07692307692307693,0.015384615384615385
2023-02-25 00:00:00+00:00,1.532563244918928,1.0,0.6923076923076923,0.5244218769717324,1.1434645291183183,0.7303239635217488,0.016936806399175934,19.870447463137182,0.6153846153846154,-0.008472593697011033,0.00024625857142857147,0.0002666117642386622,0.5384615384615384,0.03076923076923077
2023-02-26 00:00:00+00:00,1.4970860152500516,1.0,0.6923076923076923,0.524450520770935,1.1273189810941637,0.7309645810750582,0.016867774531780275,19.870447463137182,0.15384615384615385,-0.00818157636611333,0.0002530135714285714,0.0002424416573772283,0.46153846153846156,0.015384615384615385
2023-02-27 00:00:00+00:00,1.6133909625650056,1.0,0.6923076923076923,0.5305660401416998,1.1123880640068726,0.7284326721151144,0.016861464542760198,19.870447463137182,0.07692307692307693,-0.007528810732904123,0.0002500714285714286,0.00022231902220156506,0.46153846153846156,0.015384615384615385
2023-02-28 00:00:00+00:00,1.5591791893237275,1.0,0.6923076923076923,0.5296205784423216,1.1195966722412622,0.7309258666324295,0.016684847163499474,19.870447463137182,0.3076923076923077,-0.008437353459965435,0.00025432142857142857,0.00020693360054950855,0.46153846153846156,0.015384615384615385
2023-03-01 00:00:00+00:00,1.5411701158189424,1.0,0.6923076923076923,0.5149272289017769,1.116004018161673,0.7326008663672317,0.016840298365026377,19.870447463137182,0.3076923076923077,-0.008447641932899763,0.00025739857142857144,0.00020375950143616928,0.5384615384615384,0.015384615384615385
2023-03-02 00:00:00+00:00,1.7520539632181056,1.0,0.8461538461538463,0.49983679207563286,0.9970303638725343,0.7345828374253529,0.016124602010337757,19.82231702515979,0.3076923076923077,-0.007336649993125388,0.0002565821428571429,0.00019533210798074866,0.3076923076923077,0.0
2023-03-03 00:00:00+00:00,1.6680908261519265,1.0,0.6923076923076923,0.4994450984035107,0.6499284227159108,0.7341154101634325,0.016380196358017428,19.80342685935126,0.23076923076923078,-0.007732115294859898,0.00025351785714285716,0.000208092400270392,0.46153846153846156,0.0
2023-03-04 00:00:00+00:00,1.3780823835071618,1.0,0.6923076923076923,0.516373100210705,0.6450863840185785,0.7291298670910773,0.017505957170889402,19.86599299025952,0.6923076923076923,-0.009165825791623117,0.0002360685714285714,0.0002172660756789413,0.7692307692307693,0.0
2023-03-05 00:00:00+00:00,1.3900701338068902,1.0,0.6923076923076923,0.5162894421102273,0.714808422761602,0.7343555252435038,0.017715883959296703,19.86599299025952,0.07692307692307693,-0.009131359102397152,0.00022441214285714284,0.00023049166413686683,0.7692307692307693,0.015384615384615385
2023-03-06 00:00:00+00:00,1.3773673896351533,1.0,0.6923076923076923,0.5159177646503248,0.7255896534297082,0.736843091160761,0.01706310056629632,19.79942700794302,0.07692307692307693,-0.00896119777155685,0.00021445571428571427,0.00024441781639373194,0.6923076923076923,0.015384615384615385
2023-03-07 00:00:00+00:00,1.3414764108260566,1.0,0.3846153846153846,0.5159470728265677,0.7618149700747231,0.7364478855149402,0.016638336503844737,19.726107804141137,0.07692307692307693,-0.009147300418653248,0.00020297285714285715,0.0002595265337581356,0.6923076923076923,0.03076923076923077
2023-03-08 00:00:00+00:00,1.3088465353001424,1.0,0.6923076923076923,0.5120522375552462,0.7608581919948589,0.7364049953680315,0.016657906225139858,19.643271918313935,0.46153846153846156,-0.010207532945311015,0.00018738642857142853,0.00027172195174479484,0.8461538461538461,0.03076923076923077
2023-03-09 00:00:00+00:00,1.0957561556949353,0.8461538461538463,-0.23076923076923073,0.5160092039810402,0.8014841540750484,0.7363618406973365,0.017298440359323652,19.615756339860603,0.7692307692307693,-0.010017060804886735,0.00018285714285714284,0.0002922809604793881,0.8461538461538461,0.046153846153846156
2023-03-10 00:00:00+00:00,0.7572758787891826,0.8461538461538463,-0.6923076923076923,0.5487929976135762,0.9087792998436502,0.7442476823918225,0.016349254001272497,19.615756339860603,0.9230769230769231,-0.010618053268218297,0.00017594714285714284,0.0003105204829537324,1.0,0.046153846153846156
2023-03-11 00:00:00+00:00,0.6676358763526554,0.6923076923076923,-0.8461538461538461,0.5483568204171723,0.7695604520200623,0.740631744254353,0.016956224309297996,19.615756339860603,0.9230769230769231,-0.01065862569325099,0.00013441071428571427,0.0003578037869276911,1.0,0.06153846153846154
2023-03-12 00:00:00+00:00,0.7809724751123597,0.6923076923076923,-0.6923076923076923,0.5199091607204726,1.0920481687274126,0.7352074460023426,0.016991982357197156,19.615756339860603,0.8461538461538461,-0.010104165426469969,0.00011717357142857141,0.00040017647228293804,1.0,0.15384615384615383
2023-03-13 00:00:00+00:00,0.9911361753457467,0.6923076923076923,0.23076923076923084,0.57741427313056,1.1047887162992005,0.7487057503308484,0.017126792448526777,19.615756339860603,0.7692307692307693,-0.009588706628479049,0.00011172571428571427,0.0004139137526313331,0.9230769230769231,0.16923076923076924
2023-03-14 00:00:00+00:00,1.2067113843494195,0.6923076923076923,0.5384615384615385,0.6320242175829145,1.340751745567552,0.7497893235138244,0.01758390094351826,19.615756339860603,0.9230769230769231,-0.008724615012894898,0.00010294785714285713,0.00042948371691256825,0.6923076923076923,0.27692307692307694
2023-03-15 00:00:00+00:00,1.2307661297531607,0.8461538461538463,0.5384615384615385,0.6328083245709613,1.3520654298402113,0.7472609964108328,0.017528713623486247,19.615756339860603,1.0,-0.008477185202714677,0.00010388571428571427,0.0004328540107327821,0.6153846153846154,0.2615384615384616
2023-03-16 00:00:00+00:00,0.9933869494716836,0.5384615384615385,0.23076923076923084,0.6393814762423055,1.4166684448273428,0.7604485565026055,0.018121422855985444,19.615756339860603,1.0,-0.00865389381426207,0.00011078428571428569,0.0004306339754155027,0.6923076923076923,0.3230769230769231
2023-03-17 00:00:00+00:00,0.9445701266364664,0.3846153846153846,0.23076923076923084,0.6374441896239866,1.4200834417760482,0.7590034175070693,0.01829861041894091,19.615756339860603,0.6153846153846154,-0.007414766183560739,0.00010742285714285713,0.0004304094421577806,0.6923076923076923,0.21538461538461542
2023-03-18 00:00:00+00:00,1.0679995248499785,0.5384615384615385,0.8461538461538463,0.6314028794621933,1.431964011101341,0.7711807808009504,0.018790088942223362,19.66209431105659,0.9230769230769231,-0.0066187241058015545,0.00011429785714285712,0.00046803687421208186,0.6153846153846154,0.24615384615384622
2023-03-19 00:00:00+00:00,0.7773507188435927,0.23076923076923084,0.5384615384615385,0.6260970402905776,1.4282301222445772,0.7750034070489603,0.018946967032625814,19.743671817853247,0.8461538461538461,-0.007122795147005312,0.0001259542857142857,0.0005143025078918339,0.6153846153846154,0.12307692307692313
2023-03-20 00:00:00+00:00,0.8816525864979942,0.3846153846153846,0.6923076923076923,0.6184016366447336,1.4256404725700436,0.7698657953327314,0.01908188033842534,19.821597945307474,0.5384615384615384,-0.006761633688521673,0.00013591071428571425,0.0005882642692083228,0.5384615384615384,0.1384615384615385
2023-03-21 00:00:00+00:00,0.7432280745752756,0.23076923076923084,0.3846153846153846,0.6227905207862532,1.4711314392704211,0.7668016307334052,0.019499501927932362,19.842735863392726,0.9230769230769231,-0.007023227993257386,0.00014673714285714284,0.0006657191084023074,0.6923076923076923,0.09230769230769235
2023-03-22 00:00:00+00:00,0.8681794999987374,0.5384615384615385,0.6923076923076923,0.6263306224665266,1.4757701938091299,0.7303322898462598,0.021718701071772643,19.888802550103968,1.0,-0.007137747062273214,0.00014882785714285713,0.0007159054626725154,0.46153846153846156,0.10769230769230775
2023-03-23 00:00:00+00:00,0.8409437501391748,0.8461538461538463,0.6923076923076923,0.6374044583424072,1.4408301627851445,0.7240681055086637,0.023015297822583596,19.934818143625996,0.9230769230769231,-0.006838769983015358,0.00015105071428571427,0.0007641972093890549,0.7692307692307693,0.12307692307692313
2023-03-24 00:00:00+00:00,0.9109228528097432,0.8461538461538463,0.8461538461538463,0.6461418418590273,1.4815405119816278,0.7315441625381325,0.022349621612530058,19.934818143625996,0.6923076923076923,-0.005325101420199652,0.00014333285714285713,0.0007920290491341696,0.46153846153846156,0.12307692307692313
2023-03-25 00:00:00+00:00,0.5069621498923489,0.23076923076923084,0.8461538461538463,0.6572444246969945,1.4897301974381862,0.7342352545427829,0.022362650157800125,19.934818143625996,0.6153846153846154,-0.0055502482141830956,0.0001848692857142857,0.0007460809620748055,0.6153846153846154,0.10769230769230775
2023-03-26 00:00:00+00:00,0.5272874320301436,0.23076923076923084,0.8461538461538463,0.6571761755005439,1.3761367365722523,0.72714340548266,0.02299749387948435,19.934818143625996,0.23076923076923078,-0.006060809463050987,0.00019201785714285715,0.0007110963463407182,0.6923076923076923,0.07692307692307697
2023-03-27 00:00:00+00:00,0.6078671983981594,0.23076923076923084,0.8461538461538463,0.6485946862649243,1.3660937974511518,0.724827296710148,0.022907681230266284,19.934818143625996,0.15384615384615385,-0.005666454126500742,0.00019320857142857142,0.0006961811168324438,0.5384615384615384,0.061538461538461584
2023-03-28 00:00:00+00:00,0.45311683679011544,-0.23076923076923073,0.5384615384615385,0.6604684440907559,1.153283344879593,0.7214278588701467,0.023826469095381296,19.934818143625996,0.6153846153846154,-0.00605140964324935,0.00019344,0.00069875550250612,0.6923076923076923,0.01538461538461543
2023-03-29 00:00:00+00:00,0.6525160953417479,0.3846153846153846,0.6923076923076923,0.6591644173029002,1.2067147158733833,0.7203880362360546,0.023567492841994053,19.934818143625996,0.46153846153846156,-0.005480574039889663,0.00018044285714285713,0.0006997281434911897,0.6923076923076923,0.030769230769230816
2023-03-30 00:00:00+00:00,0.6454174657102998,0.3846153846153846,0.8461538461538463,0.6627300684518405,1.0790797261304412,0.7207934913470286,0.02338688229546016,19.88720970587854,0.38461538461538464,-0.0046378742343818335,0.00017227428571428568,0.0007024815292537861,0.5384615384615384,0.0461538461538462
2023-03-31 00:00:00+00:00,0.6416916457475857,0.23076923076923084,0.6923076923076923,0.6595562932267758,1.0645050942493934,0.7180898277121213,0.022837794093542144,19.841143019167294,0.6923076923076923,-0.004859684622139426,0.00016709142857142855,0.0006982894222865085,0.5384615384615384,0.0461538461538462
2023-04-01 00:00:00+00:00,0.703707258068867,0.3846153846153846,0.8461538461538463,0.6551711068857734,1.02701084731321,0.7106954469762745,0.022549724166094166,19.839262376540603,0.3076923076923077,-0.004514771077837043,0.00016715428571428568,0.0006636891439653839,0.38461538461538464,0.0461538461538462
2023-04-02 00:00:00+00:00,0.7405945115111059,0.3846153846153846,1.0,0.6537107042639042,0.9924754463397522,0.7085254820308544,0.022692363191794566,19.839262376540603,0.23076923076923078,-0.005022569044645209,0.00016493071428571427,0.000623254915361114,0.38461538461538464,0.030769230769230816
2023-04-03 00:00:00+00:00,0.5357230936227905,-0.23076923076923073,0.6923076923076923,0.6279464634714444,0.9891705666288608,0.7072016461420478,0.02248259901890913,19.816504513326255,0.23076923076923078,-0.005656192582233988,0.0001548835714285714,0.0005482333935431607,0.3076923076923077,0.01538461538461543
2023-04-04 00:00:00+00:00,0.7266998882029051,0.6923076923076923,1.0,0.6281281442197236,0.8401793996880509,0.6823964543614188,0.02482348359655714,19.816504513326255,0.7692307692307693,-0.005713886476685748,0.0001443292857142857,0.00046849840697827375,0.3076923076923077,0.01538461538461543
2023-04-05 00:00:00+00:00,0.767850369529168,0.07692307692307687,1.0,0.6305325320396805,0.8465513835916122,0.6829097436418972,0.024130568255779382,19.777175317926627,0.23076923076923078,-0.0053459560116782545,0.00015083357142857138,0.0004163659260568157,0.3076923076923077,0.030769230769230816
2023-04-06 00:00:00+00:00,0.6854528823997242,-0.07692307692307687,1.0,0.6301343094662796,0.8156988517078673,0.6827869426220351,0.023725027184328246,19.705213044469623,0.3076923076923077,-0.005950883591371969,0.00015089214285714285,0.0003449093044112743,0.3076923076923077,0.030769230769230816
2023-04-07 00:00:00+00:00,0.6524630668401498,-0.07692307692307687,0.8461538461538463,0.6320257874923696,0.9075032128855226,0.6795123054757175,0.023858970486032135,19.6253892423902,0.15384615384615385,-0.006911903763267002,0.00015058571428571427,0.000301739926896292,0.46153846153846156,0.0461538461538462
2023-04-08 00:00:00+00:00,0.6130680731460937,-0.23076923076923073,0.6923076923076923,0.625623911797722,0.8172802845557626,0.6776970413003686,0.02393959199953171,19.56283235257415,0.15384615384615385,-0.007229092052432495,0.0001363242857142857,0.0002927498727223745,0.38461538461538464,0.0461538461538462
2023-04-09 00:00:00+00:00,0.6042919352365447,-0.23076923076923073,0.6923076923076923,0.5715916184183444,0.7361234841967101,0.6725305871752133,0.023773559586665615,19.5364946097433,0.07692307692307693,-0.008067823339480529,0.00014418214285714283,0.0002730227222531258,0.5384615384615384,0.030769230769230816
2023-04-10 00:00:00+00:00,0.7325058531591345,-0.07692307692307687,0.8461538461538463,0.5677578169223625,0.7361234841967101,0.6730776562603767,0.022830940299885825,19.46696198941062,0.07692307692307693,-0.00721765763431198,0.00014550857142857143,0.0002625954175723701,0.46153846153846156,0.01538461538461543
2023-04-11 00:00:00+00:00,0.9153803041363714,0.07692307692307687,0.8461538461538463,0.5733461700426875,0.7617681396752636,0.6615072090407784,0.020368394392707694,19.374692993125883,0.07692307692307693,-0.00684900767868013,0.00014809785714285713,0.00023561456738263776,0.3076923076923077,0.01538461538461543
2023-04-12 00:00:00+00:00,0.8202715513566856,0.07692307692307687,1.0,0.5292356121899549,0.7617681396752636,0.6571504223790893,0.019659856265425817,19.374692993125883,0.5384615384615384,-0.006726109662588076,0.00016436499999999995,0.00022346566914430778,0.3076923076923077,0.01538461538461543
2023-04-13 00:00:00+00:00,0.8832052635499122,0.07692307692307687,1.0,0.47071900231157215,0.7561021811870474,0.6555133852771496,0.019564697160014417,19.374692993125883,0.5384615384615384,-0.007743924368468602,0.00016966571428571426,0.00023463491998823222,0.3076923076923077,0.030769230769230816
2023-04-14 00:00:00+00:00,1.3128473649640195,1.0,1.0,0.4775311827003847,0.7833969260767785,0.6577211601005375,0.019306207014687736,19.349652755894745,0.46153846153846156,-0.006837864180257225,0.00017679999999999996,0.00023956422275679825,0.07692307692307693,0.0461538461538462
2023-04-15 00:00:00+00:00,1.4791685619936012,1.0,1.0,0.4688726070735167,0.8314764523280593,0.6620265522057155,0.01897170888925851,19.38014791952913,1.0,-0.006718682005017462,0.00018731142857142855,0.00022082661351650732,0.07692307692307693,0.061538461538461584
2023-04-16 00:00:00+00:00,1.3968927164652996,1.0,1.0,0.46834866545677173,0.8315844344281813,0.6596124989637382,0.019361691179875334,19.46696198941062,0.07692307692307693,-0.007375899840042777,0.000189535,0.00019830737525342135,0.0,0.061538461538461584
2023-04-17 00:00:00+00:00,1.4701296580933563,1.0,1.0,0.388494101042039,0.819629810092279,0.6400654819774402,0.018640580982759974,19.46696198941062,0.23076923076923078,-0.006547414215240022,0.00019958214285714285,0.00018420118178706456,0.0,0.0461538461538462
2023-04-18 00:00:00+00:00,1.3634784978882137,1.0,1.0,0.39463379490835715,0.6528626673242878,0.6294046110578464,0.01817067721412053,19.474720777092948,0.46153846153846156,-0.007479803641163962,0.00021079285714285714,0.00017736913426914767,0.07692307692307693,0.030769230769230816
2023-04-19 00:00:00+00:00,1.3509404690019335,1.0,1.0,0.3930749239720156,0.6594696142228321,0.6299613403343585,0.0179488409262549,19.474720777092948,0.38461538461538464,-0.007645546852197593,0.0002177842857142857,0.00016236961771924578,0.0,0.01538461538461543
2023-04-20 00:00:00+00:00,0.690833832898124,-0.23076923076923073,0.5384615384615385,0.4627410022487956,0.76314776063579,0.6568770261352652,0.018396291687198193,19.474720777092948,1.0,-0.00881052131829485,0.00021013928571428567,0.00017054496066547467,0.38461538461538464,0.030769230769230816
2023-04-21 00:00:00+00:00,0.7868192477059979,0.07692307692307687,0.3846153846153846,0.45579940963669724,0.8170747490228498,0.6615998439555699,0.018256458563542667,19.496867262833995,0.6923076923076923,-0.009543081049796398,0.00021979714285714285,0.00017319998909994465,0.6923076923076923,0.0461538461538462
2023-04-22 00:00:00+00:00,0.42211721454996165,-0.3846153846153846,-0.23076923076923073,0.4646022053585719,0.7676076354690957,0.6657842880462255,0.01798481446063057,19.601653474098644,0.7692307692307693,-0.010235532908111356,0.0002245785714285714,0.00017271258032674363,0.8461538461538461,0.0461538461538462
2023-04-23 00:00:00+00:00,0.49424685092211945,-0.3846153846153846,0.07692307692307687,0.4453155081330936,0.7661815486452898,0.6665078923767983,0.017522434049748816,19.601653474098644,0.07692307692307693,-0.009389888911376876,0.00021250785714285714,0.00019237825131294901,0.7692307692307693,0.0461538461538462
2023-04-24 00:00:00+00:00,0.510332003791801,-0.3846153846153846,-0.07692307692307687,0.4296607583540315,0.7772558444466247,0.6678713911454487,0.014946939952875429,19.496867262833995,0.07692307692307693,-0.009508904781628746,0.00021577071428571426,0.0002211267169042192,0.7692307692307693,0.0461538461538462
2023-04-25 00:00:00+00:00,0.39743423456145016,-0.3846153846153846,-0.07692307692307687,0.43043235927241724,0.7453994597516034,0.6689288898299935,0.014727702252070225,19.601653474098644,0.23076923076923078,-0.009599817241614628,0.00021776785714285713,0.000256322588621085,0.7692307692307693,0.01538461538461543
2023-04-26 00:00:00+00:00,0.5858756515798899,-0.23076923076923073,0.23076923076923084,0.4317930823653443,0.7329595092370228,0.6648387228080938,0.014695619333301449,19.628989380026198,0.3076923076923077,-0.008856033941102848,0.00020685214285714285,0.0003039205951580237,0.7692307692307693,0.0
2023-04-27 00:00:00+00:00,0.6431991577298645,-0.23076923076923073,-0.23076923076923073,0.41498980688379766,0.812758487530085,0.6648862561441539,0.014319818631183473,19.65540973867641,1.0,-0.008671241246948125,0.00019983071428571428,0.00031500883596798947,0.7692307692307693,0.061538461538461584
2023-04-28 00:00:00+00:00,0.7820821260244295,-0.23076923076923073,0.07692307692307687,0.4220065831159525,0.889759725174087,0.6631904957572821,0.014376314650969857,19.68052374833473,0.46153846153846156,-0.007721245437369517,0.00018791571428571427,0.0003494449792080579,0.6153846153846154,0.07692307692307697
2023-04-29 00:00:00+00:00,0.8865172966108232,-0.07692307692307687,0.07692307692307687,0.4152478489818837,0.8508673280599612,0.6602640797516829,0.014853858956137186,19.68052374833473,0.3076923076923077,-0.006952863527193209,0.00018436714285714287,0.00040538647390227944,0.7692307692307693,0.07692307692307697
2023-04-30 00:00:00+00:00,0.922058240993959,0.23076923076923084,0.23076923076923084,0.4145155089901507,0.8553625299165946,0.6604601765057745,0.015126553137460613,19.68052374833473,0.0,-0.00730449738697081,0.00017998357142857144,0.0004131365064869175,0.6923076923076923,0.07692307692307697
2023-05-01 00:00:00+00:00,0.7758475552119257,-0.23076923076923073,0.07692307692307687,0.4133867791499471,0.8625244306979708,0.6549780221058173,0.015643915125498516,19.68052374833473,0.07692307692307693,-0.008084682511476426,0.00017508928571428572,0.00042048092801727163,0.7692307692307693,0.07692307692307697
2023-05-02 00:00:00+00:00,0.6477582379180638,-0.23076923076923073,-0.07692307692307687,0.42790952833759816,0.8751901768061464,0.6546195670422624,0.015026608374051401,19.65540973867641,0.23076923076923078,-0.00872559448458149,0.0001561478571428571,0.0004726513719307053,0.7692307692307693,0.01538461538461543
2023-05-03 00:00:00+00:00,0.8134548716463854,0.07692307692307687,0.07692307692307687,0.4318898639529136,0.9045685261156214,0.6592025068028864,0.014782769245523361,19.65540973867641,0.15384615384615385,-0.00773813739783441,0.00014944642857142855,0.0005485424190698672,0.7692307692307693,0.01538461538461543
2023-05-04 00:00:00+00:00,0.7593529477543489,-0.23076923076923073,0.07692307692307687,0.43472875912681497,0.8012679647285372,0.6604447198726344,0.014370913425907655,19.657321069979687,0.38461538461538464,-0.008477863002963104,0.00014664428571428567,0.0005666349169413733,0.7692307692307693,0.01538461538461543
2023-05-05 00:00:00+00:00,0.7488869804047543,-0.23076923076923073,-0.07692307692307687,0.42991434556529673,0.6870996375630893,0.6613093880464689,0.014116572593965255,19.645129512066106,0.0,-0.008463772102587863,0.0001478535714285714,0.0005672507587401975,0.7692307692307693,0.01538461538461543
2023-05-06 00:00:00+00:00,1.1658624085750948,0.3846153846153846,0.23076923076923084,0.45216609478705444,0.7492115388301868,0.6612341859205889,0.014087736607252477,19.645129512066106,0.3076923076923077,-0.007504599210249097,0.0001524928571428571,0.0005659628387975849,0.6923076923076923,0.0461538461538462
2023-05-07 00:00:00+00:00,0.9910338881434381,0.3846153846153846,-0.07692307692307687,0.46889696971477657,0.7523758854827641,0.6656741854320747,0.013957049560468445,19.576850897621085,0.15384615384615385,-0.008475110759443183,0.00016950499999999997,0.0005523466834865657,0.7692307692307693,0.061538461538461584
2023-05-08 00:00:00+00:00,0.9198775188433764,0.23076923076923084,-0.23076923076923073,0.4714287110044922,0.7557560312692299,0.6656640635018122,0.013646602282390913,19.45453753406393,0.0,-0.00819349595483132,0.0001696935714285714,0.0005239587982566043,0.7692307692307693,0.0461538461538462
2023-05-09 00:00:00+00:00,0.8289623814628417,-0.07692307692307687,-0.5384615384615384,0.4764854440153483,0.9254499921804792,0.6581812373636662,0.013947638706774939,19.45453753406393,0.8461538461538461,-0.00919420702932977,0.00016329357142857144,0.0005002870677166595,0.7692307692307693,0.09230769230769235
2023-05-10 00:00:00+00:00,0.8508755207948511,0.07692307692307687,-0.5384615384615384,0.47521333968885,0.8866215234847248,0.6545378629351306,0.014015492912059255,19.375550919494998,0.15384615384615385,-0.007667991797061624,0.00015626714285714284,0.00046949032398814386,0.8461538461538461,0.09230769230769235
2023-05-11 00:00:00+00:00,0.938041228818194,0.3846153846153846,-0.5384615384615384,0.45632558020042263,0.7883771681980493,0.6556337810441909,0.014214691154803626,19.375550919494998,0.46153846153846156,-0.007414370896158484,0.00014690714285714286,0.0004492139086336071,0.7692307692307693,0.07692307692307697
2023-05-12 00:00:00+00:00,1.1599254570268402,0.6923076923076923,-0.5384615384615384,0.46241988539863316,0.7745608321716118,0.6388533386319386,0.013620791735579948,19.375550919494998,0.23076923076923078,-0.007201903767208695,0.00015104142857142857,0.0004086421511314897,0.9230769230769231,0.061538461538461584
2023-05-13 00:00:00+00:00,1.205074949052882,0.6923076923076923,-0.5384615384615384,0.46223101332868444,0.7745608321716118,0.6352999231007803,0.013876839883587988,19.45453753406393,0.46153846153846156,-0.0072436290716255125,0.00014174071428571427,0.0003626188487370773,0.9230769230769231,0.061538461538461584
2023-05-14 00:00:00+00:00,1.0842245195131412,0.5384615384615385,-0.5384615384615384,0.4445674865301698,0.7787790124981656,0.6349468077081741,0.013903397636403757,19.45453753406393,0.0,-0.0067249625577063266,0.0001376942857142857,0.0003633152412873139,0.9230769230769231,0.01538461538461543
2023-05-15 00:00:00+00:00,0.8112969998173528,0.3846153846153846,-0.5384615384615384,0.43487984779695055,0.7264183593159239,0.6245131210235108,0.01407077389190746,19.375550919494998,0.0,-0.006302015539384809,0.0001356685714285714,0.0003594980331813275,0.9230769230769231,0.01538461538461543
2023-05-16 00:00:00+00:00,0.5235332647507138,0.23076923076923084,-0.5384615384615384,0.4376386819305349,0.738114386153767,0.6259661886975092,0.01417511962667628,19.35074646388417,0.15384615384615385,-0.006577173414657245,0.00013887642857142855,0.0003059614119474157,0.8461538461538461,0.0
2023-05-17 00:00:00+00:00,0.4235752639493953,0.07692307692307687,-0.23076923076923073,0.43621071066563005,0.7070020529500731,0.6013712306274075,0.014108636357605583,19.333378509351732,0.15384615384615385,-0.005955172862307179,0.00013474571428571426,0.0002379094066203194,0.9230769230769231,0.0
2023-05-18 00:00:00+00:00,0.5827760714901798,0.5384615384615385,-0.23076923076923073,0.4312901874782562,0.7014415082705505,0.5965013144885217,0.013907552081546865,19.32824454038041,0.3076923076923077,-0.00593952770938222,0.00014062785714285712,0.00021352050459182078,0.7692307692307693,0.0
2023-05-19 00:00:00+00:00,0.3813327729164308,0.23076923076923084,-0.23076923076923073,0.4232066660948648,0.731833072448903,0.5952023979885892,0.013774996279540205,19.32824454038041,0.3076923076923077,-0.0063414493056187515,0.00013965928571428568,0.00020539008374656904,0.9230769230769231,0.0
2023-05-20 00:00:00+00:00,-0.019432772269792706,-0.23076923076923073,-0.23076923076923073,0.35511529523553687,0.6270506537494925,0.5961923573341948,0.013590370122927145,19.32824454038041,0.15384615384615385,-0.006250910292175338,0.00013562714285714284,0.00019933121442149628,0.9230769230769231,0.0
2023-05-21 00:00:00+00:00,0.11883345001100945,0.07692307692307687,-0.23076923076923073,0.35572858588901896,0.6186336451512835,0.5936470983106731,0.01301078505720755,19.32824454038041,0.07692307692307693,-0.005782971875679999,0.00013173499999999996,0.00019381373012517395,0.8461538461538461,0.0
2023-05-22 00:00:00+00:00,-0.09331025779588249,-0.23076923076923073,-0.23076923076923073,0.32603305843966135,0.6334661708211892,0.592447881421669,0.013044291770266567,19.27404980773772,0.07692307692307693,-0.006025326693692101,0.00013840071428571427,0.00020547559022581106,0.8461538461538461,0.0
2023-05-23 00:00:00+00:00,0.04846299647500091,-0.07692307692307687,-0.23076923076923073,0.3206683662909679,0.42711825557913846,0.5721547761419823,0.013117099555691606,19.32824454038041,0.07692307692307693,-0.005931469586681282,0.0001459135714285714,0.00020627163328526484,0.9230769230769231,0.0
2023-05-24 00:00:00+00:00,-0.00823839749202395,-0.3846153846153846,-0.23076923076923073,0.3257778192491967,0.435980739672303,0.5655897772502992,0.013170334331803656,19.217901612918794,0.07692307692307693,-0.005285669346124233,0.00016385357142857142,0.00020338723459032606,0.8461538461538461,0.0
2023-05-25 00:00:00+00:00,0.007765442297761865,-0.3846153846153846,-0.5384615384615384,0.34310850042642327,0.4242730376404124,0.5800786864733183,0.013340251992277782,19.32824454038041,0.3076923076923077,-0.006238473031910163,0.0001784492857142857,0.00019613793415177499,0.9230769230769231,0.01538461538461543
2023-05-26 00:00:00+00:00,-0.22275901427107017,-0.6923076923076923,-0.5384615384615384,0.3346884093448978,0.4242006299134603,0.5778356887393513,0.012879167471085093,19.217901612918794,0.07692307692307693,-0.006884057311958958,0.0001808992857142857,0.00019712552939426463,0.9230769230769231,0.01538461538461543
2023-05-27 00:00:00+00:00,0.050885609112514225,-0.3846153846153846,-0.3846153846153846,0.3371381221869437,0.4375098710817113,0.5792268070462432,0.012817964587537745,19.097060820493283,0.23076923076923078,-0.005777191045314711,0.0001909492857142857,0.00019735535783659835,0.9230769230769231,0.030769230769230816
2023-05-28 00:00:00+00:00,0.08564202165209686,-0.23076923076923073,-0.3846153846153846,0.31861559398178046,0.4386155504634407,0.5813506636908555,0.013160714215698194,19.086268905007998,0.0,-0.004734527814928946,0.00019627642857142854,0.0001982684170509141,0.9230769230769231,0.030769230769230816
2023-05-29 00:00:00+00:00,0.23897899488982244,-0.23076923076923073,-0.07692307692307687,0.35544876185315183,0.5537941502720649,0.5846279720785108,0.012799872844066335,19.086268905007998,0.15384615384615385,-0.0028014358488607227,0.00020319642857142853,0.00020593564833446448,0.6923076923076923,0.0461538461538462
2023-05-30 00:00:00+00:00,0.3793649590552934,0.3846153846153846,-0.07692307692307687,0.3568415392133659,0.4556044166572382,0.5873945975155106,0.011958530086104658,19.033592500849444,0.15384615384615385,-0.002944295405861108,0.00021893,0.00022412304093203075,0.7692307692307693,0.030769230769230816
2023-05-31 00:00:00+00:00,0.2700650762140745,0.07692307692307687,-0.07692307692307687,0.3554256934482739,0.48723382576780816,0.5834272239915127,0.011899527209078336,19.005084754943944,0.15384615384615385,-0.0025184492843924877,0.00022976214285714286,0.0002504021525915786,0.6923076923076923,0.030769230769230816
2023-06-01 00:00:00+00:00,0.010276457695716907,-0.6923076923076923,-0.07692307692307687,0.34307825831102157,0.4887211410808109,0.5938343379450263,0.01173650767358245,18.981425139394865,0.07692307692307693,-0.002736302142927083,0.00023657499999999996,0.00027087700925029697,0.8461538461538461,0.01538461538461543
2023-06-02 00:00:00+00:00,-0.022321856361243227,-0.5384615384615384,-0.3846153846153846,0.3360389979439945,0.5289629659485864,0.5956784004728275,0.0117824683176144,18.981425139394865,0.07692307692307693,-0.00339138505583253,0.0002386507142857143,0.000279804088699826,0.7692307692307693,0.01538461538461543
2023-06-03 00:00:00+00:00,0.004518521874829188,-0.3846153846153846,-0.07692307692307687,0.3389028952882594,0.5400386201665779,0.6365403158982071,0.01254598207927535,19.005084754943944,0.23076923076923078,-0.0028554271219594085,0.000243225,0.0002808022946086032,0.7692307692307693,0.0
2023-06-04 00:00:00+00:00,-0.037243355739085875,-0.23076923076923073,-0.07692307692307687,0.33776156564755766,0.5213678645537615,0.6369313888100725,0.01234115005402777,19.005084754943944,0.07692307692307693,-0.003400952226925491,0.0002538485714285714,0.00030163364751522166,0.7692307692307693,0.0
2023-06-05 00:00:00+00:00,0.04224951957658776,-0.23076923076923073,0.07692307692307687,0.30118630957339176,0.4470789780130684,0.6360295578120501,0.012420578848967252,18.981425139394865,0.15384615384615385,-0.003257197291968439,0.0002630564285714286,0.000284325557948376,0.7692307692307693,0.0
2023-06-06 00:00:00+00:00,-0.23532835829056825,-0.5384615384615384,-0.5384615384615384,0.3192078543733714,0.6302842063258387,0.6796231655790057,0.012632922099510257,18.981425139394865,1.0,-0.0048093409143328825,0.00027237857142857144,0.0002675206825351873,0.8461538461538461,0.07692307692307697
2023-06-07 00:00:00+00:00,-0.07710750076267542,-0.5384615384615384,-0.23076923076923073,0.36236621279927006,0.6427869855503016,0.6819980131688127,0.013120407099198853,18.981425139394865,0.8461538461538461,-0.004597449907733253,0.00025095214285714287,0.00025893432115837577,0.8461538461538461,0.1384615384615385
2023-06-08 00:00:00+00:00,-0.3133514432189424,-0.6923076923076923,-0.3846153846153846,0.37157735207624,0.6471749215910442,0.6877545558171919,0.013643342952997139,18.981425139394865,0.7692307692307693,-0.004963813400535977,0.0002513235714285714,0.00025576041547166375,0.8461538461538461,0.20000000000000004
2023-06-09 00:00:00+00:00,-0.2053233961682953,-0.6923076923076923,-0.5384615384615384,0.3725450213953668,0.651164138896284,0.6868748369071065,0.0137103405628006,19.006659170647595,0.15384615384615385,-0.004898637435029829,0.0002524657142857143,0.00024840395425536067,0.8461538461538461,0.20000000000000004
2023-06-10 00:00:00+00:00,-0.18882428184898176,-0.6923076923076923,-0.3846153846153846,0.3725313653853059,0.689525677897191,0.6641317717877545,0.015261678476824386,19.035166916553095,0.38461538461538464,-0.0053855590830546585,0.00025054285714285715,0.00024107454577439942,0.9230769230769231,0.24615384615384622
2023-06-11 00:00:00+00:00,-0.376288561859065,-0.6923076923076923,-0.6923076923076923,0.3851318829295234,1.4557793966476789,0.6915407960573686,0.017410188569121465,19.09220241371328,1.0,-0.005028589295774488,0.0002065557142857143,0.0002617294614203621,0.9230769230769231,0.3384615384615385
2023-06-12 00:00:00+00:00,-0.419943536599483,-0.6923076923076923,-0.6923076923076923,0.3852404885301077,1.4077658667313409,0.6938324261520662,0.01737385479275862,19.09220241371328,0.38461538461538464,-0.005406460867985963,0.0001516814285714286,0.0002775510702820319,0.9230769230769231,0.276923076923077
2023-06-13 00:00:00+00:00,-0.660460130365335,-0.6923076923076923,-0.6923076923076923,0.38519534849026854,1.4058154960053724,0.6916001107886246,0.017488973247557306,19.167543019911594,0.46153846153846156,-0.005545454184629761,0.0001299992857142857,0.0002810077826352731,0.9230769230769231,0.21538461538461542
2023-06-14 00:00:00+00:00,-0.6863162239603129,-0.6923076923076923,-0.6923076923076923,0.3848366042530163,1.4459005425906977,0.6874776671971811,0.01778515471052708,19.167543019911594,0.46153846153846156,-0.004163835617337575,0.00011040214285714285,0.0002640131993100301,0.9230769230769231,0.21538461538461542
2023-06-15 00:00:00+00:00,-0.9198528099027549,-0.8461538461538461,-0.6923076923076923,0.40810527557889203,1.437170862942787,0.6911132545248668,0.01849134759598834,19.243402419941493,0.6923076923076923,-0.004425086664949673,8.58835714285714e-05,0.00025672282953978596,1.0,0.20000000000000004
2023-06-16 00:00:00+00:00,-1.0404774257393363,-0.8461538461538461,-0.6923076923076923,0.41223438048391003,1.643041304348831,0.6875880602872046,0.018724758386287323,19.439606764026784,0.6153846153846154,-0.004527297403519537,6.39342857142857e-05,0.0002535219800535152,1.0,0.0461538461538462
2023-06-17 00:00:00+00:00,-0.9942852982898355,-0.8461538461538461,-0.6923076923076923,0.4263221986285235,1.6486833780764698,0.6862231633831714,0.01890433072464735,19.459088450720554,0.38461538461538464,-0.00510371864328063,3.9161428571428556e-05,0.0002599561730854232,1.0,0.09230769230769235
2023-06-18 00:00:00+00:00,-0.9298127220821847,-0.8461538461538461,-0.6923076923076923,0.4235161550736653,1.6548096781068373,0.6829491675914914,0.018863392416967703,19.459088450720554,0.07692307692307693,-0.005960342949887731,2.2450714285714266e-05,0.00024456629930104834,1.0,0.09230769230769235
2023-06-19 00:00:00+00:00,-0.9997526129524452,-0.8461538461538461,-0.6923076923076923,0.42337538104601435,1.7141792277115886,0.6534809040895256,0.018919973438772317,19.459088450720554,0.15384615384615385,-0.005983778753612223,1.022142857142836e-06,0.00025186406655968444,1.0,0.09230769230769235
2023-06-20 00:00:00+00:00,-0.7788724029955857,-0.8461538461538461,-0.6923076923076923,0.4260226861749935,1.6920987728395458,0.6533877688389301,0.018664035129956562,19.459088450720554,0.23076923076923078,-0.006256360627680757,-2.7212857142857166e-05,0.00027653631444158185,0.9230769230769231,0.061538461538461584
2023-06-21 00:00:00+00:00,-0.6521273757723697,-0.8461538461538461,-0.5384615384615384,0.45001275823038706,1.6946678585789894,0.6530216765679147,0.019050959772966176,19.540857978049644,0.9230769230769231,-0.0052885086770601,-3.0776428571428595e-05,0.00029071177946946296,0.8461538461538461,0.09230769230769235
2023-06-22 00:00:00+00:00,0.04997000016829557,-0.3846153846153846,-0.23076923076923073,0.48866813610328186,1.6775936256600232,0.6470461440449861,0.020713117370150382,19.629628914086783,1.0,-0.0045466940690812585,-4.02214285714286e-05,0.0003033833674217773,0.7692307692307693,0.09230769230769235
2023-06-23 00:00:00+00:00,0.056409757910087906,-0.3846153846153846,-0.23076923076923073,0.48680238064284115,1.6684389637310173,0.6447841362501587,0.020250400757666636,19.671216338229474,1.0,-0.005403194081362639,-4.30814285714286e-05,0.00030921184768142087,0.7692307692307693,0.09230769230769235
2023-06-24 00:00:00+00:00,0.4208678759785298,-0.07692307692307687,-0.07692307692307687,0.4748869434687824,1.4314037665942356,0.6357399776575852,0.023939290670227896,19.683562144740442,0.9230769230769231,-0.004885919528623439,-4.6173571428571446e-05,0.0003099927828500546,0.7692307692307693,0.09230769230769235
2023-06-25 00:00:00+00:00,0.27919892434244287,-0.07692307692307687,-0.07692307692307687,0.47628450919501003,0.8226882115114639,0.6272825599028217,0.02568489323000204,19.71370370907995,0.46153846153846156,-0.005426057967535036,-3.787857142857168e-06,0.0003044730890236347,0.8461538461538461,0.09230769230769235
2023-06-26 00:00:00+00:00,0.354706492809027,-0.07692307692307687,-0.07692307692307687,0.4756168382318512,0.8844953729568162,0.623476934041054,0.026233880138721487,19.71370370907995,0.46153846153846156,-0.0039638895220371895,4.997214285714284e-05,0.0002868944245444799,0.7692307692307693,0.061538461538461584
2023-06-27 00:00:00+00:00,0.31159150190154755,-0.23076923076923073,-0.3846153846153846,0.47919390392951006,0.9032056066972505,0.6166019921930421,0.027576076473718354,19.71370370907995,0.8461538461538461,-0.00483937203628465,6.040071428571427e-05,0.0002689248193528199,0.8461538461538461,0.01538461538461543
2023-06-28 00:00:00+00:00,0.27993261935407027,-0.23076923076923073,-0.23076923076923073,0.45836642348603485,0.8918328236758387,0.6216129764782197,0.026626951526387298,19.683562144740442,0.38461538461538464,-0.004064885363966486,6.706785714285713e-05,0.0002865060026965106,0.7692307692307693,0.01538461538461543
2023-06-29 00:00:00+00:00,0.10796144995499854,-0.3846153846153846,-0.5384615384615384,0.4671128684015197,1.065791456077778,0.6295301364250164,0.027283760521794237,19.73452799790051,0.7692307692307693,-0.004896664704749032,8.163999999999998e-05,0.0003215626592067321,0.8461538461538461,0.061538461538461584
2023-06-30 00:00:00+00:00,0.008045665739283137,-0.3846153846153846,-0.3846153846153846,0.46895542333337553,0.9075846217435477,0.634009266140615,0.027256251811432635,19.73452799790051,0.38461538461538464,-0.004593898237509553,8.512071428571426e-05,0.00034410523064187386,0.7692307692307693,0.061538461538461584
2023-07-01 00:00:00+00:00,0.1817587758014649,-0.23076923076923073,-0.23076923076923073,0.4702854142619282,0.9013039296045326,0.63134200587803,0.02791657895532617,19.73452799790051,1.0,-0.003704957170706513,0.0001090785714285714,0.0004012347148096697,0.6153846153846154,0.061538461538461584
2023-07-02 00:00:00+00:00,0.16099266073109741,-0.23076923076923073,-0.23076923076923073,0.4680830877030626,0.9107477142859389,0.627578239203915,0.028501479231062908,19.787209843788197,0.6153846153846154,-0.003761924726600807,0.0001235485714285714,0.00044316719342598856,0.6153846153846154,0.061538461538461584
2023-07-03 00:00:00+00:00,0.24547179006201178,-0.07692307692307687,-0.23076923076923073,0.4640917944833614,0.9062047259378792,0.6247870408493389,0.02915732742687998,19.759489053810597,0.6923076923076923,-0.0039605904629015365,0.00014497714285714285,0.00045466753267146186,0.5384615384615384,0.061538461538461584
2023-07-04 00:00:00+00:00,0.5137135984224096,-0.07692307692307687,-0.07692307692307687,0.46435046715367045,0.9838954952170021,0.6207996609365952,0.029324392101079087,19.759489053810597,0.6153846153846154,-0.0043937023524650565,0.00017321214285714284,0.00045689390142277143,0.5384615384615384,0.030769230769230816
2023-07-05 00:00:00+00:00,0.31945943526932724,-0.07692307692307687,-0.07692307692307687,0.46692278087001576,0.8731107630119884,0.6221095878081406,0.029217701657720134,19.789579136720683,0.6923076923076923,-0.004515733584070425,0.0001982042857142857,0.0004574490852689781,0.6153846153846154,0.030769230769230816
2023-07-06 00:00:00+00:00,0.15779401624534697,-0.07692307692307687,-0.23076923076923073,0.4339233820895935,0.7924382140077447,0.6194775103444571,0.028847000252017706,19.789579136720683,0.5384615384615384,-0.005029926655990891,0.000206645,0.00044556331607726387,0.6923076923076923,0.01538461538461543
2023-07-07 00:00:00+00:00,0.0565363045573594,-0.23076923076923073,-0.3846153846153846,0.41612008301244413,0.775538304116808,0.6178431916929411,0.029282020981450857,19.84229115078334,0.9230769230769231,-0.005534185798574565,0.000202415,0.000476555901259227,0.7692307692307693,0.01538461538461543
2023-07-08 00:00:00+00:00,-0.10934138145707109,-0.23076923076923073,-0.07692307692307687,0.402049178588714,0.703042444771659,0.6113997941205225,0.029825060890472894,19.84229115078334,0.38461538461538464,-0.005771610270497718,0.00018697,0.0005013136202951222,0.7692307692307693,0.01538461538461543
2023-07-09 00:00:00+00:00,0.10122306740630557,-0.23076923076923073,-0.07692307692307687,0.40216765076577504,0.6955181421660646,0.6114334280584479,0.029821519034460137,19.84229115078334,0.23076923076923078,-0.005997836293405778,0.00017354214285714284,0.0005100417818341698,0.8461538461538461,0.0
2023-07-10 00:00:00+00:00,0.17420596056317622,-0.23076923076923073,-0.23076923076923073,0.4023035493592435,0.711265930785271,0.6136119447241679,0.02972988074189333,19.84229115078334,0.23076923076923078,-0.006516111762162935,0.00015301642857142855,0.0005319449645843014,0.8461538461538461,0.01538461538461543
2023-07-11 00:00:00+00:00,0.3577383254513445,0.07692307692307687,-0.07692307692307687,0.3767296184806615,0.7237897863676627,0.6078305778753768,0.029783870990700602,19.875465496481095,0.7692307692307693,-0.006617816804158072,0.00014721357142857141,0.0005435088531466466,0.7692307692307693,0.01538461538461543
2023-07-12 00:00:00+00:00,0.3840472561188698,0.07692307692307687,-0.07692307692307687,0.3766778970832133,0.72605832135556,0.6083692180587349,0.027830321620679267,19.8296271035114,0.38461538461538464,-0.006790352875754302,0.00015280714285714284,0.0005436156259036358,0.7692307692307693,0.01538461538461543
2023-07-13 00:00:00+00:00,0.3604662750068347,0.07692307692307687,-0.07692307692307687,0.3773897430187797,0.5785875179613617,0.6084671904999628,0.027745910220676667,19.789579136720683,0.5384615384615384,-0.006614178228616763,0.00015529214285714285,0.0005251812280991957,0.7692307692307693,0.01538461538461543
2023-07-14 00:00:00+00:00,0.8162602264641556,0.3846153846153846,0.5384615384615385,0.41252794702405415,0.5785875179613617,0.6055006620355732,0.03086301963296234,19.789579136720683,1.0,-0.006318331581311121,0.00015201857142857142,0.0005429531538987319,0.5384615384615384,0.0461538461538462
2023-07-15 00:00:00+00:00,0.5770227759392474,0.3846153846153846,0.3846153846153846,0.4040931772496849,0.6935380895442352,0.6096146221167571,0.030244241459592924,19.822753482418438,1.0,-0.006404593352173027,0.00015713214285714285,0.0004958212427246181,0.6923076923076923,0.030769230769230816
2023-07-16 00:00:00+00:00,0.5883218593236796,0.5384615384615385,0.23076923076923084,0.4038556437921896,0.694993942036277,0.6067694943242737,0.029806570751628274,19.80420495402403,0.46153846153846156,-0.00654700746211434,0.00015937285714285714,0.0004918445176518625,0.6923076923076923,0.030769230769230816
2023-07-17 00:00:00+00:00,0.5456589163126911,0.23076923076923084,0.23076923076923084,0.3950486871048634,0.7990998140755637,0.605998672455059,0.028592929395446602,19.762473914655544,0.46153846153846156,-0.006579263060459861,0.00015469785714285715,0.0005240008181250087,0.6153846153846154,0.07692307692307697
2023-07-18 00:00:00+00:00,0.463920626163054,0.23076923076923084,0.23076923076923084,0.3960587904776497,0.7530641554533348,0.5986108632558834,0.029654262870890975,19.821070409840665,0.7692307692307693,-0.0070007397398244575,0.000144215,0.0005449999088178792,0.5384615384615384,0.07692307692307697
2023-07-19 00:00:00+00:00,0.41432618354699563,0.23076923076923084,0.23076923076923084,0.39702350075815834,0.754425510376577,0.5975459086317733,0.029794010837109745,19.821070409840665,0.7692307692307693,-0.006628909707428132,0.0001410207142857143,0.0005320219099312269,0.5384615384615384,0.0461538461538462
2023-07-20 00:00:00+00:00,0.3676734548718692,0.07692307692307687,0.23076923076923084,0.3956259360758582,0.7537670592063408,0.59716336670807,0.028765266163228952,19.87769665481613,0.6153846153846154,-0.006738147388848037,0.00014630714285714284,0.0005343485589780773,0.5384615384615384,0.0461538461538462
2023-07-21 00:00:00+00:00,0.46573918860337354,0.3846153846153846,0.23076923076923084,0.36991743917236886,0.7993963480126249,0.5803586854101191,0.02793341394475733,19.87769665481613,0.8461538461538461,-0.007125009661722248,0.00015740785714285713,0.0004977503961253978,0.5384615384615384,0.0461538461538462
2023-07-22 00:00:00+00:00,0.45008400126563025,0.3846153846153846,0.5384615384615385,0.31509909337933717,0.8062041689179731,0.5792278950074462,0.027706958023989058,19.888613519813788,0.6153846153846154,-0.007208766665592059,0.00017579214285714286,0.0004701168024102553,0.46153846153846156,0.0
2023-07-23 00:00:00+00:00,0.36184231311486287,0.07692307692307687,0.07692307692307687,0.3157258793011248,0.828192339969198,0.5753840323670197,0.027696299057526585,19.88993623345413,0.6153846153846154,-0.00801787086186767,0.00018715571428571425,0.0004530337459952181,0.6923076923076923,0.0
2023-07-24 00:00:00+00:00,0.49106903768101645,0.3846153846153846,0.5384615384615385,0.3109211259212043,0.8264812657155896,0.5708763670105089,0.02720121732282464,19.86412416284949,0.46153846153846156,-0.007474807314806153,0.00020328142857142854,0.0004229635727412449,0.5384615384615384,0.0
2023-07-25 00:00:00+00:00,0.29923764054488083,0.23076923076923084,0.07692307692307687,0.322532553733682,0.8035623484052205,0.5719073413684932,0.02741732064128554,19.86412416284949,0.7692307692307693,-0.00788008227482323,0.00021289142857142855,0.000408886005751946,0.6153846153846154,0.0
2023-07-26 00:00:00+00:00,0.21812772243501732,0.23076923076923084,0.07692307692307687,0.3220910080226201,0.8085197197008916,0.565253685587156,0.028329390922738958,19.86412416284949,0.46153846153846156,-0.007590852114780944,0.00020747571428571425,0.00037979295225659275,0.6923076923076923,0.0
2023-07-27 00:00:00+00:00,0.45052616431485754,0.3846153846153846,0.3846153846153846,0.3195087300265688,0.8658689885413362,0.56122296810641,0.028442515343530587,19.86412416284949,0.6153846153846154,-0.0070348515482248075,0.00020649857142857143,0.0003542233472597855,0.5384615384615384,0.01538461538461543
2023-07-28 00:00:00+00:00,0.3928641439445283,0.3846153846153846,0.3846153846153846,0.31483771286136114,0.7284055195824778,0.5610754774985757,0.027844126923664596,19.86412416284949,0.38461538461538464,-0.00707830071156873,0.00021942999999999998,0.0003138093684214302,0.5384615384615384,0.01538461538461543
2023-07-29 00:00:00+00:00,0.3608621650659904,0.3846153846153846,0.3846153846153846,0.301417501114654,0.6294182944401528,0.5593073085680684,0.02795431157986137,19.86412416284949,0.46153846153846156,-0.00665631080383744,0.00021303571428571427,0.00029326456424562256,0.5384615384615384,0.01538461538461543
2023-07-30 00:00:00+00:00,0.3547832690243065,0.3846153846153846,0.3846153846153846,0.29808122229961487,0.6264963956659082,0.5582959552861015,0.02814348856556772,19.86412416284949,0.23076923076923078,-0.005862383607021127,0.00020886357142857142,0.00024367620660848161,0.5384615384615384,0.01538461538461543
2023-07-31 00:00:00+00:00,0.05409825451576402,0.23076923076923084,0.3846153846153846,0.28745185428780246,0.5673726158360638,0.5552407645430475,0.02853630544273711,19.88679222882913,0.6153846153846154,-0.006387676725181479,0.00021297642857142854,0.0001922907867392484,0.6153846153846154,0.030769230769230816
2023-08-01 00:00:00+00:00,0.10552175377224847,0.23076923076923084,0.3846153846153846,0.2874596261129992,0.5391305188001663,0.5566901022380539,0.028460542488576983,19.925066651891115,0.5384615384615384,-0.006868935896479855,0.00021498142857142853,0.00015230298018682723,0.6153846153846154,0.01538461538461543
2023-08-02 00:00:00+00:00,0.1773822456949898,0.23076923076923084,0.3846153846153846,0.2911578826475509,0.6214178476052088,0.5611801874210922,0.028284204274909075,19.975344310178393,0.9230769230769231,-0.006876539030308049,0.0002117742857142857,0.0001511433808323471,0.6153846153846154,0.01538461538461543
2023-08-03 00:00:00+00:00,0.16263197642693736,0.07692307692307687,0.07692307692307687,0.2924158933419095,0.7036978244537881,0.5680433833442521,0.021962307716569672,19.975344310178393,0.6153846153846154,-0.00822542573617946,0.00021139071428571428,0.00014929956877379516,0.7692307692307693,0.01538461538461543
2023-08-04 00:00:00+00:00,0.22352691615160328,0.07692307692307687,0.07692307692307687,0.29054238077969385,0.8415350513549255,0.5676224935151013,0.021048973651536865,19.925066651891115,0.46153846153846156,-0.008091786266568424,0.0002094978571428571,0.00015656967402427404,0.7692307692307693,0.030769230769230816
2023-08-05 00:00:00+00:00,0.08178570037745458,-0.07692307692307687,0.07692307692307687,0.288627863397505,0.8415350513549255,0.5481715019239372,0.02063016145330865,19.925066651891115,0.46153846153846156,-0.008396146883066335,0.00019922071428571427,0.0001749482435398744,0.7692307692307693,0.01538461538461543
2023-08-06 00:00:00+00:00,0.13256361984938805,-0.07692307692307687,0.07692307692307687,0.2729963623049257,0.7568314830570836,0.5478953460187896,0.020028785133814387,19.925066651891115,0.15384615384615385,-0.008109500322642849,0.00020093642857142856,0.00016992474197940853,0.6923076923076923,0.01538461538461543
2023-08-07 00:00:00+00:00,0.1223340304040315,-0.07692307692307687,0.07692307692307687,0.2676823093440244,0.7615444099952576,0.541042289607585,0.019181725926594645,19.88679222882913,0.07692307692307693,-0.007745846733872408,0.00020111285714285713,0.00017607325002724894,0.6153846153846154,0.01538461538461543
2023-08-08 00:00:00+00:00,0.4587846707253593,0.07692307692307687,0.07692307692307687,0.2678226591858341,0.6902190578694574,0.5404002390940283,0.019000460330386847,19.88679222882913,0.5384615384615384,-0.007557927533763997,0.0002068942857142857,0.00020666829492261627,0.7692307692307693,0.01538461538461543
2023-08-09 00:00:00+00:00,0.2602578389056964,-0.07692307692307687,0.23076923076923084,0.2747527908857857,0.6801534158951421,0.5532077613502645,0.01869174859210988,19.842446198291075,0.5384615384615384,-0.007187426314887446,0.00021613214285714282,0.0002401035688039582,0.6153846153846154,0.0
2023-08-10 00:00:00+00:00,0.4639208444483605,0.23076923076923084,0.23076923076923084,0.27296079666767004,0.6809315338955327,0.5161755147994707,0.0163642052696416,19.780483898175913,0.46153846153846156,-0.0070396443210897774,0.000216195,0.0002563803556657244,0.5384615384615384,0.0
2023-08-11 00:00:00+00:00,0.393539488615756,0.07692307692307687,0.23076923076923084,0.2727491289556027,0.6809315338955327,0.5170236929137116,0.015930419281551696,19.7389120886225,0.3076923076923077,-0.0075401199598125745,0.00022696357142857143,0.0002529750907532519,0.5384615384615384,0.0
2023-08-12 00:00:00+00:00,0.39636578001927536,0.3846153846153846,0.07692307692307687,0.2721918484621589,0.6257484081134214,0.5184601493252236,0.01507257578908015,19.733620659904197,0.0,-0.00703292043131637,0.0002297992857142857,0.00026611368150709436,0.6153846153846154,0.0
2023-08-13 00:00:00+00:00,0.6929681843664848,1.0,0.07692307692307687,0.1951067362498864,0.6257486577815432,0.5237981313524652,0.014884038247219991,19.733620659904197,0.07692307692307693,-0.007279342627774965,0.00023318214285714283,0.0002806895065595175,0.5384615384615384,0.0
2023-08-14 00:00:00+00:00,0.6431375071359091,1.0,0.07692307692307687,0.15383002946828542,0.6238580897210907,0.5182361105592447,0.014169938148684924,19.690641411692283,0.0,-0.006896983107690324,0.00022800142857142856,0.0002926705198062533,0.6923076923076923,0.0
2023-08-15 00:00:00+00:00,0.6931540686841704,1.0,0.07692307692307687,0.15473739383771284,0.5062554931316023,0.5228520672132408,0.013229601050732542,19.68276445786313,0.23076923076923078,-0.0068638937113988385,0.00023373857142857142,0.00028940434022372365,0.6153846153846154,0.0
2023-08-16 00:00:00+00:00,0.6300535732560284,0.8461538461538463,0.07692307692307687,0.15660511636520352,0.7369325819503083,0.5329520500490749,0.012749200088483764,19.633420986332037,0.38461538461538464,-0.008473705319807678,0.00023755571428571426,0.0003015059457145436,0.8461538461538461,0.0461538461538462
2023-08-17 00:00:00+00:00,0.8815025834042132,0.6923076923076923,-0.23076923076923073,0.16241296578624212,0.789451788090815,0.5444215242520426,0.013473847365097883,19.633420986332037,0.6923076923076923,-0.009138139078266161,0.00021760785714285716,0.00032105144624495607,0.8461538461538461,0.07692307692307697
2023-08-18 00:00:00+00:00,0.16371255847460026,0.23076923076923084,-0.8461538461538461,0.3003555751149635,0.7233770370132101,0.5833349534094531,0.01459671119812205,19.68276445786313,1.0,-0.00998032571437435,0.0002067885714285714,0.00032986633878606897,1.0,0.07692307692307697
2023-08-19 00:00:00+00:00,-0.1533473119659927,0.23076923076923084,-0.8461538461538461,0.3035483371326312,0.7200456678187481,0.5803273201980155,0.01478401978444254,19.733620659904197,0.8461538461538461,-0.010518348719228687,0.0001864342857142857,0.0003383294606988853,1.0,0.07692307692307697
2023-08-20 00:00:00+00:00,-0.17319208678686618,0.07692307692307687,-0.8461538461538461,0.30451314193319956,0.7225804904301811,0.5823422131421626,0.014125956118755811,19.68276445786313,0.0,-0.010310840164290458,0.00015665071428571428,0.00035222734657800906,1.0,0.07692307692307697
2023-08-21 00:00:00+00:00,-0.09233201529277586,0.07692307692307687,-0.8461538461538461,0.30605340543637743,0.7256100884333536,0.5746954774593858,0.014206475800716994,19.633420986332037,0.07692307692307693,-0.010191562353089545,0.00012861571428571426,0.00035925203678657103,1.0,0.030769230769230816
2023-08-22 00:00:00+00:00,-0.23341084430284104,-0.07692307692307687,-0.8461538461538461,0.30575388922779123,0.7137930107590619,0.576186791004365,0.01449438518016872,19.60335407855272,0.46153846153846156,-0.010634621262458122,0.00010329285714285714,0.00034042437932632185,1.0,0.01538461538461543
2023-08-23 00:00:00+00:00,-0.6279891590554125,-0.23076923076923073,-1.0,0.3019237955745802,0.7160667825714868,0.5668611023521175,0.014273442970164873,19.60335407855272,0.38461538461538464,-0.009969817026975192,8.59585714285714e-05,0.0003213553041230842,1.0,0.030769230769230816
2023-08-24 00:00:00+00:00,-0.9523406606352117,-0.23076923076923073,-0.5384615384615384,0.30467420424557257,0.7720281709432418,0.5801899224213415,0.01401570247556166,19.57181832205164,0.38461538461538464,-0.009081238193401231,7.418499999999998e-05,0.0003174065198322851,0.9230769230769231,0.030769230769230816
2023-08-25 00:00:00+00:00,-0.9819786650667424,-0.23076923076923073,-0.5384615384615384,0.3047911573920702,0.7691082843312299,0.5848064254509231,0.014049621452712952,19.413267701588545,0.0,-0.008721775131535547,5.3619285714285695e-05,0.0003242366153954835,0.9230769230769231,0.030769230769230816
2023-08-26 00:00:00+00:00,-1.1767228828254142,-0.3846153846153846,-0.8461538461538461,0.30284893105523725,0.7691082843312299,0.5943172638567007,0.014140192945850916,19.413267701588545,0.0,-0.008446113847744463,3.805357142857141e-05,0.00032125213437315833,0.9230769230769231,0.030769230769230816
2023-08-27 00:00:00+00:00,-1.1450202459863064,-0.5384615384615384,-0.8461538461538461,0.30284768818006486,0.773773576266736,0.5930689519800258,0.013772639228830857,19.413267701588545,0.0,-0.008852993106555573,2.412642857142855e-05,0.00032251361053770933,0.9230769230769231,0.01538461538461543
2023-08-28 00:00:00+00:00,-1.1466731477178238,-0.3846153846153846,-0.6923076923076923,0.3028369572533944,0.7803758734382075,0.5863327376023462,0.013309952323067526,19.246239738862364,0.0,-0.00843623957249695,1.174785714285712e-05,0.00032380794039321237,0.9230769230769231,0.0
2023-08-29 00:00:00+00:00,-1.0504202844793344,-0.5384615384615384,-1.0,0.3021485396320162,0.7789384138346374,0.5823939102196364,0.013481283937264938,19.177900780952417,0.07692307692307693,-0.008797404824467225,-8.307142857143076e-07,0.00032486688240180927,1.0,0.0
2023-08-30 00:00:00+00:00,-0.7012855159448809,-0.3846153846153846,-0.5384615384615384,0.3599451870516624,0.815906181275958,0.5891398631902707,0.014947416321212829,19.177900780952417,1.0,-0.00832081671376761,-2.5707857142857166e-05,0.0003255252719774211,0.9230769230769231,0.061538461538461584
2023-08-31 00:00:00+00:00,-0.619022194707203,-0.23076923076923073,-0.8461538461538461,0.3625066948581325,0.7146232597450078,0.5958118216031923,0.015190782879968593,19.118040200778392,0.15384615384615385,-0.008167355519949404,-1.6417142857142882e-05,0.0003164134342689527,1.0,0.061538461538461584
2023-09-01 00:00:00+00:00,-0.9936285281343575,-0.3846153846153846,-0.8461538461538461,0.38462814747056234,0.7146232597450078,0.5999568676830511,0.01600612325331562,19.177900780952417,0.46153846153846156,-0.008469845183059932,-1.380071428571431e-05,0.00031507638240711505,0.9230769230769231,0.07692307692307697
2023-09-02 00:00:00+00:00,-1.2249462199775694,-0.6923076923076923,-0.8461538461538461,0.38164803249155704,0.7259983770564444,0.6047336348565386,0.016247827295789715,19.29041318035687,0.15384615384615385,-0.008258558582787567,-3.6264285714285967e-06,0.00030174343787745455,1.0,0.07692307692307697
2023-09-03 00:00:00+00:00,-1.1934465043576605,-0.6923076923076923,-0.8461538461538461,0.3824611860719042,0.7259983770564444,0.6039666513303514,0.01636072719119422,19.29041318035687,0.0,-0.007970470543702368,9.630714285714261e-06,0.0002912391507157823,0.9230769230769231,0.07692307692307697
2023-09-04 00:00:00+00:00,-1.212330820717999,-0.5384615384615384,-0.8461538461538461,0.3829455573822832,0.7109093934679172,0.6036947988839038,0.016135747313778266,19.29041318035687,0.0,-0.0077210183272636845,1.6174999999999976e-05,0.00028541629126031587,0.9230769230769231,0.01538461538461543
2023-09-05 00:00:00+00:00,-1.348203865895212,-0.5384615384615384,-0.8461538461538461,0.38257399828546246,0.6786362702389075,0.6084176418750901,0.015458016847946704,19.177900780952417,0.0,-0.006606121079931415,2.1734285714285688e-05,0.0002767319587853204,0.9230769230769231,0.01538461538461543
2023-09-06 00:00:00+00:00,-1.2647766409430015,-0.5384615384615384,-0.8461538461538461,0.38277575671594627,0.6828203364142175,0.6059993427152667,0.014898957536212565,19.104360097055167,0.07692307692307693,-0.005684475860781468,2.8947857142857114e-05,0.00026279511551358727,0.9230769230769231,0.0
2023-09-07 00:00:00+00:00,-1.193437528314602,-0.5384615384615384,-0.8461538461538461,0.3823645804309005,0.7612364516351313,0.6047998425078308,0.013811609213226342,19.079544227204536,0.23076923076923078,-0.004871514661328402,3.1274285714285685e-05,0.0002500406601369404,0.9230769230769231,0.0
2023-09-08 00:00:00+00:00,-0.8984254341386044,-0.3846153846153846,-0.8461538461538461,0.38058605325515277,0.7743475955339096,0.6056010711996879,0.013183812126727312,19.053046797280853,0.0,-0.004433184575620419,4.061642857142855e-05,0.0002442282647380511,0.9230769230769231,0.01538461538461543
2023-09-09 00:00:00+00:00,-1.084780826811171,-0.5384615384615384,-0.8461538461538461,0.38113814598580564,0.8169828831017414,0.610426780198936,0.013034428774382309,19.020041362880775,0.0,-0.004738622620855004,4.022928571428569e-05,0.00023996358980508736,0.9230769230769231,0.01538461538461543
2023-09-10 00:00:00+00:00,-1.069691513034948,-0.8461538461538461,-0.8461538461538461,0.3813558958723803,0.8169828831017414,0.6108676395996583,0.012766726867469203,19.020041362880775,0.0,-0.004417162323605062,3.065214285714283e-05,0.00023522665833326749,0.9230769230769231,0.01538461538461543
2023-09-11 00:00:00+00:00,-1.0999928146727969,-0.6923076923076923,-0.8461538461538461,0.38132485627503687,0.8528211967743067,0.6134397760556316,0.012819233104017216,19.019558575326897,0.07692307692307693,-0.004776289526445876,2.5356428571428545e-05,0.0002444719210453876,0.9230769230769231,0.0461538461538462
2023-09-12 00:00:00+00:00,-1.3853584961694454,-0.8461538461538461,-0.8461538461538461,0.39449527961714165,0.8507396638381965,0.583113751985616,0.012745638749977386,19.019558575326897,0.5384615384615384,-0.005155429086330876,1.924714285714283e-05,0.0002532556368867863,0.9230769230769231,0.061538461538461584
2023-09-13 00:00:00+00:00,-1.1898557397818252,-0.6923076923076923,-0.8461538461538461,0.4099235127611207,0.751393215280125,0.5889887311043854,0.013041604054921422,19.019558575326897,0.5384615384615384,-0.0051842822279835055,2.374714285714283e-05,0.00024628526092172856,0.9230769230769231,0.09230769230769235
2023-09-14 00:00:00+00:00,-1.0591528273812316,-0.6923076923076923,-0.8461538461538461,0.4130313751403202,0.7586358062088651,0.5940654892476972,0.012805403131563513,19.019558575326897,0.3076923076923077,-0.00474675166910854,1.5226428571428547e-05,0.00024596924353655574,0.9230769230769231,0.09230769230769235
2023-09-15 00:00:00+00:00,-1.451236646276372,-0.8461538461538461,-0.8461538461538461,0.416346629694896,0.6343930347393866,0.6049817762343295,0.012712780696286511,19.019558575326897,0.3076923076923077,-0.004556803802563625,7.811428571428548e-06,0.00024450207725875805,0.9230769230769231,0.09230769230769235
2023-09-16 00:00:00+00:00,-1.1666254249194479,-0.8461538461538461,-0.6923076923076923,0.4159144349953918,0.677486314706185,0.6115850061616588,0.013299848375100181,19.019558575326897,0.15384615384615385,-0.0034677343258633364,1.5669999999999974e-05,0.00023710194771876952,0.9230769230769231,0.061538461538461584
2023-09-17 00:00:00+00:00,-1.1748737387238823,-0.8461538461538461,-0.6923076923076923,0.32673684618199533,0.6836884758230799,0.617484316041321,0.013069430070236332,19.019558575326897,0.0,-0.004094049440629022,2.3323571428571406e-05,0.00023675263091573528,0.9230769230769231,0.0461538461538462
2023-09-18 00:00:00+00:00,-1.1817626706898003,-0.8461538461538461,-0.8461538461538461,0.3217458721645049,0.6976310303293123,0.6204109912705751,0.012913237153616095,18.961697575527467,0.0,-0.004623411240900599,3.266142857142855e-05,0.0002388036050687723,0.9230769230769231,0.030769230769230816
2023-09-19 00:00:00+00:00,-1.0754532092624631,-0.8461538461538461,-0.5384615384615384,0.3230253697846809,0.7044545057412999,0.6529734735329722,0.011908678305755479,18.961697575527467,0.38461538461538464,-0.004705874606251548,3.620642857142855e-05,0.00024197703466356224,0.9230769230769231,0.030769230769230816
2023-09-20 00:00:00+00:00,-0.9254913660882081,-0.8461538461538461,-0.5384615384615384,0.32431976943217516,0.7057199753347368,0.6609352348431639,0.011620659758605203,18.976222234757145,0.15384615384615385,-0.004186786044070967,3.023428571428569e-05,0.00024283722198033963,0.9230769230769231,0.0461538461538462
2023-09-21 00:00:00+00:00,-0.9752445273906443,-0.8461538461538461,-0.6923076923076923,0.3248017928234154,0.7709354158919142,0.6672663628167006,0.011235283517241384,18.976222234757145,0.3076923076923077,-0.0036975950598131524,2.6628571428571402e-05,0.00024466768613211435,0.9230769230769231,0.061538461538461584
2023-09-22 00:00:00+00:00,-1.1284727023304757,-0.8461538461538461,-0.6923076923076923,0.3320193320941605,0.7093425863973326,0.6688744708547939,0.011229246071924858,18.976222234757145,0.23076923076923078,-0.004599580923562552,1.9378571428571405e-05,0.000252356450035632,0.9230769230769231,0.061538461538461584
2023-09-23 00:00:00+00:00,-1.1169679676354978,-0.8461538461538461,-0.6923076923076923,0.3238044261305237,0.715794680244046,0.6670940570042042,0.011280797887389638,19.03047257928229,0.07692307692307693,-0.004484415561631039,2.233499999999998e-05,0.000259756971948899,0.9230769230769231,0.030769230769230816
2023-09-24 00:00:00+00:00,-1.0511583886567653,-1.0,-0.6923076923076923,0.321946428576994,0.7119180950595688,0.680637540827777,0.011477367050718463,19.03047257928229,0.07692307692307693,-0.004672061986524867,3.122928571428569e-05,0.00026091951818687424,0.9230769230769231,0.030769230769230816
2023-09-25 00:00:00+00:00,-1.2177996333213679,-0.8461538461538461,-0.6923076923076923,0.3235539016044872,0.5800680753219929,0.6912232359476983,0.011595476579672474,19.03047257928229,0.07692307692307693,-0.004892394486600338,3.9158571428571406e-05,0.0002524508778315003,0.9230769230769231,0.01538461538461543
2023-09-26 00:00:00+00:00,-1.007370381247841,-0.8461538461538461,-0.6923076923076923,0.32375517084717936,0.5800680753219929,0.6906192066002598,0.011877786063372994,19.03047257928229,0.07692307692307693,-0.004529084080887091,4.7799285714285694e-05,0.0002468979536685117,0.9230769230769231,0.0
2023-09-27 00:00:00+00:00,-1.030188990621903,-0.8461538461538461,-0.6923076923076923,0.3231708302130709,0.48563134968636257,0.6922786777349175,0.011717372534893597,19.007829605169114,0.07692307692307693,-0.004956685218149459,5.6359285714285686e-05,0.00024944113960665917,0.9230769230769231,0.0
2023-09-28 00:00:00+00:00,-1.0427983855729095,-0.8461538461538461,-0.5384615384615384,0.3236096617614546,0.48563134968636257,0.6956753072191628,0.012464555288027472,19.03047257928229,0.46153846153846156,-0.00489997762722999,6.436785714285713e-05,0.00024952624228485995,0.8461538461538461,0.0
2023-09-29 00:00:00+00:00,-0.7535790096503796,-0.8461538461538461,-0.5384615384615384,0.28391885505237474,0.7241297708880137,0.710621048323891,0.012587932715217312,19.06059063349122,0.46153846153846156,-0.003668285198945298,7.241214285714285e-05,0.00024280762636570393,0.8461538461538461,0.0461538461538462
2023-09-30 00:00:00+00:00,-0.7767306273366819,-0.6923076923076923,-0.5384615384615384,0.28000545180136693,0.7254758580599198,0.711160555957581,0.0128741627545643,19.091423469620757,0.5384615384615384,-0.003712374973609933,7.134857142857141e-05,0.00024137071118770232,0.8461538461538461,0.061538461538461584
2023-10-01 00:00:00+00:00,-0.7783416197234523,-0.6923076923076923,-0.5384615384615384,0.2339961594785256,0.7512186069410443,0.7078785180080532,0.012934055596782956,19.091423469620757,0.15384615384615385,-0.0027639887686531917,6.672571428571427e-05,0.0002430291167392607,0.8461538461538461,0.061538461538461584
2023-10-02 00:00:00+00:00,-0.42604864564895123,-0.6923076923076923,-0.3846153846153846,0.26394442056007006,0.7144428648145381,0.6973763046393255,0.013840074399850032,19.091423469620757,0.46153846153846156,-0.001770244101365226,6.503428571428569e-05,0.00024395462928094664,0.8461538461538461,0.10769230769230775
2023-10-03 00:00:00+00:00,-0.6173263657650881,-0.8461538461538461,-0.3846153846153846,0.2873943468857439,0.7282564125127546,0.7016368923028776,0.013903685649576095,19.091423469620757,0.8461538461538461,-0.002731651531448165,7.008999999999999e-05,0.00025308703815570845,0.9230769230769231,0.1384615384615385
2023-10-04 00:00:00+00:00,-0.7339483015426324,-0.8461538461538461,-0.3846153846153846,0.2877376623175313,0.8922399549263915,0.6925187011591182,0.014822447476376139,19.072377357820713,0.6153846153846154,-0.0032448491118445832,7.422499999999999e-05,0.0002636502589381967,0.9230769230769231,0.10769230769230775
2023-10-05 00:00:00+00:00,-0.5839941420584556,-0.5384615384615384,-0.3846153846153846,0.2871262653781178,0.8540252391398326,0.690604466280091,0.015068256477875616,19.072377357820713,0.7692307692307693,-0.0039052252517600694,7.63892857142857e-05,0.0002789301538692,0.8461538461538461,0.12307692307692313
2023-10-06 00:00:00+00:00,-0.6966799758064097,-0.3846153846153846,-0.3846153846153846,0.2943100552495906,0.8540252391398326,0.6914656702696451,0.014786466435197283,19.072377357820713,0.46153846153846156,-0.004434866972240659,7.53642857142857e-05,0.00027948371264780223,0.9230769230769231,0.12307692307692313
2023-10-07 00:00:00+00:00,-0.5293034491415614,-0.3846153846153846,-0.3846153846153846,0.3013681662956358,0.9033910116227586,0.6926432966602488,0.014980913974243466,19.072377357820713,0.38461538461538464,-0.0038675641508661984,7.428142857142854e-05,0.0002751892218677308,0.8461538461538461,0.10769230769230775
2023-10-08 00:00:00+00:00,-0.5567675614533996,-0.3846153846153846,-0.3846153846153846,0.2982530751928231,0.9045823447773742,0.6905902064850568,0.014775905919243987,19.072377357820713,0.0,-0.003630108115195596,7.243285714285713e-05,0.00027223436967212825,0.8461538461538461,0.07692307692307697
2023-10-09 00:00:00+00:00,-0.5549600561930806,-0.3846153846153846,-0.3846153846153846,0.29574505605594553,0.8958173401316282,0.691315560691464,0.014223854317017618,19.042259303611786,0.07692307692307693,-0.004329510412870274,8.010714285714283e-05,0.00027333054816527333,0.8461538461538461,0.061538461538461584
2023-10-10 00:00:00+00:00,-0.7189614769746712,-0.8461538461538461,-0.5384615384615384,0.3068054232869186,0.9625393502966217,0.7006015571133312,0.014337858527024303,19.042259303611786,0.8461538461538461,-0.005295831831645947,7.181428571428569e-05,0.00028048319311918844,0.9230769230769231,0.0461538461538462
2023-10-11 00:00:00+00:00,-0.8983754811422724,-0.8461538461538461,-0.5384615384615384,0.3070207938968531,0.9204533587412316,0.6982911942407849,0.014178098123791935,19.042259303611786,0.3076923076923077,-0.005257985612651894,6.478714285714284e-05,0.00028343731119320856,0.9230769230769231,0.0461538461538462
2023-10-12 00:00:00+00:00,-0.9430518297399674,-0.8461538461538461,-0.5384615384615384,0.28359798502625966,0.989233539096508,0.697284905225568,0.014203303609758192,19.042259303611786,0.5384615384615384,-0.004544900331864832,6.126214285714283e-05,0.000280216873225759,0.9230769230769231,0.030769230769230816
2023-10-13 00:00:00+00:00,-0.9976390632623748,-0.8461538461538461,-0.6923076923076923,0.27166279662244047,0.8508901924614678,0.6975387725109063,0.014064906040596367,19.043719716936714,0.3076923076923077,-0.005021804247525352,6.17285714285714e-05,0.0002809141409297927,0.9230769230769231,0.0461538461538462
2023-10-14 00:00:00+00:00,-0.9428473519648535,-0.8461538461538461,-0.6923076923076923,0.26922109531128685,0.8504133439964596,0.6984691521317073,0.013895218788793465,19.043719716936714,0.0,-0.004787597667650523,6.359357142857141e-05,0.0002868085800976283,0.9230769230769231,0.0461538461538462
2023-10-15 00:00:00+00:00,-0.9414067299650712,-0.8461538461538461,-0.6923076923076923,0.2658947652064352,1.0076595557118526,0.6947318369145581,0.013948961872281784,19.043719716936714,0.0,-0.004138383622508457,6.412214285714283e-05,0.0002878361319464763,0.9230769230769231,0.030769230769230816
2023-10-16 00:00:00+00:00,-0.8602647805213824,-0.6923076923076923,-0.6923076923076923,0.2660579190867841,0.7161385860710223,0.6862742499642488,0.013394965564277366,19.043719716936714,0.0,-0.004237071303576034,6.834214285714284e-05,0.0002811639481196736,0.8461538461538461,0.030769230769230816
2023-10-17 00:00:00+00:00,-0.5982829890328507,-0.5384615384615384,-0.23076923076923073,0.29674817635084166,0.8643816478803348,0.6250506425064863,0.014042558241272702,19.072377357820713,1.0,-0.00351883923223123,6.701499999999998e-05,0.0002699481972334364,0.6923076923076923,0.09230769230769235
2023-10-18 00:00:00+00:00,-0.6267395254044825,-0.5384615384615384,-0.23076923076923073,0.30004058940843725,0.8624863828857865,0.6424506363915901,0.013478173255559837,19.043719716936714,0.46153846153846156,-0.004316464443073653,6.909857142857141e-05,0.0002639224466600897,0.7692307692307693,0.09230769230769235
2023-10-19 00:00:00+00:00,-0.5454388059354583,-0.3846153846153846,-0.23076923076923073,0.2986611401617466,0.862866709821765,0.6423813372469274,0.01354236678707707,18.994008676621355,0.23076923076923078,-0.005087871742602501,7.399642857142855e-05,0.00024679731191852783,0.7692307692307693,0.10769230769230775
2023-10-20 00:00:00+00:00,0.018105738823920855,-0.07692307692307687,-0.23076923076923073,0.29771824093043836,0.8645246885831462,0.6370995787999619,0.014102769504069574,18.95654507280063,0.38461538461538464,-0.005089527500999946,6.989642857142855e-05,0.00023859518929704747,0.7692307692307693,0.10769230769230775
2023-10-21 00:00:00+00:00,0.3683307470888251,-0.07692307692307687,-0.23076923076923073,0.31169546783854984,0.8783417408815375,0.6426116543510042,0.014387457406734694,18.994008676621355,0.8461538461538461,-0.00482233895603279,7.631357142857141e-05,0.00024196510070826127,0.6153846153846154,0.1384615384615385
2023-10-22 00:00:00+00:00,0.4336866864549177,0.07692307692307687,-0.23076923076923073,0.3016547752092521,0.8319032584614011,0.6418783093550071,0.015126491866663821,18.994008676621355,0.6153846153846154,-0.004739642322371451,7.956714285714283e-05,0.00024469798248015874,0.6153846153846154,0.061538461538461584
2023-10-23 00:00:00+00:00,0.47615844936968704,0.07692307692307687,-0.23076923076923073,0.3034622719398611,0.8923246374193401,0.62529217369207,0.01596056735168269,18.994008676621355,0.6923076923076923,-0.004293862938807902,7.670785714285712e-05,0.0002499380969494512,0.6153846153846154,0.07692307692307697
2023-10-24 00:00:00+00:00,0.975634342365897,0.8461538461538463,0.3846153846153846,0.4038783901861104,1.0479737147505717,0.6507071820201933,0.01581224068186793,18.994008676621355,1.0,-0.00405096493120255,9.074999999999998e-05,0.00024639186902720485,0.46153846153846156,0.1538461538461539
2023-10-25 00:00:00+00:00,1.1654979566765526,0.8461538461538463,0.3846153846153846,0.40195582227595833,1.324013635773993,0.6453935178803092,0.0162339464353134,18.994008676621355,1.0,-0.004147864143582702,0.00011217857142857142,0.00022595511954072255,0.46153846153846156,0.24615384615384622
2023-10-26 00:00:00+00:00,1.0961067010810968,0.8461538461538463,0.3846153846153846,0.4019345368030196,1.2319408806526142,0.6398124742058658,0.01702185298669157,19.04043145037295,1.0,-0.004275424038692133,0.00012725642857142855,0.00022062020932247457,0.5384615384615384,0.23076923076923078
2023-10-27 00:00:00+00:00,1.1681919097473938,0.8461538461538463,0.3846153846153846,0.40202566251658384,1.3504027844573088,0.6306431508126767,0.017445145403433487,19.122126965942613,0.9230769230769231,-0.005021319700411753,0.00014090857142857143,0.00021425704596304655,0.38461538461538464,0.24615384615384625
2023-10-28 00:00:00+00:00,1.1245196478313602,0.8461538461538463,0.3846153846153846,0.4062401130780215,1.3959442285947186,0.6276299437887287,0.018153489204719438,19.194763371100102,0.9230769230769231,-0.00513093796540387,0.00015758071428571425,0.00019901773881952133,0.38461538461538464,0.23076923076923084
2023-10-29 00:00:00+00:00,1.158397835272151,0.8461538461538463,0.5384615384615385,0.3978938889190388,1.423395125346856,0.6137671093658338,0.018563217930773795,19.194763371100102,0.3076923076923077,-0.00482417198359153,0.00017560071428571427,0.00018989028279925053,0.38461538461538464,0.1384615384615385
2023-10-30 00:00:00+00:00,1.200870606765819,0.8461538461538463,0.6923076923076923,0.3983939820917851,1.3928498083765044,0.6088842369788906,0.018510826771829046,19.122126965942613,0.3076923076923077,-0.003938932148581209,0.00019056285714285715,0.00018774068528419459,0.38461538461538464,0.0461538461538462
2023-10-31 00:00:00+00:00,1.2313100195450402,0.8461538461538463,0.8461538461538463,0.3982978063083413,1.3309297536687723,0.5961124371663593,0.01897933414758176,19.108211426484967,0.7692307692307693,-0.0038672730096932506,0.00020471785714285714,0.0001755790120472871,0.3076923076923077,0.030769230769230816
2023-11-01 00:00:00+00:00,0.9658594299682997,0.6923076923076923,0.8461538461538463,0.38131558521530995,1.4350669811840968,0.5804439397264158,0.019908140537139206,19.108211426484967,0.9230769230769231,-0.004164722757864059,0.00021810642857142856,0.00016459371286282976,0.3076923076923077,0.0461538461538462
2023-11-02 00:00:00+00:00,1.2096099090097505,1.0,1.0,0.36385784971021495,1.4391722208227835,0.5835668927041094,0.020487746775081226,19.179258242339543,0.9230769230769231,-0.0038680210066748266,0.00023247285714285713,0.00016583804796660998,0.23076923076923078,0.030769230769230816
2023-11-03 00:00:00+00:00,1.4328820228373067,1.0,1.0,0.3739882904766388,1.4384790647922165,0.572359728066075,0.021452255130213045,19.194763371100102,1.0,-0.004718424884010031,0.00026350785714285714,0.0001689747040981695,0.3076923076923077,0.030769230769230816
2023-11-04 00:00:00+00:00,1.5343459494020792,1.0,1.0,0.3738974179337805,1.4335707400506013,0.5678067921211644,0.021842898659350865,19.20230445793628,0.6923076923076923,-0.005050636916949958,0.0002747285714285714,0.00015454109241957935,0.23076923076923078,0.061538461538461584
2023-11-05 00:00:00+00:00,1.5908934517620685,1.0,1.0,0.3653311441122431,1.4523324606414199,0.5667428239728302,0.02237453360472915,19.20230445793628,0.3076923076923077,-0.005511931351269872,0.0002887228571428571,0.00014487652296157322,0.07692307692307693,0.061538461538461584
2023-11-06 00:00:00+00:00,1.6442883547976095,1.0,1.0,0.3624369531091075,1.4595429647289209,0.5623812056201115,0.022540010035942526,19.20230445793628,0.8461538461538461,-0.0061868110362336415,0.0002993957142857143,0.0001321521280720583,0.07692307692307693,0.0461538461538462
2023-11-07 00:00:00+00:00,1.7007892774153894,1.0,1.0,0.36117594257739605,1.1694370821553643,0.5606507127103694,0.023393987834735057,19.32556784195245,0.8461538461538461,-0.0058056373004506945,0.0003064342857142858,0.0001202606915381907,0.07692307692307693,0.0461538461538462
2023-11-08 00:00:00+00:00,1.703333423713229,1.0,1.0,0.36075396764839274,0.8912473272533838,0.5574166361536866,0.023854176658309353,19.4457705196641,0.9230769230769231,-0.006291848323604743,0.0003064342857142857,0.0001230245926040677,0.07692307692307693,0.12307692307692313
2023-11-09 00:00:00+00:00,1.7400524873044463,1.0,1.0,0.3459170168418142,0.8117657479161055,0.5531439010650052,0.02449051010753795,19.4457705196641,0.7692307692307693,-0.006623894411089015,0.0003064342857142857,0.00011990664428743096,0.07692307692307693,0.09230769230769235
2023-11-10 00:00:00+00:00,1.9408348431368385,1.0,1.0,0.4118274286705817,1.4663132992479446,0.5118280054224007,0.02540373550483265,19.485217456007263,1.0,-0.007444140213645756,0.00031935499999999995,0.00012499507242473437,0.07692307692307693,0.276923076923077
2023-11-11 00:00:00+00:00,2.0000957269124355,1.0,1.0,0.40807536567312225,1.4664350593018003,0.4753819136750955,0.02639095803281048,19.54252207910012,0.9230769230769231,-0.00821734223500492,0.000319355,0.00014409601344306735,0.07692307692307693,0.276923076923077
2023-11-12 00:00:00+00:00,1.9427145642548864,1.0,1.0,0.40634223199541686,1.4664350593018003,0.469347923378199,0.025743610629860497,19.564947524329163,0.8461538461538461,-0.00861432426452724,0.0003359785714285714,0.0001449460732558455,0.0,0.276923076923077
2023-11-13 00:00:00+00:00,1.9708696161549555,1.0,1.0,0.4087943912125633,1.4664350593018003,0.4689991566894017,0.02516379603419556,19.54252207910012,0.6923076923076923,-0.009201256746442343,0.00034996785714285714,0.00014959575850216278,0.0,0.2000000000000001
2023-11-14 00:00:00+00:00,2.2256945626128863,1.0,1.0,0.41130446407975285,1.6466938455391373,0.47979592013130085,0.02579423133911222,19.54252207910012,1.0,-0.009346321202111985,0.00036962571428571434,0.00015920311697918067,0.15384615384615385,0.30769230769230776
2023-11-15 00:00:00+00:00,1.7963190546009655,1.0,1.0,0.4357248633867309,1.6921225830676956,0.4800553259397123,0.026426368296397773,19.564947524329163,0.9230769230769231,-0.010251948900401764,0.0003745071428571429,0.00016379097076103143,0.23076923076923078,0.1384615384615385
2023-11-16 00:00:00+00:00,1.966866392877467,1.0,1.0,0.4498535957536707,1.6921998818459056,0.5033205225668174,0.02701174978602473,19.564947524329163,0.9230769230769231,-0.009545988665988603,0.00037450714285714283,0.00015510100958185716,0.0,0.1384615384615385
2023-11-17 00:00:00+00:00,1.5118367382103375,1.0,1.0,0.485491310819679,1.723333124465059,0.5126374113315527,0.027793604487082728,19.564947524329163,1.0,-0.009681880060892378,0.00036951000000000003,0.00015481054027211913,0.3076923076923077,0.1384615384615385
2023-11-18 00:00:00+00:00,1.510473486199488,1.0,1.0,0.48432549727113744,1.6860669153928283,0.5041470267600076,0.028323522222539272,19.566781435999175,0.8461538461538461,-0.010003425068716987,0.00036951,0.00015544037419699434,0.3076923076923077,0.1384615384615385
2023-11-19 00:00:00+00:00,1.5290257257362183,1.0,1.0,0.4851567043710335,1.6896695271902238,0.49963474440268624,0.028900499305791694,19.566781435999175,0.5384615384615384,-0.010539650198024275,0.00036951,0.0001520191437160554,0.3076923076923077,0.04615384615384618
2023-11-20 00:00:00+00:00,1.686595059262461,1.0,1.0,0.4828284105780023,1.6844485764847843,0.5028135638568145,0.028886736188238577,19.566781435999175,0.6153846153846154,-0.01051638163488533,0.00036951,0.00014456961378105665,0.15384615384615385,0.030769230769230792
2023-11-21 00:00:00+00:00,1.656371251155097,1.0,1.0,0.48277948428553535,1.7273473419895873,0.49448536010807415,0.028522835069158918,19.57772101984042,0.9230769230769231,-0.010754323024172674,0.00036951,0.00014184031621184364,0.38461538461538464,0.04615384615384618
2023-11-22 00:00:00+00:00,1.2598927632105967,0.6923076923076923,0.6923076923076923,0.5170621070324551,1.798605606761244,0.5412291990938944,0.028612261347072503,19.623075336891826,1.0,-0.011140284042738036,0.00036951,0.00014991508709305437,0.7692307692307693,0.1384615384615385
2023-11-23 00:00:00+00:00,1.5619291866539569,1.0,1.0,0.4797118883197742,1.8050241064916699,0.5643116632494818,0.028245160953436654,19.623075336891826,0.8461538461538461,-0.0104227847983841,0.00036951,0.00015861898369930964,0.38461538461538464,0.1384615384615385
2023-11-24 00:00:00+00:00,1.6938817698163309,1.0,1.0,0.47788823004309744,1.5043924479587818,0.5607364072136616,0.02797276271881144,19.623075336891826,0.6923076923076923,-0.010282272887499666,0.0003565892857142857,0.00015562092848158364,0.46153846153846156,0.12307692307692313
2023-11-25 00:00:00+00:00,1.7311578354019945,1.0,1.0,0.4780233107407697,1.50489935923096,0.5603326660217932,0.027529039737992877,19.623075336891826,0.6923076923076923,-0.010518962058017334,0.0003565892857142857,0.00013502180603144244,0.3076923076923077,0.12307692307692313
2023-11-26 00:00:00+00:00,1.737350280814524,1.0,1.0,0.4778870356622171,1.505048993338899,0.5597983392190247,0.026782421241494825,19.623075336891826,0.3076923076923077,-0.010137969357138066,0.00033996571428571425,0.00012486799531867215,0.3076923076923077,0.09230769230769234
2023-11-27 00:00:00+00:00,1.7434022597153298,1.0,1.0,0.4775493601002844,1.4756590820183593,0.5656298972814955,0.025853815781479734,19.57772101984042,0.7692307692307693,-0.010721592741905372,0.00032597642857142863,0.00011214336995107096,0.3076923076923077,0.0
2023-11-28 00:00:00+00:00,1.654454153826441,1.0,1.0,0.48046636135808257,0.9700347562065003,0.5667022179996063,0.025708536127865573,19.57772101984042,0.8461538461538461,-0.010831839677939492,0.00030631857142857143,0.00010195823384879267,0.38461538461538464,0.015384615384615408
2023-11-29 00:00:00+00:00,1.723400228968349,1.0,1.0,0.4807067968692602,0.9592510851654816,0.5691874674422019,0.024624220751930624,19.57772101984042,0.6923076923076923,-0.010565901756414697,0.00030143714285714283,0.0001199140104480693,0.38461538461538464,0.015384615384615408
2023-11-30 00:00:00+00:00,1.6718149505917594,0.8461538461538463,1.0,0.4815645380341279,0.9694909331862477,0.5696941912426541,0.02305177879117146,19.566781435999175,0.6153846153846154,-0.01015377968992015,0.00030143714285714283,0.00012605232565904623,0.3076923076923077,0.015384615384615408
2023-12-01 00:00:00+00:00,1.5482669001420688,0.8461538461538463,0.8461538461538463,0.48156603691956146,1.0376752336669064,0.5619326974209832,0.02092260488329622,19.527824758964094,0.3076923076923077,-0.01021612064956201,0.00030000000000000003,0.00011815889533996612,0.3076923076923077,0.015384615384615408
2023-12-02 00:00:00+00:00,1.6467909440312312,0.8461538461538463,1.0,0.48190777146887326,0.9945284647293503,0.5567257825202574,0.020361053057916547,19.478409882681543,0.46153846153846156,-0.00974022438139538,0.00030000000000000003,0.00011650405975430257,0.23076923076923078,0.015384615384615408
2023-12-03 00:00:00+00:00,1.7779620409251966,0.8461538461538463,1.0,0.48170629700718604,0.9949411757143029,0.5685652217555079,0.02076013430872318,19.410942182934548,0.5384615384615384,-0.008818733413601454,0.00030000000000000003,0.00011862866652497375,0.23076923076923078,0.0
2023-12-04 00:00:00+00:00,1.6702433421804848,0.8461538461538463,1.0,0.4825523347843175,1.009814720672559,0.5694265203894703,0.01937287611652419,19.388285896707224,0.6153846153846154,-0.008844850637791724,0.00030000000000000003,0.0001259869029047552,0.23076923076923078,0.0
2023-12-05 00:00:00+00:00,2.0542426937694906,1.0,1.0,0.4938337821785307,0.968292749935564,0.5615098027530205,0.018945881288257065,19.388285896707224,1.0,-0.008036081743040047,0.0003143357142857143,0.00013443513099943425,0.07692307692307693,0.030769230769230792
2023-12-06 00:00:00+00:00,2.2421841048195894,1.0,1.0,0.5041844589451635,0.7426273562921893,0.5564217552912141,0.018557200935456736,19.388285896707224,1.0,-0.008475137624176399,0.0003143357142857143,0.00011988075074226941,0.07692307692307693,0.06153846153846156
2023-12-07 00:00:00+00:00,2.1123921484961117,1.0,1.0,0.5109128870405218,0.7516480547994461,0.5507608800959707,0.01782670592170182,19.388285896707224,1.0,-0.008359624107012409,0.00031697857142857144,0.00011697002953160145,0.15384615384615385,0.06153846153846156
2023-12-08 00:00:00+00:00,2.338733609845329,1.0,1.0,0.5131450016480051,0.7832800192600978,0.5472827242951382,0.017847361793468026,19.388285896707224,0.9230769230769231,-0.00848334314158361,0.00031976285714285714,0.000118261748414249,0.0,0.07692307692307696
2023-12-09 00:00:00+00:00,2.2977755152117,1.0,1.0,0.5132042274663483,0.783468586810288,0.5352351555603048,0.01906452735425093,19.466368740121112,0.9230769230769231,-0.008185678116400197,0.0003478057142857143,0.00014318952161891785,0.0,0.07692307692307696
2023-12-10 00:00:00+00:00,2.2562201962700557,1.0,1.0,0.45675820174103876,0.7879083969378584,0.5246821459593495,0.0197900336604937,19.54867428273521,0.9230769230769231,-0.008593272045715583,0.00038467357142857143,0.00016123148128531264,0.0,0.04615384615384618
2023-12-11 00:00:00+00:00,2.282663670163034,1.0,1.0,0.4561401051081272,0.7896770485888492,0.5230089294999236,0.019372618208148236,19.54867428273521,0.6923076923076923,-0.008290422867310465,0.00040969499999999996,0.00017186644249975606,0.0,0.015384615384615408
2023-12-12 00:00:00+00:00,1.9822063223677435,1.0,1.0,0.5042792305719732,0.8844808148108925,0.5482848649242258,0.01987373305939878,19.54867428273521,1.0,-0.008472838040117114,0.000419775,0.00017594234473431282,0.23076923076923078,0.04615384615384618
2023-12-13 00:00:00+00:00,2.0166021082560692,1.0,1.0,0.5040958591889482,0.885069921564728,0.5442995435395684,0.020189852705626565,19.54867428273521,0.6923076923076923,-0.00878366870336772,0.000419775,0.0001542582618447847,0.23076923076923078,0.030769230769230792
2023-12-14 00:00:00+00:00,2.2142625620517586,1.0,1.0,0.5107700529764679,0.8871803548271028,0.5391526747716476,0.02156536550022458,19.615914327489072,0.9230769230769231,-0.008763114402096872,0.000419775,0.00017523043797476923,0.23076923076923078,0.030769230769230792
2023-12-15 00:00:00+00:00,2.3553929108750347,1.0,1.0,0.4950612650923662,0.9552581485533892,0.5371647375254924,0.02235163074957993,19.691125491403536,0.8461538461538461,-0.008631093367767018,0.000419775,0.000202166019198514,0.07692307692307693,0.030769230769230792
2023-12-16 00:00:00+00:00,2.096891186689117,1.0,0.8461538461538463,0.4851560717898595,1.0461087240433145,0.5567521141565621,0.02259504941427285,19.754307093705417,0.6923076923076923,-0.00958725919394432,0.0004213707142857143,0.00021848536454401906,0.38461538461538464,0.04615384615384618
2023-12-17 00:00:00+00:00,2.1238267441876197,1.0,1.0,0.45004784111866103,1.003076750736538,0.5506717397309387,0.023115969551798055,19.754307093705417,0.38461538461538464,-0.009096082658441529,0.0004213707142857143,0.00024119290892587526,0.23076923076923078,0.015384615384615408
2023-12-18 00:00:00+00:00,1.9808430681956688,1.0,0.8461538461538463,0.45682060737740643,0.9896569397311894,0.5558757469990745,0.02296351599728925,19.754307093705417,0.38461538461538464,-0.00900292226261723,0.00042137071428571425,0.000246408283320578,0.38461538461538464,0.015384615384615408
2023-12-19 00:00:00+00:00,1.913096458425838,0.8461538461538463,0.8461538461538463,0.46007352424617376,0.9744803638237894,0.5563198749023365,0.023416606644055087,19.780187842582993,0.9230769230769231,-0.009565500917238068,0.000407035,0.0002484725448762872,0.23076923076923078,0.030769230769230792
2023-12-20 00:00:00+00:00,1.9066430907569092,0.8461538461538463,0.8461538461538463,0.45940656022621396,0.9445140522122588,0.5554809804716028,0.023975068954456523,19.82194488579185,0.6153846153846154,-0.010098218277391546,0.00040703500000000004,0.00025084701498307604,0.5384615384615384,0.030769230769230792
2023-12-21 00:00:00+00:00,2.0254769920428415,1.0,0.8461538461538463,0.4640186856235741,0.9456623712516148,0.5566314459040538,0.02444974762155424,19.941354382252463,0.8461538461538461,-0.009817867812828063,0.0004043921428571429,0.0002776999098204563,0.46153846153846156,0.030769230769230792
2023-12-22 00:00:00+00:00,2.0389667938109355,1.0,1.0,0.4277253374423169,0.8558954044531619,0.5601319328355179,0.0265702924293583,20.061487004934683,0.6923076923076923,-0.009837331989600073,0.0004305071428571429,0.0003135753741005611,0.15384615384615385,0.030769230769230792
2023-12-23 00:00:00+00:00,2.0038606146663276,0.8461538461538463,1.0,0.3921594906924092,0.8623517794039478,0.5365406567500874,0.026870496512738686,20.063120925144432,0.6923076923076923,-0.010698545743801469,0.00044176499999999994,0.0003339879484233167,0.07692307692307693,0.06153846153846156
2023-12-24 00:00:00+00:00,1.9035128051674823,0.8461538461538463,1.0,0.39353943719382456,0.794289926781549,0.5367515098684742,0.028071853682985433,20.063120925144432,0.23076923076923078,-0.01070841983534293,0.00041300500000000003,0.0003573348479526216,0.15384615384615385,0.04615384615384618
2023-12-25 00:00:00+00:00,1.7352458603994643,0.8461538461538463,0.8461538461538463,0.40069484565803104,0.7927986527372238,0.5394321137222098,0.027727982847507594,20.042082731346046,0.6923076923076923,-0.011440945199701957,0.00041850857142857145,0.0003846363769128652,0.3076923076923077,0.04615384615384618
2023-12-26 00:00:00+00:00,1.486202896194312,0.8461538461538463,1.0,0.4009750708729875,0.759659754974098,0.5420391110719112,0.027925159895321416,20.042082731346046,0.46153846153846156,-0.011501060928546525,0.0004481528571428571,0.0004135707936716992,0.07692307692307693,0.030769230769230792
2023-12-27 00:00:00+00:00,1.25716966560827,0.8461538461538463,0.8461538461538463,0.40814419616575404,0.7803334599578458,0.5286792317146313,0.02890188536785615,20.042082731346046,0.8461538461538461,-0.012208887198311313,0.0005110921428571429,0.00043962431129984295,0.3076923076923077,0.030769230769230792
2023-12-28 00:00:00+00:00,1.4124312540254396,1.0,1.0,0.42671380902407774,0.8538813837140586,0.5214554703762142,0.03001717457654633,20.042082731346046,0.9230769230769231,-0.011765577532445282,0.0005595685714285715,0.00044917859110443276,0.15384615384615385,0.030769230769230792
2023-12-29 00:00:00+00:00,1.3114964991803053,1.0,1.0,0.43282066133175096,0.8683453955391163,0.5225292704346176,0.02857925743422201,20.042082731346046,1.0,-0.01208684596323184,0.0006409985714285714,0.0005041769096006832,0.15384615384615385,0.030769230769230792
2023-12-30 00:00:00+00:00,1.2788088489829557,1.0,1.0,0.43741726547996,0.8289665853352235,0.5246826076640888,0.027854516236765152,20.010030161205773,0.7692307692307693,-0.01238351940983018,0.0007173692857142856,0.0005501193465905868,0.23076923076923078,0.04615384615384618
2023-12-31 00:00:00+00:00,1.2645161469207407,1.0,1.0,0.4377011383885846,0.8288724063828898,0.5246348954204838,0.02824470543766209,20.010030161205773,0.23076923076923078,-0.012612173970285856,0.0007507735714285714,0.000575961435787099,0.38461538461538464,0.04615384615384618
2024-01-01 00:00:00+00:00,1.2000857810871304,1.0,1.0,0.4334810333601626,0.8610872397551655,0.5224357480560966,0.027273731977791243,19.94140179755245,0.3076923076923077,-0.012405235690643335,0.0007873157142857143,0.0006371397841470184,0.46153846153846156,0.04615384615384618
2024-01-02 00:00:00+00:00,1.3616998955040591,1.0,1.0,0.44123260646181484,0.6867309127138502,0.5270090057142449,0.027029245919115104,19.891386554420166,0.0,-0.012160393128479441,0.0008236971428571429,0.0006769470900025084,0.07692307692307693,0.015384615384615408
2024-01-03 00:00:00+00:00,1.3870501829124293,1.0,1.0,0.44025089108464516,0.8705964606498111,0.5285273827356539,0.025934612976391085,19.86092048918966,0.6923076923076923,-0.01262551208590057,0.0009226585714285715,0.0007165763421676154,0.3076923076923077,0.04615384615384618
2024-01-04 00:00:00+00:00,0.9370379520771489,0.5384615384615385,0.5384615384615385,0.47044725815705424,0.9542572248971232,0.5494339252504342,0.026583468113476956,19.86092048918966,1.0,-0.013873440243788449,0.0009451307142857143,0.000706830937826891,0.6923076923076923,0.09230769230769234
2024-01-05 00:00:00+00:00,1.1791432033914582,0.6923076923076923,0.6923076923076923,0.46394306325580525,0.9318037574427449,0.5551942867916927,0.026467246227875562,19.86092048918966,0.6153846153846154,-0.01323883078801591,0.0009162314285714286,0.0006808107788677774,0.6923076923076923,0.09230769230769234
2024-01-06 00:00:00+00:00,1.1533335959563416,0.6923076923076923,0.6923076923076923,0.4599991797651742,0.9229500182023795,0.5586160437239541,0.026532917140462974,19.86092048918966,0.8461538461538461,-0.013276908542451449,0.0008769307142857143,0.0006845440563957086,0.6923076923076923,0.09230769230769234
2024-01-07 00:00:00+00:00,1.049936261864,0.5384615384615385,0.5384615384615385,0.4545686877705594,0.9384891685799703,0.5617258082475632,0.02678052612914202,19.86092048918966,0.23076923076923078,-0.013106682267940761,0.0008688228571428572,0.0007041495069383638,0.6923076923076923,0.09230769230769234
2024-01-08 00:00:00+00:00,0.979045184327621,0.5384615384615385,0.5384615384615385,0.45275447023279414,0.9891754174041234,0.5698257353931443,0.026479613185632224,19.812411679087788,0.15384615384615385,-0.012941203500635712,0.000838297857142857,0.0007244477910730401,0.6923076923076923,0.06153846153846156
2024-01-09 00:00:00+00:00,1.2118568582703322,0.6923076923076923,0.6923076923076923,0.4960244000603118,0.9997767064703705,0.5964674572543753,0.026815294317456058,19.83107221490881,0.9230769230769231,-0.01248907284753209,0.0007985735714285714,0.000729071816937349,0.6153846153846154,0.0
2024-01-10 00:00:00+00:00,1.175693764303655,0.6923076923076923,0.6923076923076923,0.49663239948206156,1.0096420535758879,0.609616525003093,0.026325003697004218,19.83107221490881,0.9230769230769231,-0.012754948961202661,0.0007356342857142857,0.0007085117709119305,0.6153846153846154,0.0
2024-01-11 00:00:00+00:00,1.382792552239324,0.6923076923076923,1.0,0.4845964537335329,1.078204948908347,0.6177275945741598,0.025316887644922743,19.828762401885143,0.9230769230769231,-0.013099670487977388,0.0006871578571428571,0.00067640227540223,0.6153846153846154,0.015384615384615408
2024-01-12 00:00:00+00:00,1.1103978962526,0.6923076923076923,1.0,0.4841100158054749,1.0693840871312241,0.6146468737526439,0.02524946075287087,19.828762401885143,0.9230769230769231,-0.012844084894718555,0.0006057278571428571,0.0005959206757120226,0.5384615384615384,0.015384615384615408
2024-01-13 00:00:00+00:00,0.7912858831498244,0.5384615384615385,0.8461538461538463,0.5233726898869012,1.0705016406090258,0.6161132860996256,0.02513687777493631,19.877271211987015,0.8461538461538461,-0.012806635668834887,0.0005277614285714285,0.0005385440532835084,0.5384615384615384,0.030769230769230792
2024-01-14 00:00:00+00:00,0.8861803048441055,0.5384615384615385,0.8461538461538463,0.5227476700192599,1.0040594570193626,0.6155576028178567,0.025109739486277732,19.828762401885143,0.15384615384615385,-0.01233136427052306,0.0004943571428571428,0.0004914569978321819,0.5384615384615384,0.030769230769230792
2024-01-15 00:00:00+00:00,0.7281512554506724,0.5384615384615385,0.6923076923076923,0.5230308214379515,1.0039767873858374,0.6050405224884203,0.024768249359895744,19.828762401885143,0.15384615384615385,-0.012445162198491844,0.000457815,0.00041974312714348247,0.7692307692307693,0.030769230769230792
2024-01-16 00:00:00+00:00,0.8345675334237839,0.6923076923076923,0.6923076923076923,0.5255543610177215,1.0132929027914603,0.6011946309207244,0.023693087433154483,19.713909224647097,0.3076923076923077,-0.01165462937152667,0.00042143357142857143,0.0003677070093235344,0.6153846153846154,0.030769230769230792
2024-01-17 00:00:00+00:00,1.097375739894816,0.6923076923076923,0.6923076923076923,0.5249208865986817,0.9901739554614807,0.6063629401015626,0.021874547123677587,19.59980626553301,0.3076923076923077,-0.011925392805983315,0.0003224721428571428,0.00035424527963767905,0.5384615384615384,0.030769230769230792
2024-01-18 00:00:00+00:00,0.7992249937173508,0.6923076923076923,0.6923076923076923,0.5251403174888173,0.9012251780781876,0.6080401860278127,0.022025360234117795,19.465106600157988,0.23076923076923078,-0.011841616618965045,0.00030000000000000003,0.0003500336474350253,0.6153846153846154,0.015384615384615408
2024-01-19 00:00:00+00:00,0.9034451413492961,0.5384615384615385,0.3846153846153846,0.5337435995168425,0.9080307795581914,0.6110799625549967,0.02228596704018818,19.416614187815092,0.6153846153846154,-0.01192918572800139,0.00030000000000000003,0.00035256867333746444,0.7692307692307693,0.015384615384615408
2024-01-20 00:00:00+00:00,0.9154297806546625,0.6923076923076923,0.5384615384615385,0.5292730824421759,0.8442255325992398,0.6063732035457557,0.022600214139671275,19.505865074235878,0.6153846153846154,-0.011613380966298714,0.00030000000000000003,0.00033574069805815474,0.6153846153846154,0.015384615384615408
2024-01-21 00:00:00+00:00,0.8968799882665035,0.8461538461538463,0.8461538461538463,0.5284558834093841,0.7656227382449571,0.5668704772142112,0.023541456065716965,19.505865074235878,0.15384615384615385,-0.011268900680191873,0.00030000000000000003,0.00030106082342834414,0.6153846153846154,0.0
2024-01-22 00:00:00+00:00,0.7635134351868935,0.6923076923076923,0.6923076923076923,0.5242094280299913,0.690404491620239,0.5502086404103923,0.02307037770204482,19.505865074235878,0.07692307692307693,-0.011637861084897227,0.00030000000000000003,0.00026441412257115557,0.6153846153846154,0.0
2024-01-23 00:00:00+00:00,0.45442589355277185,0.5384615384615385,0.23076923076923084,0.5575983982980847,0.7138528970113527,0.5606654340962455,0.023446587970240778,19.505865074235878,0.7692307692307693,-0.011339544802008827,0.00030000000000000003,0.00025531722085932635,0.8461538461538461,0.0
2024-01-24 00:00:00+00:00,0.6341842559378748,0.6923076923076923,0.23076923076923084,0.5557531540702296,0.616380336696363,0.5619272415641002,0.022223622578413295,19.505865074235878,0.8461538461538461,-0.01053255676096726,0.00030000000000000003,0.00027161494785519884,0.8461538461538461,0.015384615384615408
2024-01-25 00:00:00+00:00,0.3784902972084767,0.6923076923076923,0.23076923076923084,0.5546334730183806,0.5918236133216989,0.561393106632829,0.02232988157262044,19.478414999149766,0.15384615384615385,-0.01024136193032027,0.00030000000000000003,0.000284144546337259,0.8461538461538461,0.015384615384615408
2024-01-26 00:00:00+00:00,0.36096541554261663,0.5384615384615385,0.07692307692307687,0.5502222115103811,0.5945150992681479,0.5585408005349723,0.022104575990778336,19.416614187815092,0.15384615384615385,-0.009888082093598705,0.00030000000000000003,0.00028447162908572796,0.8461538461538461,0.015384615384615408
2024-01-27 00:00:00+00:00,0.4752465241178725,0.5384615384615385,0.3846153846153846,0.5418764988565983,0.5965490650187175,0.5622410363646717,0.021752657477858504,19.410890245283085,0.15384615384615385,-0.009477034484119629,0.00030000000000000003,0.00028251167451248357,0.8461538461538461,0.015384615384615408
2024-01-28 00:00:00+00:00,0.4871886862001751,0.5384615384615385,0.3846153846153846,0.5391244251971365,0.5541254232796439,0.5603257399880507,0.021393824095043486,19.404991171342495,0.0,-0.00922162743716165,0.00030000000000000003,0.0002816013956422705,0.8461538461538461,0.015384615384615408
2024-01-29 00:00:00+00:00,0.5181671176195781,0.5384615384615385,0.23076923076923084,0.5365276693928742,0.5604401580413318,0.5597374168195278,0.020747321657850766,19.298159476696156,0.15384615384615385,-0.00921985905011391,0.00030000000000000003,0.0002844268337900099,0.8461538461538461,0.0
2024-01-30 00:00:00+00:00,0.7113413241342735,0.6923076923076923,0.3846153846153846,0.5456131031212742,0.5683959066392924,0.5638068180867104,0.02069266670589149,19.298159476696156,0.23076923076923078,-0.009109530897684348,0.00030000000000000003,0.00028936318571749954,0.7692307692307693,0.0
2024-01-31 00:00:00+00:00,0.6541989350188379,0.5384615384615385,0.23076923076923084,0.5456042932392089,0.586405635892235,0.5628031450129178,0.019889350941164893,19.293758196282095,0.23076923076923078,-0.009102088431090671,0.0002972821428571429,0.0002730216309483934,0.6923076923076923,0.015384615384615408
2024-02-01 00:00:00+00:00,0.5883911484718152,0.5384615384615385,0.23076923076923084,0.5323808545767792,0.5969582315368993,0.5637086472098645,0.019260580661500375,19.293758196282095,0.5384615384615384,-0.009173530806310226,0.0002972821428571429,0.0002571023395328858,0.6923076923076923,0.015384615384615408
2024-02-02 00:00:00+00:00,0.6203284161877194,0.5384615384615385,0.23076923076923084,0.5328286534307305,0.5595107937740627,0.5618196107000114,0.01910782890918774,19.237352278916084,0.3076923076923077,-0.00893826818053639,0.0002972821428571429,0.00024188611259687277,0.6923076923076923,0.015384615384615408
2024-02-03 00:00:00+00:00,0.5299642377216733,0.5384615384615385,0.23076923076923084,0.4941541924327682,0.5361261146702888,0.5652379668021656,0.018560659489664774,19.237352278916084,0.15384615384615385,-0.008316186062774622,0.0002972821428571429,0.00022111849091504597,0.6923076923076923,0.015384615384615408
2024-02-04 00:00:00+00:00,0.3662821721600633,0.5384615384615385,0.3846153846153846,0.4848505526938895,0.5361261146702888,0.567674301891114,0.018227572768038325,19.237352278916084,0.07692307692307693,-0.008282491309576812,0.0002972821428571429,0.00020833931778337076,0.6923076923076923,0.015384615384615408
2024-02-05 00:00:00+00:00,0.26699751391429394,0.3846153846153846,0.23076923076923084,0.4853218544732914,0.5523235151102025,0.5701810957149289,0.018218595049474574,19.21401739836534,0.07692307692307693,-0.008707026595693168,0.0002972821428571429,0.0001971107244116547,0.6923076923076923,0.015384615384615408
2024-02-06 00:00:00+00:00,0.10738139921665268,0.23076923076923084,0.23076923076923084,0.484688415862324,0.5526365758094035,0.5712468894929312,0.018343825643785814,19.189855577625522,0.15384615384615385,-0.00840269864061155,0.0002972821428571429,0.00018371981810893183,0.6923076923076923,0.015384615384615408
2024-02-07 00:00:00+00:00,0.026928759282718234,0.07692307692307687,0.23076923076923084,0.48916150294656746,0.5717263926591376,0.562119375997861,0.018157207457806628,19.189855577625522,0.15384615384615385,-0.007951306597886731,0.0002965621428571429,0.00016596205534484762,0.6153846153846154,0.030769230769230792
2024-02-08 00:00:00+00:00,0.24534203964228427,0.23076923076923084,0.3846153846153846,0.4531422408254693,0.6959983399403947,0.572825036758459,0.017376387366931034,19.17726644622573,0.23076923076923078,-0.006873443819034264,0.0002965621428571429,0.00015288270613154337,0.6153846153846154,0.030769230769230792
2024-02-09 00:00:00+00:00,0.18360524023879657,0.23076923076923084,0.3846153846153846,0.4538261259407028,0.6977088239589024,0.5701744330166547,0.017002394576291477,19.17726644622573,0.38461538461538464,-0.006730272271552429,0.0002965621428571429,0.00017288991556170907,0.6153846153846154,0.030769230769230792
2024-02-10 00:00:00+00:00,0.2960329312886929,0.07692307692307687,0.3846153846153846,0.4267254458126128,0.6949134666244885,0.5538528733266942,0.015912390696495596,19.18279649972088,0.5384615384615384,-0.0062891928893099025,0.0002949564285714286,0.0002205086389336604,0.5384615384615384,0.015384615384615408
2024-02-11 00:00:00+00:00,0.39208036260970675,0.07692307692307687,0.5384615384615385,0.4279587556146202,0.7474410027567518,0.5565246196391046,0.01601888322329014,19.18279649972088,0.0,-0.005943037174330867,0.0002949564285714286,0.0002572689539215294,0.46153846153846156,0.015384615384615408
2024-02-12 00:00:00+00:00,0.412465985510268,0.07692307692307687,0.5384615384615385,0.37362274420040875,0.7237322131216011,0.5551602840386908,0.016619168614246383,19.18279649972088,0.3076923076923077,-0.005829285547537921,0.0002949564285714286,0.0002882293478651547,0.46153846153846156,0.0
2024-02-13 00:00:00+00:00,0.9720481623090963,0.5384615384615385,0.6923076923076923,0.40389907044902496,0.7910535615968471,0.5584368676936701,0.016670503917348336,19.18279649972088,0.5384615384615384,-0.0053830866852064285,0.0002949564285714286,0.0003191429504617021,0.38461538461538464,0.015384615384615408
2024-02-14 00:00:00+00:00,0.9474968089574928,0.23076923076923084,0.3846153846153846,0.383198421679659,0.7496735849454347,0.5398243182998651,0.016755004638872455,19.18279649972088,0.6923076923076923,-0.00584139091665703,0.00029767428571428567,0.0003493491819165031,0.46153846153846156,0.030769230769230792
2024-02-15 00:00:00+00:00,1.0207517935929107,0.23076923076923084,0.6923076923076923,0.40810130656034366,0.7999343185317672,0.5481449527047676,0.016685628962692878,19.219547451860493,0.7692307692307693,-0.005880682038893692,0.00029767428571428567,0.00036719266900178004,0.46153846153846156,0.030769230769230792
2024-02-16 00:00:00+00:00,0.9985098157220094,0.23076923076923084,0.6923076923076923,0.4038419481517592,0.7999343185317672,0.5371308504250784,0.017584492401582948,19.269596375542278,1.0,-0.00617562266303634,0.00030784071428571427,0.0003786751954690326,0.38461538461538464,0.04615384615384618
2024-02-17 00:00:00+00:00,1.1865351843429286,0.3846153846153846,0.6923076923076923,0.3981820688409147,0.8034728290936912,0.5391049334160525,0.017859636193165267,19.374316012236942,0.6153846153846154,-0.006493471356709191,0.0003308721428571428,0.00038550702582797284,0.46153846153846156,0.04615384615384618
2024-02-18 00:00:00+00:00,1.1161574188310401,0.3846153846153846,0.5384615384615385,0.381504339993826,0.8576546765392055,0.5377120473369424,0.018054137926418037,19.4207883449872,0.23076923076923078,-0.007027131798388819,0.0003459164285714286,0.00038811245546793965,0.38461538461538464,0.030769230769230792
2024-02-19 00:00:00+00:00,1.32697069194514,0.3846153846153846,0.8461538461538463,0.3854965371812181,0.864705957296896,0.5358068790114151,0.017675043318213464,19.43145458818519,0.15384615384615385,-0.006931822642218477,0.0003598057142857143,0.0004055526801971486,0.3076923076923077,0.015384615384615408
2024-02-20 00:00:00+00:00,1.2632081033914786,0.6923076923076923,0.8461538461538463,0.38385079692184515,0.864705957296896,0.5335908942596941,0.01753121013959902,19.463574452824652,0.46153846153846156,-0.007016901361604266,0.0003787764285714286,0.0004029419122817196,0.3076923076923077,0.015384615384615408
2024-02-21 00:00:00+00:00,1.4270652748197217,0.5384615384615385,0.6923076923076923,0.3832549164477071,0.9371691918613079,0.5350674161476049,0.018027205575996446,19.519501998502886,1.0,-0.007531726729766153,0.00041651142857142856,0.00041055116692896413,0.46153846153846156,0.07692307692307696
2024-02-22 00:00:00+00:00,1.2475393048833052,0.3846153846153846,0.5384615384615385,0.3200445188977837,0.967807888954172,0.5370282068009748,0.018040783144690094,19.578984889139953,0.7692307692307693,-0.00795277805134098,0.0004191571428571428,0.00041819265985141056,0.5384615384615384,0.07692307692307696
2024-02-23 00:00:00+00:00,1.1649927059486789,0.07692307692307687,0.5384615384615385,0.31529355359860434,0.9910580866335185,0.5387609360486566,0.018133379794377118,19.578984889139953,0.38461538461538464,-0.008285981562473566,0.00042735071428571424,0.00044867828376877653,0.6153846153846154,0.07692307692307696
2024-02-24 00:00:00+00:00,0.9866329397726457,0.07692307692307687,0.5384615384615385,0.3239397397259346,0.9813936035352521,0.53951506414186,0.018200017604320797,19.578984889139953,0.38461538461538464,-0.008553560957266282,0.00045628357142857143,0.0004435756052606016,0.6153846153846154,0.07692307692307696
2024-02-25 00:00:00+00:00,1.1260953258350443,-0.07692307692307687,0.8461538461538463,0.32252200815546594,0.959106928044249,0.5542153394019189,0.017757638050245755,19.578984889139953,0.07692307692307693,-0.00786043265984998,0.00047484142857142855,0.0004579137542777401,0.5384615384615384,0.07692307692307696
2024-02-26 00:00:00+00:00,1.3374370592630653,-0.07692307692307687,0.6923076923076923,0.3136709946812968,1.0061032715517475,0.552617423878489,0.01764471379544246,19.578984889139953,0.07692307692307693,-0.008379637835985054,0.000500545,0.00047570178253082153,0.5384615384615384,0.030769230769230792
2024-02-27 00:00:00+00:00,1.4617122391064805,-0.07692307692307687,0.8461538461538463,0.32682554135304825,0.9286850958644479,0.5578532462373987,0.017503648051479716,19.59589910393442,0.7692307692307693,-0.008289687640949672,0.0005580328571428572,0.00047441875790021654,0.3076923076923077,0.04615384615384618
2024-02-28 00:00:00+00:00,1.7457444125713306,0.3846153846153846,1.0,0.3329952669933187,1.0163585535111421,0.5514106612685281,0.018577417412249823,19.633012454895596,0.9230769230769231,-0.008819107659964132,0.0006499357142857144,0.0004787599422531098,0.15384615384615385,0.10769230769230771
2024-02-29 00:00:00+00:00,1.8127406428002741,0.23076923076923084,0.8461538461538463,0.38148041106581804,1.197979094294108,0.5366784687493537,0.020188344459836378,19.633012454895596,1.0,-0.009295808043247977,0.0007253621428571429,0.0005032781075672207,0.07692307692307693,0.24615384615384617
2024-03-01 00:00:00+00:00,1.8144413719219912,0.5384615384615385,1.0,0.3932435605150517,1.2282787008168128,0.5241723555298695,0.02126371757379402,19.66258625148741,1.0,-0.010095590831060597,0.0008383807142857142,0.0005135141222085323,0.15384615384615385,0.26153846153846155
2024-03-02 00:00:00+00:00,2.017855231101791,0.8461538461538463,1.0,0.38091683393097125,1.208347672547238,0.5253102692154757,0.02280026456102606,19.692839735388784,0.6923076923076923,-0.010198520233762554,0.000911175,0.000518342383820293,0.07692307692307693,0.23076923076923075
2024-03-03 00:00:00+00:00,1.9948982607369425,1.0,1.0,0.38599799656976763,1.1982510420581356,0.48561046270267466,0.027409096219778585,19.74427605191668,0.6923076923076923,-0.010274607269030345,0.001036997857142857,0.0005344465356679497,0.0,0.21538461538461537
2024-03-04 00:00:00+00:00,2.0894483536376014,1.0,1.0,0.3846937834078627,1.297939369453269,0.44724463353296895,0.028587765543360132,19.78023520704138,0.8461538461538461,-0.010895133469514928,0.001133692857142857,0.0005270153259275091,0.0,0.21538461538461537
2024-03-05 00:00:00+00:00,2.1477317616469613,1.0,1.0,0.40954639827221373,1.4155739540335266,0.4389319415971249,0.030084572686845668,19.811081041767906,1.0,-0.010664634769478376,0.0012156,0.0005312611546417034,0.0,0.15384615384615385
2024-03-06 00:00:00+00:00,1.8231294592193688,0.8461538461538463,1.0,0.45463817292217057,1.476448803211922,0.4850579285006013,0.03163930149715512,19.901106762376713,1.0,-0.011589274399820937,0.001331952857142857,0.00054743286663897,0.46153846153846156,0.24615384615384617
2024-03-07 00:00:00+00:00,2.40455430837102,1.0,1.0,0.47431587696199695,1.4525237605852956,0.4900651219301048,0.03157489555602051,19.901106762376713,1.0,-0.011874059021238004,0.0013507614285714286,0.0005623987072229837,0.15384615384615385,0.26153846153846155
2024-03-08 00:00:00+00:00,2.338484007955683,1.0,1.0,0.4742729711993813,1.4414986517160704,0.47215967205057396,0.0333855121434829,20.0096929124985,0.9230769230769231,-0.01152624031945465,0.0014026835714285714,0.0005353369908803435,0.15384615384615385,0.26153846153846155
2024-03-09 00:00:00+00:00,2.3952342641126934,1.0,1.0,0.4731430588401923,1.4994010126220758,0.4582120435018761,0.03364937850016549,20.035024486271666,0.9230769230769231,-0.011191106241255855,0.0014608842857142857,0.0005301706326986763,0.07692307692307693,0.21538461538461537
2024-03-10 00:00:00+00:00,2.4651150610965096,1.0,1.0,0.4742822027023403,1.4991375326710925,0.45250942258638044,0.034318137926329866,20.035024486271666,0.5384615384615384,-0.011674303526743646,0.0015097864285714287,0.0005265609775127911,0.07692307692307693,0.13846153846153847
2024-03-11 00:00:00+00:00,2.4985908670451455,1.0,1.0,0.4716523856600033,1.490902663083154,0.43409536517843716,0.035655746605951985,20.035024486271666,0.7692307692307693,-0.012035879749558998,0.0015761992857142857,0.0005201263124094318,0.07692307692307693,0.03076923076923077
2024-03-12 00:00:00+00:00,2.472599515212206,1.0,1.0,0.4845715798099084,1.584166356375946,0.423454370351331,0.037510460829691124,20.035024486271666,1.0,-0.011298691436394115,0.001619437857142857,0.0005353392887964571,0.07692307692307693,0.03076923076923077
2024-03-13 00:00:00+00:00,2.417968877936547,1.0,1.0,0.4953577484846421,1.5051913065953917,0.416651664825949,0.037568680983450196,20.063352104459405,1.0,-0.011171462494825146,0.0016225228571428568,0.0005434407954579349,0.07692307692307693,0.046153846153846156
2024-03-14 00:00:00+00:00,2.280061809151399,1.0,1.0,0.48137885221288657,1.3676730064257456,0.4162608499769402,0.039229646440305056,20.063352104459405,0.8461538461538461,-0.011353324045964897,0.0016401542857142858,0.000525060044715672,0.07692307692307693,0.03076923076923077
2024-03-15 00:00:00+00:00,2.0938472709693743,1.0,1.0,0.4973456105733329,1.3885370701428603,0.40819088460899705,0.04025756064718109,20.19222967154429,1.0,-0.01116051311666999,0.0016070778571428573,0.0005319533601183536,0.07692307692307693,0.03076923076923077
2024-03-16 00:00:00+00:00,2.312415326932266,1.0,1.0,0.5054398253082465,1.4282421113790176,0.4174475841619191,0.04160834386633195,20.31823968969519,1.0,-0.011596548750791302,0.0015441914285714287,0.000532496173718835,0.46153846153846156,0.03076923076923077
2024-03-17 00:00:00+00:00,1.8172011288538863,1.0,1.0,0.5632356873728066,1.449519132940619,0.4500283344154595,0.042751502795891794,20.31823968969519,1.0,-0.011529862551927228,0.001420477857142857,0.0005092104887343931,0.8461538461538461,0.046153846153846156
2024-03-18 00:00:00+00:00,2.195455510532852,1.0,1.0,0.5734648626756907,1.3114944784902276,0.45425654113809133,0.04343742774959894,20.31823968969519,0.9230769230769231,-0.011878899249948227,0.0013183342857142858,0.0005012091593037322,0.7692307692307693,0.03076923076923077
2024-03-19 00:00:00+00:00,1.9778126392814055,1.0,1.0,0.5815812529748364,1.23417643953848,0.44756873001647235,0.043168262044954386,20.31823968969519,1.0,-0.011975897136750846,0.0012284492857142855,0.0004956077317414739,0.8461538461538461,0.03076923076923077
2024-03-20 00:00:00+00:00,1.2358047353019246,1.0,0.5384615384615385,0.6876611379463912,0.956867072518203,0.5222970727918381,0.04130358938271841,20.31823968969519,1.0,-0.011977416492004234,0.0010896835714285715,0.0004796366207021247,1.0,0.046153846153846156
2024-03-21 00:00:00+00:00,1.6104660812608764,1.0,1.0,0.7627509181596062,0.9757140837561759,0.5604958439999825,0.04124184732838578,20.287332580358797,1.0,-0.011514376389462733,0.0010725835714285713,0.00046287121859611436,0.8461538461538461,0.046153846153846156
2024-03-22 00:00:00+00:00,1.6524315943980996,1.0,1.0,0.7682353097245308,0.9672820586272992,0.5546828000558447,0.04051493484792785,20.287332580358797,0.8461538461538461,-0.011550150040552598,0.0010205764285714286,0.0004406103752733432,1.0,0.03076923076923077
2024-03-23 00:00:00+00:00,1.4489055419618955,1.0,0.8461538461538463,0.7799463549721973,0.9459477667660874,0.5485752937882741,0.035235346924438235,20.223274060571306,0.8461538461538461,-0.01173933299895058,0.0009458021428571427,0.0004113813058472825,1.0,0.03076923076923077
2024-03-24 00:00:00+00:00,1.465856984081143,1.0,0.8461538461538463,0.7792898488133979,0.9513791029208668,0.5451828448780578,0.03462464181270328,20.223274060571306,0.46153846153846156,-0.011323854312960235,0.0008841142857142856,0.0003639033907121926,0.9230769230769231,0.03076923076923077
2024-03-25 00:00:00+00:00,1.6411962324162257,1.0,1.0,0.7868458290804214,0.9244805922458514,0.5501311354910698,0.03320889849641256,20.146363404371076,0.38461538461538464,-0.010943601991533547,0.0008047442857142857,0.0003207485946547768,0.6923076923076923,0.015384615384615385
2024-03-26 00:00:00+00:00,2.0621289959512015,1.0,1.0,0.7932221445297586,0.8564463649217323,0.551537697701297,0.031792251970316474,20.146363404371076,0.6923076923076923,-0.009963378596168138,0.00072131,0.0002797436563151965,0.6153846153846154,0.015384615384615385
2024-03-27 00:00:00+00:00,2.1185591628189666,1.0,1.0,0.7921787299568572,0.8812836450159773,0.5473792392728762,0.031467729487458004,20.1109828908136,0.7692307692307693,-0.009548986846357743,0.0006657128571428572,0.0002363657465526008,0.46153846153846156,0.0
2024-03-28 00:00:00+00:00,2.0425976212083055,1.0,0.8461538461538463,0.7892131749937809,0.8913415662085501,0.54553782766626,0.03100924358940139,20.1109828908136,0.8461538461538461,-0.009647545687263226,0.000623425,0.0002252138667895133,0.6153846153846154,0.0
2024-03-29 00:00:00+00:00,2.1378567041917393,1.0,1.0,0.7841904970856749,0.8839682484143941,0.5444941581495087,0.03172505977719636,20.1109828908136,0.5384615384615384,-0.00934975914508529,0.0005915328571428571,0.000207518269524063,0.5384615384615384,0.0
2024-03-30 00:00:00+00:00,1.9469829096225606,1.0,0.8461538461538463,0.7543844206570586,0.7922173057761891,0.5351721814839374,0.03291766390303006,20.152451858299507,0.5384615384615384,-0.009272593252363293,0.0006146107142857143,0.00020779992333719565,0.5384615384615384,0.0
2024-03-31 00:00:00+00:00,1.921086345782301,1.0,1.0,0.7513841874597338,0.8648427674950006,0.5343415757077673,0.03207211807705383,20.152451858299507,0.38461538461538464,-0.008782677444692744,0.00067323,0.00024016456921301877,0.5384615384615384,0.0
2024-04-01 00:00:00+00:00,2.056952475050684,1.0,1.0,0.7547501178567624,0.8368843570135074,0.5331569405602132,0.03094936112784606,20.1109828908136,0.23076923076923078,-0.00871526562941971,0.0007412835714285714,0.000269279246329458,0.5384615384615384,0.0
2024-04-02 00:00:00+00:00,1.7968262721022155,1.0,0.8461538461538463,0.7641131099110177,0.787494803703451,0.5492500636503238,0.030215463531284563,20.1109828908136,0.8461538461538461,-0.008714700786538632,0.0008025199999999999,0.0002914777554597134,0.5384615384615384,0.0
2024-04-03 00:00:00+00:00,1.4730929129462909,1.0,0.6923076923076923,0.795893010552795,0.7121497481963132,0.5521168250533596,0.030074612681375113,20.152451858299507,1.0,-0.008930795856526175,0.0007962821428571428,0.0002814305262444053,0.8461538461538461,0.0
2024-04-04 00:00:00+00:00,1.5790217309852232,1.0,0.5384615384615385,0.7680844772018744,0.7151596477005648,0.5513279800448283,0.029925614415826418,20.152451858299507,0.6923076923076923,-0.009016016610204403,0.0007919278571428571,0.00027186515644691997,0.7692307692307693,0.015384615384615385
2024-04-05 00:00:00+00:00,1.6176621751967044,1.0,0.6923076923076923,0.7563050663324,0.7574128765354621,0.5525612293427474,0.029515456915458455,20.152451858299507,0.5384615384615384,-0.008567869056058885,0.0007874592857142856,0.0002695794461541006,0.6153846153846154,0.03076923076923077
2024-04-06 00:00:00+00:00,1.5822194436284114,0.8461538461538463,0.5384615384615385,0.7305383195885243,0.8176801901397914,0.5556311483638005,0.028371601555687943,20.169380804381962,0.6153846153846154,-0.00855431985514904,0.0007767057142857142,0.00028222481850888266,0.7692307692307693,0.03076923076923077
2024-04-07 00:00:00+00:00,1.6525924388688957,0.8461538461538463,0.5384615384615385,0.730760364001337,0.8437834057288645,0.558665355105139,0.027680715535862703,20.169380804381962,0.23076923076923078,-0.008286714407805817,0.000773997857142857,0.00030605200345119323,0.6923076923076923,0.03076923076923077
2024-04-08 00:00:00+00:00,1.7497591685184577,0.8461538461538463,0.6923076923076923,0.7327480654621051,0.8067621209521962,0.5575207060748549,0.027391527251255966,20.169380804381962,0.23076923076923078,-0.00800671494840044,0.0007612514285714285,0.0003322816520977029,0.6153846153846154,0.03076923076923077
2024-04-09 00:00:00+00:00,1.9027432669592348,0.8461538461538463,1.0,0.7546349087413329,0.7905380406202774,0.5590102004971472,0.027615901793578968,20.1109828908136,0.5384615384615384,-0.007370313787409877,0.0007548178571428571,0.0003439249660163803,0.5384615384615384,0.03076923076923077
2024-04-10 00:00:00+00:00,1.6289816101989383,0.8461538461538463,0.5384615384615385,0.7698926749950704,0.8523919675878638,0.5628877451396708,0.02708589815051483,20.103891471231893,0.8461538461538461,-0.007884965638157826,0.0007256457142857143,0.0003412203684405252,0.7692307692307693,0.015384615384615385
2024-04-11 00:00:00+00:00,1.5980268765085412,0.6923076923076923,0.5384615384615385,0.7534182312238833,0.9018419351045905,0.5615011262782478,0.02721219068100352,20.1109828908136,0.9230769230769231,-0.00782166257617567,0.0006837571428571428,0.00035726698603106026,0.6923076923076923,0.046153846153846156
2024-04-12 00:00:00+00:00,1.5195616084501045,0.6923076923076923,0.5384615384615385,0.7526094345980325,0.9341567879118058,0.5632943439028046,0.027160429074670877,20.1109828908136,0.5384615384615384,-0.007605206498057515,0.0006326107142857142,0.0003614677724756296,0.7692307692307693,0.046153846153846156
2024-04-13 00:00:00+00:00,1.1352111918405468,0.5384615384615385,0.23076923076923084,0.7767095798723148,1.2335151324489348,0.5945262428467617,0.028335542646337798,20.169380804381962,1.0,-0.008771694666891094,0.0005854535714285713,0.0003517416193511989,0.8461538461538461,0.16923076923076924
2024-04-14 00:00:00+00:00,0.8498415475688499,0.07692307692307687,-0.23076923076923073,0.7981431661168067,1.4355588920573814,0.6228876162008203,0.029873648255202716,20.229044558851967,1.0,-0.009789765210370338,0.0005096807142857142,0.00035068408577211844,1.0,0.23076923076923078
2024-04-15 00:00:00+00:00,0.9488309882924195,0.23076923076923084,-0.07692307692307687,0.8062609270335622,1.4107678642762396,0.6254584245451106,0.030182965897043647,20.224781224639926,1.0,-0.009961573551196146,0.0004287278571428571,0.00035862605709976753,1.0,0.23076923076923078
2024-04-16 00:00:00+00:00,0.6973295835550108,0.07692307692307687,-0.07692307692307687,0.7835004993045603,1.4282179858392101,0.6291703775963523,0.030141394306996964,20.23213551947,0.9230769230769231,-0.009936810708839783,0.00034591999999999994,0.00036030596266036776,1.0,0.21538461538461542
2024-04-17 00:00:00+00:00,0.7201490910950024,0.23076923076923084,-0.07692307692307687,0.7683193715880022,1.4300026039022375,0.6294203776425257,0.02890025695483687,20.23213551947,0.9230769230769231,-0.009811604352901626,0.0003234628571428571,0.0004064528686143855,1.0,0.21538461538461542
2024-04-18 00:00:00+00:00,0.42724872938271985,0.07692307692307687,-0.3846153846153846,0.7739429858250082,1.3685273595982768,0.6329136271890474,0.027849875763979497,20.23213551947,0.8461538461538461,-0.010009224805229588,0.00030755857142857144,0.0004232020290049469,1.0,0.09230769230769231
2024-04-19 00:00:00+00:00,0.5010998527824926,0.07692307692307687,0.07692307692307687,0.7049858371746727,1.3696643769801014,0.633746062259324,0.026388504556050556,20.15770381177256,0.46153846153846156,-0.009319705556429081,0.0002911385714285714,0.00044394668686378684,1.0,0.015384615384615385
2024-04-20 00:00:00+00:00,0.5107175174801701,0.23076923076923084,0.07692307692307687,0.6078223764993737,1.3679382405654308,0.633982470404237,0.025723178981651846,20.15770381177256,0.8461538461538461,-0.00896604175132365,0.00027999071428571427,0.0004364675139723468,1.0,0.015384615384615385
2024-04-21 00:00:00+00:00,0.6231606083904602,0.23076923076923084,0.07692307692307687,0.6121073044161536,1.3721584078254208,0.6395646276247062,0.025036731985416245,20.15770381177256,0.0,-0.008839836698336323,0.0002620914285714285,0.00042687791650133716,0.9230769230769231,0.0
2024-04-22 00:00:00+00:00,0.54287439515712,0.23076923076923084,0.07692307692307687,0.599520185157158,1.3740165397750739,0.6418131095862202,0.024953775755181352,20.08599635259425,0.0,-0.008387138234695724,0.00024732499999999995,0.0004157925958702516,0.9230769230769231,0.0
2024-04-23 00:00:00+00:00,0.5954360020704718,0.23076923076923084,0.07692307692307687,0.6049722331812487,1.3551915394498495,0.6434019544774606,0.023548614958545187,20.025394303969396,0.07692307692307693,-0.007803982764071293,0.00022162999999999995,0.0004135407195536163,0.8461538461538461,0.0
2024-04-24 00:00:00+00:00,0.5378737313300567,0.23076923076923084,0.07692307692307687,0.5845161143513146,1.325704181894041,0.6433887247438346,0.022640120094925196,19.92708267963961,0.07692307692307693,-0.00756984943498501,0.0001959064285714285,0.00042111843494730197,0.8461538461538461,0.0
2024-04-25 00:00:00+00:00,0.4757555309442029,0.23076923076923084,0.07692307692307687,0.5735825395413516,1.2542704179227093,0.6442510162175675,0.022071831948749673,19.86429480160561,0.38461538461538464,-0.00798434396862574,0.00017460285714285712,0.0004121819473660867,0.9230769230769231,0.0
2024-04-26 00:00:00+00:00,0.5082755440362047,0.23076923076923084,0.07692307692307687,0.574081671112616,1.2856792781368986,0.6427315774363719,0.022107433135837073,19.86429480160561,0.23076923076923078,-0.007559203680397808,0.00015479857142857136,0.0004062552477518827,0.9230769230769231,0.0
2024-04-27 00:00:00+00:00,0.5232930861871753,0.23076923076923084,0.07692307692307687,0.5728734783784465,0.8347686137667228,0.6387862965491035,0.022526826897923596,19.86429480160561,0.23076923076923078,-0.0077390286875744785,0.0001305914285714285,0.0004271012407703184,0.9230769230769231,0.0
2024-04-28 00:00:00+00:00,0.5120786599926129,0.23076923076923084,0.07692307692307687,0.57250933958351,0.5426251549001628,0.6386375165558311,0.02257586144544338,19.86429480160561,0.15384615384615385,-0.007846617137764356,0.00012084999999999994,0.00041553444405733334,0.9230769230769231,0.015384615384615385
2024-04-29 00:00:00+00:00,0.4326804101436706,0.07692307692307687,-0.07692307692307687,0.5712671520286914,0.5596129265942662,0.6451519103324962,0.02213122417612763,19.79909529279226,0.07692307692307693,-0.008293075870408617,0.00010509928571428565,0.00041056474054149963,0.9230769230769231,0.015384615384615385
2024-04-30 00:00:00+00:00,0.3028624784414407,0.07692307692307687,-0.07692307692307687,0.571292742194685,0.671812211906478,0.6485569114779951,0.02187283589189312,19.748744458715173,0.15384615384615385,-0.007902526365372586,0.00010594642857142851,0.0004218860137837501,0.9230769230769231,0.015384615384615385
2024-05-01 00:00:00+00:00,-0.023812970434189753,-0.07692307692307687,-0.5384615384615384,0.5884812302868189,0.5831467890066842,0.6491265612312481,0.021563807888847937,19.723769423069548,0.5384615384615384,-0.008284321465134081,0.00011010285714285708,0.00039659797522394717,0.9230769230769231,0.015384615384615385
2024-05-02 00:00:00+00:00,-0.36175455804927215,-0.23076923076923073,-0.6923076923076923,0.5859977098919158,0.5715708613406304,0.6662734189459445,0.022185618102118755,19.68905960823959,0.6923076923076923,-0.00826469962827947,0.0001156778571428571,0.0003969700047599121,1.0,0.03076923076923077
2024-05-03 00:00:00+00:00,-0.2699328852576991,-0.23076923076923073,-0.6923076923076923,0.548245251682142,0.563212585404326,0.6705860992982611,0.02050591160226807,19.642524470915006,0.23076923076923078,-0.006510851296315567,0.00011893357142857137,0.00038823749959270183,1.0,0.015384615384615385
2024-05-04 00:00:00+00:00,-0.1708302746709139,-0.23076923076923073,-0.23076923076923073,0.5782595049750916,0.6441938025117415,0.6778136353117937,0.01930931331135964,19.60362870121651,0.07692307692307693,-0.005430012087515923,0.00011555142857142851,0.00038747777028256305,0.9230769230769231,0.046153846153846156
2024-05-05 00:00:00+00:00,-0.11682052850247963,-0.3846153846153846,-0.23076923076923073,0.5740228146872527,0.6675909417497243,0.6654623789981714,0.019564046937846625,19.589075316457517,0.07692307692307693,-0.005240352707286622,0.00011728499999999995,0.00039804687637926055,0.9230769230769231,0.046153846153846156
2024-05-06 00:00:00+00:00,-0.1695747339831939,-0.3846153846153846,-0.23076923076923073,0.5742479587094496,0.6937990037383596,0.6620524267256267,0.019000057156920998,19.545149483770455,0.0,-0.0053390246270795805,0.00011989785714285709,0.0004100992842454012,0.9230769230769231,0.046153846153846156
2024-05-07 00:00:00+00:00,-0.453786201103676,-0.6923076923076923,-0.23076923076923073,0.5745118192562217,0.6953500492029209,0.6662140986215405,0.01918870699772092,19.484913798934237,0.15384615384615385,-0.005544367052958521,0.00012835857142857136,0.0004110266952416515,0.9230769230769231,0.03076923076923077
2024-05-08 00:00:00+00:00,-0.35314151864527515,-0.5384615384615384,-0.23076923076923073,0.5709421708019848,0.6441967192814441,0.6672494959980625,0.019133284366548393,19.45211397982269,0.0,-0.0058015612435243225,0.00013434428571428565,0.0004067953583528545,0.9230769230769231,0.03076923076923077
2024-05-09 00:00:00+00:00,-0.6211675466998782,-0.5384615384615384,-0.3846153846153846,0.5370492591484407,0.6262375775693999,0.665395920562912,0.019410888650211344,19.45211397982269,0.07692307692307693,-0.006169010885387016,0.00014236071428571422,0.0003891370114065589,0.9230769230769231,0.0
2024-05-10 00:00:00+00:00,-0.5677685652000797,-0.5384615384615384,-0.07692307692307687,0.5303721749427008,0.6265212335018635,0.676485583177967,0.01972441089652477,19.409205431725614,0.15384615384615385,-0.005965040815597511,0.00015201071428571424,0.00038352230379401514,0.9230769230769231,0.0
2024-05-11 00:00:00+00:00,-0.7534712029796747,-0.6923076923076923,-0.3846153846153846,0.5392434438044936,0.6012906163625772,0.6893516583768794,0.019452205355750662,19.36347001522236,0.07692307692307693,-0.006895662830435356,0.00015975785714285708,0.0003639840766587843,0.9230769230769231,0.0
2024-05-12 00:00:00+00:00,-0.7666567894182308,-0.6923076923076923,-0.3846153846153846,0.5394233244017028,0.5177997100738079,0.6908339196171314,0.019367934746194696,19.3434178842002,0.0,-0.00687301510548044,0.00016018142857142853,0.0003472941660098615,0.9230769230769231,0.0
2024-05-13 00:00:00+00:00,-0.7404065127501299,-0.6923076923076923,-0.5384615384615384,0.5027723298995228,0.48834122372129973,0.7020756535910053,0.01909425716972918,19.302503423106657,0.0,-0.006975405446572047,0.00016998642857142852,0.00031296394297210766,0.9230769230769231,0.0
2024-05-14 00:00:00+00:00,-0.8676083438904345,-0.8461538461538461,-0.07692307692307687,0.4598856838030446,0.4894216503869116,0.7074957810498603,0.019304541004925284,19.327618342855857,0.07692307692307693,-0.006648892509529047,0.00017053999999999992,0.0002801326742087883,0.9230769230769231,0.0
2024-05-15 00:00:00+00:00,-0.8944624102360751,-0.8461538461538461,-0.5384615384615384,0.4455081800441442,0.5466742993399667,0.7145903100970015,0.01890375992210752,19.291206608716756,0.0,-0.006453482349663364,0.00017502499999999993,0.00028773593693441705,1.0,0.0
2024-05-16 00:00:00+00:00,-0.6967206031192795,-0.8461538461538461,-0.07692307692307687,0.49029063578037063,0.5603632097629655,0.714709399061066,0.01949674516807103,19.291206608716756,0.07692307692307693,-0.005985213576664428,0.00017249214285714278,0.0003246393579336813,0.8461538461538461,0.015384615384615385
2024-05-17 00:00:00+00:00,-0.6782633109779805,-0.8461538461538461,-0.23076923076923073,0.49640619596423313,0.5661552266311625,0.7046168214461864,0.020267488218592887,19.291206608716756,0.15384615384615385,-0.005796069578538787,0.0001815021428571428,0.00032962056241511646,1.0,0.015384615384615385
2024-05-18 00:00:00+00:00,-0.4202714737278345,-0.8461538461538461,-0.23076923076923073,0.49598975700674486,0.5178881294631524,0.7087073810660061,0.02011625822902635,19.291206608716756,0.07692307692307693,-0.005392395807227501,0.00018789142857142852,0.0003330289491956772,0.8461538461538461,0.015384615384615385
2024-05-19 00:00:00+00:00,-0.184705692966758,-0.3846153846153846,-0.23076923076923073,0.4852204929463021,0.5060931282359394,0.6773644372571214,0.01998900430672605,19.291206608716756,0.07692307692307693,-0.005339309120551472,0.00019296357142857136,0.0003203282113604238,0.8461538461538461,0.015384615384615385
2024-05-20 00:00:00+00:00,-0.3888195820132771,-0.6923076923076923,-0.23076923076923073,0.48780360133121864,0.5298414630509413,0.642572244174549,0.020079680561465293,19.251669350712213,0.07692307692307693,-0.005333720667100139,0.00019773428571428567,0.0003058387845058661,0.8461538461538461,0.015384615384615385
2024-05-21 00:00:00+00:00,0.16079853422483578,0.07692307692307687,0.07692307692307687,0.6522732585431874,0.8527497548069058,0.6612441296035589,0.020695773909090824,19.251669350712213,0.38461538461538464,-0.004232912079129014,0.00019514928571428568,0.0003006420397406975,0.6923076923076923,0.13846153846153847
2024-05-22 00:00:00+00:00,0.5580912601861652,0.23076923076923084,0.07692307692307687,0.6521158044969897,0.8840364219697969,0.6589072200600966,0.020208539503128214,19.251669350712213,0.3076923076923077,-0.004582379746257026,0.0002046685714285714,0.0003044526978784133,0.7692307692307693,0.16923076923076924
2024-05-23 00:00:00+00:00,0.1575976422201644,-0.07692307692307687,0.07692307692307687,0.6517086100423576,0.8924051032858007,0.6620874491885701,0.019828807273610614,19.251669350712213,0.15384615384615385,-0.0052167871515184094,0.00020907428571428566,0.0003057900865806639,0.7692307692307693,0.18461538461538463
2024-05-24 00:00:00+00:00,0.22764830663849742,-0.23076923076923073,0.07692307692307687,0.6519788265690541,0.9325346667468308,0.6533139457110695,0.01943010523974291,19.291206608716756,0.6923076923076923,-0.006163962717490812,0.00021215857142857137,0.00032227264201237183,0.7692307692307693,0.2
2024-05-25 00:00:00+00:00,0.3606634730856457,-0.07692307692307687,0.07692307692307687,0.6422268432363525,0.9197968667960813,0.6508037090245653,0.019123455936779648,19.36684905685745,0.3076923076923077,-0.00626163355542414,0.0002197585714285714,0.00031567896979408565,0.7692307692307693,0.21538461538461537
2024-05-26 00:00:00+00:00,0.3915947698421289,-0.23076923076923073,0.07692307692307687,0.6423948983998892,0.8974325779943227,0.6515439098055182,0.01952122260362423,19.36684905685745,0.0,-0.006292704243503255,0.00022907642857142852,0.0003123498948662226,0.7692307692307693,0.07692307692307693
2024-05-27 00:00:00+00:00,0.24116085016057812,-0.5384615384615384,-0.07692307692307687,0.6404965625032596,0.9407611224733173,0.6581251849933288,0.019370621973886927,19.36684905685745,0.0,-0.006490870226396439,0.00023948071428571424,0.00031114655555086935,0.7692307692307693,0.06153846153846154
2024-05-28 00:00:00+00:00,0.15057857223910887,-0.5384615384615384,0.07692307692307687,0.6402253714054581,0.9123390949964632,0.6584821001394138,0.019830486913246254,19.36684905685745,0.15384615384615385,-0.006131634756412818,0.00024865857142857136,0.000305341212166891,0.7692307692307693,0.046153846153846156
2024-05-29 00:00:00+00:00,0.0930854872000835,-0.6923076923076923,0.07692307692307687,0.6431079407059743,0.9310081414445982,0.6734340922562659,0.019181854395293373,19.36684905685745,0.15384615384615385,-0.006736854829998418,0.00025411,0.0002863345417787327,0.7692307692307693,0.03076923076923077
2024-05-30 00:00:00+00:00,0.09288208397206213,-0.6923076923076923,-0.07692307692307687,0.6465617050942449,0.9310081414445982,0.6771012649347171,0.018700661057689177,19.36684905685745,0.15384615384615385,-0.007519438606903239,0.0002689485714285714,0.00024276449907193858,0.7692307692307693,0.015384615384615385
2024-05-31 00:00:00+00:00,0.032365527468681654,-0.6923076923076923,-0.07692307692307687,0.6069548766999973,0.9557839669748056,0.6781339675261651,0.01845177012388726,19.419506777943127,0.15384615384615385,-0.007167666011548168,0.0002694628571428571,0.00022751323496124882,0.7692307692307693,0.015384615384615385
2024-06-01 00:00:00+00:00,0.07183805417711753,-0.8461538461538461,-0.07692307692307687,0.5968371653211358,0.949900065859777,0.6707445730367313,0.018475034752983746,19.419506777943127,0.0,-0.007445217533504245,0.0002776035714285714,0.00021164585400361188,0.7692307692307693,0.0
2024-06-02 00:00:00+00:00,0.11663434716789638,-0.6923076923076923,-0.07692307692307687,0.5968393836316971,0.9478897241214964,0.6792344843152184,0.018301334668326594,19.419506777943127,0.0,-0.007423261255567581,0.0002915814285714286,0.0002023616697533598,0.7692307692307693,0.0
2024-06-03 00:00:00+00:00,-0.030144970968904658,-0.8461538461538461,-0.23076923076923073,0.5762523694876805,0.9513987678597257,0.6860093279134504,0.017887201067291872,19.419506777943127,0.0,-0.008198948817740859,0.0003030321428571428,0.00019002589277196687,0.7692307692307693,0.0
2024-06-04 00:00:00+00:00,0.12361488698805081,-0.6923076923076923,-0.23076923076923073,0.575897230199983,0.7043018393274953,0.6861284185561773,0.01814396793636018,19.419506777943127,0.07692307692307693,-0.007763630445662528,0.0003183264285714286,0.00018415376276169603,0.7692307692307693,0.0
2024-06-05 00:00:00+00:00,0.4805742967305034,-0.5384615384615384,-0.07692307692307687,0.5778926138830074,0.6900388842686961,0.6816048776361564,0.017985345465070968,19.359767029761024,0.07692307692307693,-0.008158569507158209,0.0003183264285714286,0.00017503931424324207,0.7692307692307693,0.0
2024-06-06 00:00:00+00:00,0.49168482439385375,-0.3846153846153846,0.07692307692307687,0.5719796551403484,0.6803712900692586,0.6803504350925607,0.016637683818834362,19.27715227816411,0.07692307692307693,-0.008297772317277796,0.00032519285714285715,0.00017075370951054412,0.7692307692307693,0.0
2024-06-07 00:00:00+00:00,0.36361431206404277,-0.5384615384615384,-0.07692307692307687,0.5690588701895719,0.5378616152314225,0.6811890759750103,0.016350602606458806,19.205409814174704,0.07692307692307693,-0.009065131294994089,0.0003360821428571428,0.00015104227374615698,0.7692307692307693,0.0
2024-06-08 00:00:00+00:00,0.2668488437796374,-0.5384615384615384,-0.3846153846153846,0.5774750515883632,0.6123059990509492,0.6875438084526453,0.01684895820303533,19.27715227816411,0.7692307692307693,-0.010373253711365826,0.0003456521428571428,0.00015117054472179765,0.7692307692307693,0.015384615384615385
2024-06-09 00:00:00+00:00,0.21275908953761385,-0.5384615384615384,-0.5384615384615384,0.5732601326052645,0.6592719677807409,0.6838158718269993,0.016901189201311225,19.27715227816411,0.0,-0.011043594842201465,0.0003456521428571428,0.00016904795273397098,0.7692307692307693,0.03076923076923077
2024-06-10 00:00:00+00:00,0.15926399462229415,-0.5384615384615384,-0.3846153846153846,0.5504793480779462,0.5281687320491546,0.691640894367069,0.01557847819862015,19.204028364934526,0.0,-0.012070920551042252,0.0003456521428571428,0.0001722543809628912,0.7692307692307693,0.03076923076923077
2024-06-11 00:00:00+00:00,-0.08209635002749274,-0.8461538461538461,-0.5384615384615384,0.5518120235265896,0.5632963462737859,0.6896928693838392,0.015361873122330783,19.08770591038335,0.07692307692307693,-0.011807641745237962,0.00034565214285714284,0.0001685388144525558,0.8461538461538461,0.046153846153846156
2024-06-12 00:00:00+00:00,-0.06638204620472049,-0.8461538461538461,-0.5384615384615384,0.5749255604331679,0.6110533129874789,0.663088048709922,0.015683913328402,19.08770591038335,0.5384615384615384,-0.012313805649576737,0.00034565214285714284,0.0001601307715823667,0.8461538461538461,0.046153846153846156
2024-06-13 00:00:00+00:00,-0.06812448152046442,-0.6923076923076923,-0.5384615384615384,0.575017929699976,0.6110533129874789,0.6162290189000921,0.015687023585293242,19.08770591038335,0.46153846153846156,-0.011442680654260406,0.0003436757142857142,0.00016111366674316556,0.7692307692307693,0.03076923076923077
2024-06-14 00:00:00+00:00,-0.12622817637373565,-1.0,-0.5384615384615384,0.5757612357370581,0.5307976458886107,0.6038319844350606,0.0156346845420458,19.013156715967803,0.07692307692307693,-0.011781488984461741,0.0003436757142857142,0.00016061364754456467,0.8461538461538461,0.015384615384615385
2024-06-15 00:00:00+00:00,0.12591330278026483,-0.5384615384615384,-0.6923076923076923,0.5380929998067512,0.7031600345954649,0.6021272961729679,0.015557072314353854,19.0348388039372,0.15384615384615385,-0.012286290288745172,0.0003436757142857142,0.00016493307135372713,0.8461538461538461,0.046153846153846156
2024-06-16 00:00:00+00:00,0.4866077244082516,0.23076923076923084,-0.6923076923076923,0.5322473692464185,0.7041706794416657,0.6034882150757572,0.0152160269177158,19.0348388039372,0.0,-0.011448125945191012,0.0003377271428571428,0.00017193098155186853,0.7692307692307693,0.03076923076923077
2024-06-17 00:00:00+00:00,0.36918307470954004,-0.07692307692307687,-0.6923076923076923,0.5185600247186486,0.7114414690953427,0.6003248028572268,0.014663102258235944,19.013156715967803,0.0,-0.011396291383542867,0.00033119499999999995,0.0001728185041459638,0.7692307692307693,0.03076923076923077
2024-06-18 00:00:00+00:00,0.41088807935903476,0.07692307692307687,-0.6923076923076923,0.5230888317161398,0.8351125619674774,0.5937325771777614,0.015415213758645727,19.013156715967803,0.46153846153846156,-0.010846380503534259,0.00032251714285714276,0.00017148157476842875,0.7692307692307693,0.06153846153846154
2024-06-19 00:00:00+00:00,0.3429385323509972,-0.07692307692307687,-0.8461538461538461,0.5233679237752782,0.8149614481878383,0.6010530363499166,0.01627865225931808,19.013156715967803,0.9230769230769231,-0.011108156909227174,0.00030310928571428565,0.00017651019246199123,0.8461538461538461,0.12307692307692308
2024-06-20 00:00:00+00:00,0.5709226659117111,-0.07692307692307687,-0.6923076923076923,0.2706963178102742,0.8216337107520996,0.5884214926764025,0.016231152020990028,18.960830626642235,0.07692307692307693,-0.010750335685871804,0.00028203428571428564,0.00017426669882863056,0.7692307692307693,0.09230769230769231
2024-06-21 00:00:00+00:00,0.38933394179108943,-0.23076923076923073,-0.8461538461538461,0.2687881113033807,0.8216337107520996,0.5872440497017459,0.01629983503438793,18.91346014519968,0.07692307692307693,-0.01043412293829854,0.0002616921428571428,0.00017295566274556286,0.7692307692307693,0.09230769230769231
2024-06-22 00:00:00+00:00,0.3586800557854259,-0.3846153846153846,-0.8461538461538461,0.26592612265823473,0.8266890428883897,0.5805275499454438,0.01654049368790387,18.960830626642235,0.07692307692307693,-0.010744091295307734,0.00024125499999999995,0.00016879203943808856,0.8461538461538461,0.09230769230769231
2024-06-23 00:00:00+00:00,0.2277147877198845,-0.5384615384615384,-0.6923076923076923,0.26591545104045805,0.7747106542818374,0.580141890114263,0.016767714601647908,18.960830626642235,0.0,-0.010328285775950796,0.00023032499999999995,0.00014899863287219886,0.9230769230769231,0.06153846153846154
2024-06-24 00:00:00+00:00,0.13916114809013683,-0.6923076923076923,-0.6923076923076923,0.2722661437119113,0.8073616299710942,0.5803645571941918,0.016358855316304585,18.91346014519968,0.0,-0.010887532974688086,0.0002210271428571428,0.0001447656309946604,0.9230769230769231,0.0
2024-06-25 00:00:00+00:00,-0.1358107360446307,-0.6923076923076923,-0.8461538461538461,0.2895169109074212,0.8048536555425834,0.5724923939291647,0.016637318070319547,18.91346014519968,0.9230769230769231,-0.011210090473426138,0.00021298999999999995,0.0001516968750278754,0.9230769230769231,0.03076923076923077
2024-06-26 00:00:00+00:00,-0.046138077802858245,-0.6923076923076923,-0.6923076923076923,0.29875553612907446,0.8048536555425834,0.5865298957218568,0.01697231594152976,18.960830626642235,0.15384615384615385,-0.010886972307602716,0.00020666714285714281,0.0001545787764526364,0.9230769230769231,0.03076923076923077
2024-06-27 00:00:00+00:00,0.041866801832608984,-0.6923076923076923,-0.8461538461538461,0.2912841460371124,0.8155278220026345,0.5919290968726694,0.016944533950527814,18.95720794739686,0.07692307692307693,-0.010240153428012877,0.00020529714285714276,0.00015217035638417646,0.9230769230769231,0.03076923076923077
2024-06-28 00:00:00+00:00,0.1106550721270314,-0.5384615384615384,-0.6923076923076923,0.30003059657242803,0.7836550999203533,0.5939969223576621,0.01726727660366973,18.937098720902952,0.15384615384615385,-0.008204165370807481,0.00020529714285714282,0.00015874754268509593,0.9230769230769231,0.03076923076923077
2024-06-29 00:00:00+00:00,0.05650537113984715,-0.5384615384615384,-0.8461538461538461,0.3030455110769247,0.7345287584921733,0.5951927050332558,0.017375860736004268,18.97945667399818,0.23076923076923078,-0.007538757471969415,0.00020529714285714282,0.0001575419931745924,0.9230769230769231,0.03076923076923077
2024-06-30 00:00:00+00:00,-0.004669763737386004,-0.6923076923076923,-0.8461538461538461,0.3035258903264698,0.7772768049882912,0.5817079984624071,0.017662896802210136,18.97945667399818,0.07692307692307693,-0.007080007670941135,0.00020529714285714276,0.0001534717759833398,0.9230769230769231,0.015384615384615385
2024-07-01 00:00:00+00:00,0.11387280661808429,-0.3846153846153846,-0.6923076923076923,0.3175152937126747,0.7891423433537418,0.59751554014842,0.017454629311540786,18.97945667399818,0.0,-0.0065263036824079745,0.0002040871428571428,0.0001519270110728022,0.9230769230769231,0.015384615384615385
2024-07-02 00:00:00+00:00,0.12742562240086794,-0.3846153846153846,-0.6923076923076923,0.31525512510267123,0.6846539388488365,0.5952519873404079,0.01743432611082505,18.937098720902952,0.07692307692307693,-0.005945368383911187,0.0002064314285714285,0.0001521153130219013,0.9230769230769231,0.015384615384615385
2024-07-03 00:00:00+00:00,0.381723380282297,0.07692307692307687,-0.6923076923076923,0.31592396225604535,0.504334652245273,0.5902448047053608,0.017337658148757838,18.937098720902952,0.07692307692307693,-0.006006962504317759,0.00022583928571428568,0.00014730094381433303,0.9230769230769231,0.015384615384615385
2024-07-04 00:00:00+00:00,0.34083979152403426,-0.23076923076923073,-0.8461538461538461,0.33231547293852304,0.6340530428820714,0.6072518466873894,0.01740032892753247,18.97945667399818,0.6923076923076923,-0.006384567176708711,0.00024004785714285709,0.00014405762587255325,0.9230769230769231,0.06153846153846154
2024-07-05 00:00:00+00:00,-0.023057549554728662,-0.6923076923076923,-0.8461538461538461,0.3818162932181733,0.7370459772790952,0.6464204798708358,0.01810114453913742,18.97945667399818,1.0,-0.006451943691811679,0.00024510571428571425,0.00014448741649360808,0.9230769230769231,0.13846153846153847
2024-07-06 00:00:00+00:00,-0.3547053118819072,-0.8461538461538461,-0.8461538461538461,0.3773671392458297,0.697257321434953,0.6444188976590647,0.018930659660845294,19.036446099884508,1.0,-0.007038456496699819,0.00022155071428571423,0.00015753650463772536,0.9230769230769231,0.15384615384615385
2024-07-07 00:00:00+00:00,-0.2649970119262393,-0.8461538461538461,-0.8461538461538461,0.3979517925300321,0.7051690348503762,0.6644343971412352,0.019248023134847147,19.099645314509694,0.23076923076923078,-0.006789333789205987,0.0002110521428571428,0.00016692317059794682,0.9230769230769231,0.15384615384615385
2024-07-08 00:00:00+00:00,-0.4868034231312159,-0.8461538461538461,-0.8461538461538461,0.41137931786821064,0.8551387358133578,0.6918856006518526,0.018705378901130394,19.036446099884508,0.23076923076923078,-0.007095149411240231,0.0002125714285714285,0.00017420917761317526,0.9230769230769231,0.21538461538461542
2024-07-09 00:00:00+00:00,-0.29108026242589946,-0.8461538461538461,-0.8461538461538461,0.42357368428494346,0.864606545965262,0.6941086652952039,0.018376810075073757,19.036446099884508,0.9230769230769231,-0.006345982555471419,0.0002068185714285714,0.00018259903820705075,0.9230769230769231,0.16923076923076924
2024-07-10 00:00:00+00:00,-0.12138492809023935,-0.6923076923076923,-0.8461538461538461,0.4312696493954729,0.835862385786578,0.6920171136910367,0.018492397367090643,19.037772168299774,0.15384615384615385,-0.006327737506326092,0.0002003878571428571,0.00018086228859366338,0.9230769230769231,0.07692307692307693
2024-07-11 00:00:00+00:00,-0.03929508417289996,-0.6923076923076923,-0.8461538461538461,0.432415431340401,0.8327871458735177,0.6923776557191038,0.018476723935283663,19.037772168299774,0.15384615384615385,-0.006162754480356469,0.0001916714285714285,0.00017454718900396807,0.9230769230769231,0.06153846153846154
2024-07-12 00:00:00+00:00,-0.17903489511454448,-0.6923076923076923,-0.8461538461538461,0.41428868553472387,0.9551301414043607,0.687661231122051,0.019024320929249695,19.060212888412664,0.46153846153846156,-0.005822648927846064,0.0001834864285714285,0.00016859874546727653,0.9230769230769231,0.06153846153846154
2024-07-13 00:00:00+00:00,0.06167114344312877,-0.6923076923076923,-0.8461538461538461,0.4113380906064577,1.0462464639248499,0.6924633998508999,0.019176789813469902,19.06804251539286,0.3076923076923077,-0.005441153752754335,0.0001727778571428571,0.00016630385806722017,0.9230769230769231,0.0
2024-07-14 00:00:00+00:00,0.1437776709115,-0.3846153846153846,-0.6923076923076923,0.4126217913969633,0.9944609197833874,0.6835953478808098,0.020116278804154647,19.10588025738886,0.23076923076923078,-0.004743093267352283,0.00016925999999999993,0.0001628640972492505,0.8461538461538461,0.0
2024-07-15 00:00:00+00:00,0.22027605613998083,-0.3846153846153846,-0.6923076923076923,0.42369512821056227,1.0104500227045161,0.6695558366686516,0.019814362689620522,19.068468210132586,0.23076923076923078,-0.004587214685784158,0.00016635499999999995,0.00017586664697348396,0.8461538461538461,0.015384615384615385
2024-07-16 00:00:00+00:00,0.4464757558528189,0.07692307692307687,-0.23076923076923073,0.4850407759544665,1.0676758579079324,0.6851824544437118,0.020185159960341197,19.068468210132586,0.7692307692307693,-0.00469594242151361,0.00015012499999999995,0.00018911942279875764,0.7692307692307693,0.03076923076923077
2024-07-17 00:00:00+00:00,0.5406846622500276,0.23076923076923084,-0.23076923076923073,0.48322116575816204,1.126299656411883,0.6738297829290663,0.020957640113562208,19.10588025738886,0.9230769230769231,-0.005002399389245571,0.0001421514285714285,0.00021343794552024174,0.7692307692307693,0.046153846153846156
2024-07-18 00:00:00+00:00,0.18888828555455286,-0.5384615384615384,-0.3846153846153846,0.4826061382572305,0.9695038918955731,0.6669076399218777,0.02105606111937142,19.10588025738886,0.5384615384615384,-0.005993505117621756,0.00013694499999999994,0.0002378143012788071,0.8461538461538461,0.046153846153846156
2024-07-19 00:00:00+00:00,0.32057230358755784,-0.3846153846153846,-0.3846153846153846,0.4808361406471817,0.9667172734601636,0.6594936301246488,0.021593496838327696,19.081377146130297,0.23076923076923078,-0.006054014177198197,0.00013638071428571423,0.0002535849272936902,0.8461538461538461,0.06153846153846154
2024-07-20 00:00:00+00:00,0.2921064298230103,-0.3846153846153846,0.07692307692307687,0.4927536768209272,0.9588556309029412,0.6462046212788105,0.02156647507858297,19.081377146130297,0.5384615384615384,-0.005824807259021569,0.00016306928571428565,0.0002442919294607354,0.6923076923076923,0.046153846153846156
2024-07-21 00:00:00+00:00,0.2977957749083443,-0.07692307692307687,-0.07692307692307687,0.49232396337822476,0.9588556309029412,0.6508770680972904,0.021802864091067218,19.081377146130297,0.15384615384615385,-0.0062080972585613625,0.00017472071428571422,0.00025085121207863435,0.6153846153846154,0.03076923076923077
2024-07-22 00:00:00+00:00,0.41291914291629817,-0.07692307692307687,0.23076923076923084,0.493057419904316,0.8685968063918763,0.6482349860405291,0.021998784952852124,19.10588025738886,0.3076923076923077,-0.006076151815195108,0.0001766399999999999,0.0002602857939519377,0.6153846153846154,0.015384615384615385
2024-07-23 00:00:00+00:00,-0.37420718691233196,-0.6923076923076923,-0.07692307692307687,0.4976765212230697,0.930908434291827,0.6540440767891716,0.022141633588275634,19.081377146130297,0.5384615384615384,-0.0067443533249959,0.00018359857142857138,0.0002495667269932993,0.6923076923076923,0.046153846153846156
2024-07-24 00:00:00+00:00,-0.4593105785393976,-0.6923076923076923,-0.23076923076923073,0.4932181840584119,0.9073241007483176,0.6515846665100467,0.02228822747043293,19.06656872938647,0.9230769230769231,-0.0065076258408369725,0.0001835571428571428,0.00025964662633152645,0.6923076923076923,0.09230769230769231
2024-07-25 00:00:00+00:00,-0.5298358086550682,-0.5384615384615384,-0.3846153846153846,0.4870620647142046,0.919978904244928,0.649875614072637,0.02194784149735886,19.05365979338876,0.38461538461538464,-0.006251416895812878,0.00018771785714285708,0.00027175995799359515,0.6923076923076923,0.10769230769230771
2024-07-26 00:00:00+00:00,-0.6386651085698482,-0.6923076923076923,-0.3846153846153846,0.48923911978709733,0.8652498329478422,0.6486679526835034,0.02160501403838034,19.05289313327503,0.9230769230769231,-0.006314360118445328,0.0001861514285714285,0.00027453930594534395,0.6923076923076923,0.12307692307692308
2024-07-27 00:00:00+00:00,-0.42150252160061663,-0.5384615384615384,-0.3846153846153846,0.4994526252869004,0.9173307725364018,0.6572763399871696,0.02152818354336161,19.035226678355855,0.3076923076923077,-0.006251368097116128,0.00017686428571428566,0.0002777815180515385,0.6923076923076923,0.12307692307692308
2024-07-28 00:00:00+00:00,-0.49412850010883574,-0.5384615384615384,-0.3846153846153846,0.49590877501491504,0.9091477541519173,0.6541711960196565,0.021401157144856187,19.035226678355855,0.3076923076923077,-0.0060051119024575605,0.0001758664285714285,0.0002787983104495713,0.6923076923076923,0.09230769230769231
2024-07-29 00:00:00+00:00,-0.4867326416520902,-0.5384615384615384,-0.3846153846153846,0.4901884260244477,0.909903392447745,0.6508680920385442,0.021524183861654545,19.022473501502287,0.15384615384615385,-0.006113986675080507,0.00017652285714285707,0.000265705694012109,0.6923076923076923,0.03076923076923077
2024-07-30 00:00:00+00:00,-0.6043748930141807,-0.5384615384615384,-0.23076923076923073,0.4903700365056229,0.9159052381364879,0.6456399768145699,0.02191598741594045,19.035226678355855,0.6153846153846154,-0.006336713249734227,0.0001875928571428571,0.0002533615745545145,0.6923076923076923,0.03076923076923077
2024-07-31 00:00:00+00:00,-0.5844855723613742,-0.5384615384615384,-0.07692307692307687,0.4854232331864759,0.8706697932869882,0.642138448586547,0.02236139620263298,19.05289313327503,0.46153846153846156,-0.006791441470095805,0.00018798714285714278,0.00022693839134875317,0.6923076923076923,0.03076923076923077
2024-08-01 00:00:00+00:00,-0.6039973034286846,-0.5384615384615384,-0.3846153846153846,0.4899607210449785,0.9066224582882504,0.6417512765024778,0.022081512158034923,19.05289313327503,0.5384615384615384,-0.007077571500125557,0.00018181285714285707,0.00021489215652498953,0.6923076923076923,0.046153846153846156
2024-08-02 00:00:00+00:00,-0.6142953302940769,-0.5384615384615384,-0.3846153846153846,0.48904137540072723,0.9008428360502981,0.6395572242250599,0.022261156442523487,19.063169281673638,1.0,-0.007661214260732685,0.00017201499999999994,0.00021270218410257528,0.7692307692307693,0.07692307692307693
2024-08-03 00:00:00+00:00,-0.9152294269108845,-0.6923076923076923,-0.6923076923076923,0.5259482149965417,0.9156413238812154,0.6633710955979941,0.021656339323219406,19.063169281673638,0.9230769230769231,-0.008515532341859866,0.00016564928571428564,0.00022667353002744868,1.0,0.09230769230769231
2024-08-04 00:00:00+00:00,-1.0793697286847552,-0.6923076923076923,-0.6923076923076923,0.4808810187320399,0.956925264804195,0.663337579236112,0.021682809663979903,19.06656872938647,0.7692307692307693,-0.008782086193222738,0.0001655928571428571,0.00021695966847533202,1.0,0.09230769230769231
2024-08-05 00:00:00+00:00,-1.324572421616505,-0.6923076923076923,-0.6923076923076923,0.5214914361634211,0.9703525057178141,0.6673678744547658,0.021675130765439116,19.06656872938647,0.8461538461538461,-0.009557876373000596,0.0001512521428571428,0.00021783591807719038,0.9230769230769231,0.07692307692307693
2024-08-06 00:00:00+00:00,-1.6698501422013603,-0.8461538461538461,-1.0,0.5946605966208336,0.9366849961286906,0.6913405105653693,0.02166500874374868,19.06656872938647,1.0,-0.009747247293640182,0.00013397785714285707,0.0002344156711852557,1.0,0.09230769230769231
2024-08-07 00:00:00+00:00,-1.6202959114904951,-0.8461538461538461,-1.0,0.588049815168218,0.8694289396413301,0.691304846513048,0.02153710748126589,19.094502071611963,1.0,-0.009290601167570689,0.00011644642857142851,0.00024980355301782516,1.0,0.07692307692307693
2024-08-08 00:00:00+00:00,-1.8225151195010343,-0.6923076923076923,-0.6923076923076923,0.5897103927043474,0.8694289396413301,0.6748098623851382,0.02285096192620544,19.145897483380832,1.0,-0.008894111339962596,9.808357142857137e-05,0.00026454910206059846,0.9230769230769231,0.06153846153846154
2024-08-09 00:00:00+00:00,-1.002359178802182,-0.6923076923076923,-0.5384615384615384,0.7378558466277765,0.964190998385995,0.6912531629595038,0.02388699507864117,19.175225689415058,0.8461538461538461,-0.008671180325034444,9.120857142857137e-05,0.0002771867145073481,0.8461538461538461,0.07692307692307693
2024-08-10 00:00:00+00:00,-0.9811762780948285,-0.6923076923076923,-0.5384615384615384,0.7414988724776942,0.9816858310242333,0.6947232955492781,0.023742158131425953,19.175225689415058,0.5384615384615384,-0.00896077524363259,9.311642857142852e-05,0.0002861021601146676,0.8461538461538461,0.07692307692307693
2024-08-11 00:00:00+00:00,-0.9700618666509305,-0.6923076923076923,-0.6923076923076923,0.7416664329729352,0.9825675670128722,0.6899981547683856,0.023418633879762774,19.145897483380832,0.07692307692307693,-0.008815695530141165,7.26964285714285e-05,0.00029566054547946216,0.8461538461538461,0.046153846153846156
2024-08-12 00:00:00+00:00,-1.1066894800260616,-0.6923076923076923,-0.6923076923076923,0.7461188675401936,0.981777702509194,0.6944879214237175,0.02341060497741974,19.145897483380832,0.23076923076923078,-0.008845211201473746,5.667285714285708e-05,0.00031322861701978073,0.9230769230769231,0.06153846153846154
2024-08-13 00:00:00+00:00,-0.9195231225097921,-0.6923076923076923,-0.6923076923076923,0.7558596584642642,0.9846878387333422,0.6935558120063439,0.023417220019885804,19.145897483380832,0.8461538461538461,-0.008318138500793215,4.5874285714285654e-05,0.0003140570779477982,0.8461538461538461,0.07692307692307693
2024-08-14 00:00:00+00:00,-0.7394284198980244,-0.6923076923076923,-0.6923076923076923,0.7505293230943733,0.9524803773663654,0.6930057478678122,0.02291536525421795,19.145897483380832,0.5384615384615384,-0.007932688667055987,3.399571428571423e-05,0.00032450193982596373,0.8461538461538461,0.06153846153846154
2024-08-15 00:00:00+00:00,-0.8991200885995841,-0.6923076923076923,-0.6923076923076923,0.7099085726095785,0.9186624732216169,0.6914216246529769,0.02275150163973385,19.145897483380832,0.5384615384615384,-0.008085833506153661,2.4132857142857083e-05,0.00031765458561215534,0.8461538461538461,0.06153846153846154
2024-08-16 00:00:00+00:00,-0.9111865810614519,-0.6923076923076923,-0.6923076923076923,0.7135881644850484,0.9186624732216169,0.6912094462715316,0.02255792094852193,19.145897483380832,0.6153846153846154,-0.00884696147517472,2.7090714285714225e-05,0.000301613321154715,0.9230769230769231,0.06153846153846154
2024-08-17 00:00:00+00:00,-0.827773111405196,-0.6923076923076923,-0.6923076923076923,0.7172228311828974,0.8809528849215021,0.691605283461043,0.02255195639241097,19.145897483380832,0.46153846153846156,-0.008484169127220498,1.4456428571428507e-05,0.00028905430524686887,0.9230769230769231,0.03076923076923077
2024-08-18 00:00:00+00:00,-0.8462927163117343,-0.6923076923076923,-0.6923076923076923,0.7182160550539828,0.8490346694926746,0.6902890740963008,0.021969214674831438,19.145897483380832,0.07692307692307693,-0.008263434075914955,7.102142857142795e-06,0.00028493370968583036,0.8461538461538461,0.015384615384615385
2024-08-19 00:00:00+00:00,-0.9308787515580793,-0.6923076923076923,-0.6923076923076923,0.7055520404654738,0.9011173881288436,0.6906589926155706,0.021405101707388997,19.10996402453579,0.07692307692307693,-0.00803353739985918,4.643571428571365e-06,0.00027248963105428223,0.9230769230769231,0.0
2024-08-20 00:00:00+00:00,-0.8069099888663439,-0.5384615384615384,-0.6923076923076923,0.7078064826357258,0.8550998450413428,0.6892432261080602,0.021402462904067977,19.087766443251436,0.23076923076923078,-0.007379404050207927,8.862142857142795e-06,0.0002603163958913721,0.8461538461538461,0.0
2024-08-21 00:00:00+00:00,-0.8138900495973413,-0.5384615384615384,-0.6923076923076923,0.7056955755845487,0.833669866393208,0.6727093816249959,0.022415899281705745,19.087766443251436,0.5384615384615384,-0.006922718562553776,2.3154999999999937e-05,0.00023226266297835928,0.8461538461538461,0.0
2024-08-22 00:00:00+00:00,-0.7289118925804905,-0.5384615384615384,-0.6923076923076923,0.7158765383923873,0.9130932279888044,0.6635769082773952,0.023109054197387225,19.087766443251436,0.5384615384615384,-0.006801773019796453,3.219499999999994e-05,0.00020896925000424917,0.8461538461538461,0.046153846153846156
2024-08-23 00:00:00+00:00,-0.7304978723500066,-0.5384615384615384,-0.5384615384615384,0.7158964731319446,0.7491347157531795,0.6612469890651436,0.023017561735711366,19.060717499492476,0.23076923076923078,-0.0064162888001979,3.6164999999999936e-05,0.00019366423853685744,0.8461538461538461,0.046153846153846156
2024-08-24 00:00:00+00:00,-0.4757707046949364,-0.23076923076923073,-0.3846153846153846,0.7434379064166683,0.7950806968462599,0.6709924119063865,0.022780664163624984,19.060717499492476,0.7692307692307693,-0.0056980280132088446,4.1752857142857074e-05,0.00019271855984806565,0.8461538461538461,0.06153846153846154
2024-08-25 00:00:00+00:00,-0.46012963484389274,-0.3846153846153846,-0.23076923076923073,0.7407688739750131,0.8011459458833978,0.6687073001539817,0.02230116591177935,19.060717499492476,0.3076923076923077,-0.005193332464596412,5.1579285714285654e-05,0.0001969113859461572,0.7692307692307693,0.06153846153846154
2024-08-26 00:00:00+00:00,-0.3999823909692408,-0.23076923076923073,-0.3846153846153846,0.7306132762973969,0.7712269600873072,0.6660194424259906,0.021992953802547933,19.060717499492476,0.15384615384615385,-0.005341208195730196,6.192142857142851e-05,0.000192131052544215,0.7692307692307693,0.07692307692307693
2024-08-27 00:00:00+00:00,-0.35966948939462845,-0.3846153846153846,-0.5384615384615384,0.7336272674191605,0.8122262398198071,0.6713774873769001,0.02133518248074353,19.060717499492476,0.23076923076923078,-0.006109307547693565,6.281999999999993e-05,0.00019483481794623476,0.8461538461538461,0.03076923076923077
2024-08-28 00:00:00+00:00,-0.6901020302092755,-0.5384615384615384,-0.6923076923076923,0.7687543859725036,0.7805936315734673,0.6790050396942263,0.019361222224058373,19.060717499492476,0.7692307692307693,-0.007090832548916903,6.963428571428565e-05,0.0001953690057208044,0.8461538461538461,0.03076923076923077
2024-08-29 00:00:00+00:00,-0.6060827105129892,-0.5384615384615384,-0.6923076923076923,0.7713026999708119,0.9287763462596133,0.6791117331892589,0.01827728029973743,19.037456811188733,0.8461538461538461,-0.007784507633052662,6.559142857142851e-05,0.00020365341152325374,0.8461538461538461,0.046153846153846156
2024-08-30 00:00:00+00:00,-0.6686957366730192,-0.6923076923076923,-0.6923076923076923,0.771809959718384,0.9356238910251342,0.6783041736085579,0.018119823018989813,19.03165380679136,0.23076923076923078,-0.007630824636167155,5.48521428571428e-05,0.00021432442841097925,0.9230769230769231,0.046153846153846156
2024-08-31 00:00:00+00:00,-0.5997577371269179,-0.6923076923076923,-0.6923076923076923,0.7704988866241076,0.8581347143760493,0.6775103009023284,0.01833052175379284,19.03165380679136,0.3076923076923077,-0.007955818501214407,6.297142857142851e-05,0.00021327207060171412,0.8461538461538461,0.03076923076923077
2024-09-01 00:00:00+00:00,-0.6312225459506373,-0.6923076923076923,-0.6923076923076923,0.7701644048128505,0.858844855523555,0.6788726729042368,0.017593305293896817,19.03165380679136,0.15384615384615385,-0.0074364265858816725,6.923285714285708e-05,0.00021850946333050412,0.8461538461538461,0.03076923076923077
2024-09-02 00:00:00+00:00,-0.841261470181349,-0.6923076923076923,-0.6923076923076923,0.74665560950086,0.8521090986959217,0.6797073687080298,0.017090785237612517,19.01951727180326,0.15384615384615385,-0.008160394346850786,7.278857142857137e-05,0.00021937050970673817,0.9230769230769231,0.03076923076923077
2024-09-03 00:00:00+00:00,-0.6912841083753722,-0.6923076923076923,-0.6923076923076923,0.7589379026970683,0.8271624494652227,0.662257107979489,0.01718311719520169,19.01951727180326,0.23076923076923078,-0.007361770723821048,6.448928571428564e-05,0.00021141860161556333,0.8461538461538461,0.0
2024-09-04 00:00:00+00:00,-0.7904381404241873,-0.6923076923076923,-0.6923076923076923,0.7413343272052714,0.8222138560466031,0.6719762679036422,0.01702624911270198,19.01951727180326,0.07692307692307693,-0.007192338270588183,6.607999999999994e-05,0.00022126387013231716,0.9230769230769231,0.0
2024-09-05 00:00:00+00:00,-0.6298711066908063,-0.6923076923076923,-0.6923076923076923,0.6709484814603498,0.7727060277006275,0.6622229568715029,0.017051399397023728,19.014750775162454,0.6923076923076923,-0.007002236828543396,6.117785714285707e-05,0.00022248072339452622,0.9230769230769231,0.015384615384615385
2024-09-06 00:00:00+00:00,-0.5234176279209889,-0.3846153846153846,-0.6923076923076923,0.6749003659619038,0.7842557075352332,0.6450253464973176,0.01716570678210639,19.014750775162454,0.38461538461538464,-0.0076566941585504145,5.7506428571428517e-05,0.00022116264068196316,0.9230769230769231,0.015384615384615385
2024-09-07 00:00:00+00:00,-0.6455594226658524,-0.5384615384615384,-0.8461538461538461,0.6891668222539518,0.7587878891481693,0.6453344741354545,0.017454701352156907,19.02938516561955,0.9230769230769231,-0.00853144123473848,5.122571428571421e-05,0.00021797623095665909,1.0,0.015384615384615385
2024-09-08 00:00:00+00:00,-0.7074839203635224,-0.6923076923076923,-0.8461538461538461,0.5241242235269031,0.7584499573042848,0.645525263091475,0.017685186814418004,19.02938516561955,0.07692307692307693,-0.00852372956731895,4.208999999999993e-05,0.00021143118137248364,0.9230769230769231,0.015384615384615385
2024-09-09 00:00:00+00:00,-0.5033570437804372,-0.5384615384615384,-0.8461538461538461,0.5231133131721142,0.7863403784193602,0.6451624036190698,0.017383910616372768,19.014750775162454,0.15384615384615385,-0.008885730541967451,4.713999999999994e-05,0.00020983222908353016,0.9230769230769231,0.03076923076923077
2024-09-10 00:00:00+00:00,-0.46078478572939335,-0.3846153846153846,-0.6923076923076923,0.5381160728746571,0.7510307316343192,0.6492679995586714,0.01647747602526939,18.99018840933907,0.5384615384615384,-0.008674586155126285,4.269714285714279e-05,0.00021360331841975582,0.9230769230769231,0.015384615384615385
2024-09-11 00:00:00+00:00,-0.49258288563807967,-0.5384615384615384,-0.6923076923076923,0.5318592817051088,0.7796296693767101,0.6465092729839376,0.015199757793917074,18.91595391426489,0.15384615384615385,-0.008404778591831419,3.590785714285708e-05,0.00020660772422965637,0.9230769230769231,0.015384615384615385
2024-09-12 00:00:00+00:00,-0.5523062492555365,-0.5384615384615384,-0.8461538461538461,0.5147536248014803,0.6849713287447086,0.6428503205921313,0.01544731174542342,18.878055639814143,0.38461538461538464,-0.008651794795268564,4.134499999999994e-05,0.00019695888143182904,0.9230769230769231,0.015384615384615385
2024-09-13 00:00:00+00:00,-0.49419998531275794,-0.23076923076923073,-0.6923076923076923,0.5161957379158778,0.6258086363567337,0.6459067254667977,0.015424657306421521,18.842145152637993,0.23076923076923078,-0.008657824884472642,4.613999999999994e-05,0.00018804109420996585,0.9230769230769231,0.015384615384615385
2024-09-14 00:00:00+00:00,-0.39252785469513046,-0.3846153846153846,-0.6923076923076923,0.527889150451155,0.7071166435826741,0.6402512245950953,0.015624821750684248,18.842145152637993,0.46153846153846156,-0.007822178797650459,4.868642857142851e-05,0.00020843866550690306,0.8461538461538461,0.015384615384615385
2024-09-15 00:00:00+00:00,-0.49274701698992796,-0.3846153846153846,-0.6923076923076923,0.5201508208233592,0.7061128697667323,0.6428767121015873,0.015410180663650694,18.74797599537137,0.07692307692307693,-0.007458237527495304,4.0785714285714225e-05,0.0002419300391471221,0.8461538461538461,0.015384615384615385
2024-09-16 00:00:00+00:00,-0.6937744511227949,-0.5384615384615384,-0.6923076923076923,0.5258953974786866,0.5645427660367505,0.6474758308402816,0.01569375803268277,18.665649887189648,0.0,-0.007343451902613984,4.396142857142851e-05,0.0002497285070431843,0.8461538461538461,0.015384615384615385
2024-09-17 00:00:00+00:00,-1.0305916601342364,-0.6923076923076923,-0.6923076923076923,0.5255063078911483,0.702647957728774,0.6508045665197092,0.015764382282585757,18.64276761717649,0.23076923076923078,-0.0067265674622767335,4.991785714285708e-05,0.00025318150267744524,0.9230769230769231,0.046153846153846156
2024-09-18 00:00:00+00:00,-0.9026544127916613,-0.6923076923076923,-0.6923076923076923,0.5351304658093795,0.7772036448141464,0.6481539218872064,0.015608911182817164,18.617673815646924,0.15384615384615385,-0.006445682888364612,4.0435714285714216e-05,0.00024696351100698185,0.7692307692307693,0.06153846153846154
2024-09-19 00:00:00+00:00,-0.7647873859487972,-0.8461538461538461,-0.3846153846153846,0.53747049857135,0.7674413551121159,0.6508787187273232,0.01548278172759272,18.617673815646924,0.23076923076923078,-0.006477679938596215,3.801571428571422e-05,0.00025454667578370045,0.7692307692307693,0.046153846153846156
2024-09-20 00:00:00+00:00,-0.6691047659719185,-0.6923076923076923,-0.3846153846153846,0.5442752486864553,0.7816790075015276,0.6528873828508619,0.015479046299914135,18.617673815646924,0.5384615384615384,-0.0058192163558968835,4.482071428571422e-05,0.0002691661455146076,0.6923076923076923,0.046153846153846156
2024-09-21 00:00:00+00:00,-0.7133370854640466,-0.6923076923076923,-0.23076923076923073,0.5397394575844461,0.8308147610451372,0.6513746362660733,0.01589478913627129,18.633349252519572,0.46153846153846156,-0.005784212781410059,6.283785714285708e-05,0.00026898952114855164,0.6923076923076923,0.07692307692307693
2024-09-22 00:00:00+00:00,-0.6910445892779508,-0.6923076923076923,-0.23076923076923073,0.540273793560924,0.8308147610451372,0.6564614472654454,0.015750342753219522,18.633349252519572,0.07692307692307693,-0.004480725100447003,8.19914285714285e-05,0.00026030996486561293,0.6923076923076923,0.046153846153846156
2024-09-23 00:00:00+00:00,-0.7483773576114358,-0.8461538461538461,-0.23076923076923073,0.5030169739948216,0.8676529552484186,0.6581218653391088,0.015901895926105504,18.633349252519572,0.15384615384615385,-0.005929780854276756,8.109285714285709e-05,0.0002641316402348624,0.6153846153846154,0.06153846153846154
2024-09-24 00:00:00+00:00,-0.6353739130029089,-0.6923076923076923,-0.3846153846153846,0.5046322705129935,0.8398679839399631,0.6573087433102938,0.016057805768892177,18.656231522532728,0.5384615384615384,-0.0058784414814825325,9.071357142857138e-05,0.0002598384938493363,0.6923076923076923,0.09230769230769231
2024-09-25 00:00:00+00:00,-0.5795422059604931,-0.6923076923076923,0.07692307692307687,0.5056219653817403,0.8254737202299542,0.6502452572481388,0.01654513953058468,18.656231522532728,0.6153846153846154,-0.0054336376923161955,9.827499999999992e-05,0.0002651406133766762,0.6923076923076923,0.09230769230769231
2024-09-26 00:00:00+00:00,-0.5682882300055346,-0.6923076923076923,0.23076923076923084,0.5055629937600382,0.8166819388159465,0.6511290787597124,0.01630590228392185,18.656231522532728,0.3076923076923077,-0.00586344947840739,0.00010505642857142851,0.00028845194384486496,0.6923076923076923,0.06153846153846154
2024-09-27 00:00:00+00:00,-0.38305406826187594,-0.5384615384615384,0.5384615384615385,0.4437905836330812,0.849066650301169,0.6576591246850946,0.016470141552036223,18.656231522532728,0.6153846153846154,-0.004882605143665397,0.00011799642857142852,0.00029976549189799636,0.6153846153846154,0.06153846153846154
2024-09-28 00:00:00+00:00,-0.4430449101058604,-0.6923076923076923,0.6923076923076923,0.4454197146146145,0.8300614367620902,0.6627070410161782,0.016343180929190494,18.69315258507089,0.38461538461538464,-0.004802447034981561,0.00013210999999999993,0.00027751986553421586,0.6153846153846154,0.03076923076923077
2024-09-29 00:00:00+00:00,-0.4401544041303113,-0.5384615384615384,0.5384615384615385,0.44590542259245514,0.8282140546188161,0.6629530147243081,0.01658626280348749,18.69315258507089,0.23076923076923078,-0.0050813201469874225,0.00015079428571428567,0.00023392274066392043,0.5384615384615384,0.0
2024-09-30 00:00:00+00:00,-0.4825190891633279,-0.5384615384615384,0.6923076923076923,0.44645344050770014,0.8275839043225334,0.6601343064832093,0.01662272275414128,18.666945537777053,0.15384615384615385,-0.0057482170465497084,0.0001667214285714285,0.00021784533105305738,0.6153846153846154,0.015384615384615385
2024-10-01 00:00:00+00:00,-0.5753977657565842,-0.6923076923076923,0.23076923076923084,0.45856525729136677,0.8233130258565791,0.6683727088278796,0.017192676161689506,18.69315258507089,0.9230769230769231,-0.006563867416263247,0.00018555928571428566,0.0002126313033155581,0.6153846153846154,0.06153846153846154
2024-10-02 00:00:00+00:00,-0.721313948586605,-0.8461538461538461,-0.6923076923076923,0.48042720205146366,0.8060651015429369,0.6591584783109358,0.017217398153275162,18.69315258507089,1.0,-0.007005743644762474,0.00020533428571428564,0.00021178716543771446,0.7692307692307693,0.07692307692307693
2024-10-03 00:00:00+00:00,-0.719928626679888,-0.8461538461538461,-0.8461538461538461,0.4656915485063438,0.896644037382851,0.6597241006525968,0.017724869874589995,18.752063148776664,0.7692307692307693,-0.007900925306921713,0.00021379357142857136,0.00021019528218617795,0.9230769230769231,0.10769230769230771
2024-10-04 00:00:00+00:00,-0.7319658951427974,-0.8461538461538461,-0.8461538461538461,0.44709072413746254,0.9097299093267478,0.6529578007198484,0.01744103564554324,18.752063148776664,0.7692307692307693,-0.008970274423838187,0.00020724499999999994,0.00020959697341186716,0.9230769230769231,0.10769230769230771
2024-10-05 00:00:00+00:00,-0.4003706421759629,-0.5384615384615384,-0.5384615384615384,0.45386098990305584,0.910477221672734,0.6209293531093797,0.017275526680019422,18.752063148776664,0.07692307692307693,-0.008963874273481554,0.0001921221428571428,0.00021418138696688323,0.7692307692307693,0.09230769230769231
2024-10-06 00:00:00+00:00,-0.31934049681596405,-0.07692307692307687,-0.5384615384615384,0.43729048412058447,0.8714776053406926,0.6167848553336696,0.016936789145870233,18.752063148776664,0.0,-0.008780544038948956,0.00018565857142857138,0.00023098552625828113,0.7692307692307693,0.046153846153846156
2024-10-07 00:00:00+00:00,-0.04097888494668562,0.5384615384615385,-0.23076923076923073,0.39336436973837097,0.8433070323976842,0.6453561877506571,0.01633115649847921,18.752063148776664,0.0,-0.00823477092332403,0.0001842535714285714,0.00023073896220894517,0.6923076923076923,0.03076923076923077
2024-10-08 00:00:00+00:00,0.30890155148983317,0.8461538461538463,-0.5384615384615384,0.3943817798484073,0.8462557717446634,0.6112875059000691,0.016279384292840447,18.83025448129745,0.6153846153846154,-0.0084302880120955,0.0001835857142857142,0.0002395793127955539,0.7692307692307693,0.015384615384615385
2024-10-09 00:00:00+00:00,0.2092071153322971,0.5384615384615385,-0.5384615384615384,0.3932498847273138,0.8522669680304452,0.6077616813273098,0.01651813026204287,18.83025448129745,0.23076923076923078,-0.00838800897408154,0.0001918635714285714,0.0002320576779248878,0.7692307692307693,0.03076923076923077
2024-10-10 00:00:00+00:00,0.23460506463289543,0.5384615384615385,-0.6923076923076923,0.39174758408645005,0.8397603092492079,0.6102669068408808,0.016299024649097764,18.752063148776664,0.23076923076923078,-0.00950997432412859,0.0002003885714285714,0.00022975629669204906,0.8461538461538461,0.03076923076923077
2024-10-11 00:00:00+00:00,-0.3651562375693068,-0.5384615384615384,-0.6923076923076923,0.3899701628456655,0.8473679871405744,0.5966684942502819,0.016116248730236777,18.725856101482826,0.23076923076923078,-0.00968008212417093,0.00019349357142857138,0.00022009158499273815,0.8461538461538461,0.03076923076923077
2024-10-12 00:00:00+00:00,-0.0930695445484094,0.07692307692307687,-0.3846153846153846,0.3988848448720159,0.8457086820176516,0.5982729136201645,0.016113058722757746,18.725856101482826,0.07692307692307693,-0.010134834214563238,0.00018447428571428563,0.00022318211845677414,0.7692307692307693,0.03076923076923077
2024-10-13 00:00:00+00:00,-0.04088136055401841,0.07692307692307687,-0.23076923076923073,0.39929809424759133,0.8205510069579659,0.6006955807075054,0.015433554446542971,18.725856101482826,0.0,-0.009402679883861453,0.00017845285714285708,0.00023002430716396327,0.7692307692307693,0.015384615384615385
2024-10-14 00:00:00+00:00,0.08845419489163919,0.3846153846153846,-0.3846153846153846,0.38059665230670714,0.8637400178447067,0.6035116168454319,0.015040446733074636,18.638039024414823,0.0,-0.00943081106617677,0.00016956428571428565,0.0002323886769136207,0.7692307692307693,0.0
2024-10-15 00:00:00+00:00,0.18735949858366915,0.3846153846153846,0.07692307692307687,0.42562056824322125,0.7485052267031743,0.6048393936970153,0.015452686147654215,18.638039024414823,0.6153846153846154,-0.009587923218424332,0.00017049857142857136,0.0002354182281089721,0.6923076923076923,0.0
2024-10-16 00:00:00+00:00,0.16983384150988926,0.3846153846153846,0.07692307692307687,0.4098880664663001,0.7410440995576034,0.5980322735506522,0.016082762652704932,18.638039024414823,1.0,-0.009078385116554344,0.00017464857142857133,0.00024218479548052246,0.6923076923076923,0.03076923076923077
2024-10-17 00:00:00+00:00,0.3181510391088496,0.3846153846153846,0.07692307692307687,0.40566785909999076,0.7098357621367309,0.5924904826341989,0.01630364700653976,18.638039024414823,0.46153846153846156,-0.009329510327963753,0.00018875999999999992,0.0002337278080556883,0.6923076923076923,0.03076923076923077
2024-10-18 00:00:00+00:00,0.45098246097585837,0.5384615384615385,0.07692307692307687,0.3977313565816506,0.7220281795083684,0.5880342827836843,0.0166981603534629,18.638039024414823,0.46153846153846156,-0.010014923700601419,0.00020483142857142853,0.0002189996085107254,0.6153846153846154,0.03076923076923077
2024-10-19 00:00:00+00:00,0.4425194898050264,0.6923076923076923,0.07692307692307687,0.39578186106806024,0.7185627132506077,0.5871962476513177,0.01659118674950965,18.726033135600332,0.3076923076923077,-0.00961105459600936,0.0002207178571428571,0.00021616584395103882,0.6153846153846154,0.03076923076923077
2024-10-20 00:00:00+00:00,0.39835981948447546,0.6923076923076923,0.07692307692307687,0.38558047183516525,0.7227728634322517,0.5953639238416445,0.016523602163008286,18.726033135600332,0.15384615384615385,-0.0099780412995919,0.00023227285714285707,0.00023307919318740221,0.6153846153846154,0.03076923076923077
2024-10-21 00:00:00+00:00,0.5677170777898556,0.8461538461538463,0.5384615384615385,0.38701448335030786,0.7204068997199619,0.6095346984106937,0.016474916129582858,18.611030132557058,0.15384615384615385,-0.00906900003307376,0.0002411307142857142,0.00023835299197947791,0.5384615384615384,0.03076923076923077
2024-10-22 00:00:00+00:00,0.3553484165690526,0.5384615384615385,0.23076923076923084,0.3991462044826118,0.7817326522178496,0.6101508018890939,0.016436369323934087,18.611030132557058,0.7692307692307693,-0.008823585624840757,0.00025168071428571424,0.0002354827380778366,0.6153846153846154,0.046153846153846156
2024-10-23 00:00:00+00:00,0.39525547098434155,0.3846153846153846,0.3846153846153846,0.40009596943615355,0.7847150407376886,0.5944859732733936,0.015811483669724305,18.611030132557058,0.38461538461538464,-0.008637834042439951,0.00025527428571428567,0.00023339236412805496,0.5384615384615384,0.046153846153846156
2024-10-24 00:00:00+00:00,0.11816255374013707,0.07692307692307687,0.07692307692307687,0.4085701631194494,0.7914709567850426,0.5951211028890894,0.016146690049055855,18.611030132557058,0.5384615384615384,-0.009028499866631734,0.0002598171428571428,0.00020953588641786514,0.5384615384615384,0.06153846153846154
2024-10-25 00:00:00+00:00,0.2284831274101256,0.23076923076923084,0.23076923076923084,0.41027023454167183,0.8170803440689937,0.6051403779184888,0.016293603529761506,18.661481303508197,0.38461538461538464,-0.009056434935905522,0.00027151571428571424,0.00020969671243848995,0.5384615384615384,0.07692307692307693
2024-10-26 00:00:00+00:00,-0.22213973380000376,-0.23076923076923073,0.07692307692307687,0.41641154324764446,0.9952141505398793,0.6128385827175944,0.016662544345428222,18.712395238756635,1.0,-0.009387245689883195,0.00028248928571428564,0.00020343533180936237,0.6153846153846154,0.12307692307692308
2024-10-27 00:00:00+00:00,-0.16871212236152802,-0.07692307692307687,0.07692307692307687,0.4082076294262644,1.010275769918083,0.5922643370014989,0.01711799914267067,18.777714653465715,0.15384615384615385,-0.010353541402473632,0.0002831707142857142,0.00020276110574611556,0.5384615384615384,0.10769230769230771
2024-10-28 00:00:00+00:00,-0.08727411189993604,-0.23076923076923073,0.07692307692307687,0.4061546669413904,1.0118836305334562,0.5950834345087509,0.017345250417229355,18.712395238756635,0.07692307692307693,-0.009947529420176515,0.0002910335714285714,0.00021016015162186888,0.5384615384615384,0.10769230769230771
2024-10-29 00:00:00+00:00,0.17113648117953198,0.07692307692307687,0.07692307692307687,0.416330874576601,1.039271898582757,0.5938961231181997,0.017996722883352245,18.777714653465715,0.5384615384615384,-0.0093939607003386,0.00029218142857142854,0.0002164617574056242,0.5384615384615384,0.09230769230769231
2024-10-30 00:00:00+00:00,0.7774202716588813,0.5384615384615385,0.3846153846153846,0.4315638516081558,1.0072290028051414,0.6027765143598084,0.018537469347510025,18.84832145238864,0.7692307692307693,-0.008162179082843835,0.00029218142857142854,0.00020306910235200524,0.38461538461538464,0.10769230769230771
2024-10-31 00:00:00+00:00,0.7214933816670962,0.5384615384615385,0.3846153846153846,0.41819336605884827,0.9847416454667928,0.5944946384322025,0.01931237480080656,18.89319057677333,0.5384615384615384,-0.008525903084247388,0.00029218142857142854,0.00019662959963470173,0.38461538461538464,0.07692307692307693
2024-11-01 00:00:00+00:00,0.45915760933593613,0.23076923076923084,0.23076923076923084,0.403778681999061,1.039523532013101,0.5910922669529933,0.019629839870099003,18.96838853864654,0.6923076923076923,-0.009574402230650036,0.00029218142857142854,0.00019429303246005846,0.46153846153846156,0.09230769230769231
2024-11-02 00:00:00+00:00,0.43074888653942944,0.3846153846153846,0.3846153846153846,0.39799996259937787,1.0375065804664418,0.5841806561332228,0.02030831791233563,19.016648014566325,0.9230769230769231,-0.009958710543253979,0.00029218142857142854,0.00019250013913391423,0.38461538461538464,0.09230769230769231
2024-11-03 00:00:00+00:00,0.4273437801704706,0.3846153846153846,0.07692307692307687,0.39849013527610877,1.0759954793378776,0.5718094830622079,0.02028735959082926,19.016648014566325,0.15384615384615385,-0.010438195558260255,0.00029218142857142854,0.00016286613999637168,0.38461538461538464,0.09230769230769231
2024-11-04 00:00:00+00:00,0.54744447637241,0.5384615384615385,-0.07692307692307687,0.39422119629435287,1.1428438053753964,0.5814972709559011,0.0193232091192696,18.96838853864654,0.6923076923076923,-0.011304797577873227,0.00028472714285714275,0.00015395406833454447,0.6923076923076923,0.07692307692307693
2024-11-05 00:00:00+00:00,0.22981991179346398,0.07692307692307687,-0.3846153846153846,0.4010319738146605,1.1415534406768544,0.5828995272645102,0.01920764249592637,18.927386035597113,0.6153846153846154,-0.011074741671879162,0.00027561571428571423,0.00015579251753135287,0.7692307692307693,0.03076923076923077
2024-11-06 00:00:00+00:00,0.5411455956759386,0.3846153846153846,-0.07692307692307687,0.4028349474453693,1.1506130256059053,0.5686333523644458,0.019206752282081463,18.8950687417477,0.6153846153846154,-0.011108182487257534,0.0002694328571428571,0.00018111057754702445,0.6153846153846154,0.03076923076923077
2024-11-07 00:00:00+00:00,0.9295184922567926,0.6923076923076923,0.5384615384615385,0.5310158486739526,1.1815064128166504,0.6133365655670023,0.019887628861195376,18.8950687417477,1.0,-0.010717786708864252,0.0002694328571428571,0.0001947687305560923,0.23076923076923078,0.046153846153846156
2024-11-08 00:00:00+00:00,1.2652563064290232,1.0,0.5384615384615385,0.5395191954026524,1.1910579199408153,0.6017523484318844,0.020751372063246256,18.927386035597113,1.0,-0.010918736012182795,0.0002694328571428571,0.00021813721255431204,0.23076923076923078,0.10769230769230771
2024-11-09 00:00:00+00:00,1.6682154258677975,1.0,0.5384615384615385,0.5267940361010985,0.9395152255348618,0.5940900718100355,0.02134679339128597,18.97980144594971,0.9230769230769231,-0.01034088297382424,0.0002694328571428571,0.00024046517582114492,0.23076923076923078,0.09230769230769231
2024-11-10 00:00:00+00:00,1.7386164240032937,1.0,1.0,0.5310480844333776,0.9589624630069155,0.5913851550959535,0.022139102975151446,19.075216984360125,0.7692307692307693,-0.010313369755525437,0.0002749157142857142,0.0002609234835116865,0.15384615384615385,0.12307692307692308
2024-11-11 00:00:00+00:00,1.8317308718600789,1.0,1.0,0.5331277941062749,1.1586741397944116,0.5904287616229597,0.024906131537755328,19.13164880932063,1.0,-0.010130238094546662,0.0002949971428571428,0.00025662691863950136,0.0,0.12307692307692308
2024-11-12 00:00:00+00:00,1.9507516084034449,1.0,1.0,0.5857002365931812,1.2415875150448858,0.6044177070974944,0.02695744290552852,19.13164880932063,1.0,-0.009811261445226094,0.00031160785714285717,0.00025443214566898986,0.0,0.18461538461538463
2024-11-13 00:00:00+00:00,1.7610227696411254,1.0,1.0,0.5959304359803821,1.468775812726281,0.5526180406619341,0.029534068233098072,19.155482522174566,1.0,-0.00961786111819024,0.0003717521428571428,0.0002775666218129043,0.0,0.18461538461538463
2024-11-14 00:00:00+00:00,1.8540873855677629,1.0,1.0,0.5720073579032036,1.4680997149514852,0.5522462770905335,0.030306408028963165,19.17575255339778,1.0,-0.009980425052383779,0.00038425714285714277,0.0002829292403465879,0.07692307692307693,0.26153846153846155
2024-11-15 00:00:00+00:00,1.5828688038040932,1.0,1.0,0.5939041819361773,1.4680487072308464,0.5235605658104765,0.03223821023152347,19.17575255339778,1.0,-0.009724548793813681,0.00038630428571428564,0.0002837244830587558,0.23076923076923078,0.23076923076923075
2024-11-16 00:00:00+00:00,1.5432253771240365,1.0,1.0,0.597346510232792,1.4680487072308464,0.5333773580684927,0.034210814835303784,19.301084086086142,1.0,-0.009152757383209309,0.00038630428571428564,0.0002749379263828733,0.0,0.24615384615384617
2024-11-17 00:00:00+00:00,1.6089369195523902,1.0,1.0,0.5963375219366523,1.4914908596957985,0.5220854313939789,0.03723598075122892,19.482763379446638,0.9230769230769231,-0.00982966717611733,0.0003890564285714285,0.0002709568263475882,0.0,0.16923076923076924
2024-11-18 00:00:00+00:00,1.6994926714749317,1.0,1.0,0.6004103318030496,1.514896067229581,0.5142666535365478,0.03827458506423365,19.636312375703547,0.9230769230769231,-0.011082182260059692,0.0004028228571428571,0.000264105312275291,0.0,0.18461538461538463
2024-11-19 00:00:00+00:00,1.875717882077374,1.0,1.0,0.6029408562918612,1.514896067229581,0.5109506698907978,0.039004174639536156,19.76714334277503,1.0,-0.01181109275388259,0.0004297714285714285,0.0002633071101193346,0.0,0.12307692307692308
2024-11-20 00:00:00+00:00,1.7203155503897758,1.0,1.0,0.6021863979402851,1.6069332848836873,0.5117412386784344,0.03904404899649984,19.949536192401695,1.0,-0.011995649907748374,0.0004529871428571428,0.00024472709794226305,0.0,0.13846153846153847
2024-11-21 00:00:00+00:00,1.6525404816699085,1.0,1.0,0.5898068274163479,1.6154058920267333,0.5102205481836681,0.039724501155859945,20.119197376407392,1.0,-0.011961496481508849,0.0004529871428571428,0.0002309952699549595,0.07692307692307693,0.13846153846153847
2024-11-22 00:00:00+00:00,1.770291361612565,1.0,1.0,0.6201132715511128,1.5668294021548672,0.5190351072324192,0.04045377391891741,20.229860390202834,1.0,-0.011696117000597639,0.0004529871428571428,0.00019901446237997073,0.0,0.16923076923076924
2024-11-23 00:00:00+00:00,1.6684644802826447,1.0,1.0,0.6087311709306482,1.5668294021548672,0.5182863119728136,0.04345941084731855,20.35996750616448,1.0,-0.011241513391299474,0.0004760749999999999,0.00018848650719720968,0.0,0.09230769230769231
2024-11-24 00:00:00+00:00,1.6349044275265396,1.0,1.0,0.6092085071289811,1.5803896752429727,0.5063972391144641,0.04606217658177863,20.434713752112117,0.9230769230769231,-0.010705247792704042,0.0005049999999999999,0.00017998785128375266,0.0,0.07692307692307693
2024-11-25 00:00:00+00:00,1.6371846145977103,1.0,1.0,0.5933991966028942,1.648165897896987,0.4980306622073945,0.04685477152483823,20.506899504845393,1.0,-0.011231727121652046,0.0005089978571428571,0.00018238025564407912,0.0,0.06153846153846154
2024-11-26 00:00:00+00:00,1.4961314800800916,1.0,1.0,0.6022244716517078,1.6816151123081613,0.5094476989521295,0.047107314917051966,20.563069571099373,1.0,-0.012004247719690053,0.0005098121428571428,0.00017850294569429697,0.07692307692307693,0.09230769230769231
2024-11-27 00:00:00+00:00,1.3595571123508883,1.0,1.0,0.6110522248149208,1.5289228362445826,0.509758601613805,0.04607732051537729,20.601529387653194,1.0,-0.0124821023149283,0.0004566864285714285,0.00016004731285907344,0.15384615384615385,0.07692307692307693
2024-11-28 00:00:00+00:00,1.7223368920710804,1.0,1.0,0.6416945690427301,1.4524153575802976,0.5166928819690229,0.045114747591080626,20.601529387653194,1.0,-0.012429367926111545,0.00045128071428571426,0.00015877504665995514,0.0,0.09230769230769231
2024-11-29 00:00:00+00:00,1.5572565317496514,1.0,1.0,0.6410670526351687,1.4070710382210323,0.5154980651695933,0.04476020080944261,20.601529387653194,0.8461538461538461,-0.013067701673392385,0.0004541092857142857,0.00016394569599043662,0.0,0.09230769230769231
2024-11-30 00:00:00+00:00,1.535439719528321,1.0,1.0,0.6403377408904924,1.4166006153935669,0.5008684185674023,0.04567986254897805,20.601529387653194,0.9230769230769231,-0.01328578755049642,0.00047145714285714283,0.00017163103874473122,0.0,0.09230769230769231
2024-12-01 00:00:00+00:00,1.5947010007291607,1.0,1.0,0.612878080823614,1.4883087412702185,0.480542945831473,0.04347791112072034,20.563069571099373,0.8461538461538461,-0.013401056220815999,0.00048603499999999995,0.00017784869134273462,0.0,0.046153846153846156
2024-12-02 00:00:00+00:00,1.6419860248829306,1.0,1.0,0.6096112289566223,1.1992520340740447,0.4694390568514889,0.04391432312069023,20.52925566335091,0.8461538461538461,-0.013750290916647867,0.00049185,0.0001761501275339475,0.0,0.03076923076923077
2024-12-03 00:00:00+00:00,1.7079035103541433,1.0,1.0,0.6148177226064937,1.1902969567741637,0.44306918870000483,0.04504189924227046,20.52925566335091,1.0,-0.013830529976989303,0.0005140792857142856,0.0001691015947816586,0.07692307692307693,0.015384615384615385
2024-12-04 00:00:00+00:00,1.9892019683076856,1.0,1.0,0.6116770857489813,1.2020317452046432,0.39480990240760017,0.05318654396538003,20.52925566335091,1.0,-0.013754322136940389,0.0005469671428571428,0.0001761874266866743,0.0,0.015384615384615385
2024-12-05 00:00:00+00:00,2.2670720381288785,1.0,1.0,0.6110093138899297,1.2043577228867943,0.38821547834366543,0.05465754239762603,20.563069571099373,1.0,-0.013573680244901465,0.0005933814285714286,0.00019213761964178801,0.23076923076923078,0.06153846153846154
2024-12-06 00:00:00+00:00,2.1941375968869674,1.0,1.0,0.6196100764550679,1.2428688799704426,0.3890912572657734,0.053067885373256095,20.601529387653194,1.0,-0.014174412885438858,0.0006703464285714286,0.00020716781030748565,0.15384615384615385,0.046153846153846156
2024-12-07 00:00:00+00:00,2.2531076598697943,1.0,1.0,0.5423418507001498,1.2548193004257877,0.38601944476766314,0.05088506774542998,20.688018021790697,1.0,-0.014238288678835698,0.0006921049999999999,0.0002081172703374842,0.15384615384615385,0.046153846153846156
2024-12-08 00:00:00+00:00,2.255509816897467,1.0,1.0,0.5378373445974536,1.2684171300427092,0.38533971973744086,0.04988248397822982,20.662234515834143,0.7692307692307693,-0.013776114011301577,0.0007138971428571428,0.00020323558970005456,0.07692307692307693,0.046153846153846156
2024-12-09 00:00:00+00:00,2.23763853694298,1.0,1.0,0.5375422010543459,1.2984499723747507,0.38016215399005776,0.049056696793353186,20.662234515834143,0.7692307692307693,-0.014203582960767569,0.00072527,0.00021016548397607366,0.07692307692307693,0.046153846153846156
2024-12-10 00:00:00+00:00,1.9304953061823544,1.0,1.0,0.5817955639574933,1.6539447433395027,0.4552747809353095,0.05067270030236676,20.769187203790104,1.0,-0.015353521529914649,0.0007283521428571427,0.00020901784729919574,0.7692307692307693,0.13846153846153847
2024-12-11 00:00:00+00:00,1.8399847048859903,1.0,1.0,0.5788551770403803,1.6539447433395027,0.45419130897607884,0.050722959953832206,20.80251636540066,1.0,-0.015254334849668982,0.0007213335714285713,0.00020232206515483344,0.7692307692307693,0.15384615384615383
2024-12-12 00:00:00+00:00,2.1642484516572096,1.0,1.0,0.5412207716137531,1.630427350269599,0.45896696920749774,0.049947906794043935,20.80251636540066,1.0,-0.015178382201114782,0.0007142342857142857,0.0001978269854744305,0.6923076923076923,0.15384615384615383
2024-12-13 00:00:00+00:00,2.1650052198679,1.0,1.0,0.5318843426338427,1.6275396057414049,0.45178616320626663,0.049255682948524275,20.80251636540066,1.0,-0.015280607289446024,0.0007093585714285713,0.00019066282950253556,0.6153846153846154,0.15384615384615383
2024-12-14 00:00:00+00:00,2.0914221635339367,1.0,1.0,0.5321695044951724,1.6366002649654083,0.4511704645255381,0.04682377129005268,20.753362061149247,0.8461538461538461,-0.015228126733837055,0.0006920107142857141,0.00017942659870637988,0.5384615384615384,0.15384615384615383
2024-12-15 00:00:00+00:00,2.0124974491141745,1.0,1.0,0.5108437297897603,1.6384468229299745,0.4559443511022467,0.04611780841786242,20.65139626756533,0.7692307692307693,-0.015422032162430543,0.0006746807142857142,0.00017126469141972436,0.6923076923076923,0.015384615384615385
2024-12-16 00:00:00+00:00,2.1417996647264985,1.0,1.0,0.5112137827865478,1.6564079435610992,0.4571182401128787,0.04533355665654159,20.564245373238975,0.6153846153846154,-0.014897846934614656,0.0006612635714285715,0.000167198521375732,0.6923076923076923,0.0
2024-12-17 00:00:00+00:00,1.988312220393471,1.0,1.0,0.51138506103777,1.6970470485437306,0.4572487949852606,0.04580817300095559,20.531539307008092,1.0,-0.014717169505055083,0.0006211971428571429,0.00016017131020140763,0.6153846153846154,0.015384615384615385
2024-12-18 00:00:00+00:00,1.9157597073157735,1.0,1.0,0.5106581975325842,1.6235458513171244,0.45593416682255866,0.046618903327879525,20.539337288029067,1.0,-0.015406456249247302,0.0005712764285714285,0.00014230086419230814,0.5384615384615384,0.015384615384615385
2024-12-19 00:00:00+00:00,1.5348790069230662,1.0,1.0,0.5623255389361084,1.543514776246261,0.48630185120056707,0.04689013020131918,20.564245373238975,1.0,-0.015796990293204805,0.0005234664285714286,0.00012807976503824892,0.7692307692307693,0.03076923076923077
2024-12-20 00:00:00+00:00,1.3318538352845017,1.0,1.0,0.5852726075694928,1.5504523052989296,0.5017223456632391,0.04586457921935731,20.65139626756533,1.0,-0.01633492325174013,0.00043845857142857137,0.0001225292629876212,0.9230769230769231,0.03076923076923077
2024-12-21 00:00:00+00:00,1.3128966242283657,1.0,1.0,0.5857681341096064,1.551742554436023,0.5001728093278802,0.04546331166879537,20.753362061149247,1.0,-0.016364884878886432,0.0003826085714285714,0.00012120148374449576,0.8461538461538461,0.03076923076923077
2024-12-22 00:00:00+00:00,1.2095793700561048,1.0,0.8461538461538463,0.5452047980775312,1.4956445178442477,0.501082704987467,0.04360346954931032,20.753362061149247,0.9230769230769231,-0.016300876513386797,0.00032560999999999994,0.00011566788666124299,0.9230769230769231,0.03076923076923077
2024-12-23 00:00:00+00:00,1.0304394866472513,1.0,0.8461538461538463,0.5493244211915456,1.4956445178442477,0.5019672638268136,0.03926838999204366,20.65139626756533,0.9230769230769231,-0.016053739360687047,0.0002878764285714285,0.00010557187671977834,1.0,0.03076923076923077
2024-12-24 00:00:00+00:00,1.2298284619781708,1.0,1.0,0.5536588498380474,0.9522085789506889,0.5043361111860518,0.030897757692084703,20.564245373238975,0.9230769230769231,-0.015475484281468277,0.0002643071428571428,0.00010633197402504077,0.9230769230769231,0.03076923076923077
2024-12-25 00:00:00+00:00,1.3824597698378052,1.0,1.0,0.5633513257014288,0.9092854750840184,0.4962051491152148,0.02708221200023566,20.539337288029067,0.5384615384615384,-0.015001010172136287,0.0002643071428571428,0.00011746863179662696,0.8461538461538461,0.03076923076923077
2024-12-26 00:00:00+00:00,1.5148893784998447,1.0,1.0,0.5595110488370924,0.9310314119404421,0.49673739891753027,0.026698507729538874,20.528105518999944,0.15384615384615385,-0.014749282103132366,0.00026408357142857137,0.0001252316903672034,0.8461538461538461,0.03076923076923077
2024-12-27 00:00:00+00:00,1.256527323742112,1.0,0.8461538461538463,0.5760324782540213,0.9036272771439144,0.506965641884936,0.026116924616355463,20.506917824128912,0.46153846153846156,-0.015155661792080832,0.0002584557142857142,0.00013412954796013755,0.8461538461538461,0.015384615384615385
2024-12-28 00:00:00+00:00,1.360742248622347,1.0,0.8461538461538463,0.5231773550796119,0.8975125763107162,0.5082090872687292,0.02552453183247219,20.506917824128912,0.5384615384615384,-0.014845856594983609,0.0002540107142857142,0.000145130443231767,0.9230769230769231,0.015384615384615385
2024-12-29 00:00:00+00:00,1.377111111562533,1.0,1.0,0.5254992172165329,0.8448807241089722,0.5070972379334744,0.025344543519012896,20.487318997956248,0.23076923076923078,-0.014045293648752843,0.00024301214285714283,0.00014669032591095653,0.9230769230769231,0.0
2024-12-30 00:00:00+00:00,1.261163193326232,1.0,0.8461538461538463,0.525893260178916,0.8688652970189467,0.5109636962656111,0.02305467266502957,20.46532563925703,0.07692307692307693,-0.012974521464630573,0.0002417728571428571,0.00014722808321095948,0.9230769230769231,0.0
2024-12-31 00:00:00+00:00,1.1405352608312933,1.0,1.0,0.5242539932078984,0.8358400526463708,0.5054764691110568,0.022037118037550117,20.339369649873515,0.6923076923076923,-0.012472911741626458,0.00023373642857142852,0.00015231688012192632,0.9230769230769231,0.0
2025-01-01 00:00:00+00:00,1.012167080210808,1.0,0.8461538461538463,0.5237494434535863,0.8542774639338984,0.5051566448068099,0.022035384597042608,20.226261271870186,0.07692307692307693,-0.012579146558466203,0.00023267499999999995,0.00015760356946859446,0.9230769230769231,0.0
2025-01-02 00:00:00+00:00,1.0444623397364694,1.0,1.0,0.5228409615890178,0.7989075406827674,0.5056387668275185,0.021002204187603325,20.197716664736184,0.15384615384615385,-0.012149608799738754,0.00023407071428571425,0.0001590102622408255,0.9230769230769231,0.0
2025-01-03 00:00:00+00:00,1.3467911578535088,1.0,1.0,0.5318086930841512,0.6099069745408991,0.5016549967372462,0.021070523589210785,20.144938884894433,0.3076923076923077,-0.011871135851832637,0.00024211357142857136,0.00015645140111094038,0.8461538461538461,0.0
2025-01-04 00:00:00+00:00,1.4899685975162065,1.0,1.0,0.5172418044404444,0.6100640170255441,0.5026978752171783,0.02198823473137775,20.10761548066028,0.6153846153846154,-0.010725665828875741,0.0002531171428571428,0.0001469756761852917,0.6923076923076923,0.0
2025-01-05 00:00:00+00:00,1.5389136501890353,1.0,1.0,0.5152712939503654,0.5940425018511696,0.5029683531569044,0.022158731136405648,20.081730750357828,0.3076923076923077,-0.0108244488128591,0.0002593985714285714,0.00014075852533651113,0.7692307692307693,0.0
2025-01-06 00:00:00+00:00,1.5832376098813248,1.0,1.0,0.49230349340685703,0.5997550878246468,0.49198340036318616,0.021912614756346007,20.053747053549863,0.07692307692307693,-0.01103463059639348,0.00026270571428571425,0.0001351339908397608,0.7692307692307693,0.0
2025-01-07 00:00:00+00:00,1.7784931142987745,1.0,1.0,0.5018464285766775,0.6134501030214249,0.49372802133945637,0.020948457256357994,20.053747053549863,0.6153846153846154,-0.010250375623120367,0.00026707785714285713,0.00013153592564923346,0.7692307692307693,0.0
2025-01-08 00:00:00+00:00,1.347152716261754,1.0,1.0,0.5550514053715411,0.6248240592782518,0.516718341232166,0.020685900947203757,20.053747053549863,0.9230769230769231,-0.009954717888102593,0.0002670778571428571,0.00012495774243985843,0.8461538461538461,0.0
2025-01-09 00:00:00+00:00,0.9370122956716764,1.0,0.8461538461538463,0.5227733696976615,0.602595850500698,0.5191018638534346,0.020144859396583874,20.053747053549863,0.9230769230769231,-0.010008267890218303,0.00025613571428571423,0.0001466307933819736,0.9230769230769231,0.0
2025-01-10 00:00:00+00:00,0.6629875776760306,0.8461538461538463,0.6923076923076923,0.5296973348224849,0.6357453867138803,0.5213609253914596,0.02007948193499782,20.053747053549863,0.6923076923076923,-0.010024310243993473,0.0002541135714285714,0.00014716523849343173,0.9230769230769231,0.0
2025-01-11 00:00:00+00:00,0.6774415150034175,0.8461538461538463,0.8461538461538463,0.5011669220247624,0.5494681440757372,0.5226050100790127,0.01939655140028245,20.0096435202186,0.3076923076923077,-0.009367879256930056,0.00024875499999999997,0.00015578182737646705,0.9230769230769231,0.0
2025-01-12 00:00:00+00:00,0.565892413871321,0.8461538461538463,0.8461538461538463,0.5012998338557604,0.5734328617894137,0.5321639858308591,0.020609761636509943,19.963900123146203,0.07692307692307693,-0.009054402590499944,0.00025419928571428566,0.00016000162821831111,0.8461538461538461,0.0
2025-01-13 00:00:00+00:00,0.41275864242086135,0.8461538461538463,0.8461538461538463,0.49882881724477174,0.5382580840410337,0.5359604738552505,0.019930661623854165,19.917070097991743,0.07692307692307693,-0.009317115667896947,0.0002530442857142857,0.0001683544491570119,0.8461538461538461,0.0
2025-01-14 00:00:00+00:00,-0.02477094119409172,0.3846153846153846,0.5384615384615385,0.5020091841040393,0.5420932377969819,0.5450876521562239,0.02035118689458524,19.917070097991743,0.9230769230769231,-0.010004613016765584,0.00024902214285714284,0.0001839148272682355,0.8461538461538461,0.015384615384615385
2025-01-15 00:00:00+00:00,0.20164019072305236,0.5384615384615385,0.6923076923076923,0.500489520056635,0.5330166995645726,0.5459704646460611,0.020490449678834358,19.917070097991743,0.15384615384615385,-0.009209815765309215,0.00023684142857142854,0.0001850925029737605,0.7692307692307693,0.015384615384615385
2025-01-16 00:00:00+00:00,0.41919838223106964,0.6923076923076923,1.0,0.5384649548367009,0.5547690676434229,0.5667026206145968,0.021286335349994724,19.963900123146203,0.6923076923076923,-0.007842439339320884,0.00023512642857142853,0.0001848201677546367,0.7692307692307693,0.015384615384615385
2025-01-17 00:00:00+00:00,0.4864366622187441,1.0,1.0,0.5424605749374407,0.5236184981014113,0.5726016084332619,0.02191478443248167,19.963900123146203,0.7692307692307693,-0.008084199823646165,0.00023512642857142853,0.0001819060814609817,0.6923076923076923,0.015384615384615385
2025-01-18 00:00:00+00:00,0.565570678419222,1.0,1.0,0.5224923305116738,0.5551416486859944,0.5762364599148504,0.02237844060765559,20.02189608325409,0.7692307692307693,-0.008182669285430877,0.00023512642857142853,0.00017987992873573735,0.6153846153846154,0.015384615384615385
2025-01-19 00:00:00+00:00,0.4419589864270169,1.0,1.0,0.5051284488435549,0.5494075142495762,0.5592886512779384,0.02497911226455136,20.081730750357828,0.6923076923076923,-0.008155823492956682,0.00023408571428571427,0.0001782807595126377,0.6153846153846154,0.015384615384615385
2025-01-20 00:00:00+00:00,0.3643351853255494,0.6923076923076923,0.5384615384615385,0.5149315751625974,0.9023945717416715,0.5707062061756916,0.02645540361379356,20.08398740789771,1.0,-0.00884514727953506,0.00023408571428571424,0.00017474496041447238,0.7692307692307693,0.07692307692307693
2025-01-21 00:00:00+00:00,0.3242942347932066,0.6923076923076923,0.6923076923076923,0.5118150074110897,0.8945402370862654,0.566318238097361,0.026762862773429347,20.194137861742803,1.0,-0.00893474558839119,0.00023408571428571424,0.00018686882509627746,0.6923076923076923,0.09230769230769231
2025-01-22 00:00:00+00:00,0.46183250692325645,0.6923076923076923,0.8461538461538463,0.5134589675209383,0.8665666107710481,0.572367584371384,0.025890288749865892,20.307896327938817,0.5384615384615384,-0.009120083125861211,0.00023408571428571424,0.00018945147216733118,0.6153846153846154,0.10769230769230771
2025-01-23 00:00:00+00:00,0.33069862283997997,0.6923076923076923,0.5384615384615385,0.517674612527663,0.8707805226688683,0.5836200408413046,0.02624987241739063,20.307896327938817,0.23076923076923078,-0.009413608700496234,0.00024525142857142855,0.00016074852969468276,0.6923076923076923,0.10769230769230771
2025-01-24 00:00:00+00:00,0.11168532363327291,0.3846153846153846,0.6923076923076923,0.5098946813422888,0.936660536834225,0.5866751435527409,0.024963031047903494,20.315514205977234,0.46153846153846156,-0.010031003259767135,0.00025290142857142855,0.00015360529718198035,0.6923076923076923,0.10769230769230771
2025-01-25 00:00:00+00:00,0.11887541499153746,0.07692307692307687,0.6923076923076923,0.509666806180456,0.9547824648922207,0.5840525954871545,0.024663200035876503,20.315514205977234,0.23076923076923078,-0.009890407273075996,0.0002603985714285714,0.00013729654972985788,0.6923076923076923,0.046153846153846156
2025-01-26 00:00:00+00:00,0.10556759334611567,0.23076923076923084,0.6923076923076923,0.4861892274061542,0.9209904073777971,0.5843245293602444,0.024452122151051123,20.315514205977234,0.15384615384615385,-0.00914410014910877,0.0002602235714285714,0.0001351722043070043,0.6153846153846154,0.03076923076923077
2025-01-27 00:00:00+00:00,0.013106912969831783,-0.07692307692307687,0.3846153846153846,0.4930378031032006,0.9300574943319108,0.5832416944018473,0.02464102975214075,20.29391840231396,0.07692307692307693,-0.010397677309607722,0.0002590771428571428,0.00012660278353725007,0.7692307692307693,0.015384615384615385
2025-01-28 00:00:00+00:00,0.04693227583369862,0.07692307692307687,0.3846153846153846,0.49154623257229607,0.909253117066907,0.5840099499829056,0.024281198755204507,20.29391840231396,0.8461538461538461,-0.010403493493121807,0.00025329857142857134,0.00011162702937183287,0.7692307692307693,0.015384615384615385
2025-01-29 00:00:00+00:00,0.040013894895467,-0.07692307692307687,0.07692307692307687,0.49391360507656135,0.9376139806965632,0.588431650011409,0.024088289160548042,20.194137861742803,0.15384615384615385,-0.00993383002513204,0.00026284428571428565,0.0001110201075529261,0.8461538461538461,0.0
2025-01-30 00:00:00+00:00,-0.20033597346989704,-0.07692307692307687,0.23076923076923084,0.49753559368494493,0.9384847052374041,0.5913752271650896,0.023851872024392536,20.061534357492626,0.23076923076923078,-0.009537195028091916,0.0002603835714285714,0.00011021778665656079,0.8461538461538461,0.0
2025-01-31 00:00:00+00:00,-0.020931389672246763,0.07692307692307687,0.23076923076923084,0.5051726202763894,0.93878089540681,0.5998261797060919,0.024528228671754214,20.061534357492626,0.07692307692307693,-0.009403862710724298,0.0002572342857142857,0.00010977475098623629,0.6153846153846154,0.0
2025-02-01 00:00:00+00:00,-0.08901171195980886,-0.07692307692307687,0.23076923076923084,0.5046503047064858,0.9485834923485766,0.6197099806592489,0.024033263021842284,20.07414352548022,0.23076923076923078,-0.00949435853562175,0.0002569764285714285,0.00011186409297753759,0.6923076923076923,0.015384615384615385
2025-02-02 00:00:00+00:00,-0.3118089043206262,-0.23076923076923073,-0.07692307692307687,0.5131461748498598,0.9216907266490875,0.6860520613916322,0.024370422750949073,20.07414352548022,0.07692307692307693,-0.010727103674956606,0.0002528364285714285,0.00011527111161311399,0.9230769230769231,0.015384615384615385
2025-02-03 00:00:00+00:00,-0.5826343780108757,-0.3846153846153846,-0.3846153846153846,0.536910014083229,0.8211141536681504,0.7396887299756669,0.02520928813090134,20.07414352548022,1.0,-0.011186832621396914,0.00023667928571428565,0.00012194605939719514,0.9230769230769231,0.09230769230769231
2025-02-04 00:00:00+00:00,-0.4158227783403276,-0.6923076923076923,-0.23076923076923073,0.5422320844335394,0.8613802903260407,0.740586921457704,0.02573468400387508,20.20175573978122,1.0,-0.012379965037132568,0.00020125214285714283,0.0001226365661796198,0.9230769230769231,0.12307692307692308
2025-02-05 00:00:00+00:00,-0.590378318341902,-0.6923076923076923,-0.6923076923076923,0.5607599228645145,0.8625025653185846,0.7443520614968869,0.024932981566565565,20.35819563332086,0.8461538461538461,-0.013194019162705295,0.0001744635714285714,0.00013242604142278498,0.9230769230769231,0.13846153846153847
2025-02-06 00:00:00+00:00,-0.7867477794598927,-0.8461538461538461,-0.6923076923076923,0.5506924202596103,1.009415144832571,0.7456470935030385,0.02457854250619908,20.173924066051377,0.15384615384615385,-0.013149861250223993,0.0001551871428571428,0.00013978994727112406,0.9230769230769231,0.16923076923076924
2025-02-07 00:00:00+00:00,-0.8009274213940978,-0.8461538461538461,-0.6923076923076923,0.5024623306622992,0.9659985694608365,0.74434686240046,0.02444881131261773,20.03370268376279,0.07692307692307693,-0.013165430877525974,0.0001376528571428571,0.000142429233244448,0.9230769230769231,0.18461538461538463
2025-02-08 00:00:00+00:00,-1.0725054014254771,-1.0,-0.6923076923076923,0.5008861276174233,0.9820479088741562,0.7151173908075341,0.021921434472508786,19.978126495222284,0.3076923076923077,-0.012530487516006439,0.00011380571428571423,0.0001471229079255319,0.9230769230769231,0.10769230769230771
2025-02-09 00:00:00+00:00,-1.0652739402043612,-1.0,-0.5384615384615384,0.4922569899191903,0.9820479088741562,0.7179161276810336,0.02076934091883063,19.93325159289538,0.0,-0.011811469329727209,0.00010192142857142852,0.0001457999020605266,0.9230769230769231,0.07692307692307693
2025-02-10 00:00:00+00:00,-1.105522844235033,-1.0,-0.5384615384615384,0.4861556922504862,0.9834643431084944,0.7099855643859356,0.020225450782842457,19.930822199196726,0.07692307692307693,-0.011865244732172653,8.795999999999992e-05,0.00015573010861090185,0.9230769230769231,0.06153846153846154
2025-02-11 00:00:00+00:00,-0.8070900774481261,-0.5384615384615384,-0.3846153846153846,0.48854588815104655,0.9834643431084944,0.7228040639708667,0.020921043754356706,19.930822199196726,0.07692307692307693,-0.011544980774845837,9.387071428571423e-05,0.00015502377750039258,0.9230769230769231,0.015384615384615385
2025-02-12 00:00:00+00:00,-0.8272472601847589,-0.6923076923076923,-0.5384615384615384,0.49201438495187466,0.9258708733355631,0.7167402287420535,0.021155740024985426,19.93273008097072,0.23076923076923078,-0.011254820950766853,8.910785714285708e-05,0.00016387224428536545,0.9230769230769231,0.0
2025-02-13 00:00:00+00:00,-0.9069037967626564,-0.6923076923076923,-0.23076923076923073,0.507145615123031,0.9720371347347402,0.7146532339935524,0.021660169793467764,19.93273008097072,0.23076923076923078,-0.01076220137868411,7.98014285714285e-05,0.00016610608005067143,0.8461538461538461,0.0
2025-02-14 00:00:00+00:00,-0.997173178551044,-0.6923076923076923,-0.6923076923076923,0.5012055433871351,0.9447908317059954,0.7096576765035387,0.02241843635922043,19.978126495222284,0.15384615384615385,-0.010598701216817275,7.156785714285707e-05,0.0001778981640935935,0.8461538461538461,0.015384615384615385
2025-02-15 00:00:00+00:00,-0.9775005637606962,-0.6923076923076923,-0.5384615384615384,0.4618293999853393,0.8062428501099591,0.7110842784587117,0.022946569248622106,20.03370268376279,0.23076923076923078,-0.010701927229964436,6.127357142857137e-05,0.00018990004777471234,0.8461538461538461,0.015384615384615385
2025-02-16 00:00:00+00:00,-0.9818786063925115,-0.6923076923076923,-0.5384615384615384,0.4565860020753307,0.8389459727553946,0.7134041506534687,0.023511311670269527,20.036540130821948,0.07692307692307693,-0.009808849093822958,4.9777857142857086e-05,0.0001920870966948369,0.8461538461538461,0.015384615384615385
2025-02-17 00:00:00+00:00,-1.18904379548924,-0.6923076923076923,-0.5384615384615384,0.42283422379510915,0.7336602056248208,0.6899358819921322,0.02372983808993076,20.036540130821948,0.15384615384615385,-0.009403103439462324,4.933071428571422e-05,0.00019727489286179234,0.8461538461538461,0.015384615384615385
2025-02-18 00:00:00+00:00,-1.173127605186786,-0.6923076923076923,-0.6923076923076923,0.4238396893721243,0.7316280829279523,0.6751468688661562,0.02417992739340904,20.159357153513383,0.23076923076923078,-0.00935908283506831,7.183285714285708e-05,0.00019234313196364038,0.9230769230769231,0.046153846153846156
2025-02-19 00:00:00+00:00,-1.183989416633979,-0.8461538461538461,-0.6923076923076923,0.41550780214752747,0.7777840982130784,0.6733310543491916,0.02505519552068714,20.293906639293855,0.23076923076923078,-0.009569228914710959,8.332714285714279e-05,0.00018629795581080128,0.8461538461538461,0.06153846153846154
2025-02-20 00:00:00+00:00,-0.8401541593738436,-0.6923076923076923,-0.6923076923076923,0.4143591005496103,0.6776076196519152,0.6758113397130715,0.02455154002021571,20.293906639293855,0.15384615384615385,-0.009809447561642759,8.320428571428566e-05,0.00018591171542765028,0.8461538461538461,0.06153846153846154
2025-02-21 00:00:00+00:00,-0.5617655007233817,-0.5384615384615384,-0.3846153846153846,0.40546328083589156,0.6118445293667879,0.6739333188168598,0.024441632640278814,20.293906639293855,0.07692307692307693,-0.009701123478113138,8.760785714285709e-05,0.0001881021744469132,0.8461538461538461,0.06153846153846154
2025-02-22 00:00:00+00:00,-0.7395810431719995,-0.6923076923076923,-0.6923076923076923,0.4057407405053096,0.6307530008913723,0.6726662568031555,0.02428118957942285,20.310828383687323,0.3076923076923077,-0.008568810573662877,0.0001026371428571428,0.00019486848697868742,0.8461538461538461,0.06153846153846154
2025-02-23 00:00:00+00:00,-0.5151102790812261,-0.5384615384615384,-0.6923076923076923,0.4092714249044837,0.7368673099453182,0.6707066484938409,0.023292381330547125,20.28932419966985,0.07692307692307693,-0.007998978270779222,9.531999999999995e-05,0.0002044076333994217,0.8461538461538461,0.046153846153846156
2025-02-24 00:00:00+00:00,-0.3689586009778382,-0.23076923076923073,-0.6923076923076923,0.41152805163748,0.7736683604045774,0.6694376344938261,0.022757200690579592,20.26814634411444,0.0,-0.00736378268206106,9.89171428571428e-05,0.00019926197709518493,0.8461538461538461,0.015384615384615385
2025-02-25 00:00:00+00:00,-0.8354917781063605,-0.6923076923076923,-0.8461538461538461,0.49359857803219376,0.7943659820189148,0.6941343140742451,0.023712406854578698,20.26814634411444,0.38461538461538464,-0.007990510048956456,8.509428571428565e-05,0.00020688870438423417,1.0,0.03076923076923077
2025-02-26 00:00:00+00:00,-1.0851210138112775,-0.8461538461538461,-0.8461538461538461,0.4920260985143931,0.7948997752741082,0.6906428462947953,0.023620639078725646,20.272407085210997,1.0,-0.007836673942747674,7.260785714285708e-05,0.00020102946611344269,1.0,0.046153846153846156
2025-02-27 00:00:00+00:00,-1.3464029416338752,-0.8461538461538461,-0.8461538461538461,0.5242069630329422,0.7319043474298245,0.6796660168288158,0.024556391475619423,20.289328829604464,0.5384615384615384,-0.007868807897173813,6.458571428571423e-05,0.00020936435034575032,0.9230769230769231,0.046153846153846156
2025-02-28 00:00:00+00:00,-1.1818444525947436,-0.6923076923076923,-0.8461538461538461,0.5226227529082903,0.7286470824148742,0.6778149629223705,0.024523719068789893,20.289328829604464,0.38461538461538464,-0.007620432944553168,6.93421428571428e-05,0.0002056348722115463,0.9230769230769231,0.03076923076923077
2025-03-01 00:00:00+00:00,-1.2255713308153025,-0.8461538461538461,-0.8461538461538461,0.5154070305201739,0.7543820743811566,0.6708325092184884,0.02536185466062017,20.30845394005787,0.8461538461538461,-0.007743273685212049,6.287928571428565e-05,0.00019739883619762283,0.9230769230769231,0.03076923076923077
2025-03-02 00:00:00+00:00,-1.2790789549870574,-0.6923076923076923,-0.8461538461538461,0.5030217238637956,0.730634777945141,0.6684677836525525,0.02587402949876875,20.30845394005787,0.0,-0.006915526295029395,7.47121428571428e-05,0.0002035691035464516,0.9230769230769231,0.03076923076923077
2025-03-03 00:00:00+00:00,-0.5970720347142096,-0.3846153846153846,-0.5384615384615384,0.651817781453198,0.991617519389054,0.6771101440405537,0.03126848894801558,20.313036379681876,0.8461538461538461,-0.006965795426546517,7.706285714285707e-05,0.0002002174663032583,0.8461538461538461,0.07692307692307693
2025-03-04 00:00:00+00:00,-0.9805890005595564,-0.6923076923076923,-1.0,0.7643270668812153,0.8378900210584259,0.7112746307058851,0.033218722021055115,20.313036379681876,1.0,-0.007468885606125408,7.990428571428566e-05,0.00019713628091477293,1.0,0.09230769230769231
2025-03-05 00:00:00+00:00,-0.9395788018438016,-0.5384615384615384,-0.8461538461538461,0.7475775558820863,0.9597965618507498,0.7063695049980275,0.033827986697777285,20.313036379681876,0.9230769230769231,-0.007571652059799927,6.54721428571428e-05,0.0001947119928185185,1.0,0.13846153846153847
2025-03-06 00:00:00+00:00,-0.8353504902771002,-0.6923076923076923,-0.8461538461538461,0.7556998826635786,0.9665344210162616,0.6964709096801115,0.03516337921796138,20.31449952123672,0.46153846153846156,-0.007413519428360882,6.289428571428564e-05,0.00019968486757939393,1.0,0.13846153846153847
2025-03-07 00:00:00+00:00,-0.9866744972523187,-0.8461538461538461,-0.8461538461538461,0.7433396096171707,0.9691598165148693,0.6959860925916297,0.0353132105521786,20.30845394005787,0.6153846153846154,-0.007556845874558682,5.886285714285708e-05,0.0002010588157181149,1.0,0.12307692307692308
2025-03-08 00:00:00+00:00,-1.2121048726734176,-1.0,-1.0,0.7482637495764531,0.9696453070943364,0.6931654687017613,0.03572283226666702,20.31449952123672,0.6923076923076923,-0.0072623537163820084,4.847071428571422e-05,0.00020237649015560926,1.0,0.06153846153846154
2025-03-09 00:00:00+00:00,-1.195123582325862,-1.0,-1.0,0.749162230136253,0.9990482336230921,0.6789873239021377,0.035574604658603376,20.30845394005787,0.15384615384615385,-0.007045349989515781,5.690785714285708e-05,0.0001945702144114509,1.0,0.09230769230769231
2025-03-10 00:00:00+00:00,-1.424371991881993,-1.0,-1.0,0.7891820285577851,1.1639198929784504,0.6917539689580197,0.03529875919035185,20.289328829604464,0.23076923076923078,-0.00761009481338909,5.2857857142857084e-05,0.00019765721893120304,1.0,0.046153846153846156
2025-03-11 00:00:00+00:00,-1.699757525548608,-1.0,-1.0,0.8043432890962743,1.1417558181860172,0.69540126129903,0.03484342110126052,20.268150974049053,0.9230769230769231,-0.007464992887781741,4.947428571428565e-05,0.0001964950134824916,1.0,0.046153846153846156
2025-03-12 00:00:00+00:00,-1.3106842438965225,-1.0,-1.0,0.8236866060954887,1.1417558181860172,0.6940327641593216,0.03523962417221316,20.289328829604464,0.9230769230769231,-0.00768529738871776,5.304928571428566e-05,0.00020493300359433552,1.0,0.07692307692307693
2025-03-13 00:00:00+00:00,-1.2445476290682016,-1.0,-1.0,0.8213870539643064,1.1418339377218512,0.6951710211899953,0.03518436163734569,20.289328829604464,0.46153846153846156,-0.007751221971766142,5.2672142857142795e-05,0.00022113358372424324,1.0,0.07692307692307693
2025-03-14 00:00:00+00:00,-1.235726250309808,-1.0,-1.0,0.823085470011715,1.146456180425792,0.6923931371536455,0.035725935610470494,20.291536825599017,0.3076923076923077,-0.007717883824986671,3.988928571428565e-05,0.00022004430843876595,1.0,0.046153846153846156
2025-03-15 00:00:00+00:00,-1.190916449128298,-0.8461538461538461,-1.0,0.8189447960900775,1.1498780591788818,0.6939473822558284,0.0360405571064362,20.291536825599017,0.15384615384615385,-0.007293198894624209,4.1107142857142793e-05,0.0002225986781811088,1.0,0.046153846153846156
2025-03-16 00:00:00+00:00,-1.1647981911699465,-1.0,-1.0,0.8203725459184378,1.0696375504919342,0.6919318171168181,0.03590582424288835,20.291536825599017,0.07692307692307693,-0.007127528549926876,3.139285714285708e-05,0.0002484744022529656,1.0,0.046153846153846156
2025-03-17 00:00:00+00:00,-1.237895251753866,-1.0,-1.0,0.8184424106231776,0.9927971768826284,0.6817856651902198,0.034787579427781525,20.286627800067876,0.0,-0.006631169835331074,2.1389999999999936e-05,0.0002953655652397484,1.0,0.015384615384615385
2025-03-18 00:00:00+00:00,-1.0935997753822406,-1.0,-1.0,0.8241171055925129,0.9692807946529672,0.6868997618325684,0.034361336399619774,20.243392531400968,0.07692307692307693,-0.006289256347538519,1.3851428571428509e-05,0.00031239283657530446,1.0,0.015384615384615385
2025-03-19 00:00:00+00:00,-1.2119612338898242,-0.8461538461538461,-1.0,0.8238990185219363,0.9771297275640468,0.669703847976463,0.034631965411938054,20.222746750123008,0.23076923076923078,-0.006594561806908428,1.9429999999999938e-05,0.0003143961458159315,1.0,0.0
2025-03-20 00:00:00+00:00,-1.2035059428675354,-1.0,-0.8461538461538461,0.8503477120171146,1.1005945534468535,0.6791950814764525,0.03584155267705994,20.243392531400968,0.5384615384615384,-0.006367637001515658,2.7468571428571367e-05,0.00031114547823697105,1.0,0.046153846153846156
2025-03-21 00:00:00+00:00,-1.2345118167649816,-1.0,-1.0,0.8551614197608978,1.1009930247950164,0.6747661967778247,0.03525468402581173,20.222746750123008,0.23076923076923078,-0.006486710078708602,2.807357142857137e-05,0.00031538059763288034,1.0,0.046153846153846156
2025-03-22 00:00:00+00:00,-1.4391737070135835,-1.0,-1.0,0.8520796890212579,1.0586654918230283,0.674782578444716,0.03488695495957439,20.222746750123008,0.07692307692307693,-0.007461227784961999,3.44521428571428e-05,0.00032510676417112143,1.0,0.046153846153846156
2025-03-23 00:00:00+00:00,-1.3511860284340034,-1.0,-1.0,0.8497175807567248,0.8001046465416184,0.6733644182437707,0.028394639481307195,20.214805226900395,0.0,-0.007713905691325795,2.2317857142857085e-05,0.00033698014545556563,1.0,0.046153846153846156
2025-03-24 00:00:00+00:00,-1.1691576254829532,-0.8461538461538461,-1.0,0.8527389154041006,0.8028828326233678,0.6747588173149278,0.02574956701146596,20.14082055477533,0.0,-0.007439349499379688,2.5327142857142795e-05,0.0003471893885415052,1.0,0.06153846153846154
2025-03-25 00:00:00+00:00,-1.122588586589034,-1.0,-1.0,0.8554145170050053,0.8089753516665663,0.6759159938609057,0.024803998771432592,20.050856186639592,0.38461538461538464,-0.007396015954748869,3.918999999999994e-05,0.0003486467105513188,1.0,0.015384615384615385
2025-03-26 00:00:00+00:00,-1.2379114141669205,-1.0,-1.0,0.8537483604812455,0.8008188789244679,0.6755343474573018,0.02287661401390025,20.050856186639592,0.23076923076923078,-0.007678631301628602,4.430357142857137e-05,0.00034572734976435164,1.0,0.015384615384615385
2025-03-27 00:00:00+00:00,-1.2109688370224572,-1.0,-1.0,0.8099492755077964,0.7588041182056673,0.6736313139695465,0.022605971694981335,20.00955844059534,0.15384615384615385,-0.007934120836784686,4.866285714285708e-05,0.0003215495374704184,1.0,0.015384615384615385
2025-03-28 00:00:00+00:00,-1.2706082499027422,-1.0,-1.0,0.8083048240340721,0.7088473206840777,0.6710046117718164,0.021641122446517325,19.9757745290647,0.15384615384615385,-0.008048795436043032,5.013499999999994e-05,0.0003235421863981952,1.0,0.015384615384615385
2025-03-29 00:00:00+00:00,-1.4194037517676628,-1.0,-1.0,0.7972683690057192,0.7031376657961922,0.6748000775322976,0.021862180215275362,20.00955844059534,0.23076923076923078,-0.008631899545354649,3.841857142857137e-05,0.00032486208188581424,1.0,0.0
2025-03-30 00:00:00+00:00,-1.5246215379087775,-1.0,-1.0,0.8022732437096171,0.7531851846274684,0.6747181195300324,0.02158699446910266,20.00955844059534,0.07692307692307693,-0.008552707389389014,2.3292857142857085e-05,0.00030667851974462614,1.0,0.0
2025-03-31 00:00:00+00:00,-1.4669815840713512,-1.0,-1.0,0.800916163067354,0.748320968938571,0.6716364964700791,0.021750982245769903,19.9757745290647,0.15384615384615385,-0.008248370817956374,1.579642857142851e-05,0.0002751228452618472,1.0,0.0
2025-04-01 00:00:00+00:00,-1.4095562529362655,-1.0,-1.0,0.8008409430920385,0.7603964415530685,0.6679116517232982,0.021420011760632462,19.9757745290647,0.23076923076923078,-0.00806749494283332,1.874999999999941e-06,0.00025985445650917276,1.0,0.0
2025-04-02 00:00:00+00:00,-1.1832552945188728,-1.0,-0.8461538461538461,0.7070601137715145,0.8627168643881276,0.6694163200200423,0.02183336620416024,19.960460957430143,0.23076923076923078,-0.007756934155237816,2.7335714285713704e-06,0.000273757622464641,1.0,0.0
2025-04-03 00:00:00+00:00,-1.4025748783456802,-0.8461538461538461,-0.8461538461538461,0.5857492849442864,0.6331610413524029,0.6530435867799692,0.023402028138847373,19.960460957430143,0.9230769230769231,-0.007676932587510177,-3.572857142857202e-06,0.00029613091102529516,1.0,0.0
2025-04-04 00:00:00+00:00,-1.464655685548964,-0.8461538461538461,-0.8461538461538461,0.5854889171218155,0.6402449074770438,0.6361930998316605,0.02320528716966118,19.960460957430143,0.38461538461538464,-0.007689347084870124,-7.926428571428632e-06,0.0003012041087964202,1.0,0.0
2025-04-05 00:00:00+00:00,-1.4390703776665934,-1.0,-0.8461538461538461,0.5698170822137315,0.6598398414090908,0.6350217053098196,0.024157894860019992,19.971757033746346,0.5384615384615384,-0.007630579795095183,-1.4030714285714346e-05,0.00028769616239950204,1.0,0.015384615384615385
2025-04-06 00:00:00+00:00,-1.3313332836109062,-0.8461538461538461,-0.8461538461538461,0.5691287054890877,0.6761253116155332,0.627287366810909,0.023931700552040927,19.960460957430143,0.07692307692307693,-0.007304917165027736,4.443571428571369e-06,0.0002764559103497591,1.0,0.015384615384615385
2025-04-07 00:00:00+00:00,-1.427646710398718,-0.6923076923076923,-0.8461538461538461,0.6505728944034045,0.6427724699046751,0.648237035727749,0.02522990069818446,19.97140619823586,0.6153846153846154,-0.008308450096217501,1.6564285714285124e-06,0.00025993993021903764,0.9230769230769231,0.046153846153846156
2025-04-08 00:00:00+00:00,-1.5187742407342772,-0.8461538461538461,-0.8461538461538461,0.6475119950794842,0.6849407005347098,0.64996449509104,0.0239851906082279,19.98671976987042,1.0,-0.007786570706480256,-6.0664285714286305e-06,0.00025791141987038915,1.0,0.06153846153846154
2025-04-09 00:00:00+00:00,-1.519165216804033,-0.6923076923076923,-1.0,0.6133200525634771,0.6849407005347098,0.6486030745797104,0.02388167604813905,19.97140619823586,0.7692307692307693,-0.008108476176622914,-1.5237857142857202e-05,0.0002613067967446226,0.9230769230769231,0.07692307692307693
2025-04-10 00:00:00+00:00,-1.098571983371169,-0.5384615384615384,-0.6923076923076923,0.6970284576148332,0.7153003462327022,0.6665851956898386,0.024484207989321084,19.97140619823586,0.9230769230769231,-0.0075038857058650765,-1.692714285714292e-05,0.0002605823654465564,0.9230769230769231,0.06153846153846154
2025-04-11 00:00:00+00:00,-1.227543729976807,-0.5384615384615384,-1.0,0.7133222283906121,0.6945692140640863,0.6675376280985023,0.02533108333135404,19.98671976987042,0.46153846153846156,-0.007116260458651269,-1.1517857142857203e-05,0.0002549008347680452,0.9230769230769231,0.07692307692307693
2025-04-12 00:00:00+00:00,-1.0550856662621515,-0.5384615384615384,-0.8461538461538461,0.7283878436829094,0.737001591164596,0.6700429026408652,0.025920579507927442,19.98671976987042,0.3076923076923077,-0.006554138313195623,-4.675000000000061e-06,0.00024937995939496325,0.9230769230769231,0.06153846153846154
2025-04-13 00:00:00+00:00,-0.9405218552173593,-0.5384615384615384,-0.6923076923076923,0.7352311815229615,0.6849348342211724,0.677024387852779,0.02675054740353172,19.98671976987042,0.3076923076923077,-0.0057423668584943854,1.4067142857142797e-05,0.0002482648043299874,0.9230769230769231,0.046153846153846156
2025-04-14 00:00:00+00:00,-1.010293491133197,-0.5384615384615384,-0.8461538461538461,0.7303759652668598,0.6751239335484742,0.6746971242394393,0.027801586689061998,19.97140619823586,0.46153846153846156,-0.005948786057387412,3.713357142857136e-05,0.0002310444368864805,0.9230769230769231,0.046153846153846156
2025-04-15 00:00:00+00:00,-1.0044442482958031,-0.8461538461538461,-0.8461538461538461,0.7314097512774674,0.7016565318986291,0.6771518963970602,0.02804230978096654,19.95089694439291,0.38461538461538464,-0.005866251501959241,4.814499999999994e-05,0.00023754403035344495,0.9230769230769231,0.07692307692307693
2025-04-16 00:00:00+00:00,-0.9947094238621161,-0.8461538461538461,-0.8461538461538461,0.7292598371395853,0.7642368138159268,0.6795496414055698,0.027541328121594495,19.95089694439291,0.23076923076923078,-0.005899285159162271,3.9491428571428514e-05,0.000220840647122294,0.9230769230769231,0.06153846153846154
2025-04-17 00:00:00+00:00,-1.1235163971916136,-0.8461538461538461,-0.8461538461538461,0.7251470593153809,0.7669120346341813,0.6828015494501428,0.027380754354303666,19.95089694439291,0.38461538461538464,-0.005539914095364806,3.485642857142851e-05,0.0002006918180489517,0.9230769230769231,0.046153846153846156
2025-04-18 00:00:00+00:00,-1.0421360764877827,-0.8461538461538461,-0.8461538461538461,0.726017130007719,0.7689342438749064,0.6853836051574239,0.02698189875997148,19.927367351995102,0.23076923076923078,-0.004600507944564902,4.184428571428565e-05,0.00018864689129555672,0.9230769230769231,0.046153846153846156
2025-04-19 00:00:00+00:00,-1.0925684928039399,-0.8461538461538461,-0.8461538461538461,0.6946747741887787,0.766791324393912,0.686239755802219,0.026764205094179604,19.793589482061485,0.07692307692307693,-0.0038068645776817567,4.4987857142857086e-05,0.00018753548171844157,0.9230769230769231,0.03076923076923077
2025-04-20 00:00:00+00:00,-1.0367991141873611,-0.6923076923076923,-0.8461538461538461,0.6890201492810784,0.8111497524046731,0.6896885970023042,0.026298725301880883,19.77169223392017,0.0,-0.003399395321089016,4.095071428571423e-05,0.00019912203082864447,0.9230769230769231,0.0
2025-04-21 00:00:00+00:00,-1.0180589357552554,-0.5384615384615384,-0.6923076923076923,0.6891470106440503,0.695855473415838,0.6887391234154383,0.026121539321761544,19.5627284115465,0.07692307692307693,-0.0038895314821960625,4.589357142857137e-05,0.00020492498822359534,0.9230769230769231,0.0
2025-04-22 00:00:00+00:00,-1.027160776178653,-0.6923076923076923,-0.8461538461538461,0.6907084432297655,0.6916761365092996,0.6877975585069551,0.02576160218886562,19.5627284115465,0.38461538461538464,-0.004041046398880532,6.054999999999994e-05,0.00020454141668373185,0.9230769230769231,0.015384615384615385
2025-04-23 00:00:00+00:00,-0.6798667393010841,-0.5384615384615384,-0.3846153846153846,0.7540068185371063,0.9852962908305795,0.6908142769133742,0.02419722058011443,19.5627284115465,0.7692307692307693,-0.003305898059508372,6.300357142857138e-05,0.00020297717755760064,0.9230769230769231,0.046153846153846156
2025-04-24 00:00:00+00:00,-0.6829927840822211,-0.5384615384615384,-0.3846153846153846,0.7490407138387414,0.922095214958783,0.6894504608392097,0.024318506342556532,19.5627284115465,0.7692307692307693,-0.003282619602953951,7.687214285714279e-05,0.00020483270968438069,0.9230769230769231,0.046153846153846156
2025-04-25 00:00:00+00:00,-0.7400582181764711,-0.6923076923076923,-0.3846153846153846,0.7491245296930417,0.9224317581281837,0.6904365704418763,0.02341741379348617,19.5627284115465,0.5384615384615384,-0.003659294834177984,8.594499999999994e-05,0.00020352100455211443,0.9230769230769231,0.046153846153846156
2025-04-26 00:00:00+00:00,-0.6404611914669883,-0.5384615384615384,-0.3846153846153846,0.7476712379553397,0.8493739763656033,0.6696837852280133,0.023611603372045622,19.61395595377393,0.5384615384615384,-0.0036264842235002037,9.785714285714279e-05,0.00020459645068578825,0.8461538461538461,0.046153846153846156
2025-04-27 00:00:00+00:00,-0.6745029777670146,-0.5384615384615384,-0.3846153846153846,0.7485708520336328,0.8557447318409475,0.6712800437722533,0.02264927400187725,19.5627284115465,0.15384615384615385,-0.0030484272397967027,9.248071428571423e-05,0.0001946137740863037,0.8461538461538461,0.046153846153846156
2025-04-28 00:00:00+00:00,-0.7412777102861734,-0.6923076923076923,-0.3846153846153846,0.7335707393297751,0.9261732237809377,0.6810864372579056,0.02231217586502004,19.474635366025915,0.0,-0.003752298054987946,8.411214285714279e-05,0.00021240152095952734,0.9230769230769231,0.015384615384615385
2025-04-29 00:00:00+00:00,-0.47221284439371725,0.07692307692307687,-0.3846153846153846,0.7260681315132308,0.869246707218753,0.6819680339223507,0.021367057738298854,19.447945291758117,0.6153846153846154,-0.0038026614462119968,8.346785714285709e-05,0.00021438164239621308,0.8461538461538461,0.015384615384615385
2025-04-30 00:00:00+00:00,-0.4260117230348463,-0.07692307692307687,-0.3846153846153846,0.7257437364874694,0.8758397738159125,0.6884079765518019,0.020038792727232954,19.447945291758117,0.15384615384615385,-0.004084539191333725,0.00010291071428571422,0.00021353388871101926,0.9230769230769231,0.015384615384615385
2025-05-01 00:00:00+00:00,-0.24814590349453927,-0.07692307692307687,-0.3846153846153846,0.7257731432832174,0.850785391182921,0.6908244012853856,0.019047515815392706,19.447945291758117,0.07692307692307693,-0.004824375457074148,9.669999999999994e-05,0.0002089226183738034,0.8461538461538461,0.015384615384615385
2025-05-02 00:00:00+00:00,-0.1575883048913137,0.07692307692307687,-0.3846153846153846,0.71893321445063,0.8508389132153048,0.6900897344399836,0.01907933659022448,19.416348161784803,0.15384615384615385,-0.004898453887116738,9.915071428571423e-05,0.00021781641741535843,0.8461538461538461,0.0
2025-05-03 00:00:00+00:00,-0.09048342527520946,0.07692307692307687,-0.3846153846153846,0.6986526959316478,0.7776815115030665,0.6450794010730845,0.018376525716830055,19.404217204222544,0.15384615384615385,-0.005634691870494257,9.083785714285708e-05,0.00022196175707344293,0.7692307692307693,0.0
2025-05-04 00:00:00+00:00,-0.133301490020692,-0.07692307692307687,-0.3846153846153846,0.6991252606247049,0.8367177185096816,0.6542764318970643,0.01720226493990019,19.404217204222544,0.15384615384615385,-0.005955400881807793,8.549999999999995e-05,0.00021931044580671428,0.7692307692307693,0.0
2025-05-05 00:00:00+00:00,-0.5734247914029228,-0.3846153846153846,-0.3846153846153846,0.7017690619739378,0.8367177185096815,0.6628851733313026,0.016846444017609038,19.404217204222544,0.07692307692307693,-0.006584468208629346,7.490071428571424e-05,0.00023588140766059141,0.7692307692307693,0.0
2025-05-06 00:00:00+00:00,-0.1379669354525887,-0.07692307692307687,-0.3846153846153846,0.7014262416355722,0.8367177185096815,0.6661814790657405,0.016926432759993858,19.429503304277176,0.07692307692307693,-0.006108201383232259,6.108357142857137e-05,0.0002499037511753784,0.8461538461538461,0.0
2025-05-07 00:00:00+00:00,-0.14235599319410258,-0.07692307692307687,-0.3846153846153846,0.600704414694032,0.7902760731294912,0.6676635122072817,0.017744211700940614,19.461100434250486,0.23076923076923078,-0.006172280910037464,5.821928571428566e-05,0.0002581039117008403,0.7692307692307693,0.015384615384615385
2025-05-08 00:00:00+00:00,-0.27998812782479027,-0.23076923076923073,-0.3846153846153846,0.6001275147556668,0.7367647109463384,0.6649345532625284,0.019474455123067523,19.494416200746613,0.38461538461538464,-0.006186853583484642,5.0114285714285654e-05,0.00026547021437073223,0.6923076923076923,0.015384615384615385
2025-05-09 00:00:00+00:00,0.24294873082597715,0.23076923076923084,0.6923076923076923,0.7136889681749246,0.9400759497026329,0.654007152476988,0.021263410109726932,19.562966081257237,1.0,-0.0050864575905228415,4.876999999999994e-05,0.00026705160416517847,0.6153846153846154,0.10769230769230771
2025-05-10 00:00:00+00:00,0.45316468303704643,0.5384615384615385,1.0,0.6388523128859049,0.9678840597465189,0.6367134273008707,0.021882966438551157,19.61684347058908,1.0,-0.005772252277892409,5.7528571428571374e-05,0.0002660849667071296,0.5384615384615384,0.15384615384615385
2025-05-11 00:00:00+00:00,0.6022457524972631,1.0,1.0,0.6012111516976913,0.9935009304904059,0.6354868284698422,0.023733223594606542,19.64365269267688,0.9230769230769231,-0.005377598474683498,7.384642857142852e-05,0.0002612003395165813,0.38461538461538464,0.2
2025-05-12 00:00:00+00:00,0.8346611004575814,1.0,1.0,0.6035124207656333,1.0838476594547184,0.6402301498493684,0.02379691713892648,19.64365269267688,0.7692307692307693,-0.006432557957878615,8.692785714285709e-05,0.0002493283043695632,0.5384615384615384,0.21538461538461542
2025-05-13 00:00:00+00:00,1.0054983381285563,1.0,1.0,0.6019565189356962,1.0710825762245586,0.639256211480603,0.02385781267815646,19.64365269267688,1.0,-0.0074040701775546225,0.00010747928571428565,0.00024459450582291404,0.5384615384615384,0.21538461538461542
2025-05-14 00:00:00+00:00,1.0055179444892577,1.0,1.0,0.5994972592018722,1.0921217637980754,0.6387978772495716,0.02396607699552251,19.64365269267688,0.9230769230769231,-0.007916181462125305,0.0001157671428571428,0.00024780363344217827,0.38461538461538464,0.18461538461538463
2025-05-15 00:00:00+00:00,0.943030478383538,1.0,1.0,0.6076406962841501,1.1148322444936287,0.6433016190876829,0.024529801994771054,19.67070454060689,0.7692307692307693,-0.008297397549337338,0.00014263785714285708,0.0002506987693980466,0.5384615384615384,0.15384615384615385
2025-05-16 00:00:00+00:00,1.0070651692039574,1.0,1.0,0.604567253183676,1.224673182466632,0.6367019423163978,0.02487368499445459,19.67269004726555,1.0,-0.008691464487186384,0.00013964785714285708,0.00025423495420117813,0.5384615384615384,0.15384615384615388
2025-05-17 00:00:00+00:00,0.8894794110447155,1.0,1.0,0.6052936948320571,1.230931944010972,0.6350430826101052,0.024926067317795612,19.676806256904886,0.46153846153846156,-0.008657874498629592,0.0001566357142857142,0.00025782815165750625,0.6923076923076923,0.12307692307692308
2025-05-18 00:00:00+00:00,0.8058224147342258,0.6923076923076923,0.8461538461538463,0.6115972496493897,1.1226147011606156,0.6484075501118927,0.024704405584463095,19.676806256904886,0.3076923076923077,-0.008901163741220741,0.00015921928571428567,0.00025602000015242465,0.6153846153846154,0.12307692307692308
2025-05-19 00:00:00+00:00,0.9686378082380077,1.0,1.0,0.6109454032227483,1.1968881289363225,0.6596311578825942,0.02495123840187581,19.697767081292277,0.6923076923076923,-0.009444220292649241,0.0001699021428571428,0.00023956778368930092,0.46153846153846156,0.07692307692307693
2025-05-20 00:00:00+00:00,0.9081156739380438,1.0,1.0,0.6118599074248835,1.2802996724466236,0.6638666034005217,0.025401949217674646,19.697767081292277,0.6153846153846154,-0.010014745409135273,0.0001706271428571428,0.0002270449394876388,0.6153846153846154,0.09230769230769231
2025-05-21 00:00:00+00:00,0.9510522278268726,1.0,0.8461538461538463,0.6085767547795383,1.292054298775972,0.6637597958336056,0.02551144141382572,19.73052341641015,0.5384615384615384,-0.009517914403492866,0.00018173928571428563,0.0002123425143378484,0.6153846153846154,0.06153846153846154
2025-05-22 00:00:00+00:00,0.8291997427680288,0.8461538461538463,1.0,0.6090371672522459,1.292054298775972,0.6618586425842518,0.025589464027181884,19.790121002608963,0.9230769230769231,-0.010154647790531157,0.0001887821428571428,0.00020325179483505888,0.38461538461538464,0.06153846153846154
2025-05-23 00:00:00+00:00,1.0718877776308862,0.8333333333333333,1.0,0.5523005924048411,1.0522071954072194,0.6687650191744248,0.025578476799473754,19.837657929806863,0.8333333333333334,-0.010166207549110073,0.00019358142857142852,0.00020085647110030323,0.25,0.06153846153846154
2025-05-24 00:00:00+00:00,0.902593580682605,0.8333333333333333,0.6666666666666667,0.5864358240158907,1.0179142500159086,0.6780024013011801,0.025763640338120435,19.894929800144844,1.0,-0.010433814606628566,0.0001901499999999999,0.0001971129512813786,0.5833333333333334,0.0794871794871795
2025-05-25 00:00:00+00:00,0.9043461154408989,0.8333333333333333,1.0,0.5847242139863824,0.9616339386079676,0.6785943681215846,0.02562762327702713,19.894929800144844,0.0,-0.010398288858443017,0.0001752921428571428,0.00019838699684187952,0.5,0.04871794871794872
2025-05-26 00:00:00+00:00,0.8702778160007172,0.8333333333333333,1.0,0.5847488304189918,0.8636384879665523,0.6824255284745034,0.025252078677720786,19.894929800144844,0.0,-0.01076348818124695,0.00015750928571428566,0.0001911244959025952,0.5,0.03333333333333333
2025-05-27 00:00:00+00:00,0.7918924258885152,0.6666666666666667,1.0,0.5848729992481002,0.8688806627786101,0.6855385419936934,0.02416445323247126,19.894929800144844,0.0,-0.010885062368393872,0.00014526142857142853,0.00018116260360316085,0.4166666666666667,0.03333333333333333
2025-05-28 00:00:00+00:00,0.8667065912080067,0.6666666666666667,1.0,0.5805155881005855,0.8213104639480453,0.6780936090923628,0.02235216104074564,19.894929800144844,0.4166666666666667,-0.011368545677504893,0.0001404678571428571,0.0001756177414761906,0.3333333333333333,0.05
2025-05-29 00:00:00+00:00,0.9248423208895131,0.6666666666666667,0.8333333333333333,0.581698697004633,0.8690432186776895,0.6734000355581168,0.02067843040045259,19.83920248170711,0.16666666666666666,-0.01311096911105808,0.00013096785714285708,0.0001752052920476537,0.4166666666666667,0.016666666666666666
2025-05-30 00:00:00+00:00,0.8481476489946974,0.33333333333333326,0.6666666666666667,0.5883313759943537,0.7277828833037701,0.6758002675045414,0.01994339010801733,19.83920248170711,0.5833333333333334,-0.01334056310735604,0.0001342707142857142,0.00016382841240038137,0.5,0.03333333333333333
2025-05-31 00:00:00+00:00,0.9173737131247078,0.16666666666666674,0.16666666666666674,0.6003305427214571,0.8909406274031353,0.6849485653855549,0.018703684943303926,19.83920248170711,1.0,-0.014485520877225877,0.00012274357142857137,0.00015614991974652968,0.6666666666666666,0.1
2025-06-01 00:00:00+00:00,1.0414561404987726,1.0,0.16666666666666674,0.5974199279665614,0.8910791506632527,0.6836279886311623,0.018268210002798355,19.791665554509215,0.25,-0.013880254389976088,0.00011574642857142851,0.00015114051917619695,0.5833333333333334,0.09999999999999999
2025-06-02 00:00:00+00:00,1.0952899370681453,1.0,0.16666666666666674,0.5972907075483389,0.8938776277700021,0.6920943143503182,0.017385221592365552,19.73052341641015,0.0,-0.01360476063033439,0.00010894214285714278,0.00014939572640062506,0.5833333333333334,0.08333333333333333
2025-06-03 00:00:00+00:00,1.1295689582359758,1.0,0.16666666666666674,0.5955194051005231,0.7848599938893304,0.6920638957063683,0.0167042887860705,19.69396814893647,0.08333333333333333,-0.012914828184309612,0.00012038642857142852,0.0001389460388200959,0.5833333333333334,0.08333333333333333
2025-06-04 00:00:00+00:00,0.9774226634915978,0.8333333333333333,0.16666666666666674,0.5917528316538254,0.8020966129248772,0.6958228976238402,0.01575468964784251,19.673007324549076,0.16666666666666666,-0.012341329144814062,0.00012422857142857136,0.00013398980392504087,0.5833333333333334,0.06666666666666665
2025-06-05 00:00:00+00:00,1.1669824980249417,1.0,0.16666666666666674,0.5924302486584231,0.8124124648889182,0.694217965821509,0.015302836432832433,19.654815893899595,0.08333333333333333,-0.012267452882289753,0.00012083785714285708,0.00013104237302330387,0.5833333333333334,0.0
2025-06-06 00:00:00+00:00,0.8987682666537775,0.5,-0.16666666666666663,0.6301666281161483,0.8758388744393937,0.6625367306688996,0.015723051234333228,19.658496620389922,0.8333333333333334,-0.013158471679275752,0.00010519571428571422,0.00013443780305315194,0.6666666666666666,0.016666666666666666
2025-06-07 00:00:00+00:00,0.9786940078550314,0.6666666666666667,0.0,0.6338422123970103,0.8129426404343683,0.663870707648312,0.016015718462252963,19.692392266404106,0.3333333333333333,-0.012420805684321745,7.345071428571422e-05,0.00014280073015791625,0.6666666666666666,0.016666666666666666
2025-06-08 00:00:00+00:00,1.0554740843733965,1.0,0.0,0.45224413615735437,0.8098424856866768,0.6615846622131901,0.015440032076792518,19.658496620389922,0.0,-0.011535185306672857,7.898857142857137e-05,0.00014498632453991588,0.5833333333333334,0.016666666666666666
2025-06-09 00:00:00+00:00,1.5305907634801401,1.0,0.16666666666666674,0.44238943775818357,0.8079747543253214,0.6275531101110634,0.015268486350052846,19.658496620389922,0.0,-0.01100121771361462,8.46821428571428e-05,0.00014757277161877926,0.5833333333333334,0.016666666666666666
2025-06-10 00:00:00+00:00,1.7337938521526048,1.0,0.5,0.43752993998912176,0.8330828571125669,0.6210694010913956,0.015289612503969433,19.625023510355042,0.5833333333333334,-0.009914971014651885,8.631999999999995e-05,0.00014775073898735984,0.5833333333333334,0.016666666666666666
2025-06-11 00:00:00+00:00,2.048607861706028,1.0,1.0,0.43976615353363985,0.8252279995816045,0.6179968845696729,0.015172788241663002,19.625023510355042,0.8333333333333334,-0.009401377687184964,9.142499999999995e-05,0.00014730147296767386,0.5833333333333334,0.016666666666666666
2025-06-12 00:00:00+00:00,1.6977776509095464,1.0,0.6666666666666667,0.44214157659189723,0.7800018286428865,0.6618535941196076,0.014706156088354938,19.625023510355042,0.75,-0.009726300745361016,0.00010514499999999994,0.00014168776607408764,0.5833333333333334,0.03333333333333333
2025-06-13 00:00:00+00:00,1.872333148720117,1.0,0.0,0.4402243106077015,0.7569318201477191,0.6773473133152349,0.014635487135879754,19.625023510355042,0.75,-0.009671298843717646,0.00010130285714285708,0.00014748409347823595,0.5833333333333334,0.03333333333333333
2025-06-14 00:00:00+00:00,1.6696337700675867,1.0,0.0,0.43791252949639486,0.7223964560503797,0.6753158728944553,0.015428801611977488,19.658496620389922,1.0,-0.00964847901992616,9.46328571428571e-05,0.0001475420765289208,0.5833333333333334,0.03333333333333333
2025-06-15 00:00:00+00:00,1.4617773314154732,0.5,-0.16666666666666663,0.4386062796300527,0.7435271153227416,0.6729464265455919,0.01571063419612488,19.658496620389922,0.08333333333333333,-0.009796915022287966,0.0001045721428571428,0.0001464946777500805,0.6666666666666666,0.03333333333333333
2025-06-16 00:00:00+00:00,1.6008868975808068,0.8333333333333333,0.0,0.4385758542763675,0.74012903753683,0.6719466358942123,0.01642092736867659,19.658496620389922,0.16666666666666666,-0.009411150596067341,0.00011000571428571424,0.00014358902246665086,0.5833333333333334,0.016666666666666666
2025-06-17 00:00:00+00:00,1.5651609266589677,0.8333333333333333,0.16666666666666674,0.4357665116726109,0.7142476018812527,0.6706600914301087,0.016476196042134798,19.658496620389922,0.6666666666666666,-0.009078908461662316,0.00011031285714285708,0.00014193364838226813,0.5833333333333334,0.0
2025-06-18 00:00:00+00:00,1.5606703516316314,1.0,0.0,0.434506175829791,0.7814107247475597,0.675318046515061,0.016386683343182707,19.674200835754625,0.8333333333333334,-0.008625983322654018,0.00010742499999999994,0.0001418824120576902,0.6666666666666666,0.0
2025-06-19 00:00:00+00:00,1.5878823215910804,0.8333333333333333,0.0,0.4347563036379395,0.7593130902903776,0.6769522668591178,0.01614108577539765,19.635574123661733,0.3333333333333333,-0.008341593135313796,0.0001005014285714285,0.00014668009063460347,0.6666666666666666,0.0
2025-06-20 00:00:00+00:00,1.5449251949419345,0.6666666666666667,0.0,0.43435417902624035,0.6876051309690847,0.6744784660994564,0.015980574720150204,19.629576827467925,0.16666666666666666,-0.007054960429061896,0.0001057278571428571,0.00014416580133740875,0.6666666666666666,0.0
2025-06-21 00:00:00+00:00,1.3965321996475273,0.5,-0.16666666666666663,0.4407144475057618,0.698443333371191,0.6811836830891029,0.016180121180161773,19.629576827467925,0.5833333333333334,-0.00743535765850778,0.0001290671428571428,0.00013527856054475424,0.6666666666666666,0.0
2025-06-22 00:00:00+00:00,1.1989074599600449,0.0,-0.16666666666666663,0.43399930550654847,0.7018399228539889,0.6717370538680315,0.016298091111674677,19.629576827467925,0.25,-0.008231274414331136,0.00011853428571428566,0.00013364548342671158,0.6666666666666666,0.0
2025-06-23 00:00:00+00:00,1.1334772702085745,0.0,-0.33333333333333337,0.41071058547112327,0.7099244058062876,0.6808518259702769,0.016424160985151284,19.66946976967592,1.0,-0.00862063294212645,0.00011470785714285708,0.00013465002093112488,0.8333333333333334,0.03333333333333333
2025-06-24 00:00:00+00:00,1.3151187155731703,0.5,-0.16666666666666663,0.46750465413372966,0.7143782091926805,0.6992034732370305,0.017223017674604966,19.739723278000262,1.0,-0.007951610140814136,0.00010524142857142851,0.00014306739987009494,0.6666666666666666,0.03333333333333333
2025-06-25 00:00:00+00:00,1.060943012435097,0.0,-0.16666666666666663,0.467909581291952,0.6318522753232851,0.7003456119858418,0.017205210403808062,19.739723278000262,0.4166666666666667,-0.007496565444374048,9.040928571428564e-05,0.00015671112662512263,0.6666666666666666,0.03333333333333333
2025-06-26 00:00:00+00:00,1.0035316722092458,0.0,-0.16666666666666663,0.46749448914148756,0.6576267997218948,0.7021403607107083,0.01693397025883398,19.710832162921967,0.16666666666666666,-0.006700669384702818,7.802428571428566e-05,0.00016427743109248379,0.6666666666666666,0.05
2025-06-27 00:00:00+00:00,1.0194656626545882,-0.16666666666666663,-0.16666666666666663,0.4631270683078274,0.694015269525122,0.7041298350592712,0.016770266082250244,19.68878705590911,0.16666666666666666,-0.007062939912764521,7.60471428571428e-05,0.00015477549819760105,0.6666666666666666,0.06666666666666667
2025-06-28 00:00:00+00:00,0.9932306913979934,-0.16666666666666663,-0.16666666666666663,0.463328784020619,0.6421973202310319,0.7050364391004696,0.016692166225441712,19.68878705590911,0.08333333333333333,-0.0075308608639191865,8.329642857142852e-05,0.00015154850586608475,0.6666666666666666,0.03333333333333333
2025-06-29 00:00:00+00:00,0.964669541277717,0.0,0.0,0.45913482555254925,0.6378183553906704,0.7008744561309145,0.01691532478547483,19.68878705590911,0.08333333333333333,-0.006934364095204704,8.668857142857138e-05,0.00014948573600592633,0.6666666666666666,0.03333333333333333
2025-06-30 00:00:00+00:00,1.1086692345624591,0.16666666666666674,0.16666666666666674,0.45382031784529797,0.6127081580768112,0.7032595557033137,0.016667894712999277,19.68878705590911,0.08333333333333333,-0.0071310609080678655,9.114142857142852e-05,0.00014888677205619505,0.6666666666666666,0.03333333333333333
2025-07-01 00:00:00+00:00,1.0242645227054656,0.16666666666666674,0.16666666666666674,0.4548778185079358,0.6382962615483412,0.7055437286473967,0.016472887741135672,19.68878705590911,0.4166666666666667,-0.0075313966409334965,8.982928571428567e-05,0.00015062509713547768,0.6666666666666666,0.03333333333333333
2025-07-02 00:00:00+00:00,0.9320826699622512,0.0,-0.16666666666666663,0.46133128358969655,0.6207233290753345,0.7105647982650082,0.016782832615280532,19.68878705590911,0.16666666666666666,-0.007901156134155207,8.410428571428565e-05,0.00015242066454334454,0.6666666666666666,0.03333333333333333
2025-07-03 00:00:00+00:00,1.1362466749826943,0.33333333333333326,0.33333333333333326,0.48948047039479653,0.6193306288309941,0.71566821963444,0.016930846483169535,19.67386261399045,0.75,-0.006414527350017185,8.210785714285709e-05,0.00015242612514164053,0.5833333333333334,0.03333333333333333
2025-07-04 00:00:00+00:00,1.064748328765632,0.33333333333333326,0.33333333333333326,0.48972623840388396,0.6191229238856599,0.7136438900678519,0.016361280086940697,19.67386261399045,0.6666666666666666,-0.005304418577390613,9.252357142857137e-05,0.00016241713062657687,0.5833333333333334,0.03333333333333333
2025-07-05 00:00:00+00:00,0.9357021835934617,0.0,0.0,0.4970670130948298,0.6642259893772813,0.7201756081673361,0.01648144935939256,19.67386261399045,0.3333333333333333,-0.005635366748621806,9.283357142857137e-05,0.00016775925060612674,0.6666666666666666,0.03333333333333333
2025-07-06 00:00:00+00:00,0.9834787685630605,0.33333333333333326,0.16666666666666674,0.45741172998099033,0.6227528011868809,0.7293072235781007,0.01554260671849791,19.67386261399045,0.0,-0.0066486361459353605,9.040785714285707e-05,0.00017431419125114286,0.6666666666666666,0.016666666666666666
2025-07-07 00:00:00+00:00,1.1217821337972935,0.5,0.33333333333333326,0.45150009307816574,0.6085422419245305,0.730815207099449,0.01548346186648332,19.647424662663056,0.16666666666666666,-0.006005531278129694,9.85071428571428e-05,0.00018030229647176144,0.5833333333333334,0.0
2025-07-08 00:00:00+00:00,1.0503842014117002,0.33333333333333326,0.16666666666666674,0.45009599398494976,0.5976922457099234,0.6969805617119286,0.015275473881752244,19.629576827467925,0.25,-0.006152749409807701,0.0001123871428571428,0.00017285518792930693,0.5833333333333334,0.0
2025-07-09 00:00:00+00:00,1.0806115947508064,0.33333333333333326,0.33333333333333326,0.45366795135644367,0.5999611562484543,0.7089967132653358,0.01531028242792479,19.57880972542971,0.0,-0.005697113934428066,0.00011637928571428566,0.00016085645360868235,0.5833333333333334,0.0
2025-07-10 00:00:00+00:00,1.2441919123092744,0.6666666666666667,0.5,0.4344220885331125,0.5713194725474207,0.717181308759455,0.014965061536239277,19.59665756062484,0.8333333333333334,-0.005136223291313691,0.00012667999999999995,0.00015891233875868965,0.5,0.016666666666666666
2025-07-11 00:00:00+00:00,1.0562524382768388,0.0,0.8333333333333333,0.46422598492442096,0.5014954580478157,0.7208192909049662,0.015346141027372088,19.59665756062484,0.9166666666666666,-0.003880886415919993,0.00014252857142857137,0.00016297356943919134,0.4166666666666667,0.016666666666666666
2025-07-12 00:00:00+00:00,0.9541400337709487,0.0,0.8333333333333333,0.4604252204299024,0.5274266416270748,0.7257738548513373,0.015793171400565336,19.67386261399045,1.0,-0.0032060501311619305,0.00016289999999999992,0.00015897152026913305,0.5,0.016666666666666666
2025-07-13 00:00:00+00:00,0.6671650746732315,0.0,0.8333333333333333,0.43762957284414755,0.5774312271078936,0.7297265662210766,0.015888598617751326,19.67386261399045,0.5833333333333334,-0.003482478366367503,0.00017351071428571425,0.00015974109942067655,0.5,0.03333333333333333
2025-07-14 00:00:00+00:00,0.8272103607391141,0.0,0.8333333333333333,0.43566688804472387,0.611071819133901,0.729776001066897,0.015320386274787387,19.67386261399045,0.5,-0.004198185537486687,0.00018363357142857137,0.00017282311122694552,0.4166666666666667,0.03333333333333333
2025-07-15 00:00:00+00:00,0.9416377777622816,0.0,0.8333333333333333,0.4317721497234771,0.6011278645294963,0.7293741788174576,0.015295102668349967,19.698643402156474,1.0,-0.0047160950842100036,0.0001942228571428571,0.00017524361642537765,0.3333333333333333,0.016666666666666666
2025-07-16 00:00:00+00:00,0.7921659358779308,0.0,1.0,0.43236349592988416,0.6144794780064693,0.7233314099195358,0.01499709099960857,19.702094817228485,1.0,-0.004968306089021879,0.0002077921428571428,0.00018484646632473944,0.3333333333333333,0.03333333333333333
2025-07-17 00:00:00+00:00,1.0880523317971138,0.0,1.0,0.4484256743196747,0.6481698599620158,0.7215483677506821,0.015403452754301706,19.725936574274712,1.0,-0.004395389355921875,0.00022650785714285708,0.00018931559272795026,0.16666666666666666,0.1
2025-07-18 00:00:00+00:00,1.2458805834813753,0.6666666666666667,1.0,0.4416906637659589,0.6486253354150362,0.7133255554951109,0.016896089811313568,19.764684464348527,1.0,-0.004356317462562487,0.0002265078571428571,0.0001770822975890832,0.16666666666666666,0.08333333333333333
2025-07-19 00:00:00+00:00,1.2932541305578256,0.8333333333333333,1.0,0.44168228978927887,0.5941340104747449,0.704389386504635,0.017247299167425213,19.800285163452436,1.0,-0.005326813959483645,0.00023803499999999997,0.0001758466105228859,0.08333333333333333,0.09999999999999999
2025-07-20 00:00:00+00:00,1.4102556771112345,0.8333333333333333,1.0,0.4404437296880751,0.6404982134310051,0.6899394181921504,0.01839930086234181,19.81570549327922,0.75,-0.006432049486020497,0.00026031357142857137,0.00016384104950684547,0.08333333333333333,0.11666666666666665
2025-07-21 00:00:00+00:00,1.4070339080382672,0.8333333333333333,1.0,0.42050953386710066,0.6220625002611221,0.6832147499659822,0.019345631593562774,19.839220866687434,0.9166666666666666,-0.006486697432327659,0.0002721035714285714,0.00015198944818375999,0.08333333333333333,0.11666666666666665
2025-07-22 00:00:00+00:00,1.4034772813930576,0.8333333333333333,1.0,0.397959229739673,0.637353172984295,0.6665666555986387,0.02000751726017404,19.897784488040074,1.0,-0.006181249762737706,0.00027892499999999996,0.00014582061795345673,0.08333333333333333,0.06666666666666667
2025-07-23 00:00:00+00:00,1.4252280258289467,0.8333333333333333,1.0,0.3815245683209085,0.6466004135613584,0.6428198432482516,0.01971192618408225,20.02566375362991,1.0,-0.007230483963615697,0.0002936657142857142,0.0001409567909268287,0.08333333333333333,0.08333333333333333
2025-07-24 00:00:00+00:00,1.195730208197809,0.8333333333333333,1.0,0.35448582794693606,1.191120568045522,0.6576471796903963,0.02105725176087688,20.106691193053635,0.9166666666666666,-0.008857383243948802,0.00029574999999999995,0.0001332631141464366,0.25,0.18333333333333335
2025-07-25 00:00:00+00:00,1.0861152149580109,0.5,0.8333333333333333,0.35438412165030253,1.1852593592905767,0.6555530409376136,0.021233831075216314,20.162030532578726,0.9166666666666666,-0.008321441767399018,0.00029687999999999996,0.00012955645661220875,0.4166666666666667,0.25
2025-07-26 00:00:00+00:00,1.4013539432918736,0.8333333333333333,1.0,0.35445082394382355,1.217449886414552,0.6536735506256016,0.022150676371026554,20.231386688709872,1.0,-0.007898776319736178,0.00029687999999999996,0.00012898648802148,0.25,0.23333333333333334
2025-07-27 00:00:00+00:00,1.405248277929148,0.8333333333333333,1.0,0.3527769812298922,1.1886131236362876,0.6553941433864875,0.021827885029067066,20.231386688709872,0.25,-0.008543997021896232,0.0002968799999999999,0.00012166721904455742,0.3333333333333333,0.2166666666666667
2025-07-28 00:00:00+00:00,1.4769881189082044,0.8333333333333333,1.0,0.35554939617459547,1.1991418797721813,0.6498716122240868,0.02230587591893898,20.244491954463882,0.6666666666666666,-0.008601909411468767,0.00029767142857142857,0.00010183611263649534,0.16666666666666666,0.2
2025-07-29 00:00:00+00:00,1.3518246115420152,0.8333333333333333,0.8333333333333333,0.36588922984850997,1.2770264028487928,0.6502368247000501,0.022873147798433566,20.322205125474177,0.9166666666666666,-0.009870328885856594,0.0002980714285714285,9.428693483145275e-05,0.4166666666666667,0.14999999999999997
2025-07-30 00:00:00+00:00,1.25352466622882,0.6666666666666667,0.8333333333333333,0.3660669177406208,1.2207581017197784,0.6265926003924176,0.0229268269410595,20.4442692312934,0.9166666666666666,-0.010940529009463684,0.0002941392857142857,8.360321579977362e-05,0.4166666666666667,0.0833333333333333
2025-07-31 00:00:00+00:00,1.272783431607483,0.6666666666666667,0.8333333333333333,0.36174924830025823,1.3014724353801048,0.623855184522579,0.02278137317489546,20.4442692312934,0.9166666666666666,-0.012277328598760129,0.00028474857142857143,7.370310846671355e-05,0.5,0.09999999999999998
2025-08-01 00:00:00+00:00,1.2444127955680706,0.6666666666666667,0.8333333333333333,0.36231352938331357,1.3121174486365703,0.6326623780217165,0.02229231863063313,20.380172208071286,0.9166666666666666,-0.0127380838801473,0.00027489928571428567,7.566580561215042e-05,0.5833333333333334,0.09999999999999998
2025-08-02 00:00:00+00:00,1.1519764598920832,0.8333333333333333,0.8333333333333333,0.371884220593362,1.296408393587901,0.6375617788120529,0.022585543654645775,20.469180119251106,1.0,-0.012749793028972167,0.00026508928571428565,7.248200687105489e-05,0.6666666666666666,0.09999999999999998
2025-08-03 00:00:00+00:00,1.035985706843247,0.6666666666666667,0.33333333333333326,0.3801145894500499,1.298588106066041,0.6396085804101982,0.022836562960515984,20.469180119251106,0.5833333333333334,-0.013301990720047452,0.0002587235714285714,7.317458814996441e-05,0.8333333333333334,0.06666666666666664
2025-08-04 00:00:00+00:00,1.1145740088843907,0.8333333333333333,0.8333333333333333,0.37008908998794243,1.3178599497448273,0.6462836975379088,0.022852621445189174,20.469180119251106,0.16666666666666666,-0.012165159683348414,0.0002489035714285714,7.703738912895104e-05,0.5833333333333334,0.049999999999999975
2025-08-05 00:00:00+00:00,1.2121733730525202,0.8333333333333333,0.8333333333333333,0.3827201037668694,1.3196384929013951,0.6489824950234426,0.02307409563380281,20.469180119251106,0.5833333333333334,-0.011469683956463417,0.00023734571428571423,8.490401483577441e-05,0.5,0.049999999999999975
2025-08-06 00:00:00+00:00,1.1277664462970352,0.8333333333333333,0.8333333333333333,0.3925617349439386,1.336752115424488,0.6538628988693973,0.022776315906094597,20.469180119251106,0.6666666666666666,-0.012708625423912934,0.00023135785714285709,9.05725447585261e-05,0.5833333333333334,0.049999999999999975
2025-08-07 00:00:00+00:00,1.2032047931865217,0.8333333333333333,0.8333333333333333,0.38887835723006486,0.992070214425442,0.6529185831485015,0.021388854471298645,20.380172208071286,0.3333333333333333,-0.012714424082948372,0.00022197142857142854,9.305138356591087e-05,0.5,0.049999999999999975
2025-08-08 00:00:00+00:00,1.7793457177146663,1.0,0.8333333333333333,0.4047305591498024,0.8831336144845487,0.6580829053533397,0.021685175653224097,20.358746835879927,0.8333333333333334,-0.011943400051649622,0.00021943642857142853,9.170723366671401e-05,0.3333333333333333,0.016666666666666642
2025-08-09 00:00:00+00:00,1.6954216692764839,1.0,0.8333333333333333,0.38886895945293076,0.883576538418102,0.6490884437184706,0.021192433993041895,20.380172208071286,0.8333333333333334,-0.011906739706702196,0.0002153364285714285,9.248543240565945e-05,0.3333333333333333,0.03333333333333331
2025-08-10 00:00:00+00:00,1.7596145281507645,1.0,1.0,0.3613643543779156,1.0263872199829525,0.6366215073122686,0.021322474045263974,20.358746835879927,0.75,-0.012081832270192439,0.00021251999999999995,9.563011093250255e-05,0.3333333333333333,0.0833333333333333
2025-08-11 00:00:00+00:00,1.8337759769625717,1.0,1.0,0.36169682074633064,1.0494260256813375,0.6285648639277127,0.020680399270364323,20.358746835879927,0.9166666666666666,-0.012116630316370725,0.00020779857142857135,9.962008897620634e-05,0.4166666666666667,0.1333333333333333
2025-08-12 00:00:00+00:00,1.5550729782675343,0.8333333333333333,0.8333333333333333,0.36273293855212063,1.0654104561984674,0.6106363768952379,0.02113128650178932,20.358746835879927,1.0,-0.012599698717647212,0.00020596428571428567,0.00010272188513404316,0.4166666666666667,0.19999999999999996
2025-08-13 00:00:00+00:00,1.6479912160352104,0.8333333333333333,1.0,0.39044030086110043,1.0842333485946107,0.6301738911233801,0.02064910879901643,20.358746835879927,0.9166666666666666,-0.010983237989047656,0.00020729571428571423,0.00010391782615343746,0.16666666666666666,0.21666666666666665
2025-08-14 00:00:00+00:00,1.9046821761560844,1.0,1.0,0.3985071707899136,1.0919033347658331,0.6261861154248003,0.02082230329410417,20.358746835879927,1.0,-0.010769554815797833,0.00021668642857142851,0.00010073733709879977,0.16666666666666666,0.21666666666666662
2025-08-15 00:00:00+00:00,1.8611610173191708,1.0,0.8333333333333333,0.4359928827668595,1.0877344456221432,0.6359844970413757,0.021321519273179202,20.358746835879927,1.0,-0.01182349514070491,0.00022653571428571422,9.622516935996543e-05,0.25,0.16666666666666663
2025-08-16 00:00:00+00:00,1.8207621904402524,1.0,0.8333333333333333,0.42573801003810635,1.08512959242563,0.6363293177426678,0.02195141863426746,20.383802279900333,0.8333333333333334,-0.012168346682490228,0.00022829142857142852,9.713335649348587e-05,0.25,0.11666666666666663
2025-08-17 00:00:00+00:00,1.890985414380422,1.0,0.8333333333333333,0.4233705161224373,1.0586403877597927,0.6299378465697427,0.02189772485586885,20.404741883493905,0.3333333333333333,-0.012592302460988969,0.0002253178571428571,9.819222575406315e-05,0.25,0.049999999999999975
2025-08-18 00:00:00+00:00,1.9004837997874506,1.0,1.0,0.42342210421450643,1.0730209510781656,0.6237429140855875,0.02256664789018907,20.404741883493905,0.6666666666666666,-0.012073619903215538,0.00022424357142857137,9.511537225250007e-05,0.25,0.03333333333333331
2025-08-19 00:00:00+00:00,1.7179856269627412,1.0,0.8333333333333333,0.43356131578750357,1.0830519868998758,0.6318524900346821,0.022529564886298804,20.404741883493905,0.9166666666666666,-0.012889331095190304,0.0002214928571428571,9.394743319614007e-05,0.4166666666666667,0.016666666666666642
2025-08-20 00:00:00+00:00,1.530867450089515,1.0,0.8333333333333333,0.4573099825908047,1.0766727264630815,0.6386661714014054,0.022661385848819018,20.41941131158744,0.9166666666666666,-0.012920947835798224,0.0002192285714285714,9.181326958065872e-05,0.6666666666666666,0.0
2025-08-21 00:00:00+00:00,1.6827712077884163,1.0,0.8333333333333333,0.47464678146755584,1.084561745885153,0.637688421116675,0.023383314161551892,20.464590129644204,0.8333333333333334,-0.012129030533178042,0.00021589428571428565,9.40608289104663e-05,0.3333333333333333,0.0
2025-08-22 00:00:00+00:00,1.566988323130076,1.0,0.8333333333333333,0.4802929544946884,1.086281986337767,0.6360843985599759,0.023205816422806426,20.464590129644204,0.5833333333333334,-0.01196132182747156,0.0002122621428571428,9.32593626282017e-05,0.6666666666666666,0.016666666666666642
2025-08-23 00:00:00+00:00,2.0366831188861587,1.0,1.0,0.5581852468873707,1.1287748109461269,0.6492209488348114,0.02369904652458059,20.5751092369492,1.0,-0.011126013365058918,0.00021147857142857137,9.181523377987815e-05,0.16666666666666666,0.03333333333333331
2025-08-24 00:00:00+00:00,2.147236495296936,1.0,1.0,0.5608921979344396,1.040229206716448,0.6499259228549348,0.02360117377844235,20.6086214574231,0.5833333333333334,-0.011996620329533136,0.00021429499999999995,9.265049317471747e-05,0.16666666666666666,0.03333333333333331
2025-08-25 00:00:00+00:00,2.225770666221411,1.0,1.0,0.5623040069065683,0.8952171706976961,0.6565387855524394,0.02300963338003404,20.717621886524796,0.9166666666666666,-0.012627425370413836,0.00021901642857142853,8.775341867366301e-05,0.25,0.03333333333333331
2025-08-26 00:00:00+00:00,1.5922035705515596,1.0,0.6666666666666667,0.6035561073006499,0.8512778036079656,0.6867510193238586,0.02335930594883088,20.797227607935067,1.0,-0.01268089619795204,0.00021064571428571423,8.88387144647187e-05,0.6666666666666666,0.049999999999999975
2025-08-27 00:00:00+00:00,1.6830453107233068,1.0,0.8333333333333333,0.608327489037761,0.8525691274797647,0.6910903596142952,0.023428375310939727,20.797227607935067,0.8333333333333334,-0.01230769586297853,0.00019472499999999995,9.12475612080833e-05,0.4166666666666667,0.03333333333333331
2025-08-28 00:00:00+00:00,1.617114140384774,1.0,0.6666666666666667,0.6073160510032349,0.7680390658603176,0.6920787557147965,0.022597967087110017,20.797227607935067,0.5833333333333334,-0.013242808022665642,0.0001887414285714285,9.452513376156955e-05,0.5833333333333334,0.016666666666666642
2025-08-29 00:00:00+00:00,1.6605893205658095,1.0,1.0,0.6074077832144834,0.7175779685929154,0.6897053693738892,0.022422731274194856,20.797227607935067,0.5,-0.012880369280184933,0.00018767428571428568,0.00010031095360948763,0.4166666666666667,0.016666666666666642
2025-08-30 00:00:00+00:00,1.445086209368548,1.0,0.6666666666666667,0.6216976359146104,0.7169258551988076,0.6988393582501959,0.021273181436807745,20.797227607935067,0.8333333333333334,-0.01310613665276461,0.00018554928571428567,0.00010402034025753377,0.6666666666666666,0.03333333333333331
2025-08-31 00:00:00+00:00,1.4440713957502824,1.0,0.6666666666666667,0.615320850018182,0.7203182839877795,0.694412653789534,0.021068632149206266,20.797227607935067,0.16666666666666666,-0.012844051959706282,0.00018527357142857138,0.00010394559421663213,0.6666666666666666,0.016666666666666642
2025-09-01 00:00:00+00:00,1.357160975249896,0.8333333333333333,0.6666666666666667,0.5967407446029448,0.7619105203670065,0.6911711935996017,0.020200850830291196,20.797227607935067,0.16666666666666666,-0.012347840077699346,0.00019139857142857136,0.00010355573061125415,0.6666666666666666,0.016666666666666642
2025-09-02 00:00:00+00:00,1.3798801048778548,1.0,0.6666666666666667,0.593025368680419,0.8240224796395981,0.6915924460303362,0.019164672745602976,20.797227607935067,0.9166666666666666,-0.012861677403986804,0.0001985635714285714,0.00010245886304064431,0.75,0.016666666666666642
2025-09-03 00:00:00+00:00,1.5569845251278314,1.0,0.6666666666666667,0.5897894861350242,0.7566620544500291,0.6860461196118048,0.01916986678387172,20.703462808471176,0.5833333333333334,-0.012746765510493585,0.00020032571428571424,0.0001031501736915257,0.5833333333333334,0.016666666666666642
2025-09-04 00:00:00+00:00,1.4320209157999106,1.0,0.8333333333333333,0.5806904862804096,0.7796054834650844,0.685391342333668,0.018132617380177858,20.591705978235304,0.25,-0.01123923630434176,0.00020976428571428568,0.00010566216728122324,0.5,0.0
2025-09-05 00:00:00+00:00,1.2751932152298546,1.0,0.6666666666666667,0.5821166523522756,0.7671282728509174,0.689038234546876,0.017918240388542436,20.5764703485975,0.3333333333333333,-0.011805095232274465,0.0002060478571428571,0.00011375877566271554,0.6666666666666666,0.0
2025-09-06 00:00:00+00:00,1.4104675717514228,1.0,0.6666666666666667,0.5807378844826695,0.715631467675893,0.6875371777384954,0.017680052751503257,20.5764703485975,0.6666666666666666,-0.01088070917794226,0.00020228499999999996,0.00011966422172501633,0.6666666666666666,0.0
2025-09-07 00:00:00+00:00,1.3646035661199805,1.0,0.6666666666666667,0.5642481705455071,0.689861548279544,0.6832970707035799,0.01669374311324584,20.533503521514508,0.16666666666666666,-0.011219142682853178,0.0001927478571428571,0.00013183629903277714,0.75,0.016666666666666642
2025-09-08 00:00:00+00:00,1.3306617359135577,1.0,0.8333333333333333,0.5640028495883161,0.6830589324001478,0.6806281727015804,0.016660825226889966,20.49654194739894,0.16666666666666666,-0.00962491835016177,0.00018556499999999995,0.0001771931513744525,0.5833333333333334,0.016666666666666642
2025-09-09 00:00:00+00:00,1.4039547789663656,1.0,1.0,0.5544695315749444,0.6498818931505803,0.6729160091003624,0.01665397962413988,20.438318467958144,0.5833333333333334,-0.008576271087591292,0.0001910535714285714,0.00018694500866538158,0.5,0.016666666666666642
2025-09-10 00:00:00+00:00,1.3113360306804687,1.0,0.8333333333333333,0.5529838265456122,0.6507025005841923,0.6752472041611491,0.01578010075786718,20.352482542890204,0.6666666666666666,-0.00899674186197641,0.00021072928571428564,0.00018857298174791847,0.4166666666666667,0.016666666666666642
2025-09-11 00:00:00+00:00,1.2085782871049149,1.0,1.0,0.5554757988194573,0.651727809331443,0.6755659240383471,0.015572123777988847,20.30705442168891,0.5833333333333334,-0.008443788824107124,0.00021016357142857137,0.00019283892502381785,0.3333333333333333,0.016666666666666642
2025-09-12 00:00:00+00:00,1.067312603028797,0.8333333333333333,1.0,0.5327838643284231,0.7208780616853023,0.6758619422882802,0.014907771985592375,20.278766664953007,0.5,-0.00873596453903902,0.0002027321428571428,0.00019065249193732503,0.16666666666666666,0.0
2025-09-13 00:00:00+00:00,1.1738857660216748,0.8333333333333333,1.0,0.5325858683632284,0.6731155600248991,0.6778326492029493,0.015380278299371478,20.249701786102953,0.5,-0.00820967772268294,0.00020880642857142853,0.00018502631079246032,0.08333333333333333,0.0
2025-09-14 00:00:00+00:00,1.1608955753428827,0.8333333333333333,1.0,0.5112303173442497,0.654150456263678,0.6790283964971433,0.015750539891485935,20.249701786102953,0.5833333333333334,-0.008279658331199424,0.0002184214285714285,0.00018409158974533468,0.08333333333333333,0.0
2025-09-15 00:00:00+00:00,1.0486136693476953,0.8333333333333333,1.0,0.5091264485298288,0.7080071956641514,0.6790943283249296,0.015433968804889323,20.237966799944726,0.25,-0.00805041137682172,0.00021818785714285707,0.00018425627564671337,0.25,0.0
2025-09-16 00:00:00+00:00,0.9508379432880115,0.8333333333333333,1.0,0.510000809724798,0.7440237601877666,0.6868854095091734,0.01540393975857613,20.179923420039046,0.5,-0.008889062106230916,0.00021464928571428567,0.00018514963191184757,0.3333333333333333,0.0
2025-09-17 00:00:00+00:00,0.9111479537848308,0.8333333333333333,1.0,0.5097681740880036,0.7533115151750509,0.6895512818879934,0.015245531645248589,20.14756511412427,0.3333333333333333,-0.008476677597450077,0.00020874428571428564,0.00018677755544411147,0.25,0.0
2025-09-18 00:00:00+00:00,0.7640287977266647,0.8333333333333333,1.0,0.5035668664512171,0.7201804886005345,0.700723035442683,0.014980368006200177,20.14756511412427,0.6666666666666666,-0.008543232408188994,0.00020450499999999995,0.00019712794878819697,0.25,0.0
2025-09-19 00:00:00+00:00,0.683903622851219,0.6666666666666667,1.0,0.4777615422289637,0.66876280952643,0.7055050838764845,0.014860428782685686,20.14756511412427,0.6666666666666666,-0.008063381094740307,0.00021438857142857138,0.00019523969421263195,0.08333333333333333,0.0
2025-09-20 00:00:00+00:00,0.5540805357633993,0.6666666666666667,1.0,0.46682916864451945,0.7420529622037124,0.7161079448400901,0.014978978991911977,20.204352133762367,0.5833333333333334,-0.008634750372735478,0.00021703999999999994,0.0001910527460050291,0.25,0.0
2025-09-21 00:00:00+00:00,0.5311188022908886,0.5,1.0,0.4603987647111904,0.6653985686861714,0.7133027599421162,0.01547675231725192,20.204352133762367,0.08333333333333333,-0.009067483071390048,0.00020800499999999996,0.00018008427758838983,0.25,0.0
2025-09-22 00:00:00+00:00,0.3975960380491191,0.16666666666666674,1.0,0.3436712653643006,0.6937577163892519,0.7093296871908785,0.015428036474002862,20.14756511412427,0.08333333333333333,-0.009959981210329594,0.00019866428571428565,0.00014092313842023444,0.25,0.0
2025-09-23 00:00:00+00:00,0.17691223011375784,0.0,0.6666666666666667,0.36710388009339273,0.7189323339585728,0.7203210391837847,0.015400052921638124,20.14756511412427,0.9166666666666666,-0.011176230344696392,0.0001817971428571428,0.00013658397975393533,0.6666666666666666,0.03333333333333331
2025-09-24 00:00:00+00:00,0.09280339543343581,0.0,0.5,0.3668814992035658,0.7286399253826208,0.7227315080714373,0.015536107710596787,20.204352133762367,0.25,-0.011724379988016231,0.00016522999999999996,0.00013302228235570278,0.75,0.03333333333333331
2025-09-25 00:00:00+00:00,0.22759689131098199,0.16666666666666674,0.6666666666666667,0.30481392036906985,0.7697863869291968,0.721128565059514,0.015397270764894893,20.237966799944726,0.25,-0.011250806300214689,0.00016245571428571425,0.00013160124220935445,0.75,0.03333333333333331
2025-09-26 00:00:00+00:00,-0.09600713573817475,0.0,0.0,0.33529769344147375,0.8109306043259048,0.7307503292912777,0.015861011701392903,20.237966799944726,0.8333333333333334,-0.011968727355842979,0.00015743285714285706,0.00013523263142485942,0.8333333333333334,0.049999999999999975
2025-09-27 00:00:00+00:00,0.02124083395706392,-0.16666666666666663,0.33333333333333326,0.34555867350471486,0.7624694177132068,0.7327416042368586,0.01584887436439993,20.277989542838853,0.16666666666666666,-0.010798077134552997,0.00015221857142857137,0.00013725251630240936,0.8333333333333334,0.049999999999999975
2025-09-28 00:00:00+00:00,-0.004132013892277147,-0.16666666666666663,0.16666666666666674,0.34422353596439176,0.7678854549797343,0.7399430132815332,0.015329054938640767,20.277989542838853,0.08333333333333333,-0.01117007639420875,0.0001476042857142857,0.00013894758411358367,0.8333333333333334,0.016666666666666642
2025-09-29 00:00:00+00:00,0.009535616536084797,-0.16666666666666663,0.6666666666666667,0.33646339439199696,0.6680040380018079,0.7473522486903783,0.014629885979433451,20.277989542838853,0.08333333333333333,-0.010715393674455509,0.00014440571428571422,0.00014081599865122964,0.75,0.016666666666666642
2025-09-30 00:00:00+00:00,0.17756975620271945,0.33333333333333326,0.8333333333333333,0.34242421975169907,0.7062046783956935,0.7418566105312405,0.014751427250847032,20.275425340481743,0.16666666666666666,-0.010603925663506764,0.0001453278571428571,0.0001428623217538757,0.75,0.049999999999999975
2025-10-01 00:00:00+00:00,0.13584839993586117,0.16666666666666674,0.5,0.3441197260333598,0.6910377438653303,0.7408601785227055,0.014561093867703004,20.286524840815744,0.08333333333333333,-0.010707343954608706,0.00014848071428571422,0.00014379304978689054,0.75,0.03333333333333331
2025-10-02 00:00:00+00:00,0.3354510861072643,0.8333333333333333,1.0,0.3757961089178486,0.6961637218161949,0.7469362481536758,0.014649084833365897,20.286524840815744,0.4166666666666667,-0.009820353406009452,0.00015130928571428567,0.00012833864818683383,0.5833333333333334,0.04999999999999997
2025-10-03 00:00:00+00:00,0.565436272103871,1.0,1.0,0.38238831939645224,0.7857704093162876,0.7439478696240206,0.014573223021582298,20.344476703251125,0.5833333333333334,-0.010114498435036978,0.00014426214285714282,0.0001258022936389003,0.16666666666666666,0.04999999999999997
2025-10-04 00:00:00+00:00,0.8264235314435351,1.0,1.0,0.38015479924718515,0.7779269216435827,0.7336486021277615,0.014995491997141425,20.344476703251125,0.5833333333333334,-0.009625137196784983,0.00014515642857142853,0.0001252769501019863,0.25,0.06666666666666662
2025-10-05 00:00:00+00:00,0.9031242722758017,1.0,1.0,0.37088208666879036,0.8545632094110773,0.7325733297333583,0.014784827179325158,20.344476703251125,0.08333333333333333,-0.009808095992291821,0.00016164357142857137,0.00012840191440630552,0.3333333333333333,0.0833333333333333
2025-10-06 00:00:00+00:00,0.8338385427232129,1.0,1.0,0.37125679915620224,0.9048132641725044,0.7320966011192346,0.014620317856743748,20.38214920786487,0.5,-0.009500065248687517,0.0001760664285714285,0.00012921151667319255,0.3333333333333333,0.0833333333333333
2025-10-07 00:00:00+00:00,0.7824974121348992,0.6666666666666667,1.0,0.37671845211570854,0.8736614116420558,0.7336519273308283,0.015141184947454953,20.421295078203478,0.5833333333333334,-0.008914032939566385,0.0001887421428571428,0.00012404040924308846,0.16666666666666666,0.0833333333333333
2025-10-08 00:00:00+00:00,0.6678910947995086,0.6666666666666667,0.8333333333333333,0.4051178607728311,0.8644841009216413,0.7293316983336061,0.016289108069370718,20.421295078203478,0.75,-0.009857052812468736,0.00020237071428571424,0.0001228868305836732,0.5,0.0833333333333333
2025-10-09 00:00:00+00:00,0.682664290202807,0.6666666666666667,0.8333333333333333,0.40828745512818054,0.8697758917386993,0.7420906290251207,0.01622362665266558,20.40336593336214,0.25,-0.00964190807573767,0.00019762642857142854,0.00012480063900028538,0.3333333333333333,0.06666666666666662
2025-10-10 00:00:00+00:00,0.36393126310685703,0.5,0.8333333333333333,0.41881056184434884,0.8362386243992043,0.7392554694202543,0.016804396637465857,20.40336593336214,0.5,-0.009683984919677813,0.00020133357142857136,0.00012048284365099084,0.5,0.01666666666666664
2025-10-11 00:00:00+00:00,-0.18242856709778477,-0.6666666666666667,-0.8333333333333334,0.5561340846874755,1.322638480380656,0.8014178041954104,0.020136117636231028,20.437688481586953,1.0,-0.010337871306682511,0.0002060221428571428,0.00012541306830227543,0.9166666666666666,0.14999999999999997
2025-10-12 00:00:00+00:00,-0.40096365633257747,-0.8333333333333334,-0.8333333333333334,0.5537202531053348,1.3282462282054555,0.7928397986238561,0.020924739717756772,20.526814138377176,0.9166666666666666,-0.010009142825535111,0.00018940499999999994,0.000268264097504272,1.0,0.14999999999999997
2025-10-13 00:00:00+00:00,-0.12899104860852956,-0.6666666666666667,-0.5,0.6006076128717392,1.300530940842997,0.8061726567428655,0.021503168501599022,20.526814138377176,0.9166666666666666,-0.008683598808282678,0.0001583028571428571,0.0003196898314370221,0.8333333333333334,0.1666666666666666
2025-10-14 00:00:00+00:00,-0.05482342513759226,-0.5,-0.5,0.6024263669994012,1.1872583939299797,0.8074829963986532,0.021832777728194926,20.61835246357999,0.8333333333333334,-0.008544740734721779,0.0001413857142857142,0.00033194725701434294,0.8333333333333334,0.1666666666666666
2025-10-15 00:00:00+00:00,-0.36250660032006843,-0.6666666666666667,-0.5,0.6065603120500205,1.1815085203973434,0.810203283297339,0.02200666259348947,20.64571823561239,1.0,-0.008512329358958404,0.00013410428571428563,0.00034685660895971375,0.8333333333333334,0.1833333333333333
2025-10-16 00:00:00+00:00,-0.6138510062019652,-0.8333333333333334,-0.8333333333333334,0.6126050393138178,1.1635120052106895,0.8112940924345173,0.021714780327676722,20.61835246357999,0.4166666666666667,-0.008340635245888017,0.0001196664285714285,0.00035477379590186304,1.0,0.049999999999999954
2025-10-17 00:00:00+00:00,-0.5356400573560878,-0.8333333333333334,-0.8333333333333334,0.616260917026581,1.1652980573965286,0.8183155425110396,0.02146391774634645,20.64571823561239,0.75,-0.009221600748355319,0.00010326357142857136,0.00036812051860839217,1.0,0.03333333333333329
2025-10-18 00:00:00+00:00,-0.5359411384938393,-0.8333333333333334,-0.8333333333333334,0.6161822996130443,1.215509122410316,0.8168985687623767,0.02216637501514976,20.660418865305985,0.9166666666666666,-0.009578538374945988,8.60714285714285e-05,0.00038666653328545044,1.0,0.04999999999999995
2025-10-19 00:00:00+00:00,-0.480226909145832,-0.8333333333333334,-0.8333333333333334,0.6180897112957859,1.1506046125629787,0.8163456481984763,0.02212182246979052,20.660418865305985,0.08333333333333333,-0.010162002592707886,5.610214285714279e-05,0.00039566886877508606,1.0,0.04999999999999995
2025-10-20 00:00:00+00:00,-0.42221755762208074,-0.8333333333333334,-0.8333333333333334,0.6206176372083168,1.1654928365573063,0.8156005244814759,0.02192472109258662,20.660418865305985,0.08333333333333333,-0.01007222004193642,3.6924999999999935e-05,0.00040543536061080673,1.0,0.033333333333333284
2025-10-21 00:00:00+00:00,-0.2867630398609438,-0.6666666666666667,-0.8333333333333334,0.6216612441865581,1.168005912034646,0.8127447277570748,0.02261385173416227,20.660418865305985,0.25,-0.010457836360079242,2.318499999999993e-05,0.0004205739402591634,1.0,0.04999999999999995
2025-10-22 00:00:00+00:00,-0.20467041756824553,-0.6666666666666667,-0.8333333333333334,0.6258868604676561,1.234658216544529,0.801553830558825,0.022569460901683,20.693642548503586,0.75,-0.011473585782548201,8.203571428571364e-06,0.0004283509908021855,1.0,0.04999999999999995
2025-10-23 00:00:00+00:00,-0.42856068293868466,-0.8333333333333334,-0.8333333333333334,0.6128786831322767,1.244796331796818,0.80169720273268,0.022267818094247636,20.693642548503586,0.3333333333333333,-0.011906871188336776,1.5578571428570778e-06,0.00043196661232859683,1.0,0.01666666666666662
2025-10-24 00:00:00+00:00,-0.2540948247600879,-0.6666666666666667,-0.8333333333333334,0.6167681042852576,1.2591570467762794,0.797821539064623,0.02199729537059158,20.693642548503586,0.16666666666666666,-0.012013181389743388,-2.9942857142857787e-06,0.0004408781714158543,1.0,0.049999999999999954
2025-10-25 00:00:00+00:00,-0.6283257516449633,-0.8333333333333334,-0.8333333333333334,0.6189258227387711,0.7426438104791064,0.7785522359075372,0.022479000450374664,20.693642548503586,0.16666666666666666,-0.011045303696487818,-1.1684285714285778e-05,0.0004512104883482382,1.0,0.06666666666666662
2025-10-26 00:00:00+00:00,-0.5442872289338934,-0.8333333333333334,-0.8333333333333334,0.5891009926577567,0.7015251860626122,0.7737913807119916,0.02268169383786781,20.671496393084205,0.08333333333333333,-0.011007161098844254,-3.257142857142923e-06,0.00033002015385800017,1.0,0.06666666666666662
2025-10-27 00:00:00+00:00,-0.3122398463029188,-0.6666666666666667,-0.8333333333333334,0.5985770427354842,0.764932485446728,0.7736941029435678,0.0226183870281348,20.610906937854203,0.08333333333333333,-0.011000839327871437,2.5725714285714223e-05,0.0002989964507538019,0.9166666666666666,0.09999999999999995
2025-10-28 00:00:00+00:00,-0.06137345344524221,-0.33333333333333337,-0.8333333333333334,0.5991053677265943,0.7518230633487949,0.7752857906970763,0.021150782371124492,20.577934476786613,0.3333333333333333,-0.010362356166892517,4.815642857142851e-05,0.0003050010137471644,0.9166666666666666,0.09999999999999995
2025-10-29 00:00:00+00:00,-0.3401541823567474,-0.5,-0.8333333333333334,0.5974777343736042,0.7322192508722155,0.7737991149822805,0.021153516288610848,20.577934476786613,0.5,-0.011242948133385333,5.061285714285708e-05,0.0002958241668255666,0.9166666666666666,0.06666666666666661
2025-10-30 00:00:00+00:00,-0.38879118328672924,-0.6666666666666667,-0.8333333333333334,0.598279191844809,0.8081801836624252,0.7714474950229155,0.020544526593928445,20.555848241302925,0.5,-0.010649515747770788,4.060428571428565e-05,0.00029738953163569685,1.0,0.06666666666666662
2025-10-31 00:00:00+00:00,-0.5216899481583516,-0.8333333333333334,-0.8333333333333334,0.6012664459138928,0.8352237483079763,0.7743486533295856,0.01739189388324124,20.555848241302925,0.8333333333333334,-0.01006868260785837,3.836999999999994e-05,0.0002859481439442418,1.0,0.08333333333333329
2025-11-01 00:00:00+00:00,-0.28804541164435615,-0.5,-0.8333333333333334,0.5805889090451091,0.7047631815573121,0.7745273383327874,0.016672664962917937,20.513297323106446,0.25,-0.009023222295234223,3.410428571428565e-05,0.0002764110430351271,1.0,0.04999999999999995
2025-11-02 00:00:00+00:00,-0.2774630550057941,-0.5,-0.8333333333333334,0.5734999841403406,0.7131647774944341,0.7744676577668302,0.016026487943263334,20.45598296732235,0.0,-0.008889931242469284,5.9057142857142796e-05,0.00027310279871842007,1.0,0.04999999999999995
2025-11-03 00:00:00+00:00,-0.2431091807159659,-0.6666666666666667,-0.8333333333333334,0.5724077871207799,0.8090919676765481,0.7731760328143344,0.015726323600122903,20.40204718569713,0.08333333333333333,-0.009537438035820134,6.794428571428566e-05,0.00026980528513840683,1.0,0.06666666666666661
2025-11-04 00:00:00+00:00,-0.4967877979449861,-0.8333333333333334,-0.8333333333333334,0.6030032717395709,0.8696409493943554,0.7917491857802358,0.016706604134224347,20.40204718569713,1.0,-0.010272751426993132,6.433928571428565e-05,0.00026820234514307557,1.0,0.14999999999999997
2025-11-05 00:00:00+00:00,-0.8454690005400071,-0.8333333333333334,-1.0,0.6413090305037833,0.8717144090409776,0.7851156305366032,0.017210657964236115,20.40204718569713,1.0,-0.010167254597557462,6.829785714285708e-05,0.0002825564688719906,1.0,0.11666666666666661
2025-11-06 00:00:00+00:00,-0.7647619819117641,-0.8333333333333334,-1.0,0.6475411074688315,0.8633456506453867,0.7925058846380543,0.017487856784069077,20.331238725625035,0.25,-0.009046237168835958,6.758285714285709e-05,0.00027945132695616343,1.0,0.11666666666666661
2025-11-07 00:00:00+00:00,-0.7929315559938657,-0.8333333333333334,-1.0,0.6419907775557088,0.8890849242187222,0.794715630376312,0.017206727775992657,20.235748315342022,0.08333333333333333,-0.009298271617008247,5.990571428571422e-05,0.0002917154569069958,1.0,0.13333333333333328
2025-11-08 00:00:00+00:00,-0.6646183320874763,-0.8333333333333334,-0.8333333333333334,0.6483959509363537,0.869106161327658,0.7995961561222169,0.01947821441006541,20.331238725625035,0.5,-0.009170485153768226,6.35071428571428e-05,0.00029236026931949734,1.0,0.11666666666666663
2025-11-09 00:00:00+00:00,-0.6819846740475168,-0.8333333333333334,-0.8333333333333334,0.6455792987463371,0.8278653500548012,0.7983796473100249,0.020034542525885275,20.331238725625035,0.16666666666666666,-0.009598374026787204,6.794214285714279e-05,0.0002714642245442293,1.0,0.01666666666666662
2025-11-10 00:00:00+00:00,-0.5403910562967857,-0.8333333333333334,-0.6666666666666667,0.5599064176697307,0.9761444048895491,0.7962643804538097,0.01977206013544487,20.331238725625035,0.16666666666666666,-0.009265248975540097,5.686142857142851e-05,0.00025569649535104406,1.0,0.08333333333333329
2025-11-11 00:00:00+00:00,-0.5410765849506446,-0.8333333333333334,-0.8333333333333334,0.5568330447747006,1.0014535556348498,0.7914392319172169,0.020374751490938387,20.252360056441397,0.16666666666666666,-0.009255726465558944,4.804785714285708e-05,0.0002424186880684139,1.0,0.11666666666666661
2025-11-12 00:00:00+00:00,-0.6840192761534625,-0.8333333333333334,-1.0,0.5047171002712931,1.0247844035193225,0.7928004889351089,0.02080227740730565,20.184073014124124,0.25,-0.009464628858891544,4.505499999999994e-05,0.00024171268016155123,1.0,0.11666666666666661
2025-11-13 00:00:00+00:00,-0.7849912334757605,-0.8333333333333334,-1.0,0.5011381072973647,1.0521945456849093,0.7939596124459813,0.020327656261407305,20.184073014124124,0.25,-0.00957350975189275,5.677928571428565e-05,0.00023724619123727974,1.0,0.11666666666666661
2025-11-14 00:00:00+00:00,-1.0267683844119042,-0.8333333333333334,-1.0,0.5096449898900816,0.9728760082741326,0.7932911593879192,0.02012995520855109,20.23662623037462,0.5,-0.009686576618732456,6.637642857142851e-05,0.00023748651844264043,1.0,0.11666666666666661
2025-11-15 00:00:00+00:00,-1.3497210416965608,-1.0,-1.0,0.5224842755581085,0.9796674309196101,0.7882461106710834,0.020678743383709106,20.281858721579525,0.6666666666666666,-0.009750689508679133,7.150642857142851e-05,0.0002324236869115049,1.0,0.06666666666666662
2025-11-16 00:00:00+00:00,-1.2600455993814053,-1.0,-1.0,0.5238428524348633,0.9834309899628768,0.7887050151665371,0.02034056848989616,20.281858721579525,0.08333333333333333,-0.00964989987492737,6.721857142857135e-05,0.00022370714517016993,1.0,0.033333333333333284
2025-11-17 00:00:00+00:00,-1.297196667921566,-0.8333333333333334,-1.0,0.5245384174726552,0.9533780187108716,0.7880532817255276,0.020714280485900176,20.23662623037462,0.16666666666666666,-0.009660867638773496,6.582357142857137e-05,0.00021816759199767998,1.0,0.01666666666666662
2025-11-18 00:00:00+00:00,-1.3503359446462293,-1.0,-1.0,0.5239077657776687,0.8576973695683501,0.7881555439376472,0.02105371344819896,20.23662623037462,0.5833333333333334,-0.0091012761296555,8.281999999999994e-05,0.0002066760152940015,1.0,0.01666666666666662
2025-11-19 00:00:00+00:00,-1.2784260860206622,-1.0,-1.0,0.5240982564647652,0.8595860595652736,0.7867159761631088,0.021474839329403007,20.228560967571894,0.5,-0.008604760753332386,8.443714285714279e-05,0.00018432709238877773,1.0,0.01666666666666662
2025-11-20 00:00:00+00:00,-1.4135320632146418,-1.0,-1.0,0.524491905023413,0.8344256426857939,0.787322781345066,0.02125874672199174,20.228560967571894,0.4166666666666667,-0.008203038158709208,9.557071428571422e-05,0.00018211617577885633,1.0,0.01666666666666662
2025-11-21 00:00:00+00:00,-1.6382015936317975,-1.0,-1.0,0.5531745794387161,0.8351820548031079,0.7870238751862793,0.021662271564635342,20.25384274520639,0.5833333333333334,-0.00922383684161715,0.0001074571428571428,0.00016166396025694757,1.0,0.033333333333333284
2025-11-22 00:00:00+00:00,-1.644357766528434,-1.0,-1.0,0.5546819134837847,0.9059529480687578,0.7722309286556799,0.023047456861806048,20.26190800800912,1.0,-0.010082850670188381,9.849357142857137e-05,0.00015533556485264826,1.0,0.033333333333333284
2025-11-23 00:00:00+00:00,-1.6581086629469326,-1.0,-0.8333333333333334,0.5466321831791345,0.9093160402756919,0.7722271263881892,0.02304258443515072,20.26190800800912,0.08333333333333333,-0.008974150265613545,9.15214285714285e-05,0.00016002313463445034,1.0,0.033333333333333284
2025-11-24 00:00:00+00:00,-1.5500214124766598,-1.0,-1.0,0.5488841995295483,0.8252070888762668,0.7696179273571699,0.02242870180395533,20.25384274520639,0.08333333333333333,-0.007710374922908325,9.313857142857137e-05,0.00016034666230011632,1.0,0.06666666666666662
2025-11-25 00:00:00+00:00,-1.2358887420204314,-1.0,-0.8333333333333334,0.5681552785985108,0.7119131570269237,0.7654994177781271,0.02222479660235895,20.228560967571894,0.3333333333333333,-0.007181887746073201,8.908857142857136e-05,0.00015292362809703243,1.0,0.049999999999999954
2025-11-26 00:00:00+00:00,-1.2241761828552162,-1.0,-1.0,0.5428840894739345,0.6637824441139941,0.7633591729662459,0.02209712588948288,20.184073014124124,0.16666666666666666,-0.007905929845435034,8.394499999999994e-05,0.00015471291418992045,1.0,0.033333333333333284
2025-11-27 00:00:00+00:00,-1.1134456245871036,-1.0,-1.0,0.5595017329561027,0.7660095897884778,0.7639249493752923,0.021838012099088998,20.184073014124124,0.08333333333333333,-0.007273693657714797,8.398357142857137e-05,0.0001581074972708631,1.0,0.049999999999999954
2025-11-28 00:00:00+00:00,-0.8987932333106653,-1.0,-1.0,0.5586862443364831,0.8220244462186582,0.761675159126106,0.019604030602048066,20.137994651726533,0.0,-0.0077509782176945485,8.314714285714279e-05,0.00015954527838851933,1.0,0.049999999999999954
2025-11-29 00:00:00+00:00,-1.000248451311542,-0.8333333333333334,-0.8333333333333334,0.5569327999272539,0.9046529377888753,0.7611121428334008,0.01945355253006707,20.104139977960436,0.0,-0.007627871115706786,8.428285714285709e-05,0.0001625542244479766,1.0,0.01666666666666662
2025-11-30 00:00:00+00:00,-1.0243776621340035,-1.0,-1.0,0.5549061139400004,0.8847157686587557,0.7600410342128644,0.01932587121826801,20.076315859255164,0.08333333333333333,-0.008260263042967897,7.424357142857137e-05,0.00016884671304103749,1.0,0.01666666666666662
2025-12-01 00:00:00+00:00,-1.155185725526451,-1.0,-1.0,0.5511651610520057,0.9233940133539376,0.753146549523648,0.018734981796328397,20.034853191797666,0.08333333333333333,-0.008066534809778148,7.62564285714285e-05,0.00018681484457877691,1.0,0.01666666666666662
2025-12-02 00:00:00+00:00,-1.4455322144947278,-1.0,-1.0,0.5746641620545949,0.8966452502525273,0.7569663418001333,0.0185097110937129,20.051846448022065,0.5833333333333334,-0.008446660312338317,5.453142857142851e-05,0.00019646245807083772,1.0,0.0
2025-12-03 00:00:00+00:00,-1.101604068946197,-1.0,-0.8333333333333334,0.6249927169474728,0.9020535912759169,0.7690038580816585,0.019350893225816887,20.04860400544281,0.16666666666666666,-0.0074793595338277785,4.4714285714285644e-05,0.00020833086378296319,1.0,0.01666666666666662
2025-12-04 00:00:00+00:00,-1.1059743467316023,-1.0,-0.8333333333333334,0.6208756452779591,0.9561361632148784,0.7710652381688307,0.019621399767868686,20.04860400544281,0.3333333333333333,-0.006748602982314722,4.1309285714285646e-05,0.0002084143551638143,0.9166666666666666,0.01666666666666662
2025-12-05 00:00:00+00:00,-1.2718028069416338,-1.0,-0.8333333333333334,0.575018842041837,0.8842686850599862,0.7676930770691959,0.01930156752719049,20.005235947237797,0.08333333333333333,-0.006880115483778204,4.365499999999993e-05,0.0002114085148337433,0.9166666666666666,0.01666666666666662
2025-12-06 00:00:00+00:00,-1.4419269634363214,-1.0,-0.8333333333333334,0.570778591242716,0.8470303504507422,0.7683606136670008,0.01941650860750291,19.994757532220234,0.25,-0.00801591349263947,5.057714285714278e-05,0.00020695855227500213,1.0,0.01666666666666662
2025-12-07 00:00:00+00:00,-1.423498597422972,-1.0,-0.8333333333333334,0.5645643656520958,0.8402263695264383,0.7755855061069191,0.01933560984845236,19.921880577145792,0.08333333333333333,-0.00725976311775689,3.849499999999993e-05,0.00022262080436522526,0.9166666666666666,0.01666666666666662
2025-12-08 00:00:00+00:00,-1.4127102815301253,-0.8333333333333334,-0.8333333333333334,0.555539103834072,0.8604440783843549,0.7745928315209912,0.019002646472485292,19.825067407618118,0.08333333333333333,-0.007414160365172173,3.900714285714279e-05,0.000232282648285983,0.9166666666666666,0.0
2025-12-09 00:00:00+00:00,-1.4649292604662483,-1.0,-0.8333333333333334,0.5579126015586445,0.8547478028480624,0.7739083752149405,0.018858255269104014,19.79406076830269,0.08333333333333333,-0.007470628445294725,4.1778571428571364e-05,0.00023101649824711377,0.9166666666666666,0.01666666666666662
2025-12-10 00:00:00+00:00,-1.1296490305187017,-0.8333333333333334,-0.8333333333333334,0.5613020345738411,0.8800528191609942,0.7211981306918561,0.01934377961887742,19.79406076830269,0.3333333333333333,-0.006918078888101864,5.0769285714285647e-05,0.00023114117330992007,0.9166666666666666,0.033333333333333284
2025-12-11 00:00:00+00:00,-1.2116211840987237,-1.0,-0.8333333333333334,0.5606798584174646,0.8834797633734788,0.7257114348928752,0.01912451035401079,19.79406076830269,0.25,-0.006480303657320607,5.118785714285708e-05,0.0002444870492871796,0.9166666666666666,0.049999999999999954
2025-12-12 00:00:00+00:00,-1.1587414967008693,-1.0,-0.8333333333333334,0.5492998683874862,0.976598958197239,0.7059013502303061,0.017926875517690344,19.79406076830269,0.3333333333333333,-0.006550925980978395,4.798714285714279e-05,0.00024828762273939036,0.9166666666666666,0.08333333333333329
2025-12-13 00:00:00+00:00,-0.9581379954765793,-0.8333333333333334,-0.8333333333333334,0.5616316952947455,0.980271147019719,0.7065508663169763,0.017997471812392522,19.779652957806526,0.08333333333333333,-0.007494594850601388,5.1602857142857076e-05,0.0002527207233776279,0.9166666666666666,0.08333333333333329
2025-12-14 00:00:00+00:00,-0.8542693373964326,-0.8333333333333334,-0.8333333333333334,0.5489260611971984,0.9924193768669015,0.7046358429843146,0.01730498346188311,19.779652957806526,0.0,-0.007883490297466544,5.49414285714285e-05,0.0002592175411430189,0.9166666666666666,0.06666666666666662
2025-12-15 00:00:00+00:00,-1.32167504014215,-0.8333333333333334,-0.8333333333333334,0.5309472395886581,0.980918846502949,0.701545533162208,0.017047709097540012,19.756973506890404,0.0,-0.009520084388452421,5.1294999999999935e-05,0.0002470480120894072,1.0,0.04999999999999995
2025-12-16 00:00:00+00:00,-1.4947047761021106,-1.0,-1.0,0.5347305001615288,0.9678823938952033,0.6988499573791487,0.016982727456851317,19.769641474215167,0.3333333333333333,-0.010002873777524623,6.25464285714285e-05,0.0002456798860712929,1.0,0.033333333333333284
2025-12-17 00:00:00+00:00,-1.3531510232149064,-0.8333333333333334,-0.8333333333333334,0.5328254965969496,0.9362241404516785,0.6994549245967308,0.0169505337619696,19.769641474215167,0.0,-0.010054557738211067,6.388928571428566e-05,0.0002444242121247356,1.0,0.01666666666666662
2025-12-18 00:00:00+00:00,-1.3694813112051172,-0.8333333333333334,-0.8333333333333334,0.5386389898767567,0.8301718439683732,0.6993926446593346,0.01734767800110739,19.79406076830269,0.3333333333333333,-0.010086851790821083,6.210428571428565e-05,0.0002541804055110019,1.0,0.01666666666666662
2025-12-19 00:00:00+00:00,-1.2897051137780737,-0.8333333333333334,-0.8333333333333334,0.5332008733713417,0.8929749979948842,0.6954960876496428,0.017558370247849526,19.812735120037583,0.3333333333333333,-0.009984540102578154,4.70514285714285e-05,0.00025829679665097434,0.9166666666666666,0.033333333333333284
2025-12-20 00:00:00+00:00,-1.002405897037211,-0.8333333333333334,-0.8333333333333334,0.5493990841964663,0.8963590320921142,0.7055822031944817,0.018068007221824906,19.843741759353012,0.16666666666666666,-0.008849884904013172,4.662428571428565e-05,0.00025746617748409543,0.9166666666666666,0.033333333333333284
2025-12-21 00:00:00+00:00,-1.0495841886789787,-0.8333333333333334,-0.8333333333333334,0.5059935676157602,0.889548829313876,0.7042993732031387,0.018087118565348326,19.843741759353012,0.08333333333333333,-0.008292271542205742,6.540214285714279e-05,0.00023541755601903168,0.9166666666666666,0.049999999999999954
2025-12-22 00:00:00+00:00,-1.1137229026347797,-0.8333333333333334,-0.8333333333333334,0.4998284960295626,0.8615835008316973,0.703975404849439,0.01775959493432562,19.812735120037583,0.0,-0.007550769366655163,6.894499999999993e-05,0.0002301968268311268,0.9166666666666666,0.03333333333333329
2025-12-23 00:00:00+00:00,-1.1479190696656871,-0.8333333333333334,-0.8333333333333334,0.49967088129832393,0.8299273992733518,0.7109731625646957,0.016747704688105193,19.769641474215167,0.08333333333333333,-0.007852434876574943,6.876285714285707e-05,0.00024378031063246566,0.9166666666666666,0.03333333333333329
2025-12-24 00:00:00+00:00,-1.106516920719966,-0.8333333333333334,-0.8333333333333334,0.499300758786198,0.7162552247945619,0.7189962703742242,0.015961420727620385,19.72415109935125,0.0,-0.008573185409956774,6.098499999999993e-05,0.00024064198898643378,0.9166666666666666,0.01666666666666662
2025-12-25 00:00:00+00:00,-1.0605362621996932,-0.8333333333333334,-0.8333333333333334,0.48449924496323954,0.6182328280828291,0.7220105875286853,0.015429482159067021,19.685024712873474,0.0,-0.008129237327573535,5.866357142857136e-05,0.0002256288362606177,0.9166666666666666,0.01666666666666662
2025-12-26 00:00:00+00:00,-1.1963457267909234,-0.8333333333333334,-0.8333333333333334,0.4855399393138797,0.6575395710480605,0.7149265347286909,0.015554774688516673,19.660231121262754,0.08333333333333333,-0.007975042674221,6.750642857142851e-05,0.00021910922201229645,0.9166666666666666,0.0
2025-12-27 00:00:00+00:00,-1.2428229373915214,-0.8333333333333334,-0.8333333333333334,0.4746218855990737,0.6445239699090614,0.7153008335437201,0.015329588301572378,19.660231121262754,0.08333333333333333,-0.007677752883545774,7.197285714285707e-05,0.00021337153975351016,0.9166666666666666,0.0
2025-12-28 00:00:00+00:00,-1.2367407557335095,-0.8333333333333334,-0.8333333333333334,0.4751704960318553,0.6084508510950266,0.7168892361405831,0.01608970029293183,19.643173294731017,0.08333333333333333,-0.006686690912614257,7.69571428571428e-05,0.00020060455097841418,0.9166666666666666,0.0
2025-12-29 00:00:00+00:00,-1.437764466362074,-0.8333333333333334,-0.8333333333333334,0.47519686038576703,0.6123612622694832,0.7182407509575995,0.015687511383261188,19.606735250125134,0.08333333333333333,-0.007241788584582243,8.969285714285708e-05,0.00019184171902268755,0.9166666666666666,0.0
2025-12-30 00:00:00+00:00,-1.4370702664999728,-0.8333333333333334,-0.8333333333333334,0.47502834151239903,0.6033850712586271,0.7143193520090652,0.015013581388718769,19.606735250125134,0.16666666666666666,-0.0073257676300689245,9.662928571428564e-05,0.00018835131385575512,0.9166666666666666,0.01666666666666662
2025-12-31 00:00:00+00:00,-1.266804701548733,-0.8333333333333334,-0.8333333333333334,0.47754901100169717,0.5963241653076804,0.7137842739936872,0.014702944855137418,19.4892296644058,0.0,-0.007603642735513894,0.00010563928571428564,0.0001821530701682708,0.9166666666666666,0.01666666666666662
2026-01-01 00:00:00+00:00,-1.1886981910385461,-0.8333333333333334,-0.8333333333333334,0.43340151456832043,0.6094594382576581,0.7127258395618713,0.014466476581553419,19.4892296644058,0.0,-0.006974590569809647,0.0001080671428571428,0.00017109381310620263,0.9166666666666666,0.049999999999999954
2026-01-02 00:00:00+00:00,-1.0336238867979872,-0.8333333333333334,-0.8333333333333334,0.3760557131726558,0.506511714442495,0.710654808928817,0.015436392537890638,19.404558752270265,0.08333333333333333,-0.0058576152737759846,0.00011433428571428565,0.00017188401094650303,0.9166666666666666,0.04999999999999995
2026-01-03 00:00:00+00:00,-0.9569297380211741,-0.8333333333333334,-0.8333333333333334,0.3562363506104519,0.5155278770723657,0.6764510041963596,0.016743879995340903,19.494205990834708,0.5,-0.004512964807133257,0.00012519571428571422,0.00017936895938796654,0.9166666666666666,0.04999999999999995
2026-01-04 00:00:00+00:00,-0.9654543160250769,-0.8333333333333334,-0.8333333333333334,0.352416926727957,0.5241858888874711,0.6802375845469646,0.017020449474300148,19.58998627195306,0.08333333333333333,-0.0029246660367424626,0.00013006499999999995,0.00017841687721421425,0.9166666666666666,0.033333333333333284
2026-01-05 00:00:00+00:00,-0.9577001729433534,-0.8333333333333334,-0.8333333333333334,0.33258331234640065,0.5327431568617929,0.6719500332318971,0.017300703918286954,19.58998627195306,0.16666666666666666,-0.0022385082031745607,0.00013846357142857136,0.00016735509067784604,0.9166666666666666,0.033333333333333284
2026-01-06 00:00:00+00:00,-0.5780485037618129,-0.5,-0.6666666666666667,0.3430544913810273,0.5309624841955615,0.6620936937052168,0.018375762755228054,19.61784461910795,0.6666666666666666,-0.0021990341978072037,0.00014393785714285709,0.00015284773106221736,0.9166666666666666,0.0
2026-01-07 00:00:00+00:00,-0.196475146013317,-0.33333333333333337,-0.6666666666666667,0.3431933486882083,0.6204023320212835,0.6458281610146629,0.018115925414993888,19.61784461910795,0.75,-0.0020882064625430408,0.00015599928571428568,0.0001464623217306788,0.9166666666666666,0.01666666666666662
2026-01-08 00:00:00+00:00,-0.531200577183186,-0.6666666666666667,-0.6666666666666667,0.3614543461538465,0.6038333526615096,0.6481800620280282,0.017992279897495467,19.61784461910795,0.16666666666666666,-0.002422311823214174,0.00016721642857142851,0.0001366378330357677,0.8333333333333334,0.01666666666666662
2026-01-09 00:00:00+00:00,-0.44627819478342756,-0.6666666666666667,-0.8333333333333334,0.33218139613178016,0.7391010444194922,0.6491874172060682,0.017363579379508175,19.61784461910795,0.5,-0.0036505818794086986,0.00017235214285714277,0.00013380692887641072,0.8333333333333334,0.01666666666666662
2026-01-10 00:00:00+00:00,-0.6259236939403064,-0.6666666666666667,-0.6666666666666667,0.33246266071956887,0.7419229791568884,0.6554540720010167,0.016974366659363103,19.61784461910795,0.16666666666666666,-0.004086800690965564,0.00016846928571428565,0.00013054279515388754,0.8333333333333334,0.01666666666666662
2026-01-11 00:00:00+00:00,-0.578856393663802,-0.6666666666666667,-0.6666666666666667,0.3308441981379669,0.7512062339883374,0.6505223171511509,0.0167787503550784,19.61784461910795,0.0,-0.003702532214497123,0.00017241499999999995,0.0001324499990054465,0.8333333333333334,0.01666666666666662
2026-01-12 00:00:00+00:00,-0.7469215303549069,-0.6666666666666667,-0.6666666666666667,0.30683789104633147,0.75863948751797,0.6475965844208633,0.017077016383792616,19.61784461910795,0.08333333333333333,-0.004739230960872143,0.00017016285714285709,0.00014537023968828994,0.8333333333333334,0.01666666666666662
2026-01-13 00:00:00+00:00,-0.7851073320391471,-0.6666666666666667,-0.6666666666666667,0.30665380864620223,0.7821485666660899,0.6470022965193788,0.017355707210838095,19.652575870154088,0.5,-0.0049593368631438706,0.00016440357142857135,0.0001459006837873353,0.8333333333333334,0.033333333333333284
2026-01-14 00:00:00+00:00,-0.2710007719521871,-0.6666666666666667,-0.6666666666666667,0.3588613155125587,0.7852269193281955,0.6597330647431594,0.01862016851946552,19.70099146393582,0.8333333333333334,-0.004705025777932914,0.00016737214285714278,0.00014513172403337964,0.8333333333333334,0.08333333333333329
2026-01-15 00:00:00+00:00,-0.16917561298076608,-0.6666666666666667,-0.5,0.34457067458392027,0.8352625503731022,0.6573377086025294,0.01837859836641703,19.738483289327874,0.75,-0.004199502225476326,0.0001796328571428571,0.00015548229699327635,0.8333333333333334,0.13333333333333328
2026-01-16 00:00:00+00:00,-0.04051722874018891,-0.33333333333333337,-0.6666666666666667,0.34892057728148074,0.8918944682703891,0.648767964736674,0.019100130061492755,19.75733039745901,0.4166666666666667,-0.005582629606629197,0.00018447642857142852,0.00014765595940686521,0.8333333333333334,0.1833333333333333
2026-01-17 00:00:00+00:00,0.18350401543948128,0.0,-0.6666666666666667,0.3266818378453548,0.8919875508169738,0.6447274069690663,0.01847256288472236,19.75733039745901,0.16666666666666666,-0.006605589777826215,0.0001622371428571428,0.00013934793536877528,0.8333333333333334,0.1666666666666666
2026-01-18 00:00:00+00:00,0.10705294269873328,-0.16666666666666663,-0.5,0.32532235360957046,0.8839716664977292,0.6426115162147266,0.01850062194315499,19.75733039745901,0.0,-0.006461585254047997,0.00015583928571428563,0.00014697215972683464,0.8333333333333334,0.14999999999999997
2026-01-19 00:00:00+00:00,0.14441320687694995,-0.16666666666666663,-0.6666666666666667,0.3016102989401184,1.0415499215839077,0.6383766661534579,0.018785390502478926,19.738483289327874,0.08333333333333333,-0.007611776779488877,0.0001451464285714285,0.00014959167223432555,0.8333333333333334,0.13333333333333328
2026-01-20 00:00:00+00:00,0.15172701796370391,0.0,-0.6666666666666667,0.3118944738482381,1.0387859950538145,0.6309274031134198,0.01884516358170383,19.75733039745901,0.5833333333333334,-0.007627980841471871,0.0001315964285714285,0.00015515750676712688,0.9166666666666666,0.08333333333333329
2026-01-21 00:00:00+00:00,-0.2875135268116535,-0.6666666666666667,-0.6666666666666667,0.38699506038137416,1.1004481674441045,0.6625665444988091,0.01865395464800893,19.807480395911345,0.5833333333333334,-0.00872963325124021,0.00012852142857142852,0.00016118164751074702,0.9166666666666666,0.049999999999999954
2026-01-22 00:00:00+00:00,-0.09829338703645875,-0.6666666666666667,-0.6666666666666667,0.3897512111550425,1.0463243832587121,0.6655353268720802,0.017462905872800145,19.86078171743668,0.8333333333333334,-0.009250497696219884,0.00011515499999999994,0.00017343458313991418,0.9166666666666666,0.049999999999999954
2026-01-23 00:00:00+00:00,0.20371416877184712,-0.16666666666666663,-0.6666666666666667,0.3868692075750938,1.0487605811172087,0.668067042565922,0.01642869697709672,19.807480395911345,0.08333333333333333,-0.010666984146412706,0.00010568785714285708,0.00017565193032952406,0.8333333333333334,0.049999999999999954
2026-01-24 00:00:00+00:00,0.32642377805940853,0.0,-0.6666666666666667,0.38678633230400067,1.0474457069125842,0.6662362013558225,0.015679926758953334,19.807480395911345,0.08333333333333333,-0.011245721758306904,0.00010141499999999992,0.00017585467233416932,0.8333333333333334,0.033333333333333284
2026-01-25 00:00:00+00:00,0.3206781579456468,0.0,-0.6666666666666667,0.38512106400280494,1.061829879474713,0.6676719883002159,0.014920797622663334,19.807480395911345,0.0,-0.011727190412275934,9.117428571428565e-05,0.00018149543058160983,0.8333333333333334,0.033333333333333284
2026-01-26 00:00:00+00:00,0.008695418592771294,-0.33333333333333337,-0.6666666666666667,0.40781449859336544,0.9801705837538395,0.6690102015237751,0.014398462676641324,19.75027189297462,0.08333333333333333,-0.013354327476285177,7.649428571428565e-05,0.00017176778997143364,0.9166666666666666,0.033333333333333284
2026-01-27 00:00:00+00:00,-0.02001167809341623,-0.33333333333333337,-0.6666666666666667,0.42050338397513376,0.9916781264771166,0.6723130742398085,0.014412792697749019,19.634061652672337,0.08333333333333333,-0.012107169710824373,7.581071428571422e-05,0.00017125121249859023,0.9166666666666666,0.033333333333333284
2026-01-28 00:00:00+00:00,0.11830998365418048,-0.16666666666666663,-0.6666666666666667,0.42696274356999764,0.9729478051742151,0.67356940372301,0.014179027467696429,19.535465210576398,0.0,-0.010765524426484263,7.599571428571423e-05,0.00017417031721235395,0.8333333333333334,0.049999999999999954
2026-01-29 00:00:00+00:00,-0.05032084185273263,-0.5,-0.6666666666666667,0.426356179503254,0.8130065136684923,0.6746982669146687,0.013928319046549262,19.489265703263662,0.0,-0.009906177498596236,6.696428571428565e-05,0.00017827747018824114,0.8333333333333334,0.03333333333333329
2026-01-30 00:00:00+00:00,-0.3722945186930857,-0.6666666666666667,-0.8333333333333334,0.4720453175030433,0.7055909070265995,0.6870116061607668,0.014455019049278803,19.489265703263662,0.9166666666666666,-0.011328439325598627,5.6718571428571366e-05,0.00018463349610451597,0.9166666666666666,0.049999999999999954
2026-01-31 00:00:00+00:00,-0.49163175538698667,-0.6666666666666667,-0.8333333333333334,0.47791413920579856,0.7513189579522854,0.6718611213184542,0.014894962473512633,19.65167545087868,0.9166666666666666,-0.011695792731716004,5.885571428571422e-05,0.0001911746485650778,0.9166666666666666,0.049999999999999954
2026-02-01 00:00:00+00:00,-0.8160168254719119,-0.8333333333333334,-1.0,0.552127749966615,0.7662527398229013,0.6810844168962001,0.0153451011664789,19.729648373569447,1.0,-0.011997883417539712,3.957785714285708e-05,0.00020539289078030844,1.0,0.06666666666666662
2026-02-02 00:00:00+00:00,-1.0189594735340601,-0.8333333333333334,-1.0,0.5609559839104036,0.6466089191320341,0.6722701823700892,0.015925977374077763,19.729648373569447,0.8333333333333334,-0.011800624753698141,2.0229999999999937e-05,0.00023958070979422536,1.0,0.06666666666666662
2026-02-03 00:00:00+00:00,-0.6391517015355631,-0.6666666666666667,-1.0,0.5734535402451535,0.6485612595193548,0.678064367385854,0.015033070427368258,19.729648373569447,1.0,-0.01146524486258127,1.5489285714285652e-05,0.00026007221462282415,1.0,0.06666666666666662
2026-02-04 00:00:00+00:00,-1.181918414977906,-0.8333333333333334,-1.0,0.5847770907275409,0.6700866290646075,0.6705561546005177,0.01521716721984633,19.729648373569447,0.9166666666666666,-0.011549109440792016,-9.778571428572058e-07,0.0002643827809624554,1.0,0.049999999999999954
2026-02-05 00:00:00+00:00,-1.5966436023738437,-0.8333333333333334,-1.0,0.5793675794694758,0.6988009816221576,0.6637246701269095,0.015219933620166052,19.729648373569447,0.6666666666666666,-0.010921327845457629,3.5707142857142237e-06,0.00027069105478537533,1.0,0.049999999999999954
2026-02-06 00:00:00+00:00,-1.834153430634418,-1.0,-1.0,0.7657941222683646,0.9618666160227154,0.7510662468579755,0.01631726469071252,19.9305600528157,1.0,-0.010628928814382377,-2.245000000000061e-06,0.0003022867617443167,1.0,0.09999999999999995
2026-02-07 00:00:00+00:00,-1.1035336030570655,-1.0,-1.0,0.8966192587578102,0.9492077635348901,0.7794488185483051,0.017723958838484787,19.936263158285705,1.0,-0.009914155644656641,-2.423000000000006e-05,0.0003356462990309717,1.0,0.1666666666666666
2026-02-08 00:00:00+00:00,-1.1244398916072993,-1.0,-1.0,0.8970388071508226,0.9599982832087308,0.7797762661231733,0.0174548967327883,19.936263158285705,0.5833333333333334,-0.009022311518526727,-2.0556428571428635e-05,0.0003422830189076579,1.0,0.1833333333333333
2026-02-09 00:00:00+00:00,-1.1316011576435383,-1.0,-1.0,0.8993608051869805,0.9896231605164187,0.7795697599811707,0.01752847399400103,19.9305600528157,0.0,-0.008122118705418735,-2.6857857142857207e-05,0.00035455061155777786,1.0,0.19999999999999996
2026-02-10 00:00:00+00:00,-1.1676934635888025,-1.0,-1.0,0.8999038768701507,1.014067698671709,0.7827803745910471,0.017113641515657474,19.874728623444728,0.16666666666666666,-0.007258576462585431,-3.5644285714285774e-05,0.0003544643279490015,1.0,0.1833333333333333
2026-02-11 00:00:00+00:00,-1.4357355308869606,-1.0,-1.0,0.8994373627628705,0.9200574679643929,0.7847400466376167,0.017080034367578042,19.62885074681053,0.0,-0.007607650677703859,-5.508071428571435e-05,0.00035511598900246774,1.0,0.11666666666666663
2026-02-12 00:00:00+00:00,-1.5401313146313933,-1.0,-1.0,0.9019065901498066,0.8974097942770363,0.7856933017477296,0.01697948830700926,19.673503682276483,0.3333333333333333,-0.007210146725430966,-7.441785714285721e-05,0.0003458538021076273,1.0,0.033333333333333284
2026-02-13 00:00:00+00:00,-1.5175222191828182,-1.0,-1.0,0.8656323031012181,0.8885443798104635,0.7873232355790674,0.01742218075300355,19.673503682276483,0.0,-0.006733449253190582,-7.441214285714292e-05,0.0003456908717958844,1.0,0.01666666666666662
2026-02-14 00:00:00+00:00,-1.213763667172075,-0.8333333333333334,-0.8333333333333334,0.8852745307401356,0.9007715529132063,0.7877299654603749,0.018692024333033443,19.698880895231973,0.16666666666666666,-0.00529408327421832,-7.064357142857149e-05,0.0003376814693418384,1.0,0.01666666666666662
2026-02-15 00:00:00+00:00,-1.1696011019909416,-0.8333333333333334,-1.0,0.8914851267691648,0.8724060843821205,0.7812536616644954,0.019707672231292668,19.698880895231973,0.08333333333333333,-0.0031647723452031262,-5.541285714285721e-05,0.00031839021678913086,1.0,0.01666666666666662
2026-02-16 00:00:00+00:00,-1.2238054178922069,-0.8333333333333334,-1.0,0.8946304636127733,0.9535218661560034,0.780925061783565,0.020110862150872273,19.710613655443183,0.16666666666666666,-0.004645876478440614,-3.820142857142863e-05,0.00028911163505858687,1.0,0.033333333333333284
2026-02-17 00:00:00+00:00,-1.1022388609368896,-0.6666666666666667,-0.8333333333333334,0.8967978056750954,0.9976581122732452,0.7827067772479162,0.01997727977991593,19.710613655443183,0.16666666666666666,-0.0051868664508815665,-3.610928571428578e-05,0.00027089169933606605,1.0,0.033333333333333284
2026-02-18 00:00:00+00:00,-1.1729918702290196,-0.6666666666666667,-1.0,0.8967986878761894,0.9769527652599428,0.7793739266075652,0.01993737893129875,19.710613655443183,0.0,-0.0055474377124259955,-2.9066428571428633e-05,0.0002633740323002514,1.0,0.033333333333333284
2026-02-19 00:00:00+00:00,-1.1251339365590771,-0.8333333333333334,-1.0,0.8965837157847123,1.0061552897047226,0.7820946710999611,0.019453398962027905,19.59609256292981,0.0,-0.004325377948408982,-3.613500000000006e-05,0.0002510991020986506,1.0,0.033333333333333284
2026-02-20 00:00:00+00:00,-1.0979100864658338,-0.8333333333333334,-1.0,0.8794456099410994,0.9737724408782964,0.7824425411316684,0.01918682807474243,19.55898258976311,0.0,-0.004394053701158029,-4.123428571428578e-05,0.00022609668334856427,1.0,0.033333333333333284
2026-02-21 00:00:00+00:00,-1.2145981829808785,-0.8333333333333334,-1.0,0.8792974484686963,0.7895834958434659,0.7825930891886101,0.01879733841247605,19.51840275897521,0.4166666666666667,-0.0028802834929978482,-1.8662142857142916e-05,0.0002004227550006315,1.0,0.01666666666666662
2026-02-22 00:00:00+00:00,-1.214971187818135,-0.8333333333333334,-0.8333333333333334,0.8800171533770368,0.776334382139281,0.7819601429251024,0.018005086694906143,19.45881078149659,0.0,-0.0023567966949947783,-2.2826428571428632e-05,0.00018975419372002642,0.9166666666666666,0.01666666666666662
2026-02-23 00:00:00+00:00,-1.2594069085561412,-0.8333333333333334,-0.6666666666666667,0.8791202056514683,0.7100376796583159,0.7813761607788429,0.01805509944076133,19.40225923883122,0.08333333333333333,-0.0033204277829681494,-2.760714285714292e-05,0.00018734558775697748,0.9166666666666666,0.033333333333333284
2026-02-24 00:00:00+00:00,-1.423912855607392,-1.0,-1.0,0.8881495201775852,0.7733125875310749,0.7830711660069021,0.01864542497698708,19.40225923883122,0.75,-0.003971195151761475,-3.179071428571435e-05,0.00020681397685893313,1.0,0.049999999999999954
2026-02-25 00:00:00+00:00,-1.395482182174271,-0.8333333333333334,-1.0,0.883806039936393,0.7878459980009098,0.7821154622208185,0.018019456466394693,19.40225923883122,0.3333333333333333,-0.003967353295869558,-3.0035714285714346e-05,0.00021045964148504423,1.0,0.04999999999999995
2026-02-26 00:00:00+00:00,-1.0440189689193742,-0.8333333333333334,-1.0,0.933007080896371,0.924814667439043,0.7742015556747927,0.019871461767681585,19.40225923883122,0.9166666666666666,-0.0026622814348047363,-2.018000000000006e-05,0.00020792137166057218,1.0,0.06666666666666662
2026-02-27 00:00:00+00:00,-1.0472499088434535,-0.8333333333333334,-1.0,0.9260836657315246,0.9218998728106512,0.7749540371688777,0.01847180619236208,19.40225923883122,0.3333333333333333,-0.0027462171339467933,-1.4827857142857206e-05,0.00020483304768097006,1.0,0.06666666666666662
2026-02-28 00:00:00+00:00,-1.1835567861366325,-0.8333333333333334,-1.0,0.9296926876926855,0.8678679894175219,0.7763548075986701,0.018504983392219444,19.40225923883122,0.16666666666666666,-0.0023977569974383828,-2.3245000000000063e-05,0.0002073283942176124,1.0,0.049999999999999954
2026-03-01 00:00:00+00:00,-1.144438044037586,-1.0,-1.0,0.9196091850272444,0.8806925296987781,0.7758410464358996,0.018645982304889563,19.45881078149659,0.8333333333333334,-0.0026826645289654283,-3.9830000000000064e-05,0.00021557123560869018,1.0,0.016666666666666614
2026-03-02 00:00:00+00:00,-1.1987006763770118,-1.0,-1.0,0.9185900379946449,0.8889112674605573,0.7766912996609369,0.01935458758382759,19.51840275897521,0.5833333333333334,-0.002512394022744169,-3.7470000000000066e-05,0.00022611973297906513,1.0,0.033333333333333284
2026-03-03 00:00:00+00:00,-1.0111472697807387,-1.0,-1.0,0.89783481068624,0.9666736366561353,0.7783771006887237,0.019679788901620046,19.541139864239657,0.5833333333333334,-0.0015950299930030387,-3.365357142857149e-05,0.0002297570851279924,1.0,0.06666666666666662
2026-03-04 00:00:00+00:00,-1.105982650202325,-1.0,-1.0,0.8842299329124792,0.9819866512630917,0.7771779947805391,0.02004814680470015,19.566517077195147,0.5833333333333334,-0.0014823735627514933,-4.6569285714285775e-05,0.0002347611104296734,1.0,0.08333333333333329
2026-03-05 00:00:00+00:00,-0.8457386427020605,-0.8333333333333334,-1.0,0.9111860203260295,1.0363496475044232,0.7835206769706369,0.02037387035908176,19.59609256292981,0.9166666666666666,-0.000890774548030826,-4.275428571428578e-05,0.00023328000233027512,0.9166666666666666,0.11666666666666661
2026-03-06 00:00:00+00:00,-0.9661386704248818,-1.0,-1.0,0.9029149741764658,1.0135077534607604,0.7853697001120351,0.01960563524790169,19.578249837406357,0.3333333333333333,-0.0021078662588909225,-3.467285714285721e-05,0.0002300073057702213,1.0,0.11666666666666661
2026-03-07 00:00:00+00:00,-1.1885757392146585,-1.0,-1.0,0.9062669276514036,1.013811367298047,0.7901361228719789,0.01820052336376688,19.578249837406357,0.08333333333333333,-0.0031022199347970902,-4.046571428571435e-05,0.00022537868686164212,1.0,0.09999999999999995
2026-03-08 00:00:00+00:00,-1.2294077128580145,-1.0,-1.0,0.7160377209025662,1.0454712405617408,0.7903990208792274,0.01762684363621173,19.52813986463021,0.0,-0.003197101807791314,-5.280285714285721e-05,0.00023644701913965759,1.0,0.049999999999999954
2026-03-09 00:00:00+00:00,-1.3133631273712518,-1.0,-0.8333333333333334,0.5826924982857272,0.95547146386962,0.791983853938394,0.01754552679460382,19.52813986463021,0.0,-0.0038787633145923595,-5.8578571428571494e-05,0.0002378539613086617,0.9166666666666666,0.03333333333333329
2026-03-10 00:00:00+00:00,-1.2855939314722327,-1.0,-1.0,0.5951675595205109,0.9858033859776774,0.7901773204246412,0.018025574295152245,19.541668646180465,0.4166666666666667,-0.0030723906116927324,-5.002285714285722e-05,0.00022023904040417122,1.0,0.01666666666666662
2026-03-11 00:00:00+00:00,-1.2461658603642836,-1.0,-1.0,0.5996167926980026,1.0480214722838512,0.7903780916930535,0.018202590462429693,19.541668646180465,0.5,-0.002695130560698089,-4.339357142857149e-05,0.00021805492613428737,1.0,0.01666666666666662
2026-03-12 00:00:00+00:00,-1.1266355784985558,-1.0,-0.8333333333333334,0.5999155701762562,0.9254318237891734,0.7901047446893373,0.018230084761630606,19.541668646180465,0.4166666666666667,-0.0019617169978943805,-5.281071428571434e-05,0.0002223738313878659,0.9166666666666666,0.01666666666666662
2026-03-13 00:00:00+00:00,-1.0647416613633367,-1.0,-0.8333333333333334,0.591243913226054,0.918984231499586,0.791608108253148,0.017804940111513394,19.541668646180465,0.0,-0.0022698472638115197,-5.978071428571435e-05,0.00022708085167885984,0.9166666666666666,0.01666666666666662
2026-03-14 00:00:00+00:00,-1.022548649895739,-1.0,-0.8333333333333334,0.5784736972111201,0.8754224662792733,0.79232859867762,0.018009652918398466,19.599272250051747,0.9166666666666666,-0.0017969054756322156,-4.231928571428579e-05,0.00022944563411928523,0.9166666666666666,0.01666666666666662
2026-03-15 00:00:00+00:00,-1.0094320621587278,-1.0,-0.8333333333333334,0.5780100063743705,0.8694651545853929,0.7889917264310665,0.017913219434905196,19.599272250051747,0.08333333333333333,-0.001324054153711507,-3.294142857142863e-05,0.00030449878822399773,0.9166666666666666,0.0
2026-03-16 00:00:00+00:00,-0.9339021192284247,-1.0,-0.8333333333333334,0.5673500591134321,0.8738482331570119,0.7910524226403707,0.01702860414175163,19.541668646180465,0.0,0.00020800932189446453,-3.645000000000006e-05,0.0003306702145648025,0.9166666666666666,0.0
2026-03-17 00:00:00+00:00,-0.7442450421121485,-1.0,-0.8333333333333334,0.5923216960527317,0.9439657333411897,0.7939336531365301,0.01829855513968099,19.541668646180465,0.9166666666666666,0.001269199919264885,-2.2545000000000063e-05,0.00032619098006721425,0.9166666666666666,0.049999999999999954
2026-03-18 00:00:00+00:00,-0.9907566236142188,-1.0,-0.8333333333333334,0.5781400574453749,0.8470486935540159,0.7906507681742218,0.015401996651686328,19.52898325187438,0.5833333333333334,0.00014033327078066815,-5.135000000000061e-06,0.0003178856116936933,0.9166666666666666,0.049999999999999954
2026-03-19 00:00:00+00:00,-1.163564235915501,-1.0,-0.8333333333333334,0.601198479099452,0.7574908208344564,0.793631957622198,0.015503503239639524,19.52898325187438,0.6666666666666666,-0.001043504793068195,-6.034285714285775e-06,0.0003183813051097338,0.9166666666666666,0.049999999999999954
2026-03-20 00:00:00+00:00,-1.1999970888480225,-1.0,-0.8333333333333334,0.6064564623233393,0.7237280433669655,0.7945009297448538,0.015297133195382843,19.51987473828731,0.3333333333333333,-0.0013394173426915512,-9.862857142857203e-06,0.0003162293902821393,0.9166666666666666,0.049999999999999954
2026-03-21 00:00:00+00:00,-1.1677319882875878,-0.8333333333333334,-0.8333333333333334,0.6028204221684001,0.724437111893204,0.7939347568638163,0.015299078768420262,19.512025645551912,0.0,-0.0010819646635560898,-7.75642857142863e-06,0.00031368602588224554,0.9166666666666666,0.049999999999999954
2026-03-22 00:00:00+00:00,-1.2484610037978316,-1.0,-0.8333333333333334,0.6109917426136022,0.7048527441719854,0.790726772897506,0.014796723855396338,19.46757401313376,0.08333333333333333,-0.002382017458284369,2.2307142857142255e-06,0.0003007226022517084,0.9166666666666666,0.0
2026-03-23 00:00:00+00:00,-1.2583081498886322,-1.0,-0.8333333333333334,0.6123635963371467,0.7049540092328458,0.7896546952866159,0.014517128881902115,19.39546682781598,0.16666666666666666,-0.0032866552375370728,9.8071428571428e-06,0.00029684126902007336,0.9166666666666666,0.0
2026-03-24 00:00:00+00:00,-1.0377500379051576,-1.0,-0.8333333333333334,0.6317979644729286,0.6535383185248691,0.7895002247556077,0.014513077250442558,19.39546682781598,0.8333333333333334,-0.002843641291499832,9.706428571428513e-06,0.0002983500355009891,0.9166666666666666,0.0
2026-03-25 00:00:00+00:00,-0.8563800234679197,-0.8333333333333334,-0.8333333333333334,0.6312043580624517,0.6071968896560775,0.791138228520053,0.013888231663718501,19.320742792097036,0.25,-0.0036843276288843763,1.2306428571428512e-05,0.000313956945348256,0.9166666666666666,0.0
2026-03-26 00:00:00+00:00,-0.8714215542208544,-0.8333333333333334,-0.8333333333333334,0.6033636386124345,0.5591552061056915,0.7892746734293954,0.013949859510890197,19.27859132732679,0.16666666666666666,-0.0029462827399233116,2.5393571428571367e-05,0.0003234796756026902,0.9166666666666666,0.0
2026-03-27 00:00:00+00:00,-0.9893558923395346,-0.8333333333333334,-0.8333333333333334,0.6253443091297729,0.5819397821508452,0.7908888073810566,0.01407538830335174,19.258647874549894,0.16666666666666666,-0.003536822068122558,2.6664285714285653e-05,0.0003394212984821089,0.9166666666666666,0.0
2026-03-28 00:00:00+00:00,-1.09742205023673,-0.8333333333333334,-0.8333333333333334,0.5690584339231555,0.5839378716561647,0.7889457617191026,0.014501942932084825,19.27859132732679,0.25,-0.004015709570511394,1.839999999999938e-06,0.00034344850570322186,0.9166666666666666,0.0
2026-03-29 00:00:00+00:00,-1.0881933419084777,-0.8333333333333334,-0.8333333333333334,0.5678996647913881,0.6238778404797449,0.7893728623551436,0.014649687168562275,19.27859132732679,0.0,-0.0035825665345892155,-9.492142857142919e-06,0.0002705450997807281,0.9166666666666666,0.0
2026-03-30 00:00:00+00:00,-0.9894316248719742,-0.8333333333333334,-0.8333333333333334,0.5529062657359028,0.7924748628791367,0.78674655158836,0.014780528814109972,19.258647874549894,0.16666666666666666,-0.004992632235575223,-1.572571428571435e-05,0.0002424700670320611,0.9166666666666666,0.01666666666666662
2026-03-31 00:00:00+00:00,-1.0340472861260799,-0.8333333333333334,-0.8333333333333334,0.5526013872681935,0.5593679370606672,0.7826186614734234,0.01469073203087036,19.258647874549894,0.16666666666666666,-0.0047699113028579765,-2.8523571428571495e-05,0.00025210470005794066,0.9166666666666666,0.01666666666666662
2026-04-01 00:00:00+00:00,-1.003040933095278,-0.8333333333333334,-0.8333333333333334,0.5588806963760387,0.8006265042797969,0.7797434284262864,0.014833767800890482,19.258647874549894,0.5833333333333334,-0.005178784095065669,-3.3017857142857206e-05,0.00026643439463443837,0.9166666666666666,0.06666666666666662
2026-04-02 00:00:00+00:00,-0.9732021916042067,-0.8333333333333334,-0.8333333333333334,0.5374605592630981,0.8324510825680467,0.7662691858620435,0.01525415538138554,19.27859132732679,0.25,-0.005072276877667037,-2.701857142857149e-05,0.0002725116818205688,0.9166666666666666,0.08333333333333329
2026-04-03 00:00:00+00:00,-0.8877160235943219,-0.8333333333333334,-0.8333333333333334,0.5446752237910187,0.9053670017082432,0.7691787552238794,0.015182553361999187,19.27859132732679,0.5,-0.006822617950544452,-3.262642857142863e-05,0.00029068761996241423,0.9166666666666666,0.09999999999999995
2026-04-04 00:00:00+00:00,-0.8154234348742743,-0.8333333333333334,-0.8333333333333334,0.49043453046475544,0.9103611651177754,0.7687543178944022,0.015034351912653612,19.27859132732679,0.0,-0.00664808933913702,-2.9827142857142922e-05,0.00029208596758504467,0.9166666666666666,0.08333333333333329
2026-04-05 00:00:00+00:00,-0.548097858805341,-0.8333333333333334,-0.8333333333333334,0.48369061395973384,0.9059451192246223,0.7712823735016462,0.014608265593456163,19.27859132732679,0.0,-0.00692652074927691,-2.5000000000000062e-05,0.00029322247185721405,0.9166666666666666,0.08333333333333329
2026-04-06 00:00:00+00:00,-0.306316051356767,-0.8333333333333334,-0.8333333333333334,0.4657961172426818,0.9435442211289309,0.774777751951188,0.013472323563974853,19.258647874549894,0.0,-0.007682993318769316,-1.8979285714285773e-05,0.000289782878211034,0.9166666666666666,0.049999999999999954
2026-04-07 00:00:00+00:00,-0.4093553221084113,-0.8333333333333334,-0.8333333333333334,0.4645946714942679,0.8796692829162887,0.701925256600113,0.013190410282314425,19.258647874549894,0.16666666666666666,-0.007618120285210028,-7.34214285714292e-06,0.0002872227311259354,0.9166666666666666,0.049999999999999954
2026-04-08 00:00:00+00:00,-0.08243097888825276,-0.6666666666666667,-0.8333333333333334,0.4915320499897729,0.8811843179951169,0.6698615297805257,0.01346189792664922,19.258647874549894,0.6666666666666666,-0.0060896583801878235,-1.646928571428578e-05,0.00027441178377916295,0.9166666666666666,0.033333333333333284
2026-04-09 00:00:00+00:00,-0.016619490003731925,-0.6666666666666667,-0.8333333333333334,0.4855672632217225,0.8951889239866866,0.6726209414349033,0.013745900900186814,19.259144624635788,0.16666666666666666,-0.006423821633004867,-6.155000000000061e-06,0.00025780654698693667,0.9166666666666666,0.08333333333333329
2026-04-10 00:00:00+00:00,0.6316174415137185,0.6666666666666667,-0.8333333333333334,0.4806437521988877,0.898373422941424,0.6741153390301974,0.013412932872278146,19.259144624635788,0.08333333333333333,-0.006356641657773221,-3.0242857142857754e-06,0.00024190314389769085,0.9166666666666666,0.08333333333333329
2026-04-11 00:00:00+00:00,0.26723167154237265,-0.33333333333333337,-0.8333333333333334,0.48496341103001156,0.934702692899638,0.6737099215624974,0.013289486926061588,19.259144624635788,0.0,-0.0049514657294218445,1.6757142857142794e-05,0.00023020112600137115,0.9166666666666666,0.06666666666666662
2026-04-12 00:00:00+00:00,0.3265951500576355,-0.33333333333333337,-0.8333333333333334,0.48527585789227445,0.9560569799853658,0.670586468045534,0.013177499607891158,19.253553477741516,0.0,-0.004585305430753084,2.6739285714285658e-05,0.00022375068493651803,0.9166666666666666,0.06666666666666662
2026-04-13 00:00:00+00:00,0.12047243232172018,-0.5,-0.8333333333333334,0.5035334093396666,0.8843529628473594,0.6716941815787645,0.013024417668244217,19.23658195682645,0.0,-0.006091316614010189,2.4379285714285654e-05,0.00025321326305036916,0.9166666666666666,0.06666666666666662
2026-04-14 00:00:00+00:00,0.38332931237009416,-0.16666666666666663,-0.6666666666666667,0.5504163670117138,1.032778268956199,0.673430307613058,0.013717559051100147,19.262116556497613,0.5,-0.005012953417838528,2.138357142857137e-05,0.0003005572642724532,0.9166666666666666,0.06666666666666662
2026-04-15 00:00:00+00:00,0.4615699567495463,0.16666666666666674,-0.8333333333333334,0.5434406530071059,0.9855324637684706,0.6694769693523412,0.013958365771842063,19.26459681102376,0.3333333333333333,-0.005728540410833205,3.81621428571428e-05,0.0003704568349263204,0.9166666666666666,0.09999999999999995
2026-04-16 00:00:00+00:00,0.6688639080336499,0.5,-0.6666666666666667,0.5132456616666085,0.9553887939551771,0.6827092722879798,0.013519404850427108,19.26459681102376,0.08333333333333333,-0.00444835726381998,3.0387142857142798e-05,0.0004524764847586019,0.9166666666666666,0.09999999999999995
2026-04-17 00:00:00+00:00,0.6863892510326353,0.6666666666666667,-0.5,0.5107165086598641,0.9412219319535422,0.6792052768636196,0.014241350588411977,19.28309785465016,0.5,-0.002849057030054447,4.573357142857137e-05,0.00044185433631834534,0.9166666666666666,0.08333333333333329
2026-04-18 00:00:00+00:00,0.619636610621125,0.6666666666666667,-0.5,0.4931940352865553,1.017277751530216,0.6784666661762498,0.014166472517140788,19.33018142382526,0.75,-0.002538364160265316,5.844571428571423e-05,0.0004409889549416295,0.9166666666666666,0.16666666666666663
2026-04-19 00:00:00+00:00,0.44167204128809107,-0.33333333333333337,-0.5,0.49252866965413483,1.0643614747413717,0.678773189307273,0.01397068780268627,19.33018142382526,0.08333333333333333,-0.0027644726865472258,5.992142857142851e-05,0.0004402629293456018,0.9166666666666666,0.1333333333333333
2026-04-20 00:00:00+00:00,0.4669703312108976,-0.16666666666666663,-0.8333333333333334,0.5067142937379688,0.9940149559080972,0.6782304851996804,0.013836136430567261,19.28309785465016,0.16666666666666666,-0.003863169031781133,6.191071428571423e-05,0.0004399348827748509,0.9166666666666666,0.09999999999999996
2026-04-21 00:00:00+00:00,0.5358562374623084,-0.16666666666666663,-0.5,0.5026810369939629,0.9835530673229326,0.6806016851812552,0.013492342106933402,19.229630587101063,0.08333333333333333,-0.0035177407394105242,5.348285714285708e-05,0.00043462135046281567,0.9166666666666666,0.09999999999999995
2026-04-22 00:00:00+00:00,0.6166847510685356,0.16666666666666674,-0.5,0.4983383330366371,0.9631590212658393,0.682468111579055,0.012915551810546998,19.203475370587057,0.08333333333333333,-0.0037425401908466327,6.732928571428566e-05,0.0004247314855426089,0.9166666666666666,0.09999999999999995
2026-04-23 00:00:00+00:00,0.7891610149208111,0.33333333333333326,-0.5,0.48041235898701073,1.0352270052603734,0.6807363820994298,0.012953248431591171,19.203475370587057,0.4166666666666667,-0.0026853374164164667,6.566428571428566e-05,0.0004221572032113817,0.9166666666666666,0.08333333333333329
2026-04-24 00:00:00+00:00,0.7380196182424361,0.33333333333333326,-0.5,0.48203168096626464,1.035347737920608,0.6812293955480578,0.013038388405541102,19.203475370587057,0.25,-0.0031707641827287136,6.361071428571423e-05,0.0004239528176604398,0.9166666666666666,0.08333333333333329
2026-04-25 00:00:00+00:00,0.6449891147046395,0.33333333333333326,-0.5,0.4832663960220381,1.035732947495341,0.6697142480202432,0.013261595026740574,19.203475370587057,0.08333333333333333,-0.003272729058863888,6.275857142857137e-05,0.0004369352018606256,0.9166666666666666,0.08333333333333329
2026-04-26 00:00:00+00:00,0.6507865217812683,0.16666666666666674,-0.5,0.4537563076468809,1.0116710353112919,0.6710684197294535,0.012785119371908677,19.203475370587057,0.0,-0.0035351206713647443,6.847928571428565e-05,0.00045595575218085197,0.9166666666666666,0.08333333333333329
2026-04-27 00:00:00+00:00,0.7540501795151134,0.5,-0.33333333333333337,0.43385873750236836,1.0227178258939649,0.650166591838392,0.012564703130935908,19.183577004496595,0.0,-0.0029226538290784143,7.784428571428565e-05,0.00042064931372760015,0.9166666666666666,0.08333333333333329
2026-04-28 00:00:00+00:00,0.8913004941672782,0.5,-0.5,0.44448176349855595,0.849467949939588,0.6485890113702697,0.012035637507844777,19.183577004496595,0.16666666666666666,-0.004341171049573156,7.528571428571423e-05,0.00036396466763585327,0.9166666666666666,0.016666666666666632
2026-04-29 00:00:00+00:00,0.8726996849049793,0.5,-0.33333333333333337,0.4460666216200958,0.8198749976733198,0.6416719865732883,0.011589320169535278,19.161945607304833,0.08333333333333333,-0.004140868396497965,6.123999999999994e-05,0.00028556616582079547,0.8333333333333334,0.0
2026-04-30 00:00:00+00:00,0.4806873261866554,-0.33333333333333337,-0.33333333333333337,0.44762678648764603,0.8285747182519976,0.6395977345346779,0.012092170739334423,19.183577004496595,0.4166666666666667,-0.005220311845016146,7.12771428571428e-05,0.00020466874312440606,0.9166666666666666,0.0
2026-05-01 00:00:00+00:00,0.5578235006473962,-0.16666666666666663,-0.33333333333333337,0.4376078816921108,0.83446389547406,0.6368437024707626,0.012152903577275803,19.183577004496595,0.08333333333333333,-0.005006268198480601,6.292357142857137e-05,0.0001993342959543537,0.5,0.0
2026-05-02 00:00:00+00:00,0.8478279270099223,0.5,-0.33333333333333337,0.44168571012129304,0.7064857853076061,0.6367462053097149,0.012118361523571066,19.183577004496595,0.08333333333333333,-0.004852898377426751,5.2023571428571365e-05,0.00019737143851539726,0.5,0.0333333333333333
2026-05-03 00:00:00+00:00,0.8022727875665953,0.33333333333333326,-0.33333333333333337,0.42620814159497833,0.646434692678077,0.6396789647480181,0.011666691593679748,19.161945607304833,0.08333333333333333,-0.0034053457428620537,4.8804999999999944e-05,0.00019673723028109223,0.5,0.0333333333333333
2026-05-04 00:00:00+00:00,0.883369520626882,0.5,-0.33333333333333337,0.42610782827358357,0.6486192360167895,0.6198555549432392,0.010916268447912944,19.133426206495443,0.08333333333333333,-0.003978539678581305,5.370499999999994e-05,0.00019065866256830788,0.5,0.0333333333333333
2026-05-05 00:00:00+00:00,0.7435337022614733,0.16666666666666674,-0.16666666666666663,0.4271897376947493,0.6961347056715186,0.6175528600620197,0.010400982616070557,19.133426206495443,0.8333333333333334,-0.0037108763243510756,6.40121428571428e-05,0.00018775210503547103,0.4166666666666667,0.04999999999999997
2026-05-06 00:00:00+00:00,0.8682577414212242,0.33333333333333326,0.0,0.4223202703386305,0.7264098734629532,0.6135900689394274,0.010842597451217045,19.133426206495443,0.4166666666666667,-0.0036510004733750767,6.944928571428565e-05,0.00018816594985286448,0.3333333333333333,0.04999999999999997
2026-05-07 00:00:00+00:00,0.571675421264991,-0.16666666666666663,0.6666666666666667,0.421835019192704,0.5826564193372405,0.6094702635600355,0.009985352615246874,19.133426206495443,0.9166666666666666,-0.003953742403187577,7.093785714285709e-05,0.0001943765920704947,0.25,0.016666666666666632
2026-05-08 00:00:00+00:00,0.592347329721148,0.0,0.16666666666666674,0.3944014981690056,0.6589655775387027,0.609048886079478,0.010110923405756322,19.133426206495443,0.25,-0.005048279296831493,8.278285714285709e-05,0.0001907998559691835,0.3333333333333333,0.016666666666666632
2026-05-09 00:00:00+00:00,0.8764683624535095,0.8333333333333333,0.8333333333333333,0.3881532044055541,0.6180416638349115,0.6108248389434191,0.010282996643950628,19.114585353323488,0.25,-0.0040639034577955035,8.33514285714285e-05,0.00018140042335179862,0.16666666666666666,0.016666666666666632
2026-05-10 00:00:00+00:00,0.9650806071316256,0.6666666666666667,0.6666666666666667,0.38836525502943664,0.6026397488789913,0.611868127038036,0.010285144307481665,19.071884297861203,0.0,-0.0036359943258589267,9.355142857142851e-05,0.00016078630761699451,0.16666666666666666,0.0
2026-05-11 00:00:00+00:00,1.174185360588042,0.8333333333333333,0.8333333333333333,0.38759682135550827,0.5294122956713785,0.6158556639803638,0.010478694807900013,19.114585353323488,0.5,-0.0036018362629958167,0.00010014571428571422,0.00015213430335496986,0.16666666666666666,0.0
2026-05-12 00:00:00+00:00,0.9499918296293118,0.8333333333333333,0.8333333333333333,0.3892453147501209,0.5795156329849995,0.6126078115889324,0.010943444725233061,19.12695915245731,0.5833333333333334,-0.004280694494481374,0.00011459071428571423,0.00014619692900917565,0.16666666666666666,0.016666666666666632
2026-05-13 00:00:00+00:00,0.7040793205059661,0.6666666666666667,0.6666666666666667,0.37335456583678917,0.6083465600286492,0.6173972157796526,0.01079949952739176,19.12695915245731,0.6666666666666666,-0.005289844245510822,0.00011800785714285708,0.0001439538953745729,0.16666666666666666,0.016666666666666632
2026-05-14 00:00:00+00:00,0.6103180557225419,0.6666666666666667,0.6666666666666667,0.3025266684367935,0.6236685413457441,0.6151321430227874,0.010956036897605203,19.151818001956613,0.6666666666666666,-0.005851911422444622,0.00011577428571428565,0.00013995338697782165,0.25,0.0333333333333333
2026-05-15 00:00:00+00:00,0.6576025901899769,0.6666666666666667,0.8333333333333333,0.30422532257725965,0.612644478071162,0.6157095460192491,0.01101290828746669,19.234909092948943,0.75,-0.006289581843851644,0.0001230571428571428,0.00013788882309655705,0.16666666666666666,0.04999999999999997
2026-05-16 00:00:00+00:00,0.4705065143329212,0.5,0.6666666666666667,0.31492112766472313,0.5810070973029227,0.6238022598925735,0.01136782226776608,19.250425208882167,0.4166666666666667,-0.006680362137938545,0.00012126285714285708,0.0001398640951836818,0.25,0.04999999999999997
2026-05-17 00:00:00+00:00,0.3632938635269095,0.16666666666666674,0.5,0.31989989588457596,0.6166452651859262,0.6310218734073069,0.011698172941391367,19.250425208882167,0.25,-0.008491623858017217,0.00011888285714285709,0.00013920086830010735,0.3333333333333333,0.033333333333333305
2026-05-18 00:00:00+00:00,0.11006902102056484,-0.33333333333333337,0.0,0.3075296146158911,0.6321453071048218,0.6176585725500187,0.011659536959047466,19.239553221370485,0.08333333333333333,-0.00876242925304227,0.00011719928571428566,0.00014304015204726975,0.5,0.033333333333333305
2026-05-19 00:00:00+00:00,-0.20738874558158574,-0.5,-0.16666666666666663,0.29775568833761074,0.6846730853316676,0.6087555950484229,0.012371219397941018,19.29167190194528,0.8333333333333334,-0.008907091347777896,0.00010153785714285709,0.00016042003920637503,0.5,0.04999999999999996
2026-05-20 00:00:00+00:00,-0.15690694759942733,-0.5,-0.16666666666666663,0.27770536889941905,0.760637148600857,0.609247955517018,0.011973084847960384,19.239553221370485,0.08333333333333333,-0.008785870271904195,9.326785714285708e-05,0.0001711434530617455,0.6666666666666666,0.03333333333333329
2026-05-21 00:00:00+00:00,0.15305638060433113,-0.33333333333333337,0.0,0.2648977029802405,0.767420663525447,0.6065509200222063,0.0119299447160115,19.239553221370485,0.08333333333333333,-0.008711612553226444,8.519142857142851e-05,0.00017481166019554933,0.75,0.03333333333333329
2026-05-22 00:00:00+00:00,0.31191022810144337,-0.16666666666666663,0.0,0.26379139784416794,0.7551507518479812,0.6077065885543882,0.011961236930954475,19.239553221370485,0.4166666666666667,-0.008810404450181053,8.179428571428564e-05,0.00017126308444248448,0.5833333333333334,0.03333333333333329
2026-05-23 00:00:00+00:00,0.0926750802427758,-0.16666666666666663,-0.16666666666666663,0.2682750951557227,0.7676403993567624,0.6188607725132727,0.012168173520549401,19.29358883410002,0.5833333333333334,-0.0102631402547268,8.020142857142851e-05,0.00017188454146169113,0.75,0.049999999999999954
2026-05-24 00:00:00+00:00,0.3715078729880099,0.0,-0.16666666666666663,0.2791502250197446,0.7826436222745798,0.6208854556483085,0.012255484782500142,19.33607768212817,0.8333333333333334,-0.011027800405413957,6.357285714285708e-05,0.00018545109415689086,0.75,0.016666666666666632
2026-05-25 00:00:00+00:00,0.45102174876833473,0.0,-0.16666666666666663,0.2781354752258898,0.8074079883620753,0.6199203944701801,0.012451556842034512,19.29358883410002,0.08333333333333333,-0.011929049179293272,6.601428571428565e-05,0.0002127090412991602,0.75,0.0333333333333333
2026-05-26 00:00:00+00:00,0.21373272582909708,-0.16666666666666663,-0.16666666666666663,0.2787010811069143,0.822169925088791,0.6030993822627294,0.01202542997607908,19.29358883410002,0.16666666666666666,-0.01232566803752233,6.413142857142851e-05,0.00023394494439220407,0.75,0.0333333333333333
2026-05-27 00:00:00+00:00,0.10772178892588205,-0.16666666666666663,-0.16666666666666663,0.2758951654989874,0.8090505780976587,0.6045483264578643,0.011672199365306838,19.23605426429112,0.25,-0.012370585341825613,6.812999999999993e-05,0.00024693635283938993,0.75,0.0333333333333333
2026-05-28 00:00:00+00:00,-0.08041012169675071,-0.33333333333333337,-0.33333333333333337,0.2755098723153097,0.8170064213367912,0.6139057576038927,0.011399020610798434,19.20654912456873,0.16666666666666666,-0.01249093400467255,6.576642857142852e-05,0.0002524356309986012,0.75,0.0333333333333333
2026-05-29 00:00:00+00:00,0.13708408698414248,-0.16666666666666663,-0.33333333333333337,0.2753550143755566,0.7461436279021478,0.6173542974806305,0.012011143151055368,19.27457376108743,0.75,-0.013346439382528275,5.491071428571422e-05,0.00026153024434942557,0.8333333333333334,0.06666666666666662
2026-05-30 00:00:00+00:00,0.368519339943995,0.16666666666666674,-0.33333333333333337,0.273588772790485,0.721585345670956,0.6173426315415429,0.012088104306811584,19.27457376108743,0.25,-0.013489012805538603,6.063285714285708e-05,0.0002851807923507278,0.8333333333333334,0.06666666666666662
2026-05-31 00:00:00+00:00,0.3992680579773926,0.33333333333333326,-0.33333333333333337,0.2736532834700064,0.5975239880316409,0.599733222144107,0.013013945739210173,19.20654912456873,0.16666666666666666,-0.01373219805693815,6.72671428571428e-05,0.00030296692972791613,0.8333333333333334,0.06666666666666662
2026-06-01 00:00:00+00:00,0.3996066395984712,0.33333333333333326,-0.33333333333333337,0.26096778005990623,0.6169097501436536,0.603782558175504,0.012586435298449983,19.18323547468839,0.08333333333333333,-0.013736148128285275,6.795571428571422e-05,0.00030823458380558775,0.8333333333333334,0.06666666666666662
2026-06-02 00:00:00+00:00,0.18816058123220236,-0.16666666666666663,-0.5,0.2614252314661526,0.7021166092712542,0.6020160097936517,0.012673874828004823,19.18323547468839,0.8333333333333334,-0.013669806058636547,7.965999999999994e-05,0.00031410946361644674,0.8333333333333334,0.0833333333333333
2026-06-03 00:00:00+00:00,-0.4424667752468884,-0.5,-0.6666666666666667,0.3518305448192757,0.7074327609204232,0.6676357288343697,0.012702659372706922,19.18323547468839,1.0,-0.0143964906649785,8.011499999999995e-05,0.00034177379851286046,0.9166666666666666,0.09999999999999996
2026-06-04 00:00:00+00:00,-0.6705376705927474,-0.6666666666666667,-0.8333333333333334,0.3557912588868973,0.7728290546596049,0.6553398749772176,0.01385812880748664,19.18323547468839,1.0,-0.014826578428611181,7.734142857142851e-05,0.00035913858822392666,1.0,0.14999999999999997
2026-06-05 00:00:00+00:00,-0.5886545159125938,-0.6666666666666667,-0.8333333333333334,0.35081936932810054,1.1555156333117609,0.6511160746392558,0.014795918357090532,19.18323547468839,1.0,-0.014772220513077361,7.080928571428565e-05,0.0003981771785806477,1.0,0.24999999999999994
2026-06-06 00:00:00+00:00,-0.9614909917139148,-0.8333333333333334,-1.0,0.42513218344665027,1.332535768819919,0.7003746138325299,0.015999361910848914,19.20654912456873,1.0,-0.014440884645440188,6.22521428571428e-05,0.00044810600498345964,1.0,0.3166666666666666
2026-06-07 00:00:00+00:00,-1.0229916347726695,-0.8333333333333334,-1.0,0.42390052747627216,1.4832234577277963,0.6855235916718102,0.016533266786654267,19.27457376108743,0.75,-0.013356560210125157,5.685357142857137e-05,0.00047181844811271473,1.0,0.29999999999999993
2026-06-08 00:00:00+00:00,-0.8061547524357131,-0.6666666666666667,-0.8333333333333334,0.48299940557705434,1.469947155324561,0.6999958524443901,0.016399199374795528,19.27457376108743,0.8333333333333334,-0.012138405339953195,4.3254285714285655e-05,0.0004552291063151249,1.0,0.24999999999999994
2026-06-09 00:00:00+00:00,-0.8059961759686535,-0.6666666666666667,-0.8333333333333334,0.4801846930149784,1.4821937815836796,0.692038535757182,0.017464818000219123,19.33607768212817,0.5,-0.011663995875141997,3.975642857142851e-05,0.0004443678503660787,1.0,0.19999999999999996
2026-06-10 00:00:00+00:00,-1.2629103982610987,-0.8333333333333334,-1.0,0.4722459463073646,1.481551840133818,0.6935376893889856,0.017480547354313043,19.34203234683455,0.6666666666666666,-0.012405026607708147,2.2987142857142794e-05,0.0004417438921263957,1.0,0.09999999999999995
2026-06-11 00:00:00+00:00,-1.2112351791109928,-0.8333333333333334,-1.0,0.4724049090010296,1.5371331829047343,0.6951648285719912,0.01771417121218802,19.354902815309547,0.5,-0.012915056625374899,2.1246428571428508e-05,0.00044069623305017624,1.0,0.08333333333333329
2026-06-12 00:00:00+00:00,-1.0416746286479115,-0.8333333333333334,-1.0,0.49421827330893775,1.4977456218972827,0.6953263584472027,0.01812435924915959,19.354902815309547,0.4166666666666667,-0.011279903825833493,2.745928571428565e-05,0.00043826161473757867,1.0,0.06666666666666662
2026-06-13 00:00:00+00:00,-1.1742646241876902,-1.0,-1.0,0.49468466973921915,1.4263101188287302,0.6945837594902768,0.01793571001410976,19.354902815309547,0.25,-0.01063187887143846,1.9737142857142793e-05,0.0004658058994005341,1.0,0.06666666666666662
2026-06-14 00:00:00+00:00,-1.163771132903327,-0.8333333333333334,-1.0,0.49172732040850764,1.4270270366279936,0.7012639005179648,0.017746765137217655,19.354902815309547,0.0,-0.009264193929789388,1.6911428571428513e-05,0.0004566309427897046,1.0,0.049999999999999954
2026-06-15 00:00:00+00:00,-0.847968176394114,-0.6666666666666667,-1.0,0.5001893156460412,1.5155359055572593,0.7013849580756033,0.018156005487735168,19.354902815309547,0.08333333333333333,-0.009223832216276762,3.5849999999999386e-06,0.00046217399609245583,1.0,0.049999999999999954
2026-06-16 00:00:00+00:00,-1.1307538476705898,-0.8333333333333334,-1.0,0.5110825173853151,1.462061134313217,0.6987973633095714,0.019041893063160707,19.42558146971661,0.75,-0.009157991678806154,2.8071428571427976e-06,0.00044880755721947137,1.0,0.049999999999999954
2026-06-17 00:00:00+00:00,-1.0953735422101913,-1.0,-1.0,0.5098288141005375,1.3052408100934065,0.6993983279091107,0.01939565324147794,19.42558146971661,0.4166666666666667,-0.008678737219161348,-3.081428571428631e-06,0.0004211770419604956,1.0,0.049999999999999954
2026-06-18 00:00:00+00:00,-1.2879190635442834,-1.0,-1.0,0.5125669766550967,1.1716005850503874,0.6970362955849543,0.018501239221157935,19.39876058196344,0.75,-0.008310072669727997,-4.8442857142857745e-06,0.0004122659898080661,1.0,0.049999999999999954
2026-06-19 00:00:00+00:00,-1.4125840100069502,-1.0,-1.0,0.5160906311606852,1.176142608207301,0.6976972924213822,0.018727048032493126,19.39876058196344,0.3333333333333333,-0.008504404113589825,-9.43142857142863e-06,0.00038240847041729,1.0,0.049999999999999954
2026-06-20 00:00:00+00:00,-1.5673377472434185,-1.0,-1.0,0.5147392318308097,1.0253799268790584,0.6940407695540771,0.0176255479273241,19.39876058196344,0.0,-0.009002914140524954,-3.808571428571487e-06,0.00033843872276532436,1.0,0.049999999999999954
2026-06-21 00:00:00+00:00,-1.3474487966630788,-1.0,-1.0,0.5194288513182412,0.9915864245454362,0.6931167702281346,0.01797751410013653,19.39876058196344,0.0,-0.008192270378266475,4.628571428570842e-07,0.00030383926453747036,1.0,0.0
2026-06-22 00:00:00+00:00,-1.2788092627351695,-1.0,-1.0,0.5142954416621647,1.003297188585095,0.6961369298923262,0.018006100151058774,19.354902815309547,0.0,-0.007904796538970082,8.074285714285655e-06,0.00030211688659057375,1.0,0.0
2026-06-23 00:00:00+00:00,-1.3685428933877446,-0.8333333333333334,-0.8333333333333334,0.5095660249908268,0.8939819970582938,0.6985397820312165,0.017631975675813597,19.343124530580635,0.16666666666666666,-0.006185480786582154,7.83857142857137e-06,0.00029627674147537035,1.0,0.01666666666666662
2026-06-24 00:00:00+00:00,-1.5590456789685398,-1.0,-1.0,0.5148822130702717,1.0487473267612035,0.703028340154247,0.016621258014517516,19.288617287875446,0.25,-0.00680676997100893,7.849285714285654e-06,0.0002898585475544783,1.0,0.033333333333333284
2026-06-25 00:00:00+00:00,-1.853706400180031,-1.0,-1.0,0.51746215922531,0.8036847082006675,0.7050259560661,0.01546742333455434,19.288617287875446,0.9166666666666666,-0.007188630180039568,2.8321428571427978e-06,0.0002885089662504669,1.0,0.033333333333333284
2026-06-26 00:00:00+00:00,-1.9478347468728832,-1.0,-1.0,0.5207907551750258,0.7913715452394334,0.7017411981929922,0.014469141909411318,19.288617287875446,0.75,-0.0064275913666825835,-1.5221428571429156e-06,0.0002851561241648373,1.0,0.049999999999999954
2026-06-27 00:00:00+00:00,-1.8593370473015907,-1.0,-1.0,0.5209266755528685,0.7837056211981733,0.6999133838450184,0.014366477336474134,19.25123345936414,0.75,-0.0063560766968105975,3.1849999999999403e-06,0.00023709953214367147,1.0,0.049999999999999954
2026-06-28 00:00:00+00:00,-1.8856976134556918,-1.0,-1.0,0.52125768633845,0.904877611630696,0.6981644252152819,0.014154227645485292,19.203202751616374,0.0,-0.007236716730974535,1.6128571428570834e-06,0.00023393144918019585,1.0,0.049999999999999954
2026-06-29 00:00:00+00:00,-2.0305258102687977,-1.0,-1.0,0.5206902755378505,0.9223472746878731,0.7023783522724074,0.013143385688240892,19.157311461268364,0.0,-0.007821679776439272,1.0492857142857084e-05,0.00022550415149593,1.0,0.033333333333333284
2026-06-30 00:00:00+00:00,-1.7809938550732498,-1.0,-1.0,0.5269283333694363,0.782592398477872,0.7034680192778561,0.013540217445922011,19.13053257486012,0.3333333333333333,-0.0069969842655335235,5.6314285714285135e-06,0.00022238342360952592,1.0,0.033333333333333284
