timestamp,open_hyperliquid,close_hyperliquid
2023-05-01 00:00:00+00:00,1868.1,1848.4
2023-05-01 08:00:00+00:00,1848.5,1832.9
2023-05-01 16:00:00+00:00,1833.2,1829.8
2023-05-02 00:00:00+00:00,1829.8,1834.8
2023-05-02 08:00:00+00:00,1834.9,1857.9
2023-05-02 16:00:00+00:00,1857.7,1868.9
2023-05-03 00:00:00+00:00,1869.3,1864.4
2023-05-03 08:00:00+00:00,1864.6,1852.0
2023-05-03 16:00:00+00:00,1852.3,1904.2
2023-05-04 00:00:00+00:00,1904.6,1898.0
2023-05-04 08:00:00+00:00,1898.0,1885.7
2023-05-04 16:00:00+00:00,1884.6,1876.1
2023-05-05 00:00:00+00:00,1876.2,1894.0
2023-05-05 08:00:00+00:00,1894.4,1952.8
2023-05-05 16:00:00+00:00,1953.0,1992.7
2023-05-06 00:00:00+00:00,1993.5,1957.8
2023-05-06 08:00:00+00:00,1958.1,1876.7
2023-05-06 16:00:00+00:00,1876.2,1895.6
2023-05-07 00:00:00+00:00,1895.4,1904.7
2023-05-07 08:00:00+00:00,1904.5,1916.3
2023-05-07 16:00:00+00:00,1916.7,1869.6
2023-05-08 00:00:00+00:00,1869.5,1850.7
2023-05-08 08:00:00+00:00,1850.3,1864.1
2023-05-08 16:00:00+00:00,1863.5,1846.5
2023-05-09 00:00:00+00:00,1846.6,1843.6
2023-05-09 08:00:00+00:00,1842.4,1839.5
2023-05-09 16:00:00+00:00,1835.4,1845.7
2023-05-10 00:00:00+00:00,1850.3,1838.5
2023-05-10 08:00:00+00:00,1837.6,1872.0
2023-05-10 16:00:00+00:00,1871.7,1840.2
2023-05-11 00:00:00+00:00,1840.1,1828.8
2023-05-11 08:00:00+00:00,1827.3,1807.0
2023-05-11 16:00:00+00:00,1807.0,1795.2
2023-05-12 00:00:00+00:00,1793.6,1761.0
2023-05-12 08:00:00+00:00,1758.4,1764.7
2023-05-12 16:00:00+00:00,1764.5,1806.9
2023-05-13 00:00:00+00:00,1804.5,1802.1
2023-05-13 08:00:00+00:00,1803.0,1795.8
2023-05-13 16:00:00+00:00,1792.8,1794.0
2023-05-14 00:00:00+00:00,1794.0,1804.4
2023-05-14 08:00:00+00:00,1803.9,1818.3
2023-05-14 16:00:00+00:00,1818.4,1798.4
2023-05-15 00:00:00+00:00,1798.3,1827.6
2023-05-15 08:00:00+00:00,1828.6,1824.2
2023-05-15 16:00:00+00:00,1827.1,1815.4
2023-05-16 00:00:00+00:00,1815.2,1821.8
2023-05-16 08:00:00+00:00,1821.6,1819.3
2023-05-16 16:00:00+00:00,1819.6,1823.3
2023-05-17 00:00:00+00:00,1821.9,1807.7
2023-05-17 08:00:00+00:00,1805.5,1796.1
2023-05-17 16:00:00+00:00,1796.2,1821.5
2023-05-18 00:00:00+00:00,1822.1,1827.3
2023-05-18 08:00:00+00:00,1826.2,1807.3
2023-05-18 16:00:00+00:00,1806.6,1799.6
2023-05-19 00:00:00+00:00,1799.5,1805.5
2023-05-19 08:00:00+00:00,1804.8,1815.0
2023-05-19 16:00:00+00:00,1815.1,1811.3
2023-05-20 00:00:00+00:00,1811.6,1810.5
2023-05-20 08:00:00+00:00,1810.6,1816.8
2023-05-20 16:00:00+00:00,1816.6,1819.1
2023-05-21 00:00:00+00:00,1819.1,1816.2
2023-05-21 08:00:00+00:00,1813.3,1806.3
2023-05-21 16:00:00+00:00,1806.3,1804.1
2023-05-22 00:00:00+00:00,1803.9,1810.7
2023-05-22 08:00:00+00:00,1810.5,1817.1
2023-05-22 16:00:00+00:00,1815.5,1816.4
2023-05-23 00:00:00+00:00,1816.7,1852.5
2023-05-23 08:00:00+00:00,1852.8,1856.0
2023-05-23 16:00:00+00:00,1855.9,1853.0
2023-05-24 00:00:00+00:00,1853.1,1813.4
2023-05-24 08:00:00+00:00,1812.5,1791.5
2023-05-24 16:00:00+00:00,1792.1,1798.9
2023-05-25 00:00:00+00:00,1799.1,1777.7
2023-05-25 08:00:00+00:00,1778.0,1790.8
2023-05-25 16:00:00+00:00,1791.2,1804.7
2023-05-26 00:00:00+00:00,1805.2,1815.8
2023-05-26 08:00:00+00:00,1816.1,1829.5
2023-05-26 16:00:00+00:00,1830.1,1827.1
2023-05-27 00:00:00+00:00,1826.9,1828.3
2023-05-27 08:00:00+00:00,1829.0,1822.5
2023-05-27 16:00:00+00:00,1822.9,1829.0
2023-05-28 00:00:00+00:00,1829.0,1846.5
2023-05-28 08:00:00+00:00,1847.1,1841.8
2023-05-28 16:00:00+00:00,1842.9,1907.6
2023-05-29 00:00:00+00:00,1908.4,1899.5
2023-05-29 08:00:00+00:00,1899.9,1889.0
2023-05-29 16:00:00+00:00,1888.9,1891.5
2023-05-30 00:00:00+00:00,1891.4,1898.9
2023-05-30 08:00:00+00:00,1897.7,1899.1
2023-05-30 16:00:00+00:00,1899.5,1897.9
2023-05-31 00:00:00+00:00,1901.5,1868.7
2023-05-31 08:00:00+00:00,1870.9,1856.8
2023-05-31 16:00:00+00:00,1857.5,1873.4
2023-06-01 00:00:00+00:00,1873.7,1853.1
2023-06-01 08:00:00+00:00,1854.7,1861.5
2023-06-01 16:00:00+00:00,1865.3,1860.3
2023-06-02 00:00:00+00:00,1860.8,1885.4
2023-06-02 08:00:00+00:00,1885.4,1891.3
2023-06-02 16:00:00+00:00,1892.1,1905.8
2023-06-03 00:00:00+00:00,1906.2,1902.5
2023-06-03 08:00:00+00:00,1902.1,1903.5
2023-06-03 16:00:00+00:00,1903.5,1891.7
2023-06-04 00:00:00+00:00,1891.5,1898.3
2023-06-04 08:00:00+00:00,1899.7,1902.2
2023-06-04 16:00:00+00:00,1900.5,1889.6
2023-06-05 00:00:00+00:00,1887.3,1872.5
2023-06-05 08:00:00+00:00,1873.1,1824.6
2023-06-05 16:00:00+00:00,1819.6,1810.8
2023-06-06 00:00:00+00:00,1810.0,1812.3
2023-06-06 08:00:00+00:00,1813.8,1840.5
2023-06-06 16:00:00+00:00,1844.0,1886.4
2023-06-07 00:00:00+00:00,1884.4,1876.8
2023-06-07 08:00:00+00:00,1875.6,1838.1
2023-06-07 16:00:00+00:00,1836.7,1832.4
2023-06-08 00:00:00+00:00,1837.3,1841.7
2023-06-08 08:00:00+00:00,1841.3,1860.4
2023-06-08 16:00:00+00:00,1853.8,1848.7
2023-06-09 00:00:00+00:00,1838.6,1831.7
2023-06-09 08:00:00+00:00,1838.5,1840.2
2023-06-09 16:00:00+00:00,1842.0,1837.2
2023-06-10 00:00:00+00:00,1839.0,1739.7
2023-06-10 08:00:00+00:00,1730.4,1733.9
2023-06-10 16:00:00+00:00,1739.9,1753.7
2023-06-11 00:00:00+00:00,1750.0,1755.4
2023-06-11 08:00:00+00:00,1750.0,1743.7
2023-06-11 16:00:00+00:00,1747.9,1743.1
2023-06-12 00:00:00+00:00,1749.5,1732.5
2023-06-12 08:00:00+00:00,1742.8,1734.5
2023-06-12 16:00:00+00:00,1729.4,1740.2
2023-06-13 00:00:00+00:00,1741.6,1747.3
2023-06-13 08:00:00+00:00,1752.7,1728.9
2023-06-13 16:00:00+00:00,1733.0,1735.6
2023-06-14 00:00:00+00:00,1744.9,1741.3
2023-06-14 08:00:00+00:00,1745.7,1737.6
2023-06-14 16:00:00+00:00,1743.0,1649.9
2023-06-15 00:00:00+00:00,1649.3,1638.2
2023-06-15 08:00:00+00:00,1639.2,1641.6
2023-06-15 16:00:00+00:00,1642.0,1665.6
2023-06-16 00:00:00+00:00,1666.2,1670.9
2023-06-16 08:00:00+00:00,1671.4,1678.6
2023-06-16 16:00:00+00:00,1681.1,1717.1
2023-06-17 00:00:00+00:00,1718.6,1743.9
2023-06-17 08:00:00+00:00,1744.8,1728.2
2023-06-17 16:00:00+00:00,1726.8,1726.9
2023-06-18 00:00:00+00:00,1727.5,1729.4
2023-06-18 08:00:00+00:00,1730.8,1737.5
2023-06-18 16:00:00+00:00,1737.0,1720.8
2023-06-19 00:00:00+00:00,1720.7,1724.1
2023-06-19 08:00:00+00:00,1724.1,1721.4
2023-06-19 16:00:00+00:00,1720.9,1737.1
2023-06-20 00:00:00+00:00,1736.4,1729.6
2023-06-20 08:00:00+00:00,1729.6,1732.6
2023-06-20 16:00:00+00:00,1731.0,1791.7
2023-06-21 00:00:00+00:00,1792.3,1812.0
2023-06-21 08:00:00+00:00,1812.0,1849.6
2023-06-21 16:00:00+00:00,1848.4,1888.9
2023-06-22 00:00:00+00:00,1889.0,1910.8
2023-06-22 08:00:00+00:00,1910.2,1875.4
2023-06-22 16:00:00+00:00,1875.4,1872.7
2023-06-23 00:00:00+00:00,1871.8,1880.6
2023-06-23 08:00:00+00:00,1879.8,1917.7
2023-06-23 16:00:00+00:00,1917.0,1892.2
2023-06-24 00:00:00+00:00,1892.0,1881.9
2023-06-24 08:00:00+00:00,1882.3,1874.3
2023-06-24 16:00:00+00:00,1872.9,1875.2
2023-06-25 00:00:00+00:00,1875.3,1910.8
2023-06-25 08:00:00+00:00,1911.4,1886.0
2023-06-25 16:00:00+00:00,1884.9,1898.5
2023-06-26 00:00:00+00:00,1898.1,1891.5
2023-06-26 08:00:00+00:00,1891.3,1888.4
2023-06-26 16:00:00+00:00,1888.2,1858.9
2023-06-27 00:00:00+00:00,1859.1,1875.3
2023-06-27 08:00:00+00:00,1877.4,1871.1
2023-06-27 16:00:00+00:00,1870.2,1889.8
2023-06-28 00:00:00+00:00,1888.9,1851.2
2023-06-28 08:00:00+00:00,1850.8,1858.3
2023-06-28 16:00:00+00:00,1858.6,1826.7
2023-06-29 00:00:00+00:00,1828.0,1846.3
2023-06-29 08:00:00+00:00,1847.0,1850.9
2023-06-29 16:00:00+00:00,1852.9,1850.9
2023-06-30 00:00:00+00:00,1851.7,1887.6
2023-06-30 08:00:00+00:00,1888.0,1850.9
2023-06-30 16:00:00+00:00,1851.7,1933.0
2023-07-01 00:00:00+00:00,1933.3,1919.5
2023-07-01 08:00:00+00:00,1920.7,1922.1
2023-07-01 16:00:00+00:00,1922.4,1924.7
2023-07-02 00:00:00+00:00,1923.7,1914.9
2023-07-02 08:00:00+00:00,1914.0,1920.2
2023-07-02 16:00:00+00:00,1919.5,1938.8
2023-07-03 00:00:00+00:00,1938.0,1969.0
2023-07-03 08:00:00+00:00,1968.6,1968.0
2023-07-03 16:00:00+00:00,1968.4,1955.5
2023-07-04 00:00:00+00:00,1954.7,1950.4
2023-07-04 08:00:00+00:00,1950.5,1953.9
2023-07-04 16:00:00+00:00,1954.3,1935.6
2023-07-05 00:00:00+00:00,1936.1,1936.0
2023-07-05 08:00:00+00:00,1935.6,1902.8
2023-07-05 16:00:00+00:00,1901.6,1910.4
2023-07-06 00:00:00+00:00,1910.5,1924.2
2023-07-06 08:00:00+00:00,1924.1,1889.7
2023-07-06 16:00:00+00:00,1886.9,1846.9
2023-07-07 00:00:00+00:00,1846.2,1854.9
2023-07-07 08:00:00+00:00,1856.5,1872.3
2023-07-07 16:00:00+00:00,1871.1,1870.5
2023-07-08 00:00:00+00:00,1870.3,1860.6
2023-07-08 08:00:00+00:00,1860.6,1858.2
2023-07-08 16:00:00+00:00,1858.4,1864.3
2023-07-09 00:00:00+00:00,1864.8,1867.0
2023-07-09 08:00:00+00:00,1867.1,1866.1
2023-07-09 16:00:00+00:00,1865.4,1863.1
2023-07-10 00:00:00+00:00,1861.4,1856.1
2023-07-10 08:00:00+00:00,1856.1,1871.0
2023-07-10 16:00:00+00:00,1870.4,1879.3
2023-07-11 00:00:00+00:00,1879.7,1883.1
2023-07-11 08:00:00+00:00,1883.1,1870.9
2023-07-11 16:00:00+00:00,1870.3,1878.0
2023-07-12 00:00:00+00:00,1878.0,1891.0
2023-07-12 08:00:00+00:00,1891.4,1884.1
2023-07-12 16:00:00+00:00,1882.3,1871.6
2023-07-13 00:00:00+00:00,1871.4,1870.3
2023-07-13 08:00:00+00:00,1869.6,1933.1
2023-07-13 16:00:00+00:00,1934.2,2005.3
2023-07-14 00:00:00+00:00,2005.8,1993.5
2023-07-14 08:00:00+00:00,1991.4,1998.3
2023-07-14 16:00:00+00:00,1997.9,1937.2
2023-07-15 00:00:00+00:00,1937.4,1941.5
2023-07-15 08:00:00+00:00,1941.3,1933.6
2023-07-15 16:00:00+00:00,1934.3,1930.3
2023-07-16 00:00:00+00:00,1930.9,1924.7
2023-07-16 08:00:00+00:00,1924.8,1935.8
2023-07-16 16:00:00+00:00,1935.4,1921.3
2023-07-17 00:00:00+00:00,1920.0,1927.9
2023-07-17 08:00:00+00:00,1927.9,1907.5
2023-07-17 16:00:00+00:00,1907.1,1911.0
2023-07-18 00:00:00+00:00,1910.8,1897.8
2023-07-18 08:00:00+00:00,1897.6,1896.5
2023-07-18 16:00:00+00:00,1895.4,1897.8
2023-07-19 00:00:00+00:00,1897.9,1908.3
2023-07-19 08:00:00+00:00,1908.2,1905.6
2023-07-19 16:00:00+00:00,1905.8,1888.5
2023-07-20 00:00:00+00:00,1888.5,1911.2
2023-07-20 08:00:00+00:00,1912.0,1888.4
2023-07-20 16:00:00+00:00,1887.5,1890.4
2023-07-21 00:00:00+00:00,1890.9,1889.3
2023-07-21 08:00:00+00:00,1888.3,1890.2
2023-07-21 16:00:00+00:00,1890.2,1890.9
2023-07-22 00:00:00+00:00,1890.9,1891.4
2023-07-22 08:00:00+00:00,1891.4,1888.0
2023-07-22 16:00:00+00:00,1888.0,1866.1
2023-07-23 00:00:00+00:00,1865.7,1874.0
2023-07-23 08:00:00+00:00,1874.2,1873.1
2023-07-23 16:00:00+00:00,1873.4,1888.1
2023-07-24 00:00:00+00:00,1888.1,1873.8
2023-07-24 08:00:00+00:00,1874.7,1843.2
2023-07-24 16:00:00+00:00,1842.5,1849.0
2023-07-25 00:00:00+00:00,1849.6,1850.5
2023-07-25 08:00:00+00:00,1850.2,1857.5
2023-07-25 16:00:00+00:00,1857.5,1857.0
2023-07-26 00:00:00+00:00,1857.4,1852.5
2023-07-26 08:00:00+00:00,1852.4,1859.9
2023-07-26 16:00:00+00:00,1860.7,1871.9
2023-07-27 00:00:00+00:00,1871.5,1871.9
2023-07-27 08:00:00+00:00,1871.6,1868.4
2023-07-27 16:00:00+00:00,1868.2,1860.6
2023-07-28 00:00:00+00:00,1860.3,1858.8
2023-07-28 08:00:00+00:00,1859.2,1875.0
2023-07-28 16:00:00+00:00,1874.5,1873.9
2023-07-29 00:00:00+00:00,1873.8,1871.4
2023-07-29 08:00:00+00:00,1871.2,1871.8
2023-07-29 16:00:00+00:00,1872.6,1880.0
2023-07-30 00:00:00+00:00,1880.3,1875.2
2023-07-30 08:00:00+00:00,1874.6,1876.5
2023-07-30 16:00:00+00:00,1876.3,1861.3
2023-07-31 00:00:00+00:00,1861.1,1864.8
2023-07-31 08:00:00+00:00,1864.8,1856.4
2023-07-31 16:00:00+00:00,1856.8,1855.8
2023-08-01 00:00:00+00:00,1855.3,1834.2
2023-08-01 08:00:00+00:00,1833.2,1834.5
2023-08-01 16:00:00+00:00,1834.6,1873.9
2023-08-02 00:00:00+00:00,1873.5,1856.4
2023-08-02 08:00:00+00:00,1855.0,1842.5
2023-08-02 16:00:00+00:00,1841.8,1839.7
2023-08-03 00:00:00+00:00,1839.6,1832.7
2023-08-03 08:00:00+00:00,1832.0,1840.2
2023-08-03 16:00:00+00:00,1840.2,1835.0
2023-08-04 00:00:00+00:00,1834.6,1837.6
2023-08-04 08:00:00+00:00,1837.4,1847.1
2023-08-04 16:00:00+00:00,1847.1,1830.0
2023-08-05 00:00:00+00:00,1829.7,1830.4
2023-08-05 08:00:00+00:00,1830.5,1833.4
2023-08-05 16:00:00+00:00,1833.8,1835.7
2023-08-06 00:00:00+00:00,1836.2,1834.2
2023-08-06 08:00:00+00:00,1833.9,1828.5
2023-08-06 16:00:00+00:00,1828.5,1829.9
2023-08-07 00:00:00+00:00,1829.5,1836.1
2023-08-07 08:00:00+00:00,1836.0,1817.8
2023-08-07 16:00:00+00:00,1812.6,1829.0
2023-08-08 00:00:00+00:00,1828.9,1829.7
2023-08-08 08:00:00+00:00,1830.3,1842.6
2023-08-08 16:00:00+00:00,1842.7,1855.6
2023-08-09 00:00:00+00:00,1856.4,1860.8
2023-08-09 08:00:00+00:00,1861.7,1852.3
2023-08-09 16:00:00+00:00,1852.5,1854.8
2023-08-10 00:00:00+00:00,1855.3,1850.0
2023-08-10 08:00:00+00:00,1851.0,1853.2
2023-08-10 16:00:00+00:00,1853.3,1851.9
2023-08-11 00:00:00+00:00,1852.1,1848.4
2023-08-11 08:00:00+00:00,1848.9,1844.9
2023-08-11 16:00:00+00:00,1845.7,1848.8
2023-08-12 00:00:00+00:00,1849.0,1850.5
2023-08-12 08:00:00+00:00,1850.5,1850.8
2023-08-12 16:00:00+00:00,1850.8,1849.4
2023-08-13 00:00:00+00:00,1849.8,1849.4
2023-08-13 08:00:00+00:00,1849.5,1847.6
2023-08-13 16:00:00+00:00,1847.4,1840.3
2023-08-14 00:00:00+00:00,1840.7,1848.8
2023-08-14 08:00:00+00:00,1849.5,1853.1
2023-08-14 16:00:00+00:00,1853.7,1844.9
2023-08-15 00:00:00+00:00,1846.1,1843.6
2023-08-15 08:00:00+00:00,1843.1,1839.6
2023-08-15 16:00:00+00:00,1840.3,1828.4
2023-08-16 00:00:00+00:00,1828.8,1827.0
2023-08-16 08:00:00+00:00,1826.5,1820.5
2023-08-16 16:00:00+00:00,1820.0,1807.0
2023-08-17 00:00:00+00:00,1808.0,1799.8
2023-08-17 08:00:00+00:00,1799.4,1740.0
2023-08-17 16:00:00+00:00,1738.9,1683.2
2023-08-18 00:00:00+00:00,1682.0,1688.9
2023-08-18 08:00:00+00:00,1689.4,1660.0
2023-08-18 16:00:00+00:00,1659.2,1660.4
2023-08-19 00:00:00+00:00,1660.4,1660.2
2023-08-19 08:00:00+00:00,1660.4,1681.4
2023-08-19 16:00:00+00:00,1682.2,1669.0
2023-08-20 00:00:00+00:00,1669.0,1664.6
2023-08-20 08:00:00+00:00,1665.1,1670.5
2023-08-20 16:00:00+00:00,1670.5,1683.8
2023-08-21 00:00:00+00:00,1684.1,1670.7
2023-08-21 08:00:00+00:00,1670.3,1657.1
2023-08-21 16:00:00+00:00,1657.4,1666.8
2023-08-22 00:00:00+00:00,1667.6,1666.3
2023-08-22 08:00:00+00:00,1666.8,1649.7
2023-08-22 16:00:00+00:00,1649.5,1634.2
2023-08-23 00:00:00+00:00,1635.1,1644.7
2023-08-23 08:00:00+00:00,1644.5,1655.6
2023-08-23 16:00:00+00:00,1657.4,1679.0
2023-08-24 00:00:00+00:00,1679.2,1673.6
2023-08-24 08:00:00+00:00,1674.0,1644.0
2023-08-24 16:00:00+00:00,1643.0,1660.8
2023-08-25 00:00:00+00:00,1660.7,1650.8
2023-08-25 08:00:00+00:00,1651.0,1646.4
2023-08-25 16:00:00+00:00,1645.6,1653.2
2023-08-26 00:00:00+00:00,1653.0,1652.0
2023-08-26 08:00:00+00:00,1651.9,1650.7
2023-08-26 16:00:00+00:00,1650.7,1646.8
2023-08-27 00:00:00+00:00,1646.0,1648.1
2023-08-27 08:00:00+00:00,1647.8,1654.3
2023-08-27 16:00:00+00:00,1655.0,1657.6
2023-08-28 00:00:00+00:00,1657.2,1640.9
2023-08-28 08:00:00+00:00,1640.7,1646.9
2023-08-28 16:00:00+00:00,1647.1,1652.8
2023-08-29 00:00:00+00:00,1653.2,1647.6
2023-08-29 08:00:00+00:00,1646.6,1715.4
2023-08-29 16:00:00+00:00,1716.6,1729.4
2023-08-30 00:00:00+00:00,1729.2,1716.7
2023-08-30 08:00:00+00:00,1717.2,1703.5
2023-08-30 16:00:00+00:00,1702.8,1704.0
2023-08-31 00:00:00+00:00,1704.3,1705.8
2023-08-31 08:00:00+00:00,1707.0,1688.3
2023-08-31 16:00:00+00:00,1687.8,1645.1
2023-09-01 00:00:00+00:00,1645.6,1646.0
2023-09-01 08:00:00+00:00,1646.0,1633.9
2023-09-01 16:00:00+00:00,1634.2,1628.7
2023-09-02 00:00:00+00:00,1628.2,1631.3
2023-09-02 08:00:00+00:00,1631.2,1638.6
2023-09-02 16:00:00+00:00,1639.1,1636.7
2023-09-03 00:00:00+00:00,1636.7,1635.0
2023-09-03 08:00:00+00:00,1635.2,1632.7
2023-09-03 16:00:00+00:00,1633.0,1635.5
2023-09-04 00:00:00+00:00,1635.9,1638.3
2023-09-04 08:00:00+00:00,1638.6,1626.0
2023-09-04 16:00:00+00:00,1625.7,1630.1
2023-09-05 00:00:00+00:00,1630.6,1625.1
2023-09-05 08:00:00+00:00,1624.7,1636.2
2023-09-05 16:00:00+00:00,1636.6,1634.0
2023-09-06 00:00:00+00:00,1634.6,1629.4
2023-09-06 08:00:00+00:00,1629.2,1623.2
2023-09-06 16:00:00+00:00,1622.9,1632.4
2023-09-07 00:00:00+00:00,1632.9,1635.4
2023-09-07 08:00:00+00:00,1635.9,1631.6
2023-09-07 16:00:00+00:00,1631.1,1648.8
2023-09-08 00:00:00+00:00,1648.8,1648.2
2023-09-08 08:00:00+00:00,1647.2,1629.4
2023-09-08 16:00:00+00:00,1629.4,1637.3
2023-09-09 00:00:00+00:00,1637.0,1634.7
2023-09-09 08:00:00+00:00,1634.7,1635.9
2023-09-09 16:00:00+00:00,1635.6,1635.8
2023-09-10 00:00:00+00:00,1636.1,1624.3
2023-09-10 08:00:00+00:00,1624.1,1619.7
2023-09-10 16:00:00+00:00,1619.3,1616.8
2023-09-11 00:00:00+00:00,1617.8,1612.0
2023-09-11 08:00:00+00:00,1611.8,1562.3
2023-09-11 16:00:00+00:00,1561.4,1551.3
2023-09-12 00:00:00+00:00,1551.4,1579.3
2023-09-12 08:00:00+00:00,1579.7,1604.1
2023-09-12 16:00:00+00:00,1603.6,1593.4
2023-09-13 00:00:00+00:00,1592.4,1583.9
2023-09-13 08:00:00+00:00,1584.0,1608.7
2023-09-13 16:00:00+00:00,1609.5,1607.9
2023-09-14 00:00:00+00:00,1608.0,1622.4
2023-09-14 08:00:00+00:00,1620.8,1634.6
2023-09-14 16:00:00+00:00,1635.7,1626.1
2023-09-15 00:00:00+00:00,1626.1,1628.1
2023-09-15 08:00:00+00:00,1626.8,1619.3
2023-09-15 16:00:00+00:00,1619.0,1640.6
2023-09-16 00:00:00+00:00,1641.8,1635.9
2023-09-16 08:00:00+00:00,1635.4,1633.5
2023-09-16 16:00:00+00:00,1633.4,1634.1
2023-09-17 00:00:00+00:00,1633.8,1627.6
2023-09-17 08:00:00+00:00,1627.2,1629.5
2023-09-17 16:00:00+00:00,1629.1,1622.1
2023-09-18 00:00:00+00:00,1621.8,1633.1
2023-09-18 08:00:00+00:00,1633.4,1655.8
2023-09-18 16:00:00+00:00,1655.5,1637.3
2023-09-19 00:00:00+00:00,1635.9,1636.2
2023-09-19 08:00:00+00:00,1636.6,1657.2
2023-09-19 16:00:00+00:00,1658.4,1643.6
2023-09-20 00:00:00+00:00,1643.7,1634.8
2023-09-20 08:00:00+00:00,1634.3,1629.4
2023-09-20 16:00:00+00:00,1628.7,1623.2
2023-09-21 00:00:00+00:00,1622.4,1618.5
2023-09-21 08:00:00+00:00,1618.3,1584.6
2023-09-21 16:00:00+00:00,1583.6,1584.3
2023-09-22 00:00:00+00:00,1584.7,1595.9
2023-09-22 08:00:00+00:00,1595.9,1593.7
2023-09-22 16:00:00+00:00,1594.5,1593.6
2023-09-23 00:00:00+00:00,1593.2,1594.4
2023-09-23 08:00:00+00:00,1595.0,1590.9
2023-09-23 16:00:00+00:00,1590.1,1594.0
2023-09-24 00:00:00+00:00,1593.9,1591.4
2023-09-24 08:00:00+00:00,1591.9,1590.9
2023-09-24 16:00:00+00:00,1589.9,1580.1
2023-09-25 00:00:00+00:00,1580.8,1581.4
2023-09-25 08:00:00+00:00,1581.8,1585.2
2023-09-25 16:00:00+00:00,1585.3,1588.2
2023-09-26 00:00:00+00:00,1588.3,1589.1
2023-09-26 08:00:00+00:00,1588.9,1583.3
2023-09-26 16:00:00+00:00,1582.0,1594.8
2023-09-27 00:00:00+00:00,1594.6,1592.8
2023-09-27 08:00:00+00:00,1591.9,1601.1
2023-09-27 16:00:00+00:00,1601.1,1598.6
2023-09-28 00:00:00+00:00,1598.3,1619.4
2023-09-28 08:00:00+00:00,1618.5,1652.6
2023-09-28 16:00:00+00:00,1652.7,1652.4
2023-09-29 00:00:00+00:00,1652.7,1685.6
2023-09-29 08:00:00+00:00,1685.9,1672.1
2023-09-29 16:00:00+00:00,1672.6,1667.9
2023-09-30 00:00:00+00:00,1667.7,1672.2
2023-09-30 08:00:00+00:00,1671.9,1682.5
2023-09-30 16:00:00+00:00,1683.5,1670.5
2023-10-01 00:00:00+00:00,1670.6,1678.4
2023-10-01 08:00:00+00:00,1678.9,1684.3
2023-10-01 16:00:00+00:00,1684.1,1733.5
2023-10-02 00:00:00+00:00,1734.4,1729.4
2023-10-02 08:00:00+00:00,1729.8,1691.7
2023-10-02 16:00:00+00:00,1690.2,1661.7
2023-10-03 00:00:00+00:00,1661.9,1662.0
2023-10-03 08:00:00+00:00,1662.6,1648.5
2023-10-03 16:00:00+00:00,1647.8,1657.2
2023-10-04 00:00:00+00:00,1656.7,1643.9
2023-10-04 08:00:00+00:00,1644.6,1631.5
2023-10-04 16:00:00+00:00,1631.7,1647.8
2023-10-05 00:00:00+00:00,1647.6,1636.2
2023-10-05 08:00:00+00:00,1636.6,1618.4
2023-10-05 16:00:00+00:00,1618.2,1611.1
2023-10-06 00:00:00+00:00,1611.5,1631.0
2023-10-06 08:00:00+00:00,1630.6,1642.0
2023-10-06 16:00:00+00:00,1643.0,1645.3
2023-10-07 00:00:00+00:00,1645.1,1636.6
2023-10-07 08:00:00+00:00,1636.4,1638.0
2023-10-07 16:00:00+00:00,1638.3,1633.4
2023-10-08 00:00:00+00:00,1633.8,1628.7
2023-10-08 08:00:00+00:00,1628.7,1630.9
2023-10-08 16:00:00+00:00,1630.9,1632.5
2023-10-09 00:00:00+00:00,1632.2,1620.3
2023-10-09 08:00:00+00:00,1620.3,1586.3
2023-10-09 16:00:00+00:00,1585.8,1580.3
2023-10-10 00:00:00+00:00,1579.8,1590.3
2023-10-10 08:00:00+00:00,1591.2,1566.9
2023-10-10 16:00:00+00:00,1567.3,1567.3
2023-10-11 00:00:00+00:00,1567.2,1557.2
2023-10-11 08:00:00+00:00,1556.7,1560.0
2023-10-11 16:00:00+00:00,1559.3,1566.6
2023-10-12 00:00:00+00:00,1566.8,1559.5
2023-10-12 08:00:00+00:00,1559.0,1542.9
2023-10-12 16:00:00+00:00,1541.7,1539.9
2023-10-13 00:00:00+00:00,1539.5,1549.9
2023-10-13 08:00:00+00:00,1549.3,1540.5
2023-10-13 16:00:00+00:00,1539.5,1552.5
2023-10-14 00:00:00+00:00,1552.2,1548.4
2023-10-14 08:00:00+00:00,1547.9,1558.9
2023-10-14 16:00:00+00:00,1556.6,1555.4
2023-10-15 00:00:00+00:00,1555.0,1554.7
2023-10-15 08:00:00+00:00,1555.0,1554.0
2023-10-15 16:00:00+00:00,1553.7,1557.9
2023-10-16 00:00:00+00:00,1558.0,1579.3
2023-10-16 08:00:00+00:00,1579.1,1578.1
2023-10-16 16:00:00+00:00,1577.7,1598.8
2023-10-17 00:00:00+00:00,1598.6,1590.1
2023-10-17 08:00:00+00:00,1590.3,1575.7
2023-10-17 16:00:00+00:00,1574.9,1564.3
2023-10-18 00:00:00+00:00,1564.5,1571.8
2023-10-18 08:00:00+00:00,1571.9,1570.2
2023-10-18 16:00:00+00:00,1569.5,1562.5
2023-10-19 00:00:00+00:00,1562.6,1551.5
2023-10-19 08:00:00+00:00,1551.4,1561.3
2023-10-19 16:00:00+00:00,1560.0,1566.3
2023-10-20 00:00:00+00:00,1566.3,1583.2
2023-10-20 08:00:00+00:00,1583.1,1605.2
2023-10-20 16:00:00+00:00,1604.8,1603.4
2023-10-21 00:00:00+00:00,1603.5,1606.0
2023-10-21 08:00:00+00:00,1606.5,1627.8
2023-10-21 16:00:00+00:00,1627.8,1628.3
2023-10-22 00:00:00+00:00,1629.0,1630.0
2023-10-22 08:00:00+00:00,1629.2,1624.4
2023-10-22 16:00:00+00:00,1624.5,1662.1
2023-10-23 00:00:00+00:00,1662.9,1674.8
2023-10-23 08:00:00+00:00,1675.1,1677.2
2023-10-23 16:00:00+00:00,1675.6,1767.2
2023-10-24 00:00:00+00:00,1767.4,1810.5
2023-10-24 08:00:00+00:00,1809.9,1777.7
2023-10-24 16:00:00+00:00,1778.9,1784.9
2023-10-25 00:00:00+00:00,1784.7,1769.9
2023-10-25 08:00:00+00:00,1769.8,1807.8
2023-10-25 16:00:00+00:00,1806.7,1787.3
2023-10-26 00:00:00+00:00,1787.2,1847.9
2023-10-26 08:00:00+00:00,1850.3,1778.1
2023-10-26 16:00:00+00:00,1780.7,1804.2
2023-10-27 00:00:00+00:00,1804.1,1778.1
2023-10-27 08:00:00+00:00,1777.7,1783.8
2023-10-27 16:00:00+00:00,1783.5,1780.6
2023-10-28 00:00:00+00:00,1780.7,1788.8
2023-10-28 08:00:00+00:00,1788.4,1792.0
2023-10-28 16:00:00+00:00,1791.9,1777.8
2023-10-29 00:00:00+00:00,1777.4,1784.4
2023-10-29 08:00:00+00:00,1784.0,1793.1
2023-10-29 16:00:00+00:00,1793.1,1796.5
2023-10-30 00:00:00+00:00,1796.7,1788.5
2023-10-30 08:00:00+00:00,1788.3,1821.6
2023-10-30 16:00:00+00:00,1821.6,1810.8
2023-10-31 00:00:00+00:00,1810.8,1791.9
2023-10-31 08:00:00+00:00,1791.5,1792.6
2023-10-31 16:00:00+00:00,1792.4,1817.1
2023-11-01 00:00:00+00:00,1815.9,1805.7
2023-11-01 08:00:00+00:00,1805.3,1792.7
2023-11-01 16:00:00+00:00,1792.8,1848.5
2023-11-02 00:00:00+00:00,1848.2,1836.1
2023-11-02 08:00:00+00:00,1836.2,1804.1
2023-11-02 16:00:00+00:00,1803.5,1800.5
2023-11-03 00:00:00+00:00,1801.1,1799.6
2023-11-03 08:00:00+00:00,1799.3,1813.1
2023-11-03 16:00:00+00:00,1812.9,1833.9
2023-11-04 00:00:00+00:00,1834.5,1835.3
2023-11-04 08:00:00+00:00,1835.5,1833.7
2023-11-04 16:00:00+00:00,1833.2,1858.6
2023-11-05 00:00:00+00:00,1858.1,1887.2
2023-11-05 08:00:00+00:00,1887.2,1875.5
2023-11-05 16:00:00+00:00,1875.1,1893.7
2023-11-06 00:00:00+00:00,1892.9,1879.2
2023-11-06 08:00:00+00:00,1879.2,1902.7
2023-11-06 16:00:00+00:00,1902.8,1902.3
2023-11-07 00:00:00+00:00,1901.6,1893.3
2023-11-07 08:00:00+00:00,1892.5,1863.8
2023-11-07 16:00:00+00:00,1864.0,1886.6
2023-11-08 00:00:00+00:00,1886.4,1876.3
2023-11-08 08:00:00+00:00,1876.0,1890.9
2023-11-08 16:00:00+00:00,1889.9,1890.8
2023-11-09 00:00:00+00:00,1889.2,1914.9
2023-11-09 08:00:00+00:00,1914.0,2041.0
2023-11-09 16:00:00+00:00,2039.0,2124.1
2023-11-10 00:00:00+00:00,2124.1,2104.9
2023-11-10 08:00:00+00:00,2104.8,2092.3
2023-11-10 16:00:00+00:00,2091.5,2079.3
2023-11-11 00:00:00+00:00,2080.0,2058.2
2023-11-11 08:00:00+00:00,2057.8,2072.2
2023-11-11 16:00:00+00:00,2072.5,2053.9
2023-11-12 00:00:00+00:00,2053.8,2060.1
2023-11-12 08:00:00+00:00,2060.1,2059.7
2023-11-12 16:00:00+00:00,2059.4,2046.4
2023-11-13 00:00:00+00:00,2046.0,2050.5
2023-11-13 08:00:00+00:00,2049.8,2109.6
2023-11-13 16:00:00+00:00,2108.9,2055.3
2023-11-14 00:00:00+00:00,2055.3,2062.7
2023-11-14 08:00:00+00:00,2061.5,2039.2
2023-11-14 16:00:00+00:00,2039.4,1981.1
2023-11-15 00:00:00+00:00,1981.7,1983.7
2023-11-15 08:00:00+00:00,1984.7,2022.9
2023-11-15 16:00:00+00:00,2022.5,2059.8
2023-11-16 00:00:00+00:00,2058.9,2054.7
2023-11-16 08:00:00+00:00,2054.5,1997.0
2023-11-16 16:00:00+00:00,1997.0,1963.9
2023-11-17 00:00:00+00:00,1962.9,1970.1
2023-11-17 08:00:00+00:00,1971.4,1918.0
2023-11-17 16:00:00+00:00,1918.9,1963.2
2023-11-18 00:00:00+00:00,1962.0,1936.7
2023-11-18 08:00:00+00:00,1936.8,1953.2
2023-11-18 16:00:00+00:00,1953.6,1963.7
2023-11-19 00:00:00+00:00,1963.6,1963.0
2023-11-19 08:00:00+00:00,1963.0,1968.2
2023-11-19 16:00:00+00:00,1967.9,2013.3
2023-11-20 00:00:00+00:00,2014.4,2023.3
2023-11-20 08:00:00+00:00,2023.6,2044.9
2023-11-20 16:00:00+00:00,2045.4,2021.7
2023-11-21 00:00:00+00:00,2021.4,2004.8
2023-11-21 08:00:00+00:00,2004.8,1986.5
2023-11-21 16:00:00+00:00,1987.0,1932.8
2023-11-22 00:00:00+00:00,1932.3,1993.7
2023-11-22 08:00:00+00:00,1993.8,2035.6
2023-11-22 16:00:00+00:00,2034.6,2064.1
2023-11-23 00:00:00+00:00,2063.8,2065.8
2023-11-23 08:00:00+00:00,2065.9,2043.2
2023-11-23 16:00:00+00:00,2043.2,2061.9
2023-11-24 00:00:00+00:00,2061.7,2080.5
2023-11-24 08:00:00+00:00,2080.5,2118.2
2023-11-24 16:00:00+00:00,2117.5,2081.7
2023-11-25 00:00:00+00:00,2080.8,2089.6
2023-11-25 08:00:00+00:00,2089.1,2078.7
2023-11-25 16:00:00+00:00,2079.0,2083.9
2023-11-26 00:00:00+00:00,2083.8,2090.9
2023-11-26 08:00:00+00:00,2090.3,2067.1
2023-11-26 16:00:00+00:00,2065.0,2063.4
2023-11-27 00:00:00+00:00,2063.7,2045.6
2023-11-27 08:00:00+00:00,2045.6,2002.8
2023-11-27 16:00:00+00:00,2004.0,2027.5
2023-11-28 00:00:00+00:00,2028.8,2014.9
2023-11-28 08:00:00+00:00,2014.8,2037.9
2023-11-28 16:00:00+00:00,2038.7,2048.4
2023-11-29 00:00:00+00:00,2048.6,2056.9
2023-11-29 08:00:00+00:00,2058.0,2031.8
2023-11-29 16:00:00+00:00,2032.0,2030.3
2023-11-30 00:00:00+00:00,2029.5,2036.5
2023-11-30 08:00:00+00:00,2036.6,2033.8
2023-11-30 16:00:00+00:00,2034.8,2053.4
2023-12-01 00:00:00+00:00,2054.6,2095.1
2023-12-01 08:00:00+00:00,2094.9,2082.0
2023-12-01 16:00:00+00:00,2081.8,2087.8
2023-12-02 00:00:00+00:00,2087.8,2098.0
2023-12-02 08:00:00+00:00,2098.1,2105.5
2023-12-02 16:00:00+00:00,2105.8,2166.9
2023-12-03 00:00:00+00:00,2167.1,2167.2
2023-12-03 08:00:00+00:00,2167.2,2161.2
2023-12-03 16:00:00+00:00,2161.6,2196.1
2023-12-04 00:00:00+00:00,2195.4,2250.0
2023-12-04 08:00:00+00:00,2248.8,2212.7
2023-12-04 16:00:00+00:00,2212.1,2244.8
2023-12-05 00:00:00+00:00,2244.0,2201.9
2023-12-05 08:00:00+00:00,2201.5,2229.2
2023-12-05 16:00:00+00:00,2229.2,2297.2
2023-12-06 00:00:00+00:00,2297.2,2268.2
2023-12-06 08:00:00+00:00,2266.5,2255.1
2023-12-06 16:00:00+00:00,2254.4,2233.7
2023-12-07 00:00:00+00:00,2233.4,2262.3
2023-12-07 08:00:00+00:00,2262.3,2323.9
2023-12-07 16:00:00+00:00,2323.9,2358.9
2023-12-08 00:00:00+00:00,2357.9,2355.7
2023-12-08 08:00:00+00:00,2355.2,2348.7
2023-12-08 16:00:00+00:00,2349.1,2360.5
2023-12-09 00:00:00+00:00,2361.0,2387.0
2023-12-09 08:00:00+00:00,2386.3,2365.4
2023-12-09 16:00:00+00:00,2364.8,2342.7
2023-12-10 00:00:00+00:00,2342.5,2355.8
2023-12-10 08:00:00+00:00,2355.3,2354.2
2023-12-10 16:00:00+00:00,2353.3,2354.1
2023-12-11 00:00:00+00:00,2354.2,2240.2
2023-12-11 08:00:00+00:00,2240.0,2221.8
2023-12-11 16:00:00+00:00,2220.8,2227.5
2023-12-12 00:00:00+00:00,2226.8,2235.3
2023-12-12 08:00:00+00:00,2235.0,2194.7
2023-12-12 16:00:00+00:00,2194.6,2205.1
2023-12-13 00:00:00+00:00,2205.2,2174.5
2023-12-13 08:00:00+00:00,2174.9,2219.6
2023-12-13 16:00:00+00:00,2219.1,2263.5
2023-12-14 00:00:00+00:00,2263.2,2286.5
2023-12-14 08:00:00+00:00,2284.7,2278.2
2023-12-14 16:00:00+00:00,2277.6,2317.6
2023-12-15 00:00:00+00:00,2317.4,2271.9
2023-12-15 08:00:00+00:00,2272.6,2233.3
2023-12-15 16:00:00+00:00,2233.3,2222.5
2023-12-16 00:00:00+00:00,2222.0,2243.0
2023-12-16 08:00:00+00:00,2242.9,2258.0
2023-12-16 16:00:00+00:00,2258.7,2229.5
2023-12-17 00:00:00+00:00,2229.1,2209.9
2023-12-17 08:00:00+00:00,2210.2,2223.6
2023-12-17 16:00:00+00:00,2224.4,2200.0
2023-12-18 00:00:00+00:00,2198.9,2170.4
2023-12-18 08:00:00+00:00,2170.2,2156.3
2023-12-18 16:00:00+00:00,2155.9,2220.0
2023-12-19 00:00:00+00:00,2220.7,2249.5
2023-12-19 08:00:00+00:00,2249.2,2192.0
2023-12-19 16:00:00+00:00,2192.0,2180.3
2023-12-20 00:00:00+00:00,2180.2,2218.4
2023-12-20 08:00:00+00:00,2218.4,2249.3
2023-12-20 16:00:00+00:00,2250.8,2204.5
2023-12-21 00:00:00+00:00,2204.1,2218.6
2023-12-21 08:00:00+00:00,2217.6,2235.4
2023-12-21 16:00:00+00:00,2234.8,2241.7
2023-12-22 00:00:00+00:00,2241.6,2277.4
2023-12-22 08:00:00+00:00,2278.3,2322.4
2023-12-22 16:00:00+00:00,2322.4,2327.9
2023-12-23 00:00:00+00:00,2328.4,2285.2
2023-12-23 08:00:00+00:00,2285.1,2288.2
2023-12-23 16:00:00+00:00,2288.1,2311.3
2023-12-24 00:00:00+00:00,2310.7,2296.2
2023-12-24 08:00:00+00:00,2297.0,2295.8
2023-12-24 16:00:00+00:00,2295.4,2265.7
2023-12-25 00:00:00+00:00,2265.5,2282.2
2023-12-25 08:00:00+00:00,2282.1,2288.2
2023-12-25 16:00:00+00:00,2288.5,2273.6
2023-12-26 00:00:00+00:00,2272.8,2240.7
2023-12-26 08:00:00+00:00,2240.6,2230.0
2023-12-26 16:00:00+00:00,2230.3,2233.1
2023-12-27 00:00:00+00:00,2233.0,2234.4
2023-12-27 08:00:00+00:00,2234.4,2344.6
2023-12-27 16:00:00+00:00,2345.4,2381.6
2023-12-28 00:00:00+00:00,2381.4,2384.5
2023-12-28 08:00:00+00:00,2384.3,2362.0
2023-12-28 16:00:00+00:00,2363.5,2346.3
2023-12-29 00:00:00+00:00,2346.3,2336.3
2023-12-29 08:00:00+00:00,2335.0,2330.1
2023-12-29 16:00:00+00:00,2329.6,2301.6
2023-12-30 00:00:00+00:00,2300.8,2297.8
2023-12-30 08:00:00+00:00,2298.1,2315.4
2023-12-30 16:00:00+00:00,2315.1,2293.4
2023-12-31 00:00:00+00:00,2293.1,2297.7
2023-12-31 08:00:00+00:00,2298.0,2301.7
2023-12-31 16:00:00+00:00,2300.8,2284.7
2024-01-01 00:00:00+00:00,2284.3,2287.7
2024-01-01 08:00:00+00:00,2288.0,2318.5
2024-01-01 16:00:00+00:00,2318.7,2355.5
2024-01-02 00:00:00+00:00,2354.9,2389.4
2024-01-02 08:00:00+00:00,2389.8,2360.6
2024-01-02 16:00:00+00:00,2360.1,2356.6
2024-01-03 00:00:00+00:00,2356.8,2365.0
2024-01-03 08:00:00+00:00,2363.4,2243.8
2024-01-03 16:00:00+00:00,2243.7,2211.4
2024-01-04 00:00:00+00:00,2211.2,2222.8
2024-01-04 08:00:00+00:00,2222.9,2278.6
2024-01-04 16:00:00+00:00,2278.6,2269.3
2024-01-05 00:00:00+00:00,2269.3,2252.4
2024-01-05 08:00:00+00:00,2252.5,2224.7
2024-01-05 16:00:00+00:00,2224.6,2269.6
2024-01-06 00:00:00+00:00,2269.6,2232.5
2024-01-06 08:00:00+00:00,2231.7,2245.6
2024-01-06 16:00:00+00:00,2246.3,2240.4
2024-01-07 00:00:00+00:00,2240.4,2250.2
2024-01-07 08:00:00+00:00,2250.3,2230.3
2024-01-07 16:00:00+00:00,2230.0,2220.3
2024-01-08 00:00:00+00:00,2220.7,2224.3
2024-01-08 08:00:00+00:00,2224.2,2272.8
2024-01-08 16:00:00+00:00,2271.4,2334.3
2024-01-09 00:00:00+00:00,2334.1,2308.8
2024-01-09 08:00:00+00:00,2308.6,2257.9
2024-01-09 16:00:00+00:00,2258.2,2346.8
2024-01-10 00:00:00+00:00,2346.6,2370.9
2024-01-10 08:00:00+00:00,2370.1,2452.8
2024-01-10 16:00:00+00:00,2451.6,2584.0
2024-01-11 00:00:00+00:00,2585.7,2592.2
2024-01-11 08:00:00+00:00,2592.2,2616.5
2024-01-11 16:00:00+00:00,2616.3,2623.2
2024-01-12 00:00:00+00:00,2623.2,2598.1
2024-01-12 08:00:00+00:00,2597.9,2650.0
2024-01-12 16:00:00+00:00,2649.8,2524.4
2024-01-13 00:00:00+00:00,2524.5,2552.8
2024-01-13 08:00:00+00:00,2553.1,2563.3
2024-01-13 16:00:00+00:00,2563.6,2580.5
2024-01-14 00:00:00+00:00,2579.9,2553.6
2024-01-14 08:00:00+00:00,2553.0,2539.4
2024-01-14 16:00:00+00:00,2539.2,2473.7
2024-01-15 00:00:00+00:00,2474.5,2515.6
2024-01-15 08:00:00+00:00,2515.4,2517.5
2024-01-15 16:00:00+00:00,2517.2,2514.9
2024-01-16 00:00:00+00:00,2514.9,2528.9
2024-01-16 08:00:00+00:00,2529.0,2561.6
2024-01-16 16:00:00+00:00,2561.5,2586.2
2024-01-17 00:00:00+00:00,2586.0,2552.0
2024-01-17 08:00:00+00:00,2552.0,2541.2
2024-01-17 16:00:00+00:00,2541.1,2530.7
2024-01-18 00:00:00+00:00,2530.7,2541.9
2024-01-18 08:00:00+00:00,2541.2,2527.6
2024-01-18 16:00:00+00:00,2527.5,2470.5
2024-01-19 00:00:00+00:00,2470.8,2467.7
2024-01-19 08:00:00+00:00,2468.1,2465.2
2024-01-19 16:00:00+00:00,2465.2,2495.5
2024-01-20 00:00:00+00:00,2495.2,2480.4
2024-01-20 08:00:00+00:00,2480.5,2462.8
2024-01-20 16:00:00+00:00,2462.7,2471.0
2024-01-21 00:00:00+00:00,2471.1,2475.4
2024-01-21 08:00:00+00:00,2475.4,2470.4
2024-01-21 16:00:00+00:00,2470.1,2458.9
2024-01-22 00:00:00+00:00,2458.9,2423.2
2024-01-22 08:00:00+00:00,2422.7,2381.8
2024-01-22 16:00:00+00:00,2382.2,2313.2
2024-01-23 00:00:00+00:00,2313.0,2323.7
2024-01-23 08:00:00+00:00,2323.9,2219.2
2024-01-23 16:00:00+00:00,2219.3,2242.0
2024-01-24 00:00:00+00:00,2241.8,2232.5
2024-01-24 08:00:00+00:00,2232.4,2234.7
2024-01-24 16:00:00+00:00,2234.3,2235.6
2024-01-25 00:00:00+00:00,2235.6,2229.2
2024-01-25 08:00:00+00:00,2229.1,2189.7
2024-01-25 16:00:00+00:00,2190.0,2218.0
2024-01-26 00:00:00+00:00,2218.9,2199.0
2024-01-26 08:00:00+00:00,2198.9,2258.9
2024-01-26 16:00:00+00:00,2258.8,2270.1
2024-01-27 00:00:00+00:00,2269.7,2260.3
2024-01-27 08:00:00+00:00,2260.1,2270.6
2024-01-27 16:00:00+00:00,2270.7,2269.4
2024-01-28 00:00:00+00:00,2269.4,2284.6
2024-01-28 08:00:00+00:00,2284.5,2271.5
2024-01-28 16:00:00+00:00,2271.6,2257.4
2024-01-29 00:00:00+00:00,2257.3,2260.0
2024-01-29 08:00:00+00:00,2259.9,2277.6
2024-01-29 16:00:00+00:00,2277.6,2317.6
2024-01-30 00:00:00+00:00,2317.6,2309.0
2024-01-30 08:00:00+00:00,2308.9,2340.9
2024-01-30 16:00:00+00:00,2341.2,2341.6
2024-01-31 00:00:00+00:00,2341.4,2343.0
2024-01-31 08:00:00+00:00,2342.9,2329.0
2024-01-31 16:00:00+00:00,2328.6,2281.6
2024-02-01 00:00:00+00:00,2281.7,2270.4
2024-02-01 08:00:00+00:00,2270.3,2289.6
2024-02-01 16:00:00+00:00,2289.3,2304.7
2024-02-02 00:00:00+00:00,2304.7,2312.1
2024-02-02 08:00:00+00:00,2312.0,2314.3
2024-02-02 16:00:00+00:00,2314.0,2308.1
2024-02-03 00:00:00+00:00,2308.1,2311.4
2024-02-03 08:00:00+00:00,2311.3,2303.0
2024-02-03 16:00:00+00:00,2302.9,2295.7
2024-02-04 00:00:00+00:00,2295.7,2290.4
2024-02-04 08:00:00+00:00,2290.4,2302.2
2024-02-04 16:00:00+00:00,2302.2,2291.0
2024-02-05 00:00:00+00:00,2291.0,2308.9
2024-02-05 08:00:00+00:00,2308.8,2298.0
2024-02-05 16:00:00+00:00,2298.0,2302.7
2024-02-06 00:00:00+00:00,2302.7,2328.9
2024-02-06 08:00:00+00:00,2328.9,2343.3
2024-02-06 16:00:00+00:00,2343.3,2370.0
2024-02-07 00:00:00+00:00,2370.0,2361.5
2024-02-07 08:00:00+00:00,2361.4,2371.0
2024-02-07 16:00:00+00:00,2371.3,2423.8
2024-02-08 00:00:00+00:00,2423.8,2420.0
2024-02-08 08:00:00+00:00,2420.0,2454.3
2024-02-08 16:00:00+00:00,2454.4,2424.4
2024-02-09 00:00:00+00:00,2424.3,2454.8
2024-02-09 08:00:00+00:00,2454.7,2495.7
2024-02-09 16:00:00+00:00,2495.7,2488.6
2024-02-10 00:00:00+00:00,2488.5,2497.8
2024-02-10 08:00:00+00:00,2497.7,2493.2
2024-02-10 16:00:00+00:00,2493.2,2504.4
2024-02-11 00:00:00+00:00,2504.3,2526.2
2024-02-11 08:00:00+00:00,2526.1,2510.0
2024-02-11 16:00:00+00:00,2510.0,2509.4
2024-02-12 00:00:00+00:00,2509.4,2498.6
2024-02-12 08:00:00+00:00,2498.7,2558.5
2024-02-12 16:00:00+00:00,2558.1,2662.4
2024-02-13 00:00:00+00:00,2662.5,2653.0
2024-02-13 08:00:00+00:00,2652.9,2633.7
2024-02-13 16:00:00+00:00,2633.6,2643.4
2024-02-14 00:00:00+00:00,2643.3,2656.0
2024-02-14 08:00:00+00:00,2655.8,2752.0
2024-02-14 16:00:00+00:00,2752.0,2777.0
2024-02-15 00:00:00+00:00,2776.9,2775.5
2024-02-15 08:00:00+00:00,2774.9,2827.4
2024-02-15 16:00:00+00:00,2827.4,2826.1
2024-02-16 00:00:00+00:00,2826.2,2816.1
2024-02-16 08:00:00+00:00,2816.2,2777.4
2024-02-16 16:00:00+00:00,2777.1,2802.5
2024-02-17 00:00:00+00:00,2802.6,2798.4
2024-02-17 08:00:00+00:00,2798.4,2755.6
2024-02-17 16:00:00+00:00,2755.7,2788.0
2024-02-18 00:00:00+00:00,2788.1,2799.4
2024-02-18 08:00:00+00:00,2799.5,2808.1
2024-02-18 16:00:00+00:00,2808.0,2884.8
2024-02-19 00:00:00+00:00,2884.9,2930.3
2024-02-19 08:00:00+00:00,2930.2,2912.8
2024-02-19 16:00:00+00:00,2912.6,2945.3
2024-02-20 00:00:00+00:00,2945.3,2922.6
2024-02-20 08:00:00+00:00,2922.6,2927.4
2024-02-20 16:00:00+00:00,2927.8,3015.8
2024-02-21 00:00:00+00:00,3015.8,2942.7
2024-02-21 08:00:00+00:00,2942.9,2918.0
2024-02-21 16:00:00+00:00,2918.0,2969.9
2024-02-22 00:00:00+00:00,2969.9,2995.3
2024-02-22 08:00:00+00:00,2995.3,2988.4
2024-02-22 16:00:00+00:00,2988.1,2970.8
2024-02-23 00:00:00+00:00,2970.9,2936.1
2024-02-23 08:00:00+00:00,2936.0,2917.3
2024-02-23 16:00:00+00:00,2916.8,2923.9
2024-02-24 00:00:00+00:00,2923.9,2962.6
2024-02-24 08:00:00+00:00,2963.3,2954.4
2024-02-24 16:00:00+00:00,2954.3,2994.2
2024-02-25 00:00:00+00:00,2994.2,3034.8
2024-02-25 08:00:00+00:00,3034.7,3045.4
2024-02-25 16:00:00+00:00,3044.8,3118.3
2024-02-26 00:00:00+00:00,3118.2,3090.1
2024-02-26 08:00:00+00:00,3089.2,3150.3
2024-02-26 16:00:00+00:00,3150.3,3180.6
2024-02-27 00:00:00+00:00,3180.6,3218.6
2024-02-27 08:00:00+00:00,3218.6,3234.9
2024-02-27 16:00:00+00:00,3234.8,3247.9
2024-02-28 00:00:00+00:00,3247.9,3307.1
2024-02-28 08:00:00+00:00,3307.4,3355.1
2024-02-28 16:00:00+00:00,3355.1,3386.0
2024-02-29 00:00:00+00:00,3385.7,3470.5
2024-02-29 08:00:00+00:00,3472.1,3473.1
2024-02-29 16:00:00+00:00,3472.9,3341.2
2024-03-01 00:00:00+00:00,3341.1,3366.5
2024-03-01 08:00:00+00:00,3366.6,3393.9
2024-03-01 16:00:00+00:00,3393.9,3436.2
2024-03-02 00:00:00+00:00,3436.0,3433.8
2024-03-02 08:00:00+00:00,3433.3,3421.5
2024-03-02 16:00:00+00:00,3421.4,3424.2
2024-03-03 00:00:00+00:00,3424.1,3395.4
2024-03-03 08:00:00+00:00,3395.1,3425.6
2024-03-03 16:00:00+00:00,3425.2,3492.3
2024-03-04 00:00:00+00:00,3492.4,3482.7
2024-03-04 08:00:00+00:00,3482.1,3565.3
2024-03-04 16:00:00+00:00,3565.2,3630.1
2024-03-05 00:00:00+00:00,3630.4,3679.8
2024-03-05 08:00:00+00:00,3678.9,3789.8
2024-03-05 16:00:00+00:00,3789.3,3562.3
2024-03-06 00:00:00+00:00,3562.7,3791.4
2024-03-06 08:00:00+00:00,3790.6,3796.3
2024-03-06 16:00:00+00:00,3796.2,3824.3
2024-03-07 00:00:00+00:00,3824.3,3792.0
2024-03-07 08:00:00+00:00,3791.7,3844.3
2024-03-07 16:00:00+00:00,3843.2,3872.3
2024-03-08 00:00:00+00:00,3872.3,3913.0
2024-03-08 08:00:00+00:00,3912.7,3905.0
2024-03-08 16:00:00+00:00,3904.9,3889.1
2024-03-09 00:00:00+00:00,3889.1,3930.5
2024-03-09 08:00:00+00:00,3930.6,3921.7
2024-03-09 16:00:00+00:00,3921.6,3910.3
2024-03-10 00:00:00+00:00,3910.2,3949.6
2024-03-10 08:00:00+00:00,3949.5,3886.6
2024-03-10 16:00:00+00:00,3886.5,3880.7
2024-03-11 00:00:00+00:00,3880.7,4008.0
2024-03-11 08:00:00+00:00,4007.9,4021.9
2024-03-11 16:00:00+00:00,4021.8,4069.7
2024-03-12 00:00:00+00:00,4070.0,4029.5
2024-03-12 08:00:00+00:00,4029.4,3993.7
2024-03-12 16:00:00+00:00,3993.7,3984.8
2024-03-13 00:00:00+00:00,3984.8,4045.5
2024-03-13 08:00:00+00:00,4045.1,3967.9
2024-03-13 16:00:00+00:00,3967.8,4010.0
2024-03-14 00:00:00+00:00,4009.9,3968.4
2024-03-14 08:00:00+00:00,3968.4,3853.2
2024-03-14 16:00:00+00:00,3852.8,3888.2
2024-03-15 00:00:00+00:00,3888.2,3761.3
2024-03-15 08:00:00+00:00,3761.3,3693.9
2024-03-15 16:00:00+00:00,3693.9,3746.1
2024-03-16 00:00:00+00:00,3746.1,3743.9
2024-03-16 08:00:00+00:00,3744.4,3683.7
2024-03-16 16:00:00+00:00,3683.5,3527.7
2024-03-17 00:00:00+00:00,3527.7,3476.7
2024-03-17 08:00:00+00:00,3476.1,3632.6
2024-03-17 16:00:00+00:00,3631.9,3649.3
2024-03-18 00:00:00+00:00,3648.7,3630.6
2024-03-18 08:00:00+00:00,3631.0,3528.4
2024-03-18 16:00:00+00:00,3527.6,3524.5
2024-03-19 00:00:00+00:00,3524.5,3359.6
2024-03-19 08:00:00+00:00,3359.6,3305.3
2024-03-19 16:00:00+00:00,3305.3,3163.2
2024-03-20 00:00:00+00:00,3163.1,3216.9
2024-03-20 08:00:00+00:00,3216.7,3295.8
2024-03-20 16:00:00+00:00,3295.9,3519.1
2024-03-21 00:00:00+00:00,3519.0,3518.2
2024-03-21 08:00:00+00:00,3518.3,3500.1
2024-03-21 16:00:00+00:00,3500.1,3496.5
2024-03-22 00:00:00+00:00,3496.0,3515.5
2024-03-22 08:00:00+00:00,3515.7,3351.3
2024-03-22 16:00:00+00:00,3351.4,3335.5
2024-03-23 00:00:00+00:00,3335.5,3366.4
2024-03-23 08:00:00+00:00,3366.4,3407.5
2024-03-23 16:00:00+00:00,3407.4,3331.1
2024-03-24 00:00:00+00:00,3331.1,3343.9
2024-03-24 08:00:00+00:00,3343.9,3400.0
2024-03-24 16:00:00+00:00,3399.9,3456.9
2024-03-25 00:00:00+00:00,3457.0,3447.3
2024-03-25 08:00:00+00:00,3447.2,3584.7
2024-03-25 16:00:00+00:00,3584.6,3593.9
2024-03-26 00:00:00+00:00,3593.9,3639.0
2024-03-26 08:00:00+00:00,3639.0,3597.2
2024-03-26 16:00:00+00:00,3597.1,3592.3
2024-03-27 00:00:00+00:00,3592.3,3568.5
2024-03-27 08:00:00+00:00,3568.5,3518.7
2024-03-27 16:00:00+00:00,3518.3,3506.2
2024-03-28 00:00:00+00:00,3506.2,3577.3
2024-03-28 08:00:00+00:00,3577.2,3582.7
2024-03-28 16:00:00+00:00,3583.3,3566.4
2024-03-29 00:00:00+00:00,3566.6,3523.0
2024-03-29 08:00:00+00:00,3522.9,3492.7
2024-03-29 16:00:00+00:00,3492.8,3513.4
2024-03-30 00:00:00+00:00,3513.3,3495.9
2024-03-30 08:00:00+00:00,3496.5,3541.0
2024-03-30 16:00:00+00:00,3541.0,3509.4
2024-03-31 00:00:00+00:00,3509.5,3630.0
2024-03-31 08:00:00+00:00,3630.1,3621.4
2024-03-31 16:00:00+00:00,3621.5,3649.6
2024-04-01 00:00:00+00:00,3649.5,3549.6
2024-04-01 08:00:00+00:00,3549.5,3447.1
2024-04-01 16:00:00+00:00,3447.2,3507.7
2024-04-02 00:00:00+00:00,3507.7,3366.9
2024-04-02 08:00:00+00:00,3366.9,3243.2
2024-04-02 16:00:00+00:00,3243.2,3281.8
2024-04-03 00:00:00+00:00,3281.7,3309.3
2024-04-03 08:00:00+00:00,3309.4,3331.8
2024-04-03 16:00:00+00:00,3331.0,3314.4
2024-04-04 00:00:00+00:00,3314.3,3325.1
2024-04-04 08:00:00+00:00,3324.9,3367.6
2024-04-04 16:00:00+00:00,3367.6,3331.1
2024-04-05 00:00:00+00:00,3331.0,3289.4
2024-04-05 08:00:00+00:00,3289.5,3331.0
2024-04-05 16:00:00+00:00,3330.7,3319.7
2024-04-06 00:00:00+00:00,3319.8,3333.1
2024-04-06 08:00:00+00:00,3332.9,3336.9
2024-04-06 16:00:00+00:00,3336.8,3353.9
2024-04-07 00:00:00+00:00,3354.0,3387.9
2024-04-07 08:00:00+00:00,3387.9,3392.9
2024-04-07 16:00:00+00:00,3392.9,3457.3
2024-04-08 00:00:00+00:00,3457.4,3476.6
2024-04-08 08:00:00+00:00,3476.6,3630.6
2024-04-08 16:00:00+00:00,3630.6,3699.0
2024-04-09 00:00:00+00:00,3698.9,3642.8
2024-04-09 08:00:00+00:00,3642.8,3532.6
2024-04-09 16:00:00+00:00,3532.5,3509.1
2024-04-10 00:00:00+00:00,3509.2,3541.0
2024-04-10 08:00:00+00:00,3540.8,3481.5
2024-04-10 16:00:00+00:00,3481.2,3547.8
2024-04-11 00:00:00+00:00,3547.9,3586.7
2024-04-11 08:00:00+00:00,3586.8,3509.5
2024-04-11 16:00:00+00:00,3509.2,3506.3
2024-04-12 00:00:00+00:00,3506.2,3519.5
2024-04-12 08:00:00+00:00,3519.5,3440.9
2024-04-12 16:00:00+00:00,3440.9,3239.5
2024-04-13 00:00:00+00:00,3239.5,3260.0
2024-04-13 08:00:00+00:00,3259.5,3273.8
2024-04-13 16:00:00+00:00,3273.7,3007.8
2024-04-14 00:00:00+00:00,3007.8,3084.9
2024-04-14 08:00:00+00:00,3085.0,3057.4
2024-04-14 16:00:00+00:00,3058.3,3154.7
2024-04-15 00:00:00+00:00,3154.6,3240.7
2024-04-15 08:00:00+00:00,3240.9,3163.4
2024-04-15 16:00:00+00:00,3163.8,3102.4
2024-04-16 00:00:00+00:00,3102.6,3108.4
2024-04-16 08:00:00+00:00,3108.5,3011.8
2024-04-16 16:00:00+00:00,3011.9,3083.5
2024-04-17 00:00:00+00:00,3083.4,3078.0
2024-04-17 08:00:00+00:00,3078.2,2948.3
2024-04-17 16:00:00+00:00,2948.3,2983.4
2024-04-18 00:00:00+00:00,2983.3,2973.0
2024-04-18 08:00:00+00:00,2972.9,3066.8
2024-04-18 16:00:00+00:00,3066.8,3063.6
2024-04-19 00:00:00+00:00,3063.7,3083.8
2024-04-19 08:00:00+00:00,3083.7,3077.8
2024-04-19 16:00:00+00:00,3077.8,3054.5
2024-04-20 00:00:00+00:00,3054.5,3059.6
2024-04-20 08:00:00+00:00,3060.4,3107.3
2024-04-20 16:00:00+00:00,3107.7,3157.6
2024-04-21 00:00:00+00:00,3157.4,3177.7
2024-04-21 08:00:00+00:00,3177.6,3158.4
2024-04-21 16:00:00+00:00,3158.2,3149.2
2024-04-22 00:00:00+00:00,3149.1,3202.0
2024-04-22 08:00:00+00:00,3202.1,3182.9
2024-04-22 16:00:00+00:00,3182.9,3200.2
2024-04-23 00:00:00+00:00,3200.4,3153.8
2024-04-23 08:00:00+00:00,3153.7,3227.1
2024-04-23 16:00:00+00:00,3227.6,3219.9
2024-04-24 00:00:00+00:00,3219.9,3253.1
2024-04-24 08:00:00+00:00,3253.0,3177.4
2024-04-24 16:00:00+00:00,3177.4,3137.7
2024-04-25 00:00:00+00:00,3137.6,3135.6
2024-04-25 08:00:00+00:00,3135.6,3162.0
2024-04-25 16:00:00+00:00,3162.0,3157.4
2024-04-26 00:00:00+00:00,3157.3,3137.1
2024-04-26 08:00:00+00:00,3137.0,3119.5
2024-04-26 16:00:00+00:00,3119.7,3131.7
2024-04-27 00:00:00+00:00,3131.8,3122.2
2024-04-27 08:00:00+00:00,3122.3,3144.0
2024-04-27 16:00:00+00:00,3144.1,3259.4
2024-04-28 00:00:00+00:00,3259.5,3319.9
2024-04-28 08:00:00+00:00,3319.6,3322.7
2024-04-28 16:00:00+00:00,3322.8,3261.8
2024-04-29 00:00:00+00:00,3261.8,3189.6
2024-04-29 08:00:00+00:00,3189.2,3183.8
2024-04-29 16:00:00+00:00,3183.8,3217.4
2024-04-30 00:00:00+00:00,3217.6,3157.5
2024-04-30 08:00:00+00:00,3157.3,2992.7
2024-04-30 16:00:00+00:00,2992.0,3014.1
2024-05-01 00:00:00+00:00,3014.2,2867.9
2024-05-01 08:00:00+00:00,2867.9,2885.3
2024-05-01 16:00:00+00:00,2885.3,2971.2
2024-05-02 00:00:00+00:00,2971.0,2921.6
2024-05-02 08:00:00+00:00,2921.6,2988.5
2024-05-02 16:00:00+00:00,2988.5,2986.0
2024-05-03 00:00:00+00:00,2985.1,2968.3
2024-05-03 08:00:00+00:00,2967.6,3073.3
2024-05-03 16:00:00+00:00,3073.3,3100.9
2024-05-04 00:00:00+00:00,3100.5,3094.5
2024-05-04 08:00:00+00:00,3094.6,3125.0
2024-05-04 16:00:00+00:00,3125.1,3114.4
2024-05-05 00:00:00+00:00,3114.5,3104.7
2024-05-05 08:00:00+00:00,3104.8,3157.6
2024-05-05 16:00:00+00:00,3158.0,3134.4
2024-05-06 00:00:00+00:00,3134.4,3176.9
2024-05-06 08:00:00+00:00,3177.0,3092.9
2024-05-06 16:00:00+00:00,3092.9,3065.6
2024-05-07 00:00:00+00:00,3065.8,3078.5
2024-05-07 08:00:00+00:00,3078.0,3073.8
2024-05-07 16:00:00+00:00,3073.0,3005.2
2024-05-08 00:00:00+00:00,3005.3,2995.5
2024-05-08 08:00:00+00:00,2996.3,3009.5
2024-05-08 16:00:00+00:00,3009.3,2975.6
2024-05-09 00:00:00+00:00,2975.2,2980.9
2024-05-09 08:00:00+00:00,2980.9,3003.6
2024-05-09 16:00:00+00:00,3003.7,3035.4
2024-05-10 00:00:00+00:00,3035.5,3042.1
2024-05-10 08:00:00+00:00,3042.1,2921.4
2024-05-10 16:00:00+00:00,2921.4,2911.6
2024-05-11 00:00:00+00:00,2911.5,2922.2
2024-05-11 08:00:00+00:00,2922.2,2926.7
2024-05-11 16:00:00+00:00,2926.7,2910.8
2024-05-12 00:00:00+00:00,2910.8,2906.1
2024-05-12 08:00:00+00:00,2906.6,2936.9
2024-05-12 16:00:00+00:00,2936.9,2928.2
2024-05-13 00:00:00+00:00,2928.2,2953.9
2024-05-13 08:00:00+00:00,2954.7,2961.6
2024-05-13 16:00:00+00:00,2961.5,2950.9
2024-05-14 00:00:00+00:00,2950.8,2919.8
2024-05-14 08:00:00+00:00,2919.6,2898.2
2024-05-14 16:00:00+00:00,2898.1,2881.7
2024-05-15 00:00:00+00:00,2881.9,2918.6
2024-05-15 08:00:00+00:00,2918.4,2977.6
2024-05-15 16:00:00+00:00,2976.8,3030.7
2024-05-16 00:00:00+00:00,3030.2,3015.3
2024-05-16 08:00:00+00:00,3015.2,2957.8
2024-05-16 16:00:00+00:00,2958.0,2947.7
2024-05-17 00:00:00+00:00,2947.4,3028.4
2024-05-17 08:00:00+00:00,3028.4,3112.1
2024-05-17 16:00:00+00:00,3112.2,3094.4
2024-05-18 00:00:00+00:00,3094.3,3104.3
2024-05-18 08:00:00+00:00,3104.3,3111.0
2024-05-18 16:00:00+00:00,3110.9,3126.2
2024-05-19 00:00:00+00:00,3126.1,3115.4
2024-05-19 08:00:00+00:00,3115.3,3076.7
2024-05-19 16:00:00+00:00,3076.6,3073.1
2024-05-20 00:00:00+00:00,3072.9,3092.1
2024-05-20 08:00:00+00:00,3092.0,3119.3
2024-05-20 16:00:00+00:00,3120.0,3667.8
2024-05-21 00:00:00+00:00,3667.8,3663.0
2024-05-21 08:00:00+00:00,3663.1,3780.0
2024-05-21 16:00:00+00:00,3779.7,3794.1
2024-05-22 00:00:00+00:00,3793.3,3748.7
2024-05-22 08:00:00+00:00,3749.0,3768.6
2024-05-22 16:00:00+00:00,3769.6,3741.4
2024-05-23 00:00:00+00:00,3741.4,3817.4
2024-05-23 08:00:00+00:00,3817.6,3821.6
2024-05-23 16:00:00+00:00,3820.0,3785.4
2024-05-24 00:00:00+00:00,3783.8,3682.8
2024-05-24 08:00:00+00:00,3682.8,3694.5
2024-05-24 16:00:00+00:00,3694.6,3730.5
2024-05-25 00:00:00+00:00,3730.5,3750.1
2024-05-25 08:00:00+00:00,3750.0,3747.3
2024-05-25 16:00:00+00:00,3747.4,3753.8
2024-05-26 00:00:00+00:00,3753.7,3788.9
2024-05-26 08:00:00+00:00,3788.9,3836.2
2024-05-26 16:00:00+00:00,3836.1,3829.9
2024-05-27 00:00:00+00:00,3829.3,3919.0
2024-05-27 08:00:00+00:00,3919.0,3968.1
2024-05-27 16:00:00+00:00,3968.2,3898.4
2024-05-28 00:00:00+00:00,3898.4,3850.8
2024-05-28 08:00:00+00:00,3850.7,3863.8
2024-05-28 16:00:00+00:00,3863.7,3845.6
2024-05-29 00:00:00+00:00,3845.6,3823.1
2024-05-29 08:00:00+00:00,3823.0,3760.4
2024-05-29 16:00:00+00:00,3760.4,3769.1
2024-05-30 00:00:00+00:00,3769.2,3721.7
2024-05-30 08:00:00+00:00,3721.7,3779.6
2024-05-30 16:00:00+00:00,3779.4,3749.4
2024-05-31 00:00:00+00:00,3749.1,3729.0
2024-05-31 08:00:00+00:00,3728.8,3748.6
2024-05-31 16:00:00+00:00,3747.6,3763.9
2024-06-01 00:00:00+00:00,3763.9,3776.6
2024-06-01 08:00:00+00:00,3776.0,3801.1
2024-06-01 16:00:00+00:00,3801.3,3815.9
2024-06-02 00:00:00+00:00,3815.7,3796.3
2024-06-02 08:00:00+00:00,3796.3,3802.1
2024-06-02 16:00:00+00:00,3802.1,3784.6
2024-06-03 00:00:00+00:00,3784.5,3821.2
2024-06-03 08:00:00+00:00,3821.4,3800.6
2024-06-03 16:00:00+00:00,3801.6,3769.1
2024-06-04 00:00:00+00:00,3769.1,3777.5
2024-06-04 08:00:00+00:00,3777.9,3812.8
2024-06-04 16:00:00+00:00,3813.3,3814.9
2024-06-05 00:00:00+00:00,3814.9,3813.6
2024-06-05 08:00:00+00:00,3813.5,3818.9
2024-06-05 16:00:00+00:00,3818.8,3868.7
2024-06-06 00:00:00+00:00,3868.7,3855.0
2024-06-06 08:00:00+00:00,3854.9,3848.3
2024-06-06 16:00:00+00:00,3847.9,3817.3
2024-06-07 00:00:00+00:00,3817.3,3819.5
2024-06-07 08:00:00+00:00,3819.5,3802.9
2024-06-07 16:00:00+00:00,3802.9,3681.9
2024-06-08 00:00:00+00:00,3682.3,3712.7
2024-06-08 08:00:00+00:00,3712.0,3690.8
2024-06-08 16:00:00+00:00,3690.1,3684.8
2024-06-09 00:00:00+00:00,3684.8,3689.5
2024-06-09 08:00:00+00:00,3689.5,3692.4
2024-06-09 16:00:00+00:00,3692.5,3709.5
2024-06-10 00:00:00+00:00,3709.4,3647.8
2024-06-10 08:00:00+00:00,3647.5,3704.7
2024-06-10 16:00:00+00:00,3705.4,3669.2
2024-06-11 00:00:00+00:00,3669.1,3536.5
2024-06-11 08:00:00+00:00,3535.4,3450.8
2024-06-11 16:00:00+00:00,3450.3,3499.2
2024-06-12 00:00:00+00:00,3499.2,3530.3
2024-06-12 08:00:00+00:00,3530.2,3622.0
2024-06-12 16:00:00+00:00,3622.0,3560.2
2024-06-13 00:00:00+00:00,3560.4,3508.3
2024-06-13 08:00:00+00:00,3508.5,3446.6
2024-06-13 16:00:00+00:00,3446.7,3470.9
2024-06-14 00:00:00+00:00,3470.8,3518.5
2024-06-14 08:00:00+00:00,3517.8,3461.5
2024-06-14 16:00:00+00:00,3461.5,3485.4
2024-06-15 00:00:00+00:00,3485.3,3532.9
2024-06-15 08:00:00+00:00,3534.4,3565.0
2024-06-15 16:00:00+00:00,3565.4,3570.7
2024-06-16 00:00:00+00:00,3570.8,3563.4
2024-06-16 08:00:00+00:00,3563.3,3594.2
2024-06-16 16:00:00+00:00,3594.5,3628.0
2024-06-17 00:00:00+00:00,3628.1,3554.5
2024-06-17 08:00:00+00:00,3554.6,3500.4
2024-06-17 16:00:00+00:00,3500.4,3510.2
2024-06-18 00:00:00+00:00,3510.3,3445.1
2024-06-18 08:00:00+00:00,3444.7,3424.1
2024-06-18 16:00:00+00:00,3424.2,3483.6
2024-06-19 00:00:00+00:00,3483.7,3542.5
2024-06-19 08:00:00+00:00,3542.6,3529.3
2024-06-19 16:00:00+00:00,3529.1,3560.2
2024-06-20 00:00:00+00:00,3560.3,3610.1
2024-06-20 08:00:00+00:00,3610.9,3506.9
2024-06-20 16:00:00+00:00,3506.8,3513.7
2024-06-21 00:00:00+00:00,3513.4,3475.7
2024-06-21 08:00:00+00:00,3474.9,3494.9
2024-06-21 16:00:00+00:00,3495.0,3520.1
2024-06-22 00:00:00+00:00,3520.2,3495.5
2024-06-22 08:00:00+00:00,3495.5,3508.0
2024-06-22 16:00:00+00:00,3508.0,3498.9
2024-06-23 00:00:00+00:00,3498.9,3514.3
2024-06-23 08:00:00+00:00,3514.2,3474.9
2024-06-23 16:00:00+00:00,3474.8,3422.9
2024-06-24 00:00:00+00:00,3422.3,3371.8
2024-06-24 08:00:00+00:00,3371.7,3281.9
2024-06-24 16:00:00+00:00,3282.0,3353.7
2024-06-25 00:00:00+00:00,3353.8,3361.5
2024-06-25 08:00:00+00:00,3362.5,3423.2
2024-06-25 16:00:00+00:00,3422.7,3395.1
2024-06-26 00:00:00+00:00,3395.1,3402.9
2024-06-26 08:00:00+00:00,3402.9,3362.0
2024-06-26 16:00:00+00:00,3361.9,3370.9
2024-06-27 00:00:00+00:00,3370.9,3376.6
2024-06-27 08:00:00+00:00,3376.7,3451.5
2024-06-27 16:00:00+00:00,3451.8,3454.7
2024-06-28 00:00:00+00:00,3454.7,3432.5
2024-06-28 08:00:00+00:00,3432.4,3414.9
2024-06-28 16:00:00+00:00,3414.7,3380.4
2024-06-29 00:00:00+00:00,3380.3,3399.5
2024-06-29 08:00:00+00:00,3399.5,3394.9
2024-06-29 16:00:00+00:00,3394.9,3378.0
2024-06-30 00:00:00+00:00,3377.9,3394.9
2024-06-30 08:00:00+00:00,3395.0,3401.8
2024-06-30 16:00:00+00:00,3402.7,3440.3
2024-07-01 00:00:00+00:00,3440.3,3491.5
2024-07-01 08:00:00+00:00,3491.5,3477.3
2024-07-01 16:00:00+00:00,3477.3,3443.4
2024-07-02 00:00:00+00:00,3443.6,3441.7
2024-07-02 08:00:00+00:00,3441.7,3420.4
2024-07-02 16:00:00+00:00,3420.6,3423.5
2024-07-03 00:00:00+00:00,3423.5,3354.3
2024-07-03 08:00:00+00:00,3354.3,3302.8
2024-07-03 16:00:00+00:00,3302.7,3295.6
2024-07-04 00:00:00+00:00,3297.3,3179.5
2024-07-04 08:00:00+00:00,3179.4,3138.0
2024-07-04 16:00:00+00:00,3137.4,3060.6
2024-07-05 00:00:00+00:00,3060.5,2882.3
2024-07-05 08:00:00+00:00,2882.3,2991.0
2024-07-05 16:00:00+00:00,2991.1,2980.6
2024-07-06 00:00:00+00:00,2980.6,3006.2
2024-07-06 08:00:00+00:00,3005.6,3019.3
2024-07-06 16:00:00+00:00,3019.4,3063.7
2024-07-07 00:00:00+00:00,3064.7,3002.6
2024-07-07 08:00:00+00:00,3002.5,2969.2
2024-07-07 16:00:00+00:00,2969.0,2928.3
2024-07-08 00:00:00+00:00,2928.2,2926.5
2024-07-08 08:00:00+00:00,2927.1,2967.5
2024-07-08 16:00:00+00:00,2968.3,3019.6
2024-07-09 00:00:00+00:00,3019.6,3062.7
2024-07-09 08:00:00+00:00,3062.6,3066.1
2024-07-09 16:00:00+00:00,3065.5,3066.1
2024-07-10 00:00:00+00:00,3066.0,3097.0
2024-07-10 08:00:00+00:00,3097.0,3120.7
2024-07-10 16:00:00+00:00,3121.2,3100.6
2024-07-11 00:00:00+00:00,3100.6,3118.4
2024-07-11 08:00:00+00:00,3118.4,3118.2
2024-07-11 16:00:00+00:00,3118.2,3097.7
2024-07-12 00:00:00+00:00,3098.4,3070.8
2024-07-12 08:00:00+00:00,3070.4,3133.6
2024-07-12 16:00:00+00:00,3133.4,3136.0
2024-07-13 00:00:00+00:00,3136.1,3142.2
2024-07-13 08:00:00+00:00,3142.3,3157.3
2024-07-13 16:00:00+00:00,3157.4,3176.8
2024-07-14 00:00:00+00:00,3176.9,3198.0
2024-07-14 08:00:00+00:00,3198.1,3189.9
2024-07-14 16:00:00+00:00,3190.0,3244.2
2024-07-15 00:00:00+00:00,3244.2,3357.1
2024-07-15 08:00:00+00:00,3357.1,3370.1
2024-07-15 16:00:00+00:00,3369.7,3483.2
2024-07-16 00:00:00+00:00,3483.2,3375.9
2024-07-16 08:00:00+00:00,3374.5,3479.4
2024-07-16 16:00:00+00:00,3478.6,3444.4
2024-07-17 00:00:00+00:00,3445.5,3487.6
2024-07-17 08:00:00+00:00,3487.6,3438.0
2024-07-17 16:00:00+00:00,3437.6,3386.5
2024-07-18 00:00:00+00:00,3387.4,3434.0
2024-07-18 08:00:00+00:00,3433.9,3392.1
2024-07-18 16:00:00+00:00,3391.0,3428.0
2024-07-19 00:00:00+00:00,3427.6,3394.9
2024-07-19 08:00:00+00:00,3395.1,3464.5
2024-07-19 16:00:00+00:00,3464.4,3505.6
2024-07-20 00:00:00+00:00,3507.0,3487.7
2024-07-20 08:00:00+00:00,3487.7,3502.7
2024-07-20 16:00:00+00:00,3503.6,3520.2
2024-07-21 00:00:00+00:00,3520.0,3486.1
2024-07-21 08:00:00+00:00,3486.2,3501.3
2024-07-21 16:00:00+00:00,3501.2,3536.8
2024-07-22 00:00:00+00:00,3537.6,3481.5
2024-07-22 08:00:00+00:00,3481.5,3458.8
2024-07-22 16:00:00+00:00,3459.4,3443.1
2024-07-23 00:00:00+00:00,3443.0,3458.9
2024-07-23 08:00:00+00:00,3458.9,3457.3
2024-07-23 16:00:00+00:00,3457.3,3485.4
2024-07-24 00:00:00+00:00,3485.4,3449.0
2024-07-24 08:00:00+00:00,3449.6,3417.9
2024-07-24 16:00:00+00:00,3417.9,3338.9
2024-07-25 00:00:00+00:00,3338.8,3172.4
2024-07-25 08:00:00+00:00,3172.1,3141.4
2024-07-25 16:00:00+00:00,3141.3,3174.4
2024-07-26 00:00:00+00:00,3174.3,3250.6
2024-07-26 08:00:00+00:00,3250.6,3255.0
2024-07-26 16:00:00+00:00,3254.3,3275.7
2024-07-27 00:00:00+00:00,3275.4,3273.6
2024-07-27 08:00:00+00:00,3272.8,3281.7
2024-07-27 16:00:00+00:00,3281.7,3249.3
2024-07-28 00:00:00+00:00,3249.4,3228.8
2024-07-28 08:00:00+00:00,3228.7,3269.2
2024-07-28 16:00:00+00:00,3269.3,3270.9
2024-07-29 00:00:00+00:00,3270.9,3370.3
2024-07-29 08:00:00+00:00,3370.2,3310.5
2024-07-29 16:00:00+00:00,3309.9,3321.5
2024-07-30 00:00:00+00:00,3321.3,3344.3
2024-07-30 08:00:00+00:00,3343.9,3324.4
2024-07-30 16:00:00+00:00,3323.9,3279.6
2024-07-31 00:00:00+00:00,3279.4,3320.1
2024-07-31 08:00:00+00:00,3319.7,3304.3
2024-07-31 16:00:00+00:00,3304.3,3233.0
2024-08-01 00:00:00+00:00,3233.0,3166.4
2024-08-01 08:00:00+00:00,3164.8,3115.9
2024-08-01 16:00:00+00:00,3116.0,3202.8
2024-08-02 00:00:00+00:00,3202.6,3146.3
2024-08-02 08:00:00+00:00,3146.1,3039.7
2024-08-02 16:00:00+00:00,3039.7,2987.8
2024-08-03 00:00:00+00:00,2987.8,2983.6
2024-08-03 08:00:00+00:00,2983.4,2941.9
2024-08-03 16:00:00+00:00,2941.8,2901.9
2024-08-04 00:00:00+00:00,2902.2,2890.9
2024-08-04 08:00:00+00:00,2891.2,2824.9
2024-08-04 16:00:00+00:00,2825.0,2686.7
2024-08-05 00:00:00+00:00,2686.9,2359.6
2024-08-05 08:00:00+00:00,2357.8,2450.2
2024-08-05 16:00:00+00:00,2448.9,2416.8
2024-08-06 00:00:00+00:00,2417.4,2523.4
2024-08-06 08:00:00+00:00,2523.2,2526.1
2024-08-06 16:00:00+00:00,2526.4,2458.3
2024-08-07 00:00:00+00:00,2458.7,2509.1
2024-08-07 08:00:00+00:00,2509.5,2412.0
2024-08-07 16:00:00+00:00,2411.5,2340.4
2024-08-08 00:00:00+00:00,2340.4,2411.0
2024-08-08 08:00:00+00:00,2412.1,2505.2
2024-08-08 16:00:00+00:00,2506.1,2680.9
2024-08-09 00:00:00+00:00,2680.2,2667.5
2024-08-09 08:00:00+00:00,2667.8,2556.7
2024-08-09 16:00:00+00:00,2556.0,2597.3
2024-08-10 00:00:00+00:00,2597.6,2633.0
2024-08-10 08:00:00+00:00,2633.7,2598.8
2024-08-10 16:00:00+00:00,2598.6,2609.8
2024-08-11 00:00:00+00:00,2609.7,2677.2
2024-08-11 08:00:00+00:00,2678.0,2613.3
2024-08-11 16:00:00+00:00,2612.5,2554.0
2024-08-12 00:00:00+00:00,2553.9,2567.9
2024-08-12 08:00:00+00:00,2567.9,2690.9
2024-08-12 16:00:00+00:00,2690.8,2723.6
2024-08-13 00:00:00+00:00,2723.7,2646.7
2024-08-13 08:00:00+00:00,2646.8,2652.0
2024-08-13 16:00:00+00:00,2651.4,2701.9
2024-08-14 00:00:00+00:00,2701.8,2728.7
2024-08-14 08:00:00+00:00,2728.6,2673.9
2024-08-14 16:00:00+00:00,2674.1,2662.1
2024-08-15 00:00:00+00:00,2662.1,2612.5
2024-08-15 08:00:00+00:00,2612.5,2668.2
2024-08-15 16:00:00+00:00,2668.3,2568.8
2024-08-16 00:00:00+00:00,2569.2,2616.3
2024-08-16 08:00:00+00:00,2616.3,2568.2
2024-08-16 16:00:00+00:00,2566.5,2591.2
2024-08-17 00:00:00+00:00,2591.2,2598.3
2024-08-17 08:00:00+00:00,2598.7,2606.2
2024-08-17 16:00:00+00:00,2606.2,2613.0
2024-08-18 00:00:00+00:00,2613.0,2606.3
2024-08-18 08:00:00+00:00,2606.1,2670.9
2024-08-18 16:00:00+00:00,2671.8,2610.9
2024-08-19 00:00:00+00:00,2610.8,2612.7
2024-08-19 08:00:00+00:00,2612.8,2583.5
2024-08-19 16:00:00+00:00,2583.4,2636.3
2024-08-20 00:00:00+00:00,2636.6,2673.8
2024-08-20 08:00:00+00:00,2674.4,2573.9
2024-08-20 16:00:00+00:00,2573.7,2571.1
2024-08-21 00:00:00+00:00,2571.0,2598.5
2024-08-21 08:00:00+00:00,2598.5,2601.1
2024-08-21 16:00:00+00:00,2601.1,2629.8
2024-08-22 00:00:00+00:00,2629.7,2637.0
2024-08-22 08:00:00+00:00,2636.9,2599.4
2024-08-22 16:00:00+00:00,2599.1,2622.7
2024-08-23 00:00:00+00:00,2622.7,2669.8
2024-08-23 08:00:00+00:00,2670.5,2670.0
2024-08-23 16:00:00+00:00,2670.1,2762.1
2024-08-24 00:00:00+00:00,2762.6,2760.3
2024-08-24 08:00:00+00:00,2760.3,2761.8
2024-08-24 16:00:00+00:00,2761.6,2769.4
2024-08-25 00:00:00+00:00,2769.3,2741.6
2024-08-25 08:00:00+00:00,2741.2,2763.6
2024-08-25 16:00:00+00:00,2763.6,2745.6
2024-08-26 00:00:00+00:00,2745.6,2732.0
2024-08-26 08:00:00+00:00,2732.0,2720.9
2024-08-26 16:00:00+00:00,2720.9,2679.2
2024-08-27 00:00:00+00:00,2679.0,2686.3
2024-08-27 08:00:00+00:00,2686.3,2578.3
2024-08-27 16:00:00+00:00,2578.1,2455.1
2024-08-28 00:00:00+00:00,2455.3,2435.9
2024-08-28 08:00:00+00:00,2435.8,2496.0
2024-08-28 16:00:00+00:00,2496.1,2526.9
2024-08-29 00:00:00+00:00,2527.4,2547.9
2024-08-29 08:00:00+00:00,2547.6,2576.4
2024-08-29 16:00:00+00:00,2576.1,2527.4
2024-08-30 00:00:00+00:00,2527.1,2517.2
2024-08-30 08:00:00+00:00,2517.1,2447.7
2024-08-30 16:00:00+00:00,2447.7,2525.2
2024-08-31 00:00:00+00:00,2525.6,2519.6
2024-08-31 08:00:00+00:00,2519.6,2517.9
2024-08-31 16:00:00+00:00,2518.5,2512.5
2024-09-01 00:00:00+00:00,2512.0,2484.3
2024-09-01 08:00:00+00:00,2485.1,2478.4
2024-09-01 16:00:00+00:00,2479.3,2424.3
2024-09-02 00:00:00+00:00,2424.3,2439.7
2024-09-02 08:00:00+00:00,2439.9,2512.4
2024-09-02 16:00:00+00:00,2512.3,2537.2
2024-09-03 00:00:00+00:00,2538.0,2518.5
2024-09-03 08:00:00+00:00,2518.3,2442.4
2024-09-03 16:00:00+00:00,2442.4,2423.9
2024-09-04 00:00:00+00:00,2423.3,2400.4
2024-09-04 08:00:00+00:00,2401.3,2453.7
2024-09-04 16:00:00+00:00,2453.8,2448.8
2024-09-05 00:00:00+00:00,2448.8,2411.2
2024-09-05 08:00:00+00:00,2411.1,2370.2
2024-09-05 16:00:00+00:00,2370.3,2367.6
2024-09-06 00:00:00+00:00,2367.4,2343.4
2024-09-06 08:00:00+00:00,2343.2,2288.6
2024-09-06 16:00:00+00:00,2288.7,2224.4
2024-09-07 00:00:00+00:00,2224.5,2287.5
2024-09-07 08:00:00+00:00,2286.7,2299.6
2024-09-07 16:00:00+00:00,2299.6,2272.7
2024-09-08 00:00:00+00:00,2273.2,2294.8
2024-09-08 08:00:00+00:00,2294.9,2245.3
2024-09-08 16:00:00+00:00,2245.3,2295.8
2024-09-09 00:00:00+00:00,2296.5,2314.1
2024-09-09 08:00:00+00:00,2313.3,2291.9
2024-09-09 16:00:00+00:00,2292.5,2358.7
2024-09-10 00:00:00+00:00,2358.7,2363.5
2024-09-10 08:00:00+00:00,2363.5,2324.7
2024-09-10 16:00:00+00:00,2324.8,2387.3
2024-09-11 00:00:00+00:00,2387.9,2340.8
2024-09-11 08:00:00+00:00,2340.3,2324.8
2024-09-11 16:00:00+00:00,2324.7,2339.6
2024-09-12 00:00:00+00:00,2339.6,2358.8
2024-09-12 08:00:00+00:00,2359.3,2322.0
2024-09-12 16:00:00+00:00,2321.9,2361.9
2024-09-13 00:00:00+00:00,2361.6,2347.2
2024-09-13 08:00:00+00:00,2347.7,2407.3
2024-09-13 16:00:00+00:00,2407.2,2438.4
2024-09-14 00:00:00+00:00,2439.4,2420.5
2024-09-14 08:00:00+00:00,2420.5,2418.5
2024-09-14 16:00:00+00:00,2417.5,2418.2
2024-09-15 00:00:00+00:00,2418.2,2423.0
2024-09-15 08:00:00+00:00,2423.0,2408.8
2024-09-15 16:00:00+00:00,2408.7,2316.0
2024-09-16 00:00:00+00:00,2316.0,2310.6
2024-09-16 08:00:00+00:00,2309.2,2288.5
2024-09-16 16:00:00+00:00,2288.6,2296.7
2024-09-17 00:00:00+00:00,2296.8,2310.2
2024-09-17 08:00:00+00:00,2310.1,2383.9
2024-09-17 16:00:00+00:00,2383.9,2341.8
2024-09-18 00:00:00+00:00,2341.8,2328.8
2024-09-18 08:00:00+00:00,2329.0,2294.2
2024-09-18 16:00:00+00:00,2294.2,2374.3
2024-09-19 00:00:00+00:00,2374.8,2436.0
2024-09-19 08:00:00+00:00,2436.6,2439.4
2024-09-19 16:00:00+00:00,2439.4,2464.8
2024-09-20 00:00:00+00:00,2465.2,2562.6
2024-09-20 08:00:00+00:00,2562.5,2561.3
2024-09-20 16:00:00+00:00,2562.1,2563.7
2024-09-21 00:00:00+00:00,2563.6,2557.4
2024-09-21 08:00:00+00:00,2557.4,2561.8
2024-09-21 16:00:00+00:00,2561.7,2614.3
2024-09-22 00:00:00+00:00,2614.4,2588.0
2024-09-22 08:00:00+00:00,2588.3,2570.2
2024-09-22 16:00:00+00:00,2569.9,2583.4
2024-09-23 00:00:00+00:00,2583.5,2645.7
2024-09-23 08:00:00+00:00,2645.6,2675.2
2024-09-23 16:00:00+00:00,2675.4,2648.4
2024-09-24 00:00:00+00:00,2648.4,2648.1
2024-09-24 08:00:00+00:00,2648.7,2613.6
2024-09-24 16:00:00+00:00,2613.9,2654.4
2024-09-25 00:00:00+00:00,2655.5,2621.5
2024-09-25 08:00:00+00:00,2621.4,2599.8
2024-09-25 16:00:00+00:00,2600.0,2580.0
2024-09-26 00:00:00+00:00,2579.9,2630.3
2024-09-26 08:00:00+00:00,2630.6,2651.9
2024-09-26 16:00:00+00:00,2651.7,2631.9
2024-09-27 00:00:00+00:00,2632.0,2657.8
2024-09-27 08:00:00+00:00,2657.6,2684.8
2024-09-27 16:00:00+00:00,2684.7,2696.2
2024-09-28 00:00:00+00:00,2696.5,2678.2
2024-09-28 08:00:00+00:00,2678.1,2669.6
2024-09-28 16:00:00+00:00,2669.7,2674.5
2024-09-29 00:00:00+00:00,2674.6,2640.1
2024-09-29 08:00:00+00:00,2640.1,2666.3
2024-09-29 16:00:00+00:00,2666.2,2657.7
2024-09-30 00:00:00+00:00,2657.7,2639.1
2024-09-30 08:00:00+00:00,2639.2,2596.7
2024-09-30 16:00:00+00:00,2596.7,2604.2
2024-10-01 00:00:00+00:00,2604.1,2647.7
2024-10-01 08:00:00+00:00,2647.6,2528.7
2024-10-01 16:00:00+00:00,2528.7,2448.7
2024-10-02 00:00:00+00:00,2448.6,2483.9
2024-10-02 08:00:00+00:00,2483.3,2461.8
2024-10-02 16:00:00+00:00,2461.7,2364.1
2024-10-03 00:00:00+00:00,2364.0,2364.4
2024-10-03 08:00:00+00:00,2364.5,2339.3
2024-10-03 16:00:00+00:00,2339.8,2348.8
2024-10-04 00:00:00+00:00,2349.0,2380.7
2024-10-04 08:00:00+00:00,2380.8,2415.0
2024-10-04 16:00:00+00:00,2416.1,2413.0
2024-10-05 00:00:00+00:00,2413.0,2414.1
2024-10-05 08:00:00+00:00,2414.0,2413.7
2024-10-05 16:00:00+00:00,2413.7,2413.8
2024-10-06 00:00:00+00:00,2413.7,2416.7
2024-10-06 08:00:00+00:00,2416.6,2446.2
2024-10-06 16:00:00+00:00,2446.3,2438.4
2024-10-07 00:00:00+00:00,2438.5,2479.9
2024-10-07 08:00:00+00:00,2479.9,2473.0
2024-10-07 16:00:00+00:00,2473.0,2421.2
2024-10-08 00:00:00+00:00,2421.2,2426.3
2024-10-08 08:00:00+00:00,2426.3,2418.5
2024-10-08 16:00:00+00:00,2418.3,2439.5
2024-10-09 00:00:00+00:00,2439.4,2435.2
2024-10-09 08:00:00+00:00,2434.9,2460.6
2024-10-09 16:00:00+00:00,2460.7,2368.8
2024-10-10 00:00:00+00:00,2368.9,2394.6
2024-10-10 08:00:00+00:00,2394.7,2403.3
2024-10-10 16:00:00+00:00,2403.4,2385.4
2024-10-11 00:00:00+00:00,2385.4,2405.8
2024-10-11 08:00:00+00:00,2405.7,2443.0
2024-10-11 16:00:00+00:00,2443.0,2437.4
2024-10-12 00:00:00+00:00,2437.7,2445.1
2024-10-12 08:00:00+00:00,2445.0,2472.0
2024-10-12 16:00:00+00:00,2472.0,2475.4
2024-10-13 00:00:00+00:00,2475.3,2464.7
2024-10-13 08:00:00+00:00,2464.5,2439.4
2024-10-13 16:00:00+00:00,2438.9,2467.7
2024-10-14 00:00:00+00:00,2467.8,2535.3
2024-10-14 08:00:00+00:00,2535.2,2633.4
2024-10-14 16:00:00+00:00,2634.4,2629.2
2024-10-15 00:00:00+00:00,2629.3,2615.3
2024-10-15 08:00:00+00:00,2615.4,2572.1
2024-10-15 16:00:00+00:00,2572.3,2606.8
2024-10-16 00:00:00+00:00,2606.6,2607.2
2024-10-16 08:00:00+00:00,2607.1,2606.9
2024-10-16 16:00:00+00:00,2607.0,2610.3
2024-10-17 00:00:00+00:00,2610.3,2626.0
2024-10-17 08:00:00+00:00,2626.9,2630.2
2024-10-17 16:00:00+00:00,2630.0,2604.8
2024-10-18 00:00:00+00:00,2604.6,2645.2
2024-10-18 08:00:00+00:00,2645.1,2653.6
2024-10-18 16:00:00+00:00,2653.7,2642.0
2024-10-19 00:00:00+00:00,2642.2,2641.3
2024-10-19 08:00:00+00:00,2641.4,2645.6
2024-10-19 16:00:00+00:00,2645.7,2648.6
2024-10-20 00:00:00+00:00,2648.7,2646.6
2024-10-20 08:00:00+00:00,2646.7,2706.1
2024-10-20 16:00:00+00:00,2706.0,2747.8
2024-10-21 00:00:00+00:00,2747.7,2722.6
2024-10-21 08:00:00+00:00,2722.5,2680.7
2024-10-21 16:00:00+00:00,2680.4,2665.6
2024-10-22 00:00:00+00:00,2665.6,2646.4
2024-10-22 08:00:00+00:00,2646.4,2623.4
2024-10-22 16:00:00+00:00,2623.3,2622.0
2024-10-23 00:00:00+00:00,2622.0,2602.1
2024-10-23 08:00:00+00:00,2602.1,2540.4
2024-10-23 16:00:00+00:00,2539.8,2524.6
2024-10-24 00:00:00+00:00,2524.7,2543.8
2024-10-24 08:00:00+00:00,2543.7,2525.5
2024-10-24 16:00:00+00:00,2525.5,2535.3
2024-10-25 00:00:00+00:00,2535.2,2482.8
2024-10-25 08:00:00+00:00,2483.0,2523.4
2024-10-25 16:00:00+00:00,2523.4,2440.4
2024-10-26 00:00:00+00:00,2440.5,2465.4
2024-10-26 08:00:00+00:00,2465.4,2456.2
2024-10-26 16:00:00+00:00,2456.9,2482.1
2024-10-27 00:00:00+00:00,2482.1,2480.6
2024-10-27 08:00:00+00:00,2480.6,2501.5
2024-10-27 16:00:00+00:00,2501.5,2507.9
2024-10-28 00:00:00+00:00,2507.8,2511.5
2024-10-28 08:00:00+00:00,2511.6,2499.8
2024-10-28 16:00:00+00:00,2500.4,2567.1
2024-10-29 00:00:00+00:00,2567.2,2612.5
2024-10-29 08:00:00+00:00,2613.2,2648.6
2024-10-29 16:00:00+00:00,2648.5,2640.4
2024-10-30 00:00:00+00:00,2640.5,2669.9
2024-10-30 08:00:00+00:00,2669.8,2684.8
2024-10-30 16:00:00+00:00,2684.6,2660.1
2024-10-31 00:00:00+00:00,2660.1,2647.9
2024-10-31 08:00:00+00:00,2647.9,2563.0
2024-10-31 16:00:00+00:00,2562.7,2519.2
2024-11-01 00:00:00+00:00,2519.2,2504.6
2024-11-01 08:00:00+00:00,2504.3,2499.7
2024-11-01 16:00:00+00:00,2499.7,2512.3
2024-11-02 00:00:00+00:00,2512.0,2507.2
2024-11-02 08:00:00+00:00,2506.8,2487.5
2024-11-02 16:00:00+00:00,2487.6,2493.0
2024-11-03 00:00:00+00:00,2492.9,2449.3
2024-11-03 08:00:00+00:00,2449.1,2441.5
2024-11-03 16:00:00+00:00,2441.1,2456.4
2024-11-04 00:00:00+00:00,2456.4,2458.2
2024-11-04 08:00:00+00:00,2458.2,2441.3
2024-11-04 16:00:00+00:00,2441.2,2396.6
2024-11-05 00:00:00+00:00,2396.5,2444.3
2024-11-05 08:00:00+00:00,2444.2,2441.2
2024-11-05 16:00:00+00:00,2441.4,2422.8
2024-11-06 00:00:00+00:00,2422.8,2596.3
2024-11-06 08:00:00+00:00,2596.9,2637.1
2024-11-06 16:00:00+00:00,2637.1,2724.5
2024-11-07 00:00:00+00:00,2724.6,2822.6
2024-11-07 08:00:00+00:00,2822.9,2850.9
2024-11-07 16:00:00+00:00,2850.8,2897.7
2024-11-08 00:00:00+00:00,2898.4,2915.2
2024-11-08 08:00:00+00:00,2914.7,2939.3
2024-11-08 16:00:00+00:00,2939.3,2964.0
2024-11-09 00:00:00+00:00,2964.0,3033.9
2024-11-09 08:00:00+00:00,3034.0,3043.5
2024-11-09 16:00:00+00:00,3043.2,3129.4
2024-11-10 00:00:00+00:00,3129.3,3188.2
2024-11-10 08:00:00+00:00,3188.4,3212.8
2024-11-10 16:00:00+00:00,3212.4,3186.6
2024-11-11 00:00:00+00:00,3186.5,3143.9
2024-11-11 08:00:00+00:00,3143.8,3239.5
2024-11-11 16:00:00+00:00,3239.4,3375.4
2024-11-12 00:00:00+00:00,3375.3,3372.7
2024-11-12 08:00:00+00:00,3372.4,3264.7
2024-11-12 16:00:00+00:00,3264.4,3247.7
2024-11-13 00:00:00+00:00,3247.6,3161.8
2024-11-13 08:00:00+00:00,3162.5,3314.3
2024-11-13 16:00:00+00:00,3313.1,3190.6
2024-11-14 00:00:00+00:00,3190.6,3222.2
2024-11-14 08:00:00+00:00,3222.2,3080.3
2024-11-14 16:00:00+00:00,3080.4,3060.9
2024-11-15 00:00:00+00:00,3060.9,3042.3
2024-11-15 08:00:00+00:00,3040.9,3024.0
2024-11-15 16:00:00+00:00,3024.5,3092.3
2024-11-16 00:00:00+00:00,3091.4,3109.1
2024-11-16 08:00:00+00:00,3109.0,3144.2
2024-11-16 16:00:00+00:00,3143.8,3132.2
2024-11-17 00:00:00+00:00,3132.5,3139.2
2024-11-17 08:00:00+00:00,3139.6,3089.1
2024-11-17 16:00:00+00:00,3088.8,3078.3
2024-11-18 00:00:00+00:00,3078.7,3134.0
2024-11-18 08:00:00+00:00,3134.2,3147.2
2024-11-18 16:00:00+00:00,3147.3,3213.0
2024-11-19 00:00:00+00:00,3212.5,3121.4
2024-11-19 08:00:00+00:00,3121.4,3107.9
2024-11-19 16:00:00+00:00,3107.9,3110.7
2024-11-20 00:00:00+00:00,3110.6,3112.1
2024-11-20 08:00:00+00:00,3111.9,3131.8
2024-11-20 16:00:00+00:00,3131.7,3071.6
2024-11-21 00:00:00+00:00,3071.7,3140.2
2024-11-21 08:00:00+00:00,3140.3,3281.1
2024-11-21 16:00:00+00:00,3280.7,3358.9
2024-11-22 00:00:00+00:00,3358.8,3367.2
2024-11-22 08:00:00+00:00,3367.2,3318.3
2024-11-22 16:00:00+00:00,3318.2,3332.1
2024-11-23 00:00:00+00:00,3332.4,3345.0
2024-11-23 08:00:00+00:00,3344.9,3463.4
2024-11-23 16:00:00+00:00,3463.9,3396.7
2024-11-24 00:00:00+00:00,3396.8,3425.8
2024-11-24 08:00:00+00:00,3425.8,3296.5
2024-11-24 16:00:00+00:00,3296.4,3363.6
2024-11-25 00:00:00+00:00,3363.9,3402.2
2024-11-25 08:00:00+00:00,3402.8,3522.6
2024-11-25 16:00:00+00:00,3521.9,3417.9
2024-11-26 00:00:00+00:00,3418.0,3397.4
2024-11-26 08:00:00+00:00,3396.8,3299.9
2024-11-26 16:00:00+00:00,3299.3,3328.4
2024-11-27 00:00:00+00:00,3328.3,3428.2
2024-11-27 08:00:00+00:00,3428.0,3556.7
2024-11-27 16:00:00+00:00,3556.3,3656.5
2024-11-28 00:00:00+00:00,3656.5,3594.3
2024-11-28 08:00:00+00:00,3594.4,3543.5
2024-11-28 16:00:00+00:00,3544.1,3581.7
2024-11-29 00:00:00+00:00,3581.8,3547.7
2024-11-29 08:00:00+00:00,3547.5,3617.1
2024-11-29 16:00:00+00:00,3617.3,3596.0
2024-11-30 00:00:00+00:00,3596.0,3706.1
2024-11-30 08:00:00+00:00,3706.7,3679.2
2024-11-30 16:00:00+00:00,3678.8,3706.9
2024-12-01 00:00:00+00:00,3706.9,3704.5
2024-12-01 08:00:00+00:00,3704.5,3732.4
2024-12-01 16:00:00+00:00,3733.4,3711.2
2024-12-02 00:00:00+00:00,3711.1,3670.3
2024-12-02 08:00:00+00:00,3670.2,3676.6
2024-12-02 16:00:00+00:00,3677.0,3646.7
2024-12-03 00:00:00+00:00,3647.2,3621.0
2024-12-03 08:00:00+00:00,3621.1,3574.3
2024-12-03 16:00:00+00:00,3574.0,3617.7
2024-12-04 00:00:00+00:00,3617.7,3718.6
2024-12-04 08:00:00+00:00,3718.7,3826.2
2024-12-04 16:00:00+00:00,3826.1,3842.1
2024-12-05 00:00:00+00:00,3841.7,3855.2
2024-12-05 08:00:00+00:00,3855.5,3893.6
2024-12-05 16:00:00+00:00,3893.7,3791.2
2024-12-06 00:00:00+00:00,3791.2,3899.0
2024-12-06 08:00:00+00:00,3898.9,3997.9
2024-12-06 16:00:00+00:00,3998.0,4003.5
2024-12-07 00:00:00+00:00,4003.6,3991.5
2024-12-07 08:00:00+00:00,3991.6,4009.3
2024-12-07 16:00:00+00:00,4009.3,3999.9
2024-12-08 00:00:00+00:00,3999.9,3984.7
2024-12-08 08:00:00+00:00,3984.2,3994.0
2024-12-08 16:00:00+00:00,3994.1,4008.5
2024-12-09 00:00:00+00:00,4008.6,3921.2
2024-12-09 08:00:00+00:00,3921.4,3829.4
2024-12-09 16:00:00+00:00,3830.6,3715.9
2024-12-10 00:00:00+00:00,3716.0,3737.5
2024-12-10 08:00:00+00:00,3737.5,3566.9
2024-12-10 16:00:00+00:00,3566.9,3631.1
2024-12-11 00:00:00+00:00,3631.1,3654.2
2024-12-11 08:00:00+00:00,3654.6,3788.7
2024-12-11 16:00:00+00:00,3788.9,3833.8
2024-12-12 00:00:00+00:00,3833.7,3905.2
2024-12-12 08:00:00+00:00,3905.3,3963.1
2024-12-12 16:00:00+00:00,3963.0,3886.7
2024-12-13 00:00:00+00:00,3886.6,3886.4
2024-12-13 08:00:00+00:00,3886.6,3887.4
2024-12-13 16:00:00+00:00,3887.6,3908.9
2024-12-14 00:00:00+00:00,3908.9,3923.6
2024-12-14 08:00:00+00:00,3923.6,3890.5
2024-12-14 16:00:00+00:00,3890.4,3873.4
2024-12-15 00:00:00+00:00,3873.3,3846.1
2024-12-15 08:00:00+00:00,3846.2,3900.1
2024-12-15 16:00:00+00:00,3900.1,3968.5
2024-12-16 00:00:00+00:00,3968.5,3976.6
2024-12-16 08:00:00+00:00,3976.6,3950.3
2024-12-16 16:00:00+00:00,3949.6,3988.6
2024-12-17 00:00:00+00:00,3988.6,3996.7
2024-12-17 08:00:00+00:00,3996.7,3941.0
2024-12-17 16:00:00+00:00,3941.0,3893.6
2024-12-18 00:00:00+00:00,3893.3,3849.8
2024-12-18 08:00:00+00:00,3849.8,3871.2
2024-12-18 16:00:00+00:00,3871.2,3627.1
2024-12-19 00:00:00+00:00,3627.1,3698.6
2024-12-19 08:00:00+00:00,3698.6,3613.3
2024-12-19 16:00:00+00:00,3613.5,3414.1
2024-12-20 00:00:00+00:00,3414.2,3389.3
2024-12-20 08:00:00+00:00,3389.3,3374.9
2024-12-20 16:00:00+00:00,3373.8,3469.3
2024-12-21 00:00:00+00:00,3469.7,3520.2
2024-12-21 08:00:00+00:00,3520.2,3388.8
2024-12-21 16:00:00+00:00,3388.8,3336.0
2024-12-22 00:00:00+00:00,3337.6,3331.2
2024-12-22 08:00:00+00:00,3331.0,3300.1
2024-12-22 16:00:00+00:00,3300.6,3280.9
2024-12-23 00:00:00+00:00,3281.4,3302.8
2024-12-23 08:00:00+00:00,3302.8,3276.3
2024-12-23 16:00:00+00:00,3276.3,3424.5
2024-12-24 00:00:00+00:00,3424.4,3404.3
2024-12-24 08:00:00+00:00,3404.3,3495.6
2024-12-24 16:00:00+00:00,3495.5,3494.0
2024-12-25 00:00:00+00:00,3493.8,3491.3
2024-12-25 08:00:00+00:00,3491.3,3474.8
2024-12-25 16:00:00+00:00,3475.1,3499.4
2024-12-26 00:00:00+00:00,3498.9,3420.7
2024-12-26 08:00:00+00:00,3420.9,3342.9
2024-12-26 16:00:00+00:00,3343.3,3335.2
2024-12-27 00:00:00+00:00,3335.1,3325.7
2024-12-27 08:00:00+00:00,3325.7,3326.1
2024-12-27 16:00:00+00:00,3326.4,3334.9
2024-12-28 00:00:00+00:00,3335.0,3336.2
2024-12-28 08:00:00+00:00,3336.1,3369.2
2024-12-28 16:00:00+00:00,3369.1,3404.8
2024-12-29 00:00:00+00:00,3404.7,3409.0
2024-12-29 08:00:00+00:00,3409.0,3374.0
2024-12-29 16:00:00+00:00,3374.0,3356.7
2024-12-30 00:00:00+00:00,3356.8,3427.9
2024-12-30 08:00:00+00:00,3428.6,3328.0
2024-12-30 16:00:00+00:00,3327.9,3362.2
2024-12-31 00:00:00+00:00,3362.3,3353.9
2024-12-31 08:00:00+00:00,3353.9,3413.5
2024-12-31 16:00:00+00:00,3413.6,3336.8
2025-01-01 00:00:00+00:00,3336.8,3347.9
2025-01-01 08:00:00+00:00,3348.6,3354.4
2025-01-01 16:00:00+00:00,3354.4,3363.2
2025-01-02 00:00:00+00:00,3363.2,3422.6
2025-01-02 08:00:00+00:00,3422.6,3466.1
2025-01-02 16:00:00+00:00,3466.2,3457.6
2025-01-03 00:00:00+00:00,3457.6,3434.2
2025-01-03 08:00:00+00:00,3434.2,3568.4
2025-01-03 16:00:00+00:00,3568.3,3610.5
2025-01-04 00:00:00+00:00,3610.5,3595.0
2025-01-04 08:00:00+00:00,3594.9,3609.5
2025-01-04 16:00:00+00:00,3609.5,3657.8
2025-01-05 00:00:00+00:00,3657.9,3631.3
2025-01-05 08:00:00+00:00,3631.3,3630.8
2025-01-05 16:00:00+00:00,3630.8,3636.0
2025-01-06 00:00:00+00:00,3635.9,3650.6
2025-01-06 08:00:00+00:00,3650.6,3713.8
2025-01-06 16:00:00+00:00,3714.9,3685.8
2025-01-07 00:00:00+00:00,3685.8,3665.9
2025-01-07 08:00:00+00:00,3666.3,3463.0
2025-01-07 16:00:00+00:00,3463.0,3381.2
2025-01-08 00:00:00+00:00,3381.0,3355.1
2025-01-08 08:00:00+00:00,3355.0,3348.5
2025-01-08 16:00:00+00:00,3348.5,3329.5
2025-01-09 00:00:00+00:00,3329.3,3288.8
2025-01-09 08:00:00+00:00,3288.8,3319.2
2025-01-09 16:00:00+00:00,3319.2,3216.3
2025-01-10 00:00:00+00:00,3216.9,3294.4
2025-01-10 08:00:00+00:00,3294.5,3242.3
2025-01-10 16:00:00+00:00,3242.8,3265.7
2025-01-11 00:00:00+00:00,3265.6,3235.9
2025-01-11 08:00:00+00:00,3236.0,3271.2
2025-01-11 16:00:00+00:00,3271.2,3284.2
2025-01-12 00:00:00+00:00,3284.1,3267.5
2025-01-12 08:00:00+00:00,3267.8,3288.1
2025-01-12 16:00:00+00:00,3288.0,3268.0
2025-01-13 00:00:00+00:00,3268.0,3201.8
2025-01-13 08:00:00+00:00,3201.7,3050.0
2025-01-13 16:00:00+00:00,3050.0,3137.6
2025-01-14 00:00:00+00:00,3137.5,3170.1
2025-01-14 08:00:00+00:00,3170.0,3198.6
2025-01-14 16:00:00+00:00,3198.4,3223.4
2025-01-15 00:00:00+00:00,3223.7,3231.8
2025-01-15 08:00:00+00:00,3231.8,3333.6
2025-01-15 16:00:00+00:00,3333.8,3451.1
2025-01-16 00:00:00+00:00,3451.1,3384.5
2025-01-16 08:00:00+00:00,3384.6,3332.8
2025-01-16 16:00:00+00:00,3332.7,3309.3
2025-01-17 00:00:00+00:00,3309.3,3373.9
2025-01-17 08:00:00+00:00,3374.0,3422.4
2025-01-17 16:00:00+00:00,3422.5,3473.9
2025-01-18 00:00:00+00:00,3475.0,3285.7
2025-01-18 08:00:00+00:00,3285.8,3306.8
2025-01-18 16:00:00+00:00,3306.8,3311.2
2025-01-19 00:00:00+00:00,3311.3,3275.9
2025-01-19 08:00:00+00:00,3275.9,3388.8
2025-01-19 16:00:00+00:00,3388.1,3212.6
2025-01-20 00:00:00+00:00,3213.1,3386.2
2025-01-20 08:00:00+00:00,3386.2,3337.4
2025-01-20 16:00:00+00:00,3338.2,3285.1
2025-01-21 00:00:00+00:00,3285.1,3254.3
2025-01-21 08:00:00+00:00,3254.3,3296.5
2025-01-21 16:00:00+00:00,3296.4,3330.2
2025-01-22 00:00:00+00:00,3330.2,3288.2
2025-01-22 08:00:00+00:00,3288.2,3278.2
2025-01-22 16:00:00+00:00,3278.5,3240.7
2025-01-23 00:00:00+00:00,3240.7,3231.5
2025-01-23 08:00:00+00:00,3231.5,3257.4
2025-01-23 16:00:00+00:00,3258.4,3340.1
2025-01-24 00:00:00+00:00,3340.2,3381.9
2025-01-24 08:00:00+00:00,3381.9,3386.5
2025-01-24 16:00:00+00:00,3386.6,3309.4
2025-01-25 00:00:00+00:00,3309.4,3289.8
2025-01-25 08:00:00+00:00,3289.8,3334.3
2025-01-25 16:00:00+00:00,3334.4,3317.4
2025-01-26 00:00:00+00:00,3317.4,3339.5
2025-01-26 08:00:00+00:00,3339.5,3315.4
2025-01-26 16:00:00+00:00,3315.5,3230.9
2025-01-27 00:00:00+00:00,3230.9,3069.1
2025-01-27 08:00:00+00:00,3069.1,3131.9
2025-01-27 16:00:00+00:00,3132.3,3181.5
2025-01-28 00:00:00+00:00,3181.5,3196.3
2025-01-28 08:00:00+00:00,3196.4,3180.5
2025-01-28 16:00:00+00:00,3180.6,3076.0
2025-01-29 00:00:00+00:00,3076.0,3157.8
2025-01-29 08:00:00+00:00,3157.8,3100.6
2025-01-29 16:00:00+00:00,3099.9,3113.1
2025-01-30 00:00:00+00:00,3113.2,3190.6
2025-01-30 08:00:00+00:00,3190.6,3258.5
2025-01-30 16:00:00+00:00,3256.1,3247.7
2025-01-31 00:00:00+00:00,3247.7,3243.7
2025-01-31 08:00:00+00:00,3243.7,3430.8
2025-01-31 16:00:00+00:00,3430.7,3302.6
2025-02-01 00:00:00+00:00,3302.7,3281.0
2025-02-01 08:00:00+00:00,3281.0,3249.6
2025-02-01 16:00:00+00:00,3249.7,3114.5
2025-02-02 00:00:00+00:00,3115.3,3099.9
2025-02-02 08:00:00+00:00,3099.9,3079.5
2025-02-02 16:00:00+00:00,3079.5,2870.2
2025-02-03 00:00:00+00:00,2870.1,2621.2
2025-02-03 08:00:00+00:00,2621.2,2699.0
2025-02-03 16:00:00+00:00,2699.0,2878.8
2025-02-04 00:00:00+00:00,2878.7,2702.6
2025-02-04 08:00:00+00:00,2702.7,2777.4
2025-02-04 16:00:00+00:00,2777.4,2730.6
2025-02-05 00:00:00+00:00,2730.6,2759.6
2025-02-05 08:00:00+00:00,2759.6,2773.3
2025-02-05 16:00:00+00:00,2773.1,2788.3
2025-02-06 00:00:00+00:00,2787.8,2831.7
2025-02-06 08:00:00+00:00,2831.6,2705.9
2025-02-06 16:00:00+00:00,2706.1,2687.7
2025-02-07 00:00:00+00:00,2687.4,2712.9
2025-02-07 08:00:00+00:00,2712.9,2721.3
2025-02-07 16:00:00+00:00,2721.3,2621.6
2025-02-08 00:00:00+00:00,2621.6,2629.2
2025-02-08 08:00:00+00:00,2629.1,2604.7
2025-02-08 16:00:00+00:00,2604.0,2630.6
2025-02-09 00:00:00+00:00,2631.1,2661.5
2025-02-09 08:00:00+00:00,2661.5,2652.1
2025-02-09 16:00:00+00:00,2652.0,2626.8
2025-02-10 00:00:00+00:00,2626.8,2636.9
2025-02-10 08:00:00+00:00,2637.0,2656.4
2025-02-10 16:00:00+00:00,2657.5,2659.8
2025-02-11 00:00:00+00:00,2659.8,2712.2
2025-02-11 08:00:00+00:00,2712.2,2661.8
2025-02-11 16:00:00+00:00,2661.8,2602.8
2025-02-12 00:00:00+00:00,2602.7,2618.4
2025-02-12 08:00:00+00:00,2618.4,2606.2
2025-02-12 16:00:00+00:00,2606.3,2738.9
2025-02-13 00:00:00+00:00,2738.9,2681.0
2025-02-13 08:00:00+00:00,2681.0,2647.7
2025-02-13 16:00:00+00:00,2647.7,2674.4
2025-02-14 00:00:00+00:00,2674.5,2698.8
2025-02-14 08:00:00+00:00,2698.9,2733.7
2025-02-14 16:00:00+00:00,2734.4,2724.0
2025-02-15 00:00:00+00:00,2724.0,2696.0
2025-02-15 08:00:00+00:00,2696.0,2689.3
2025-02-15 16:00:00+00:00,2689.2,2691.3
2025-02-16 00:00:00+00:00,2691.2,2694.4
2025-02-16 08:00:00+00:00,2694.4,2693.2
2025-02-16 16:00:00+00:00,2693.2,2660.0
2025-02-17 00:00:00+00:00,2659.9,2680.6
2025-02-17 08:00:00+00:00,2680.5,2754.5
2025-02-17 16:00:00+00:00,2754.6,2743.0
2025-02-18 00:00:00+00:00,2742.9,2671.0
2025-02-18 08:00:00+00:00,2671.0,2673.0
2025-02-18 16:00:00+00:00,2673.0,2671.5
2025-02-19 00:00:00+00:00,2671.4,2708.4
2025-02-19 08:00:00+00:00,2708.1,2695.8
2025-02-19 16:00:00+00:00,2695.8,2714.3
2025-02-20 00:00:00+00:00,2714.2,2729.8
2025-02-20 08:00:00+00:00,2730.0,2710.4
2025-02-20 16:00:00+00:00,2710.3,2737.0
2025-02-21 00:00:00+00:00,2737.1,2754.5
2025-02-21 08:00:00+00:00,2754.5,2723.1
2025-02-21 16:00:00+00:00,2723.0,2664.4
2025-02-22 00:00:00+00:00,2664.9,2685.4
2025-02-22 08:00:00+00:00,2685.5,2776.1
2025-02-22 16:00:00+00:00,2776.4,2763.1
2025-02-23 00:00:00+00:00,2763.3,2825.0
2025-02-23 08:00:00+00:00,2825.0,2780.6
2025-02-23 16:00:00+00:00,2780.9,2818.2
2025-02-24 00:00:00+00:00,2818.2,2720.1
2025-02-24 08:00:00+00:00,2720.1,2657.0
2025-02-24 16:00:00+00:00,2657.0,2513.4
2025-02-25 00:00:00+00:00,2513.3,2368.0
2025-02-25 08:00:00+00:00,2367.7,2408.2
2025-02-25 16:00:00+00:00,2407.9,2493.7
2025-02-26 00:00:00+00:00,2494.1,2482.0
2025-02-26 08:00:00+00:00,2482.3,2427.5
2025-02-26 16:00:00+00:00,2427.4,2335.3
2025-02-27 00:00:00+00:00,2335.4,2356.4
2025-02-27 08:00:00+00:00,2356.5,2323.2
2025-02-27 16:00:00+00:00,2323.1,2307.3
2025-02-28 00:00:00+00:00,2307.4,2105.1
2025-02-28 08:00:00+00:00,2105.0,2221.6
2025-02-28 16:00:00+00:00,2221.5,2235.6
2025-03-01 00:00:00+00:00,2235.7,2227.5
2025-03-01 08:00:00+00:00,2227.6,2171.5
2025-03-01 16:00:00+00:00,2171.6,2217.8
2025-03-02 00:00:00+00:00,2217.8,2221.2
2025-03-02 08:00:00+00:00,2221.3,2228.4
2025-03-02 16:00:00+00:00,2228.7,2517.8
2025-03-03 00:00:00+00:00,2518.1,2387.6
2025-03-03 08:00:00+00:00,2387.1,2287.1
2025-03-03 16:00:00+00:00,2287.4,2147.6
2025-03-04 00:00:00+00:00,2147.8,2078.9
2025-03-04 08:00:00+00:00,2078.9,2072.9
2025-03-04 16:00:00+00:00,2073.1,2170.4
2025-03-05 00:00:00+00:00,2170.2,2206.7
2025-03-05 08:00:00+00:00,2206.5,2185.8
2025-03-05 16:00:00+00:00,2185.7,2240.6
2025-03-06 00:00:00+00:00,2240.5,2284.5
2025-03-06 08:00:00+00:00,2284.6,2256.2
2025-03-06 16:00:00+00:00,2256.1,2201.5
2025-03-07 00:00:00+00:00,2201.5,2192.0
2025-03-07 08:00:00+00:00,2191.9,2208.1
2025-03-07 16:00:00+00:00,2208.9,2140.0
2025-03-08 00:00:00+00:00,2140.0,2136.9
2025-03-08 08:00:00+00:00,2136.8,2180.0
2025-03-08 16:00:00+00:00,2180.1,2202.6
2025-03-09 00:00:00+00:00,2202.6,2183.7
2025-03-09 08:00:00+00:00,2183.7,2095.9
2025-03-09 16:00:00+00:00,2095.9,2019.2
2025-03-10 00:00:00+00:00,2019.1,2074.6
2025-03-10 08:00:00+00:00,2074.6,2016.5
2025-03-10 16:00:00+00:00,2016.6,1864.3
2025-03-11 00:00:00+00:00,1864.3,1903.5
2025-03-11 08:00:00+00:00,1903.5,1912.3
2025-03-11 16:00:00+00:00,1912.6,1922.5
2025-03-12 00:00:00+00:00,1922.5,1911.8
2025-03-12 08:00:00+00:00,1911.8,1868.5
2025-03-12 16:00:00+00:00,1868.5,1907.3
2025-03-13 00:00:00+00:00,1907.1,1871.1
2025-03-13 08:00:00+00:00,1871.2,1874.5
2025-03-13 16:00:00+00:00,1874.5,1863.6
2025-03-14 00:00:00+00:00,1863.7,1892.4
2025-03-14 08:00:00+00:00,1892.5,1920.4
2025-03-14 16:00:00+00:00,1920.9,1910.4
2025-03-15 00:00:00+00:00,1910.1,1917.0
2025-03-15 08:00:00+00:00,1916.9,1936.6
2025-03-15 16:00:00+00:00,1937.0,1936.3
2025-03-16 00:00:00+00:00,1936.4,1924.9
2025-03-16 08:00:00+00:00,1925.0,1894.0
2025-03-16 16:00:00+00:00,1893.9,1886.0
2025-03-17 00:00:00+00:00,1886.2,1899.5
2025-03-17 08:00:00+00:00,1899.8,1917.9
2025-03-17 16:00:00+00:00,1917.9,1924.8
2025-03-18 00:00:00+00:00,1924.9,1904.1
2025-03-18 08:00:00+00:00,1903.9,1879.8
2025-03-18 16:00:00+00:00,1879.8,1931.5
2025-03-19 00:00:00+00:00,1931.2,1930.8
2025-03-19 08:00:00+00:00,1931.6,2048.7
2025-03-19 16:00:00+00:00,2048.7,2055.6
2025-03-20 00:00:00+00:00,2055.8,2006.6
2025-03-20 08:00:00+00:00,2006.7,1971.6
2025-03-20 16:00:00+00:00,1971.2,1982.9
2025-03-21 00:00:00+00:00,1983.0,1975.7
2025-03-21 08:00:00+00:00,1975.9,1949.6
2025-03-21 16:00:00+00:00,1949.7,1964.7
2025-03-22 00:00:00+00:00,1964.9,1983.2
2025-03-22 08:00:00+00:00,1983.2,1985.5
2025-03-22 16:00:00+00:00,1985.5,1979.6
2025-03-23 00:00:00+00:00,1979.6,2007.4
2025-03-23 08:00:00+00:00,2007.8,2006.5
2025-03-23 16:00:00+00:00,2006.6,2005.4
2025-03-24 00:00:00+00:00,2005.5,2068.1
2025-03-24 08:00:00+00:00,2068.1,2089.0
2025-03-24 16:00:00+00:00,2089.0,2080.1
2025-03-25 00:00:00+00:00,2080.0,2055.0
2025-03-25 08:00:00+00:00,2055.0,2066.9
2025-03-25 16:00:00+00:00,2066.8,2065.3
2025-03-26 00:00:00+00:00,2065.3,2068.6
2025-03-26 08:00:00+00:00,2068.7,2011.8
2025-03-26 16:00:00+00:00,2011.5,2008.4
2025-03-27 00:00:00+00:00,2008.4,2025.8
2025-03-27 08:00:00+00:00,2025.6,2004.7
2025-03-27 16:00:00+00:00,2004.6,2002.7
2025-03-28 00:00:00+00:00,2002.7,1908.5
2025-03-28 08:00:00+00:00,1908.6,1870.9
2025-03-28 16:00:00+00:00,1870.9,1895.8
2025-03-29 00:00:00+00:00,1895.8,1879.6
2025-03-29 08:00:00+00:00,1879.6,1837.9
2025-03-29 16:00:00+00:00,1838.2,1826.9
2025-03-30 00:00:00+00:00,1826.8,1836.3
2025-03-30 08:00:00+00:00,1836.3,1812.4
2025-03-30 16:00:00+00:00,1812.4,1806.9
2025-03-31 00:00:00+00:00,1807.1,1797.9
2025-03-31 08:00:00+00:00,1797.7,1841.2
2025-03-31 16:00:00+00:00,1841.1,1821.2
2025-04-01 00:00:00+00:00,1821.4,1853.5
2025-04-01 08:00:00+00:00,1853.4,1918.0
2025-04-01 16:00:00+00:00,1917.9,1904.3
2025-04-02 00:00:00+00:00,1904.3,1864.3
2025-04-02 08:00:00+00:00,1864.4,1900.2
2025-04-02 16:00:00+00:00,1900.0,1794.0
2025-04-03 00:00:00+00:00,1794.0,1814.4
2025-04-03 08:00:00+00:00,1814.3,1781.0
2025-04-03 16:00:00+00:00,1781.3,1815.8
2025-04-04 00:00:00+00:00,1816.1,1816.7
2025-04-04 08:00:00+00:00,1816.7,1794.1
2025-04-04 16:00:00+00:00,1794.2,1816.1
2025-04-05 00:00:00+00:00,1815.7,1811.9
2025-04-05 08:00:00+00:00,1812.0,1780.9
2025-04-05 16:00:00+00:00,1781.0,1805.2
2025-04-06 00:00:00+00:00,1805.3,1796.8
2025-04-06 08:00:00+00:00,1797.2,1759.6
2025-04-06 16:00:00+00:00,1759.5,1579.3
2025-04-07 00:00:00+00:00,1579.4,1460.1
2025-04-07 08:00:00+00:00,1459.8,1555.4
2025-04-07 16:00:00+00:00,1555.1,1552.1
2025-04-08 00:00:00+00:00,1552.1,1569.9
2025-04-08 08:00:00+00:00,1569.8,1530.7
2025-04-08 16:00:00+00:00,1530.6,1472.1
2025-04-09 00:00:00+00:00,1472.1,1482.7
2025-04-09 08:00:00+00:00,1482.9,1484.3
2025-04-09 16:00:00+00:00,1484.3,1668.5
2025-04-10 00:00:00+00:00,1668.4,1594.4
2025-04-10 08:00:00+00:00,1594.5,1495.4
2025-04-10 16:00:00+00:00,1495.1,1521.4
2025-04-11 00:00:00+00:00,1521.3,1552.0
2025-04-11 08:00:00+00:00,1551.9,1564.2
2025-04-11 16:00:00+00:00,1564.8,1565.8
2025-04-12 00:00:00+00:00,1565.8,1580.4
2025-04-12 08:00:00+00:00,1580.4,1655.2
2025-04-12 16:00:00+00:00,1655.2,1643.6
2025-04-13 00:00:00+00:00,1643.6,1612.6
2025-04-13 08:00:00+00:00,1612.7,1585.9
2025-04-13 16:00:00+00:00,1585.7,1597.0
2025-04-14 00:00:00+00:00,1597.0,1635.3
2025-04-14 08:00:00+00:00,1635.3,1627.6
2025-04-14 16:00:00+00:00,1627.4,1623.1
2025-04-15 00:00:00+00:00,1623.2,1644.4
2025-04-15 08:00:00+00:00,1644.3,1620.1
2025-04-15 16:00:00+00:00,1620.1,1587.7
2025-04-16 00:00:00+00:00,1587.7,1563.4
2025-04-16 08:00:00+00:00,1563.3,1589.2
2025-04-16 16:00:00+00:00,1589.5,1576.5
2025-04-17 00:00:00+00:00,1576.2,1601.0
2025-04-17 08:00:00+00:00,1601.0,1581.9
2025-04-17 16:00:00+00:00,1582.0,1582.6
2025-04-18 00:00:00+00:00,1582.6,1583.3
2025-04-18 08:00:00+00:00,1583.2,1582.0
2025-04-18 16:00:00+00:00,1581.9,1587.5
2025-04-19 00:00:00+00:00,1587.5,1600.3
2025-04-19 08:00:00+00:00,1600.3,1606.7
2025-04-19 16:00:00+00:00,1606.6,1612.0
2025-04-20 00:00:00+00:00,1611.9,1596.4
2025-04-20 08:00:00+00:00,1579.1,1572.7
2025-04-20 16:00:00+00:00,1572.8,1586.4
2025-04-21 00:00:00+00:00,1586.4,1644.8
2025-04-21 08:00:00+00:00,1645.0,1622.5
2025-04-21 16:00:00+00:00,1622.5,1579.1
2025-04-22 00:00:00+00:00,1579.1,1619.0
2025-04-22 08:00:00+00:00,1618.7,1702.7
2025-04-22 16:00:00+00:00,1702.6,1755.0
2025-04-23 00:00:00+00:00,1755.0,1791.5
2025-04-23 08:00:00+00:00,1791.4,1794.0
2025-04-23 16:00:00+00:00,1794.1,1794.0
2025-04-24 00:00:00+00:00,1794.1,1755.0
2025-04-24 08:00:00+00:00,1755.0,1763.8
2025-04-24 16:00:00+00:00,1763.8,1768.8
2025-04-25 00:00:00+00:00,1768.9,1776.7
2025-04-25 08:00:00+00:00,1776.4,1805.7
2025-04-25 16:00:00+00:00,1805.7,1783.2
2025-04-26 00:00:00+00:00,1783.5,1799.7
2025-04-26 08:00:00+00:00,1799.5,1799.4
2025-04-26 16:00:00+00:00,1799.3,1820.0
2025-04-27 00:00:00+00:00,1819.9,1802.6
2025-04-27 08:00:00+00:00,1802.6,1792.6
2025-04-27 16:00:00+00:00,1792.5,1790.0
2025-04-28 00:00:00+00:00,1789.9,1803.4
2025-04-28 08:00:00+00:00,1803.6,1762.5
2025-04-28 16:00:00+00:00,1762.6,1798.9
2025-04-29 00:00:00+00:00,1798.8,1820.9
2025-04-29 08:00:00+00:00,1820.9,1814.5
2025-04-29 16:00:00+00:00,1814.4,1796.8
2025-04-30 00:00:00+00:00,1796.9,1795.6
2025-04-30 08:00:00+00:00,1795.8,1764.1
2025-04-30 16:00:00+00:00,1763.9,1793.7
2025-05-01 00:00:00+00:00,1793.6,1809.9
2025-05-01 08:00:00+00:00,1810.0,1852.4
2025-05-01 16:00:00+00:00,1852.4,1837.5
2025-05-02 00:00:00+00:00,1837.6,1815.5
2025-05-02 08:00:00+00:00,1815.4,1840.1
2025-05-02 16:00:00+00:00,1840.0,1841.3
2025-05-03 00:00:00+00:00,1841.3,1825.2
2025-05-03 08:00:00+00:00,1825.2,1833.5
2025-05-03 16:00:00+00:00,1833.5,1832.7
2025-05-04 00:00:00+00:00,1832.7,1840.4
2025-05-04 08:00:00+00:00,1840.3,1829.9
2025-05-04 16:00:00+00:00,1829.8,1807.9
2025-05-05 00:00:00+00:00,1808.0,1826.3
2025-05-05 08:00:00+00:00,1826.3,1800.5
2025-05-05 16:00:00+00:00,1800.5,1819.0
2025-05-06 00:00:00+00:00,1819.0,1805.1
2025-05-06 08:00:00+00:00,1805.2,1769.6
2025-05-06 16:00:00+00:00,1769.9,1816.7
2025-05-07 00:00:00+00:00,1816.6,1837.7
2025-05-07 08:00:00+00:00,1837.7,1817.0
2025-05-07 16:00:00+00:00,1817.0,1811.2
2025-05-08 00:00:00+00:00,1811.0,1929.3
2025-05-08 08:00:00+00:00,1929.4,2052.8
2025-05-08 16:00:00+00:00,2052.8,2209.8
2025-05-09 00:00:00+00:00,2209.9,2367.1
2025-05-09 08:00:00+00:00,2367.6,2302.9
2025-05-09 16:00:00+00:00,2302.8,2347.0
2025-05-10 00:00:00+00:00,2347.0,2401.5
2025-05-10 08:00:00+00:00,2401.4,2435.9
2025-05-10 16:00:00+00:00,2435.9,2585.7
2025-05-11 00:00:00+00:00,2585.8,2474.5
2025-05-11 08:00:00+00:00,2474.1,2463.4
2025-05-11 16:00:00+00:00,2463.4,2516.5
2025-05-12 00:00:00+00:00,2516.5,2555.6
2025-05-12 08:00:00+00:00,2556.3,2489.6
2025-05-12 16:00:00+00:00,2489.4,2496.8
2025-05-13 00:00:00+00:00,2496.9,2460.8
2025-05-13 08:00:00+00:00,2460.8,2566.1
2025-05-13 16:00:00+00:00,2566.1,2679.9
2025-05-14 00:00:00+00:00,2679.9,2641.1
2025-05-14 08:00:00+00:00,2640.7,2598.2
2025-05-14 16:00:00+00:00,2598.3,2609.4
2025-05-15 00:00:00+00:00,2609.5,2529.8
2025-05-15 08:00:00+00:00,2529.9,2563.2
2025-05-15 16:00:00+00:00,2563.3,2547.9
2025-05-16 00:00:00+00:00,2548.0,2601.5
2025-05-16 08:00:00+00:00,2601.4,2595.2
2025-05-16 16:00:00+00:00,2595.3,2535.6
2025-05-17 00:00:00+00:00,2535.6,2491.4
2025-05-17 08:00:00+00:00,2491.4,2473.3
2025-05-17 16:00:00+00:00,2473.2,2474.1
2025-05-18 00:00:00+00:00,2474.3,2508.1
2025-05-18 08:00:00+00:00,2508.2,2580.2
2025-05-18 16:00:00+00:00,2580.2,2499.7
2025-05-19 00:00:00+00:00,2499.8,2405.2
2025-05-19 08:00:00+00:00,2405.1,2468.4
2025-05-19 16:00:00+00:00,2468.4,2529.0
2025-05-20 00:00:00+00:00,2529.1,2534.1
2025-05-20 08:00:00+00:00,2533.8,2483.5
2025-05-20 16:00:00+00:00,2483.7,2525.8
2025-05-21 00:00:00+00:00,2525.9,2553.7
2025-05-21 08:00:00+00:00,2553.7,2570.3
2025-05-21 16:00:00+00:00,2570.3,2554.3
2025-05-22 00:00:00+00:00,2553.8,2636.1
2025-05-22 08:00:00+00:00,2636.0,2665.0
2025-05-22 16:00:00+00:00,2665.2,2668.1
2025-05-23 00:00:00+00:00,2668.1,2657.0
2025-05-23 08:00:00+00:00,2657.3,2569.1
2025-05-23 16:00:00+00:00,2569.2,2526.6
2025-05-24 00:00:00+00:00,2526.6,2546.9
2025-05-24 08:00:00+00:00,2547.0,2556.0
2025-05-24 16:00:00+00:00,2556.0,2529.2
2025-05-25 00:00:00+00:00,2530.3,2492.4
2025-05-25 08:00:00+00:00,2492.7,2510.5
2025-05-25 16:00:00+00:00,2510.6,2550.9
2025-05-26 00:00:00+00:00,2550.9,2582.0
2025-05-26 08:00:00+00:00,2582.0,2566.6
2025-05-26 16:00:00+00:00,2566.6,2564.6
2025-05-27 00:00:00+00:00,2564.6,2609.1
2025-05-27 08:00:00+00:00,2609.0,2669.9
2025-05-27 16:00:00+00:00,2669.9,2661.3
2025-05-28 00:00:00+00:00,2661.4,2637.4
2025-05-28 08:00:00+00:00,2637.5,2627.1
2025-05-28 16:00:00+00:00,2627.5,2682.3
2025-05-29 00:00:00+00:00,2682.3,2732.8
2025-05-29 08:00:00+00:00,2732.9,2643.5
2025-05-29 16:00:00+00:00,2643.4,2631.9
2025-05-30 00:00:00+00:00,2631.8,2618.3
2025-05-30 08:00:00+00:00,2618.4,2597.0
2025-05-30 16:00:00+00:00,2596.9,2531.4
2025-05-31 00:00:00+00:00,2531.3,2521.3
2025-05-31 08:00:00+00:00,2521.3,2536.9
2025-05-31 16:00:00+00:00,2536.9,2529.0
2025-06-01 00:00:00+00:00,2528.9,2509.6
2025-06-01 08:00:00+00:00,2509.5,2524.7
2025-06-01 16:00:00+00:00,2524.7,2540.2
2025-06-02 00:00:00+00:00,2540.3,2508.7
2025-06-02 08:00:00+00:00,2508.6,2545.7
2025-06-02 16:00:00+00:00,2545.8,2609.7
2025-06-03 00:00:00+00:00,2609.7,2612.0
2025-06-03 08:00:00+00:00,2611.9,2625.0
2025-06-03 16:00:00+00:00,2625.0,2591.5
2025-06-04 00:00:00+00:00,2591.5,2627.0
2025-06-04 08:00:00+00:00,2627.0,2669.6
2025-06-04 16:00:00+00:00,2669.6,2608.7
2025-06-05 00:00:00+00:00,2608.9,2605.3
2025-06-05 08:00:00+00:00,2605.2,2588.9
2025-06-05 16:00:00+00:00,2588.9,2413.2
2025-06-06 00:00:00+00:00,2413.1,2454.6
2025-06-06 08:00:00+00:00,2454.7,2509.0
2025-06-06 16:00:00+00:00,2509.1,2475.0
2025-06-07 00:00:00+00:00,2475.1,2490.5
2025-06-07 08:00:00+00:00,2490.6,2519.4
2025-06-07 16:00:00+00:00,2519.5,2524.3
2025-06-08 00:00:00+00:00,2524.3,2513.6
2025-06-08 08:00:00+00:00,2513.6,2513.9
2025-06-08 16:00:00+00:00,2514.0,2508.9
2025-06-09 00:00:00+00:00,2509.0,2491.2
2025-06-09 08:00:00+00:00,2491.2,2534.2
2025-06-09 16:00:00+00:00,2534.2,2682.3
2025-06-10 00:00:00+00:00,2682.3,2678.7
2025-06-10 08:00:00+00:00,2678.7,2734.9
2025-06-10 16:00:00+00:00,2734.8,2819.1
2025-06-11 00:00:00+00:00,2819.0,2794.2
2025-06-11 08:00:00+00:00,2794.1,2866.8
2025-06-11 16:00:00+00:00,2866.7,2771.3
2025-06-12 00:00:00+00:00,2771.3,2740.3
2025-06-12 08:00:00+00:00,2740.2,2718.8
2025-06-12 16:00:00+00:00,2718.8,2641.2
2025-06-13 00:00:00+00:00,2641.5,2525.6
2025-06-13 08:00:00+00:00,2525.5,2550.1
2025-06-13 16:00:00+00:00,2550.2,2578.5
2025-06-14 00:00:00+00:00,2578.6,2536.3
2025-06-14 08:00:00+00:00,2536.2,2518.0
2025-06-14 16:00:00+00:00,2518.1,2529.4
2025-06-15 00:00:00+00:00,2529.4,2527.4
2025-06-15 08:00:00+00:00,2527.4,2540.6
2025-06-15 16:00:00+00:00,2540.6,2546.6
2025-06-16 00:00:00+00:00,2546.5,2628.6
2025-06-16 08:00:00+00:00,2628.7,2632.2
2025-06-16 16:00:00+00:00,2632.2,2543.0
2025-06-17 00:00:00+00:00,2543.0,2582.2
2025-06-17 08:00:00+00:00,2581.8,2498.4
2025-06-17 16:00:00+00:00,2498.4,2508.0
2025-06-18 00:00:00+00:00,2508.0,2532.8
2025-06-18 08:00:00+00:00,2532.8,2508.1
2025-06-18 16:00:00+00:00,2507.8,2523.7
2025-06-19 00:00:00+00:00,2523.7,2517.9
2025-06-19 08:00:00+00:00,2517.8,2490.9
2025-06-19 16:00:00+00:00,2491.0,2519.5
2025-06-20 00:00:00+00:00,2519.5,2548.1
2025-06-20 08:00:00+00:00,2548.1,2492.1
2025-06-20 16:00:00+00:00,2492.1,2404.9
2025-06-21 00:00:00+00:00,2404.8,2425.3
2025-06-21 08:00:00+00:00,2425.4,2422.1
2025-06-21 16:00:00+00:00,2422.0,2295.2
2025-06-22 00:00:00+00:00,2295.3,2269.7
2025-06-22 08:00:00+00:00,2269.7,2173.4
2025-06-22 16:00:00+00:00,2173.3,2226.3
2025-06-23 00:00:00+00:00,2226.3,2258.8
2025-06-23 08:00:00+00:00,2258.8,2247.1
2025-06-23 16:00:00+00:00,2246.6,2411.1
2025-06-24 00:00:00+00:00,2411.0,2391.9
2025-06-24 08:00:00+00:00,2391.8,2437.0
2025-06-24 16:00:00+00:00,2437.0,2447.0
2025-06-25 00:00:00+00:00,2447.0,2443.4
2025-06-25 08:00:00+00:00,2443.4,2404.3
2025-06-25 16:00:00+00:00,2404.3,2416.8
2025-06-26 00:00:00+00:00,2416.9,2489.1
2025-06-26 08:00:00+00:00,2489.0,2432.7
2025-06-26 16:00:00+00:00,2432.1,2414.3
2025-06-27 00:00:00+00:00,2414.4,2440.7
2025-06-27 08:00:00+00:00,2440.8,2437.4
2025-06-27 16:00:00+00:00,2437.6,2422.1
2025-06-28 00:00:00+00:00,2422.2,2430.8
2025-06-28 08:00:00+00:00,2430.8,2435.6
2025-06-28 16:00:00+00:00,2435.6,2435.1
2025-06-29 00:00:00+00:00,2435.1,2439.4
2025-06-29 08:00:00+00:00,2439.4,2436.5
2025-06-29 16:00:00+00:00,2436.4,2500.4
2025-06-30 00:00:00+00:00,2500.4,2480.4
2025-06-30 08:00:00+00:00,2480.4,2474.6
2025-06-30 16:00:00+00:00,2474.6,2485.1
2025-07-01 00:00:00+00:00,2485.1,2464.1
2025-07-01 08:00:00+00:00,2464.0,2422.8
2025-07-01 16:00:00+00:00,2422.8,2403.6
2025-07-02 00:00:00+00:00,2403.5,2445.2
2025-07-02 08:00:00+00:00,2445.2,2497.9
2025-07-02 16:00:00+00:00,2498.0,2569.7
2025-07-03 00:00:00+00:00,2569.8,2599.9
2025-07-03 08:00:00+00:00,2599.9,2570.0
2025-07-03 16:00:00+00:00,2570.1,2589.9
2025-07-04 00:00:00+00:00,2589.9,2534.2
2025-07-04 08:00:00+00:00,2534.1,2499.9
2025-07-04 16:00:00+00:00,2499.9,2508.0
2025-07-05 00:00:00+00:00,2508.1,2521.5
2025-07-05 08:00:00+00:00,2521.5,2507.8
2025-07-05 16:00:00+00:00,2507.7,2516.4
2025-07-06 00:00:00+00:00,2516.5,2518.4
2025-07-06 08:00:00+00:00,2518.3,2558.1
2025-07-06 16:00:00+00:00,2558.0,2570.3
2025-07-07 00:00:00+00:00,2570.4,2578.7
2025-07-07 08:00:00+00:00,2578.6,2535.0
2025-07-07 16:00:00+00:00,2535.2,2542.7
2025-07-08 00:00:00+00:00,2542.6,2553.0
2025-07-08 08:00:00+00:00,2553.1,2565.1
2025-07-08 16:00:00+00:00,2565.2,2615.7
2025-07-09 00:00:00+00:00,2615.8,2625.5
2025-07-09 08:00:00+00:00,2625.5,2657.7
2025-07-09 16:00:00+00:00,2657.8,2770.0
2025-07-10 00:00:00+00:00,2770.0,2793.1
2025-07-10 08:00:00+00:00,2793.1,2771.0
2025-07-10 16:00:00+00:00,2770.9,2953.0
2025-07-11 00:00:00+00:00,2953.1,2971.4
2025-07-11 08:00:00+00:00,2971.5,2954.0
2025-07-11 16:00:00+00:00,2954.0,2960.6
2025-07-12 00:00:00+00:00,2960.7,2965.2
2025-07-12 08:00:00+00:00,2965.2,2916.9
2025-07-12 16:00:00+00:00,2916.9,2944.1
2025-07-13 00:00:00+00:00,2944.1,2964.4
2025-07-13 08:00:00+00:00,2964.4,2994.7
2025-07-13 16:00:00+00:00,2994.5,2973.6
2025-07-14 00:00:00+00:00,2973.6,3048.1
2025-07-14 08:00:00+00:00,3048.1,3014.6
2025-07-14 16:00:00+00:00,3014.7,3016.7
2025-07-15 00:00:00+00:00,3016.7,2980.0
2025-07-15 08:00:00+00:00,2980.1,3041.9
2025-07-15 16:00:00+00:00,3041.9,3140.9
2025-07-16 00:00:00+00:00,3141.0,3165.0
2025-07-16 08:00:00+00:00,3165.1,3247.0
2025-07-16 16:00:00+00:00,3247.0,3374.0
2025-07-17 00:00:00+00:00,3374.0,3451.6
2025-07-17 08:00:00+00:00,3451.6,3423.9
2025-07-17 16:00:00+00:00,3423.9,3481.3
2025-07-18 00:00:00+00:00,3481.3,3610.6
2025-07-18 08:00:00+00:00,3610.6,3566.0
2025-07-18 16:00:00+00:00,3566.2,3546.4
2025-07-19 00:00:00+00:00,3546.3,3573.3
2025-07-19 08:00:00+00:00,3573.3,3553.1
2025-07-19 16:00:00+00:00,3553.0,3593.6
2025-07-20 00:00:00+00:00,3593.5,3670.8
2025-07-20 08:00:00+00:00,3670.8,3788.8
2025-07-20 16:00:00+00:00,3788.8,3761.2
2025-07-21 00:00:00+00:00,3761.2,3792.9
2025-07-21 08:00:00+00:00,3792.8,3814.4
2025-07-21 16:00:00+00:00,3814.3,3765.0
2025-07-22 00:00:00+00:00,3764.9,3678.9
2025-07-22 08:00:00+00:00,3679.0,3720.0
2025-07-22 16:00:00+00:00,3720.0,3749.8
2025-07-23 00:00:00+00:00,3749.7,3676.8
2025-07-23 08:00:00+00:00,3676.8,3647.0
2025-07-23 16:00:00+00:00,3646.9,3631.7
2025-07-24 00:00:00+00:00,3631.7,3592.8
2025-07-24 08:00:00+00:00,3592.7,3732.2
2025-07-24 16:00:00+00:00,3732.2,3707.8
2025-07-25 00:00:00+00:00,3707.8,3634.8
2025-07-25 08:00:00+00:00,3634.8,3636.7
2025-07-25 16:00:00+00:00,3636.7,3729.2
2025-07-26 00:00:00+00:00,3729.3,3745.0
2025-07-26 08:00:00+00:00,3745.1,3739.0
2025-07-26 16:00:00+00:00,3739.0,3744.3
2025-07-27 00:00:00+00:00,3744.3,3772.1
2025-07-27 08:00:00+00:00,3772.1,3822.5
2025-07-27 16:00:00+00:00,3822.5,3875.7
2025-07-28 00:00:00+00:00,3875.9,3897.1
2025-07-28 08:00:00+00:00,3896.7,3810.4
2025-07-28 16:00:00+00:00,3810.4,3796.8
2025-07-29 00:00:00+00:00,3796.8,3876.4
2025-07-29 08:00:00+00:00,3876.4,3761.3
2025-07-29 16:00:00+00:00,3761.2,3794.2
2025-07-30 00:00:00+00:00,3794.1,3810.8
2025-07-30 08:00:00+00:00,3810.8,3796.6
2025-07-30 16:00:00+00:00,3796.6,3811.1
2025-07-31 00:00:00+00:00,3811.2,3863.6
2025-07-31 08:00:00+00:00,3864.1,3789.2
2025-07-31 16:00:00+00:00,3789.3,3697.1
2025-08-01 00:00:00+00:00,3697.2,3649.1
2025-08-01 08:00:00+00:00,3648.6,3616.2
2025-08-01 16:00:00+00:00,3616.2,3486.2
2025-08-02 00:00:00+00:00,3486.2,3517.3
2025-08-02 08:00:00+00:00,3517.5,3457.3
2025-08-02 16:00:00+00:00,3457.2,3392.2
2025-08-03 00:00:00+00:00,3392.2,3454.0
2025-08-03 08:00:00+00:00,3453.9,3474.4
2025-08-03 16:00:00+00:00,3474.4,3494.3
2025-08-04 00:00:00+00:00,3494.4,3550.4
2025-08-04 08:00:00+00:00,3550.4,3646.7
2025-08-04 16:00:00+00:00,3646.8,3720.0
2025-08-05 00:00:00+00:00,3720.0,3612.0
2025-08-05 08:00:00+00:00,3612.1,3569.0
2025-08-05 16:00:00+00:00,3568.9,3609.6
2025-08-06 00:00:00+00:00,3609.6,3638.5
2025-08-06 08:00:00+00:00,3638.4,3664.9
2025-08-06 16:00:00+00:00,3664.8,3681.4
2025-08-07 00:00:00+00:00,3681.4,3701.7
2025-08-07 08:00:00+00:00,3701.7,3837.4
2025-08-07 16:00:00+00:00,3837.5,3912.3
2025-08-08 00:00:00+00:00,3912.4,3918.3
2025-08-08 08:00:00+00:00,3918.4,3957.2
2025-08-08 16:00:00+00:00,3957.3,4012.0
2025-08-09 00:00:00+00:00,4012.0,4173.9
2025-08-09 08:00:00+00:00,4173.9,4212.1
2025-08-09 16:00:00+00:00,4212.1,4264.2
2025-08-10 00:00:00+00:00,4264.2,4187.2
2025-08-10 08:00:00+00:00,4187.3,4219.8
2025-08-10 16:00:00+00:00,4219.7,4253.8
2025-08-11 00:00:00+00:00,4253.9,4277.3
2025-08-11 08:00:00+00:00,4276.6,4332.2
2025-08-11 16:00:00+00:00,4332.1,4223.8
2025-08-12 00:00:00+00:00,4223.8,4318.4
2025-08-12 08:00:00+00:00,4318.3,4474.5
2025-08-12 16:00:00+00:00,4474.6,4592.8
2025-08-13 00:00:00+00:00,4592.8,4628.9
2025-08-13 08:00:00+00:00,4629.0,4669.5
2025-08-13 16:00:00+00:00,4669.6,4753.5
2025-08-14 00:00:00+00:00,4753.6,4752.8
2025-08-14 08:00:00+00:00,4752.8,4623.1
2025-08-14 16:00:00+00:00,4623.1,4546.4
2025-08-15 00:00:00+00:00,4546.3,4642.6
2025-08-15 08:00:00+00:00,4642.6,4429.2
2025-08-15 16:00:00+00:00,4429.2,4440.4
2025-08-16 00:00:00+00:00,4440.4,4449.8
2025-08-16 08:00:00+00:00,4449.9,4400.4
2025-08-16 16:00:00+00:00,4400.0,4422.1
2025-08-17 00:00:00+00:00,4422.1,4466.7
2025-08-17 08:00:00+00:00,4466.8,4562.5
2025-08-17 16:00:00+00:00,4562.5,4474.1
2025-08-18 00:00:00+00:00,4474.1,4255.1
2025-08-18 08:00:00+00:00,4255.2,4346.2
2025-08-18 16:00:00+00:00,4346.2,4313.6
2025-08-19 00:00:00+00:00,4313.7,4233.0
2025-08-19 08:00:00+00:00,4233.0,4189.2
2025-08-19 16:00:00+00:00,4189.6,4073.7
2025-08-20 00:00:00+00:00,4073.8,4183.0
2025-08-20 08:00:00+00:00,4182.9,4253.6
2025-08-20 16:00:00+00:00,4253.6,4337.4
2025-08-21 00:00:00+00:00,4337.4,4311.6
2025-08-21 08:00:00+00:00,4311.7,4246.2
2025-08-21 16:00:00+00:00,4246.2,4226.5
2025-08-22 00:00:00+00:00,4226.5,4330.7
2025-08-22 08:00:00+00:00,4330.8,4618.8
2025-08-22 16:00:00+00:00,4618.8,4834.8
2025-08-23 00:00:00+00:00,4834.7,4717.5
2025-08-23 08:00:00+00:00,4717.6,4756.4
2025-08-23 16:00:00+00:00,4756.4,4782.8
2025-08-24 00:00:00+00:00,4782.8,4762.2
2025-08-24 08:00:00+00:00,4762.2,4802.0
2025-08-24 16:00:00+00:00,4802.1,4781.5
2025-08-25 00:00:00+00:00,4781.5,4588.6
2025-08-25 08:00:00+00:00,4588.6,4611.8
2025-08-25 16:00:00+00:00,4611.9,4374.7
2025-08-26 00:00:00+00:00,4374.7,4429.9
2025-08-26 08:00:00+00:00,4429.7,4517.1
2025-08-26 16:00:00+00:00,4517.9,4598.1
2025-08-27 00:00:00+00:00,4598.3,4578.5
2025-08-27 08:00:00+00:00,4578.7,4656.5
2025-08-27 16:00:00+00:00,4656.6,4505.5
2025-08-28 00:00:00+00:00,4506.1,4597.0
2025-08-28 08:00:00+00:00,4597.0,4503.5
2025-08-28 16:00:00+00:00,4503.4,4509.6
2025-08-29 00:00:00+00:00,4509.7,4379.6
2025-08-29 08:00:00+00:00,4379.6,4314.0
2025-08-29 16:00:00+00:00,4313.9,4358.5
2025-08-30 00:00:00+00:00,4358.6,4399.4
2025-08-30 08:00:00+00:00,4399.4,4374.6
2025-08-30 16:00:00+00:00,4374.6,4372.1
2025-08-31 00:00:00+00:00,4372.6,4449.8
2025-08-31 08:00:00+00:00,4449.7,4481.9
2025-08-31 16:00:00+00:00,4481.9,4390.6
2025-09-01 00:00:00+00:00,4390.7,4462.5
2025-09-01 08:00:00+00:00,4462.6,4359.1
2025-09-01 16:00:00+00:00,4359.0,4312.0
2025-09-02 00:00:00+00:00,4312.0,4376.3
2025-09-02 08:00:00+00:00,4376.1,4293.7
2025-09-02 16:00:00+00:00,4293.8,4324.7
2025-09-03 00:00:00+00:00,4324.6,4308.7
2025-09-03 08:00:00+00:00,4308.6,4477.5
2025-09-03 16:00:00+00:00,4477.6,4448.2
2025-09-04 00:00:00+00:00,4448.2,4369.9
2025-09-04 08:00:00+00:00,4370.0,4304.6
2025-09-04 16:00:00+00:00,4304.6,4296.0
2025-09-05 00:00:00+00:00,4295.9,4415.0
2025-09-05 08:00:00+00:00,4415.0,4281.4
2025-09-05 16:00:00+00:00,4281.7,4304.7
2025-09-06 00:00:00+00:00,4304.7,4311.0
2025-09-06 08:00:00+00:00,4310.9,4267.7
2025-09-06 16:00:00+00:00,4267.6,4271.2
2025-09-07 00:00:00+00:00,4271.6,4292.9
2025-09-07 08:00:00+00:00,4292.9,4297.0
2025-09-07 16:00:00+00:00,4296.9,4303.4
2025-09-08 00:00:00+00:00,4303.5,4289.5
2025-09-08 08:00:00+00:00,4289.7,4371.0
2025-09-08 16:00:00+00:00,4370.9,4304.0
2025-09-09 00:00:00+00:00,4304.0,4360.7
2025-09-09 08:00:00+00:00,4360.8,4285.0
2025-09-09 16:00:00+00:00,4285.0,4310.9
2025-09-10 00:00:00+00:00,4310.9,4330.6
2025-09-10 08:00:00+00:00,4330.6,4405.6
2025-09-10 16:00:00+00:00,4406.1,4349.4
2025-09-11 00:00:00+00:00,4349.3,4442.8
2025-09-11 08:00:00+00:00,4442.8,4413.4
2025-09-11 16:00:00+00:00,4413.5,4460.0
2025-09-12 00:00:00+00:00,4460.1,4527.6
2025-09-12 08:00:00+00:00,4527.6,4543.5
2025-09-12 16:00:00+00:00,4543.6,4713.5
2025-09-13 00:00:00+00:00,4713.5,4713.5
2025-09-13 08:00:00+00:00,4713.6,4656.1
2025-09-13 16:00:00+00:00,4656.2,4670.4
2025-09-14 00:00:00+00:00,4670.5,4652.4
2025-09-14 08:00:00+00:00,4652.4,4584.9
2025-09-14 16:00:00+00:00,4585.0,4607.9
2025-09-15 00:00:00+00:00,4607.8,4601.1
2025-09-15 08:00:00+00:00,4601.2,4501.8
2025-09-15 16:00:00+00:00,4501.8,4526.4
2025-09-16 00:00:00+00:00,4526.4,4515.0
2025-09-16 08:00:00+00:00,4515.3,4470.5
2025-09-16 16:00:00+00:00,4470.6,4501.5
2025-09-17 00:00:00+00:00,4501.4,4543.7
2025-09-17 08:00:00+00:00,4543.7,4490.2
2025-09-17 16:00:00+00:00,4489.8,4590.8
2025-09-18 00:00:00+00:00,4590.8,4575.9
2025-09-18 08:00:00+00:00,4575.9,4600.3
2025-09-18 16:00:00+00:00,4600.3,4588.9
2025-09-19 00:00:00+00:00,4588.9,4540.7
2025-09-19 08:00:00+00:00,4540.6,4476.4
2025-09-19 16:00:00+00:00,4476.5,4471.4
2025-09-20 00:00:00+00:00,4471.4,4484.1
2025-09-20 08:00:00+00:00,4484.0,4498.5
2025-09-20 16:00:00+00:00,4498.5,4480.6
2025-09-21 00:00:00+00:00,4480.6,4478.0
2025-09-21 08:00:00+00:00,4478.0,4483.8
2025-09-21 16:00:00+00:00,4483.7,4445.2
2025-09-22 00:00:00+00:00,4444.7,4191.2
2025-09-22 08:00:00+00:00,4191.1,4165.9
2025-09-22 16:00:00+00:00,4166.0,4197.3
2025-09-23 00:00:00+00:00,4197.3,4203.2
2025-09-23 08:00:00+00:00,4203.5,4179.1
2025-09-23 16:00:00+00:00,4179.1,4162.7
2025-09-24 00:00:00+00:00,4162.6,4172.8
2025-09-24 08:00:00+00:00,4172.7,4163.5
2025-09-24 16:00:00+00:00,4163.9,4151.5
2025-09-25 00:00:00+00:00,4151.2,4006.7
2025-09-25 08:00:00+00:00,4006.7,4000.0
2025-09-25 16:00:00+00:00,3999.9,3872.4
2025-09-26 00:00:00+00:00,3872.4,3936.3
2025-09-26 08:00:00+00:00,3936.3,3944.0
2025-09-26 16:00:00+00:00,3944.0,4030.8
2025-09-27 00:00:00+00:00,4030.7,4006.1
2025-09-27 08:00:00+00:00,4006.2,4016.9
2025-09-27 16:00:00+00:00,4016.9,4017.4
2025-09-28 00:00:00+00:00,4017.5,4013.4
2025-09-28 08:00:00+00:00,4013.1,4019.4
2025-09-28 16:00:00+00:00,4019.4,4141.6
2025-09-29 00:00:00+00:00,4141.1,4106.3
2025-09-29 08:00:00+00:00,4106.3,4163.5
2025-09-29 16:00:00+00:00,4163.4,4213.6
2025-09-30 00:00:00+00:00,4213.5,4180.5
2025-09-30 08:00:00+00:00,4180.4,4117.4
2025-09-30 16:00:00+00:00,4117.5,4143.6
2025-10-01 00:00:00+00:00,4143.6,4145.2
2025-10-01 08:00:00+00:00,4145.3,4326.2
2025-10-01 16:00:00+00:00,4326.2,4346.0
2025-10-02 00:00:00+00:00,4346.0,4375.3
2025-10-02 08:00:00+00:00,4375.3,4436.6
2025-10-02 16:00:00+00:00,4436.5,4483.7
2025-10-03 00:00:00+00:00,4483.7,4462.7
2025-10-03 08:00:00+00:00,4462.6,4536.4
2025-10-03 16:00:00+00:00,4536.4,4512.7
2025-10-04 00:00:00+00:00,4513.0,4498.7
2025-10-04 08:00:00+00:00,4498.7,4454.5
2025-10-04 16:00:00+00:00,4454.8,4487.2
2025-10-05 00:00:00+00:00,4487.3,4606.6
2025-10-05 08:00:00+00:00,4606.6,4533.8
2025-10-05 16:00:00+00:00,4533.7,4516.2
2025-10-06 00:00:00+00:00,4516.3,4536.2
2025-10-06 08:00:00+00:00,4536.1,4676.2
2025-10-06 16:00:00+00:00,4676.2,4686.0
2025-10-07 00:00:00+00:00,4686.0,4679.9
2025-10-07 08:00:00+00:00,4679.9,4515.2
2025-10-07 16:00:00+00:00,4515.2,4450.7
2025-10-08 00:00:00+00:00,4450.7,4466.3
2025-10-08 08:00:00+00:00,4466.3,4448.9
2025-10-08 16:00:00+00:00,4448.9,4528.7
2025-10-09 00:00:00+00:00,4528.7,4427.6
2025-10-09 08:00:00+00:00,4427.5,4315.6
2025-10-09 16:00:00+00:00,4315.4,4369.2
2025-10-10 00:00:00+00:00,4369.2,4321.6
2025-10-10 08:00:00+00:00,4321.6,4100.7
2025-10-10 16:00:00+00:00,4100.8,3822.3
2025-10-11 00:00:00+00:00,3822.4,3757.4
2025-10-11 08:00:00+00:00,3757.4,3822.7
2025-10-11 16:00:00+00:00,3822.7,3744.5
2025-10-12 00:00:00+00:00,3744.7,3826.1
2025-10-12 08:00:00+00:00,3825.9,4032.4
2025-10-12 16:00:00+00:00,4032.5,4150.2
2025-10-13 00:00:00+00:00,4150.2,4177.0
2025-10-13 08:00:00+00:00,4176.9,4133.6
2025-10-13 16:00:00+00:00,4133.9,4238.9
2025-10-14 00:00:00+00:00,4238.9,3979.6
2025-10-14 08:00:00+00:00,3979.7,4083.7
2025-10-14 16:00:00+00:00,4083.8,4124.8
2025-10-15 00:00:00+00:00,4124.2,4121.7
2025-10-15 08:00:00+00:00,4121.1,3979.6
2025-10-15 16:00:00+00:00,3979.5,3983.7
2025-10-16 00:00:00+00:00,3983.9,4003.0
2025-10-16 08:00:00+00:00,4002.6,3904.7
2025-10-16 16:00:00+00:00,3904.7,3893.0
2025-10-17 00:00:00+00:00,3893.1,3756.4
2025-10-17 08:00:00+00:00,3756.2,3797.3
2025-10-17 16:00:00+00:00,3797.3,3830.7
2025-10-18 00:00:00+00:00,3830.7,3891.4
2025-10-18 08:00:00+00:00,3890.9,3876.2
2025-10-18 16:00:00+00:00,3876.2,3887.4
2025-10-19 00:00:00+00:00,3887.5,3886.0
2025-10-19 08:00:00+00:00,3886.0,3977.1
2025-10-19 16:00:00+00:00,3977.0,3980.4
2025-10-20 00:00:00+00:00,3980.3,4053.4
2025-10-20 08:00:00+00:00,4053.2,4003.1
2025-10-20 16:00:00+00:00,4002.5,3978.1
2025-10-21 00:00:00+00:00,3978.2,3891.9
2025-10-21 08:00:00+00:00,3891.8,4082.9
2025-10-21 16:00:00+00:00,4082.7,3870.3
2025-10-22 00:00:00+00:00,3870.4,3866.9
2025-10-22 08:00:00+00:00,3867.0,3839.2
2025-10-22 16:00:00+00:00,3838.8,3803.6
2025-10-23 00:00:00+00:00,3803.6,3879.1
2025-10-23 08:00:00+00:00,3879.1,3877.1
2025-10-23 16:00:00+00:00,3877.1,3857.0
2025-10-24 00:00:00+00:00,3856.9,3950.1
2025-10-24 08:00:00+00:00,3949.6,3890.0
2025-10-24 16:00:00+00:00,3890.1,3935.9
2025-10-25 00:00:00+00:00,3936.0,3929.0
2025-10-25 08:00:00+00:00,3928.9,3933.3
2025-10-25 16:00:00+00:00,3933.3,3953.8
2025-10-26 00:00:00+00:00,3953.9,3951.5
2025-10-26 08:00:00+00:00,3951.5,4074.9
2025-10-26 16:00:00+00:00,4074.8,4160.4
2025-10-27 00:00:00+00:00,4160.2,4203.8
2025-10-27 08:00:00+00:00,4203.8,4173.9
2025-10-27 16:00:00+00:00,4173.9,4119.8
2025-10-28 00:00:00+00:00,4119.9,4116.3
2025-10-28 08:00:00+00:00,4115.9,4096.0
2025-10-28 16:00:00+00:00,4096.0,3978.0
2025-10-29 00:00:00+00:00,3978.0,4022.8
2025-10-29 08:00:00+00:00,4023.2,3949.5
2025-10-29 16:00:00+00:00,3949.7,3902.0
2025-10-30 00:00:00+00:00,3902.0,3938.9
2025-10-30 08:00:00+00:00,3938.8,3772.7
2025-10-30 16:00:00+00:00,3772.4,3803.7
2025-10-31 00:00:00+00:00,3803.6,3829.7
2025-10-31 08:00:00+00:00,3829.8,3858.7
2025-10-31 16:00:00+00:00,3858.3,3846.0
2025-11-01 00:00:00+00:00,3845.9,3858.9
2025-11-01 08:00:00+00:00,3858.8,3893.0
2025-11-01 16:00:00+00:00,3892.9,3872.2
2025-11-02 00:00:00+00:00,3872.1,3905.5
2025-11-02 08:00:00+00:00,3905.5,3850.9
2025-11-02 16:00:00+00:00,3851.0,3904.7
2025-11-03 00:00:00+00:00,3904.6,3712.8
2025-11-03 08:00:00+00:00,3712.8,3586.1
2025-11-03 16:00:00+00:00,3586.4,3602.4
2025-11-04 00:00:00+00:00,3602.4,3492.5
2025-11-04 08:00:00+00:00,3492.6,3504.8
2025-11-04 16:00:00+00:00,3504.8,3285.9
2025-11-05 00:00:00+00:00,3285.9,3330.1
2025-11-05 08:00:00+00:00,3330.0,3396.3
2025-11-05 16:00:00+00:00,3396.4,3423.7
2025-11-06 00:00:00+00:00,3423.6,3379.8
2025-11-06 08:00:00+00:00,3379.3,3299.2
2025-11-06 16:00:00+00:00,3299.2,3313.5
2025-11-07 00:00:00+00:00,3313.5,3356.7
2025-11-07 08:00:00+00:00,3356.7,3295.8
2025-11-07 16:00:00+00:00,3295.8,3434.9
2025-11-08 00:00:00+00:00,3434.9,3447.9
2025-11-08 08:00:00+00:00,3447.9,3376.4
2025-11-08 16:00:00+00:00,3376.5,3401.6
2025-11-09 00:00:00+00:00,3401.6,3421.5
2025-11-09 08:00:00+00:00,3421.5,3515.2
2025-11-09 16:00:00+00:00,3515.1,3582.3
2025-11-10 00:00:00+00:00,3582.4,3608.9
2025-11-10 08:00:00+00:00,3609.0,3520.3
2025-11-10 16:00:00+00:00,3519.9,3568.1
2025-11-11 00:00:00+00:00,3568.0,3543.0
2025-11-11 08:00:00+00:00,3543.1,3479.5
2025-11-11 16:00:00+00:00,3479.4,3416.2
2025-11-12 00:00:00+00:00,3416.1,3426.0
2025-11-12 08:00:00+00:00,3426.2,3425.7
2025-11-12 16:00:00+00:00,3425.7,3413.2
2025-11-13 00:00:00+00:00,3413.3,3537.3
2025-11-13 08:00:00+00:00,3537.4,3385.7
2025-11-13 16:00:00+00:00,3385.7,3231.3
2025-11-14 00:00:00+00:00,3231.3,3215.3
2025-11-14 08:00:00+00:00,3215.3,3197.1
2025-11-14 16:00:00+00:00,3197.2,3112.9
2025-11-15 00:00:00+00:00,3112.9,3177.0
2025-11-15 08:00:00+00:00,3177.1,3186.8
2025-11-15 16:00:00+00:00,3186.8,3168.0
2025-11-16 00:00:00+00:00,3168.0,3220.0
2025-11-16 08:00:00+00:00,3220.4,3105.8
2025-11-16 16:00:00+00:00,3105.9,3096.9
2025-11-17 00:00:00+00:00,3096.4,3200.0
2025-11-17 08:00:00+00:00,3200.1,3121.4
2025-11-17 16:00:00+00:00,3122.0,3033.0
2025-11-18 00:00:00+00:00,3033.0,3027.7
2025-11-18 08:00:00+00:00,3027.1,3108.6
2025-11-18 16:00:00+00:00,3108.5,3124.8
2025-11-19 00:00:00+00:00,3124.8,3086.4
2025-11-19 08:00:00+00:00,3086.1,2974.0
2025-11-19 16:00:00+00:00,2972.9,3025.5
2025-11-20 00:00:00+00:00,3025.8,3039.2
2025-11-20 08:00:00+00:00,3039.2,2954.7
2025-11-20 16:00:00+00:00,2954.7,2834.5
2025-11-21 00:00:00+00:00,2834.4,2719.2
2025-11-21 08:00:00+00:00,2719.2,2703.5
2025-11-21 16:00:00+00:00,2703.8,2764.7
2025-11-22 00:00:00+00:00,2764.7,2755.1
2025-11-22 08:00:00+00:00,2755.1,2738.0
2025-11-22 16:00:00+00:00,2738.1,2769.0
2025-11-23 00:00:00+00:00,2769.1,2792.6
2025-11-23 08:00:00+00:00,2792.4,2835.8
2025-11-23 16:00:00+00:00,2835.7,2800.6
2025-11-24 00:00:00+00:00,2800.6,2828.9
2025-11-24 08:00:00+00:00,2828.7,2845.5
2025-11-24 16:00:00+00:00,2845.3,2952.5
2025-11-25 00:00:00+00:00,2952.5,2901.8
2025-11-25 08:00:00+00:00,2901.8,2895.0
2025-11-25 16:00:00+00:00,2895.1,2959.0
2025-11-26 00:00:00+00:00,2958.9,2943.6
2025-11-26 08:00:00+00:00,2943.7,2927.5
2025-11-26 16:00:00+00:00,2927.3,3025.8
2025-11-27 00:00:00+00:00,3025.6,3033.0
2025-11-27 08:00:00+00:00,3033.0,3010.0
2025-11-27 16:00:00+00:00,3010.0,3013.9
2025-11-28 00:00:00+00:00,3013.9,3000.6
2025-11-28 08:00:00+00:00,3000.6,3072.0
2025-11-28 16:00:00+00:00,3072.0,3030.0
2025-11-29 00:00:00+00:00,3030.1,3002.6
2025-11-29 08:00:00+00:00,3002.6,3006.3
2025-11-29 16:00:00+00:00,3006.4,2987.9
2025-11-30 00:00:00+00:00,2987.9,3003.8
2025-11-30 08:00:00+00:00,3003.9,3027.5
2025-11-30 16:00:00+00:00,3027.5,2990.2
2025-12-01 00:00:00+00:00,2990.1,2839.1
2025-12-01 08:00:00+00:00,2839.1,2745.1
2025-12-01 16:00:00+00:00,2745.1,2797.5
2025-12-02 00:00:00+00:00,2797.6,2804.8
2025-12-02 08:00:00+00:00,2804.7,3004.6
2025-12-02 16:00:00+00:00,3004.6,2994.6
2025-12-03 00:00:00+00:00,2994.7,3055.8
2025-12-03 08:00:00+00:00,3055.9,3084.6
2025-12-03 16:00:00+00:00,3084.9,3187.0
2025-12-04 00:00:00+00:00,3187.4,3189.0
2025-12-04 08:00:00+00:00,3189.0,3206.8
2025-12-04 16:00:00+00:00,3206.5,3131.7
2025-12-05 00:00:00+00:00,3131.8,3171.9
2025-12-05 08:00:00+00:00,3172.1,3103.8
2025-12-05 16:00:00+00:00,3103.9,3020.4
2025-12-06 00:00:00+00:00,3020.4,3024.8
2025-12-06 08:00:00+00:00,3024.7,3040.0
2025-12-06 16:00:00+00:00,3040.2,3037.0
2025-12-07 00:00:00+00:00,3036.9,3036.2
2025-12-07 08:00:00+00:00,3036.2,3027.2
2025-12-07 16:00:00+00:00,3027.2,3059.9
2025-12-08 00:00:00+00:00,3059.9,3134.7
2025-12-08 08:00:00+00:00,3134.7,3102.4
2025-12-08 16:00:00+00:00,3102.4,3125.4
2025-12-09 00:00:00+00:00,3125.4,3123.3
2025-12-09 08:00:00+00:00,3123.4,3245.2
2025-12-09 16:00:00+00:00,3245.6,3317.8
2025-12-10 00:00:00+00:00,3317.7,3327.6
2025-12-10 08:00:00+00:00,3327.6,3328.3
2025-12-10 16:00:00+00:00,3328.3,3323.7
2025-12-11 00:00:00+00:00,3323.6,3201.8
2025-12-11 08:00:00+00:00,3201.6,3180.4
2025-12-11 16:00:00+00:00,3180.2,3239.8
2025-12-12 00:00:00+00:00,3239.8,3248.3
2025-12-12 08:00:00+00:00,3248.3,3076.4
2025-12-12 16:00:00+00:00,3076.4,3086.3
2025-12-13 00:00:00+00:00,3086.3,3096.2
2025-12-13 08:00:00+00:00,3096.1,3111.7
2025-12-13 16:00:00+00:00,3111.2,3116.6
2025-12-14 00:00:00+00:00,3116.5,3116.9
2025-12-14 08:00:00+00:00,3116.9,3085.5
2025-12-14 16:00:00+00:00,3085.5,3063.3
2025-12-15 00:00:00+00:00,3063.4,3129.9
2025-12-15 08:00:00+00:00,3129.9,3011.5
2025-12-15 16:00:00+00:00,3011.5,2964.3
2025-12-16 00:00:00+00:00,2964.3,2923.8
2025-12-16 08:00:00+00:00,2923.8,2962.0
2025-12-16 16:00:00+00:00,2962.2,2961.4
2025-12-17 00:00:00+00:00,2961.5,2947.1
2025-12-17 08:00:00+00:00,2947.1,2903.5
2025-12-17 16:00:00+00:00,2903.2,2832.0
2025-12-18 00:00:00+00:00,2832.2,2834.9
2025-12-18 08:00:00+00:00,2835.0,2963.9
2025-12-18 16:00:00+00:00,2963.8,2827.3
2025-12-19 00:00:00+00:00,2827.2,2950.5
2025-12-19 08:00:00+00:00,2950.5,2963.9
2025-12-19 16:00:00+00:00,2963.8,2978.2
2025-12-20 00:00:00+00:00,2978.2,2981.1
2025-12-20 08:00:00+00:00,2981.1,2976.0
2025-12-20 16:00:00+00:00,2976.2,2976.8
2025-12-21 00:00:00+00:00,2976.8,2980.1
2025-12-21 08:00:00+00:00,2980.1,2973.7
2025-12-21 16:00:00+00:00,2973.6,3001.0
2025-12-22 00:00:00+00:00,3000.9,3029.3
2025-12-22 08:00:00+00:00,3029.3,3051.0
2025-12-22 16:00:00+00:00,3051.1,3008.4
2025-12-23 00:00:00+00:00,3008.4,2963.5
2025-12-23 08:00:00+00:00,2963.5,2927.4
2025-12-23 16:00:00+00:00,2927.4,2963.3
2025-12-24 00:00:00+00:00,2963.2,2931.2
2025-12-24 08:00:00+00:00,2931.2,2924.8
2025-12-24 16:00:00+00:00,2924.7,2946.7
2025-12-25 00:00:00+00:00,2946.7,2941.3
2025-12-25 08:00:00+00:00,2941.3,2959.0
2025-12-25 16:00:00+00:00,2959.5,2902.7
2025-12-26 00:00:00+00:00,2902.5,2955.5
2025-12-26 08:00:00+00:00,2955.5,2922.1
2025-12-26 16:00:00+00:00,2922.2,2926.7
2025-12-27 00:00:00+00:00,2926.7,2931.8
2025-12-27 08:00:00+00:00,2931.9,2925.4
2025-12-27 16:00:00+00:00,2925.3,2947.0
2025-12-28 00:00:00+00:00,2946.9,2937.2
2025-12-28 08:00:00+00:00,2937.3,2947.5
2025-12-28 16:00:00+00:00,2947.5,2949.3
2025-12-29 00:00:00+00:00,2949.2,3018.5
2025-12-29 08:00:00+00:00,3018.5,2934.8
2025-12-29 16:00:00+00:00,2934.8,2936.9
2025-12-30 00:00:00+00:00,2936.8,2950.2
2025-12-30 08:00:00+00:00,2950.3,2988.1
2025-12-30 16:00:00+00:00,2988.3,2973.1
2025-12-31 00:00:00+00:00,2973.1,2976.0
2025-12-31 08:00:00+00:00,2976.0,2985.3
2025-12-31 16:00:00+00:00,2985.3,2972.0
2026-01-01 00:00:00+00:00,2971.9,2979.3
2026-01-01 08:00:00+00:00,2979.4,2990.3
2026-01-01 16:00:00+00:00,2990.2,3002.9
2026-01-02 00:00:00+00:00,3003.0,3016.6
2026-01-02 08:00:00+00:00,3016.6,3085.3
2026-01-02 16:00:00+00:00,3084.6,3123.7
2026-01-03 00:00:00+00:00,3123.7,3089.5
2026-01-03 08:00:00+00:00,3089.4,3100.0
2026-01-03 16:00:00+00:00,3100.0,3125.9
2026-01-04 00:00:00+00:00,3125.9,3140.0
2026-01-04 08:00:00+00:00,3140.0,3133.5
2026-01-04 16:00:00+00:00,3133.6,3143.5
2026-01-05 00:00:00+00:00,3143.4,3155.9
2026-01-05 08:00:00+00:00,3155.7,3195.3
2026-01-05 16:00:00+00:00,3195.0,3223.5
2026-01-06 00:00:00+00:00,3223.4,3218.1
2026-01-06 08:00:00+00:00,3218.1,3271.4
2026-01-06 16:00:00+00:00,3271.4,3295.9
2026-01-07 00:00:00+00:00,3295.9,3254.4
2026-01-07 08:00:00+00:00,3254.3,3164.0
2026-01-07 16:00:00+00:00,3164.0,3167.7
2026-01-08 00:00:00+00:00,3168.0,3126.9
2026-01-08 08:00:00+00:00,3126.9,3106.1
2026-01-08 16:00:00+00:00,3105.8,3107.7
2026-01-09 00:00:00+00:00,3107.8,3111.8
2026-01-09 08:00:00+00:00,3111.8,3112.7
2026-01-09 16:00:00+00:00,3112.7,3088.2
2026-01-10 00:00:00+00:00,3088.2,3092.0
2026-01-10 08:00:00+00:00,3092.0,3094.8
2026-01-10 16:00:00+00:00,3094.8,3086.1
2026-01-11 00:00:00+00:00,3086.1,3094.4
2026-01-11 08:00:00+00:00,3094.4,3116.6
2026-01-11 16:00:00+00:00,3116.6,3122.5
2026-01-12 00:00:00+00:00,3122.6,3134.9
2026-01-12 08:00:00+00:00,3134.9,3130.7
2026-01-12 16:00:00+00:00,3129.4,3094.0
2026-01-13 00:00:00+00:00,3093.9,3121.1
2026-01-13 08:00:00+00:00,3121.1,3184.7
2026-01-13 16:00:00+00:00,3184.9,3324.7
2026-01-14 00:00:00+00:00,3324.7,3335.0
2026-01-14 08:00:00+00:00,3334.9,3345.1
2026-01-14 16:00:00+00:00,3344.9,3354.5
2026-01-15 00:00:00+00:00,3354.6,3329.8
2026-01-15 08:00:00+00:00,3329.8,3332.0
2026-01-15 16:00:00+00:00,3331.4,3318.2
2026-01-16 00:00:00+00:00,3318.2,3308.9
2026-01-16 08:00:00+00:00,3308.9,3264.7
2026-01-16 16:00:00+00:00,3264.7,3296.4
2026-01-17 00:00:00+00:00,3296.4,3290.8
2026-01-17 08:00:00+00:00,3290.9,3329.2
2026-01-17 16:00:00+00:00,3329.2,3309.2
2026-01-18 00:00:00+00:00,3309.2,3306.3
2026-01-18 08:00:00+00:00,3306.5,3333.1
2026-01-18 16:00:00+00:00,3333.0,3282.7
2026-01-19 00:00:00+00:00,3282.7,3205.5
2026-01-19 08:00:00+00:00,3205.6,3216.0
2026-01-19 16:00:00+00:00,3215.9,3188.3
2026-01-20 00:00:00+00:00,3188.2,3121.7
2026-01-20 08:00:00+00:00,3121.8,3031.6
2026-01-20 16:00:00+00:00,3031.7,2938.9
2026-01-21 00:00:00+00:00,2938.8,2969.7
2026-01-21 08:00:00+00:00,2969.5,3001.3
2026-01-21 16:00:00+00:00,3001.3,2981.4
2026-01-22 00:00:00+00:00,2981.4,3000.0
2026-01-22 08:00:00+00:00,3000.0,2940.8
2026-01-22 16:00:00+00:00,2940.8,2951.1
2026-01-23 00:00:00+00:00,2951.2,2946.3
2026-01-23 08:00:00+00:00,2946.3,2950.5
2026-01-23 16:00:00+00:00,2950.6,2954.9
2026-01-24 00:00:00+00:00,2955.0,2955.8
2026-01-24 08:00:00+00:00,2955.8,2955.3
2026-01-24 16:00:00+00:00,2955.4,2951.5
2026-01-25 00:00:00+00:00,2951.4,2938.2
2026-01-25 08:00:00+00:00,2938.2,2925.3
2026-01-25 16:00:00+00:00,2925.3,2815.8
2026-01-26 00:00:00+00:00,2815.7,2903.0
2026-01-26 08:00:00+00:00,2903.2,2897.7
2026-01-26 16:00:00+00:00,2897.7,2928.8
2026-01-27 00:00:00+00:00,2928.8,2928.4
2026-01-27 08:00:00+00:00,2928.3,2936.8
2026-01-27 16:00:00+00:00,2936.7,3025.8
2026-01-28 00:00:00+00:00,3025.7,3004.4
2026-01-28 08:00:00+00:00,3004.3,3006.1
2026-01-28 16:00:00+00:00,3006.1,3009.8
2026-01-29 00:00:00+00:00,3009.7,2960.2
2026-01-29 08:00:00+00:00,2960.2,2823.6
2026-01-29 16:00:00+00:00,2823.6,2821.4
2026-01-30 00:00:00+00:00,2821.4,2738.7
2026-01-30 08:00:00+00:00,2738.6,2728.5
2026-01-30 16:00:00+00:00,2728.4,2706.3
2026-01-31 00:00:00+00:00,2706.4,2679.9
2026-01-31 08:00:00+00:00,2679.8,2533.1
2026-01-31 16:00:00+00:00,2533.1,2449.5
2026-02-01 00:00:00+00:00,2449.5,2409.8
2026-02-01 08:00:00+00:00,2409.7,2313.8
2026-02-01 16:00:00+00:00,2314.0,2268.4
2026-02-02 00:00:00+00:00,2268.5,2226.8
2026-02-02 08:00:00+00:00,2226.7,2370.4
2026-02-02 16:00:00+00:00,2370.5,2345.2
2026-02-03 00:00:00+00:00,2345.1,2321.9
2026-02-03 08:00:00+00:00,2322.1,2302.1
2026-02-03 16:00:00+00:00,2302.2,2232.4
2026-02-04 00:00:00+00:00,2232.5,2283.3
2026-02-04 08:00:00+00:00,2283.3,2150.8
2026-02-04 16:00:00+00:00,2150.7,2147.9
2026-02-05 00:00:00+00:00,2147.9,2090.5
2026-02-05 08:00:00+00:00,2090.5,1959.9
2026-02-05 16:00:00+00:00,1959.9,1825.9
2026-02-06 00:00:00+00:00,1825.4,1898.2
2026-02-06 08:00:00+00:00,1898.2,1978.7
2026-02-06 16:00:00+00:00,1978.8,2062.0
2026-02-07 00:00:00+00:00,2061.9,2027.4
2026-02-07 08:00:00+00:00,2027.2,2050.8
2026-02-07 16:00:00+00:00,2051.2,2085.8
2026-02-08 00:00:00+00:00,2085.9,2083.2
2026-02-08 08:00:00+00:00,2083.2,2107.3
2026-02-08 16:00:00+00:00,2107.4,2088.7
2026-02-09 00:00:00+00:00,2088.6,2064.9
2026-02-09 08:00:00+00:00,2064.9,2061.4
2026-02-09 16:00:00+00:00,2060.9,2104.1
2026-02-10 00:00:00+00:00,2104.1,2006.7
2026-02-10 08:00:00+00:00,2007.1,2021.7
2026-02-10 16:00:00+00:00,2022.1,2021.9
2026-02-11 00:00:00+00:00,2021.9,1949.7
2026-02-11 08:00:00+00:00,1950.0,1928.2
2026-02-11 16:00:00+00:00,1928.0,1941.5
2026-02-12 00:00:00+00:00,1941.4,1967.3
2026-02-12 08:00:00+00:00,1967.4,1947.6
2026-02-12 16:00:00+00:00,1947.8,1946.9
2026-02-13 00:00:00+00:00,1946.9,1934.7
2026-02-13 08:00:00+00:00,1934.7,2034.3
2026-02-13 16:00:00+00:00,2034.3,2047.6
2026-02-14 00:00:00+00:00,2048.0,2056.2
2026-02-14 08:00:00+00:00,2056.2,2086.5
2026-02-14 16:00:00+00:00,2086.5,2085.3
2026-02-15 00:00:00+00:00,2085.4,2090.4
2026-02-15 08:00:00+00:00,2090.6,2010.2
2026-02-15 16:00:00+00:00,2010.1,1965.4
2026-02-16 00:00:00+00:00,1965.6,1970.2
2026-02-16 08:00:00+00:00,1970.1,1955.7
2026-02-16 16:00:00+00:00,1955.5,1997.5
2026-02-17 00:00:00+00:00,1997.5,1985.2
2026-02-17 08:00:00+00:00,1985.2,1967.6
2026-02-17 16:00:00+00:00,1967.7,1990.9
2026-02-18 00:00:00+00:00,1990.9,2017.2
2026-02-18 08:00:00+00:00,2017.3,1984.4
2026-02-18 16:00:00+00:00,1984.4,1954.9
2026-02-19 00:00:00+00:00,1954.9,1981.2
2026-02-19 08:00:00+00:00,1981.1,1925.0
2026-02-19 16:00:00+00:00,1925.1,1948.3
2026-02-20 00:00:00+00:00,1948.3,1960.2
2026-02-20 08:00:00+00:00,1960.2,1962.5
2026-02-20 16:00:00+00:00,1962.8,1968.1
2026-02-21 00:00:00+00:00,1968.1,1961.9
2026-02-21 08:00:00+00:00,1961.8,1987.5
2026-02-21 16:00:00+00:00,1987.4,1972.6
2026-02-22 00:00:00+00:00,1972.4,1975.2
2026-02-22 08:00:00+00:00,1975.3,1953.0
2026-02-22 16:00:00+00:00,1953.0,1957.0
2026-02-23 00:00:00+00:00,1957.1,1884.3
2026-02-23 08:00:00+00:00,1884.3,1895.2
2026-02-23 16:00:00+00:00,1894.9,1855.6
2026-02-24 00:00:00+00:00,1855.6,1824.6
2026-02-24 08:00:00+00:00,1824.7,1846.6
2026-02-24 16:00:00+00:00,1846.5,1850.8
2026-02-25 00:00:00+00:00,1851.0,1892.5
2026-02-25 08:00:00+00:00,1892.5,2012.8
2026-02-25 16:00:00+00:00,2012.8,2056.9
2026-02-26 00:00:00+00:00,2057.0,2052.6
2026-02-26 08:00:00+00:00,2052.6,2032.0
2026-02-26 16:00:00+00:00,2032.2,2026.7
2026-02-27 00:00:00+00:00,2026.9,2031.9
2026-02-27 08:00:00+00:00,2031.7,1947.9
2026-02-27 16:00:00+00:00,1947.4,1928.6
2026-02-28 00:00:00+00:00,1928.6,1865.8
2026-02-28 08:00:00+00:00,1865.6,1898.0
2026-02-28 16:00:00+00:00,1897.7,1963.8
2026-03-01 00:00:00+00:00,1963.6,2006.5
2026-03-01 08:00:00+00:00,2006.4,1992.2
2026-03-01 16:00:00+00:00,1992.2,1938.4
2026-03-02 00:00:00+00:00,1938.4,1940.1
2026-03-02 08:00:00+00:00,1940.1,2046.4
2026-03-02 16:00:00+00:00,2046.5,2026.5
2026-03-03 00:00:00+00:00,2026.5,1995.8
2026-03-03 08:00:00+00:00,1995.7,1967.9
2026-03-03 16:00:00+00:00,1967.9,1981.8
2026-03-04 00:00:00+00:00,1981.7,2005.6
2026-03-04 08:00:00+00:00,2006.0,2149.7
2026-03-04 16:00:00+00:00,2149.7,2126.6
2026-03-05 00:00:00+00:00,2126.3,2104.1
2026-03-05 08:00:00+00:00,2104.2,2085.5
2026-03-05 16:00:00+00:00,2085.4,2072.0
2026-03-06 00:00:00+00:00,2072.1,2082.2
2026-03-06 08:00:00+00:00,2082.2,1976.7
2026-03-06 16:00:00+00:00,1976.4,1977.7
2026-03-07 00:00:00+00:00,1977.6,1982.0
2026-03-07 08:00:00+00:00,1982.0,1980.1
2026-03-07 16:00:00+00:00,1980.0,1968.0
2026-03-08 00:00:00+00:00,1968.0,1954.0
2026-03-08 08:00:00+00:00,1953.9,1941.9
2026-03-08 16:00:00+00:00,1941.9,1935.9
2026-03-09 00:00:00+00:00,1935.9,1982.7
2026-03-09 08:00:00+00:00,1982.7,2021.9
2026-03-09 16:00:00+00:00,2022.0,1992.4
2026-03-10 00:00:00+00:00,1992.3,2050.0
2026-03-10 08:00:00+00:00,2050.4,2078.6
2026-03-10 16:00:00+00:00,2078.6,2035.6
2026-03-11 00:00:00+00:00,2035.5,2011.4
2026-03-11 08:00:00+00:00,2011.5,2048.8
2026-03-11 16:00:00+00:00,2048.7,2051.1
2026-03-12 00:00:00+00:00,2051.0,2039.6
2026-03-12 08:00:00+00:00,2039.6,2071.0
2026-03-12 16:00:00+00:00,2071.0,2072.5
2026-03-13 00:00:00+00:00,2072.5,2098.2
2026-03-13 08:00:00+00:00,2098.2,2127.0
2026-03-13 16:00:00+00:00,2127.2,2091.6
2026-03-14 00:00:00+00:00,2091.4,2076.5
2026-03-14 08:00:00+00:00,2076.4,2073.6
2026-03-14 16:00:00+00:00,2073.5,2095.4
2026-03-15 00:00:00+00:00,2095.5,2105.0
2026-03-15 08:00:00+00:00,2105.1,2092.8
2026-03-15 16:00:00+00:00,2092.8,2177.3
2026-03-16 00:00:00+00:00,2177.4,2247.8
2026-03-16 08:00:00+00:00,2248.1,2271.5
2026-03-16 16:00:00+00:00,2272.0,2350.9
2026-03-17 00:00:00+00:00,2351.0,2326.7
2026-03-17 08:00:00+00:00,2326.7,2314.9
2026-03-17 16:00:00+00:00,2314.9,2316.1
2026-03-18 00:00:00+00:00,2316.1,2316.5
2026-03-18 08:00:00+00:00,2316.6,2186.8
2026-03-18 16:00:00+00:00,2186.8,2202.4
2026-03-19 00:00:00+00:00,2202.5,2165.0
2026-03-19 08:00:00+00:00,2165.1,2117.7
2026-03-19 16:00:00+00:00,2117.8,2136.9
2026-03-20 00:00:00+00:00,2136.9,2150.3
2026-03-20 08:00:00+00:00,2150.2,2133.2
2026-03-20 16:00:00+00:00,2133.1,2145.4
2026-03-21 00:00:00+00:00,2145.2,2154.4
2026-03-21 08:00:00+00:00,2154.5,2154.1
2026-03-21 16:00:00+00:00,2154.2,2083.1
2026-03-22 00:00:00+00:00,2083.1,2092.4
2026-03-22 08:00:00+00:00,2092.5,2081.6
2026-03-22 16:00:00+00:00,2081.6,2052.5
2026-03-23 00:00:00+00:00,2052.5,2043.4
2026-03-23 08:00:00+00:00,2043.4,2127.3
2026-03-23 16:00:00+00:00,2127.2,2151.0
2026-03-24 00:00:00+00:00,2150.9,2164.6
2026-03-24 08:00:00+00:00,2164.6,2134.4
2026-03-24 16:00:00+00:00,2134.3,2155.4
2026-03-25 00:00:00+00:00,2155.5,2163.6
2026-03-25 08:00:00+00:00,2163.6,2161.8
2026-03-25 16:00:00+00:00,2161.8,2168.1
2026-03-26 00:00:00+00:00,2168.2,2122.5
2026-03-26 08:00:00+00:00,2122.5,2069.4
2026-03-26 16:00:00+00:00,2069.3,2059.4
2026-03-27 00:00:00+00:00,2059.4,2064.8
2026-03-27 08:00:00+00:00,2064.9,1990.0
2026-03-27 16:00:00+00:00,1990.0,1991.8
2026-03-28 00:00:00+00:00,1991.7,2006.3
2026-03-28 08:00:00+00:00,2006.3,2026.1
2026-03-28 16:00:00+00:00,2026.4,1993.9
2026-03-29 00:00:00+00:00,1993.8,2005.4
2026-03-29 08:00:00+00:00,2005.4,1992.0
2026-03-29 16:00:00+00:00,1992.1,1983.3
2026-03-30 00:00:00+00:00,1983.4,2058.7
2026-03-30 08:00:00+00:00,2058.7,2073.6
2026-03-30 16:00:00+00:00,2073.8,2025.5
2026-03-31 00:00:00+00:00,2025.5,2055.0
2026-03-31 08:00:00+00:00,2055.1,2053.8
2026-03-31 16:00:00+00:00,2053.7,2104.0
2026-04-01 00:00:00+00:00,2103.9,2129.9
2026-04-01 08:00:00+00:00,2130.0,2134.1
2026-04-01 16:00:00+00:00,2134.0,2138.5
2026-04-02 00:00:00+00:00,2138.4,2054.9
2026-04-02 08:00:00+00:00,2054.8,2058.5
2026-04-02 16:00:00+00:00,2058.6,2055.9
2026-04-03 00:00:00+00:00,2056.0,2064.6
2026-04-03 08:00:00+00:00,2064.7,2050.1
2026-04-03 16:00:00+00:00,2050.2,2052.8
2026-04-04 00:00:00+00:00,2052.7,2052.7
2026-04-04 08:00:00+00:00,2052.8,2055.4
2026-04-04 16:00:00+00:00,2055.3,2064.5
2026-04-05 00:00:00+00:00,2064.5,2036.3
2026-04-05 08:00:00+00:00,2036.2,2052.7
2026-04-05 16:00:00+00:00,2053.0,2108.7
2026-04-06 00:00:00+00:00,2109.0,2134.2
2026-04-06 08:00:00+00:00,2134.2,2163.4
2026-04-06 16:00:00+00:00,2163.5,2106.4
2026-04-07 00:00:00+00:00,2106.2,2102.9
2026-04-07 08:00:00+00:00,2102.9,2079.4
2026-04-07 16:00:00+00:00,2079.2,2239.7
2026-04-08 00:00:00+00:00,2239.6,2253.0
2026-04-08 08:00:00+00:00,2253.0,2215.2
2026-04-08 16:00:00+00:00,2215.2,2189.1
2026-04-09 00:00:00+00:00,2189.0,2180.0
2026-04-09 08:00:00+00:00,2180.0,2217.1
2026-04-09 16:00:00+00:00,2217.0,2189.1
2026-04-10 00:00:00+00:00,2189.1,2178.7
2026-04-10 08:00:00+00:00,2178.8,2222.4
2026-04-10 16:00:00+00:00,2222.7,2244.1
2026-04-11 00:00:00+00:00,2244.1,2231.8
2026-04-11 08:00:00+00:00,2232.0,2248.7
2026-04-11 16:00:00+00:00,2248.7,2284.0
2026-04-12 00:00:00+00:00,2284.1,2217.9
2026-04-12 08:00:00+00:00,2217.8,2185.3
2026-04-12 16:00:00+00:00,2185.3,2190.3
2026-04-13 00:00:00+00:00,2190.5,2185.5
2026-04-13 08:00:00+00:00,2185.5,2208.1
2026-04-13 16:00:00+00:00,2208.1,2368.2
2026-04-14 00:00:00+00:00,2368.2,2376.7
2026-04-14 08:00:00+00:00,2376.7,2362.9
2026-04-14 16:00:00+00:00,2362.9,2320.9
2026-04-15 00:00:00+00:00,2320.7,2314.9
2026-04-15 08:00:00+00:00,2315.1,2330.3
2026-04-15 16:00:00+00:00,2330.4,2358.3
2026-04-16 00:00:00+00:00,2358.2,2340.2
2026-04-16 08:00:00+00:00,2340.3,2337.8
2026-04-16 16:00:00+00:00,2337.7,2347.4
2026-04-17 00:00:00+00:00,2347.4,2332.7
2026-04-17 08:00:00+00:00,2332.7,2440.1
2026-04-17 16:00:00+00:00,2440.4,2417.1
2026-04-18 00:00:00+00:00,2417.1,2402.4
2026-04-18 08:00:00+00:00,2402.3,2361.8
2026-04-18 16:00:00+00:00,2361.8,2348.9
2026-04-19 00:00:00+00:00,2348.9,2314.2
2026-04-19 08:00:00+00:00,2314.2,2329.1
2026-04-19 16:00:00+00:00,2329.2,2261.3
2026-04-20 00:00:00+00:00,2261.3,2296.8
2026-04-20 08:00:00+00:00,2296.8,2312.4
2026-04-20 16:00:00+00:00,2312.7,2312.1
2026-04-21 00:00:00+00:00,2312.1,2317.0
2026-04-21 08:00:00+00:00,2317.0,2309.0
2026-04-21 16:00:00+00:00,2308.9,2326.3
2026-04-22 00:00:00+00:00,2326.4,2388.6
2026-04-22 08:00:00+00:00,2388.6,2401.9
2026-04-22 16:00:00+00:00,2402.0,2372.7
2026-04-23 00:00:00+00:00,2372.7,2342.9
2026-04-23 08:00:00+00:00,2342.9,2331.9
2026-04-23 16:00:00+00:00,2332.0,2328.9
2026-04-24 00:00:00+00:00,2328.9,2310.2
2026-04-24 08:00:00+00:00,2310.2,2322.7
2026-04-24 16:00:00+00:00,2322.8,2313.8
2026-04-25 00:00:00+00:00,2313.8,2315.6
2026-04-25 08:00:00+00:00,2315.5,2306.9
2026-04-25 16:00:00+00:00,2306.8,2318.1
2026-04-26 00:00:00+00:00,2318.1,2330.2
2026-04-26 08:00:00+00:00,2330.2,2346.8
2026-04-26 16:00:00+00:00,2346.8,2368.4
2026-04-27 00:00:00+00:00,2368.5,2315.0
2026-04-27 08:00:00+00:00,2314.8,2273.4
2026-04-27 16:00:00+00:00,2273.4,2302.3
2026-04-28 00:00:00+00:00,2302.4,2286.3
2026-04-28 08:00:00+00:00,2286.4,2278.7
2026-04-28 16:00:00+00:00,2278.6,2288.8
2026-04-29 00:00:00+00:00,2288.9,2323.0
2026-04-29 08:00:00+00:00,2322.9,2270.8
2026-04-29 16:00:00+00:00,2271.0,2251.5
2026-04-30 00:00:00+00:00,2251.5,2259.3
2026-04-30 08:00:00+00:00,2259.4,2264.9
2026-04-30 16:00:00+00:00,2264.9,2256.4
2026-05-01 00:00:00+00:00,2256.5,2278.8
2026-05-01 08:00:00+00:00,2278.7,2306.9
2026-05-01 16:00:00+00:00,2306.8,2294.7
2026-05-02 00:00:00+00:00,2294.7,2300.2
2026-05-02 08:00:00+00:00,2300.2,2307.9
2026-05-02 16:00:00+00:00,2308.0,2316.0
2026-05-03 00:00:00+00:00,2316.1,2308.1
2026-05-03 08:00:00+00:00,2308.1,2327.4
2026-05-03 16:00:00+00:00,2327.5,2321.7
2026-05-04 00:00:00+00:00,2321.8,2361.9
2026-05-04 08:00:00+00:00,2361.8,2349.0
2026-05-04 16:00:00+00:00,2349.0,2346.0
2026-05-05 00:00:00+00:00,2345.9,2379.7
2026-05-05 08:00:00+00:00,2379.5,2380.2
2026-05-05 16:00:00+00:00,2380.2,2359.3
2026-05-06 00:00:00+00:00,2359.3,2370.8
2026-05-06 08:00:00+00:00,2370.8,2358.1
2026-05-06 16:00:00+00:00,2358.2,2350.2
2026-05-07 00:00:00+00:00,2350.2,2343.4
2026-05-07 08:00:00+00:00,2343.5,2293.6
2026-05-07 16:00:00+00:00,2293.9,2290.6
2026-05-08 00:00:00+00:00,2290.7,2280.3
2026-05-08 08:00:00+00:00,2280.3,2292.5
2026-05-08 16:00:00+00:00,2292.4,2306.8
2026-05-09 00:00:00+00:00,2306.8,2314.2
2026-05-09 08:00:00+00:00,2314.1,2316.3
2026-05-09 16:00:00+00:00,2316.3,2326.0
2026-05-10 00:00:00+00:00,2326.0,2327.1
2026-05-10 08:00:00+00:00,2327.0,2347.5
2026-05-10 16:00:00+00:00,2347.6,2370.6
2026-05-11 00:00:00+00:00,2370.7,2330.0
2026-05-11 08:00:00+00:00,2330.0,2332.7
2026-05-11 16:00:00+00:00,2332.6,2339.0
2026-05-12 00:00:00+00:00,2339.0,2294.5
2026-05-12 08:00:00+00:00,2294.5,2260.6
2026-05-12 16:00:00+00:00,2260.5,2273.7
2026-05-13 00:00:00+00:00,2273.7,2300.6
2026-05-13 08:00:00+00:00,2300.6,2235.8
2026-05-13 16:00:00+00:00,2235.8,2258.0
2026-05-14 00:00:00+00:00,2258.0,2264.3
2026-05-14 08:00:00+00:00,2264.3,2297.5
2026-05-14 16:00:00+00:00,2297.5,2282.1
2026-05-15 00:00:00+00:00,2282.2,2264.3
2026-05-15 08:00:00+00:00,2264.3,2221.9
2026-05-15 16:00:00+00:00,2222.0,2223.3
2026-05-16 00:00:00+00:00,2223.3,2193.7
2026-05-16 08:00:00+00:00,2193.6,2179.1
2026-05-16 16:00:00+00:00,2179.1,2179.4
2026-05-17 00:00:00+00:00,2179.3,2185.4
2026-05-17 08:00:00+00:00,2185.1,2185.6
2026-05-17 16:00:00+00:00,2185.5,2130.1
2026-05-18 00:00:00+00:00,2130.2,2119.5
2026-05-18 08:00:00+00:00,2119.5,2106.4
2026-05-18 16:00:00+00:00,2106.5,2129.7
2026-05-19 00:00:00+00:00,2129.7,2140.0
2026-05-19 08:00:00+00:00,2140.1,2109.2
2026-05-19 16:00:00+00:00,2109.3,2110.8
2026-05-20 00:00:00+00:00,2110.9,2128.8
2026-05-20 08:00:00+00:00,2128.7,2136.0
2026-05-20 16:00:00+00:00,2136.0,2129.1
2026-05-21 00:00:00+00:00,2129.0,2134.7
2026-05-21 08:00:00+00:00,2134.5,2131.9
2026-05-21 16:00:00+00:00,2131.9,2133.1
2026-05-22 00:00:00+00:00,2133.3,2128.1
2026-05-22 08:00:00+00:00,2128.0,2119.1
2026-05-22 16:00:00+00:00,2119.0,2064.8
2026-05-23 00:00:00+00:00,2064.9,2027.6
2026-05-23 08:00:00+00:00,2027.5,2059.0
2026-05-23 16:00:00+00:00,2058.9,2116.8
2026-05-24 00:00:00+00:00,2116.8,2120.3
2026-05-24 08:00:00+00:00,2120.4,2094.6
2026-05-24 16:00:00+00:00,2094.6,2098.6
2026-05-25 00:00:00+00:00,2098.6,2115.0
2026-05-25 08:00:00+00:00,2115.0,2126.1
2026-05-25 16:00:00+00:00,2126.2,2112.4
2026-05-26 00:00:00+00:00,2112.4,2094.7
2026-05-26 08:00:00+00:00,2094.8,2086.4
2026-05-26 16:00:00+00:00,2086.4,2072.6
2026-05-27 00:00:00+00:00,2072.7,2082.9
2026-05-27 08:00:00+00:00,2082.8,2070.9
2026-05-27 16:00:00+00:00,2071.1,2023.9
2026-05-28 00:00:00+00:00,2023.8,1994.2
2026-05-28 08:00:00+00:00,1994.2,1989.7
2026-05-28 16:00:00+00:00,1989.7,2009.2
2026-05-29 00:00:00+00:00,2009.2,2007.1
2026-05-29 08:00:00+00:00,2007.2,2031.0
2026-05-29 16:00:00+00:00,2031.1,2013.7
2026-05-30 00:00:00+00:00,2013.7,2015.2
2026-05-30 08:00:00+00:00,2015.2,2026.1
2026-05-30 16:00:00+00:00,2026.2,2021.6
2026-05-31 00:00:00+00:00,2021.6,2023.6
2026-05-31 08:00:00+00:00,2023.5,2010.0
2026-05-31 16:00:00+00:00,2009.9,2006.7
2026-06-01 00:00:00+00:00,2006.8,1975.8
2026-06-01 08:00:00+00:00,1975.8,1967.8
2026-06-01 16:00:00+00:00,1967.9,2006.9
2026-06-02 00:00:00+00:00,2007.0,1981.4
2026-06-02 08:00:00+00:00,1981.3,1914.4
2026-06-02 16:00:00+00:00,1914.4,1859.0
2026-06-03 00:00:00+00:00,1859.2,1878.0
2026-06-03 08:00:00+00:00,1877.9,1835.9
2026-06-03 16:00:00+00:00,1836.2,1812.3
2026-06-04 00:00:00+00:00,1812.3,1776.6
2026-06-04 08:00:00+00:00,1776.6,1776.3
2026-06-04 16:00:00+00:00,1776.3,1770.3
2026-06-05 00:00:00+00:00,1770.1,1678.3
2026-06-05 08:00:00+00:00,1678.2,1582.4
2026-06-05 16:00:00+00:00,1582.3,1582.4
2026-06-06 00:00:00+00:00,1582.3,1574.3
2026-06-06 08:00:00+00:00,1574.4,1559.7
2026-06-06 16:00:00+00:00,1559.7,1568.8
2026-06-07 00:00:00+00:00,1568.9,1614.4
2026-06-07 08:00:00+00:00,1614.4,1629.3
2026-06-07 16:00:00+00:00,1629.3,1689.4
2026-06-08 00:00:00+00:00,1689.6,1672.9
2026-06-08 08:00:00+00:00,1672.8,1690.6
2026-06-08 16:00:00+00:00,1690.6,1688.8
2026-06-09 00:00:00+00:00,1688.6,1679.2
2026-06-09 08:00:00+00:00,1679.2,1635.8
2026-06-09 16:00:00+00:00,1635.7,1638.5
2026-06-10 00:00:00+00:00,1638.7,1639.2
2026-06-10 08:00:00+00:00,1639.1,1656.9
2026-06-10 16:00:00+00:00,1657.0,1620.9
2026-06-11 00:00:00+00:00,1621.0,1653.8
2026-06-11 08:00:00+00:00,1653.7,1644.6
2026-06-11 16:00:00+00:00,1644.6,1672.7
2026-06-12 00:00:00+00:00,1672.7,1661.0
2026-06-12 08:00:00+00:00,1661.1,1658.8
2026-06-12 16:00:00+00:00,1658.8,1665.7
2026-06-13 00:00:00+00:00,1665.6,1675.7
2026-06-13 08:00:00+00:00,1675.7,1681.7
2026-06-13 16:00:00+00:00,1681.7,1680.3
2026-06-14 00:00:00+00:00,1680.4,1675.2
2026-06-14 08:00:00+00:00,1675.2,1662.3
2026-06-14 16:00:00+00:00,1662.2,1725.3
2026-06-15 00:00:00+00:00,1725.2,1716.1
2026-06-15 08:00:00+00:00,1716.2,1845.2
2026-06-15 16:00:00+00:00,1845.5,1795.5
2026-06-16 00:00:00+00:00,1795.5,1773.6
2026-06-16 08:00:00+00:00,1773.6,1782.2
2026-06-16 16:00:00+00:00,1782.2,1792.8
2026-06-17 00:00:00+00:00,1792.8,1784.8
2026-06-17 08:00:00+00:00,1784.9,1772.8
2026-06-17 16:00:00+00:00,1772.8,1749.7
2026-06-18 00:00:00+00:00,1749.9,1749.0
2026-06-18 08:00:00+00:00,1749.1,1681.8
2026-06-18 16:00:00+00:00,1681.6,1711.1
2026-06-19 00:00:00+00:00,1711.1,1695.1
2026-06-19 08:00:00+00:00,1695.2,1707.2
2026-06-19 16:00:00+00:00,1707.3,1711.2
2026-06-20 00:00:00+00:00,1711.3,1725.5
2026-06-20 08:00:00+00:00,1725.5,1739.6
2026-06-20 16:00:00+00:00,1739.6,1740.5
2026-06-21 00:00:00+00:00,1740.4,1731.3
2026-06-21 08:00:00+00:00,1731.3,1729.6
2026-06-21 16:00:00+00:00,1729.6,1706.1
2026-06-22 00:00:00+00:00,1706.2,1745.9
2026-06-22 08:00:00+00:00,1746.0,1743.7
2026-06-22 16:00:00+00:00,1743.7,1727.9
2026-06-23 00:00:00+00:00,1727.9,1680.0
2026-06-23 08:00:00+00:00,1680.0,1658.9
2026-06-23 16:00:00+00:00,1658.9,1666.4
2026-06-24 00:00:00+00:00,1666.4,1671.8
2026-06-24 08:00:00+00:00,1671.9,1617.7
2026-06-24 16:00:00+00:00,1617.4,1621.2
2026-06-25 00:00:00+00:00,1621.1,1656.5
2026-06-25 08:00:00+00:00,1656.4,1569.3
2026-06-25 16:00:00+00:00,1569.3,1566.6
2026-06-26 00:00:00+00:00,1566.5,1580.0
2026-06-26 08:00:00+00:00,1580.0,1579.3
2026-06-26 16:00:00+00:00,1579.4,1577.6
2026-06-27 00:00:00+00:00,1577.7,1584.8
2026-06-27 08:00:00+00:00,1584.8,1604.8
2026-06-27 16:00:00+00:00,1604.8,1572.9
2026-06-28 00:00:00+00:00,1572.9,1574.8
2026-06-28 08:00:00+00:00,1574.9,1579.6
2026-06-28 16:00:00+00:00,1579.7,1570.9
2026-06-29 00:00:00+00:00,1571.0,1579.4
2026-06-29 08:00:00+00:00,1579.4,1579.6
2026-06-29 16:00:00+00:00,1579.5,1612.4
2026-06-30 00:00:00+00:00,1612.3,1591.5
2026-06-30 08:00:00+00:00,1591.5,1564.3
2026-06-30 16:00:00+00:00,1564.4,1571.4
