underlying,date,status,available,checksum,error
BTCUSDT,2022-01-01,404,False,,
BTCUSDT,2022-01-02,404,False,,
BTCUSDT,2022-01-03,404,False,,
BTCUSDT,2022-01-04,404,False,,
BTCUSDT,2022-01-05,404,False,,
BTCUSDT,2022-01-06,404,False,,
BTCUSDT,2022-01-07,404,False,,
BTCUSDT,2022-01-08,404,False,,
BTCUSDT,2022-01-09,404,False,,
BTCUSDT,2022-01-10,404,False,,
BTCUSDT,2022-01-11,404,False,,
BTCUSDT,2022-01-12,404,False,,
BTCUSDT,2022-01-13,404,False,,
BTCUSDT,2022-01-14,404,False,,
BTCUSDT,2022-01-15,404,False,,
BTCUSDT,2022-01-16,404,False,,
BTCUSDT,2022-01-17,404,False,,
BTCUSDT,2022-01-18,404,False,,
BTCUSDT,2022-01-19,404,False,,
BTCUSDT,2022-01-20,404,False,,
BTCUSDT,2022-01-21,404,False,,
BTCUSDT,2022-01-22,404,False,,
BTCUSDT,2022-01-23,404,False,,
BTCUSDT,2022-01-24,404,False,,
BTCUSDT,2022-01-25,404,False,,
BTCUSDT,2022-01-26,404,False,,
BTCUSDT,2022-01-27,404,False,,
BTCUSDT,2022-01-28,404,False,,
BTCUSDT,2022-01-29,404,False,,
BTCUSDT,2022-01-30,404,False,,
BTCUSDT,2022-01-31,404,False,,
BTCUSDT,2022-02-01,404,False,,
BTCUSDT,2022-02-02,404,False,,
BTCUSDT,2022-02-03,404,False,,
BTCUSDT,2022-02-04,404,False,,
BTCUSDT,2022-02-05,404,False,,
BTCUSDT,2022-02-06,404,False,,
BTCUSDT,2022-02-07,404,False,,
BTCUSDT,2022-02-08,404,False,,
BTCUSDT,2022-02-09,404,False,,
BTCUSDT,2022-02-10,404,False,,
BTCUSDT,2022-02-11,404,False,,
BTCUSDT,2022-02-12,404,False,,
BTCUSDT,2022-02-13,404,False,,
BTCUSDT,2022-02-14,404,False,,
BTCUSDT,2022-02-15,404,False,,
BTCUSDT,2022-02-16,404,False,,
BTCUSDT,2022-02-17,404,False,,
BTCUSDT,2022-02-18,404,False,,
BTCUSDT,2022-02-19,404,False,,
BTCUSDT,2022-02-20,404,False,,
BTCUSDT,2022-02-21,404,False,,
BTCUSDT,2022-02-22,404,False,,
BTCUSDT,2022-02-23,404,False,,
BTCUSDT,2022-02-24,404,False,,
BTCUSDT,2022-02-25,404,False,,
BTCUSDT,2022-02-26,404,False,,
BTCUSDT,2022-02-27,404,False,,
BTCUSDT,2022-02-28,404,False,,
BTCUSDT,2022-03-01,404,False,,
BTCUSDT,2022-03-02,404,False,,
BTCUSDT,2022-03-03,404,False,,
BTCUSDT,2022-03-04,404,False,,
BTCUSDT,2022-03-05,404,False,,
BTCUSDT,2022-03-06,404,False,,
BTCUSDT,2022-03-07,404,False,,
BTCUSDT,2022-03-08,404,False,,
BTCUSDT,2022-03-09,404,False,,
BTCUSDT,2022-03-10,404,False,,
BTCUSDT,2022-03-11,404,False,,
BTCUSDT,2022-03-12,404,False,,
BTCUSDT,2022-03-13,404,False,,
BTCUSDT,2022-03-14,404,False,,
BTCUSDT,2022-03-15,404,False,,
BTCUSDT,2022-03-16,404,False,,
BTCUSDT,2022-03-17,404,False,,
BTCUSDT,2022-03-18,404,False,,
BTCUSDT,2022-03-19,404,False,,
BTCUSDT,2022-03-20,404,False,,
BTCUSDT,2022-03-21,404,False,,
BTCUSDT,2022-03-22,404,False,,
BTCUSDT,2022-03-23,404,False,,
BTCUSDT,2022-03-24,404,False,,
BTCUSDT,2022-03-25,404,False,,
BTCUSDT,2022-03-26,404,False,,
BTCUSDT,2022-03-27,404,False,,
BTCUSDT,2022-03-28,404,False,,
BTCUSDT,2022-03-29,404,False,,
BTCUSDT,2022-03-30,404,False,,
BTCUSDT,2022-03-31,404,False,,
BTCUSDT,2022-04-01,404,False,,
BTCUSDT,2022-04-02,404,False,,
BTCUSDT,2022-04-03,404,False,,
BTCUSDT,2022-04-04,404,False,,
BTCUSDT,2022-04-05,404,False,,
BTCUSDT,2022-04-06,404,False,,
BTCUSDT,2022-04-07,404,False,,
BTCUSDT,2022-04-08,404,False,,
BTCUSDT,2022-04-09,404,False,,
BTCUSDT,2022-04-10,404,False,,
BTCUSDT,2022-04-11,404,False,,
BTCUSDT,2022-04-12,404,False,,
BTCUSDT,2022-04-13,404,False,,
BTCUSDT,2022-04-14,404,False,,
BTCUSDT,2022-04-15,404,False,,
BTCUSDT,2022-04-16,404,False,,
BTCUSDT,2022-04-17,404,False,,
BTCUSDT,2022-04-18,404,False,,
BTCUSDT,2022-04-19,404,False,,
BTCUSDT,2022-04-20,404,False,,
BTCUSDT,2022-04-21,404,False,,
BTCUSDT,2022-04-22,404,False,,
BTCUSDT,2022-04-23,404,False,,
BTCUSDT,2022-04-24,404,False,,
BTCUSDT,2022-04-25,404,False,,
BTCUSDT,2022-04-26,404,False,,
BTCUSDT,2022-04-27,404,False,,
BTCUSDT,2022-04-28,404,False,,
BTCUSDT,2022-04-29,404,False,,
BTCUSDT,2022-04-30,404,False,,
BTCUSDT,2022-05-01,404,False,,
BTCUSDT,2022-05-02,404,False,,
BTCUSDT,2022-05-03,404,False,,
BTCUSDT,2022-05-04,404,False,,
BTCUSDT,2022-05-05,404,False,,
BTCUSDT,2022-05-06,404,False,,
BTCUSDT,2022-05-07,404,False,,
BTCUSDT,2022-05-08,404,False,,
BTCUSDT,2022-05-09,404,False,,
BTCUSDT,2022-05-10,404,False,,
BTCUSDT,2022-05-11,404,False,,
BTCUSDT,2022-05-12,404,False,,
BTCUSDT,2022-05-13,404,False,,
BTCUSDT,2022-05-14,404,False,,
BTCUSDT,2022-05-15,404,False,,
BTCUSDT,2022-05-16,404,False,,
BTCUSDT,2022-05-17,404,False,,
BTCUSDT,2022-05-18,404,False,,
BTCUSDT,2022-05-19,404,False,,
BTCUSDT,2022-05-20,404,False,,
BTCUSDT,2022-05-21,404,False,,
BTCUSDT,2022-05-22,404,False,,
BTCUSDT,2022-05-23,404,False,,
BTCUSDT,2022-05-24,404,False,,
BTCUSDT,2022-05-25,404,False,,
BTCUSDT,2022-05-26,404,False,,
BTCUSDT,2022-05-27,404,False,,
BTCUSDT,2022-05-28,404,False,,
BTCUSDT,2022-05-29,404,False,,
BTCUSDT,2022-05-30,404,False,,
BTCUSDT,2022-05-31,404,False,,
BTCUSDT,2022-06-01,404,False,,
BTCUSDT,2022-06-02,404,False,,
BTCUSDT,2022-06-03,404,False,,
BTCUSDT,2022-06-04,404,False,,
BTCUSDT,2022-06-05,404,False,,
BTCUSDT,2022-06-06,404,False,,
BTCUSDT,2022-06-07,404,False,,
BTCUSDT,2022-06-08,404,False,,
BTCUSDT,2022-06-09,404,False,,
BTCUSDT,2022-06-10,404,False,,
BTCUSDT,2022-06-11,404,False,,
BTCUSDT,2022-06-12,404,False,,
BTCUSDT,2022-06-13,404,False,,
BTCUSDT,2022-06-14,404,False,,
BTCUSDT,2022-06-15,404,False,,
BTCUSDT,2022-06-16,404,False,,
BTCUSDT,2022-06-17,404,False,,
BTCUSDT,2022-06-18,404,False,,
BTCUSDT,2022-06-19,404,False,,
BTCUSDT,2022-06-20,404,False,,
BTCUSDT,2022-06-21,404,False,,
BTCUSDT,2022-06-22,404,False,,
BTCUSDT,2022-06-23,404,False,,
BTCUSDT,2022-06-24,404,False,,
BTCUSDT,2022-06-25,404,False,,
BTCUSDT,2022-06-26,404,False,,
BTCUSDT,2022-06-27,404,False,,
BTCUSDT,2022-06-28,404,False,,
BTCUSDT,2022-06-29,404,False,,
BTCUSDT,2022-06-30,404,False,,
BTCUSDT,2022-07-01,404,False,,
BTCUSDT,2022-07-02,404,False,,
BTCUSDT,2022-07-03,404,False,,
BTCUSDT,2022-07-04,404,False,,
BTCUSDT,2022-07-05,404,False,,
BTCUSDT,2022-07-06,404,False,,
BTCUSDT,2022-07-07,404,False,,
BTCUSDT,2022-07-08,404,False,,
BTCUSDT,2022-07-09,404,False,,
BTCUSDT,2022-07-10,404,False,,
BTCUSDT,2022-07-11,404,False,,
BTCUSDT,2022-07-12,404,False,,
BTCUSDT,2022-07-13,404,False,,
BTCUSDT,2022-07-14,404,False,,
BTCUSDT,2022-07-15,404,False,,
BTCUSDT,2022-07-16,404,False,,
BTCUSDT,2022-07-17,404,False,,
BTCUSDT,2022-07-18,404,False,,
BTCUSDT,2022-07-19,404,False,,
BTCUSDT,2022-07-20,404,False,,
BTCUSDT,2022-07-21,404,False,,
BTCUSDT,2022-07-22,404,False,,
BTCUSDT,2022-07-23,404,False,,
BTCUSDT,2022-07-24,404,False,,
BTCUSDT,2022-07-25,404,False,,
BTCUSDT,2022-07-26,404,False,,
BTCUSDT,2022-07-27,404,False,,
BTCUSDT,2022-07-28,404,False,,
BTCUSDT,2022-07-29,404,False,,
BTCUSDT,2022-07-30,404,False,,
BTCUSDT,2022-07-31,404,False,,
BTCUSDT,2022-08-01,404,False,,
BTCUSDT,2022-08-02,404,False,,
BTCUSDT,2022-08-03,404,False,,
BTCUSDT,2022-08-04,404,False,,
BTCUSDT,2022-08-05,404,False,,
BTCUSDT,2022-08-06,404,False,,
BTCUSDT,2022-08-07,404,False,,
BTCUSDT,2022-08-08,404,False,,
BTCUSDT,2022-08-09,404,False,,
BTCUSDT,2022-08-10,404,False,,
BTCUSDT,2022-08-11,404,False,,
BTCUSDT,2022-08-12,404,False,,
BTCUSDT,2022-08-13,404,False,,
BTCUSDT,2022-08-14,404,False,,
BTCUSDT,2022-08-15,404,False,,
BTCUSDT,2022-08-16,404,False,,
BTCUSDT,2022-08-17,404,False,,
BTCUSDT,2022-08-18,404,False,,
BTCUSDT,2022-08-19,404,False,,
BTCUSDT,2022-08-20,404,False,,
BTCUSDT,2022-08-21,404,False,,
BTCUSDT,2022-08-22,404,False,,
BTCUSDT,2022-08-23,404,False,,
BTCUSDT,2022-08-24,404,False,,
BTCUSDT,2022-08-25,404,False,,
BTCUSDT,2022-08-26,404,False,,
BTCUSDT,2022-08-27,404,False,,
BTCUSDT,2022-08-28,404,False,,
BTCUSDT,2022-08-29,404,False,,
BTCUSDT,2022-08-30,404,False,,
BTCUSDT,2022-08-31,404,False,,
BTCUSDT,2022-09-01,404,False,,
BTCUSDT,2022-09-02,404,False,,
BTCUSDT,2022-09-03,404,False,,
BTCUSDT,2022-09-04,404,False,,
BTCUSDT,2022-09-05,404,False,,
BTCUSDT,2022-09-06,404,False,,
BTCUSDT,2022-09-07,404,False,,
BTCUSDT,2022-09-08,404,False,,
BTCUSDT,2022-09-09,404,False,,
BTCUSDT,2022-09-10,404,False,,
BTCUSDT,2022-09-11,404,False,,
BTCUSDT,2022-09-12,404,False,,
BTCUSDT,2022-09-13,404,False,,
BTCUSDT,2022-09-14,404,False,,
BTCUSDT,2022-09-15,404,False,,
BTCUSDT,2022-09-16,404,False,,
BTCUSDT,2022-09-17,404,False,,
BTCUSDT,2022-09-18,404,False,,
BTCUSDT,2022-09-19,404,False,,
BTCUSDT,2022-09-20,404,False,,
BTCUSDT,2022-09-21,404,False,,
BTCUSDT,2022-09-22,404,False,,
BTCUSDT,2022-09-23,404,False,,
BTCUSDT,2022-09-24,404,False,,
BTCUSDT,2022-09-25,404,False,,
BTCUSDT,2022-09-26,404,False,,
BTCUSDT,2022-09-27,404,False,,
BTCUSDT,2022-09-28,404,False,,
BTCUSDT,2022-09-29,404,False,,
BTCUSDT,2022-09-30,404,False,,
BTCUSDT,2022-10-01,404,False,,
BTCUSDT,2022-10-02,404,False,,
BTCUSDT,2022-10-03,404,False,,
BTCUSDT,2022-10-04,404,False,,
BTCUSDT,2022-10-05,404,False,,
BTCUSDT,2022-10-06,404,False,,
BTCUSDT,2022-10-07,404,False,,
BTCUSDT,2022-10-08,404,False,,
BTCUSDT,2022-10-09,404,False,,
BTCUSDT,2022-10-10,404,False,,
BTCUSDT,2022-10-11,404,False,,
BTCUSDT,2022-10-12,404,False,,
BTCUSDT,2022-10-13,404,False,,
BTCUSDT,2022-10-14,404,False,,
BTCUSDT,2022-10-15,404,False,,
BTCUSDT,2022-10-16,404,False,,
BTCUSDT,2022-10-17,404,False,,
BTCUSDT,2022-10-18,404,False,,
BTCUSDT,2022-10-19,404,False,,
BTCUSDT,2022-10-20,404,False,,
BTCUSDT,2022-10-21,404,False,,
BTCUSDT,2022-10-22,404,False,,
BTCUSDT,2022-10-23,404,False,,
BTCUSDT,2022-10-24,404,False,,
BTCUSDT,2022-10-25,404,False,,
BTCUSDT,2022-10-26,404,False,,
BTCUSDT,2022-10-27,404,False,,
BTCUSDT,2022-10-28,404,False,,
BTCUSDT,2022-10-29,404,False,,
BTCUSDT,2022-10-30,404,False,,
BTCUSDT,2022-10-31,404,False,,
BTCUSDT,2022-11-01,404,False,,
BTCUSDT,2022-11-02,404,False,,
BTCUSDT,2022-11-03,404,False,,
BTCUSDT,2022-11-04,404,False,,
BTCUSDT,2022-11-05,404,False,,
BTCUSDT,2022-11-06,404,False,,
BTCUSDT,2022-11-07,404,False,,
BTCUSDT,2022-11-08,404,False,,
BTCUSDT,2022-11-09,404,False,,
BTCUSDT,2022-11-10,404,False,,
BTCUSDT,2022-11-11,404,False,,
BTCUSDT,2022-11-12,404,False,,
BTCUSDT,2022-11-13,404,False,,
BTCUSDT,2022-11-14,404,False,,
BTCUSDT,2022-11-15,404,False,,
BTCUSDT,2022-11-16,404,False,,
BTCUSDT,2022-11-17,404,False,,
BTCUSDT,2022-11-18,404,False,,
BTCUSDT,2022-11-19,404,False,,
BTCUSDT,2022-11-20,404,False,,
BTCUSDT,2022-11-21,404,False,,
BTCUSDT,2022-11-22,404,False,,
BTCUSDT,2022-11-23,404,False,,
BTCUSDT,2022-11-24,404,False,,
BTCUSDT,2022-11-25,404,False,,
BTCUSDT,2022-11-26,404,False,,
BTCUSDT,2022-11-27,404,False,,
BTCUSDT,2022-11-28,404,False,,
BTCUSDT,2022-11-29,404,False,,
BTCUSDT,2022-11-30,404,False,,
BTCUSDT,2022-12-01,404,False,,
BTCUSDT,2022-12-02,404,False,,
BTCUSDT,2022-12-03,404,False,,
BTCUSDT,2022-12-04,404,False,,
BTCUSDT,2022-12-05,404,False,,
BTCUSDT,2022-12-06,404,False,,
BTCUSDT,2022-12-07,404,False,,
BTCUSDT,2022-12-08,404,False,,
BTCUSDT,2022-12-09,404,False,,
BTCUSDT,2022-12-10,404,False,,
BTCUSDT,2022-12-11,404,False,,
BTCUSDT,2022-12-12,404,False,,
BTCUSDT,2022-12-13,404,False,,
BTCUSDT,2022-12-14,404,False,,
BTCUSDT,2022-12-15,404,False,,
BTCUSDT,2022-12-16,404,False,,
BTCUSDT,2022-12-17,404,False,,
BTCUSDT,2022-12-18,404,False,,
BTCUSDT,2022-12-19,404,False,,
BTCUSDT,2022-12-20,404,False,,
BTCUSDT,2022-12-21,404,False,,
BTCUSDT,2022-12-22,404,False,,
BTCUSDT,2022-12-23,404,False,,
BTCUSDT,2022-12-24,404,False,,
BTCUSDT,2022-12-25,404,False,,
BTCUSDT,2022-12-26,404,False,,
BTCUSDT,2022-12-27,404,False,,
BTCUSDT,2022-12-28,404,False,,
BTCUSDT,2022-12-29,404,False,,
BTCUSDT,2022-12-30,404,False,,
BTCUSDT,2022-12-31,404,False,,
BTCUSDT,2023-01-01,404,False,,
BTCUSDT,2023-01-02,404,False,,
BTCUSDT,2023-01-03,404,False,,
BTCUSDT,2023-01-04,404,False,,
BTCUSDT,2023-01-05,404,False,,
BTCUSDT,2023-01-06,404,False,,
BTCUSDT,2023-01-07,404,False,,
BTCUSDT,2023-01-08,404,False,,
BTCUSDT,2023-01-09,404,False,,
BTCUSDT,2023-01-10,404,False,,
BTCUSDT,2023-01-11,404,False,,
BTCUSDT,2023-01-12,404,False,,
BTCUSDT,2023-01-13,404,False,,
BTCUSDT,2023-01-14,404,False,,
BTCUSDT,2023-01-15,404,False,,
BTCUSDT,2023-01-16,404,False,,
BTCUSDT,2023-01-17,404,False,,
BTCUSDT,2023-01-18,404,False,,
BTCUSDT,2023-01-19,404,False,,
BTCUSDT,2023-01-20,404,False,,
BTCUSDT,2023-01-21,404,False,,
BTCUSDT,2023-01-22,404,False,,
BTCUSDT,2023-01-23,404,False,,
BTCUSDT,2023-01-24,404,False,,
BTCUSDT,2023-01-25,404,False,,
BTCUSDT,2023-01-26,404,False,,
BTCUSDT,2023-01-27,404,False,,
BTCUSDT,2023-01-28,404,False,,
BTCUSDT,2023-01-29,404,False,,
BTCUSDT,2023-01-30,404,False,,
BTCUSDT,2023-01-31,404,False,,
BTCUSDT,2023-02-01,404,False,,
BTCUSDT,2023-02-02,404,False,,
BTCUSDT,2023-02-03,404,False,,
BTCUSDT,2023-02-04,404,False,,
BTCUSDT,2023-02-05,404,False,,
BTCUSDT,2023-02-06,404,False,,
BTCUSDT,2023-02-07,404,False,,
BTCUSDT,2023-02-08,404,False,,
BTCUSDT,2023-02-09,404,False,,
BTCUSDT,2023-02-10,404,False,,
BTCUSDT,2023-02-11,404,False,,
BTCUSDT,2023-02-12,404,False,,
BTCUSDT,2023-02-13,404,False,,
BTCUSDT,2023-02-14,404,False,,
BTCUSDT,2023-02-15,404,False,,
BTCUSDT,2023-02-16,404,False,,
BTCUSDT,2023-02-17,404,False,,
BTCUSDT,2023-02-18,404,False,,
BTCUSDT,2023-02-19,404,False,,
BTCUSDT,2023-02-20,404,False,,
BTCUSDT,2023-02-21,404,False,,
BTCUSDT,2023-02-22,404,False,,
BTCUSDT,2023-02-23,404,False,,
BTCUSDT,2023-02-24,404,False,,
BTCUSDT,2023-02-25,404,False,,
BTCUSDT,2023-02-26,404,False,,
BTCUSDT,2023-02-27,404,False,,
BTCUSDT,2023-02-28,404,False,,
BTCUSDT,2023-03-01,404,False,,
BTCUSDT,2023-03-02,404,False,,
BTCUSDT,2023-03-03,404,False,,
BTCUSDT,2023-03-04,404,False,,
BTCUSDT,2023-03-05,404,False,,
BTCUSDT,2023-03-06,404,False,,
BTCUSDT,2023-03-07,404,False,,
BTCUSDT,2023-03-08,404,False,,
BTCUSDT,2023-03-09,404,False,,
BTCUSDT,2023-03-10,404,False,,
BTCUSDT,2023-03-11,404,False,,
BTCUSDT,2023-03-12,404,False,,
BTCUSDT,2023-03-13,404,False,,
BTCUSDT,2023-03-14,404,False,,
BTCUSDT,2023-03-15,404,False,,
BTCUSDT,2023-03-16,404,False,,
BTCUSDT,2023-03-17,404,False,,
BTCUSDT,2023-03-18,404,False,,
BTCUSDT,2023-03-19,404,False,,
BTCUSDT,2023-03-20,404,False,,
BTCUSDT,2023-03-21,404,False,,
BTCUSDT,2023-03-22,404,False,,
BTCUSDT,2023-03-23,404,False,,
BTCUSDT,2023-03-24,404,False,,
BTCUSDT,2023-03-25,404,False,,
BTCUSDT,2023-03-26,404,False,,
BTCUSDT,2023-03-27,404,False,,
BTCUSDT,2023-03-28,404,False,,
BTCUSDT,2023-03-29,404,False,,
BTCUSDT,2023-03-30,404,False,,
BTCUSDT,2023-03-31,404,False,,
BTCUSDT,2023-04-01,404,False,,
BTCUSDT,2023-04-02,404,False,,
BTCUSDT,2023-04-03,404,False,,
BTCUSDT,2023-04-04,404,False,,
BTCUSDT,2023-04-05,404,False,,
BTCUSDT,2023-04-06,404,False,,
BTCUSDT,2023-04-07,404,False,,
BTCUSDT,2023-04-08,404,False,,
BTCUSDT,2023-04-09,404,False,,
BTCUSDT,2023-04-10,404,False,,
BTCUSDT,2023-04-11,404,False,,
BTCUSDT,2023-04-12,404,False,,
BTCUSDT,2023-04-13,404,False,,
BTCUSDT,2023-04-14,404,False,,
BTCUSDT,2023-04-15,404,False,,
BTCUSDT,2023-04-16,404,False,,
BTCUSDT,2023-04-17,404,False,,
BTCUSDT,2023-04-18,404,False,,
BTCUSDT,2023-04-19,404,False,,
BTCUSDT,2023-04-20,404,False,,
BTCUSDT,2023-04-21,404,False,,
BTCUSDT,2023-04-22,404,False,,
BTCUSDT,2023-04-23,404,False,,
BTCUSDT,2023-04-24,404,False,,
BTCUSDT,2023-04-25,404,False,,
BTCUSDT,2023-04-26,404,False,,
BTCUSDT,2023-04-27,404,False,,
BTCUSDT,2023-04-28,404,False,,
BTCUSDT,2023-04-29,404,False,,
BTCUSDT,2023-04-30,404,False,,
BTCUSDT,2023-05-01,404,False,,
BTCUSDT,2023-05-02,404,False,,
BTCUSDT,2023-05-03,404,False,,
BTCUSDT,2023-05-04,404,False,,
BTCUSDT,2023-05-05,404,False,,
BTCUSDT,2023-05-06,404,False,,
BTCUSDT,2023-05-07,404,False,,
BTCUSDT,2023-05-08,404,False,,
BTCUSDT,2023-05-09,404,False,,
BTCUSDT,2023-05-10,404,False,,
BTCUSDT,2023-05-11,404,False,,
BTCUSDT,2023-05-12,404,False,,
BTCUSDT,2023-05-13,404,False,,
BTCUSDT,2023-05-14,404,False,,
BTCUSDT,2023-05-15,404,False,,
BTCUSDT,2023-05-16,404,False,,
BTCUSDT,2023-05-17,404,False,,
BTCUSDT,2023-05-18,200,True,1e2d2ad7f767a6d554c54fc0d78b873ac0006094e9dbcd31324c9b9083e86655,
BTCUSDT,2023-05-19,200,True,39ff3532a12a15fca896730d79a9533aff7e47eca7bae2b397d6283ed680184d,
BTCUSDT,2023-05-20,200,True,ba86efa81ca4c2fa16dd0c9e436467be5914ca9f934a4bb7291ce8ba990dfd8c,
BTCUSDT,2023-05-21,200,True,02346a47c813fc082c8a87223cab489145f31e353a779bd8dd03254a02bcd16f,
BTCUSDT,2023-05-22,200,True,c2ab004534dd8254ccd7909aeeffb47bab4652107e5eb914f0d12765315ff163,
BTCUSDT,2023-05-23,200,True,15167f00b8bc23b8ba85e96157bc2222fdae0d0ab46b4f4df7ee41594457af58,
BTCUSDT,2023-05-24,200,True,c851f0f8a054c7070721a48283060c9949aa2bfb000e1c7b53b6b3f3411db340,
BTCUSDT,2023-05-25,200,True,11645627101a2015e0637b73093960f2868b4a22b1a6e31ea7cdb235139698f9,
BTCUSDT,2023-05-26,200,True,fbf272437266583760480f8f88b67087f30083ed1152714c9ccd408cc46f35ab,
BTCUSDT,2023-05-27,200,True,2642d341d6024e271510dddb7a39f5fcf75149b4a18c956c0ef4b67fc1ede7ab,
BTCUSDT,2023-05-28,200,True,1912cefbb6bf454990697e4d151978cb9b8f6bd4ea0237aceb8b6794642622b4,
BTCUSDT,2023-05-29,200,True,33b1b9b83bafff19e050937de54df3ea5ad8c77b152c2e71e98c10c16de0120d,
BTCUSDT,2023-05-30,200,True,cd0329052d27b5964af7a55b830e9aa33ccb5c9a0ff40754e279615641a7f0f2,
BTCUSDT,2023-05-31,200,True,7fcdc635989906fd32b0f59fa3a66d0feaff74435ae7af0c5546e8c0b38ab8be,
BTCUSDT,2023-06-01,200,True,e942bb6f58dd9528582913ef3302e906181523b09e942087d6e2fcd2951c5c80,
BTCUSDT,2023-06-02,200,True,46362b9a88d969d539d5e0d304eeee621bff5ff0dea67250321d1c2f6bdc53ea,
BTCUSDT,2023-06-03,200,True,10a2a3b6c20a4c753d1947b48177d5a16420b70b6a6ee3c27aa46b30e633b386,
BTCUSDT,2023-06-04,200,True,ef5b807ba6ee0e70e91ef24cf33ea5f22016b6ed1be406a2724023bcf003638e,
BTCUSDT,2023-06-05,200,True,46c6baa398fafbd682a9a85365bde9a0917083c08862cec500d5120fb190d3e6,
BTCUSDT,2023-06-06,200,True,c531a3c694700e9f0fc45a496db8749dd2f74766c050ded0b2e8e7cae449629b,
BTCUSDT,2023-06-07,200,True,08bb40f29c0314c73344d113c3ddcb06d1eb2b98548d73ab2d8367e573cbe9c4,
BTCUSDT,2023-06-08,200,True,877c5ebd23bbcf59e98a0f8dcbbab34f16819f1dc0f61f1e2829f97f483ca59a,
BTCUSDT,2023-06-09,200,True,91c99e961a91f23ec9127fa193f04e8cf3117b74f527fc358d09bd8cd6ad2445,
BTCUSDT,2023-06-10,200,True,5852e47c0aceea8324b95fde1cc8915befe996b0b5d62714577b912488c2c2c1,
BTCUSDT,2023-06-11,200,True,0d9871ca750c21083e71997ad765a9b7c9199450e9adcfbe4d18c3b39d275e73,
BTCUSDT,2023-06-12,200,True,3f9d9b6c0463558f362fa0a5f45ccd87c404f8b9021d5a07ac3dcf3ac7aae58b,
BTCUSDT,2023-06-13,200,True,632afeafe94e1727d7d07cbbb5032833ba0e68ccac55e883e77f44c4302ff025,
BTCUSDT,2023-06-14,200,True,a7f0d10fc97e52d59bb869bf5b483c0fe3c7c69c742995e0b9be45cb09d59370,
BTCUSDT,2023-06-15,200,True,69b8791cbdb55d518f85dc5d8ee6bf08b1c05dc5b7f0220aa1a1d80bae47cb47,
BTCUSDT,2023-06-16,200,True,e86e68614a23752a0bd7966e4df57aaebad7ac1976afbbe4a9bd60e79bad70fd,
BTCUSDT,2023-06-17,200,True,517c952c5c5a3625150fc9dea05a5daf786b64f9fd74841fa9d5464c87cf0469,
BTCUSDT,2023-06-18,200,True,61e943630da57aa9316393c853130e50e84fb9aa64adb47735ab05d85802b8a4,
BTCUSDT,2023-06-19,200,True,0ce3a92c35c822fb07b146b1c657eaa87ff587a6ef5bbfce3833282188670217,
BTCUSDT,2023-06-20,200,True,631a8532fb835b6aec3f4763de118f7a121b9b95b36f9ad22d4aaee21acb3d83,
BTCUSDT,2023-06-21,200,True,21d7fabd507a166e50515a1b0565eccb99fbf857c6a7d9dff7ed731d7456c332,
BTCUSDT,2023-06-22,200,True,2d603ed4274a5c1e064b221ece8b1fa03042320dd31edea2db7d4fedd99d3066,
BTCUSDT,2023-06-23,200,True,b3e16f2561e271403828709a8a2deeb587e455ce19bfca371035cb91ec838b99,
BTCUSDT,2023-06-24,200,True,f42a09e646c70e563a7ab201e6361e3df3d77b459051ab9599b853c746988922,
BTCUSDT,2023-06-25,200,True,744397218d9503dc9aeac54eeaa32fa683d7d67e6e803f3ab44073c80d6ce45d,
BTCUSDT,2023-06-26,200,True,5cd0665cad7c89c488404ef01a656b8e66e89596d6b6fa427e9caddab70ae46b,
BTCUSDT,2023-06-27,200,True,1fb2999e0648378df8933da8523a2ee8a4227667ff84d76cf09fe4a6b29b8109,
BTCUSDT,2023-06-28,200,True,c1919a796d34e1bc543b3adcfe91af7d3c3b156282a76cb13573d521482f63fa,
BTCUSDT,2023-06-29,200,True,fae35a3db6c30eda7f56e15c91ac0af7e9bc6181fc189523742bc7321f362892,
BTCUSDT,2023-06-30,200,True,1d3a2fec48de24935b79b00088039d018b4c959f955d2b92418b8e94bd422640,
BTCUSDT,2023-07-01,200,True,cf2d8ef761f2fdde05bd38f1bf8d710ab9ce5785cb43cad1753d704c35e854a3,
BTCUSDT,2023-07-02,200,True,f1fbff064d385ac70cb5f450c22b74c25fbab98a05a732f31ddcbde65902ac34,
BTCUSDT,2023-07-03,200,True,81f7a7c5320e3c2d7202fa7716961276a96af4c113c459d0b732885232ff39e7,
BTCUSDT,2023-07-04,200,True,deee792cf89c22b9bac732e5267472965fa5ab201d470cf04014980549b6a6ec,
BTCUSDT,2023-07-05,200,True,c9dc882a07ccb9bcfde550d0f2b247558143912af3f9a3aeb413a2897aa71a06,
BTCUSDT,2023-07-06,200,True,2e49380442f2365f3043e2e1438e74d262f85bd9daafd9c60ea87d02360b12e9,
BTCUSDT,2023-07-07,200,True,e180d670650ae11e1dd68d9a04b9e5c6adf0eb23baa288e1bac179080775b7f0,
BTCUSDT,2023-07-08,200,True,c7c3cd2e8f6c141b222eb2b0a1786fd8cb6f9af42185a18bccbc28e794b4ab66,
BTCUSDT,2023-07-09,200,True,d45af1f5c7f6859832bc8891a1b1f9a8d7ae5261f3b2c34bcea20f2f9eaa7071,
BTCUSDT,2023-07-10,200,True,c56a6d49575fbb9bb1ad730514ec1f2640b87c72ec2844f33f3d0d4d584a529e,
BTCUSDT,2023-07-11,200,True,183dd1442b98bbb16f9fad3d964df269efaf69e6cf682b4a71c61b1f54651125,
BTCUSDT,2023-07-12,200,True,47f1cfa5f12689595a242dfb65beb7299eca3e710fed517a1bd6a83cd79fc99e,
BTCUSDT,2023-07-13,200,True,150f6bb89e084af2e0997bf1438dc4638a32dd0f63d67fa740a50756ceaf1f60,
BTCUSDT,2023-07-14,200,True,e11df85b1d5e3210f8f7e6905ca4d89b7220ecf43e402756185d731be3fe806b,
BTCUSDT,2023-07-15,200,True,9d62ee94cb10b73164411a9e68a9cfb21be437307309e2f340019682dfb38f7c,
BTCUSDT,2023-07-16,200,True,160a2d16e836a58cce53d0d355d3507ea52a615270a430f0b380cebcfd90fa02,
BTCUSDT,2023-07-17,200,True,c3a66f26566e31d14f4785a10f6c710a45d77cdf7f89e9146a25ff31e2f095ec,
BTCUSDT,2023-07-18,200,True,a217d855f2761808f24b0cd4dc76fcff1e351727e9614ad76ba61a2ec81051ff,
BTCUSDT,2023-07-19,200,True,1278840f2282cf94d747bfebeb60697eb15fccc261feb38fb0fbb379a84aa669,
BTCUSDT,2023-07-20,200,True,132eef3cf89ca42d1c06ff3c689bff5194f14696f4f5acd6fef41c6f3f6a7898,
BTCUSDT,2023-07-21,200,True,d467647c756d7cf1bf00b2777feb22c6b06b8223bb7b6e7398de3fcedb9eaf6f,
BTCUSDT,2023-07-22,200,True,580c2fcba3226f61be819e2c992d1b21ff855d2301b9e42e460933c71454ef78,
BTCUSDT,2023-07-23,200,True,ef584cedaa0677289306b46e9495c9a5c335f027b5b45c9fcbce6488237d7825,
BTCUSDT,2023-07-24,200,True,00d8067aed632963eab6e03a2b29266fe561942f6b5cd55a368095e15214761e,
BTCUSDT,2023-07-25,200,True,5abec8706bc125c74013d6886fe7b1a3ead83801d383c7a44e217dc6108abd63,
BTCUSDT,2023-07-26,200,True,13abed827c265241f06a3f90477223e7d65290757e7ed877f0f1190b6bd40a1b,
BTCUSDT,2023-07-27,200,True,350c28400dd3cfb58df34bec6d50770401a9171411219b7a0f25b8a00214f717,
BTCUSDT,2023-07-28,200,True,ddac1da1fc21b8d838336966598e1c4d457a8453814855bc69da9953bd3e7afa,
BTCUSDT,2023-07-29,200,True,e6dbf972f9af359328f4680b84f1f0f900018f78c66809182e0eaf0ca171addb,
BTCUSDT,2023-07-30,200,True,5f6ac207b13a1033d912b319d54b7eb4fde669705206ed6cb16a13b3ffb87515,
BTCUSDT,2023-07-31,200,True,adbf48820f3dc48302a3692aefa6410b18e1cc9c80ac1dac39d6c5c87519b46a,
BTCUSDT,2023-08-01,200,True,f261a94b6b0170048df8bdc5b3e00cf044d12f30c4e6757b1510c0b2c61c7693,
BTCUSDT,2023-08-02,200,True,4ef7dae592f3bffc4e4a7daa3ab8af42dc4dbdaafd04480e3cf6280be47addd8,
BTCUSDT,2023-08-03,200,True,d08ae74e43691251b0c2bcbc47d4539f8193dfbd408699b475d569c79b3aaf46,
BTCUSDT,2023-08-04,200,True,38826a083f8bfb5d8173ff70579663cee46f82ca703e398fa1498c9838559da3,
BTCUSDT,2023-08-05,200,True,3bf02ffb04205c1dd371640838bead6a78badf7f173f2d2cf126b2b2c373b129,
BTCUSDT,2023-08-06,200,True,74ccf3dc0c45d562cc4bfc46c27969bd6e39872f3f722a3aa9796835e09360f8,
BTCUSDT,2023-08-07,200,True,49e4d237a0784c9e0f6ed2979d36089203d378d741b90f6d739568b94dfbb26b,
BTCUSDT,2023-08-08,200,True,b78837b6c3738172585299fac1c864c9c59869989b6d1b7cccb71e69db2a9b22,
BTCUSDT,2023-08-09,200,True,c42ce53ebf5dbf8f285117ccf00eeb4ac43954b4ffa803c2b92ec521e707ee48,
BTCUSDT,2023-08-10,200,True,0ecace04722977d2ce49718c7893b0feee81c3d5d2657e7e7615688b0a4fc37c,
BTCUSDT,2023-08-11,200,True,21ed9c39a35f2cc0950242858bbc5540447d020cf251bd429a9d771377621a9d,
BTCUSDT,2023-08-12,200,True,dd9c80f847343d45c44f2b83bbac44be74453af6649f86424c41ec85c2c2820c,
BTCUSDT,2023-08-13,200,True,6835f499144cdc50cbb454859b53512670c1369031c4b1afe2ba52f55bdd34fd,
BTCUSDT,2023-08-14,200,True,00cc3545252b658bc2a3883c6662c97a5ece175fbfa8b5e78193ac23f4445047,
BTCUSDT,2023-08-15,200,True,ddad0b324b3ac945306e1cb3001bfc4c2c5fca24587a14e045d2bd382e0644c4,
BTCUSDT,2023-08-16,200,True,84ba144603c47416ec2ec50b4c01faef36db28f4ed5e6d1f83d1634f558ea010,
BTCUSDT,2023-08-17,200,True,d64c5facc60701f826219f9d448dfd550f8166b5cf70890678b490f28bc85253,
BTCUSDT,2023-08-18,200,True,0b443488c11da5d33ccaf4cb5ee967e24fa5367dd762c0d6106e3118261d4fc9,
BTCUSDT,2023-08-19,200,True,d79925296af469f754ee0e66273bf7431605542a328937a94f4488c669dda808,
BTCUSDT,2023-08-20,200,True,7e021002cf4504bcdbd1c60dee075469188e39b3294dcb57b86653a16eb72534,
BTCUSDT,2023-08-21,200,True,b5fb4dacf8b133c43cdcf03d2a13bad33608b1809443b1fe1d2795aec66883ec,
BTCUSDT,2023-08-22,200,True,543bd2e1a9bb38286fbbaee5e3d2bc8d5629b86718b1e3782070640dbf93b7e8,
BTCUSDT,2023-08-23,200,True,ddb74cb7751f1bc06c27e05c014a3bb8bda2dabced022ffc632d8887219bd432,
BTCUSDT,2023-08-24,200,True,6bb5410e71b0edfc3dc759c661ab86ef8bd3b3768e2f941170d748df2f1a6804,
BTCUSDT,2023-08-25,200,True,651103f3ca768cf69199e2930f12a2e9fe003901570c919834b9dc52ba4fe1f7,
BTCUSDT,2023-08-26,200,True,4a770e16fab93aacba03e2408fc54cbb6fa16c5d6b9bf0a194fad653471f18e1,
BTCUSDT,2023-08-27,200,True,a0de503d8afc4242bb86442ab02b4eb6cf7a8a7d0d62682346084a1f2d76bbd1,
BTCUSDT,2023-08-28,200,True,7f71997a45eebc6bf9167640e5016934db15f962d1e32bec7360c3c22a7a8c2e,
BTCUSDT,2023-08-29,200,True,5e76fa9dd3d041119a73808222f0df07d9b90689ccc9a288f96cef06fc2ff6a7,
BTCUSDT,2023-08-30,200,True,50dec50c775c9bb65021231c46bee3aba4f42428cb0c82e864fa68e260df458e,
BTCUSDT,2023-08-31,200,True,a76ca936b29bd064ee1724c2f270fd93d07a5f61d540757e9be1b88b8739e5c1,
BTCUSDT,2023-09-01,200,True,6b2667aa7f15fb4d3aba2af2131240dc88878ccea51c87e48a780f887aa14f3a,
BTCUSDT,2023-09-02,200,True,f195ab2bf6b5ec5599889dd57d95d6644d9c21eef2a2342b103036646d4e337b,
BTCUSDT,2023-09-03,200,True,13d99d8a9706bed1eed17865fd3fa8e77a05f3484667454f73d53a04008ad6e3,
BTCUSDT,2023-09-04,200,True,c87cd09fad94848617f93556fdf46b9f1e7faf49129d0940d2555a1f56a0c4ae,
BTCUSDT,2023-09-05,200,True,9f6d32b608084fbc9d1fcc458224cb9372b077b8a976e579c6a43ab74a4499e4,
BTCUSDT,2023-09-06,200,True,2dc4eb66e060193a9de60e349d2eeaa3e17b824147874808ce8e06a82e95dc4d,
BTCUSDT,2023-09-07,200,True,ddd445e766a0d2a5415bb04075cba3f2a5cb40b3646292bce6bb5c43a8e81f54,
BTCUSDT,2023-09-08,404,False,,
BTCUSDT,2023-09-09,404,False,,
BTCUSDT,2023-09-10,404,False,,
BTCUSDT,2023-09-11,404,False,,
BTCUSDT,2023-09-12,404,False,,
BTCUSDT,2023-09-13,404,False,,
BTCUSDT,2023-09-14,404,False,,
BTCUSDT,2023-09-15,404,False,,
BTCUSDT,2023-09-16,404,False,,
BTCUSDT,2023-09-17,404,False,,
BTCUSDT,2023-09-18,404,False,,
BTCUSDT,2023-09-19,200,True,bffe0eee798ba191c311241299c28152c30a5ddf19363e262d14a603d3bcf57d,
BTCUSDT,2023-09-20,200,True,bf618304e2384cc552e21b02f86cf0579edce053db1bf6bc3458a2abc26c98a3,
BTCUSDT,2023-09-21,200,True,f7e7ad190d75762a17842aee3fb907372f9152d77c4cc3f06107c482c6315b40,
BTCUSDT,2023-09-22,200,True,1f1b618f2067edd2d68a67805d269e30b97231184e812c2568eb902ffd38122f,
BTCUSDT,2023-09-23,200,True,9422437d1134310bd387769230e5a2f1787d0eca11ebd7795729de2519fa2adc,
BTCUSDT,2023-09-24,200,True,4932b74a18bb2aabf328e8cbed4feca7871a93f2104f43c52676acc43282f085,
BTCUSDT,2023-09-25,404,False,,
BTCUSDT,2023-09-26,200,True,a23bafc4b6212577d838845050ba8026629ed1b55ba90ee7b4c6c9dbd1baba9a,
BTCUSDT,2023-09-27,200,True,a462c36e30a63c0a3528cfb642cab5314b982877bfaf585019cbf96002a43048,
BTCUSDT,2023-09-28,200,True,32a9095d13995175cf5d4a1db86aecda40810a6d38334d7d61a1c7b142370971,
BTCUSDT,2023-09-29,200,True,7eb3819c8f182958cf8d3ddc5edd440951b18904df0ab4187ec0ef1bebc6c0a1,
BTCUSDT,2023-09-30,200,True,d622a52cfa2c0febc4930562f5036f9c04680f210c238f9762fa74e4caaa5706,
BTCUSDT,2023-10-01,200,True,4694bf454d99e0891cfdd354336ae42380206f31bfdb651b26d3b4b0cbb46bbe,
BTCUSDT,2023-10-02,200,True,18dc487e435c17c8b3106806c40954ff1c19e696adf42feeec0e128aa1dfebb5,
BTCUSDT,2023-10-03,200,True,d97a7cec99bfc3e3be27766beab2ab7ec7ef414bb34f2b1381e2dfcde791034c,
BTCUSDT,2023-10-04,200,True,5fadd853e41966ab8842189e75d23ec9f0382bfdb8c708153f09297ec4c15f70,
BTCUSDT,2023-10-05,200,True,8f32b790287c701a3e41b023f695f4c1568cc7310c967b5dc1bef47f69dfb0c9,
BTCUSDT,2023-10-06,200,True,262b8ae315260ad370a9aef102021849732f715a481cd14ce9b5bec585eb23a3,
BTCUSDT,2023-10-07,200,True,2027821613931cc0c1677d61e505f0701b4bc39c6836b083ea3d11d6162d291d,
BTCUSDT,2023-10-08,200,True,b05b197b0a0cb349601fa9fc167cd3e03fe89a01b632009d1c21dce1cde36d75,
BTCUSDT,2023-10-09,200,True,ae678224058f6496172aa931e09005ae6c857ce2c6d983bd9aae39c80f19b3ea,
BTCUSDT,2023-10-10,200,True,80d485e7192b2974a816db55586f0fe3ae1cf9466f379f141eb2d79fbdcc914f,
BTCUSDT,2023-10-11,200,True,645002535e56cace4ac9c28ecf03718109e83030011882bf8870e72ff1999e4e,
BTCUSDT,2023-10-12,200,True,5a0ef4167e8fb68f6c9b227970a5502db237c619f646150500a8ed2809ec4a7c,
BTCUSDT,2023-10-13,200,True,41d8b4c333c2fda74f32686182e033ff8ddf8fddfbbe90b40375d89ff42fa3b8,
BTCUSDT,2023-10-14,200,True,f4e820a55a2d0dfa7bef6241edc0a73026cec80370f162670ef8978101a64cd3,
BTCUSDT,2023-10-15,200,True,d3560fc2e818681e577456970e1dab4225f0d82b16472bcab0cced2deb97a68e,
BTCUSDT,2023-10-16,200,True,46fb01ae0f8696177d357d9f72a1aa43c3a6902e9c2813bb5eb6c74c4488e758,
BTCUSDT,2023-10-17,200,True,1f7e160a02aa98f7cc5e2dab5e276307b362e40b76435bc73e142709f94e56f0,
BTCUSDT,2023-10-18,200,True,74803be61e1caf7f37690204b7a275882ba7e50afb5afbdba3a344a1b0499054,
BTCUSDT,2023-10-19,200,True,121771422e15fd6e8e7cfe29f59a7267135805c561954b5f1b49c72151e1f4ac,
BTCUSDT,2023-10-20,200,True,e665f1811bdc28f35f1dd23b71a22d3d85a67ec9908047e6c1c51dd730018419,
BTCUSDT,2023-10-21,200,True,2ef8723f3ca68663fed1d10ce3d7576f7b7d8b6126c444fa24c8bbefb1b28a97,
BTCUSDT,2023-10-22,200,True,e625ba340f8467f518ffddc5cfde217028186ee52bcc1b95f2711030665556d3,
BTCUSDT,2023-10-23,200,True,6698f267c180be81c778ee3acc98686171b96874c88871503ac67ef67fb8b022,
BTCUSDT,2023-10-24,404,False,,
BTCUSDT,2023-10-25,404,False,,
BTCUSDT,2023-10-26,404,False,,
BTCUSDT,2023-10-27,404,False,,
BTCUSDT,2023-10-28,404,False,,
BTCUSDT,2023-10-29,404,False,,
BTCUSDT,2023-10-30,404,False,,
BTCUSDT,2023-10-31,404,False,,
BTCUSDT,2023-11-01,404,False,,
BTCUSDT,2023-11-02,404,False,,
BTCUSDT,2023-11-03,404,False,,
BTCUSDT,2023-11-04,404,False,,
BTCUSDT,2023-11-05,404,False,,
BTCUSDT,2023-11-06,404,False,,
BTCUSDT,2023-11-07,404,False,,
BTCUSDT,2023-11-08,404,False,,
BTCUSDT,2023-11-09,404,False,,
BTCUSDT,2023-11-10,404,False,,
BTCUSDT,2023-11-11,404,False,,
BTCUSDT,2023-11-12,404,False,,
BTCUSDT,2023-11-13,404,False,,
BTCUSDT,2023-11-14,404,False,,
BTCUSDT,2023-11-15,404,False,,
BTCUSDT,2023-11-16,404,False,,
BTCUSDT,2023-11-17,404,False,,
BTCUSDT,2023-11-18,404,False,,
BTCUSDT,2023-11-19,404,False,,
BTCUSDT,2023-11-20,404,False,,
BTCUSDT,2023-11-21,404,False,,
BTCUSDT,2023-11-22,404,False,,
BTCUSDT,2023-11-23,404,False,,
BTCUSDT,2023-11-24,404,False,,
BTCUSDT,2023-11-25,404,False,,
BTCUSDT,2023-11-26,404,False,,
BTCUSDT,2023-11-27,404,False,,
BTCUSDT,2023-11-28,404,False,,
BTCUSDT,2023-11-29,404,False,,
BTCUSDT,2023-11-30,404,False,,
BTCUSDT,2023-12-01,404,False,,
BTCUSDT,2023-12-02,404,False,,
BTCUSDT,2023-12-03,404,False,,
BTCUSDT,2023-12-04,404,False,,
BTCUSDT,2023-12-05,404,False,,
BTCUSDT,2023-12-06,404,False,,
BTCUSDT,2023-12-07,404,False,,
BTCUSDT,2023-12-08,404,False,,
BTCUSDT,2023-12-09,404,False,,
BTCUSDT,2023-12-10,404,False,,
BTCUSDT,2023-12-11,404,False,,
BTCUSDT,2023-12-12,404,False,,
BTCUSDT,2023-12-13,404,False,,
BTCUSDT,2023-12-14,404,False,,
BTCUSDT,2023-12-15,404,False,,
BTCUSDT,2023-12-16,404,False,,
BTCUSDT,2023-12-17,404,False,,
BTCUSDT,2023-12-18,404,False,,
BTCUSDT,2023-12-19,404,False,,
BTCUSDT,2023-12-20,404,False,,
BTCUSDT,2023-12-21,404,False,,
BTCUSDT,2023-12-22,404,False,,
BTCUSDT,2023-12-23,404,False,,
BTCUSDT,2023-12-24,404,False,,
BTCUSDT,2023-12-25,404,False,,
BTCUSDT,2023-12-26,404,False,,
BTCUSDT,2023-12-27,404,False,,
BTCUSDT,2023-12-28,404,False,,
BTCUSDT,2023-12-29,404,False,,
BTCUSDT,2023-12-30,404,False,,
BTCUSDT,2023-12-31,404,False,,
BTCUSDT,2024-01-01,404,False,,
BTCUSDT,2024-01-02,404,False,,
BTCUSDT,2024-01-03,404,False,,
BTCUSDT,2024-01-04,404,False,,
BTCUSDT,2024-01-05,404,False,,
BTCUSDT,2024-01-06,404,False,,
BTCUSDT,2024-01-07,404,False,,
BTCUSDT,2024-01-08,404,False,,
BTCUSDT,2024-01-09,404,False,,
BTCUSDT,2024-01-10,404,False,,
BTCUSDT,2024-01-11,404,False,,
BTCUSDT,2024-01-12,404,False,,
BTCUSDT,2024-01-13,404,False,,
BTCUSDT,2024-01-14,404,False,,
BTCUSDT,2024-01-15,404,False,,
BTCUSDT,2024-01-16,404,False,,
BTCUSDT,2024-01-17,404,False,,
BTCUSDT,2024-01-18,404,False,,
BTCUSDT,2024-01-19,404,False,,
BTCUSDT,2024-01-20,404,False,,
BTCUSDT,2024-01-21,404,False,,
BTCUSDT,2024-01-22,404,False,,
BTCUSDT,2024-01-23,404,False,,
BTCUSDT,2024-01-24,404,False,,
BTCUSDT,2024-01-25,404,False,,
BTCUSDT,2024-01-26,404,False,,
BTCUSDT,2024-01-27,404,False,,
BTCUSDT,2024-01-28,404,False,,
BTCUSDT,2024-01-29,404,False,,
BTCUSDT,2024-01-30,404,False,,
BTCUSDT,2024-01-31,404,False,,
BTCUSDT,2024-02-01,404,False,,
BTCUSDT,2024-02-02,404,False,,
BTCUSDT,2024-02-03,404,False,,
BTCUSDT,2024-02-04,404,False,,
BTCUSDT,2024-02-05,404,False,,
BTCUSDT,2024-02-06,404,False,,
BTCUSDT,2024-02-07,404,False,,
BTCUSDT,2024-02-08,404,False,,
BTCUSDT,2024-02-09,404,False,,
BTCUSDT,2024-02-10,404,False,,
BTCUSDT,2024-02-11,404,False,,
BTCUSDT,2024-02-12,404,False,,
BTCUSDT,2024-02-13,404,False,,
BTCUSDT,2024-02-14,404,False,,
BTCUSDT,2024-02-15,404,False,,
BTCUSDT,2024-02-16,404,False,,
BTCUSDT,2024-02-17,404,False,,
BTCUSDT,2024-02-18,404,False,,
BTCUSDT,2024-02-19,404,False,,
BTCUSDT,2024-02-20,404,False,,
BTCUSDT,2024-02-21,404,False,,
BTCUSDT,2024-02-22,404,False,,
BTCUSDT,2024-02-23,404,False,,
BTCUSDT,2024-02-24,404,False,,
BTCUSDT,2024-02-25,404,False,,
BTCUSDT,2024-02-26,404,False,,
BTCUSDT,2024-02-27,404,False,,
BTCUSDT,2024-02-28,404,False,,
BTCUSDT,2024-02-29,404,False,,
BTCUSDT,2024-03-01,404,False,,
BTCUSDT,2024-03-02,404,False,,
BTCUSDT,2024-03-03,404,False,,
BTCUSDT,2024-03-04,404,False,,
BTCUSDT,2024-03-05,404,False,,
BTCUSDT,2024-03-06,404,False,,
BTCUSDT,2024-03-07,404,False,,
BTCUSDT,2024-03-08,404,False,,
BTCUSDT,2024-03-09,404,False,,
BTCUSDT,2024-03-10,404,False,,
BTCUSDT,2024-03-11,404,False,,
BTCUSDT,2024-03-12,404,False,,
BTCUSDT,2024-03-13,404,False,,
BTCUSDT,2024-03-14,404,False,,
BTCUSDT,2024-03-15,404,False,,
BTCUSDT,2024-03-16,404,False,,
BTCUSDT,2024-03-17,404,False,,
BTCUSDT,2024-03-18,404,False,,
BTCUSDT,2024-03-19,404,False,,
BTCUSDT,2024-03-20,404,False,,
BTCUSDT,2024-03-21,404,False,,
BTCUSDT,2024-03-22,404,False,,
BTCUSDT,2024-03-23,404,False,,
BTCUSDT,2024-03-24,404,False,,
BTCUSDT,2024-03-25,404,False,,
BTCUSDT,2024-03-26,404,False,,
BTCUSDT,2024-03-27,404,False,,
BTCUSDT,2024-03-28,404,False,,
BTCUSDT,2024-03-29,404,False,,
BTCUSDT,2024-03-30,404,False,,
BTCUSDT,2024-03-31,404,False,,
BTCUSDT,2024-04-01,404,False,,
BTCUSDT,2024-04-02,404,False,,
BTCUSDT,2024-04-03,404,False,,
BTCUSDT,2024-04-04,404,False,,
BTCUSDT,2024-04-05,404,False,,
BTCUSDT,2024-04-06,404,False,,
BTCUSDT,2024-04-07,404,False,,
BTCUSDT,2024-04-08,404,False,,
BTCUSDT,2024-04-09,404,False,,
BTCUSDT,2024-04-10,404,False,,
BTCUSDT,2024-04-11,404,False,,
BTCUSDT,2024-04-12,404,False,,
BTCUSDT,2024-04-13,404,False,,
BTCUSDT,2024-04-14,404,False,,
BTCUSDT,2024-04-15,404,False,,
BTCUSDT,2024-04-16,404,False,,
BTCUSDT,2024-04-17,404,False,,
BTCUSDT,2024-04-18,404,False,,
BTCUSDT,2024-04-19,404,False,,
BTCUSDT,2024-04-20,404,False,,
BTCUSDT,2024-04-21,404,False,,
BTCUSDT,2024-04-22,404,False,,
BTCUSDT,2024-04-23,404,False,,
BTCUSDT,2024-04-24,404,False,,
BTCUSDT,2024-04-25,404,False,,
BTCUSDT,2024-04-26,404,False,,
BTCUSDT,2024-04-27,404,False,,
BTCUSDT,2024-04-28,404,False,,
BTCUSDT,2024-04-29,404,False,,
BTCUSDT,2024-04-30,404,False,,
BTCUSDT,2024-05-01,404,False,,
BTCUSDT,2024-05-02,404,False,,
BTCUSDT,2024-05-03,404,False,,
BTCUSDT,2024-05-04,404,False,,
BTCUSDT,2024-05-05,404,False,,
BTCUSDT,2024-05-06,404,False,,
BTCUSDT,2024-05-07,404,False,,
BTCUSDT,2024-05-08,404,False,,
BTCUSDT,2024-05-09,404,False,,
BTCUSDT,2024-05-10,404,False,,
BTCUSDT,2024-05-11,404,False,,
BTCUSDT,2024-05-12,404,False,,
BTCUSDT,2024-05-13,404,False,,
BTCUSDT,2024-05-14,404,False,,
BTCUSDT,2024-05-15,404,False,,
BTCUSDT,2024-05-16,404,False,,
BTCUSDT,2024-05-17,404,False,,
BTCUSDT,2024-05-18,404,False,,
BTCUSDT,2024-05-19,404,False,,
BTCUSDT,2024-05-20,404,False,,
BTCUSDT,2024-05-21,404,False,,
BTCUSDT,2024-05-22,404,False,,
BTCUSDT,2024-05-23,404,False,,
BTCUSDT,2024-05-24,404,False,,
BTCUSDT,2024-05-25,404,False,,
BTCUSDT,2024-05-26,404,False,,
BTCUSDT,2024-05-27,404,False,,
BTCUSDT,2024-05-28,404,False,,
BTCUSDT,2024-05-29,404,False,,
BTCUSDT,2024-05-30,404,False,,
BTCUSDT,2024-05-31,404,False,,
BTCUSDT,2024-06-01,404,False,,
BTCUSDT,2024-06-02,404,False,,
BTCUSDT,2024-06-03,404,False,,
BTCUSDT,2024-06-04,404,False,,
BTCUSDT,2024-06-05,404,False,,
BTCUSDT,2024-06-06,404,False,,
BTCUSDT,2024-06-07,404,False,,
BTCUSDT,2024-06-08,404,False,,
BTCUSDT,2024-06-09,404,False,,
BTCUSDT,2024-06-10,404,False,,
BTCUSDT,2024-06-11,404,False,,
BTCUSDT,2024-06-12,404,False,,
BTCUSDT,2024-06-13,404,False,,
BTCUSDT,2024-06-14,404,False,,
BTCUSDT,2024-06-15,404,False,,
BTCUSDT,2024-06-16,404,False,,
BTCUSDT,2024-06-17,404,False,,
BTCUSDT,2024-06-18,404,False,,
BTCUSDT,2024-06-19,404,False,,
BTCUSDT,2024-06-20,404,False,,
BTCUSDT,2024-06-21,404,False,,
BTCUSDT,2024-06-22,404,False,,
BTCUSDT,2024-06-23,404,False,,
BTCUSDT,2024-06-24,404,False,,
BTCUSDT,2024-06-25,404,False,,
BTCUSDT,2024-06-26,404,False,,
BTCUSDT,2024-06-27,404,False,,
BTCUSDT,2024-06-28,404,False,,
BTCUSDT,2024-06-29,404,False,,
BTCUSDT,2024-06-30,404,False,,
BTCUSDT,2024-07-01,404,False,,
BTCUSDT,2024-07-02,404,False,,
BTCUSDT,2024-07-03,404,False,,
BTCUSDT,2024-07-04,404,False,,
BTCUSDT,2024-07-05,404,False,,
BTCUSDT,2024-07-06,404,False,,
BTCUSDT,2024-07-07,404,False,,
BTCUSDT,2024-07-08,404,False,,
BTCUSDT,2024-07-09,404,False,,
BTCUSDT,2024-07-10,404,False,,
BTCUSDT,2024-07-11,404,False,,
BTCUSDT,2024-07-12,404,False,,
BTCUSDT,2024-07-13,404,False,,
BTCUSDT,2024-07-14,404,False,,
BTCUSDT,2024-07-15,404,False,,
BTCUSDT,2024-07-16,404,False,,
BTCUSDT,2024-07-17,404,False,,
BTCUSDT,2024-07-18,404,False,,
BTCUSDT,2024-07-19,404,False,,
BTCUSDT,2024-07-20,404,False,,
BTCUSDT,2024-07-21,404,False,,
BTCUSDT,2024-07-22,404,False,,
BTCUSDT,2024-07-23,404,False,,
BTCUSDT,2024-07-24,404,False,,
BTCUSDT,2024-07-25,404,False,,
BTCUSDT,2024-07-26,404,False,,
BTCUSDT,2024-07-27,404,False,,
BTCUSDT,2024-07-28,404,False,,
BTCUSDT,2024-07-29,404,False,,
BTCUSDT,2024-07-30,404,False,,
BTCUSDT,2024-07-31,404,False,,
BTCUSDT,2024-08-01,404,False,,
BTCUSDT,2024-08-02,404,False,,
BTCUSDT,2024-08-03,404,False,,
BTCUSDT,2024-08-04,404,False,,
BTCUSDT,2024-08-05,404,False,,
BTCUSDT,2024-08-06,404,False,,
BTCUSDT,2024-08-07,404,False,,
BTCUSDT,2024-08-08,404,False,,
BTCUSDT,2024-08-09,404,False,,
BTCUSDT,2024-08-10,404,False,,
BTCUSDT,2024-08-11,404,False,,
BTCUSDT,2024-08-12,404,False,,
BTCUSDT,2024-08-13,404,False,,
BTCUSDT,2024-08-14,404,False,,
BTCUSDT,2024-08-15,404,False,,
BTCUSDT,2024-08-16,404,False,,
BTCUSDT,2024-08-17,404,False,,
BTCUSDT,2024-08-18,404,False,,
BTCUSDT,2024-08-19,404,False,,
BTCUSDT,2024-08-20,404,False,,
BTCUSDT,2024-08-21,404,False,,
BTCUSDT,2024-08-22,404,False,,
BTCUSDT,2024-08-23,404,False,,
BTCUSDT,2024-08-24,404,False,,
BTCUSDT,2024-08-25,404,False,,
BTCUSDT,2024-08-26,404,False,,
BTCUSDT,2024-08-27,404,False,,
BTCUSDT,2024-08-28,404,False,,
BTCUSDT,2024-08-29,404,False,,
BTCUSDT,2024-08-30,404,False,,
BTCUSDT,2024-08-31,404,False,,
BTCUSDT,2024-09-01,404,False,,
BTCUSDT,2024-09-02,404,False,,
BTCUSDT,2024-09-03,404,False,,
BTCUSDT,2024-09-04,404,False,,
BTCUSDT,2024-09-05,404,False,,
BTCUSDT,2024-09-06,404,False,,
BTCUSDT,2024-09-07,404,False,,
BTCUSDT,2024-09-08,404,False,,
BTCUSDT,2024-09-09,404,False,,
BTCUSDT,2024-09-10,404,False,,
BTCUSDT,2024-09-11,404,False,,
BTCUSDT,2024-09-12,404,False,,
BTCUSDT,2024-09-13,404,False,,
BTCUSDT,2024-09-14,404,False,,
BTCUSDT,2024-09-15,404,False,,
BTCUSDT,2024-09-16,404,False,,
BTCUSDT,2024-09-17,404,False,,
BTCUSDT,2024-09-18,404,False,,
BTCUSDT,2024-09-19,404,False,,
BTCUSDT,2024-09-20,404,False,,
BTCUSDT,2024-09-21,404,False,,
BTCUSDT,2024-09-22,404,False,,
BTCUSDT,2024-09-23,404,False,,
BTCUSDT,2024-09-24,404,False,,
BTCUSDT,2024-09-25,404,False,,
BTCUSDT,2024-09-26,404,False,,
BTCUSDT,2024-09-27,404,False,,
BTCUSDT,2024-09-28,404,False,,
BTCUSDT,2024-09-29,404,False,,
BTCUSDT,2024-09-30,404,False,,
BTCUSDT,2024-10-01,404,False,,
BTCUSDT,2024-10-02,404,False,,
BTCUSDT,2024-10-03,404,False,,
BTCUSDT,2024-10-04,404,False,,
BTCUSDT,2024-10-05,404,False,,
BTCUSDT,2024-10-06,404,False,,
BTCUSDT,2024-10-07,404,False,,
BTCUSDT,2024-10-08,404,False,,
BTCUSDT,2024-10-09,404,False,,
BTCUSDT,2024-10-10,404,False,,
BTCUSDT,2024-10-11,404,False,,
BTCUSDT,2024-10-12,404,False,,
BTCUSDT,2024-10-13,404,False,,
BTCUSDT,2024-10-14,404,False,,
BTCUSDT,2024-10-15,404,False,,
BTCUSDT,2024-10-16,404,False,,
BTCUSDT,2024-10-17,404,False,,
BTCUSDT,2024-10-18,404,False,,
BTCUSDT,2024-10-19,404,False,,
BTCUSDT,2024-10-20,404,False,,
BTCUSDT,2024-10-21,404,False,,
BTCUSDT,2024-10-22,404,False,,
BTCUSDT,2024-10-23,404,False,,
BTCUSDT,2024-10-24,404,False,,
BTCUSDT,2024-10-25,404,False,,
BTCUSDT,2024-10-26,404,False,,
BTCUSDT,2024-10-27,404,False,,
BTCUSDT,2024-10-28,404,False,,
BTCUSDT,2024-10-29,404,False,,
BTCUSDT,2024-10-30,404,False,,
BTCUSDT,2024-10-31,404,False,,
BTCUSDT,2024-11-01,404,False,,
BTCUSDT,2024-11-02,404,False,,
BTCUSDT,2024-11-03,404,False,,
BTCUSDT,2024-11-04,404,False,,
BTCUSDT,2024-11-05,404,False,,
BTCUSDT,2024-11-06,404,False,,
BTCUSDT,2024-11-07,404,False,,
BTCUSDT,2024-11-08,404,False,,
BTCUSDT,2024-11-09,404,False,,
BTCUSDT,2024-11-10,404,False,,
BTCUSDT,2024-11-11,404,False,,
BTCUSDT,2024-11-12,404,False,,
BTCUSDT,2024-11-13,404,False,,
BTCUSDT,2024-11-14,404,False,,
BTCUSDT,2024-11-15,404,False,,
BTCUSDT,2024-11-16,404,False,,
BTCUSDT,2024-11-17,404,False,,
BTCUSDT,2024-11-18,404,False,,
BTCUSDT,2024-11-19,404,False,,
BTCUSDT,2024-11-20,404,False,,
BTCUSDT,2024-11-21,404,False,,
BTCUSDT,2024-11-22,404,False,,
BTCUSDT,2024-11-23,404,False,,
BTCUSDT,2024-11-24,404,False,,
BTCUSDT,2024-11-25,404,False,,
BTCUSDT,2024-11-26,404,False,,
BTCUSDT,2024-11-27,404,False,,
BTCUSDT,2024-11-28,404,False,,
BTCUSDT,2024-11-29,404,False,,
BTCUSDT,2024-11-30,404,False,,
BTCUSDT,2024-12-01,404,False,,
BTCUSDT,2024-12-02,404,False,,
BTCUSDT,2024-12-03,404,False,,
BTCUSDT,2024-12-04,404,False,,
BTCUSDT,2024-12-05,404,False,,
BTCUSDT,2024-12-06,404,False,,
BTCUSDT,2024-12-07,404,False,,
BTCUSDT,2024-12-08,404,False,,
BTCUSDT,2024-12-09,404,False,,
BTCUSDT,2024-12-10,404,False,,
BTCUSDT,2024-12-11,404,False,,
BTCUSDT,2024-12-12,404,False,,
BTCUSDT,2024-12-13,404,False,,
BTCUSDT,2024-12-14,404,False,,
BTCUSDT,2024-12-15,404,False,,
BTCUSDT,2024-12-16,404,False,,
BTCUSDT,2024-12-17,404,False,,
BTCUSDT,2024-12-18,404,False,,
BTCUSDT,2024-12-19,404,False,,
BTCUSDT,2024-12-20,404,False,,
BTCUSDT,2024-12-21,404,False,,
BTCUSDT,2024-12-22,404,False,,
BTCUSDT,2024-12-23,404,False,,
BTCUSDT,2024-12-24,404,False,,
BTCUSDT,2024-12-25,404,False,,
BTCUSDT,2024-12-26,404,False,,
BTCUSDT,2024-12-27,404,False,,
BTCUSDT,2024-12-28,404,False,,
BTCUSDT,2024-12-29,404,False,,
BTCUSDT,2024-12-30,404,False,,
BTCUSDT,2024-12-31,404,False,,
BTCUSDT,2025-01-01,404,False,,
BTCUSDT,2025-01-02,404,False,,
BTCUSDT,2025-01-03,404,False,,
BTCUSDT,2025-01-04,404,False,,
BTCUSDT,2025-01-05,404,False,,
BTCUSDT,2025-01-06,404,False,,
BTCUSDT,2025-01-07,404,False,,
BTCUSDT,2025-01-08,404,False,,
BTCUSDT,2025-01-09,404,False,,
BTCUSDT,2025-01-10,404,False,,
BTCUSDT,2025-01-11,404,False,,
BTCUSDT,2025-01-12,404,False,,
BTCUSDT,2025-01-13,404,False,,
BTCUSDT,2025-01-14,404,False,,
BTCUSDT,2025-01-15,404,False,,
BTCUSDT,2025-01-16,404,False,,
BTCUSDT,2025-01-17,404,False,,
BTCUSDT,2025-01-18,404,False,,
BTCUSDT,2025-01-19,404,False,,
BTCUSDT,2025-01-20,404,False,,
BTCUSDT,2025-01-21,404,False,,
BTCUSDT,2025-01-22,404,False,,
BTCUSDT,2025-01-23,404,False,,
BTCUSDT,2025-01-24,404,False,,
BTCUSDT,2025-01-25,404,False,,
BTCUSDT,2025-01-26,404,False,,
BTCUSDT,2025-01-27,404,False,,
BTCUSDT,2025-01-28,404,False,,
BTCUSDT,2025-01-29,404,False,,
BTCUSDT,2025-01-30,404,False,,
BTCUSDT,2025-01-31,404,False,,
BTCUSDT,2025-02-01,404,False,,
BTCUSDT,2025-02-02,404,False,,
BTCUSDT,2025-02-03,404,False,,
BTCUSDT,2025-02-04,404,False,,
BTCUSDT,2025-02-05,404,False,,
BTCUSDT,2025-02-06,404,False,,
BTCUSDT,2025-02-07,404,False,,
BTCUSDT,2025-02-08,404,False,,
BTCUSDT,2025-02-09,404,False,,
BTCUSDT,2025-02-10,404,False,,
BTCUSDT,2025-02-11,404,False,,
BTCUSDT,2025-02-12,404,False,,
BTCUSDT,2025-02-13,404,False,,
BTCUSDT,2025-02-14,404,False,,
BTCUSDT,2025-02-15,404,False,,
BTCUSDT,2025-02-16,404,False,,
BTCUSDT,2025-02-17,404,False,,
BTCUSDT,2025-02-18,404,False,,
BTCUSDT,2025-02-19,404,False,,
BTCUSDT,2025-02-20,404,False,,
BTCUSDT,2025-02-21,404,False,,
BTCUSDT,2025-02-22,404,False,,
BTCUSDT,2025-02-23,404,False,,
BTCUSDT,2025-02-24,404,False,,
BTCUSDT,2025-02-25,404,False,,
BTCUSDT,2025-02-26,404,False,,
BTCUSDT,2025-02-27,404,False,,
BTCUSDT,2025-02-28,404,False,,
BTCUSDT,2025-03-01,404,False,,
BTCUSDT,2025-03-02,404,False,,
BTCUSDT,2025-03-03,404,False,,
BTCUSDT,2025-03-04,404,False,,
BTCUSDT,2025-03-05,404,False,,
BTCUSDT,2025-03-06,404,False,,
BTCUSDT,2025-03-07,404,False,,
BTCUSDT,2025-03-08,404,False,,
BTCUSDT,2025-03-09,404,False,,
BTCUSDT,2025-03-10,404,False,,
BTCUSDT,2025-03-11,404,False,,
BTCUSDT,2025-03-12,404,False,,
BTCUSDT,2025-03-13,404,False,,
BTCUSDT,2025-03-14,404,False,,
BTCUSDT,2025-03-15,404,False,,
BTCUSDT,2025-03-16,404,False,,
BTCUSDT,2025-03-17,404,False,,
BTCUSDT,2025-03-18,404,False,,
BTCUSDT,2025-03-19,404,False,,
BTCUSDT,2025-03-20,404,False,,
BTCUSDT,2025-03-21,404,False,,
BTCUSDT,2025-03-22,404,False,,
BTCUSDT,2025-03-23,404,False,,
BTCUSDT,2025-03-24,404,False,,
BTCUSDT,2025-03-25,404,False,,
BTCUSDT,2025-03-26,404,False,,
BTCUSDT,2025-03-27,404,False,,
BTCUSDT,2025-03-28,404,False,,
BTCUSDT,2025-03-29,404,False,,
BTCUSDT,2025-03-30,404,False,,
BTCUSDT,2025-03-31,404,False,,
BTCUSDT,2025-04-01,404,False,,
BTCUSDT,2025-04-02,404,False,,
BTCUSDT,2025-04-03,404,False,,
BTCUSDT,2025-04-04,404,False,,
BTCUSDT,2025-04-05,404,False,,
BTCUSDT,2025-04-06,404,False,,
BTCUSDT,2025-04-07,404,False,,
BTCUSDT,2025-04-08,404,False,,
BTCUSDT,2025-04-09,404,False,,
BTCUSDT,2025-04-10,404,False,,
BTCUSDT,2025-04-11,404,False,,
BTCUSDT,2025-04-12,404,False,,
BTCUSDT,2025-04-13,404,False,,
BTCUSDT,2025-04-14,404,False,,
BTCUSDT,2025-04-15,404,False,,
BTCUSDT,2025-04-16,404,False,,
BTCUSDT,2025-04-17,404,False,,
BTCUSDT,2025-04-18,404,False,,
BTCUSDT,2025-04-19,404,False,,
BTCUSDT,2025-04-20,404,False,,
BTCUSDT,2025-04-21,404,False,,
BTCUSDT,2025-04-22,404,False,,
BTCUSDT,2025-04-23,404,False,,
BTCUSDT,2025-04-24,404,False,,
BTCUSDT,2025-04-25,404,False,,
BTCUSDT,2025-04-26,404,False,,
BTCUSDT,2025-04-27,404,False,,
BTCUSDT,2025-04-28,404,False,,
BTCUSDT,2025-04-29,404,False,,
BTCUSDT,2025-04-30,404,False,,
BTCUSDT,2025-05-01,404,False,,
BTCUSDT,2025-05-02,404,False,,
BTCUSDT,2025-05-03,404,False,,
BTCUSDT,2025-05-04,404,False,,
BTCUSDT,2025-05-05,404,False,,
BTCUSDT,2025-05-06,404,False,,
BTCUSDT,2025-05-07,404,False,,
BTCUSDT,2025-05-08,404,False,,
BTCUSDT,2025-05-09,404,False,,
BTCUSDT,2025-05-10,404,False,,
BTCUSDT,2025-05-11,404,False,,
BTCUSDT,2025-05-12,404,False,,
BTCUSDT,2025-05-13,404,False,,
BTCUSDT,2025-05-14,404,False,,
BTCUSDT,2025-05-15,404,False,,
BTCUSDT,2025-05-16,404,False,,
BTCUSDT,2025-05-17,404,False,,
BTCUSDT,2025-05-18,404,False,,
BTCUSDT,2025-05-19,404,False,,
BTCUSDT,2025-05-20,404,False,,
BTCUSDT,2025-05-21,404,False,,
BTCUSDT,2025-05-22,404,False,,
BTCUSDT,2025-05-23,404,False,,
BTCUSDT,2025-05-24,404,False,,
BTCUSDT,2025-05-25,404,False,,
BTCUSDT,2025-05-26,404,False,,
BTCUSDT,2025-05-27,404,False,,
BTCUSDT,2025-05-28,404,False,,
BTCUSDT,2025-05-29,404,False,,
BTCUSDT,2025-05-30,404,False,,
BTCUSDT,2025-05-31,404,False,,
BTCUSDT,2025-06-01,404,False,,
BTCUSDT,2025-06-02,404,False,,
BTCUSDT,2025-06-03,404,False,,
BTCUSDT,2025-06-04,404,False,,
BTCUSDT,2025-06-05,404,False,,
BTCUSDT,2025-06-06,404,False,,
BTCUSDT,2025-06-07,404,False,,
BTCUSDT,2025-06-08,404,False,,
BTCUSDT,2025-06-09,404,False,,
BTCUSDT,2025-06-10,404,False,,
BTCUSDT,2025-06-11,404,False,,
BTCUSDT,2025-06-12,404,False,,
BTCUSDT,2025-06-13,404,False,,
BTCUSDT,2025-06-14,404,False,,
BTCUSDT,2025-06-15,404,False,,
BTCUSDT,2025-06-16,404,False,,
BTCUSDT,2025-06-17,404,False,,
BTCUSDT,2025-06-18,404,False,,
BTCUSDT,2025-06-19,404,False,,
BTCUSDT,2025-06-20,404,False,,
BTCUSDT,2025-06-21,404,False,,
BTCUSDT,2025-06-22,404,False,,
BTCUSDT,2025-06-23,404,False,,
BTCUSDT,2025-06-24,404,False,,
BTCUSDT,2025-06-25,404,False,,
BTCUSDT,2025-06-26,404,False,,
BTCUSDT,2025-06-27,404,False,,
BTCUSDT,2025-06-28,404,False,,
BTCUSDT,2025-06-29,404,False,,
BTCUSDT,2025-06-30,404,False,,
BTCUSDT,2025-07-01,404,False,,
BTCUSDT,2025-07-02,404,False,,
BTCUSDT,2025-07-03,404,False,,
BTCUSDT,2025-07-04,404,False,,
BTCUSDT,2025-07-05,404,False,,
BTCUSDT,2025-07-06,404,False,,
BTCUSDT,2025-07-07,404,False,,
BTCUSDT,2025-07-08,404,False,,
BTCUSDT,2025-07-09,404,False,,
BTCUSDT,2025-07-10,404,False,,
BTCUSDT,2025-07-11,404,False,,
BTCUSDT,2025-07-12,404,False,,
BTCUSDT,2025-07-13,404,False,,
BTCUSDT,2025-07-14,404,False,,
BTCUSDT,2025-07-15,404,False,,
BTCUSDT,2025-07-16,404,False,,
BTCUSDT,2025-07-17,404,False,,
BTCUSDT,2025-07-18,404,False,,
BTCUSDT,2025-07-19,404,False,,
BTCUSDT,2025-07-20,404,False,,
BTCUSDT,2025-07-21,404,False,,
BTCUSDT,2025-07-22,404,False,,
BTCUSDT,2025-07-23,404,False,,
BTCUSDT,2025-07-24,404,False,,
BTCUSDT,2025-07-25,404,False,,
BTCUSDT,2025-07-26,404,False,,
BTCUSDT,2025-07-27,404,False,,
BTCUSDT,2025-07-28,404,False,,
BTCUSDT,2025-07-29,404,False,,
BTCUSDT,2025-07-30,404,False,,
BTCUSDT,2025-07-31,404,False,,
BTCUSDT,2025-08-01,404,False,,
BTCUSDT,2025-08-02,404,False,,
BTCUSDT,2025-08-03,404,False,,
BTCUSDT,2025-08-04,404,False,,
BTCUSDT,2025-08-05,404,False,,
BTCUSDT,2025-08-06,404,False,,
BTCUSDT,2025-08-07,404,False,,
BTCUSDT,2025-08-08,404,False,,
BTCUSDT,2025-08-09,404,False,,
BTCUSDT,2025-08-10,404,False,,
BTCUSDT,2025-08-11,404,False,,
BTCUSDT,2025-08-12,404,False,,
BTCUSDT,2025-08-13,404,False,,
BTCUSDT,2025-08-14,404,False,,
BTCUSDT,2025-08-15,404,False,,
BTCUSDT,2025-08-16,404,False,,
BTCUSDT,2025-08-17,404,False,,
BTCUSDT,2025-08-18,404,False,,
BTCUSDT,2025-08-19,404,False,,
BTCUSDT,2025-08-20,404,False,,
BTCUSDT,2025-08-21,404,False,,
BTCUSDT,2025-08-22,404,False,,
BTCUSDT,2025-08-23,404,False,,
BTCUSDT,2025-08-24,404,False,,
BTCUSDT,2025-08-25,404,False,,
BTCUSDT,2025-08-26,404,False,,
BTCUSDT,2025-08-27,404,False,,
BTCUSDT,2025-08-28,404,False,,
BTCUSDT,2025-08-29,404,False,,
BTCUSDT,2025-08-30,404,False,,
BTCUSDT,2025-08-31,404,False,,
BTCUSDT,2025-09-01,404,False,,
BTCUSDT,2025-09-02,404,False,,
BTCUSDT,2025-09-03,404,False,,
BTCUSDT,2025-09-04,404,False,,
BTCUSDT,2025-09-05,404,False,,
BTCUSDT,2025-09-06,404,False,,
BTCUSDT,2025-09-07,404,False,,
BTCUSDT,2025-09-08,404,False,,
BTCUSDT,2025-09-09,404,False,,
BTCUSDT,2025-09-10,404,False,,
BTCUSDT,2025-09-11,404,False,,
BTCUSDT,2025-09-12,404,False,,
BTCUSDT,2025-09-13,404,False,,
BTCUSDT,2025-09-14,404,False,,
BTCUSDT,2025-09-15,404,False,,
BTCUSDT,2025-09-16,404,False,,
BTCUSDT,2025-09-17,404,False,,
BTCUSDT,2025-09-18,404,False,,
BTCUSDT,2025-09-19,404,False,,
BTCUSDT,2025-09-20,404,False,,
BTCUSDT,2025-09-21,404,False,,
BTCUSDT,2025-09-22,404,False,,
BTCUSDT,2025-09-23,404,False,,
BTCUSDT,2025-09-24,404,False,,
BTCUSDT,2025-09-25,404,False,,
BTCUSDT,2025-09-26,404,False,,
BTCUSDT,2025-09-27,404,False,,
BTCUSDT,2025-09-28,404,False,,
BTCUSDT,2025-09-29,404,False,,
BTCUSDT,2025-09-30,404,False,,
BTCUSDT,2025-10-01,404,False,,
BTCUSDT,2025-10-02,404,False,,
BTCUSDT,2025-10-03,404,False,,
BTCUSDT,2025-10-04,404,False,,
BTCUSDT,2025-10-05,404,False,,
BTCUSDT,2025-10-06,404,False,,
BTCUSDT,2025-10-07,404,False,,
BTCUSDT,2025-10-08,404,False,,
BTCUSDT,2025-10-09,404,False,,
BTCUSDT,2025-10-10,404,False,,
BTCUSDT,2025-10-11,404,False,,
BTCUSDT,2025-10-12,404,False,,
BTCUSDT,2025-10-13,404,False,,
BTCUSDT,2025-10-14,404,False,,
BTCUSDT,2025-10-15,404,False,,
BTCUSDT,2025-10-16,404,False,,
BTCUSDT,2025-10-17,404,False,,
BTCUSDT,2025-10-18,404,False,,
BTCUSDT,2025-10-19,404,False,,
BTCUSDT,2025-10-20,404,False,,
BTCUSDT,2025-10-21,404,False,,
BTCUSDT,2025-10-22,404,False,,
BTCUSDT,2025-10-23,404,False,,
BTCUSDT,2025-10-24,404,False,,
BTCUSDT,2025-10-25,404,False,,
BTCUSDT,2025-10-26,404,False,,
BTCUSDT,2025-10-27,404,False,,
BTCUSDT,2025-10-28,404,False,,
BTCUSDT,2025-10-29,404,False,,
BTCUSDT,2025-10-30,404,False,,
BTCUSDT,2025-10-31,404,False,,
BTCUSDT,2025-11-01,404,False,,
BTCUSDT,2025-11-02,404,False,,
BTCUSDT,2025-11-03,404,False,,
BTCUSDT,2025-11-04,404,False,,
BTCUSDT,2025-11-05,404,False,,
BTCUSDT,2025-11-06,404,False,,
BTCUSDT,2025-11-07,404,False,,
BTCUSDT,2025-11-08,404,False,,
BTCUSDT,2025-11-09,404,False,,
BTCUSDT,2025-11-10,404,False,,
BTCUSDT,2025-11-11,404,False,,
BTCUSDT,2025-11-12,404,False,,
BTCUSDT,2025-11-13,404,False,,
BTCUSDT,2025-11-14,404,False,,
BTCUSDT,2025-11-15,404,False,,
BTCUSDT,2025-11-16,404,False,,
BTCUSDT,2025-11-17,404,False,,
BTCUSDT,2025-11-18,404,False,,
BTCUSDT,2025-11-19,404,False,,
BTCUSDT,2025-11-20,404,False,,
BTCUSDT,2025-11-21,404,False,,
BTCUSDT,2025-11-22,404,False,,
BTCUSDT,2025-11-23,404,False,,
BTCUSDT,2025-11-24,404,False,,
BTCUSDT,2025-11-25,404,False,,
BTCUSDT,2025-11-26,404,False,,
BTCUSDT,2025-11-27,404,False,,
BTCUSDT,2025-11-28,404,False,,
BTCUSDT,2025-11-29,404,False,,
BTCUSDT,2025-11-30,404,False,,
BTCUSDT,2025-12-01,404,False,,
BTCUSDT,2025-12-02,404,False,,
BTCUSDT,2025-12-03,404,False,,
BTCUSDT,2025-12-04,404,False,,
BTCUSDT,2025-12-05,404,False,,
BTCUSDT,2025-12-06,404,False,,
BTCUSDT,2025-12-07,404,False,,
BTCUSDT,2025-12-08,404,False,,
BTCUSDT,2025-12-09,404,False,,
BTCUSDT,2025-12-10,404,False,,
BTCUSDT,2025-12-11,404,False,,
BTCUSDT,2025-12-12,404,False,,
BTCUSDT,2025-12-13,404,False,,
BTCUSDT,2025-12-14,404,False,,
BTCUSDT,2025-12-15,404,False,,
BTCUSDT,2025-12-16,404,False,,
BTCUSDT,2025-12-17,404,False,,
BTCUSDT,2025-12-18,404,False,,
BTCUSDT,2025-12-19,404,False,,
BTCUSDT,2025-12-20,404,False,,
BTCUSDT,2025-12-21,404,False,,
BTCUSDT,2025-12-22,404,False,,
BTCUSDT,2025-12-23,404,False,,
BTCUSDT,2025-12-24,404,False,,
BTCUSDT,2025-12-25,404,False,,
BTCUSDT,2025-12-26,404,False,,
BTCUSDT,2025-12-27,404,False,,
BTCUSDT,2025-12-28,404,False,,
BTCUSDT,2025-12-29,404,False,,
BTCUSDT,2025-12-30,404,False,,
BTCUSDT,2025-12-31,404,False,,
BTCUSDT,2026-01-01,404,False,,
BTCUSDT,2026-01-02,404,False,,
BTCUSDT,2026-01-03,404,False,,
BTCUSDT,2026-01-04,404,False,,
BTCUSDT,2026-01-05,404,False,,
BTCUSDT,2026-01-06,404,False,,
BTCUSDT,2026-01-07,404,False,,
BTCUSDT,2026-01-08,404,False,,
BTCUSDT,2026-01-09,404,False,,
BTCUSDT,2026-01-10,404,False,,
BTCUSDT,2026-01-11,404,False,,
BTCUSDT,2026-01-12,404,False,,
BTCUSDT,2026-01-13,404,False,,
BTCUSDT,2026-01-14,404,False,,
BTCUSDT,2026-01-15,404,False,,
BTCUSDT,2026-01-16,404,False,,
BTCUSDT,2026-01-17,404,False,,
BTCUSDT,2026-01-18,404,False,,
BTCUSDT,2026-01-19,404,False,,
BTCUSDT,2026-01-20,404,False,,
BTCUSDT,2026-01-21,404,False,,
BTCUSDT,2026-01-22,404,False,,
BTCUSDT,2026-01-23,404,False,,
BTCUSDT,2026-01-24,404,False,,
BTCUSDT,2026-01-25,404,False,,
BTCUSDT,2026-01-26,404,False,,
BTCUSDT,2026-01-27,404,False,,
BTCUSDT,2026-01-28,404,False,,
BTCUSDT,2026-01-29,404,False,,
BTCUSDT,2026-01-30,404,False,,
BTCUSDT,2026-01-31,404,False,,
BTCUSDT,2026-02-01,404,False,,
BTCUSDT,2026-02-02,404,False,,
BTCUSDT,2026-02-03,404,False,,
BTCUSDT,2026-02-04,404,False,,
BTCUSDT,2026-02-05,404,False,,
BTCUSDT,2026-02-06,404,False,,
BTCUSDT,2026-02-07,404,False,,
BTCUSDT,2026-02-08,404,False,,
BTCUSDT,2026-02-09,404,False,,
BTCUSDT,2026-02-10,404,False,,
BTCUSDT,2026-02-11,404,False,,
BTCUSDT,2026-02-12,404,False,,
BTCUSDT,2026-02-13,404,False,,
BTCUSDT,2026-02-14,404,False,,
BTCUSDT,2026-02-15,404,False,,
BTCUSDT,2026-02-16,404,False,,
BTCUSDT,2026-02-17,404,False,,
BTCUSDT,2026-02-18,404,False,,
BTCUSDT,2026-02-19,404,False,,
BTCUSDT,2026-02-20,404,False,,
BTCUSDT,2026-02-21,404,False,,
BTCUSDT,2026-02-22,404,False,,
BTCUSDT,2026-02-23,404,False,,
BTCUSDT,2026-02-24,404,False,,
BTCUSDT,2026-02-25,404,False,,
BTCUSDT,2026-02-26,404,False,,
BTCUSDT,2026-02-27,404,False,,
BTCUSDT,2026-02-28,404,False,,
BTCUSDT,2026-03-01,404,False,,
BTCUSDT,2026-03-02,404,False,,
BTCUSDT,2026-03-03,404,False,,
BTCUSDT,2026-03-04,404,False,,
BTCUSDT,2026-03-05,404,False,,
BTCUSDT,2026-03-06,404,False,,
BTCUSDT,2026-03-07,404,False,,
BTCUSDT,2026-03-08,404,False,,
BTCUSDT,2026-03-09,404,False,,
BTCUSDT,2026-03-10,404,False,,
BTCUSDT,2026-03-11,404,False,,
BTCUSDT,2026-03-12,404,False,,
BTCUSDT,2026-03-13,404,False,,
BTCUSDT,2026-03-14,404,False,,
BTCUSDT,2026-03-15,404,False,,
BTCUSDT,2026-03-16,404,False,,
BTCUSDT,2026-03-17,404,False,,
BTCUSDT,2026-03-18,404,False,,
BTCUSDT,2026-03-19,404,False,,
BTCUSDT,2026-03-20,404,False,,
BTCUSDT,2026-03-21,404,False,,
BTCUSDT,2026-03-22,404,False,,
BTCUSDT,2026-03-23,404,False,,
BTCUSDT,2026-03-24,404,False,,
BTCUSDT,2026-03-25,404,False,,
BTCUSDT,2026-03-26,404,False,,
BTCUSDT,2026-03-27,404,False,,
BTCUSDT,2026-03-28,404,False,,
BTCUSDT,2026-03-29,404,False,,
BTCUSDT,2026-03-30,404,False,,
BTCUSDT,2026-03-31,404,False,,
BTCUSDT,2026-04-01,404,False,,
BTCUSDT,2026-04-02,404,False,,
BTCUSDT,2026-04-03,404,False,,
BTCUSDT,2026-04-04,404,False,,
BTCUSDT,2026-04-05,404,False,,
BTCUSDT,2026-04-06,404,False,,
BTCUSDT,2026-04-07,404,False,,
BTCUSDT,2026-04-08,404,False,,
BTCUSDT,2026-04-09,404,False,,
BTCUSDT,2026-04-10,404,False,,
BTCUSDT,2026-04-11,404,False,,
BTCUSDT,2026-04-12,404,False,,
BTCUSDT,2026-04-13,404,False,,
BTCUSDT,2026-04-14,404,False,,
BTCUSDT,2026-04-15,404,False,,
BTCUSDT,2026-04-16,404,False,,
BTCUSDT,2026-04-17,404,False,,
BTCUSDT,2026-04-18,404,False,,
BTCUSDT,2026-04-19,404,False,,
BTCUSDT,2026-04-20,404,False,,
BTCUSDT,2026-04-21,404,False,,
BTCUSDT,2026-04-22,404,False,,
BTCUSDT,2026-04-23,404,False,,
BTCUSDT,2026-04-24,404,False,,
BTCUSDT,2026-04-25,404,False,,
BTCUSDT,2026-04-26,404,False,,
BTCUSDT,2026-04-27,404,False,,
BTCUSDT,2026-04-28,404,False,,
BTCUSDT,2026-04-29,404,False,,
BTCUSDT,2026-04-30,404,False,,
BTCUSDT,2026-05-01,404,False,,
BTCUSDT,2026-05-02,404,False,,
BTCUSDT,2026-05-03,404,False,,
BTCUSDT,2026-05-04,404,False,,
BTCUSDT,2026-05-05,404,False,,
BTCUSDT,2026-05-06,404,False,,
BTCUSDT,2026-05-07,404,False,,
BTCUSDT,2026-05-08,404,False,,
BTCUSDT,2026-05-09,404,False,,
BTCUSDT,2026-05-10,404,False,,
BTCUSDT,2026-05-11,404,False,,
BTCUSDT,2026-05-12,404,False,,
BTCUSDT,2026-05-13,404,False,,
BTCUSDT,2026-05-14,404,False,,
BTCUSDT,2026-05-15,404,False,,
BTCUSDT,2026-05-16,404,False,,
BTCUSDT,2026-05-17,404,False,,
BTCUSDT,2026-05-18,404,False,,
BTCUSDT,2026-05-19,404,False,,
BTCUSDT,2026-05-20,404,False,,
BTCUSDT,2026-05-21,404,False,,
BTCUSDT,2026-05-22,404,False,,
BTCUSDT,2026-05-23,404,False,,
BTCUSDT,2026-05-24,404,False,,
BTCUSDT,2026-05-25,404,False,,
BTCUSDT,2026-05-26,404,False,,
BTCUSDT,2026-05-27,404,False,,
BTCUSDT,2026-05-28,404,False,,
BTCUSDT,2026-05-29,404,False,,
BTCUSDT,2026-05-30,404,False,,
BTCUSDT,2026-05-31,404,False,,
BTCUSDT,2026-06-01,404,False,,
BTCUSDT,2026-06-02,404,False,,
BTCUSDT,2026-06-03,404,False,,
BTCUSDT,2026-06-04,404,False,,
BTCUSDT,2026-06-05,404,False,,
BTCUSDT,2026-06-06,404,False,,
BTCUSDT,2026-06-07,404,False,,
BTCUSDT,2026-06-08,404,False,,
BTCUSDT,2026-06-09,404,False,,
BTCUSDT,2026-06-10,404,False,,
BTCUSDT,2026-06-11,404,False,,
BTCUSDT,2026-06-12,404,False,,
BTCUSDT,2026-06-13,404,False,,
BTCUSDT,2026-06-14,404,False,,
BTCUSDT,2026-06-15,404,False,,
BTCUSDT,2026-06-16,404,False,,
BTCUSDT,2026-06-17,404,False,,
BTCUSDT,2026-06-18,404,False,,
BTCUSDT,2026-06-19,404,False,,
BTCUSDT,2026-06-20,404,False,,
BTCUSDT,2026-06-21,404,False,,
BTCUSDT,2026-06-22,404,False,,
BTCUSDT,2026-06-23,404,False,,
BTCUSDT,2026-06-24,404,False,,
BTCUSDT,2026-06-25,404,False,,
BTCUSDT,2026-06-26,404,False,,
BTCUSDT,2026-06-27,404,False,,
BTCUSDT,2026-06-28,404,False,,
BTCUSDT,2026-06-29,404,False,,
BTCUSDT,2026-06-30,404,False,,
ETHUSDT,2022-01-01,404,False,,
ETHUSDT,2022-01-02,404,False,,
ETHUSDT,2022-01-03,404,False,,
ETHUSDT,2022-01-04,404,False,,
ETHUSDT,2022-01-05,404,False,,
ETHUSDT,2022-01-06,404,False,,
ETHUSDT,2022-01-07,404,False,,
ETHUSDT,2022-01-08,404,False,,
ETHUSDT,2022-01-09,404,False,,
ETHUSDT,2022-01-10,404,False,,
ETHUSDT,2022-01-11,404,False,,
ETHUSDT,2022-01-12,404,False,,
ETHUSDT,2022-01-13,404,False,,
ETHUSDT,2022-01-14,404,False,,
ETHUSDT,2022-01-15,404,False,,
ETHUSDT,2022-01-16,404,False,,
ETHUSDT,2022-01-17,404,False,,
ETHUSDT,2022-01-18,404,False,,
ETHUSDT,2022-01-19,404,False,,
ETHUSDT,2022-01-20,404,False,,
ETHUSDT,2022-01-21,404,False,,
ETHUSDT,2022-01-22,404,False,,
ETHUSDT,2022-01-23,404,False,,
ETHUSDT,2022-01-24,404,False,,
ETHUSDT,2022-01-25,404,False,,
ETHUSDT,2022-01-26,404,False,,
ETHUSDT,2022-01-27,404,False,,
ETHUSDT,2022-01-28,404,False,,
ETHUSDT,2022-01-29,404,False,,
ETHUSDT,2022-01-30,404,False,,
ETHUSDT,2022-01-31,404,False,,
ETHUSDT,2022-02-01,404,False,,
ETHUSDT,2022-02-02,404,False,,
ETHUSDT,2022-02-03,404,False,,
ETHUSDT,2022-02-04,404,False,,
ETHUSDT,2022-02-05,404,False,,
ETHUSDT,2022-02-06,404,False,,
ETHUSDT,2022-02-07,404,False,,
ETHUSDT,2022-02-08,404,False,,
ETHUSDT,2022-02-09,404,False,,
ETHUSDT,2022-02-10,404,False,,
ETHUSDT,2022-02-11,404,False,,
ETHUSDT,2022-02-12,404,False,,
ETHUSDT,2022-02-13,404,False,,
ETHUSDT,2022-02-14,404,False,,
ETHUSDT,2022-02-15,404,False,,
ETHUSDT,2022-02-16,404,False,,
ETHUSDT,2022-02-17,404,False,,
ETHUSDT,2022-02-18,404,False,,
ETHUSDT,2022-02-19,404,False,,
ETHUSDT,2022-02-20,404,False,,
ETHUSDT,2022-02-21,404,False,,
ETHUSDT,2022-02-22,404,False,,
ETHUSDT,2022-02-23,404,False,,
ETHUSDT,2022-02-24,404,False,,
ETHUSDT,2022-02-25,404,False,,
ETHUSDT,2022-02-26,404,False,,
ETHUSDT,2022-02-27,404,False,,
ETHUSDT,2022-02-28,404,False,,
ETHUSDT,2022-03-01,404,False,,
ETHUSDT,2022-03-02,404,False,,
ETHUSDT,2022-03-03,404,False,,
ETHUSDT,2022-03-04,404,False,,
ETHUSDT,2022-03-05,404,False,,
ETHUSDT,2022-03-06,404,False,,
ETHUSDT,2022-03-07,404,False,,
ETHUSDT,2022-03-08,404,False,,
ETHUSDT,2022-03-09,404,False,,
ETHUSDT,2022-03-10,404,False,,
ETHUSDT,2022-03-11,404,False,,
ETHUSDT,2022-03-12,404,False,,
ETHUSDT,2022-03-13,404,False,,
ETHUSDT,2022-03-14,404,False,,
ETHUSDT,2022-03-15,404,False,,
ETHUSDT,2022-03-16,404,False,,
ETHUSDT,2022-03-17,404,False,,
ETHUSDT,2022-03-18,404,False,,
ETHUSDT,2022-03-19,404,False,,
ETHUSDT,2022-03-20,404,False,,
ETHUSDT,2022-03-21,404,False,,
ETHUSDT,2022-03-22,404,False,,
ETHUSDT,2022-03-23,404,False,,
ETHUSDT,2022-03-24,404,False,,
ETHUSDT,2022-03-25,404,False,,
ETHUSDT,2022-03-26,404,False,,
ETHUSDT,2022-03-27,404,False,,
ETHUSDT,2022-03-28,404,False,,
ETHUSDT,2022-03-29,404,False,,
ETHUSDT,2022-03-30,404,False,,
ETHUSDT,2022-03-31,404,False,,
ETHUSDT,2022-04-01,404,False,,
ETHUSDT,2022-04-02,404,False,,
ETHUSDT,2022-04-03,404,False,,
ETHUSDT,2022-04-04,404,False,,
ETHUSDT,2022-04-05,404,False,,
ETHUSDT,2022-04-06,404,False,,
ETHUSDT,2022-04-07,404,False,,
ETHUSDT,2022-04-08,404,False,,
ETHUSDT,2022-04-09,404,False,,
ETHUSDT,2022-04-10,404,False,,
ETHUSDT,2022-04-11,404,False,,
ETHUSDT,2022-04-12,404,False,,
ETHUSDT,2022-04-13,404,False,,
ETHUSDT,2022-04-14,404,False,,
ETHUSDT,2022-04-15,404,False,,
ETHUSDT,2022-04-16,404,False,,
ETHUSDT,2022-04-17,404,False,,
ETHUSDT,2022-04-18,404,False,,
ETHUSDT,2022-04-19,404,False,,
ETHUSDT,2022-04-20,404,False,,
ETHUSDT,2022-04-21,404,False,,
ETHUSDT,2022-04-22,404,False,,
ETHUSDT,2022-04-23,404,False,,
ETHUSDT,2022-04-24,404,False,,
ETHUSDT,2022-04-25,404,False,,
ETHUSDT,2022-04-26,404,False,,
ETHUSDT,2022-04-27,404,False,,
ETHUSDT,2022-04-28,404,False,,
ETHUSDT,2022-04-29,404,False,,
ETHUSDT,2022-04-30,404,False,,
ETHUSDT,2022-05-01,404,False,,
ETHUSDT,2022-05-02,404,False,,
ETHUSDT,2022-05-03,404,False,,
ETHUSDT,2022-05-04,404,False,,
ETHUSDT,2022-05-05,404,False,,
ETHUSDT,2022-05-06,404,False,,
ETHUSDT,2022-05-07,404,False,,
ETHUSDT,2022-05-08,404,False,,
ETHUSDT,2022-05-09,404,False,,
ETHUSDT,2022-05-10,404,False,,
ETHUSDT,2022-05-11,404,False,,
ETHUSDT,2022-05-12,404,False,,
ETHUSDT,2022-05-13,404,False,,
ETHUSDT,2022-05-14,404,False,,
ETHUSDT,2022-05-15,404,False,,
ETHUSDT,2022-05-16,404,False,,
ETHUSDT,2022-05-17,404,False,,
ETHUSDT,2022-05-18,404,False,,
ETHUSDT,2022-05-19,404,False,,
ETHUSDT,2022-05-20,404,False,,
ETHUSDT,2022-05-21,404,False,,
ETHUSDT,2022-05-22,404,False,,
ETHUSDT,2022-05-23,404,False,,
ETHUSDT,2022-05-24,404,False,,
ETHUSDT,2022-05-25,404,False,,
ETHUSDT,2022-05-26,404,False,,
ETHUSDT,2022-05-27,404,False,,
ETHUSDT,2022-05-28,404,False,,
ETHUSDT,2022-05-29,404,False,,
ETHUSDT,2022-05-30,404,False,,
ETHUSDT,2022-05-31,404,False,,
ETHUSDT,2022-06-01,404,False,,
ETHUSDT,2022-06-02,404,False,,
ETHUSDT,2022-06-03,404,False,,
ETHUSDT,2022-06-04,404,False,,
ETHUSDT,2022-06-05,404,False,,
ETHUSDT,2022-06-06,404,False,,
ETHUSDT,2022-06-07,404,False,,
ETHUSDT,2022-06-08,404,False,,
ETHUSDT,2022-06-09,404,False,,
ETHUSDT,2022-06-10,404,False,,
ETHUSDT,2022-06-11,404,False,,
ETHUSDT,2022-06-12,404,False,,
ETHUSDT,2022-06-13,404,False,,
ETHUSDT,2022-06-14,404,False,,
ETHUSDT,2022-06-15,404,False,,
ETHUSDT,2022-06-16,404,False,,
ETHUSDT,2022-06-17,404,False,,
ETHUSDT,2022-06-18,404,False,,
ETHUSDT,2022-06-19,404,False,,
ETHUSDT,2022-06-20,404,False,,
ETHUSDT,2022-06-21,404,False,,
ETHUSDT,2022-06-22,404,False,,
ETHUSDT,2022-06-23,404,False,,
ETHUSDT,2022-06-24,404,False,,
ETHUSDT,2022-06-25,404,False,,
ETHUSDT,2022-06-26,404,False,,
ETHUSDT,2022-06-27,404,False,,
ETHUSDT,2022-06-28,404,False,,
ETHUSDT,2022-06-29,404,False,,
ETHUSDT,2022-06-30,404,False,,
ETHUSDT,2022-07-01,404,False,,
ETHUSDT,2022-07-02,404,False,,
ETHUSDT,2022-07-03,404,False,,
ETHUSDT,2022-07-04,404,False,,
ETHUSDT,2022-07-05,404,False,,
ETHUSDT,2022-07-06,404,False,,
ETHUSDT,2022-07-07,404,False,,
ETHUSDT,2022-07-08,404,False,,
ETHUSDT,2022-07-09,404,False,,
ETHUSDT,2022-07-10,404,False,,
ETHUSDT,2022-07-11,404,False,,
ETHUSDT,2022-07-12,404,False,,
ETHUSDT,2022-07-13,404,False,,
ETHUSDT,2022-07-14,404,False,,
ETHUSDT,2022-07-15,404,False,,
ETHUSDT,2022-07-16,404,False,,
ETHUSDT,2022-07-17,404,False,,
ETHUSDT,2022-07-18,404,False,,
ETHUSDT,2022-07-19,404,False,,
ETHUSDT,2022-07-20,404,False,,
ETHUSDT,2022-07-21,404,False,,
ETHUSDT,2022-07-22,404,False,,
ETHUSDT,2022-07-23,404,False,,
ETHUSDT,2022-07-24,404,False,,
ETHUSDT,2022-07-25,404,False,,
ETHUSDT,2022-07-26,404,False,,
ETHUSDT,2022-07-27,404,False,,
ETHUSDT,2022-07-28,404,False,,
ETHUSDT,2022-07-29,404,False,,
ETHUSDT,2022-07-30,404,False,,
ETHUSDT,2022-07-31,404,False,,
ETHUSDT,2022-08-01,404,False,,
ETHUSDT,2022-08-02,404,False,,
ETHUSDT,2022-08-03,404,False,,
ETHUSDT,2022-08-04,404,False,,
ETHUSDT,2022-08-05,404,False,,
ETHUSDT,2022-08-06,404,False,,
ETHUSDT,2022-08-07,404,False,,
ETHUSDT,2022-08-08,404,False,,
ETHUSDT,2022-08-09,404,False,,
ETHUSDT,2022-08-10,404,False,,
ETHUSDT,2022-08-11,404,False,,
ETHUSDT,2022-08-12,404,False,,
ETHUSDT,2022-08-13,404,False,,
ETHUSDT,2022-08-14,404,False,,
ETHUSDT,2022-08-15,404,False,,
ETHUSDT,2022-08-16,404,False,,
ETHUSDT,2022-08-17,404,False,,
ETHUSDT,2022-08-18,404,False,,
ETHUSDT,2022-08-19,404,False,,
ETHUSDT,2022-08-20,404,False,,
ETHUSDT,2022-08-21,404,False,,
ETHUSDT,2022-08-22,404,False,,
ETHUSDT,2022-08-23,404,False,,
ETHUSDT,2022-08-24,404,False,,
ETHUSDT,2022-08-25,404,False,,
ETHUSDT,2022-08-26,404,False,,
ETHUSDT,2022-08-27,404,False,,
ETHUSDT,2022-08-28,404,False,,
ETHUSDT,2022-08-29,404,False,,
ETHUSDT,2022-08-30,404,False,,
ETHUSDT,2022-08-31,404,False,,
ETHUSDT,2022-09-01,404,False,,
ETHUSDT,2022-09-02,404,False,,
ETHUSDT,2022-09-03,404,False,,
ETHUSDT,2022-09-04,404,False,,
ETHUSDT,2022-09-05,404,False,,
ETHUSDT,2022-09-06,404,False,,
ETHUSDT,2022-09-07,404,False,,
ETHUSDT,2022-09-08,404,False,,
ETHUSDT,2022-09-09,404,False,,
ETHUSDT,2022-09-10,404,False,,
ETHUSDT,2022-09-11,404,False,,
ETHUSDT,2022-09-12,404,False,,
ETHUSDT,2022-09-13,404,False,,
ETHUSDT,2022-09-14,404,False,,
ETHUSDT,2022-09-15,404,False,,
ETHUSDT,2022-09-16,404,False,,
ETHUSDT,2022-09-17,404,False,,
ETHUSDT,2022-09-18,404,False,,
ETHUSDT,2022-09-19,404,False,,
ETHUSDT,2022-09-20,404,False,,
ETHUSDT,2022-09-21,404,False,,
ETHUSDT,2022-09-22,404,False,,
ETHUSDT,2022-09-23,404,False,,
ETHUSDT,2022-09-24,404,False,,
ETHUSDT,2022-09-25,404,False,,
ETHUSDT,2022-09-26,404,False,,
ETHUSDT,2022-09-27,404,False,,
ETHUSDT,2022-09-28,404,False,,
ETHUSDT,2022-09-29,404,False,,
ETHUSDT,2022-09-30,404,False,,
ETHUSDT,2022-10-01,404,False,,
ETHUSDT,2022-10-02,404,False,,
ETHUSDT,2022-10-03,404,False,,
ETHUSDT,2022-10-04,404,False,,
ETHUSDT,2022-10-05,404,False,,
ETHUSDT,2022-10-06,404,False,,
ETHUSDT,2022-10-07,404,False,,
ETHUSDT,2022-10-08,404,False,,
ETHUSDT,2022-10-09,404,False,,
ETHUSDT,2022-10-10,404,False,,
ETHUSDT,2022-10-11,404,False,,
ETHUSDT,2022-10-12,404,False,,
ETHUSDT,2022-10-13,404,False,,
ETHUSDT,2022-10-14,404,False,,
ETHUSDT,2022-10-15,404,False,,
ETHUSDT,2022-10-16,404,False,,
ETHUSDT,2022-10-17,404,False,,
ETHUSDT,2022-10-18,404,False,,
ETHUSDT,2022-10-19,404,False,,
ETHUSDT,2022-10-20,404,False,,
ETHUSDT,2022-10-21,404,False,,
ETHUSDT,2022-10-22,404,False,,
ETHUSDT,2022-10-23,404,False,,
ETHUSDT,2022-10-24,404,False,,
ETHUSDT,2022-10-25,404,False,,
ETHUSDT,2022-10-26,404,False,,
ETHUSDT,2022-10-27,404,False,,
ETHUSDT,2022-10-28,404,False,,
ETHUSDT,2022-10-29,404,False,,
ETHUSDT,2022-10-30,404,False,,
ETHUSDT,2022-10-31,404,False,,
ETHUSDT,2022-11-01,404,False,,
ETHUSDT,2022-11-02,404,False,,
ETHUSDT,2022-11-03,404,False,,
ETHUSDT,2022-11-04,404,False,,
ETHUSDT,2022-11-05,404,False,,
ETHUSDT,2022-11-06,404,False,,
ETHUSDT,2022-11-07,404,False,,
ETHUSDT,2022-11-08,404,False,,
ETHUSDT,2022-11-09,404,False,,
ETHUSDT,2022-11-10,404,False,,
ETHUSDT,2022-11-11,404,False,,
ETHUSDT,2022-11-12,404,False,,
ETHUSDT,2022-11-13,404,False,,
ETHUSDT,2022-11-14,404,False,,
ETHUSDT,2022-11-15,404,False,,
ETHUSDT,2022-11-16,404,False,,
ETHUSDT,2022-11-17,404,False,,
ETHUSDT,2022-11-18,404,False,,
ETHUSDT,2022-11-19,404,False,,
ETHUSDT,2022-11-20,404,False,,
ETHUSDT,2022-11-21,404,False,,
ETHUSDT,2022-11-22,404,False,,
ETHUSDT,2022-11-23,404,False,,
ETHUSDT,2022-11-24,404,False,,
ETHUSDT,2022-11-25,404,False,,
ETHUSDT,2022-11-26,404,False,,
ETHUSDT,2022-11-27,404,False,,
ETHUSDT,2022-11-28,404,False,,
ETHUSDT,2022-11-29,404,False,,
ETHUSDT,2022-11-30,404,False,,
ETHUSDT,2022-12-01,404,False,,
ETHUSDT,2022-12-02,404,False,,
ETHUSDT,2022-12-03,404,False,,
ETHUSDT,2022-12-04,404,False,,
ETHUSDT,2022-12-05,404,False,,
ETHUSDT,2022-12-06,404,False,,
ETHUSDT,2022-12-07,404,False,,
ETHUSDT,2022-12-08,404,False,,
ETHUSDT,2022-12-09,404,False,,
ETHUSDT,2022-12-10,404,False,,
ETHUSDT,2022-12-11,404,False,,
ETHUSDT,2022-12-12,404,False,,
ETHUSDT,2022-12-13,404,False,,
ETHUSDT,2022-12-14,404,False,,
ETHUSDT,2022-12-15,404,False,,
ETHUSDT,2022-12-16,404,False,,
ETHUSDT,2022-12-17,404,False,,
ETHUSDT,2022-12-18,404,False,,
ETHUSDT,2022-12-19,404,False,,
ETHUSDT,2022-12-20,404,False,,
ETHUSDT,2022-12-21,404,False,,
ETHUSDT,2022-12-22,404,False,,
ETHUSDT,2022-12-23,404,False,,
ETHUSDT,2022-12-24,404,False,,
ETHUSDT,2022-12-25,404,False,,
ETHUSDT,2022-12-26,404,False,,
ETHUSDT,2022-12-27,404,False,,
ETHUSDT,2022-12-28,404,False,,
ETHUSDT,2022-12-29,404,False,,
ETHUSDT,2022-12-30,404,False,,
ETHUSDT,2022-12-31,404,False,,
ETHUSDT,2023-01-01,404,False,,
ETHUSDT,2023-01-02,404,False,,
ETHUSDT,2023-01-03,404,False,,
ETHUSDT,2023-01-04,404,False,,
ETHUSDT,2023-01-05,404,False,,
ETHUSDT,2023-01-06,404,False,,
ETHUSDT,2023-01-07,404,False,,
ETHUSDT,2023-01-08,404,False,,
ETHUSDT,2023-01-09,404,False,,
ETHUSDT,2023-01-10,404,False,,
ETHUSDT,2023-01-11,404,False,,
ETHUSDT,2023-01-12,404,False,,
ETHUSDT,2023-01-13,404,False,,
ETHUSDT,2023-01-14,404,False,,
ETHUSDT,2023-01-15,404,False,,
ETHUSDT,2023-01-16,404,False,,
ETHUSDT,2023-01-17,404,False,,
ETHUSDT,2023-01-18,404,False,,
ETHUSDT,2023-01-19,404,False,,
ETHUSDT,2023-01-20,404,False,,
ETHUSDT,2023-01-21,404,False,,
ETHUSDT,2023-01-22,404,False,,
ETHUSDT,2023-01-23,404,False,,
ETHUSDT,2023-01-24,404,False,,
ETHUSDT,2023-01-25,404,False,,
ETHUSDT,2023-01-26,404,False,,
ETHUSDT,2023-01-27,404,False,,
ETHUSDT,2023-01-28,404,False,,
ETHUSDT,2023-01-29,404,False,,
ETHUSDT,2023-01-30,404,False,,
ETHUSDT,2023-01-31,404,False,,
ETHUSDT,2023-02-01,404,False,,
ETHUSDT,2023-02-02,404,False,,
ETHUSDT,2023-02-03,404,False,,
ETHUSDT,2023-02-04,404,False,,
ETHUSDT,2023-02-05,404,False,,
ETHUSDT,2023-02-06,404,False,,
ETHUSDT,2023-02-07,404,False,,
ETHUSDT,2023-02-08,404,False,,
ETHUSDT,2023-02-09,404,False,,
ETHUSDT,2023-02-10,404,False,,
ETHUSDT,2023-02-11,404,False,,
ETHUSDT,2023-02-12,404,False,,
ETHUSDT,2023-02-13,404,False,,
ETHUSDT,2023-02-14,404,False,,
ETHUSDT,2023-02-15,404,False,,
ETHUSDT,2023-02-16,404,False,,
ETHUSDT,2023-02-17,404,False,,
ETHUSDT,2023-02-18,404,False,,
ETHUSDT,2023-02-19,404,False,,
ETHUSDT,2023-02-20,404,False,,
ETHUSDT,2023-02-21,404,False,,
ETHUSDT,2023-02-22,404,False,,
ETHUSDT,2023-02-23,404,False,,
ETHUSDT,2023-02-24,404,False,,
ETHUSDT,2023-02-25,404,False,,
ETHUSDT,2023-02-26,404,False,,
ETHUSDT,2023-02-27,404,False,,
ETHUSDT,2023-02-28,404,False,,
ETHUSDT,2023-03-01,404,False,,
ETHUSDT,2023-03-02,404,False,,
ETHUSDT,2023-03-03,404,False,,
ETHUSDT,2023-03-04,404,False,,
ETHUSDT,2023-03-05,404,False,,
ETHUSDT,2023-03-06,404,False,,
ETHUSDT,2023-03-07,404,False,,
ETHUSDT,2023-03-08,404,False,,
ETHUSDT,2023-03-09,404,False,,
ETHUSDT,2023-03-10,404,False,,
ETHUSDT,2023-03-11,404,False,,
ETHUSDT,2023-03-12,404,False,,
ETHUSDT,2023-03-13,404,False,,
ETHUSDT,2023-03-14,404,False,,
ETHUSDT,2023-03-15,404,False,,
ETHUSDT,2023-03-16,404,False,,
ETHUSDT,2023-03-17,404,False,,
ETHUSDT,2023-03-18,404,False,,
ETHUSDT,2023-03-19,404,False,,
ETHUSDT,2023-03-20,404,False,,
ETHUSDT,2023-03-21,404,False,,
ETHUSDT,2023-03-22,404,False,,
ETHUSDT,2023-03-23,404,False,,
ETHUSDT,2023-03-24,404,False,,
ETHUSDT,2023-03-25,404,False,,
ETHUSDT,2023-03-26,404,False,,
ETHUSDT,2023-03-27,404,False,,
ETHUSDT,2023-03-28,404,False,,
ETHUSDT,2023-03-29,404,False,,
ETHUSDT,2023-03-30,404,False,,
ETHUSDT,2023-03-31,404,False,,
ETHUSDT,2023-04-01,404,False,,
ETHUSDT,2023-04-02,404,False,,
ETHUSDT,2023-04-03,404,False,,
ETHUSDT,2023-04-04,404,False,,
ETHUSDT,2023-04-05,404,False,,
ETHUSDT,2023-04-06,404,False,,
ETHUSDT,2023-04-07,404,False,,
ETHUSDT,2023-04-08,404,False,,
ETHUSDT,2023-04-09,404,False,,
ETHUSDT,2023-04-10,404,False,,
ETHUSDT,2023-04-11,404,False,,
ETHUSDT,2023-04-12,404,False,,
ETHUSDT,2023-04-13,404,False,,
ETHUSDT,2023-04-14,404,False,,
ETHUSDT,2023-04-15,404,False,,
ETHUSDT,2023-04-16,404,False,,
ETHUSDT,2023-04-17,404,False,,
ETHUSDT,2023-04-18,404,False,,
ETHUSDT,2023-04-19,404,False,,
ETHUSDT,2023-04-20,404,False,,
ETHUSDT,2023-04-21,404,False,,
ETHUSDT,2023-04-22,404,False,,
ETHUSDT,2023-04-23,404,False,,
ETHUSDT,2023-04-24,404,False,,
ETHUSDT,2023-04-25,404,False,,
ETHUSDT,2023-04-26,404,False,,
ETHUSDT,2023-04-27,404,False,,
ETHUSDT,2023-04-28,404,False,,
ETHUSDT,2023-04-29,404,False,,
ETHUSDT,2023-04-30,404,False,,
ETHUSDT,2023-05-01,404,False,,
ETHUSDT,2023-05-02,404,False,,
ETHUSDT,2023-05-03,404,False,,
ETHUSDT,2023-05-04,404,False,,
ETHUSDT,2023-05-05,404,False,,
ETHUSDT,2023-05-06,404,False,,
ETHUSDT,2023-05-07,404,False,,
ETHUSDT,2023-05-08,404,False,,
ETHUSDT,2023-05-09,404,False,,
ETHUSDT,2023-05-10,404,False,,
ETHUSDT,2023-05-11,404,False,,
ETHUSDT,2023-05-12,404,False,,
ETHUSDT,2023-05-13,404,False,,
ETHUSDT,2023-05-14,404,False,,
ETHUSDT,2023-05-15,404,False,,
ETHUSDT,2023-05-16,404,False,,
ETHUSDT,2023-05-17,404,False,,
ETHUSDT,2023-05-18,200,True,09eb8f938e3e6d9cccb4506be06756c70455e8600b817dcfbd6f780c58e13aa9,
ETHUSDT,2023-05-19,200,True,0e453ac43a1837166165433059781939f0155eef937ecbf81ef068bd57192f4f,
ETHUSDT,2023-05-20,200,True,2c6966914b1da30a750c8c80965e160bea86e18a43a1b92ca50e01539bf940d1,
ETHUSDT,2023-05-21,200,True,54723f2ba978753e7a37836aa724f83c8ff673cc1b9d38722120926042afecd8,
ETHUSDT,2023-05-22,200,True,d851bb80f511a0e1829733cdb94d3cded39478c45998871c5c060d8b5512e7c2,
ETHUSDT,2023-05-23,200,True,f1501ad794f9831be45a9e67f2709ace8c59b0e0b1066f77cc0ea6fbc9cacbda,
ETHUSDT,2023-05-24,200,True,b5a7d66331a8713da1ba1d7444a145c0ff8d6e07e1767003ca6b4c7e4ea7a285,
ETHUSDT,2023-05-25,200,True,39728ccf0c4d276f385a75d6aee0dcc75977cca20905b79dcba2eeddaa636ba6,
ETHUSDT,2023-05-26,200,True,fd826244402d5b774df6acb7b8e8c544b19e0df25033721949a2b144b56f6400,
ETHUSDT,2023-05-27,200,True,0b1c276c24f1cb7f692d1ccef81b564674c88a15da63cbec62077351add5768e,
ETHUSDT,2023-05-28,200,True,fe6b2b04ef1e01e3490f5d855e36d65966cae9a2caedf5a7769879c0a30951e2,
ETHUSDT,2023-05-29,200,True,c1c99c4ed26b35a64e480f5079d650b7f13d36a847d0b63d08531337b481c98b,
ETHUSDT,2023-05-30,200,True,7729a89849e4eb322a23c067963498c20b11a79f2b78369987cf9b96db3ae253,
ETHUSDT,2023-05-31,200,True,d07b0f759a710f8604aa26acd897e629d3e9b93493e61fefc6b3fae18fea0a82,
ETHUSDT,2023-06-01,200,True,494c069b4820be534e7ae11fd0ce111a593ab455a16ccae1a0d6af54931b6d4b,
ETHUSDT,2023-06-02,200,True,ea47a047111924b6c79225eab574c8cea04558a033a008902eaf8dc666c2b0aa,
ETHUSDT,2023-06-03,200,True,f36cd4bc365a8adf9999c639dfe9266816c4c9fa4eb1a23abd4285739204aa89,
ETHUSDT,2023-06-04,200,True,4ddd412cd5f03843af67d7bd5c9ded364802f09a68e75aeb6d08eb16b6ca8370,
ETHUSDT,2023-06-05,200,True,460e8bcf64d2fce6eb6cd6574512984c382f5b31bc761904fe7af02f5de85a63,
ETHUSDT,2023-06-06,200,True,251e45e17b08241634b74ad25cb4d2ea5a4ac92363995ccf5ffb9093b2de53e6,
ETHUSDT,2023-06-07,200,True,9b0d731bfe1a31c5105617c96987bbdc114e7476e13f37f874c6151e472bbb04,
ETHUSDT,2023-06-08,200,True,2c2d320641c43d27dbc1662f5c78e49f25bc600eb9bbb4f202210d108b2e9937,
ETHUSDT,2023-06-09,200,True,4ce6f0aac48180f87f7071b9ca2895ae82de4d161ceb101f51049bede65d34b0,
ETHUSDT,2023-06-10,200,True,d260275cdd3feb126d5e794fe219043a4c88c5f66993de1c56d243b8785dec9d,
ETHUSDT,2023-06-11,200,True,1bff520cdf1c290f9636b54c51b9092d5c8b6a2afa266865ab8c2242ec885b0d,
ETHUSDT,2023-06-12,200,True,c381e4404a763a27cc3c15d39d61047c746db5943f8477d623a9bf7e01409e2a,
ETHUSDT,2023-06-13,200,True,fe3937b799a6cd9c294e7a05827791f4145ccf6427281d767b1259c1318a8c4b,
ETHUSDT,2023-06-14,200,True,9a6d55f9e5bc06566c4fccc6ae2cc9ab7978e03141d35363ec088b756edf4db0,
ETHUSDT,2023-06-15,200,True,2d0eed1401c594ec898a48ac7d553f2c753b1f15ee8b3bf9c05a83ab753c957b,
ETHUSDT,2023-06-16,200,True,697ca469cc6fc14bda762f2f0f1b8c61fc9b7147671d100c1303d955fce113c2,
ETHUSDT,2023-06-17,200,True,d9899bc86cf8a1c08916951e5ac10cf85296ba2a79e5c807319201371d9b8319,
ETHUSDT,2023-06-18,200,True,6ac3a150c4b08791d7c41c276bfd5afafdc7f5f954ac7cc3c372807524d2d6da,
ETHUSDT,2023-06-19,200,True,361fd90a31db403a415c51222708598f722aea415681fdd8181e6793c78c454b,
ETHUSDT,2023-06-20,200,True,1d2f02390cc91941ac3cf98252fa4f7fa6a3d955bb185186ab76cde2151270c1,
ETHUSDT,2023-06-21,200,True,9d3d40b66169ff5dec1277581fdf10084c5be243d5793798ffc486f728fa84a4,
ETHUSDT,2023-06-22,200,True,87af401ab0197590310d48a17720228d5048965eaa8b3e9070c75d40322698b6,
ETHUSDT,2023-06-23,200,True,12520563c656f8080f6f314c2d546590949b1b643ee3359c28db824a44cbb99d,
ETHUSDT,2023-06-24,200,True,1285093b39421a273b7f3cec14ea336e257a4ecbb4973777cedc9ba2728fd513,
ETHUSDT,2023-06-25,200,True,8703206109f5a85ed66574bc22091307b83f7c9198819ddbf3926846801c2b57,
ETHUSDT,2023-06-26,200,True,8ab027813732484d969b115be536732a7f407d1bbb885be86eb94e87618b5f58,
ETHUSDT,2023-06-27,200,True,e538c4d07c318330279c46582179afd6311ccd507aac987c3e0f3dd4091ff837,
ETHUSDT,2023-06-28,200,True,4646ef53c3a5725e69d8b466599532681e5b942b95b5b3fafa19565ef865bebc,
ETHUSDT,2023-06-29,200,True,7caa556c94ab579c7e8b87c4d0697db68aa3b4608ce206efbc793e3d77f553e4,
ETHUSDT,2023-06-30,200,True,484fe86d227c726bf92ca1a7ec0fe8c92d7a5ea2058ac8c023e2ac50e09fd85c,
ETHUSDT,2023-07-01,200,True,8f1620676e00bad884608c0c329be9f4e3044798f0930cf89b77b1b6be4e70ed,
ETHUSDT,2023-07-02,200,True,d765ad562e196638b3944186ab39fe9d32b3afec3ab295d3972bedc052c4654e,
ETHUSDT,2023-07-03,200,True,b84440c70540283b32ce35fe7acbf310093cfc7fb54a45c3814710c26888d8fe,
ETHUSDT,2023-07-04,200,True,4d95d2131309c7d9836954da1872fdc4a0de5252aadc5ed7bb6a78ff07fde2a8,
ETHUSDT,2023-07-05,200,True,84eb3310576cd37acd4c7167ac8c425674c8dd54496d662ad37199dba5d5bdb0,
ETHUSDT,2023-07-06,200,True,483c2dc59dbfca040bc0ef9c9fd09a4d55bba3f9f3fc8103d4bfcda1a90f1db5,
ETHUSDT,2023-07-07,200,True,34f1c8b2d4d59a7ddc9b35811bbc08508810b59d5100b68069952dc6a1949b82,
ETHUSDT,2023-07-08,200,True,1a13761ab75d3983a290cdc3e1e95074747af8adfe9f434685e845c52e4e82ca,
ETHUSDT,2023-07-09,200,True,4bf50e0e21d67de30810d51dfcaab2c23a0e95729e809a9aed748f355aed0dae,
ETHUSDT,2023-07-10,200,True,cd38f0f6a35757de99449e5692ed662330fff1679f2cdc506abbb107bd1aab6f,
ETHUSDT,2023-07-11,200,True,bfffea0871379d92cf80cdde47d97e3e533271640d93c683a9641d3ede343c84,
ETHUSDT,2023-07-12,200,True,3c588b3265bccd36661ef2fbef23500fbbdb69185b25dabd99e0f31b1969793f,
ETHUSDT,2023-07-13,200,True,3894a5f24916faba3f4f7f7850623e6e3115e36142f71e30b8f9ca29e42a074a,
ETHUSDT,2023-07-14,200,True,41d7ced7f13614110b6186584ec6dc0a4f30f0ff553acafac1a55bdba5525cad,
ETHUSDT,2023-07-15,200,True,5e3555369846f1f9e99898c0e55ef0d47d31ac82b84389fad063378b1ee434e0,
ETHUSDT,2023-07-16,200,True,1e0bfad628306e79bf77f111b6d7d8a9e7c68514563c800ea25b9b35d8deda72,
ETHUSDT,2023-07-17,200,True,a09457c0a1836603bc481ddafc8350c363f14c1f362a5f7b319660f97375a498,
ETHUSDT,2023-07-18,200,True,7cf1b32aad7392c675397f6de086e2a3d76758c74f6ef32be09ed398efaf57fb,
ETHUSDT,2023-07-19,200,True,cb58d3aff8b39142710022d1e50d2f4f7671f5c7b6644cc036fe5a25d3243ae5,
ETHUSDT,2023-07-20,200,True,8215517752a5f850e8a08c10f4dddfa8343c2ef15535c997426ec5edf60711df,
ETHUSDT,2023-07-21,200,True,a7cf2f9d01bdf673ca44d6a9446c755fbcd0c206ade905a380448466cf35956e,
ETHUSDT,2023-07-22,200,True,931e227167213d54b8b8341f22660be7778aeba326d045a032e2e1f5598091b9,
ETHUSDT,2023-07-23,200,True,ed3bfa48e93f2fe2282b0dca8cad08626b504200c55421834fe8a4e2cd090998,
ETHUSDT,2023-07-24,200,True,88d71c262204c3e369814c0f3b039680c34c914575156a1c8e3a02bf17f6baa9,
ETHUSDT,2023-07-25,200,True,12ce1f4ac2b0d316863b8bf6d6eea891ce7d5298e9173af35f86779e4a2d4a65,
ETHUSDT,2023-07-26,200,True,967ecf49e95f86bc83ba268ee9451780ec19a4ce8920da9ba8e727a6e7c44db2,
ETHUSDT,2023-07-27,200,True,9b265a7779cc239e3123ac31cc1c238c70c7522c1974345cc32689ac62dc4b9e,
ETHUSDT,2023-07-28,200,True,ef2f6e76b2173f90a1185f235884c2efa6ecca6564e499ba1ab447438a9f7f3f,
ETHUSDT,2023-07-29,200,True,30a38b5f03756da01ca69c05f57f74b914e0ecea28b4c3f9f99569c64190ddc5,
ETHUSDT,2023-07-30,200,True,64b14fb4fb1b51ca9b8479b312b69878a926f8de8542c09e285551e855232994,
ETHUSDT,2023-07-31,200,True,f9c1bebb86bf0bbfd02d3074bab40ad2dc46466a26add3d50f649cf6b56959cd,
ETHUSDT,2023-08-01,200,True,9cfe63300a1d0425e0abeff77ec7b05872e1561101127ac52dc5a8961cc40251,
ETHUSDT,2023-08-02,200,True,690b01afad75f7f1132ac38f15401636a9b4a511fa7556cf3e8d0d20687ef2c4,
ETHUSDT,2023-08-03,200,True,308245a25106379eb1c1952f36eb5fb6d525b71f396cce3cef1ba6cf1f94d5cb,
ETHUSDT,2023-08-04,200,True,e151f1365c7a6525603911701219b3520e037bed3c8f9ebfa2d28c4007bbf7c6,
ETHUSDT,2023-08-05,200,True,610d3e96f773f743382cef610bbba4fbea938dcb7783a52717bae14935811f2a,
ETHUSDT,2023-08-06,200,True,82aac4e3579e490b7ea627f3c3ae5d84a0274b6681bbe85ad02e74a4c6542aef,
ETHUSDT,2023-08-07,200,True,58bed8b35bf0c4e03c2fc16403f7b7c989bd63bbc0ec7c1ceaa169af9b7d919e,
ETHUSDT,2023-08-08,200,True,8aa5f71f9a86f5626b7789efb02b0860e765351db408a85f1ce809b430c4add0,
ETHUSDT,2023-08-09,200,True,14dd0324726fe6209e54579c0e6be78bcf56065978f8f2824238690020c43a8c,
ETHUSDT,2023-08-10,200,True,33cdf46d9934fd069838bca8e3b9113074bb41e807e6950b0596bb55d1c2dc98,
ETHUSDT,2023-08-11,200,True,319eafdca5694536427c5e34117ed05a25ffa7405b92e4d2d39a0c0d411da9a2,
ETHUSDT,2023-08-12,200,True,ebf018779a413c25aebeeeb0175e1c55fb39ea0e748bc9f3be71c8640375a298,
ETHUSDT,2023-08-13,200,True,7d976ed72c7eada3a2f9737eacce52411c22318a74791ca0d3112447a210e656,
ETHUSDT,2023-08-14,200,True,9e47058b2b05e8efd7778b7d4d450c6595187990500f7e0f5542777e63a21413,
ETHUSDT,2023-08-15,200,True,db4f5c161fb2fbb6e2f71320763fc84a278c0d6c550ff150017dfcb5760634b8,
ETHUSDT,2023-08-16,200,True,04509d3337d597d83a96156063e241f5eaf0f0fe9f7b75ede4a9caa8c5133b15,
ETHUSDT,2023-08-17,200,True,71f6e7a09eac04b4b19c716ed9b6ba55349df795e8dd506a70f0bf862162fb43,
ETHUSDT,2023-08-18,200,True,12b26be62c3602f021a2d292aa60c45205712e0dde5507028081d09c12cc3748,
ETHUSDT,2023-08-19,200,True,9008e52a9efcf5283227e08a4a2229f6361d73714740d1dccb95f0a4b773de5d,
ETHUSDT,2023-08-20,200,True,60bb729eda68449a9741d8ee08ec6a485cffaad7b5d5b2b5be55c76c84b8fc8a,
ETHUSDT,2023-08-21,200,True,33a868507e7833f29e64716b23ddd22dac45bc3532e64e53ee4ea597f8560bd3,
ETHUSDT,2023-08-22,200,True,2a51f1ed0663465606b651430f41ced81c9774ca828f37b6ddce0f52e71903ad,
ETHUSDT,2023-08-23,200,True,e8f1e4a693e8895e14a76d41e69ce14e76d0ee78fe71b8b5a2b1dd35e74a23db,
ETHUSDT,2023-08-24,200,True,afc21fde8f7ba5939ae10eed77470500648b570add0b5858d0a2626b2823dfe8,
ETHUSDT,2023-08-25,200,True,7e6beaa9decc78071a970e0b3d1adebca589a2228bc644d6ecf42de1ce43801b,
ETHUSDT,2023-08-26,200,True,001d4afa00fec16df50148ca8ef530648c900bf96881d9d3d1021cb2fdeb8c04,
ETHUSDT,2023-08-27,200,True,fb3425ee03b60e7ecbd14f0b8b0ae81ef820e969644c2c51b1df9057957f2b4c,
ETHUSDT,2023-08-28,200,True,b95e3479e113bfd0381804e3bc98c64f28d889bdacc35fee2c32971da1b97c89,
ETHUSDT,2023-08-29,200,True,599f4cb174451f72993a51fe62c6e333d2e3bb069fad2da0b43a6c3b2ef981e3,
ETHUSDT,2023-08-30,200,True,701ba01ccc3a353690091d50062367214d699e40196fa41de36035f27b4d12bd,
ETHUSDT,2023-08-31,200,True,d3938c61d84d68f8abbaee85df273e2d7c068eb13e5b61b097abd8da01bceb56,
ETHUSDT,2023-09-01,200,True,099741924780bd331740176758c02525b619cf4c1f7cef44551c412c0b1ea990,
ETHUSDT,2023-09-02,200,True,a2dace171f039bcce7298935224813566dd99d14147b213d0487a8bc6d875086,
ETHUSDT,2023-09-03,200,True,5d1514fa9ccfe7d68209afa986518e24344200919388fe02eb8327c1a855b847,
ETHUSDT,2023-09-04,200,True,6ffd7cf9897d1f7ad1ca97005d4d589bb764f5c6d1897323b9536711609ae631,
ETHUSDT,2023-09-05,200,True,863e07672031f9c7c651cce3b563742b96261e98df63d606a7ceed66e1e41471,
ETHUSDT,2023-09-06,200,True,82a123e6273f4e683c8c415b9864524a8d064617bc2bb99715edbcdbdfaf6046,
ETHUSDT,2023-09-07,200,True,002e58987b99b5d32793fc95e227a6afd156358514c03686acaf284d57ae524d,
ETHUSDT,2023-09-08,404,False,,
ETHUSDT,2023-09-09,404,False,,
ETHUSDT,2023-09-10,404,False,,
ETHUSDT,2023-09-11,404,False,,
ETHUSDT,2023-09-12,404,False,,
ETHUSDT,2023-09-13,404,False,,
ETHUSDT,2023-09-14,404,False,,
ETHUSDT,2023-09-15,404,False,,
ETHUSDT,2023-09-16,404,False,,
ETHUSDT,2023-09-17,404,False,,
ETHUSDT,2023-09-18,404,False,,
ETHUSDT,2023-09-19,200,True,3b0a5127c14c469dda90f2f68f3d0823f6251c70b2d67dbabc5fae7456003d65,
ETHUSDT,2023-09-20,200,True,e93e070a374aa8d836d110f62ebbde976fd956de4133be5d7869b042abcf80f4,
ETHUSDT,2023-09-21,200,True,ba8117e21b491e95fe17548fdaf6a7949bb8914317842c96b9f76dcb0604a76c,
ETHUSDT,2023-09-22,200,True,d90ac76d46425d687b8878f789fe4c1e90c35ad8d8b59429ca68be9dcb13c9b2,
ETHUSDT,2023-09-23,200,True,c6329446fe6921b576189e4a09ceac404d2f94e864568f542e481b06c808389b,
ETHUSDT,2023-09-24,200,True,2f1c370ec7529e2a6328281bf8cb919924d93b3a73211a297b9afa9cb03e13aa,
ETHUSDT,2023-09-25,404,False,,
ETHUSDT,2023-09-26,200,True,8fe791c7c4f8750e8b3aadccf5ef17cc38fc5bcb0abff2699bfe2904b1620968,
ETHUSDT,2023-09-27,200,True,3c24203a4b0611bdfdfb26a1fa503ffa441e2bbe9df9c2a1a521e35ef9c5a052,
ETHUSDT,2023-09-28,200,True,ea548e981dc1da9bc76c5bac30aa2995c8729a6997c00daad4494d58a7ce5ae8,
ETHUSDT,2023-09-29,200,True,09f932f21e34e86871b537f45e7e8adac3920e38d8fdf6ea6b27e3e26633e9ed,
ETHUSDT,2023-09-30,200,True,29074f201b7fc7f4d0498840487c46eef011dbd56662d87573808dabf97526f8,
ETHUSDT,2023-10-01,200,True,b5455e10c2f67b245e1cbd24009fdc28e2de14cc11bde071fffdefbc9a8d5114,
ETHUSDT,2023-10-02,200,True,570f75e68cc6ffd91535d65f9b5666a3a3088c14d08be62bc08af292bf1a6011,
ETHUSDT,2023-10-03,200,True,73f004986e6fcf005c82548b1d3b3c4c74c9a6abbac7f433ff66e68436884f28,
ETHUSDT,2023-10-04,200,True,5cd861da0c226b32115418ae00a4b247dc0abc4bc9cc61b485ab751e9850404a,
ETHUSDT,2023-10-05,200,True,ff0348765489bfcf1a1db4b32b46101bd459faacdd1d45d9d69c88b9be7ca95b,
ETHUSDT,2023-10-06,200,True,602799a684de7eb3725e4054c7a7aeaf7ca7192dc4c6153d2033002a43d6afc9,
ETHUSDT,2023-10-07,200,True,44d74a106a42ebf3394b3c1f72ba231f8fcab0ae9f746ab11b325062404450bf,
ETHUSDT,2023-10-08,200,True,0efb9cc8e7248b6b2ba9492945f7eda7f6a38883902e6fe73a5fbd8f578b4d39,
ETHUSDT,2023-10-09,200,True,35dfea8e767a7b6f53a6a3cb95211dba9b5d110e3ed9d55928f489129ac83be8,
ETHUSDT,2023-10-10,200,True,ef13fadd57455fa09a93c0122ae022217a4f5d5782bb596885573d1ff6f90396,
ETHUSDT,2023-10-11,200,True,ff549de5d89333166be9bd288891ff5f030d964d610eada79e81ab250c3371f4,
ETHUSDT,2023-10-12,200,True,1343360a23d87ad8a46314eef63706e2108666cffc364058983abd4b5829d906,
ETHUSDT,2023-10-13,200,True,0df7ffbbb5bc1de91af45cb640cbd43497af8c3a08fd9daaedcf852d729dcb7e,
ETHUSDT,2023-10-14,200,True,3601cb78a151970396e47e989e14e2bc4da121dd27ec34935f4ca06f321f98b9,
ETHUSDT,2023-10-15,200,True,f3df12f4d102c21c517634ea55fba207aaa718717f1ca826b7f67ae7426442cb,
ETHUSDT,2023-10-16,200,True,5dad3df6d95e19c890fa140a722d2b5b6e62b68b3cc539440500600f8e1490f7,
ETHUSDT,2023-10-17,200,True,374ebc61633aab5f6b5715fedc200853a26f2bb6ae0960057396ee61666330b5,
ETHUSDT,2023-10-18,200,True,9c90e1b290853a4c9e658a60af2edff6bea89cf30b97deafabe5d6aca04cd31d,
ETHUSDT,2023-10-19,200,True,6380bf50ca12c9f0a46bd30678be5a4fa2b9ee05faf1ed7406c5f729e8b546c0,
ETHUSDT,2023-10-20,200,True,89fa8c1a84e8df22654ecb5244a469c1ec32099a4db95fbf181841bfea1e9b25,
ETHUSDT,2023-10-21,200,True,9bb0ede8162b31dceb301931cd7d3ad6c9643f65e425c71f8c97be954fc47354,
ETHUSDT,2023-10-22,200,True,3e0468b6366e86114c6b8b6c322dd0473a0b11b2a17f15671e3ba974dd7164fa,
ETHUSDT,2023-10-23,200,True,873ea4a14a33df1853eaec330d8f2990945324217b3ccdae57915fa2d8a8e0a6,
ETHUSDT,2023-10-24,404,False,,
ETHUSDT,2023-10-25,404,False,,
ETHUSDT,2023-10-26,404,False,,
ETHUSDT,2023-10-27,404,False,,
ETHUSDT,2023-10-28,404,False,,
ETHUSDT,2023-10-29,404,False,,
ETHUSDT,2023-10-30,404,False,,
ETHUSDT,2023-10-31,404,False,,
ETHUSDT,2023-11-01,404,False,,
ETHUSDT,2023-11-02,404,False,,
ETHUSDT,2023-11-03,404,False,,
ETHUSDT,2023-11-04,404,False,,
ETHUSDT,2023-11-05,404,False,,
ETHUSDT,2023-11-06,404,False,,
ETHUSDT,2023-11-07,404,False,,
ETHUSDT,2023-11-08,404,False,,
ETHUSDT,2023-11-09,404,False,,
ETHUSDT,2023-11-10,404,False,,
ETHUSDT,2023-11-11,404,False,,
ETHUSDT,2023-11-12,404,False,,
ETHUSDT,2023-11-13,404,False,,
ETHUSDT,2023-11-14,404,False,,
ETHUSDT,2023-11-15,404,False,,
ETHUSDT,2023-11-16,404,False,,
ETHUSDT,2023-11-17,404,False,,
ETHUSDT,2023-11-18,404,False,,
ETHUSDT,2023-11-19,404,False,,
ETHUSDT,2023-11-20,404,False,,
ETHUSDT,2023-11-21,404,False,,
ETHUSDT,2023-11-22,404,False,,
ETHUSDT,2023-11-23,404,False,,
ETHUSDT,2023-11-24,404,False,,
ETHUSDT,2023-11-25,404,False,,
ETHUSDT,2023-11-26,404,False,,
ETHUSDT,2023-11-27,404,False,,
ETHUSDT,2023-11-28,404,False,,
ETHUSDT,2023-11-29,404,False,,
ETHUSDT,2023-11-30,404,False,,
ETHUSDT,2023-12-01,404,False,,
ETHUSDT,2023-12-02,404,False,,
ETHUSDT,2023-12-03,404,False,,
ETHUSDT,2023-12-04,404,False,,
ETHUSDT,2023-12-05,404,False,,
ETHUSDT,2023-12-06,404,False,,
ETHUSDT,2023-12-07,404,False,,
ETHUSDT,2023-12-08,404,False,,
ETHUSDT,2023-12-09,404,False,,
ETHUSDT,2023-12-10,404,False,,
ETHUSDT,2023-12-11,404,False,,
ETHUSDT,2023-12-12,404,False,,
ETHUSDT,2023-12-13,404,False,,
ETHUSDT,2023-12-14,404,False,,
ETHUSDT,2023-12-15,404,False,,
ETHUSDT,2023-12-16,404,False,,
ETHUSDT,2023-12-17,404,False,,
ETHUSDT,2023-12-18,404,False,,
ETHUSDT,2023-12-19,404,False,,
ETHUSDT,2023-12-20,404,False,,
ETHUSDT,2023-12-21,404,False,,
ETHUSDT,2023-12-22,404,False,,
ETHUSDT,2023-12-23,404,False,,
ETHUSDT,2023-12-24,404,False,,
ETHUSDT,2023-12-25,404,False,,
ETHUSDT,2023-12-26,404,False,,
ETHUSDT,2023-12-27,404,False,,
ETHUSDT,2023-12-28,404,False,,
ETHUSDT,2023-12-29,404,False,,
ETHUSDT,2023-12-30,404,False,,
ETHUSDT,2023-12-31,404,False,,
ETHUSDT,2024-01-01,404,False,,
ETHUSDT,2024-01-02,404,False,,
ETHUSDT,2024-01-03,404,False,,
ETHUSDT,2024-01-04,404,False,,
ETHUSDT,2024-01-05,404,False,,
ETHUSDT,2024-01-06,404,False,,
ETHUSDT,2024-01-07,404,False,,
ETHUSDT,2024-01-08,404,False,,
ETHUSDT,2024-01-09,404,False,,
ETHUSDT,2024-01-10,404,False,,
ETHUSDT,2024-01-11,404,False,,
ETHUSDT,2024-01-12,404,False,,
ETHUSDT,2024-01-13,404,False,,
ETHUSDT,2024-01-14,404,False,,
ETHUSDT,2024-01-15,404,False,,
ETHUSDT,2024-01-16,404,False,,
ETHUSDT,2024-01-17,404,False,,
ETHUSDT,2024-01-18,404,False,,
ETHUSDT,2024-01-19,404,False,,
ETHUSDT,2024-01-20,404,False,,
ETHUSDT,2024-01-21,404,False,,
ETHUSDT,2024-01-22,404,False,,
ETHUSDT,2024-01-23,404,False,,
ETHUSDT,2024-01-24,404,False,,
ETHUSDT,2024-01-25,404,False,,
ETHUSDT,2024-01-26,404,False,,
ETHUSDT,2024-01-27,404,False,,
ETHUSDT,2024-01-28,404,False,,
ETHUSDT,2024-01-29,404,False,,
ETHUSDT,2024-01-30,404,False,,
ETHUSDT,2024-01-31,404,False,,
ETHUSDT,2024-02-01,404,False,,
ETHUSDT,2024-02-02,404,False,,
ETHUSDT,2024-02-03,404,False,,
ETHUSDT,2024-02-04,404,False,,
ETHUSDT,2024-02-05,404,False,,
ETHUSDT,2024-02-06,404,False,,
ETHUSDT,2024-02-07,404,False,,
ETHUSDT,2024-02-08,404,False,,
ETHUSDT,2024-02-09,404,False,,
ETHUSDT,2024-02-10,404,False,,
ETHUSDT,2024-02-11,404,False,,
ETHUSDT,2024-02-12,404,False,,
ETHUSDT,2024-02-13,404,False,,
ETHUSDT,2024-02-14,404,False,,
ETHUSDT,2024-02-15,404,False,,
ETHUSDT,2024-02-16,404,False,,
ETHUSDT,2024-02-17,404,False,,
ETHUSDT,2024-02-18,404,False,,
ETHUSDT,2024-02-19,404,False,,
ETHUSDT,2024-02-20,404,False,,
ETHUSDT,2024-02-21,404,False,,
ETHUSDT,2024-02-22,404,False,,
ETHUSDT,2024-02-23,404,False,,
ETHUSDT,2024-02-24,404,False,,
ETHUSDT,2024-02-25,404,False,,
ETHUSDT,2024-02-26,404,False,,
ETHUSDT,2024-02-27,404,False,,
ETHUSDT,2024-02-28,404,False,,
ETHUSDT,2024-02-29,404,False,,
ETHUSDT,2024-03-01,404,False,,
ETHUSDT,2024-03-02,404,False,,
ETHUSDT,2024-03-03,404,False,,
ETHUSDT,2024-03-04,404,False,,
ETHUSDT,2024-03-05,404,False,,
ETHUSDT,2024-03-06,404,False,,
ETHUSDT,2024-03-07,404,False,,
ETHUSDT,2024-03-08,404,False,,
ETHUSDT,2024-03-09,404,False,,
ETHUSDT,2024-03-10,404,False,,
ETHUSDT,2024-03-11,404,False,,
ETHUSDT,2024-03-12,404,False,,
ETHUSDT,2024-03-13,404,False,,
ETHUSDT,2024-03-14,404,False,,
ETHUSDT,2024-03-15,404,False,,
ETHUSDT,2024-03-16,404,False,,
ETHUSDT,2024-03-17,404,False,,
ETHUSDT,2024-03-18,404,False,,
ETHUSDT,2024-03-19,404,False,,
ETHUSDT,2024-03-20,404,False,,
ETHUSDT,2024-03-21,404,False,,
ETHUSDT,2024-03-22,404,False,,
ETHUSDT,2024-03-23,404,False,,
ETHUSDT,2024-03-24,404,False,,
ETHUSDT,2024-03-25,404,False,,
ETHUSDT,2024-03-26,404,False,,
ETHUSDT,2024-03-27,404,False,,
ETHUSDT,2024-03-28,404,False,,
ETHUSDT,2024-03-29,404,False,,
ETHUSDT,2024-03-30,404,False,,
ETHUSDT,2024-03-31,404,False,,
ETHUSDT,2024-04-01,404,False,,
ETHUSDT,2024-04-02,404,False,,
ETHUSDT,2024-04-03,404,False,,
ETHUSDT,2024-04-04,404,False,,
ETHUSDT,2024-04-05,404,False,,
ETHUSDT,2024-04-06,404,False,,
ETHUSDT,2024-04-07,404,False,,
ETHUSDT,2024-04-08,404,False,,
ETHUSDT,2024-04-09,404,False,,
ETHUSDT,2024-04-10,404,False,,
ETHUSDT,2024-04-11,404,False,,
ETHUSDT,2024-04-12,404,False,,
ETHUSDT,2024-04-13,404,False,,
ETHUSDT,2024-04-14,404,False,,
ETHUSDT,2024-04-15,404,False,,
ETHUSDT,2024-04-16,404,False,,
ETHUSDT,2024-04-17,404,False,,
ETHUSDT,2024-04-18,404,False,,
ETHUSDT,2024-04-19,404,False,,
ETHUSDT,2024-04-20,404,False,,
ETHUSDT,2024-04-21,404,False,,
ETHUSDT,2024-04-22,404,False,,
ETHUSDT,2024-04-23,404,False,,
ETHUSDT,2024-04-24,404,False,,
ETHUSDT,2024-04-25,404,False,,
ETHUSDT,2024-04-26,404,False,,
ETHUSDT,2024-04-27,404,False,,
ETHUSDT,2024-04-28,404,False,,
ETHUSDT,2024-04-29,404,False,,
ETHUSDT,2024-04-30,404,False,,
ETHUSDT,2024-05-01,404,False,,
ETHUSDT,2024-05-02,404,False,,
ETHUSDT,2024-05-03,404,False,,
ETHUSDT,2024-05-04,404,False,,
ETHUSDT,2024-05-05,404,False,,
ETHUSDT,2024-05-06,404,False,,
ETHUSDT,2024-05-07,404,False,,
ETHUSDT,2024-05-08,404,False,,
ETHUSDT,2024-05-09,404,False,,
ETHUSDT,2024-05-10,404,False,,
ETHUSDT,2024-05-11,404,False,,
ETHUSDT,2024-05-12,404,False,,
ETHUSDT,2024-05-13,404,False,,
ETHUSDT,2024-05-14,404,False,,
ETHUSDT,2024-05-15,404,False,,
ETHUSDT,2024-05-16,404,False,,
ETHUSDT,2024-05-17,404,False,,
ETHUSDT,2024-05-18,404,False,,
ETHUSDT,2024-05-19,404,False,,
ETHUSDT,2024-05-20,404,False,,
ETHUSDT,2024-05-21,404,False,,
ETHUSDT,2024-05-22,404,False,,
ETHUSDT,2024-05-23,404,False,,
ETHUSDT,2024-05-24,404,False,,
ETHUSDT,2024-05-25,404,False,,
ETHUSDT,2024-05-26,404,False,,
ETHUSDT,2024-05-27,404,False,,
ETHUSDT,2024-05-28,404,False,,
ETHUSDT,2024-05-29,404,False,,
ETHUSDT,2024-05-30,404,False,,
ETHUSDT,2024-05-31,404,False,,
ETHUSDT,2024-06-01,404,False,,
ETHUSDT,2024-06-02,404,False,,
ETHUSDT,2024-06-03,404,False,,
ETHUSDT,2024-06-04,404,False,,
ETHUSDT,2024-06-05,404,False,,
ETHUSDT,2024-06-06,404,False,,
ETHUSDT,2024-06-07,404,False,,
ETHUSDT,2024-06-08,404,False,,
ETHUSDT,2024-06-09,404,False,,
ETHUSDT,2024-06-10,404,False,,
ETHUSDT,2024-06-11,404,False,,
ETHUSDT,2024-06-12,404,False,,
ETHUSDT,2024-06-13,404,False,,
ETHUSDT,2024-06-14,404,False,,
ETHUSDT,2024-06-15,404,False,,
ETHUSDT,2024-06-16,404,False,,
ETHUSDT,2024-06-17,404,False,,
ETHUSDT,2024-06-18,404,False,,
ETHUSDT,2024-06-19,404,False,,
ETHUSDT,2024-06-20,404,False,,
ETHUSDT,2024-06-21,404,False,,
ETHUSDT,2024-06-22,404,False,,
ETHUSDT,2024-06-23,404,False,,
ETHUSDT,2024-06-24,404,False,,
ETHUSDT,2024-06-25,404,False,,
ETHUSDT,2024-06-26,404,False,,
ETHUSDT,2024-06-27,404,False,,
ETHUSDT,2024-06-28,404,False,,
ETHUSDT,2024-06-29,404,False,,
ETHUSDT,2024-06-30,404,False,,
ETHUSDT,2024-07-01,404,False,,
ETHUSDT,2024-07-02,404,False,,
ETHUSDT,2024-07-03,404,False,,
ETHUSDT,2024-07-04,404,False,,
ETHUSDT,2024-07-05,404,False,,
ETHUSDT,2024-07-06,404,False,,
ETHUSDT,2024-07-07,404,False,,
ETHUSDT,2024-07-08,404,False,,
ETHUSDT,2024-07-09,404,False,,
ETHUSDT,2024-07-10,404,False,,
ETHUSDT,2024-07-11,404,False,,
ETHUSDT,2024-07-12,404,False,,
ETHUSDT,2024-07-13,404,False,,
ETHUSDT,2024-07-14,404,False,,
ETHUSDT,2024-07-15,404,False,,
ETHUSDT,2024-07-16,404,False,,
ETHUSDT,2024-07-17,404,False,,
ETHUSDT,2024-07-18,404,False,,
ETHUSDT,2024-07-19,404,False,,
ETHUSDT,2024-07-20,404,False,,
ETHUSDT,2024-07-21,404,False,,
ETHUSDT,2024-07-22,404,False,,
ETHUSDT,2024-07-23,404,False,,
ETHUSDT,2024-07-24,404,False,,
ETHUSDT,2024-07-25,404,False,,
ETHUSDT,2024-07-26,404,False,,
ETHUSDT,2024-07-27,404,False,,
ETHUSDT,2024-07-28,404,False,,
ETHUSDT,2024-07-29,404,False,,
ETHUSDT,2024-07-30,404,False,,
ETHUSDT,2024-07-31,404,False,,
ETHUSDT,2024-08-01,404,False,,
ETHUSDT,2024-08-02,404,False,,
ETHUSDT,2024-08-03,404,False,,
ETHUSDT,2024-08-04,404,False,,
ETHUSDT,2024-08-05,404,False,,
ETHUSDT,2024-08-06,404,False,,
ETHUSDT,2024-08-07,404,False,,
ETHUSDT,2024-08-08,404,False,,
ETHUSDT,2024-08-09,404,False,,
ETHUSDT,2024-08-10,404,False,,
ETHUSDT,2024-08-11,404,False,,
ETHUSDT,2024-08-12,404,False,,
ETHUSDT,2024-08-13,404,False,,
ETHUSDT,2024-08-14,404,False,,
ETHUSDT,2024-08-15,404,False,,
ETHUSDT,2024-08-16,404,False,,
ETHUSDT,2024-08-17,404,False,,
ETHUSDT,2024-08-18,404,False,,
ETHUSDT,2024-08-19,404,False,,
ETHUSDT,2024-08-20,404,False,,
ETHUSDT,2024-08-21,404,False,,
ETHUSDT,2024-08-22,404,False,,
ETHUSDT,2024-08-23,404,False,,
ETHUSDT,2024-08-24,404,False,,
ETHUSDT,2024-08-25,404,False,,
ETHUSDT,2024-08-26,404,False,,
ETHUSDT,2024-08-27,404,False,,
ETHUSDT,2024-08-28,404,False,,
ETHUSDT,2024-08-29,404,False,,
ETHUSDT,2024-08-30,404,False,,
ETHUSDT,2024-08-31,404,False,,
ETHUSDT,2024-09-01,404,False,,
ETHUSDT,2024-09-02,404,False,,
ETHUSDT,2024-09-03,404,False,,
ETHUSDT,2024-09-04,404,False,,
ETHUSDT,2024-09-05,404,False,,
ETHUSDT,2024-09-06,404,False,,
ETHUSDT,2024-09-07,404,False,,
ETHUSDT,2024-09-08,404,False,,
ETHUSDT,2024-09-09,404,False,,
ETHUSDT,2024-09-10,404,False,,
ETHUSDT,2024-09-11,404,False,,
ETHUSDT,2024-09-12,404,False,,
ETHUSDT,2024-09-13,404,False,,
ETHUSDT,2024-09-14,404,False,,
ETHUSDT,2024-09-15,404,False,,
ETHUSDT,2024-09-16,404,False,,
ETHUSDT,2024-09-17,404,False,,
ETHUSDT,2024-09-18,404,False,,
ETHUSDT,2024-09-19,404,False,,
ETHUSDT,2024-09-20,404,False,,
ETHUSDT,2024-09-21,404,False,,
ETHUSDT,2024-09-22,404,False,,
ETHUSDT,2024-09-23,404,False,,
ETHUSDT,2024-09-24,404,False,,
ETHUSDT,2024-09-25,404,False,,
ETHUSDT,2024-09-26,404,False,,
ETHUSDT,2024-09-27,404,False,,
ETHUSDT,2024-09-28,404,False,,
ETHUSDT,2024-09-29,404,False,,
ETHUSDT,2024-09-30,404,False,,
ETHUSDT,2024-10-01,404,False,,
ETHUSDT,2024-10-02,404,False,,
ETHUSDT,2024-10-03,404,False,,
ETHUSDT,2024-10-04,404,False,,
ETHUSDT,2024-10-05,404,False,,
ETHUSDT,2024-10-06,404,False,,
ETHUSDT,2024-10-07,404,False,,
ETHUSDT,2024-10-08,404,False,,
ETHUSDT,2024-10-09,404,False,,
ETHUSDT,2024-10-10,404,False,,
ETHUSDT,2024-10-11,404,False,,
ETHUSDT,2024-10-12,404,False,,
ETHUSDT,2024-10-13,404,False,,
ETHUSDT,2024-10-14,404,False,,
ETHUSDT,2024-10-15,404,False,,
ETHUSDT,2024-10-16,404,False,,
ETHUSDT,2024-10-17,404,False,,
ETHUSDT,2024-10-18,404,False,,
ETHUSDT,2024-10-19,404,False,,
ETHUSDT,2024-10-20,404,False,,
ETHUSDT,2024-10-21,404,False,,
ETHUSDT,2024-10-22,404,False,,
ETHUSDT,2024-10-23,404,False,,
ETHUSDT,2024-10-24,404,False,,
ETHUSDT,2024-10-25,404,False,,
ETHUSDT,2024-10-26,404,False,,
ETHUSDT,2024-10-27,404,False,,
ETHUSDT,2024-10-28,404,False,,
ETHUSDT,2024-10-29,404,False,,
ETHUSDT,2024-10-30,404,False,,
ETHUSDT,2024-10-31,404,False,,
ETHUSDT,2024-11-01,404,False,,
ETHUSDT,2024-11-02,404,False,,
ETHUSDT,2024-11-03,404,False,,
ETHUSDT,2024-11-04,404,False,,
ETHUSDT,2024-11-05,404,False,,
ETHUSDT,2024-11-06,404,False,,
ETHUSDT,2024-11-07,404,False,,
ETHUSDT,2024-11-08,404,False,,
ETHUSDT,2024-11-09,404,False,,
ETHUSDT,2024-11-10,404,False,,
ETHUSDT,2024-11-11,404,False,,
ETHUSDT,2024-11-12,404,False,,
ETHUSDT,2024-11-13,404,False,,
ETHUSDT,2024-11-14,404,False,,
ETHUSDT,2024-11-15,404,False,,
ETHUSDT,2024-11-16,404,False,,
ETHUSDT,2024-11-17,404,False,,
ETHUSDT,2024-11-18,404,False,,
ETHUSDT,2024-11-19,404,False,,
ETHUSDT,2024-11-20,404,False,,
ETHUSDT,2024-11-21,404,False,,
ETHUSDT,2024-11-22,404,False,,
ETHUSDT,2024-11-23,404,False,,
ETHUSDT,2024-11-24,404,False,,
ETHUSDT,2024-11-25,404,False,,
ETHUSDT,2024-11-26,404,False,,
ETHUSDT,2024-11-27,404,False,,
ETHUSDT,2024-11-28,404,False,,
ETHUSDT,2024-11-29,404,False,,
ETHUSDT,2024-11-30,404,False,,
ETHUSDT,2024-12-01,404,False,,
ETHUSDT,2024-12-02,404,False,,
ETHUSDT,2024-12-03,404,False,,
ETHUSDT,2024-12-04,404,False,,
ETHUSDT,2024-12-05,404,False,,
ETHUSDT,2024-12-06,404,False,,
ETHUSDT,2024-12-07,404,False,,
ETHUSDT,2024-12-08,404,False,,
ETHUSDT,2024-12-09,404,False,,
ETHUSDT,2024-12-10,404,False,,
ETHUSDT,2024-12-11,404,False,,
ETHUSDT,2024-12-12,404,False,,
ETHUSDT,2024-12-13,404,False,,
ETHUSDT,2024-12-14,404,False,,
ETHUSDT,2024-12-15,404,False,,
ETHUSDT,2024-12-16,404,False,,
ETHUSDT,2024-12-17,404,False,,
ETHUSDT,2024-12-18,404,False,,
ETHUSDT,2024-12-19,404,False,,
ETHUSDT,2024-12-20,404,False,,
ETHUSDT,2024-12-21,404,False,,
ETHUSDT,2024-12-22,404,False,,
ETHUSDT,2024-12-23,404,False,,
ETHUSDT,2024-12-24,404,False,,
ETHUSDT,2024-12-25,404,False,,
ETHUSDT,2024-12-26,404,False,,
ETHUSDT,2024-12-27,404,False,,
ETHUSDT,2024-12-28,404,False,,
ETHUSDT,2024-12-29,404,False,,
ETHUSDT,2024-12-30,404,False,,
ETHUSDT,2024-12-31,404,False,,
ETHUSDT,2025-01-01,404,False,,
ETHUSDT,2025-01-02,404,False,,
ETHUSDT,2025-01-03,404,False,,
ETHUSDT,2025-01-04,404,False,,
ETHUSDT,2025-01-05,404,False,,
ETHUSDT,2025-01-06,404,False,,
ETHUSDT,2025-01-07,404,False,,
ETHUSDT,2025-01-08,404,False,,
ETHUSDT,2025-01-09,404,False,,
ETHUSDT,2025-01-10,404,False,,
ETHUSDT,2025-01-11,404,False,,
ETHUSDT,2025-01-12,404,False,,
ETHUSDT,2025-01-13,404,False,,
ETHUSDT,2025-01-14,404,False,,
ETHUSDT,2025-01-15,404,False,,
ETHUSDT,2025-01-16,404,False,,
ETHUSDT,2025-01-17,404,False,,
ETHUSDT,2025-01-18,404,False,,
ETHUSDT,2025-01-19,404,False,,
ETHUSDT,2025-01-20,404,False,,
ETHUSDT,2025-01-21,404,False,,
ETHUSDT,2025-01-22,404,False,,
ETHUSDT,2025-01-23,404,False,,
ETHUSDT,2025-01-24,404,False,,
ETHUSDT,2025-01-25,404,False,,
ETHUSDT,2025-01-26,404,False,,
ETHUSDT,2025-01-27,404,False,,
ETHUSDT,2025-01-28,404,False,,
ETHUSDT,2025-01-29,404,False,,
ETHUSDT,2025-01-30,404,False,,
ETHUSDT,2025-01-31,404,False,,
ETHUSDT,2025-02-01,404,False,,
ETHUSDT,2025-02-02,404,False,,
ETHUSDT,2025-02-03,404,False,,
ETHUSDT,2025-02-04,404,False,,
ETHUSDT,2025-02-05,404,False,,
ETHUSDT,2025-02-06,404,False,,
ETHUSDT,2025-02-07,404,False,,
ETHUSDT,2025-02-08,404,False,,
ETHUSDT,2025-02-09,404,False,,
ETHUSDT,2025-02-10,404,False,,
ETHUSDT,2025-02-11,404,False,,
ETHUSDT,2025-02-12,404,False,,
ETHUSDT,2025-02-13,404,False,,
ETHUSDT,2025-02-14,404,False,,
ETHUSDT,2025-02-15,404,False,,
ETHUSDT,2025-02-16,404,False,,
ETHUSDT,2025-02-17,404,False,,
ETHUSDT,2025-02-18,404,False,,
ETHUSDT,2025-02-19,404,False,,
ETHUSDT,2025-02-20,404,False,,
ETHUSDT,2025-02-21,404,False,,
ETHUSDT,2025-02-22,404,False,,
ETHUSDT,2025-02-23,404,False,,
ETHUSDT,2025-02-24,404,False,,
ETHUSDT,2025-02-25,404,False,,
ETHUSDT,2025-02-26,404,False,,
ETHUSDT,2025-02-27,404,False,,
ETHUSDT,2025-02-28,404,False,,
ETHUSDT,2025-03-01,404,False,,
ETHUSDT,2025-03-02,404,False,,
ETHUSDT,2025-03-03,404,False,,
ETHUSDT,2025-03-04,404,False,,
ETHUSDT,2025-03-05,404,False,,
ETHUSDT,2025-03-06,404,False,,
ETHUSDT,2025-03-07,404,False,,
ETHUSDT,2025-03-08,404,False,,
ETHUSDT,2025-03-09,404,False,,
ETHUSDT,2025-03-10,404,False,,
ETHUSDT,2025-03-11,404,False,,
ETHUSDT,2025-03-12,404,False,,
ETHUSDT,2025-03-13,404,False,,
ETHUSDT,2025-03-14,404,False,,
ETHUSDT,2025-03-15,404,False,,
ETHUSDT,2025-03-16,404,False,,
ETHUSDT,2025-03-17,404,False,,
ETHUSDT,2025-03-18,404,False,,
ETHUSDT,2025-03-19,404,False,,
ETHUSDT,2025-03-20,404,False,,
ETHUSDT,2025-03-21,404,False,,
ETHUSDT,2025-03-22,404,False,,
ETHUSDT,2025-03-23,404,False,,
ETHUSDT,2025-03-24,404,False,,
ETHUSDT,2025-03-25,404,False,,
ETHUSDT,2025-03-26,404,False,,
ETHUSDT,2025-03-27,404,False,,
ETHUSDT,2025-03-28,404,False,,
ETHUSDT,2025-03-29,404,False,,
ETHUSDT,2025-03-30,404,False,,
ETHUSDT,2025-03-31,404,False,,
ETHUSDT,2025-04-01,404,False,,
ETHUSDT,2025-04-02,404,False,,
ETHUSDT,2025-04-03,404,False,,
ETHUSDT,2025-04-04,404,False,,
ETHUSDT,2025-04-05,404,False,,
ETHUSDT,2025-04-06,404,False,,
ETHUSDT,2025-04-07,404,False,,
ETHUSDT,2025-04-08,404,False,,
ETHUSDT,2025-04-09,404,False,,
ETHUSDT,2025-04-10,404,False,,
ETHUSDT,2025-04-11,404,False,,
ETHUSDT,2025-04-12,404,False,,
ETHUSDT,2025-04-13,404,False,,
ETHUSDT,2025-04-14,404,False,,
ETHUSDT,2025-04-15,404,False,,
ETHUSDT,2025-04-16,404,False,,
ETHUSDT,2025-04-17,404,False,,
ETHUSDT,2025-04-18,404,False,,
ETHUSDT,2025-04-19,404,False,,
ETHUSDT,2025-04-20,404,False,,
ETHUSDT,2025-04-21,404,False,,
ETHUSDT,2025-04-22,404,False,,
ETHUSDT,2025-04-23,404,False,,
ETHUSDT,2025-04-24,404,False,,
ETHUSDT,2025-04-25,404,False,,
ETHUSDT,2025-04-26,404,False,,
ETHUSDT,2025-04-27,404,False,,
ETHUSDT,2025-04-28,404,False,,
ETHUSDT,2025-04-29,404,False,,
ETHUSDT,2025-04-30,404,False,,
ETHUSDT,2025-05-01,404,False,,
ETHUSDT,2025-05-02,404,False,,
ETHUSDT,2025-05-03,404,False,,
ETHUSDT,2025-05-04,404,False,,
ETHUSDT,2025-05-05,404,False,,
ETHUSDT,2025-05-06,404,False,,
ETHUSDT,2025-05-07,404,False,,
ETHUSDT,2025-05-08,404,False,,
ETHUSDT,2025-05-09,404,False,,
ETHUSDT,2025-05-10,404,False,,
ETHUSDT,2025-05-11,404,False,,
ETHUSDT,2025-05-12,404,False,,
ETHUSDT,2025-05-13,404,False,,
ETHUSDT,2025-05-14,404,False,,
ETHUSDT,2025-05-15,404,False,,
ETHUSDT,2025-05-16,404,False,,
ETHUSDT,2025-05-17,404,False,,
ETHUSDT,2025-05-18,404,False,,
ETHUSDT,2025-05-19,404,False,,
ETHUSDT,2025-05-20,404,False,,
ETHUSDT,2025-05-21,404,False,,
ETHUSDT,2025-05-22,404,False,,
ETHUSDT,2025-05-23,404,False,,
ETHUSDT,2025-05-24,404,False,,
ETHUSDT,2025-05-25,404,False,,
ETHUSDT,2025-05-26,404,False,,
ETHUSDT,2025-05-27,404,False,,
ETHUSDT,2025-05-28,404,False,,
ETHUSDT,2025-05-29,404,False,,
ETHUSDT,2025-05-30,404,False,,
ETHUSDT,2025-05-31,404,False,,
ETHUSDT,2025-06-01,404,False,,
ETHUSDT,2025-06-02,404,False,,
ETHUSDT,2025-06-03,404,False,,
ETHUSDT,2025-06-04,404,False,,
ETHUSDT,2025-06-05,404,False,,
ETHUSDT,2025-06-06,404,False,,
ETHUSDT,2025-06-07,404,False,,
ETHUSDT,2025-06-08,404,False,,
ETHUSDT,2025-06-09,404,False,,
ETHUSDT,2025-06-10,404,False,,
ETHUSDT,2025-06-11,404,False,,
ETHUSDT,2025-06-12,404,False,,
ETHUSDT,2025-06-13,404,False,,
ETHUSDT,2025-06-14,404,False,,
ETHUSDT,2025-06-15,404,False,,
ETHUSDT,2025-06-16,404,False,,
ETHUSDT,2025-06-17,404,False,,
ETHUSDT,2025-06-18,404,False,,
ETHUSDT,2025-06-19,404,False,,
ETHUSDT,2025-06-20,404,False,,
ETHUSDT,2025-06-21,404,False,,
ETHUSDT,2025-06-22,404,False,,
ETHUSDT,2025-06-23,404,False,,
ETHUSDT,2025-06-24,404,False,,
ETHUSDT,2025-06-25,404,False,,
ETHUSDT,2025-06-26,404,False,,
ETHUSDT,2025-06-27,404,False,,
ETHUSDT,2025-06-28,404,False,,
ETHUSDT,2025-06-29,404,False,,
ETHUSDT,2025-06-30,404,False,,
ETHUSDT,2025-07-01,404,False,,
ETHUSDT,2025-07-02,404,False,,
ETHUSDT,2025-07-03,404,False,,
ETHUSDT,2025-07-04,404,False,,
ETHUSDT,2025-07-05,404,False,,
ETHUSDT,2025-07-06,404,False,,
ETHUSDT,2025-07-07,404,False,,
ETHUSDT,2025-07-08,404,False,,
ETHUSDT,2025-07-09,404,False,,
ETHUSDT,2025-07-10,404,False,,
ETHUSDT,2025-07-11,404,False,,
ETHUSDT,2025-07-12,404,False,,
ETHUSDT,2025-07-13,404,False,,
ETHUSDT,2025-07-14,404,False,,
ETHUSDT,2025-07-15,404,False,,
ETHUSDT,2025-07-16,404,False,,
ETHUSDT,2025-07-17,404,False,,
ETHUSDT,2025-07-18,404,False,,
ETHUSDT,2025-07-19,404,False,,
ETHUSDT,2025-07-20,404,False,,
ETHUSDT,2025-07-21,404,False,,
ETHUSDT,2025-07-22,404,False,,
ETHUSDT,2025-07-23,404,False,,
ETHUSDT,2025-07-24,404,False,,
ETHUSDT,2025-07-25,404,False,,
ETHUSDT,2025-07-26,404,False,,
ETHUSDT,2025-07-27,404,False,,
ETHUSDT,2025-07-28,404,False,,
ETHUSDT,2025-07-29,404,False,,
ETHUSDT,2025-07-30,404,False,,
ETHUSDT,2025-07-31,404,False,,
ETHUSDT,2025-08-01,404,False,,
ETHUSDT,2025-08-02,404,False,,
ETHUSDT,2025-08-03,404,False,,
ETHUSDT,2025-08-04,404,False,,
ETHUSDT,2025-08-05,404,False,,
ETHUSDT,2025-08-06,404,False,,
ETHUSDT,2025-08-07,404,False,,
ETHUSDT,2025-08-08,404,False,,
ETHUSDT,2025-08-09,404,False,,
ETHUSDT,2025-08-10,404,False,,
ETHUSDT,2025-08-11,404,False,,
ETHUSDT,2025-08-12,404,False,,
ETHUSDT,2025-08-13,404,False,,
ETHUSDT,2025-08-14,404,False,,
ETHUSDT,2025-08-15,404,False,,
ETHUSDT,2025-08-16,404,False,,
ETHUSDT,2025-08-17,404,False,,
ETHUSDT,2025-08-18,404,False,,
ETHUSDT,2025-08-19,404,False,,
ETHUSDT,2025-08-20,404,False,,
ETHUSDT,2025-08-21,404,False,,
ETHUSDT,2025-08-22,404,False,,
ETHUSDT,2025-08-23,404,False,,
ETHUSDT,2025-08-24,404,False,,
ETHUSDT,2025-08-25,404,False,,
ETHUSDT,2025-08-26,404,False,,
ETHUSDT,2025-08-27,404,False,,
ETHUSDT,2025-08-28,404,False,,
ETHUSDT,2025-08-29,404,False,,
ETHUSDT,2025-08-30,404,False,,
ETHUSDT,2025-08-31,404,False,,
ETHUSDT,2025-09-01,404,False,,
ETHUSDT,2025-09-02,404,False,,
ETHUSDT,2025-09-03,404,False,,
ETHUSDT,2025-09-04,404,False,,
ETHUSDT,2025-09-05,404,False,,
ETHUSDT,2025-09-06,404,False,,
ETHUSDT,2025-09-07,404,False,,
ETHUSDT,2025-09-08,404,False,,
ETHUSDT,2025-09-09,404,False,,
ETHUSDT,2025-09-10,404,False,,
ETHUSDT,2025-09-11,404,False,,
ETHUSDT,2025-09-12,404,False,,
ETHUSDT,2025-09-13,404,False,,
ETHUSDT,2025-09-14,404,False,,
ETHUSDT,2025-09-15,404,False,,
ETHUSDT,2025-09-16,404,False,,
ETHUSDT,2025-09-17,404,False,,
ETHUSDT,2025-09-18,404,False,,
ETHUSDT,2025-09-19,404,False,,
ETHUSDT,2025-09-20,404,False,,
ETHUSDT,2025-09-21,404,False,,
ETHUSDT,2025-09-22,404,False,,
ETHUSDT,2025-09-23,404,False,,
ETHUSDT,2025-09-24,404,False,,
ETHUSDT,2025-09-25,404,False,,
ETHUSDT,2025-09-26,404,False,,
ETHUSDT,2025-09-27,404,False,,
ETHUSDT,2025-09-28,404,False,,
ETHUSDT,2025-09-29,404,False,,
ETHUSDT,2025-09-30,404,False,,
ETHUSDT,2025-10-01,404,False,,
ETHUSDT,2025-10-02,404,False,,
ETHUSDT,2025-10-03,404,False,,
ETHUSDT,2025-10-04,404,False,,
ETHUSDT,2025-10-05,404,False,,
ETHUSDT,2025-10-06,404,False,,
ETHUSDT,2025-10-07,404,False,,
ETHUSDT,2025-10-08,404,False,,
ETHUSDT,2025-10-09,404,False,,
ETHUSDT,2025-10-10,404,False,,
ETHUSDT,2025-10-11,404,False,,
ETHUSDT,2025-10-12,404,False,,
ETHUSDT,2025-10-13,404,False,,
ETHUSDT,2025-10-14,404,False,,
ETHUSDT,2025-10-15,404,False,,
ETHUSDT,2025-10-16,404,False,,
ETHUSDT,2025-10-17,404,False,,
ETHUSDT,2025-10-18,404,False,,
ETHUSDT,2025-10-19,404,False,,
ETHUSDT,2025-10-20,404,False,,
ETHUSDT,2025-10-21,404,False,,
ETHUSDT,2025-10-22,404,False,,
ETHUSDT,2025-10-23,404,False,,
ETHUSDT,2025-10-24,404,False,,
ETHUSDT,2025-10-25,404,False,,
ETHUSDT,2025-10-26,404,False,,
ETHUSDT,2025-10-27,404,False,,
ETHUSDT,2025-10-28,404,False,,
ETHUSDT,2025-10-29,404,False,,
ETHUSDT,2025-10-30,404,False,,
ETHUSDT,2025-10-31,404,False,,
ETHUSDT,2025-11-01,404,False,,
ETHUSDT,2025-11-02,404,False,,
ETHUSDT,2025-11-03,404,False,,
ETHUSDT,2025-11-04,404,False,,
ETHUSDT,2025-11-05,404,False,,
ETHUSDT,2025-11-06,404,False,,
ETHUSDT,2025-11-07,404,False,,
ETHUSDT,2025-11-08,404,False,,
ETHUSDT,2025-11-09,404,False,,
ETHUSDT,2025-11-10,404,False,,
ETHUSDT,2025-11-11,404,False,,
ETHUSDT,2025-11-12,404,False,,
ETHUSDT,2025-11-13,404,False,,
ETHUSDT,2025-11-14,404,False,,
ETHUSDT,2025-11-15,404,False,,
ETHUSDT,2025-11-16,404,False,,
ETHUSDT,2025-11-17,404,False,,
ETHUSDT,2025-11-18,404,False,,
ETHUSDT,2025-11-19,404,False,,
ETHUSDT,2025-11-20,404,False,,
ETHUSDT,2025-11-21,404,False,,
ETHUSDT,2025-11-22,404,False,,
ETHUSDT,2025-11-23,404,False,,
ETHUSDT,2025-11-24,404,False,,
ETHUSDT,2025-11-25,404,False,,
ETHUSDT,2025-11-26,404,False,,
ETHUSDT,2025-11-27,404,False,,
ETHUSDT,2025-11-28,404,False,,
ETHUSDT,2025-11-29,404,False,,
ETHUSDT,2025-11-30,404,False,,
ETHUSDT,2025-12-01,404,False,,
ETHUSDT,2025-12-02,404,False,,
ETHUSDT,2025-12-03,404,False,,
ETHUSDT,2025-12-04,404,False,,
ETHUSDT,2025-12-05,404,False,,
ETHUSDT,2025-12-06,404,False,,
ETHUSDT,2025-12-07,404,False,,
ETHUSDT,2025-12-08,404,False,,
ETHUSDT,2025-12-09,404,False,,
ETHUSDT,2025-12-10,404,False,,
ETHUSDT,2025-12-11,404,False,,
ETHUSDT,2025-12-12,404,False,,
ETHUSDT,2025-12-13,404,False,,
ETHUSDT,2025-12-14,404,False,,
ETHUSDT,2025-12-15,404,False,,
ETHUSDT,2025-12-16,404,False,,
ETHUSDT,2025-12-17,404,False,,
ETHUSDT,2025-12-18,404,False,,
ETHUSDT,2025-12-19,404,False,,
ETHUSDT,2025-12-20,404,False,,
ETHUSDT,2025-12-21,404,False,,
ETHUSDT,2025-12-22,404,False,,
ETHUSDT,2025-12-23,404,False,,
ETHUSDT,2025-12-24,404,False,,
ETHUSDT,2025-12-25,404,False,,
ETHUSDT,2025-12-26,404,False,,
ETHUSDT,2025-12-27,404,False,,
ETHUSDT,2025-12-28,404,False,,
ETHUSDT,2025-12-29,404,False,,
ETHUSDT,2025-12-30,404,False,,
ETHUSDT,2025-12-31,404,False,,
ETHUSDT,2026-01-01,404,False,,
ETHUSDT,2026-01-02,404,False,,
ETHUSDT,2026-01-03,404,False,,
ETHUSDT,2026-01-04,404,False,,
ETHUSDT,2026-01-05,404,False,,
ETHUSDT,2026-01-06,404,False,,
ETHUSDT,2026-01-07,404,False,,
ETHUSDT,2026-01-08,404,False,,
ETHUSDT,2026-01-09,404,False,,
ETHUSDT,2026-01-10,404,False,,
ETHUSDT,2026-01-11,404,False,,
ETHUSDT,2026-01-12,404,False,,
ETHUSDT,2026-01-13,404,False,,
ETHUSDT,2026-01-14,404,False,,
ETHUSDT,2026-01-15,404,False,,
ETHUSDT,2026-01-16,404,False,,
ETHUSDT,2026-01-17,404,False,,
ETHUSDT,2026-01-18,404,False,,
ETHUSDT,2026-01-19,404,False,,
ETHUSDT,2026-01-20,404,False,,
ETHUSDT,2026-01-21,404,False,,
ETHUSDT,2026-01-22,404,False,,
ETHUSDT,2026-01-23,404,False,,
ETHUSDT,2026-01-24,404,False,,
ETHUSDT,2026-01-25,404,False,,
ETHUSDT,2026-01-26,404,False,,
ETHUSDT,2026-01-27,404,False,,
ETHUSDT,2026-01-28,404,False,,
ETHUSDT,2026-01-29,404,False,,
ETHUSDT,2026-01-30,404,False,,
ETHUSDT,2026-01-31,404,False,,
ETHUSDT,2026-02-01,404,False,,
ETHUSDT,2026-02-02,404,False,,
ETHUSDT,2026-02-03,404,False,,
ETHUSDT,2026-02-04,404,False,,
ETHUSDT,2026-02-05,404,False,,
ETHUSDT,2026-02-06,404,False,,
ETHUSDT,2026-02-07,404,False,,
ETHUSDT,2026-02-08,404,False,,
ETHUSDT,2026-02-09,404,False,,
ETHUSDT,2026-02-10,404,False,,
ETHUSDT,2026-02-11,404,False,,
ETHUSDT,2026-02-12,404,False,,
ETHUSDT,2026-02-13,404,False,,
ETHUSDT,2026-02-14,404,False,,
ETHUSDT,2026-02-15,404,False,,
ETHUSDT,2026-02-16,404,False,,
ETHUSDT,2026-02-17,404,False,,
ETHUSDT,2026-02-18,404,False,,
ETHUSDT,2026-02-19,404,False,,
ETHUSDT,2026-02-20,404,False,,
ETHUSDT,2026-02-21,404,False,,
ETHUSDT,2026-02-22,404,False,,
ETHUSDT,2026-02-23,404,False,,
ETHUSDT,2026-02-24,404,False,,
ETHUSDT,2026-02-25,404,False,,
ETHUSDT,2026-02-26,404,False,,
ETHUSDT,2026-02-27,404,False,,
ETHUSDT,2026-02-28,404,False,,
ETHUSDT,2026-03-01,404,False,,
ETHUSDT,2026-03-02,404,False,,
ETHUSDT,2026-03-03,404,False,,
ETHUSDT,2026-03-04,404,False,,
ETHUSDT,2026-03-05,404,False,,
ETHUSDT,2026-03-06,404,False,,
ETHUSDT,2026-03-07,404,False,,
ETHUSDT,2026-03-08,404,False,,
ETHUSDT,2026-03-09,404,False,,
ETHUSDT,2026-03-10,404,False,,
ETHUSDT,2026-03-11,404,False,,
ETHUSDT,2026-03-12,404,False,,
ETHUSDT,2026-03-13,404,False,,
ETHUSDT,2026-03-14,404,False,,
ETHUSDT,2026-03-15,404,False,,
ETHUSDT,2026-03-16,404,False,,
ETHUSDT,2026-03-17,404,False,,
ETHUSDT,2026-03-18,404,False,,
ETHUSDT,2026-03-19,404,False,,
ETHUSDT,2026-03-20,404,False,,
ETHUSDT,2026-03-21,404,False,,
ETHUSDT,2026-03-22,404,False,,
ETHUSDT,2026-03-23,404,False,,
ETHUSDT,2026-03-24,404,False,,
ETHUSDT,2026-03-25,404,False,,
ETHUSDT,2026-03-26,404,False,,
ETHUSDT,2026-03-27,404,False,,
ETHUSDT,2026-03-28,404,False,,
ETHUSDT,2026-03-29,404,False,,
ETHUSDT,2026-03-30,404,False,,
ETHUSDT,2026-03-31,404,False,,
ETHUSDT,2026-04-01,404,False,,
ETHUSDT,2026-04-02,404,False,,
ETHUSDT,2026-04-03,404,False,,
ETHUSDT,2026-04-04,404,False,,
ETHUSDT,2026-04-05,404,False,,
ETHUSDT,2026-04-06,404,False,,
ETHUSDT,2026-04-07,404,False,,
ETHUSDT,2026-04-08,404,False,,
ETHUSDT,2026-04-09,404,False,,
ETHUSDT,2026-04-10,404,False,,
ETHUSDT,2026-04-11,404,False,,
ETHUSDT,2026-04-12,404,False,,
ETHUSDT,2026-04-13,404,False,,
ETHUSDT,2026-04-14,404,False,,
ETHUSDT,2026-04-15,404,False,,
ETHUSDT,2026-04-16,404,False,,
ETHUSDT,2026-04-17,404,False,,
ETHUSDT,2026-04-18,404,False,,
ETHUSDT,2026-04-19,404,False,,
ETHUSDT,2026-04-20,404,False,,
ETHUSDT,2026-04-21,404,False,,
ETHUSDT,2026-04-22,404,False,,
ETHUSDT,2026-04-23,404,False,,
ETHUSDT,2026-04-24,404,False,,
ETHUSDT,2026-04-25,404,False,,
ETHUSDT,2026-04-26,404,False,,
ETHUSDT,2026-04-27,404,False,,
ETHUSDT,2026-04-28,404,False,,
ETHUSDT,2026-04-29,404,False,,
ETHUSDT,2026-04-30,404,False,,
ETHUSDT,2026-05-01,404,False,,
ETHUSDT,2026-05-02,404,False,,
ETHUSDT,2026-05-03,404,False,,
ETHUSDT,2026-05-04,404,False,,
ETHUSDT,2026-05-05,404,False,,
ETHUSDT,2026-05-06,404,False,,
ETHUSDT,2026-05-07,404,False,,
ETHUSDT,2026-05-08,404,False,,
ETHUSDT,2026-05-09,404,False,,
ETHUSDT,2026-05-10,404,False,,
ETHUSDT,2026-05-11,404,False,,
ETHUSDT,2026-05-12,404,False,,
ETHUSDT,2026-05-13,404,False,,
ETHUSDT,2026-05-14,404,False,,
ETHUSDT,2026-05-15,404,False,,
ETHUSDT,2026-05-16,404,False,,
ETHUSDT,2026-05-17,404,False,,
ETHUSDT,2026-05-18,404,False,,
ETHUSDT,2026-05-19,404,False,,
ETHUSDT,2026-05-20,404,False,,
ETHUSDT,2026-05-21,404,False,,
ETHUSDT,2026-05-22,404,False,,
ETHUSDT,2026-05-23,404,False,,
ETHUSDT,2026-05-24,404,False,,
ETHUSDT,2026-05-25,404,False,,
ETHUSDT,2026-05-26,404,False,,
ETHUSDT,2026-05-27,404,False,,
ETHUSDT,2026-05-28,404,False,,
ETHUSDT,2026-05-29,404,False,,
ETHUSDT,2026-05-30,404,False,,
ETHUSDT,2026-05-31,404,False,,
ETHUSDT,2026-06-01,404,False,,
ETHUSDT,2026-06-02,404,False,,
ETHUSDT,2026-06-03,404,False,,
ETHUSDT,2026-06-04,404,False,,
ETHUSDT,2026-06-05,404,False,,
ETHUSDT,2026-06-06,404,False,,
ETHUSDT,2026-06-07,404,False,,
ETHUSDT,2026-06-08,404,False,,
ETHUSDT,2026-06-09,404,False,,
ETHUSDT,2026-06-10,404,False,,
ETHUSDT,2026-06-11,404,False,,
ETHUSDT,2026-06-12,404,False,,
ETHUSDT,2026-06-13,404,False,,
ETHUSDT,2026-06-14,404,False,,
ETHUSDT,2026-06-15,404,False,,
ETHUSDT,2026-06-16,404,False,,
ETHUSDT,2026-06-17,404,False,,
ETHUSDT,2026-06-18,404,False,,
ETHUSDT,2026-06-19,404,False,,
ETHUSDT,2026-06-20,404,False,,
ETHUSDT,2026-06-21,404,False,,
ETHUSDT,2026-06-22,404,False,,
ETHUSDT,2026-06-23,404,False,,
ETHUSDT,2026-06-24,404,False,,
ETHUSDT,2026-06-25,404,False,,
ETHUSDT,2026-06-26,404,False,,
ETHUSDT,2026-06-27,404,False,,
ETHUSDT,2026-06-28,404,False,,
ETHUSDT,2026-06-29,404,False,,
ETHUSDT,2026-06-30,404,False,,
