/home/runner/work/fin/fin/research/active_v9/data.py:18: UserWarning: Converting to Period representation will drop timezone information.
  x=utc(a).to_period('M').to_timestamp().tz_localize('UTC');e=utc(b)
archives 200/2028
archives 400/2028
archives 600/2028
archives 800/2028
archives 1000/2028
archives 1200/2028
archives 1400/2028
archives 1600/2028
archives 1800/2028
archives 2000/2028
archives 2028/2028
processed 24/144 policies
processed 48/144 policies
processed 72/144 policies
processed 96/144 policies
processed 120/144 policies
processed 144/144 policies
{
  "candidate": "ACTIVE_V357_CRYPTO_CORRELATION_STABILITY",
  "status": "rejected_before_validation",
  "eligible_policy_count": 0,
  "standalone_selection_passed": false,
  "integration_permitted": false,
  "promoted_candidates": [],
  "live_ready": false,
  "real_leverage_authorized": false,
  "profitability_proven": false,
  "selection": {
    "candidate": "ACTIVE_V357_CRYPTO_CORRELATION_STABILITY",
    "selection_cutoff": "2023-12-31T23:59:59Z",
    "selection_uses_2024": false,
    "selection_uses_2025": false,
    "selection_uses_2026": false,
    "program_level_holdout_pristine": false,
    "policy_count": 144,
    "promotable_policy_count": 108,
    "eligible_policy_count": 0,
    "development_gates": {
      "cagr_min": 0.05,
      "sharpe_min": 1.0,
      "max_drawdown_min": -0.15,
      "rebalance_events_min": 18,
      "annual_turnover_max": 15.0,
      "max_realized_gross": 0.7,
      "all_development_years_positive": true,
      "net_long_leg_pnl_positive": true,
      "net_short_leg_pnl_positive": true,
      "symbols_traded_min": 10,
      "top_positive_asset_pnl_share_max": 0.35
    },
    "post_selection_gates": {
      "validation_return_positive": true,
      "holdout_return_positive": true,
      "final_return_positive": true,
      "full_cagr_min": 0.06,
      "full_sharpe_min": 0.8,
      "full_max_drawdown_min": -0.15,
      "severe_full_cagr_positive": true,
      "extreme_full_cagr_positive": true,
      "latency_full_cagr_positive": true,
      "worst_calendar_year_min": -0.1,
      "full_long_leg_pnl_positive": true,
      "full_short_leg_pnl_positive": true,
      "top_positive_asset_pnl_share_max": 0.35,
      "forced_exit_count_max": 4
    },
    "coverage_gate": {
      "candidate": "V269_FIXED_UNIVERSE_DATA_COVERAGE",
      "fixed_universe_size": 13,
      "minimum_price_active_month_share": 0.95,
      "minimum_funding_active_month_share": 0.9,
      "minimum_development_price_months": 34,
      "details": {
        "BTCUSDT": {
          "first_price_month": "2020-01",
          "last_price_month": "2026-06",
          "active_month_count": 78,
          "price_active_month_share": 1.0,
          "funding_active_month_share": 1.0,
          "development_price_months": 36,
          "latest_required": true,
          "latest_present": true,
          "rows": 2373,
          "timestamp_min": "2020-01-01T00:00:00+00:00",
          "timestamp_max": "2026-06-30T00:00:00+00:00",
          "passed": true
        },
        "ETHUSDT": {
          "first_price_month": "2020-01",
          "last_price_month": "2026-06",
          "active_month_count": 78,
          "price_active_month_share": 1.0,
          "funding_active_month_share": 1.0,
          "development_price_months": 36,
          "latest_required": true,
          "latest_present": true,
          "rows": 2373,
          "timestamp_min": "2020-01-01T00:00:00+00:00",
          "timestamp_max": "2026-06-30T00:00:00+00:00",
          "passed": true
        },
        "BNBUSDT": {
          "first_price_month": "2020-02",
          "last_price_month": "2026-06",
          "active_month_count": 77,
          "price_active_month_share": 1.0,
          "funding_active_month_share": 1.0,
          "development_price_months": 36,
          "latest_required": false,
          "latest_present": true,
          "rows": 2333,
          "timestamp_min": "2020-02-10T00:00:00+00:00",
          "timestamp_max": "2026-06-30T00:00:00+00:00",
          "passed": true
        },
        "XRPUSDT": {
          "first_price_month": "2020-01",
          "last_price_month": "2026-06",
          "active_month_count": 78,
          "price_active_month_share": 1.0,
          "funding_active_month_share": 1.0,
          "development_price_months": 36,
          "latest_required": false,
          "latest_present": true,
          "rows": 2363,
          "timestamp_min": "2020-01-06T00:00:00+00:00",
          "timestamp_max": "2026-06-30T00:00:00+00:00",
          "passed": true
        },
        "ADAUSDT": {
          "first_price_month": "2020-01",
          "last_price_month": "2026-06",
          "active_month_count": 78,
          "price_active_month_share": 1.0,
          "funding_active_month_share": 1.0,
          "development_price_months": 36,
          "latest_required": false,
          "latest_present": true,
          "rows": 2343,
          "timestamp_min": "2020-01-31T00:00:00+00:00",
          "timestamp_max": "2026-06-30T00:00:00+00:00",
          "passed": true
        },
        "LTCUSDT": {
          "first_price_month": "2020-01",
          "last_price_month": "2026-06",
          "active_month_count": 78,
          "price_active_month_share": 1.0,
          "funding_active_month_share": 1.0,
          "development_price_months": 36,
          "latest_required": false,
          "latest_present": true,
          "rows": 2360,
          "timestamp_min": "2020-01-09T00:00:00+00:00",
          "timestamp_max": "2026-06-30T00:00:00+00:00",
          "passed": true
        },
        "BCHUSDT": {
          "first_price_month": "2020-01",
          "last_price_month": "2026-06",
          "active_month_count": 78,
          "price_active_month_share": 1.0,
          "funding_active_month_share": 1.0,
          "development_price_months": 36,
          "latest_required": false,
          "latest_present": true,
          "rows": 2373,
          "timestamp_min": "2020-01-01T00:00:00+00:00",
          "timestamp_max": "2026-06-30T00:00:00+00:00",
          "passed": true
        },
        "EOSUSDT": {
          "first_price_month": "2020-01",
          "last_price_month": "2025-05",
          "active_month_count": 65,
          "price_active_month_share": 1.0,
          "funding_active_month_share": 1.0,
          "development_price_months": 36,
          "latest_required": false,
          "latest_present": false,
          "rows": 1961,
          "timestamp_min": "2020-01-08T00:00:00+00:00",
          "timestamp_max": "2025-05-21T00:00:00+00:00",
          "passed": true
        },
        "DOGEUSDT": {
          "first_price_month": "2020-07",
          "last_price_month": "2026-06",
          "active_month_count": 72,
          "price_active_month_share": 1.0,
          "funding_active_month_share": 1.0,
          "development_price_months": 36,
          "latest_required": false,
          "latest_present": true,
          "rows": 2182,
          "timestamp_min": "2020-07-10T00:00:00+00:00",
          "timestamp_max": "2026-06-30T00:00:00+00:00",
          "passed": true
        },
        "LINKUSDT": {
          "first_price_month": "2020-01",
          "last_price_month": "2026-06",
          "active_month_count": 78,
          "price_active_month_share": 1.0,
          "funding_active_month_share": 1.0,
          "development_price_months": 36,
          "latest_required": false,
          "latest_present": true,
          "rows": 2357,
          "timestamp_min": "2020-01-17T00:00:00+00:00",
          "timestamp_max": "2026-06-30T00:00:00+00:00",
          "passed": true
        },
        "DOTUSDT": {
          "first_price_month": "2020-08",
          "last_price_month": "2026-06",
          "active_month_count": 71,
          "price_active_month_share": 1.0,
          "funding_active_month_share": 1.0,
          "development_price_months": 36,
          "latest_required": false,
          "latest_present": true,
          "rows": 2139,
          "timestamp_min": "2020-08-22T00:00:00+00:00",
          "timestamp_max": "2026-06-30T00:00:00+00:00",
          "passed": true
        },
        "TRXUSDT": {
          "first_price_month": "2020-01",
          "last_price_month": "2026-06",
          "active_month_count": 78,
          "price_active_month_share": 1.0,
          "funding_active_month_share": 1.0,
          "development_price_months": 36,
          "latest_required": false,
          "latest_present": true,
          "rows": 2354,
          "timestamp_min": "2020-01-15T00:00:00+00:00",
          "timestamp_max": "2026-06-30T00:00:00+00:00",
          "passed": true
        },
        "SOLUSDT": {
          "first_price_month": "2020-09",
          "last_price_month": "2026-06",
          "active_month_count": 70,
          "price_active_month_share": 1.0,
          "funding_active_month_share": 1.0,
          "development_price_months": 36,
          "latest_required": false,
          "latest_present": true,
          "rows": 2111,
          "timestamp_min": "2020-09-14T00:00:00+00:00",
          "timestamp_max": "2026-06-30T00:00:00+00:00",
          "passed": true
        }
      },
      "passed": true,
      "survivor_replacement_permitted": false
    },
    "ranking_sha256": "a1888b918ea8b7c799a2f4fbd3ee69a50e5367e199102767518c560bdf2afd7f",
    "design_sha256": "4aa934d28bffc9cc3fbc4998b5c9a2b1d5495657dfd72f2a4654732e4ef4491d",
    "selected": null,
    "selection_proof_sha256": "3ef696c8faadf360338e35a790a7e4f95bf0fedeae2c26c93a86408d182469c0"
  },
  "coverage_gate": {
    "candidate": "V269_FIXED_UNIVERSE_DATA_COVERAGE",
    "fixed_universe_size": 13,
    "minimum_price_active_month_share": 0.95,
    "minimum_funding_active_month_share": 0.9,
    "minimum_development_price_months": 34,
    "details": {
      "BTCUSDT": {
        "first_price_month": "2020-01",
        "last_price_month": "2026-06",
        "active_month_count": 78,
        "price_active_month_share": 1.0,
        "funding_active_month_share": 1.0,
        "development_price_months": 36,
        "latest_required": true,
        "latest_present": true,
        "rows": 2373,
        "timestamp_min": "2020-01-01T00:00:00+00:00",
        "timestamp_max": "2026-06-30T00:00:00+00:00",
        "passed": true
      },
      "ETHUSDT": {
        "first_price_month": "2020-01",
        "last_price_month": "2026-06",
        "active_month_count": 78,
        "price_active_month_share": 1.0,
        "funding_active_month_share": 1.0,
        "development_price_months": 36,
        "latest_required": true,
        "latest_present": true,
        "rows": 2373,
        "timestamp_min": "2020-01-01T00:00:00+00:00",
        "timestamp_max": "2026-06-30T00:00:00+00:00",
        "passed": true
      },
      "BNBUSDT": {
        "first_price_month": "2020-02",
        "last_price_month": "2026-06",
        "active_month_count": 77,
        "price_active_month_share": 1.0,
        "funding_active_month_share": 1.0,
        "development_price_months": 36,
        "latest_required": false,
        "latest_present": true,
        "rows": 2333,
        "timestamp_min": "2020-02-10T00:00:00+00:00",
        "timestamp_max": "2026-06-30T00:00:00+00:00",
        "passed": true
      },
      "XRPUSDT": {
        "first_price_month": "2020-01",
        "last_price_month": "2026-06",
        "active_month_count": 78,
        "price_active_month_share": 1.0,
        "funding_active_month_share": 1.0,
        "development_price_months": 36,
        "latest_required": false,
        "latest_present": true,
        "rows": 2363,
        "timestamp_min": "2020-01-06T00:00:00+00:00",
        "timestamp_max": "2026-06-30T00:00:00+00:00",
        "passed": true
      },
      "ADAUSDT": {
        "first_price_month": "2020-01",
        "last_price_month": "2026-06",
        "active_month_count": 78,
        "price_active_month_share": 1.0,
        "funding_active_month_share": 1.0,
        "development_price_months": 36,
        "latest_required": false,
        "latest_present": true,
        "rows": 2343,
        "timestamp_min": "2020-01-31T00:00:00+00:00",
        "timestamp_max": "2026-06-30T00:00:00+00:00",
        "passed": true
      },
      "LTCUSDT": {
        "first_price_month": "2020-01",
        "last_price_month": "2026-06",
        "active_month_count": 78,
        "price_active_month_share": 1.0,
        "funding_active_month_share": 1.0,
        "development_price_months": 36,
        "latest_required": false,
        "latest_present": true,
        "rows": 2360,
        "timestamp_min": "2020-01-09T00:00:00+00:00",
        "timestamp_max": "2026-06-30T00:00:00+00:00",
        "passed": true
      },
      "BCHUSDT": {
        "first_price_month": "2020-01",
        "last_price_month": "2026-06",
        "active_month_count": 78,
        "price_active_month_share": 1.0,
        "funding_active_month_share": 1.0,
        "development_price_months": 36,
        "latest_required": false,
        "latest_present": true,
        "rows": 2373,
        "timestamp_min": "2020-01-01T00:00:00+00:00",
        "timestamp_max": "2026-06-30T00:00:00+00:00",
        "passed": true
      },
      "EOSUSDT": {
        "first_price_month": "2020-01",
        "last_price_month": "2025-05",
        "active_month_count": 65,
        "price_active_month_share": 1.0,
        "funding_active_month_share": 1.0,
        "development_price_months": 36,
        "latest_required": false,
        "latest_present": false,
        "rows": 1961,
        "timestamp_min": "2020-01-08T00:00:00+00:00",
        "timestamp_max": "2025-05-21T00:00:00+00:00",
        "passed": true
      },
      "DOGEUSDT": {
        "first_price_month": "2020-07",
        "last_price_month": "2026-06",
        "active_month_count": 72,
        "price_active_month_share": 1.0,
        "funding_active_month_share": 1.0,
        "development_price_months": 36,
        "latest_required": false,
        "latest_present": true,
        "rows": 2182,
        "timestamp_min": "2020-07-10T00:00:00+00:00",
        "timestamp_max": "2026-06-30T00:00:00+00:00",
        "passed": true
      },
      "LINKUSDT": {
        "first_price_month": "2020-01",
        "last_price_month": "2026-06",
        "active_month_count": 78,
        "price_active_month_share": 1.0,
        "funding_active_month_share": 1.0,
        "development_price_months": 36,
        "latest_required": false,
        "latest_present": true,
        "rows": 2357,
        "timestamp_min": "2020-01-17T00:00:00+00:00",
        "timestamp_max": "2026-06-30T00:00:00+00:00",
        "passed": true
      },
      "DOTUSDT": {
        "first_price_month": "2020-08",
        "last_price_month": "2026-06",
        "active_month_count": 71,
        "price_active_month_share": 1.0,
        "funding_active_month_share": 1.0,
        "development_price_months": 36,
        "latest_required": false,
        "latest_present": true,
        "rows": 2139,
        "timestamp_min": "2020-08-22T00:00:00+00:00",
        "timestamp_max": "2026-06-30T00:00:00+00:00",
        "passed": true
      },
      "TRXUSDT": {
        "first_price_month": "2020-01",
        "last_price_month": "2026-06",
        "active_month_count": 78,
        "price_active_month_share": 1.0,
        "funding_active_month_share": 1.0,
        "development_price_months": 36,
        "latest_required": false,
        "latest_present": true,
        "rows": 2354,
        "timestamp_min": "2020-01-15T00:00:00+00:00",
        "timestamp_max": "2026-06-30T00:00:00+00:00",
        "passed": true
      },
      "SOLUSDT": {
        "first_price_month": "2020-09",
        "last_price_month": "2026-06",
        "active_month_count": 70,
        "price_active_month_share": 1.0,
        "funding_active_month_share": 1.0,
        "development_price_months": 36,
        "latest_required": false,
        "latest_present": true,
        "rows": 2111,
        "timestamp_min": "2020-09-14T00:00:00+00:00",
        "timestamp_max": "2026-06-30T00:00:00+00:00",
        "passed": true
      }
    },
    "passed": true,
    "survivor_replacement_permitted": false
  },
  "development_diagnostics": [
    {
      "policy": "low_market_correlation_l120_k4_r14_dollar",
      "family": "low_market_correlation",
      "lookback_days": 120,
      "long_short_k": 4,
      "rebalance_days": 14,
      "neutralization": "dollar",
      "promotable_family": true,
      "eligible_development": false,
      "all_development_years_positive": false,
      "long_leg_pnl": 20001.10407113744,
      "short_leg_pnl": -1329.1883329110494,
      "symbol_count_traded": 13,
      "symbols_traded": "ADAUSDT+BCHUSDT+BNBUSDT+BTCUSDT+DOGEUSDT+DOTUSDT+EOSUSDT+ETHUSDT+LINKUSDT+LTCUSDT+SOLUSDT+TRXUSDT+XRPUSDT",
      "top_positive_asset_pnl_share": 0.4932588730467645,
      "asset_pnl_json": "{\"ADAUSDT\": -1909.051660279816, \"BCHUSDT\": -1255.0646311300168, \"BNBUSDT\": 1465.371500088491, \"BTCUSDT\": -371.41556675345157, \"DOGEUSDT\": 13220.621590607854, \"DOTUSDT\": 1001.9930820704318, \"EOSUSDT\": -2274.0700847144303, \"ETHUSDT\": -926.6745004102015, \"LINKUSDT\": -1394.410494331368, \"LTCUSDT\": 1046.2964547892504, \"SOLUSDT\": 6598.3721801223355, \"TRXUSDT\": 1203.9937215780642, \"XRPUSDT\": 2265.9541465892926}",
      "score": 0.4955499210380176,
      "development_total_return": 1.867191573822625,
      "development_cagr": 0.42143287490258396,
      "development_max_drawdown": -0.18947267245768307,
      "development_sharpe": 1.675638978384993,
      "development_annual_turnover": 3.7688677847442924,
      "development_average_gross": 0.41133809505505525,
      "development_max_gross": 0.790006899018593,
      "development_costs": 915.5852880419625,
      "development_funding_pnl": -613.63359069378,
      "development_rebalance_events": 53,
      "development_forced_exits": 2
    },
    {
      "policy": "low_market_correlation_l120_k4_r14_beta",
      "family": "low_market_correlation",
      "lookback_days": 120,
      "long_short_k": 4,
      "rebalance_days": 14,
      "neutralization": "beta",
      "promotable_family": true,
      "eligible_development": false,
      "all_development_years_positive": false,
      "long_leg_pnl": 20300.764710930966,
      "short_leg_pnl": -1928.6611255361427,
      "symbol_count_traded": 13,
      "symbols_traded": "ADAUSDT+BCHUSDT+BNBUSDT+BTCUSDT+DOGEUSDT+DOTUSDT+EOSUSDT+ETHUSDT+LINKUSDT+LTCUSDT+SOLUSDT+TRXUSDT+XRPUSDT",
      "top_positive_asset_pnl_share": 0.498374421105475,
      "asset_pnl_json": "{\"ADAUSDT\": -2009.5583684939797, \"BCHUSDT\": -1363.8603908862642, \"BNBUSDT\": 897.5961104541799, \"BTCUSDT\": -520.0164967501361, \"DOGEUSDT\": 13354.494022038516, \"DOTUSDT\": 1042.5276665285442, \"EOSUSDT\": -2340.3638087063455, \"ETHUSDT\": -1063.9720725797047, \"LINKUSDT\": -1126.2316913503123, \"LTCUSDT\": 915.8173101678144, \"SOLUSDT\": 6684.209938920062, \"TRXUSDT\": 1143.079055230898, \"XRPUSDT\": 2758.382310821635}",
      "score": 0.4824275837321145,
      "development_total_return": 1.837210358539481,
      "development_cagr": 0.41645319291775773,
      "development_max_drawdown": -0.20394506208094865,
      "development_sharpe": 1.5419791405177812,
      "development_annual_turnover": 3.916266771110565,
      "development_average_gross": 0.4108901460857067,
      "development_max_gross": 0.7056408390720521,
      "development_costs": 939.9193411023559,
      "development_funding_pnl": -867.4641323644262,
      "development_rebalance_events": 57,
      "development_forced_exits": 2
    },
    {
      "policy": "low_market_correlation_l120_k3_r7_dollar",
      "family": "low_market_correlation",
      "lookback_days": 120,
      "long_short_k": 3,
      "rebalance_days": 7,
      "neutralization": "dollar",
      "promotable_family": true,
      "eligible_development": false,
      "all_development_years_positive": false,
      "long_leg_pnl": 19114.402866373868,
      "short_leg_pnl": -1372.3040220648736,
      "symbol_count_traded": 13,
      "symbols_traded": "ADAUSDT+BCHUSDT+BNBUSDT+BTCUSDT+DOGEUSDT+DOTUSDT+EOSUSDT+ETHUSDT+LINKUSDT+LTCUSDT+SOLUSDT+TRXUSDT+XRPUSDT",
      "top_positive_asset_pnl_share": 0.493564799361214,
      "asset_pnl_json": "{\"ADAUSDT\": -4134.354663060596, \"BCHUSDT\": 28.167914134926612, \"BNBUSDT\": -75.7911836277609, \"BTCUSDT\": -339.9413458109112, \"DOGEUSDT\": 13213.740689853132, \"DOTUSDT\": -122.3992452667327, \"EOSUSDT\": -1600.0448113884481, \"ETHUSDT\": -1387.4239920201471, \"LINKUSDT\": -1369.9942999660927, \"LTCUSDT\": 126.05185578316294, \"SOLUSDT\": 8220.482856316838, \"TRXUSDT\": 1542.063483074435, \"XRPUSDT\": 3641.5415862870796}",
      "score": 0.46060991276009516,
      "development_total_return": 1.7742098844308964,
      "development_cagr": 0.4058738532755659,
      "development_max_drawdown": -0.23752747307193223,
      "development_sharpe": 1.4260409397840288,
      "development_annual_turnover": 4.3734785872103625,
      "development_average_gross": 0.4123619646502565,
      "development_max_gross": 0.7068180420137693,
      "development_costs": 1017.1112168525051,
      "development_funding_pnl": -485.374102743854,
      "development_rebalance_events": 62,
      "development_forced_exits": 0
    },
    {
      "policy": "low_market_correlation_l120_k3_r14_dollar",
      "family": "low_market_correlation",
      "lookback_days": 120,
      "long_short_k": 3,
      "rebalance_days": 14,
      "neutralization": "dollar",
      "promotable_family": true,
      "eligible_development": false,
      "all_development_years_positive": false,
      "long_leg_pnl": 17973.11297638642,
      "short_leg_pnl": -1202.0271772845038,
      "symbol_count_traded": 13,
      "symbols_traded": "ADAUSDT+BCHUSDT+BNBUSDT+BTCUSDT+DOGEUSDT+DOTUSDT+EOSUSDT+ETHUSDT+LINKUSDT+LTCUSDT+SOLUSDT+TRXUSDT+XRPUSDT",
      "top_positive_asset_pnl_share": 0.4845058289256094,
      "asset_pnl_json": "{\"ADAUSDT\": -3634.5384769744355, \"BCHUSDT\": -163.6690928075041, \"BNBUSDT\": -317.83169302199246, \"BTCUSDT\": -455.1047165621194, \"DOGEUSDT\": 12929.126472950888, \"DOTUSDT\": 35.08237342928553, \"EOSUSDT\": -2297.887028199977, \"ETHUSDT\": -1466.983041667002, \"LINKUSDT\": -1578.0826635477135, \"LTCUSDT\": 882.3159208182008, \"SOLUSDT\": 8277.884788368365, \"TRXUSDT\": 1281.8124367262108, \"XRPUSDT\": 3278.960519589717}",
      "score": 0.4406661576909495,
      "development_total_return": 1.677108579910179,
      "development_cagr": 0.3892500885975987,
      "development_max_drawdown": -0.24667272230039095,
      "development_sharpe": 1.382605929921394,
      "development_annual_turnover": 3.6063983712209886,
      "development_average_gross": 0.40994154335666255,
      "development_max_gross": 0.7068180420137704,
      "development_costs": 846.0206652028435,
      "development_funding_pnl": -671.9326930092989,
      "development_rebalance_events": 46,
      "development_forced_exits": 0
    },
    {
      "policy": "low_market_correlation_l120_k3_r14_beta",
      "family": "low_market_correlation",
      "lookback_days": 120,
      "long_short_k": 3,
      "rebalance_days": 14,
      "neutralization": "beta",
      "promotable_family": true,
      "eligible_development": false,
      "all_development_years_positive": false,
      "long_leg_pnl": 18099.5628659985,
      "short_leg_pnl": -2149.5967989920314,
      "symbol_count_traded": 13,
      "symbols_traded": "ADAUSDT+BCHUSDT+BNBUSDT+BTCUSDT+DOGEUSDT+DOTUSDT+EOSUSDT+ETHUSDT+LINKUSDT+LTCUSDT+SOLUSDT+TRXUSDT+XRPUSDT",
      "top_positive_asset_pnl_share": 0.5053664605900504,
      "asset_pnl_json": "{\"ADAUSDT\": -3591.7808714011, \"BCHUSDT\": -232.8593425953992, \"BNBUSDT\": -407.18197594340694, \"BTCUSDT\": -612.5023871044245, \"DOGEUSDT\": 13372.415452687712, \"DOTUSDT\": 73.50069966921016, \"EOSUSDT\": -2336.2070981218594, \"ETHUSDT\": -1727.3231469864104, \"LINKUSDT\": -1603.0080251191987, \"LTCUSDT\": 469.56511192519565, \"SOLUSDT\": 7874.249143827086, \"TRXUSDT\": 1208.4856458075785, \"XRPUSDT\": 3462.6128603615557}",
      "score": 0.41845414959542243,
      "development_total_return": 1.5949966067006418,
      "development_cagr": 0.3748761598674284,
      "development_max_drawdown": -0.2618978160172195,
      "development_sharpe": 1.282303389667277,
      "development_annual_turnover": 3.771998758288861,
      "development_average_gross": 0.40924383092142846,
      "development_max_gross": 0.7023238175415937,
      "development_costs": 867.2358115403499,
      "development_funding_pnl": -920.2620556607171,
      "development_rebalance_events": 48,
      "development_forced_exits": 0
    },
    {
      "policy": "low_market_correlation_l120_k4_r7_beta",
      "family": "low_market_correlation",
      "lookback_days": 120,
      "long_short_k": 4,
      "rebalance_days": 7,
      "neutralization": "beta",
      "promotable_family": true,
      "eligible_development": false,
      "all_development_years_positive": false,
      "long_leg_pnl": 15261.48120823061,
      "short_leg_pnl": -1580.4484639254413,
      "symbol_count_traded": 13,
      "symbols_traded": "ADAUSDT+BCHUSDT+BNBUSDT+BTCUSDT+DOGEUSDT+DOTUSDT+EOSUSDT+ETHUSDT+LINKUSDT+LTCUSDT+SOLUSDT+TRXUSDT+XRPUSDT",
      "top_positive_asset_pnl_share": 0.37755170390232606,
      "asset_pnl_json": "{\"ADAUSDT\": -1219.2497289568944, \"BCHUSDT\": -1243.3359628760263, \"BNBUSDT\": 1058.5485690158887, \"BTCUSDT\": -505.4797240701561, \"DOGEUSDT\": 7813.204344274802, \"DOTUSDT\": 884.8403888089424, \"EOSUSDT\": -1901.35089816294, \"ETHUSDT\": -974.0572538703359, \"LINKUSDT\": -1169.8893520304823, \"LTCUSDT\": 525.1105208901412, \"SOLUSDT\": 6660.335207824304, \"TRXUSDT\": 726.7117219293746, \"XRPUSDT\": 3025.6449115285436}",
      "score": 0.3890121057400209,
      "development_total_return": 1.368103274430525,
      "development_cagr": 0.3335130826001147,
      "development_max_drawdown": -0.21320511695598032,
      "development_sharpe": 1.3916473608849853,
      "development_annual_turnover": 4.830408956950615,
      "development_average_gross": 0.4109168767859626,
      "development_max_gross": 0.6431251158632316,
      "development_costs": 971.3464451110005,
      "development_funding_pnl": -451.0129730121847,
      "development_rebalance_events": 77,
      "development_forced_exits": 2
    },
    {
      "policy": "low_market_correlation_l60_k3_r28_dollar",
      "family": "low_market_correlation",
      "lookback_days": 60,
      "long_short_k": 3,
      "rebalance_days": 28,
      "neutralization": "dollar",
      "promotable_family": true,
      "eligible_development": false,
      "all_development_years_positive": false,
      "long_leg_pnl": 17911.703440028185,
      "short_leg_pnl": -3200.3385043644607,
      "symbol_count_traded": 13,
      "symbols_traded": "ADAUSDT+BCHUSDT+BNBUSDT+BTCUSDT+DOGEUSDT+DOTUSDT+EOSUSDT+ETHUSDT+LINKUSDT+LTCUSDT+SOLUSDT+TRXUSDT+XRPUSDT",
      "top_positive_asset_pnl_share": 0.4009117503256348,
      "asset_pnl_json": "{\"ADAUSDT\": -892.1764725835006, \"BCHUSDT\": -2698.1652178647905, \"BNBUSDT\": -76.48915025545142, \"BTCUSDT\": -786.4976178590939, \"DOGEUSDT\": 6484.863605173404, \"DOTUSDT\": -892.2409056301143, \"EOSUSDT\": -3488.4641366686265, \"ETHUSDT\": -1656.1623003117136, \"LINKUSDT\": 1876.7633083894018, \"LTCUSDT\": 740.6473730188851, \"SOLUSDT\": 10103.601825943091, \"TRXUSDT\": 1558.8781969441206, \"XRPUSDT\": 4436.806427368037}",
      "score": 0.3868770174218114,
      "development_total_return": 1.4711364935663611,
      "development_cagr": 0.35260933892761326,
      "development_max_drawdown": -0.21847614458398124,
      "development_sharpe": 1.0484929985407272,
      "development_annual_turnover": 3.8929342047984465,
      "development_average_gross": 0.40639781522894647,
      "development_max_gross": 0.7239148482884263,
      "development_costs": 862.6819515473418,
      "development_funding_pnl": -402.75482913716684,
      "development_rebalance_events": 39,
      "development_forced_exits": 1
    },
    {
      "policy": "low_market_correlation_l60_k3_r28_beta",
      "family": "low_market_correlation",
      "lookback_days": 60,
      "long_short_k": 3,
      "rebalance_days": 28,
      "neutralization": "beta",
      "promotable_family": true,
      "eligible_development": false,
      "all_development_years_positive": false,
      "long_leg_pnl": 18106.39910610782,
      "short_leg_pnl": -3733.7705088281687,
      "symbol_count_traded": 13,
      "symbols_traded": "ADAUSDT+BCHUSDT+BNBUSDT+BTCUSDT+DOGEUSDT+DOTUSDT+EOSUSDT+ETHUSDT+LINKUSDT+LTCUSDT+SOLUSDT+TRXUSDT+XRPUSDT",
      "top_positive_asset_pnl_share": 0.3753014006246903,
      "asset_pnl_json": "{\"ADAUSDT\": -919.7453990267398, \"BCHUSDT\": -2704.777043500401, \"BNBUSDT\": -116.24205047599204, \"BTCUSDT\": -1078.0673428644316, \"DOGEUSDT\": 6618.5691495768015, \"DOTUSDT\": -567.512734443928, \"EOSUSDT\": -3542.964318852339, \"ETHUSDT\": -1832.7310607420368, \"LINKUSDT\": 2081.729548004899, \"LTCUSDT\": 706.0752513670122, \"SOLUSDT\": 9433.076309996071, \"TRXUSDT\": 1504.608924417209, \"XRPUSDT\": 4790.609363823515}",
      "score": 0.3781549392963901,
      "development_total_return": 1.4372628597279826,
      "development_cagr": 0.34639070629889623,
      "development_max_drawdown": -0.23760287616348608,
      "development_sharpe": 1.0417175815476536,
      "development_annual_turnover": 3.886667686409244,
      "development_average_gross": 0.39692486250493114,
      "development_max_gross": 0.714157145627121,
      "development_costs": 851.3097714786327,
      "development_funding_pnl": -752.6272955130199,
      "development_rebalance_events": 39,
      "development_forced_exits": 1
    },
    {
      "policy": "low_market_correlation_l60_k4_r14_beta",
      "family": "low_market_correlation",
      "lookback_days": 60,
      "long_short_k": 4,
      "rebalance_days": 14,
      "neutralization": "beta",
      "promotable_family": true,
      "eligible_development": false,
      "all_development_years_positive": false,
      "long_leg_pnl": 16522.9959515767,
      "short_leg_pnl": -3326.507172989467,
      "symbol_count_traded": 13,
      "symbols_traded": "ADAUSDT+BCHUSDT+BNBUSDT+BTCUSDT+DOGEUSDT+DOTUSDT+EOSUSDT+ETHUSDT+LINKUSDT+LTCUSDT+SOLUSDT+TRXUSDT+XRPUSDT",
      "top_positive_asset_pnl_share": 0.34597963481259286,
      "asset_pnl_json": "{\"ADAUSDT\": -964.0637928148021, \"BCHUSDT\": -1292.745634128526, \"BNBUSDT\": -121.12341080633985, \"BTCUSDT\": -570.1350919450321, \"DOGEUSDT\": 6885.166714071904, \"DOTUSDT\": 1046.7208815189383, \"EOSUSDT\": -1937.4411797872112, \"ETHUSDT\": -1218.1884272058292, \"LINKUSDT\": -600.3107697669683, \"LTCUSDT\": 220.68341798213856, \"SOLUSDT\": 5769.520174325506, \"TRXUSDT\": 1796.8053238380685, \"XRPUSDT\": 4181.600573305456}",
      "score": 0.3742683516985522,
      "development_total_return": 1.319648877858726,
      "development_cagr": 0.3243408010443136,
      "development_max_drawdown": -0.2203796130769683,
      "development_sharpe": 1.3213313658703163,
      "development_annual_turnover": 5.587921894606309,
      "development_average_gross": 0.39610750092054053,
      "development_max_gross": 0.705640839072052,
      "development_costs": 1156.0540886724305,
      "development_funding_pnl": -584.7783510574391,
      "development_rebalance_events": 67,
      "development_forced_exits": 1
    },
    {
      "policy": "low_market_correlation_l60_k4_r28_beta",
      "family": "low_market_correlation",
      "lookback_days": 60,
      "long_short_k": 4,
      "rebalance_days": 28,
      "neutralization": "beta",
      "promotable_family": true,
      "eligible_development": false,
      "all_development_years_positive": false,
      "long_leg_pnl": 14963.070359174628,
      "short_leg_pnl": -2540.720080079534,
      "symbol_count_traded": 13,
      "symbols_traded": "ADAUSDT+BCHUSDT+BNBUSDT+BTCUSDT+DOGEUSDT+DOTUSDT+EOSUSDT+ETHUSDT+LINKUSDT+LTCUSDT+SOLUSDT+TRXUSDT+XRPUSDT",
      "top_positive_asset_pnl_share": 0.41451576163242465,
      "asset_pnl_json": "{\"ADAUSDT\": -1641.7620423743344, \"BCHUSDT\": -352.2870167916645, \"BNBUSDT\": -370.51073932740724, \"BTCUSDT\": -633.7868387717987, \"DOGEUSDT\": 4273.555292726963, \"DOTUSDT\": 826.1672954134148, \"EOSUSDT\": -1870.7163476245912, \"ETHUSDT\": -1101.7111128552162, \"LINKUSDT\": 1000.3859748370938, \"LTCUSDT\": 49.22363792943866, \"SOLUSDT\": 7624.239959865816, \"TRXUSDT\": 1255.046210027556, \"XRPUSDT\": 3364.50600603988}",
      "score": 0.3731153638410876,
      "development_total_return": 1.242235027909532,
      "development_cagr": 0.3094179617644117,
      "development_max_drawdown": -0.1869914357133442,
      "development_sharpe": 1.472107615028408,
      "development_annual_turnover": 4.154531515972489,
      "development_average_gross": 0.401640184698804,
      "development_max_gross": 0.7056408390720523,
      "development_costs": 777.673567510921,
      "development_funding_pnl": -549.1052820623855,
      "development_rebalance_events": 40,
      "development_forced_exits": 1
    },
    {
      "policy": "low_market_correlation_l120_k4_r7_dollar",
      "family": "low_market_correlation",
      "lookback_days": 120,
      "long_short_k": 4,
      "rebalance_days": 7,
      "neutralization": "dollar",
      "promotable_family": true,
      "eligible_development": false,
      "all_development_years_positive": false,
      "long_leg_pnl": 12981.327575933225,
      "short_leg_pnl": -989.4731314770265,
      "symbol_count_traded": 13,
      "symbols_traded": "ADAUSDT+BCHUSDT+BNBUSDT+BTCUSDT+DOGEUSDT+DOTUSDT+EOSUSDT+ETHUSDT+LINKUSDT+LTCUSDT+SOLUSDT+TRXUSDT+XRPUSDT",
      "top_positive_asset_pnl_share": 0.3359637632062537,
      "asset_pnl_json": "{\"ADAUSDT\": -1109.7158175273364, \"BCHUSDT\": -1351.6653213358413, \"BNBUSDT\": 1223.9918855299732, \"BTCUSDT\": -417.5626330541764, \"DOGEUSDT\": 5984.000625968374, \"DOTUSDT\": 682.532150751394, \"EOSUSDT\": -1526.2378591152396, \"ETHUSDT\": -870.9121345074449, \"LINKUSDT\": -819.7044357936862, \"LTCUSDT\": 451.67272279436975, \"SOLUSDT\": 6076.795850447114, \"TRXUSDT\": 742.1201365169593, \"XRPUSDT\": 2926.53927378168}",
      "score": 0.3604392092172543,
      "development_total_return": 1.1991854444456314,
      "development_cagr": 0.30097046044976783,
      "development_max_drawdown": -0.2197963629778329,
      "development_sharpe": 1.4683676058231752,
      "development_annual_turnover": 4.515488049128134,
      "development_average_gross": 0.41266217440338954,
      "development_max_gross": 0.6859919067720274,
      "development_costs": 835.8323467945054,
      "development_funding_pnl": -245.26316237624792,
      "development_rebalance_events": 70,
      "development_forced_exits": 2
    },
    {
      "policy": "low_market_correlation_l60_k4_r28_dollar",
      "family": "low_market_correlation",
      "lookback_days": 60,
      "long_short_k": 4,
      "rebalance_days": 28,
      "neutralization": "dollar",
      "promotable_family": true,
      "eligible_development": false,
      "all_development_years_positive": false,
      "long_leg_pnl": 13583.085149409319,
      "short_leg_pnl": -2494.5301555804726,
      "symbol_count_traded": 13,
      "symbols_traded": "ADAUSDT+BCHUSDT+BNBUSDT+BTCUSDT+DOGEUSDT+DOTUSDT+EOSUSDT+ETHUSDT+LINKUSDT+LTCUSDT+SOLUSDT+TRXUSDT+XRPUSDT",
      "top_positive_asset_pnl_share": 0.41149338699568966,
      "asset_pnl_json": "{\"ADAUSDT\": -1568.147940509602, \"BCHUSDT\": -717.5821174885021, \"BNBUSDT\": -252.6966602327012, \"BTCUSDT\": -486.8903451870267, \"DOGEUSDT\": 4020.4264681045693, \"DOTUSDT\": 539.8495493815451, \"EOSUSDT\": -1723.5839660728511, \"ETHUSDT\": -1002.9356336554722, \"LINKUSDT\": 826.7892926789494, \"LTCUSDT\": -81.8262746318094, \"SOLUSDT\": 6963.380772156072, \"TRXUSDT\": 1217.366455920915, \"XRPUSDT\": 3354.4053933647415}",
      "score": 0.34674542658074375,
      "development_total_return": 1.1088554993828907,
      "development_cagr": 0.2828804043581141,
      "development_max_drawdown": -0.17715806902638198,
      "development_sharpe": 1.4580612942395743,
      "development_annual_turnover": 4.09335396041764,
      "development_average_gross": 0.409830461401199,
      "development_max_gross": 0.7156505084185103,
      "development_costs": 731.8481373918255,
      "development_funding_pnl": -171.36871763616372,
      "development_rebalance_events": 41,
      "development_forced_exits": 1
    },
    {
      "policy": "low_market_correlation_l120_k3_r7_beta",
      "family": "low_market_correlation",
      "lookback_days": 120,
      "long_short_k": 3,
      "rebalance_days": 7,
      "neutralization": "beta",
      "promotable_family": true,
      "eligible_development": false,
      "all_development_years_positive": false,
      "long_leg_pnl": 14104.614299820514,
      "short_leg_pnl": -1905.974594504028,
      "symbol_count_traded": 13,
      "symbols_traded": "ADAUSDT+BCHUSDT+BNBUSDT+BTCUSDT+DOGEUSDT+DOTUSDT+EOSUSDT+ETHUSDT+LINKUSDT+LTCUSDT+SOLUSDT+TRXUSDT+XRPUSDT",
      "top_positive_asset_pnl_share": 0.36829872926095275,
      "asset_pnl_json": "{\"ADAUSDT\": -3375.7723687210773, \"BCHUSDT\": -50.05639777179553, \"BNBUSDT\": -136.3460232872356, \"BTCUSDT\": -467.6971753876864, \"DOGEUSDT\": 7510.116706957866, \"DOTUSDT\": -56.88923388703738, \"EOSUSDT\": -1448.8958813194158, \"ETHUSDT\": -1413.253166996575, \"LINKUSDT\": -1076.6134534359019, \"LTCUSDT\": -167.20943957753457, \"SOLUSDT\": 7283.737285706676, \"TRXUSDT\": 1246.5489143377617, \"XRPUSDT\": 4350.969938698397}",
      "score": 0.3449493946610341,
      "development_total_return": 1.2198639705316556,
      "development_cagr": 0.3050417685832434,
      "development_max_drawdown": -0.24680532049195414,
      "development_sharpe": 1.1972218888376633,
      "development_annual_turnover": 4.456947239417583,
      "development_average_gross": 0.41567051077291856,
      "development_max_gross": 0.7040287586862888,
      "development_costs": 846.9944504869604,
      "development_funding_pnl": -742.6098856455626,
      "development_rebalance_events": 64,
      "development_forced_exits": 0
    },
    {
      "policy": "low_market_correlation_l120_k4_r28_beta",
      "family": "low_market_correlation",
      "lookback_days": 120,
      "long_short_k": 4,
      "rebalance_days": 28,
      "neutralization": "beta",
      "promotable_family": true,
      "eligible_development": false,
      "all_development_years_positive": false,
      "long_leg_pnl": 12583.897338498058,
      "short_leg_pnl": -1470.5363681959468,
      "symbol_count_traded": 13,
      "symbols_traded": "ADAUSDT+BCHUSDT+BNBUSDT+BTCUSDT+DOGEUSDT+DOTUSDT+EOSUSDT+ETHUSDT+LINKUSDT+LTCUSDT+SOLUSDT+TRXUSDT+XRPUSDT",
      "top_positive_asset_pnl_share": 0.3755994150971671,
      "asset_pnl_json": "{\"ADAUSDT\": -1856.7023485523318, \"BCHUSDT\": -308.41621296071025, \"BNBUSDT\": 55.67710964080345, \"BTCUSDT\": -515.286378662549, \"DOGEUSDT\": 5195.784070516445, \"DOTUSDT\": 1019.1676254315029, \"EOSUSDT\": -1214.4091436151198, \"ETHUSDT\": -1024.0322821382179, \"LINKUSDT\": -392.5101434792655, \"LTCUSDT\": 439.3970405484641, \"SOLUSDT\": 6169.11427851543, \"TRXUSDT\": 736.6132948426689, \"XRPUSDT\": 2808.9640602150494}",
      "score": 0.3438884466117788,
      "development_total_return": 1.1113360970302035,
      "development_cagr": 0.28338400884391723,
      "development_max_drawdown": -0.17712630841673427,
      "development_sharpe": 1.3906904205149055,
      "development_annual_turnover": 3.100670329309252,
      "development_average_gross": 0.4109348479022417,
      "development_max_gross": 0.7065747644184992,
      "development_costs": 576.669642154,
      "development_funding_pnl": -701.1096302884648,
      "development_rebalance_events": 37,
      "development_forced_exits": 2
    },
    {
      "policy": "low_market_correlation_l60_k3_r14_beta",
      "family": "low_market_correlation",
      "lookback_days": 60,
      "long_short_k": 3,
      "rebalance_days": 14,
      "neutralization": "beta",
      "promotable_family": true,
      "eligible_development": false,
      "all_development_years_positive": false,
      "long_leg_pnl": 16403.98539983403,
      "short_leg_pnl": -3558.0855132539123,
      "symbol_count_traded": 13,
      "symbols_traded": "ADAUSDT+BCHUSDT+BNBUSDT+BTCUSDT+DOGEUSDT+DOTUSDT+EOSUSDT+ETHUSDT+LINKUSDT+LTCUSDT+SOLUSDT+TRXUSDT+XRPUSDT",
      "top_positive_asset_pnl_share": 0.428770841870013,
      "asset_pnl_json": "{\"ADAUSDT\": -824.6027114001503, \"BCHUSDT\": -1853.43903764646, \"BNBUSDT\": -1861.3501519702013, \"BTCUSDT\": -680.0903354914286, \"DOGEUSDT\": 10057.625567514951, \"DOTUSDT\": 12.834051761978795, \"EOSUSDT\": -3663.3037472013743, \"ETHUSDT\": -1728.1926890131479, \"LINKUSDT\": 431.3765818893852, \"LTCUSDT\": 737.8863214948901, \"SOLUSDT\": 6665.754802815847, \"TRXUSDT\": 2169.8077530682713, \"XRPUSDT\": 3381.593480757549}",
      "score": 0.3404690987783507,
      "development_total_return": 1.2845899886580008,
      "development_cagr": 0.31762436574477015,
      "development_max_drawdown": -0.24978387789649892,
      "development_sharpe": 0.9336190916118852,
      "development_annual_turnover": 5.830408406020533,
      "development_average_gross": 0.39560050545984365,
      "development_max_gross": 0.714157145627121,
      "development_costs": 1267.4870096501168,
      "development_funding_pnl": -391.5053192625911,
      "development_rebalance_events": 66,
      "development_forced_exits": 1
    }
  ],
  "limitations": [
    "Public daily archives are not executable bid/ask or queue observations.",
    "The fixed universe includes delisted assets; forced exits carry a 100 bps penalty.",
    "The program-level holdout is not pristine.",
    "Lottery-shape ranking is not a claim about token fundamentals or issuer quality."
  ],
  "data_manifest_sha256": "2a1d8e879b7a74b3fe35bfd097e18dc5fa4ccb5f2d08804574e70868d1309b50"
}
{
  "candidate": "ACTIVE_V357_CRYPTO_CORRELATION_STABILITY",
  "status": "rejected_before_validation",
  "eligible_policy_count": 0,
  "standalone_selection_passed": false,
  "integration_permitted": false,
  "promoted_candidates": [],
  "live_ready": false,
  "real_leverage_authorized": false,
  "profitability_proven": false,
  "selection": {
    "candidate": "ACTIVE_V357_CRYPTO_CORRELATION_STABILITY",
    "selection_cutoff": "2023-12-31T23:59:59Z",
    "selection_uses_2024": false,
    "selection_uses_2025": false,
    "selection_uses_2026": false,
    "program_level_holdout_pristine": false,
    "policy_count": 144,
    "promotable_policy_count": 108,
    "eligible_policy_count": 0,
    "development_gates": {
      "cagr_min": 0.05,
      "sharpe_min": 1.0,
      "max_drawdown_min": -0.15,
      "rebalance_events_min": 18,
      "annual_turnover_max": 15.0,
      "max_realized_gross": 0.7,
      "all_development_years_positive": true,
      "net_long_leg_pnl_positive": true,
      "net_short_leg_pnl_positive": true,
      "symbols_traded_min": 10,
      "top_positive_asset_pnl_share_max": 0.35
    },
    "post_selection_gates": {
      "validation_return_positive": true,
      "holdout_return_positive": true,
      "final_return_positive": true,
      "full_cagr_min": 0.06,
      "full_sharpe_min": 0.8,
      "full_max_drawdown_min": -0.15,
      "severe_full_cagr_positive": true,
      "extreme_full_cagr_positive": true,
      "latency_full_cagr_positive": true,
      "worst_calendar_year_min": -0.1,
      "full_long_leg_pnl_positive": true,
      "full_short_leg_pnl_positive": true,
      "top_positive_asset_pnl_share_max": 0.35,
      "forced_exit_count_max": 4
    },
    "coverage_gate": {
      "candidate": "V341_FIXED_UNIVERSE_DATA_COVERAGE",
      "fixed_universe_size": 13,
      "minimum_price_active_month_share": 0.95,
      "minimum_funding_active_month_share": 0.9,
      "minimum_development_price_months": 34,
      "details": {
        "BTCUSDT": {
          "first_price_month": "2020-01",
          "last_price_month": "2026-06",
          "active_month_count": 78,
          "price_active_month_share": 1.0,
          "funding_active_month_share": 1.0,
          "development_price_months": 36,
          "latest_required": true,
          "latest_present": true,
          "rows": 2373,
          "timestamp_min": "2020-01-01T00:00:00+00:00",
          "timestamp_max": "2026-06-30T00:00:00+00:00",
          "passed": true
        },
        "ETHUSDT": {
          "first_price_month": "2020-01",
          "last_price_month": "2026-06",
          "active_month_count": 78,
          "price_active_month_share": 1.0,
          "funding_active_month_share": 1.0,
          "development_price_months": 36,
          "latest_required": true,
          "latest_present": true,
          "rows": 2373,
          "timestamp_min": "2020-01-01T00:00:00+00:00",
          "timestamp_max": "2026-06-30T00:00:00+00:00",
          "passed": true
        },
        "BNBUSDT": {
          "first_price_month": "2020-02",
          "last_price_month": "2026-06",
          "active_month_count": 77,
          "price_active_month_share": 1.0,
          "funding_active_month_share": 1.0,
          "development_price_months": 36,
          "latest_required": false,
          "latest_present": true,
          "rows": 2333,
          "timestamp_min": "2020-02-10T00:00:00+00:00",
          "timestamp_max": "2026-06-30T00:00:00+00:00",
          "passed": true
        },
        "XRPUSDT": {
          "first_price_month": "2020-01",
          "last_price_month": "2026-06",
          "active_month_count": 78,
          "price_active_month_share": 1.0,
          "funding_active_month_share": 1.0,
          "development_price_months": 36,
          "latest_required": false,
          "latest_present": true,
          "rows": 2363,
          "timestamp_min": "2020-01-06T00:00:00+00:00",
          "timestamp_max": "2026-06-30T00:00:00+00:00",
          "passed": true
        },
        "ADAUSDT": {
          "first_price_month": "2020-01",
          "last_price_month": "2026-06",
          "active_month_count": 78,
          "price_active_month_share": 1.0,
          "funding_active_month_share": 1.0,
          "development_price_months": 36,
          "latest_required": false,
          "latest_present": true,
          "rows": 2343,
          "timestamp_min": "2020-01-31T00:00:00+00:00",
          "timestamp_max": "2026-06-30T00:00:00+00:00",
          "passed": true
        },
        "LTCUSDT": {
          "first_price_month": "2020-01",
          "last_price_month": "2026-06",
          "active_month_count": 78,
          "price_active_month_share": 1.0,
          "funding_active_month_share": 1.0,
          "development_price_months": 36,
          "latest_required": false,
          "latest_present": true,
          "rows": 2360,
          "timestamp_min": "2020-01-09T00:00:00+00:00",
          "timestamp_max": "2026-06-30T00:00:00+00:00",
          "passed": true
        },
        "BCHUSDT": {
          "first_price_month": "2020-01",
          "last_price_month": "2026-06",
          "active_month_count": 78,
          "price_active_month_share": 1.0,
          "funding_active_month_share": 1.0,
          "development_price_months": 36,
          "latest_required": false,
          "latest_present": true,
          "rows": 2373,
          "timestamp_min": "2020-01-01T00:00:00+00:00",
          "timestamp_max": "2026-06-30T00:00:00+00:00",
          "passed": true
        },
        "EOSUSDT": {
          "first_price_month": "2020-01",
          "last_price_month": "2025-05",
          "active_month_count": 65,
          "price_active_month_share": 1.0,
          "funding_active_month_share": 1.0,
          "development_price_months": 36,
          "latest_required": false,
          "latest_present": false,
          "rows": 1961,
          "timestamp_min": "2020-01-08T00:00:00+00:00",
          "timestamp_max": "2025-05-21T00:00:00+00:00",
          "passed": true
        },
        "DOGEUSDT": {
          "first_price_month": "2020-07",
          "last_price_month": "2026-06",
          "active_month_count": 72,
          "price_active_month_share": 1.0,
          "funding_active_month_share": 1.0,
          "development_price_months": 36,
          "latest_required": false,
          "latest_present": true,
          "rows": 2182,
          "timestamp_min": "2020-07-10T00:00:00+00:00",
          "timestamp_max": "2026-06-30T00:00:00+00:00",
          "passed": true
        },
        "LINKUSDT": {
          "first_price_month": "2020-01",
          "last_price_month": "2026-06",
          "active_month_count": 78,
          "price_active_month_share": 1.0,
          "funding_active_month_share": 1.0,
          "development_price_months": 36,
          "latest_required": false,
          "latest_present": true,
          "rows": 2357,
          "timestamp_min": "2020-01-17T00:00:00+00:00",
          "timestamp_max": "2026-06-30T00:00:00+00:00",
          "passed": true
        },
        "DOTUSDT": {
          "first_price_month": "2020-08",
          "last_price_month": "2026-06",
          "active_month_count": 71,
          "price_active_month_share": 1.0,
          "funding_active_month_share": 1.0,
          "development_price_months": 36,
          "latest_required": false,
          "latest_present": true,
          "rows": 2139,
          "timestamp_min": "2020-08-22T00:00:00+00:00",
          "timestamp_max": "2026-06-30T00:00:00+00:00",
          "passed": true
        },
        "TRXUSDT": {
          "first_price_month": "2020-01",
          "last_price_month": "2026-06",
          "active_month_count": 78,
          "price_active_month_share": 1.0,
          "funding_active_month_share": 1.0,
          "development_price_months": 36,
          "latest_required": false,
          "latest_present": true,
          "rows": 2354,
          "timestamp_min": "2020-01-15T00:00:00+00:00",
          "timestamp_max": "2026-06-30T00:00:00+00:00",
          "passed": true
        },
        "SOLUSDT": {
          "first_price_month": "2020-09",
          "last_price_month": "2026-06",
          "active_month_count": 70,
          "price_active_month_share": 1.0,
          "funding_active_month_share": 1.0,
          "development_price_months": 36,
          "latest_required": false,
          "latest_present": true,
          "rows": 2111,
          "timestamp_min": "2020-09-14T00:00:00+00:00",
          "timestamp_max": "2026-06-30T00:00:00+00:00",
          "passed": true
        }
      },
      "passed": true,
      "survivor_replacement_permitted": false
    },
    "ranking_sha256": "a1888b918ea8b7c799a2f4fbd3ee69a50e5367e199102767518c560bdf2afd7f",
    "design_sha256": "4aa934d28bffc9cc3fbc4998b5c9a2b1d5495657dfd72f2a4654732e4ef4491d",
    "selected": null,
    "window_pairs": {
      "60": [
        60,
        60
      ],
      "120": [
        120,
        120
      ],
      "240": [
        240,
        240
      ]
    },
    "selection_proof_sha256": "07caf5ac72537176dfe57b3c053c6befe90a66187899e9cf0569323b7dacdedc"
  },
  "coverage_gate": {
    "candidate": "V341_FIXED_UNIVERSE_DATA_COVERAGE",
    "fixed_universe_size": 13,
    "minimum_price_active_month_share": 0.95,
    "minimum_funding_active_month_share": 0.9,
    "minimum_development_price_months": 34,
    "details": {
      "BTCUSDT": {
        "first_price_month": "2020-01",
        "last_price_month": "2026-06",
        "active_month_count": 78,
        "price_active_month_share": 1.0,
        "funding_active_month_share": 1.0,
        "development_price_months": 36,
        "latest_required": true,
        "latest_present": true,
        "rows": 2373,
        "timestamp_min": "2020-01-01T00:00:00+00:00",
        "timestamp_max": "2026-06-30T00:00:00+00:00",
        "passed": true
      },
      "ETHUSDT": {
        "first_price_month": "2020-01",
        "last_price_month": "2026-06",
        "active_month_count": 78,
        "price_active_month_share": 1.0,
        "funding_active_month_share": 1.0,
        "development_price_months": 36,
        "latest_required": true,
        "latest_present": true,
        "rows": 2373,
        "timestamp_min": "2020-01-01T00:00:00+00:00",
        "timestamp_max": "2026-06-30T00:00:00+00:00",
        "passed": true
      },
      "BNBUSDT": {
        "first_price_month": "2020-02",
        "last_price_month": "2026-06",
        "active_month_count": 77,
        "price_active_month_share": 1.0,
        "funding_active_month_share": 1.0,
        "development_price_months": 36,
        "latest_required": false,
        "latest_present": true,
        "rows": 2333,
        "timestamp_min": "2020-02-10T00:00:00+00:00",
        "timestamp_max": "2026-06-30T00:00:00+00:00",
        "passed": true
      },
      "XRPUSDT": {
        "first_price_month": "2020-01",
        "last_price_month": "2026-06",
        "active_month_count": 78,
        "price_active_month_share": 1.0,
        "funding_active_month_share": 1.0,
        "development_price_months": 36,
        "latest_required": false,
        "latest_present": true,
        "rows": 2363,
        "timestamp_min": "2020-01-06T00:00:00+00:00",
        "timestamp_max": "2026-06-30T00:00:00+00:00",
        "passed": true
      },
      "ADAUSDT": {
        "first_price_month": "2020-01",
        "last_price_month": "2026-06",
        "active_month_count": 78,
        "price_active_month_share": 1.0,
        "funding_active_month_share": 1.0,
        "development_price_months": 36,
        "latest_required": false,
        "latest_present": true,
        "rows": 2343,
        "timestamp_min": "2020-01-31T00:00:00+00:00",
        "timestamp_max": "2026-06-30T00:00:00+00:00",
        "passed": true
      },
      "LTCUSDT": {
        "first_price_month": "2020-01",
        "last_price_month": "2026-06",
        "active_month_count": 78,
        "price_active_month_share": 1.0,
        "funding_active_month_share": 1.0,
        "development_price_months": 36,
        "latest_required": false,
        "latest_present": true,
        "rows": 2360,
        "timestamp_min": "2020-01-09T00:00:00+00:00",
        "timestamp_max": "2026-06-30T00:00:00+00:00",
        "passed": true
      },
      "BCHUSDT": {
        "first_price_month": "2020-01",
        "last_price_month": "2026-06",
        "active_month_count": 78,
        "price_active_month_share": 1.0,
        "funding_active_month_share": 1.0,
        "development_price_months": 36,
        "latest_required": false,
        "latest_present": true,
        "rows": 2373,
        "timestamp_min": "2020-01-01T00:00:00+00:00",
        "timestamp_max": "2026-06-30T00:00:00+00:00",
        "passed": true
      },
      "EOSUSDT": {
        "first_price_month": "2020-01",
        "last_price_month": "2025-05",
        "active_month_count": 65,
        "price_active_month_share": 1.0,
        "funding_active_month_share": 1.0,
        "development_price_months": 36,
        "latest_required": false,
        "latest_present": false,
        "rows": 1961,
        "timestamp_min": "2020-01-08T00:00:00+00:00",
        "timestamp_max": "2025-05-21T00:00:00+00:00",
        "passed": true
      },
      "DOGEUSDT": {
        "first_price_month": "2020-07",
        "last_price_month": "2026-06",
        "active_month_count": 72,
        "price_active_month_share": 1.0,
        "funding_active_month_share": 1.0,
        "development_price_months": 36,
        "latest_required": false,
        "latest_present": true,
        "rows": 2182,
        "timestamp_min": "2020-07-10T00:00:00+00:00",
        "timestamp_max": "2026-06-30T00:00:00+00:00",
        "passed": true
      },
      "LINKUSDT": {
        "first_price_month": "2020-01",
        "last_price_month": "2026-06",
        "active_month_count": 78,
        "price_active_month_share": 1.0,
        "funding_active_month_share": 1.0,
        "development_price_months": 36,
        "latest_required": false,
        "latest_present": true,
        "rows": 2357,
        "timestamp_min": "2020-01-17T00:00:00+00:00",
        "timestamp_max": "2026-06-30T00:00:00+00:00",
        "passed": true
      },
      "DOTUSDT": {
        "first_price_month": "2020-08",
        "last_price_month": "2026-06",
        "active_month_count": 71,
        "price_active_month_share": 1.0,
        "funding_active_month_share": 1.0,
        "development_price_months": 36,
        "latest_required": false,
        "latest_present": true,
        "rows": 2139,
        "timestamp_min": "2020-08-22T00:00:00+00:00",
        "timestamp_max": "2026-06-30T00:00:00+00:00",
        "passed": true
      },
      "TRXUSDT": {
        "first_price_month": "2020-01",
        "last_price_month": "2026-06",
        "active_month_count": 78,
        "price_active_month_share": 1.0,
        "funding_active_month_share": 1.0,
        "development_price_months": 36,
        "latest_required": false,
        "latest_present": true,
        "rows": 2354,
        "timestamp_min": "2020-01-15T00:00:00+00:00",
        "timestamp_max": "2026-06-30T00:00:00+00:00",
        "passed": true
      },
      "SOLUSDT": {
        "first_price_month": "2020-09",
        "last_price_month": "2026-06",
        "active_month_count": 70,
        "price_active_month_share": 1.0,
        "funding_active_month_share": 1.0,
        "development_price_months": 36,
        "latest_required": false,
        "latest_present": true,
        "rows": 2111,
        "timestamp_min": "2020-09-14T00:00:00+00:00",
        "timestamp_max": "2026-06-30T00:00:00+00:00",
        "passed": true
      }
    },
    "passed": true,
    "survivor_replacement_permitted": false
  },
  "development_diagnostics": [
    {
      "policy": "low_market_correlation_l120_k4_r14_dollar",
      "family": "low_market_correlation",
      "lookback_days": 120,
      "long_short_k": 4,
      "rebalance_days": 14,
      "neutralization": "dollar",
      "promotable_family": true,
      "eligible_development": false,
      "all_development_years_positive": false,
      "long_leg_pnl": 20001.10407113744,
      "short_leg_pnl": -1329.1883329110494,
      "symbol_count_traded": 13,
      "symbols_traded": "ADAUSDT+BCHUSDT+BNBUSDT+BTCUSDT+DOGEUSDT+DOTUSDT+EOSUSDT+ETHUSDT+LINKUSDT+LTCUSDT+SOLUSDT+TRXUSDT+XRPUSDT",
      "top_positive_asset_pnl_share": 0.4932588730467645,
      "asset_pnl_json": "{\"ADAUSDT\": -1909.051660279816, \"BCHUSDT\": -1255.0646311300168, \"BNBUSDT\": 1465.371500088491, \"BTCUSDT\": -371.41556675345157, \"DOGEUSDT\": 13220.621590607854, \"DOTUSDT\": 1001.9930820704318, \"EOSUSDT\": -2274.0700847144303, \"ETHUSDT\": -926.6745004102015, \"LINKUSDT\": -1394.410494331368, \"LTCUSDT\": 1046.2964547892504, \"SOLUSDT\": 6598.3721801223355, \"TRXUSDT\": 1203.9937215780642, \"XRPUSDT\": 2265.9541465892926}",
      "score": 0.4955499210380176,
      "development_total_return": 1.867191573822625,
      "development_cagr": 0.42143287490258396,
      "development_max_drawdown": -0.18947267245768307,
      "development_sharpe": 1.675638978384993,
      "development_annual_turnover": 3.7688677847442924,
      "development_average_gross": 0.41133809505505525,
      "development_max_gross": 0.790006899018593,
      "development_costs": 915.5852880419625,
      "development_funding_pnl": -613.63359069378,
      "development_rebalance_events": 53,
      "development_forced_exits": 2
    },
    {
      "policy": "low_market_correlation_l120_k4_r14_beta",
      "family": "low_market_correlation",
      "lookback_days": 120,
      "long_short_k": 4,
      "rebalance_days": 14,
      "neutralization": "beta",
      "promotable_family": true,
      "eligible_development": false,
      "all_development_years_positive": false,
      "long_leg_pnl": 20300.764710930966,
      "short_leg_pnl": -1928.6611255361427,
      "symbol_count_traded": 13,
      "symbols_traded": "ADAUSDT+BCHUSDT+BNBUSDT+BTCUSDT+DOGEUSDT+DOTUSDT+EOSUSDT+ETHUSDT+LINKUSDT+LTCUSDT+SOLUSDT+TRXUSDT+XRPUSDT",
      "top_positive_asset_pnl_share": 0.498374421105475,
      "asset_pnl_json": "{\"ADAUSDT\": -2009.5583684939797, \"BCHUSDT\": -1363.8603908862642, \"BNBUSDT\": 897.5961104541799, \"BTCUSDT\": -520.0164967501361, \"DOGEUSDT\": 13354.494022038516, \"DOTUSDT\": 1042.5276665285442, \"EOSUSDT\": -2340.3638087063455, \"ETHUSDT\": -1063.9720725797047, \"LINKUSDT\": -1126.2316913503123, \"LTCUSDT\": 915.8173101678144, \"SOLUSDT\": 6684.209938920062, \"TRXUSDT\": 1143.079055230898, \"XRPUSDT\": 2758.382310821635}",
      "score": 0.4824275837321145,
      "development_total_return": 1.837210358539481,
      "development_cagr": 0.41645319291775773,
      "development_max_drawdown": -0.20394506208094865,
      "development_sharpe": 1.5419791405177812,
      "development_annual_turnover": 3.916266771110565,
      "development_average_gross": 0.4108901460857067,
      "development_max_gross": 0.7056408390720521,
      "development_costs": 939.9193411023559,
      "development_funding_pnl": -867.4641323644262,
      "development_rebalance_events": 57,
      "development_forced_exits": 2
    },
    {
      "policy": "low_market_correlation_l120_k3_r7_dollar",
      "family": "low_market_correlation",
      "lookback_days": 120,
      "long_short_k": 3,
      "rebalance_days": 7,
      "neutralization": "dollar",
      "promotable_family": true,
      "eligible_development": false,
      "all_development_years_positive": false,
      "long_leg_pnl": 19114.402866373868,
      "short_leg_pnl": -1372.3040220648736,
      "symbol_count_traded": 13,
      "symbols_traded": "ADAUSDT+BCHUSDT+BNBUSDT+BTCUSDT+DOGEUSDT+DOTUSDT+EOSUSDT+ETHUSDT+LINKUSDT+LTCUSDT+SOLUSDT+TRXUSDT+XRPUSDT",
      "top_positive_asset_pnl_share": 0.493564799361214,
      "asset_pnl_json": "{\"ADAUSDT\": -4134.354663060596, \"BCHUSDT\": 28.167914134926612, \"BNBUSDT\": -75.7911836277609, \"BTCUSDT\": -339.9413458109112, \"DOGEUSDT\": 13213.740689853132, \"DOTUSDT\": -122.3992452667327, \"EOSUSDT\": -1600.0448113884481, \"ETHUSDT\": -1387.4239920201471, \"LINKUSDT\": -1369.9942999660927, \"LTCUSDT\": 126.05185578316294, \"SOLUSDT\": 8220.482856316838, \"TRXUSDT\": 1542.063483074435, \"XRPUSDT\": 3641.5415862870796}",
      "score": 0.46060991276009516,
      "development_total_return": 1.7742098844308964,
      "development_cagr": 0.4058738532755659,
      "development_max_drawdown": -0.23752747307193223,
      "development_sharpe": 1.4260409397840288,
      "development_annual_turnover": 4.3734785872103625,
      "development_average_gross": 0.4123619646502565,
      "development_max_gross": 0.7068180420137693,
      "development_costs": 1017.1112168525051,
      "development_funding_pnl": -485.374102743854,
      "development_rebalance_events": 62,
      "development_forced_exits": 0
    },
    {
      "policy": "low_market_correlation_l120_k3_r14_dollar",
      "family": "low_market_correlation",
      "lookback_days": 120,
      "long_short_k": 3,
      "rebalance_days": 14,
      "neutralization": "dollar",
      "promotable_family": true,
      "eligible_development": false,
      "all_development_years_positive": false,
      "long_leg_pnl": 17973.11297638642,
      "short_leg_pnl": -1202.0271772845038,
      "symbol_count_traded": 13,
      "symbols_traded": "ADAUSDT+BCHUSDT+BNBUSDT+BTCUSDT+DOGEUSDT+DOTUSDT+EOSUSDT+ETHUSDT+LINKUSDT+LTCUSDT+SOLUSDT+TRXUSDT+XRPUSDT",
      "top_positive_asset_pnl_share": 0.4845058289256094,
      "asset_pnl_json": "{\"ADAUSDT\": -3634.5384769744355, \"BCHUSDT\": -163.6690928075041, \"BNBUSDT\": -317.83169302199246, \"BTCUSDT\": -455.1047165621194, \"DOGEUSDT\": 12929.126472950888, \"DOTUSDT\": 35.08237342928553, \"EOSUSDT\": -2297.887028199977, \"ETHUSDT\": -1466.983041667002, \"LINKUSDT\": -1578.0826635477135, \"LTCUSDT\": 882.3159208182008, \"SOLUSDT\": 8277.884788368365, \"TRXUSDT\": 1281.8124367262108, \"XRPUSDT\": 3278.960519589717}",
      "score": 0.4406661576909495,
      "development_total_return": 1.677108579910179,
      "development_cagr": 0.3892500885975987,
      "development_max_drawdown": -0.24667272230039095,
      "development_sharpe": 1.382605929921394,
      "development_annual_turnover": 3.6063983712209886,
      "development_average_gross": 0.40994154335666255,
      "development_max_gross": 0.7068180420137704,
      "development_costs": 846.0206652028435,
      "development_funding_pnl": -671.9326930092989,
      "development_rebalance_events": 46,
      "development_forced_exits": 0
    },
    {
      "policy": "low_market_correlation_l120_k3_r14_beta",
      "family": "low_market_correlation",
      "lookback_days": 120,
      "long_short_k": 3,
      "rebalance_days": 14,
      "neutralization": "beta",
      "promotable_family": true,
      "eligible_development": false,
      "all_development_years_positive": false,
      "long_leg_pnl": 18099.5628659985,
      "short_leg_pnl": -2149.5967989920314,
      "symbol_count_traded": 13,
      "symbols_traded": "ADAUSDT+BCHUSDT+BNBUSDT+BTCUSDT+DOGEUSDT+DOTUSDT+EOSUSDT+ETHUSDT+LINKUSDT+LTCUSDT+SOLUSDT+TRXUSDT+XRPUSDT",
      "top_positive_asset_pnl_share": 0.5053664605900504,
      "asset_pnl_json": "{\"ADAUSDT\": -3591.7808714011, \"BCHUSDT\": -232.8593425953992, \"BNBUSDT\": -407.18197594340694, \"BTCUSDT\": -612.5023871044245, \"DOGEUSDT\": 13372.415452687712, \"DOTUSDT\": 73.50069966921016, \"EOSUSDT\": -2336.2070981218594, \"ETHUSDT\": -1727.3231469864104, \"LINKUSDT\": -1603.0080251191987, \"LTCUSDT\": 469.56511192519565, \"SOLUSDT\": 7874.249143827086, \"TRXUSDT\": 1208.4856458075785, \"XRPUSDT\": 3462.6128603615557}",
      "score": 0.41845414959542243,
      "development_total_return": 1.5949966067006418,
      "development_cagr": 0.3748761598674284,
      "development_max_drawdown": -0.2618978160172195,
      "development_sharpe": 1.282303389667277,
      "development_annual_turnover": 3.771998758288861,
      "development_average_gross": 0.40924383092142846,
      "development_max_gross": 0.7023238175415937,
      "development_costs": 867.2358115403499,
      "development_funding_pnl": -920.2620556607171,
      "development_rebalance_events": 48,
      "development_forced_exits": 0
    },
    {
      "policy": "low_market_correlation_l120_k4_r7_beta",
      "family": "low_market_correlation",
      "lookback_days": 120,
      "long_short_k": 4,
      "rebalance_days": 7,
      "neutralization": "beta",
      "promotable_family": true,
      "eligible_development": false,
      "all_development_years_positive": false,
      "long_leg_pnl": 15261.48120823061,
      "short_leg_pnl": -1580.4484639254413,
      "symbol_count_traded": 13,
      "symbols_traded": "ADAUSDT+BCHUSDT+BNBUSDT+BTCUSDT+DOGEUSDT+DOTUSDT+EOSUSDT+ETHUSDT+LINKUSDT+LTCUSDT+SOLUSDT+TRXUSDT+XRPUSDT",
      "top_positive_asset_pnl_share": 0.37755170390232606,
      "asset_pnl_json": "{\"ADAUSDT\": -1219.2497289568944, \"BCHUSDT\": -1243.3359628760263, \"BNBUSDT\": 1058.5485690158887, \"BTCUSDT\": -505.4797240701561, \"DOGEUSDT\": 7813.204344274802, \"DOTUSDT\": 884.8403888089424, \"EOSUSDT\": -1901.35089816294, \"ETHUSDT\": -974.0572538703359, \"LINKUSDT\": -1169.8893520304823, \"LTCUSDT\": 525.1105208901412, \"SOLUSDT\": 6660.335207824304, \"TRXUSDT\": 726.7117219293746, \"XRPUSDT\": 3025.6449115285436}",
      "score": 0.3890121057400209,
      "development_total_return": 1.368103274430525,
      "development_cagr": 0.3335130826001147,
      "development_max_drawdown": -0.21320511695598032,
      "development_sharpe": 1.3916473608849853,
      "development_annual_turnover": 4.830408956950615,
      "development_average_gross": 0.4109168767859626,
      "development_max_gross": 0.6431251158632316,
      "development_costs": 971.3464451110005,
      "development_funding_pnl": -451.0129730121847,
      "development_rebalance_events": 77,
      "development_forced_exits": 2
    },
    {
      "policy": "low_market_correlation_l60_k3_r28_dollar",
      "family": "low_market_correlation",
      "lookback_days": 60,
      "long_short_k": 3,
      "rebalance_days": 28,
      "neutralization": "dollar",
      "promotable_family": true,
      "eligible_development": false,
      "all_development_years_positive": false,
      "long_leg_pnl": 17911.703440028185,
      "short_leg_pnl": -3200.3385043644607,
      "symbol_count_traded": 13,
      "symbols_traded": "ADAUSDT+BCHUSDT+BNBUSDT+BTCUSDT+DOGEUSDT+DOTUSDT+EOSUSDT+ETHUSDT+LINKUSDT+LTCUSDT+SOLUSDT+TRXUSDT+XRPUSDT",
      "top_positive_asset_pnl_share": 0.4009117503256348,
      "asset_pnl_json": "{\"ADAUSDT\": -892.1764725835006, \"BCHUSDT\": -2698.1652178647905, \"BNBUSDT\": -76.48915025545142, \"BTCUSDT\": -786.4976178590939, \"DOGEUSDT\": 6484.863605173404, \"DOTUSDT\": -892.2409056301143, \"EOSUSDT\": -3488.4641366686265, \"ETHUSDT\": -1656.1623003117136, \"LINKUSDT\": 1876.7633083894018, \"LTCUSDT\": 740.6473730188851, \"SOLUSDT\": 10103.601825943091, \"TRXUSDT\": 1558.8781969441206, \"XRPUSDT\": 4436.806427368037}",
      "score": 0.3868770174218114,
      "development_total_return": 1.4711364935663611,
      "development_cagr": 0.35260933892761326,
      "development_max_drawdown": -0.21847614458398124,
      "development_sharpe": 1.0484929985407272,
      "development_annual_turnover": 3.8929342047984465,
      "development_average_gross": 0.40639781522894647,
      "development_max_gross": 0.7239148482884263,
      "development_costs": 862.6819515473418,
      "development_funding_pnl": -402.75482913716684,
      "development_rebalance_events": 39,
      "development_forced_exits": 1
    },
    {
      "policy": "low_market_correlation_l60_k3_r28_beta",
      "family": "low_market_correlation",
      "lookback_days": 60,
      "long_short_k": 3,
      "rebalance_days": 28,
      "neutralization": "beta",
      "promotable_family": true,
      "eligible_development": false,
      "all_development_years_positive": false,
      "long_leg_pnl": 18106.39910610782,
      "short_leg_pnl": -3733.7705088281687,
      "symbol_count_traded": 13,
      "symbols_traded": "ADAUSDT+BCHUSDT+BNBUSDT+BTCUSDT+DOGEUSDT+DOTUSDT+EOSUSDT+ETHUSDT+LINKUSDT+LTCUSDT+SOLUSDT+TRXUSDT+XRPUSDT",
      "top_positive_asset_pnl_share": 0.3753014006246903,
      "asset_pnl_json": "{\"ADAUSDT\": -919.7453990267398, \"BCHUSDT\": -2704.777043500401, \"BNBUSDT\": -116.24205047599204, \"BTCUSDT\": -1078.0673428644316, \"DOGEUSDT\": 6618.5691495768015, \"DOTUSDT\": -567.512734443928, \"EOSUSDT\": -3542.964318852339, \"ETHUSDT\": -1832.7310607420368, \"LINKUSDT\": 2081.729548004899, \"LTCUSDT\": 706.0752513670122, \"SOLUSDT\": 9433.076309996071, \"TRXUSDT\": 1504.608924417209, \"XRPUSDT\": 4790.609363823515}",
      "score": 0.3781549392963901,
      "development_total_return": 1.4372628597279826,
      "development_cagr": 0.34639070629889623,
      "development_max_drawdown": -0.23760287616348608,
      "development_sharpe": 1.0417175815476536,
      "development_annual_turnover": 3.886667686409244,
      "development_average_gross": 0.39692486250493114,
      "development_max_gross": 0.714157145627121,
      "development_costs": 851.3097714786327,
      "development_funding_pnl": -752.6272955130199,
      "development_rebalance_events": 39,
      "development_forced_exits": 1
    },
    {
      "policy": "low_market_correlation_l60_k4_r14_beta",
      "family": "low_market_correlation",
      "lookback_days": 60,
      "long_short_k": 4,
      "rebalance_days": 14,
      "neutralization": "beta",
      "promotable_family": true,
      "eligible_development": false,
      "all_development_years_positive": false,
      "long_leg_pnl": 16522.9959515767,
      "short_leg_pnl": -3326.507172989467,
      "symbol_count_traded": 13,
      "symbols_traded": "ADAUSDT+BCHUSDT+BNBUSDT+BTCUSDT+DOGEUSDT+DOTUSDT+EOSUSDT+ETHUSDT+LINKUSDT+LTCUSDT+SOLUSDT+TRXUSDT+XRPUSDT",
      "top_positive_asset_pnl_share": 0.34597963481259286,
      "asset_pnl_json": "{\"ADAUSDT\": -964.0637928148021, \"BCHUSDT\": -1292.745634128526, \"BNBUSDT\": -121.12341080633985, \"BTCUSDT\": -570.1350919450321, \"DOGEUSDT\": 6885.166714071904, \"DOTUSDT\": 1046.7208815189383, \"EOSUSDT\": -1937.4411797872112, \"ETHUSDT\": -1218.1884272058292, \"LINKUSDT\": -600.3107697669683, \"LTCUSDT\": 220.68341798213856, \"SOLUSDT\": 5769.520174325506, \"TRXUSDT\": 1796.8053238380685, \"XRPUSDT\": 4181.600573305456}",
      "score": 0.3742683516985522,
      "development_total_return": 1.319648877858726,
      "development_cagr": 0.3243408010443136,
      "development_max_drawdown": -0.2203796130769683,
      "development_sharpe": 1.3213313658703163,
      "development_annual_turnover": 5.587921894606309,
      "development_average_gross": 0.39610750092054053,
      "development_max_gross": 0.705640839072052,
      "development_costs": 1156.0540886724305,
      "development_funding_pnl": -584.7783510574391,
      "development_rebalance_events": 67,
      "development_forced_exits": 1
    },
    {
      "policy": "low_market_correlation_l60_k4_r28_beta",
      "family": "low_market_correlation",
      "lookback_days": 60,
      "long_short_k": 4,
      "rebalance_days": 28,
      "neutralization": "beta",
      "promotable_family": true,
      "eligible_development": false,
      "all_development_years_positive": false,
      "long_leg_pnl": 14963.070359174628,
      "short_leg_pnl": -2540.720080079534,
      "symbol_count_traded": 13,
      "symbols_traded": "ADAUSDT+BCHUSDT+BNBUSDT+BTCUSDT+DOGEUSDT+DOTUSDT+EOSUSDT+ETHUSDT+LINKUSDT+LTCUSDT+SOLUSDT+TRXUSDT+XRPUSDT",
      "top_positive_asset_pnl_share": 0.41451576163242465,
      "asset_pnl_json": "{\"ADAUSDT\": -1641.7620423743344, \"BCHUSDT\": -352.2870167916645, \"BNBUSDT\": -370.51073932740724, \"BTCUSDT\": -633.7868387717987, \"DOGEUSDT\": 4273.555292726963, \"DOTUSDT\": 826.1672954134148, \"EOSUSDT\": -1870.7163476245912, \"ETHUSDT\": -1101.7111128552162, \"LINKUSDT\": 1000.3859748370938, \"LTCUSDT\": 49.22363792943866, \"SOLUSDT\": 7624.239959865816, \"TRXUSDT\": 1255.046210027556, \"XRPUSDT\": 3364.50600603988}",
      "score": 0.3731153638410876,
      "development_total_return": 1.242235027909532,
      "development_cagr": 0.3094179617644117,
      "development_max_drawdown": -0.1869914357133442,
      "development_sharpe": 1.472107615028408,
      "development_annual_turnover": 4.154531515972489,
      "development_average_gross": 0.401640184698804,
      "development_max_gross": 0.7056408390720523,
      "development_costs": 777.673567510921,
      "development_funding_pnl": -549.1052820623855,
      "development_rebalance_events": 40,
      "development_forced_exits": 1
    },
    {
      "policy": "low_market_correlation_l120_k4_r7_dollar",
      "family": "low_market_correlation",
      "lookback_days": 120,
      "long_short_k": 4,
      "rebalance_days": 7,
      "neutralization": "dollar",
      "promotable_family": true,
      "eligible_development": false,
      "all_development_years_positive": false,
      "long_leg_pnl": 12981.327575933225,
      "short_leg_pnl": -989.4731314770265,
      "symbol_count_traded": 13,
      "symbols_traded": "ADAUSDT+BCHUSDT+BNBUSDT+BTCUSDT+DOGEUSDT+DOTUSDT+EOSUSDT+ETHUSDT+LINKUSDT+LTCUSDT+SOLUSDT+TRXUSDT+XRPUSDT",
      "top_positive_asset_pnl_share": 0.3359637632062537,
      "asset_pnl_json": "{\"ADAUSDT\": -1109.7158175273364, \"BCHUSDT\": -1351.6653213358413, \"BNBUSDT\": 1223.9918855299732, \"BTCUSDT\": -417.5626330541764, \"DOGEUSDT\": 5984.000625968374, \"DOTUSDT\": 682.532150751394, \"EOSUSDT\": -1526.2378591152396, \"ETHUSDT\": -870.9121345074449, \"LINKUSDT\": -819.7044357936862, \"LTCUSDT\": 451.67272279436975, \"SOLUSDT\": 6076.795850447114, \"TRXUSDT\": 742.1201365169593, \"XRPUSDT\": 2926.53927378168}",
      "score": 0.3604392092172543,
      "development_total_return": 1.1991854444456314,
      "development_cagr": 0.30097046044976783,
      "development_max_drawdown": -0.2197963629778329,
      "development_sharpe": 1.4683676058231752,
      "development_annual_turnover": 4.515488049128134,
      "development_average_gross": 0.41266217440338954,
      "development_max_gross": 0.6859919067720274,
      "development_costs": 835.8323467945054,
      "development_funding_pnl": -245.26316237624792,
      "development_rebalance_events": 70,
      "development_forced_exits": 2
    },
    {
      "policy": "low_market_correlation_l60_k4_r28_dollar",
      "family": "low_market_correlation",
      "lookback_days": 60,
      "long_short_k": 4,
      "rebalance_days": 28,
      "neutralization": "dollar",
      "promotable_family": true,
      "eligible_development": false,
      "all_development_years_positive": false,
      "long_leg_pnl": 13583.085149409319,
      "short_leg_pnl": -2494.5301555804726,
      "symbol_count_traded": 13,
      "symbols_traded": "ADAUSDT+BCHUSDT+BNBUSDT+BTCUSDT+DOGEUSDT+DOTUSDT+EOSUSDT+ETHUSDT+LINKUSDT+LTCUSDT+SOLUSDT+TRXUSDT+XRPUSDT",
      "top_positive_asset_pnl_share": 0.41149338699568966,
      "asset_pnl_json": "{\"ADAUSDT\": -1568.147940509602, \"BCHUSDT\": -717.5821174885021, \"BNBUSDT\": -252.6966602327012, \"BTCUSDT\": -486.8903451870267, \"DOGEUSDT\": 4020.4264681045693, \"DOTUSDT\": 539.8495493815451, \"EOSUSDT\": -1723.5839660728511, \"ETHUSDT\": -1002.9356336554722, \"LINKUSDT\": 826.7892926789494, \"LTCUSDT\": -81.8262746318094, \"SOLUSDT\": 6963.380772156072, \"TRXUSDT\": 1217.366455920915, \"XRPUSDT\": 3354.4053933647415}",
      "score": 0.34674542658074375,
      "development_total_return": 1.1088554993828907,
      "development_cagr": 0.2828804043581141,
      "development_max_drawdown": -0.17715806902638198,
      "development_sharpe": 1.4580612942395743,
      "development_annual_turnover": 4.09335396041764,
      "development_average_gross": 0.409830461401199,
      "development_max_gross": 0.7156505084185103,
      "development_costs": 731.8481373918255,
      "development_funding_pnl": -171.36871763616372,
      "development_rebalance_events": 41,
      "development_forced_exits": 1
    },
    {
      "policy": "low_market_correlation_l120_k3_r7_beta",
      "family": "low_market_correlation",
      "lookback_days": 120,
      "long_short_k": 3,
      "rebalance_days": 7,
      "neutralization": "beta",
      "promotable_family": true,
      "eligible_development": false,
      "all_development_years_positive": false,
      "long_leg_pnl": 14104.614299820514,
      "short_leg_pnl": -1905.974594504028,
      "symbol_count_traded": 13,
      "symbols_traded": "ADAUSDT+BCHUSDT+BNBUSDT+BTCUSDT+DOGEUSDT+DOTUSDT+EOSUSDT+ETHUSDT+LINKUSDT+LTCUSDT+SOLUSDT+TRXUSDT+XRPUSDT",
      "top_positive_asset_pnl_share": 0.36829872926095275,
      "asset_pnl_json": "{\"ADAUSDT\": -3375.7723687210773, \"BCHUSDT\": -50.05639777179553, \"BNBUSDT\": -136.3460232872356, \"BTCUSDT\": -467.6971753876864, \"DOGEUSDT\": 7510.116706957866, \"DOTUSDT\": -56.88923388703738, \"EOSUSDT\": -1448.8958813194158, \"ETHUSDT\": -1413.253166996575, \"LINKUSDT\": -1076.6134534359019, \"LTCUSDT\": -167.20943957753457, \"SOLUSDT\": 7283.737285706676, \"TRXUSDT\": 1246.5489143377617, \"XRPUSDT\": 4350.969938698397}",
      "score": 0.3449493946610341,
      "development_total_return": 1.2198639705316556,
      "development_cagr": 0.3050417685832434,
      "development_max_drawdown": -0.24680532049195414,
      "development_sharpe": 1.1972218888376633,
      "development_annual_turnover": 4.456947239417583,
      "development_average_gross": 0.41567051077291856,
      "development_max_gross": 0.7040287586862888,
      "development_costs": 846.9944504869604,
      "development_funding_pnl": -742.6098856455626,
      "development_rebalance_events": 64,
      "development_forced_exits": 0
    },
    {
      "policy": "low_market_correlation_l120_k4_r28_beta",
      "family": "low_market_correlation",
      "lookback_days": 120,
      "long_short_k": 4,
      "rebalance_days": 28,
      "neutralization": "beta",
      "promotable_family": true,
      "eligible_development": false,
      "all_development_years_positive": false,
      "long_leg_pnl": 12583.897338498058,
      "short_leg_pnl": -1470.5363681959468,
      "symbol_count_traded": 13,
      "symbols_traded": "ADAUSDT+BCHUSDT+BNBUSDT+BTCUSDT+DOGEUSDT+DOTUSDT+EOSUSDT+ETHUSDT+LINKUSDT+LTCUSDT+SOLUSDT+TRXUSDT+XRPUSDT",
      "top_positive_asset_pnl_share": 0.3755994150971671,
      "asset_pnl_json": "{\"ADAUSDT\": -1856.7023485523318, \"BCHUSDT\": -308.41621296071025, \"BNBUSDT\": 55.67710964080345, \"BTCUSDT\": -515.286378662549, \"DOGEUSDT\": 5195.784070516445, \"DOTUSDT\": 1019.1676254315029, \"EOSUSDT\": -1214.4091436151198, \"ETHUSDT\": -1024.0322821382179, \"LINKUSDT\": -392.5101434792655, \"LTCUSDT\": 439.3970405484641, \"SOLUSDT\": 6169.11427851543, \"TRXUSDT\": 736.6132948426689, \"XRPUSDT\": 2808.9640602150494}",
      "score": 0.3438884466117788,
      "development_total_return": 1.1113360970302035,
      "development_cagr": 0.28338400884391723,
      "development_max_drawdown": -0.17712630841673427,
      "development_sharpe": 1.3906904205149055,
      "development_annual_turnover": 3.100670329309252,
      "development_average_gross": 0.4109348479022417,
      "development_max_gross": 0.7065747644184992,
      "development_costs": 576.669642154,
      "development_funding_pnl": -701.1096302884648,
      "development_rebalance_events": 37,
      "development_forced_exits": 2
    },
    {
      "policy": "low_market_correlation_l60_k3_r14_beta",
      "family": "low_market_correlation",
      "lookback_days": 60,
      "long_short_k": 3,
      "rebalance_days": 14,
      "neutralization": "beta",
      "promotable_family": true,
      "eligible_development": false,
      "all_development_years_positive": false,
      "long_leg_pnl": 16403.98539983403,
      "short_leg_pnl": -3558.0855132539123,
      "symbol_count_traded": 13,
      "symbols_traded": "ADAUSDT+BCHUSDT+BNBUSDT+BTCUSDT+DOGEUSDT+DOTUSDT+EOSUSDT+ETHUSDT+LINKUSDT+LTCUSDT+SOLUSDT+TRXUSDT+XRPUSDT",
      "top_positive_asset_pnl_share": 0.428770841870013,
      "asset_pnl_json": "{\"ADAUSDT\": -824.6027114001503, \"BCHUSDT\": -1853.43903764646, \"BNBUSDT\": -1861.3501519702013, \"BTCUSDT\": -680.0903354914286, \"DOGEUSDT\": 10057.625567514951, \"DOTUSDT\": 12.834051761978795, \"EOSUSDT\": -3663.3037472013743, \"ETHUSDT\": -1728.1926890131479, \"LINKUSDT\": 431.3765818893852, \"LTCUSDT\": 737.8863214948901, \"SOLUSDT\": 6665.754802815847, \"TRXUSDT\": 2169.8077530682713, \"XRPUSDT\": 3381.593480757549}",
      "score": 0.3404690987783507,
      "development_total_return": 1.2845899886580008,
      "development_cagr": 0.31762436574477015,
      "development_max_drawdown": -0.24978387789649892,
      "development_sharpe": 0.9336190916118852,
      "development_annual_turnover": 5.830408406020533,
      "development_average_gross": 0.39560050545984365,
      "development_max_gross": 0.714157145627121,
      "development_costs": 1267.4870096501168,
      "development_funding_pnl": -391.5053192625911,
      "development_rebalance_events": 66,
      "development_forced_exits": 1
    }
  ],
  "limitations": [
    "Public daily archives are not executable bid/ask or queue observations.",
    "The fixed universe includes delisted assets; forced exits carry a 100 bps penalty.",
    "Program-level OOS is not pristine.",
    "Volatility compression is a statistical ranking, not an issuer-quality claim."
  ],
  "data_manifest_sha256": "2a1d8e879b7a74b3fe35bfd097e18dc5fa4ccb5f2d08804574e70868d1309b50"
}
{
  "candidate": "ACTIVE_V357_CRYPTO_CORRELATION_STABILITY",
  "status": "rejected_before_validation",
  "eligible_policy_count": 0,
  "standalone_selection_passed": false,
  "integration_permitted": false,
  "promoted_candidates": [],
  "live_ready": false,
  "real_leverage_authorized": false,
  "profitability_proven": false,
  "selection": {
    "candidate": "ACTIVE_V357_CRYPTO_CORRELATION_STABILITY",
    "selection_cutoff": "2023-12-31T23:59:59Z",
    "selection_uses_2024": false,
    "selection_uses_2025": false,
    "selection_uses_2026": false,
    "program_level_holdout_pristine": false,
    "policy_count": 144,
    "promotable_policy_count": 108,
    "eligible_policy_count": 0,
    "development_gates": {
      "cagr_min": 0.05,
      "sharpe_min": 1.0,
      "max_drawdown_min": -0.15,
      "rebalance_events_min": 18,
      "annual_turnover_max": 15.0,
      "max_realized_gross": 0.7,
      "all_development_years_positive": true,
      "net_long_leg_pnl_positive": true,
      "net_short_leg_pnl_positive": true,
      "symbols_traded_min": 10,
      "top_positive_asset_pnl_share_max": 0.35
    },
    "post_selection_gates": {
      "validation_return_positive": true,
      "holdout_return_positive": true,
      "final_return_positive": true,
      "full_cagr_min": 0.06,
      "full_sharpe_min": 0.8,
      "full_max_drawdown_min": -0.15,
      "severe_full_cagr_positive": true,
      "extreme_full_cagr_positive": true,
      "latency_full_cagr_positive": true,
      "worst_calendar_year_min": -0.1,
      "full_long_leg_pnl_positive": true,
      "full_short_leg_pnl_positive": true,
      "top_positive_asset_pnl_share_max": 0.35,
      "forced_exit_count_max": 4
    },
    "coverage_gate": {
      "candidate": "V357_FIXED_UNIVERSE_DATA_COVERAGE",
      "fixed_universe_size": 13,
      "minimum_price_active_month_share": 0.95,
      "minimum_funding_active_month_share": 0.9,
      "minimum_development_price_months": 34,
      "details": {
        "BTCUSDT": {
          "first_price_month": "2020-01",
          "last_price_month": "2026-06",
          "active_month_count": 78,
          "price_active_month_share": 1.0,
          "funding_active_month_share": 1.0,
          "development_price_months": 36,
          "latest_required": true,
          "latest_present": true,
          "rows": 2373,
          "timestamp_min": "2020-01-01T00:00:00+00:00",
          "timestamp_max": "2026-06-30T00:00:00+00:00",
          "passed": true
        },
        "ETHUSDT": {
          "first_price_month": "2020-01",
          "last_price_month": "2026-06",
          "active_month_count": 78,
          "price_active_month_share": 1.0,
          "funding_active_month_share": 1.0,
          "development_price_months": 36,
          "latest_required": true,
          "latest_present": true,
          "rows": 2373,
          "timestamp_min": "2020-01-01T00:00:00+00:00",
          "timestamp_max": "2026-06-30T00:00:00+00:00",
          "passed": true
        },
        "BNBUSDT": {
          "first_price_month": "2020-02",
          "last_price_month": "2026-06",
          "active_month_count": 77,
          "price_active_month_share": 1.0,
          "funding_active_month_share": 1.0,
          "development_price_months": 36,
          "latest_required": false,
          "latest_present": true,
          "rows": 2333,
          "timestamp_min": "2020-02-10T00:00:00+00:00",
          "timestamp_max": "2026-06-30T00:00:00+00:00",
          "passed": true
        },
        "XRPUSDT": {
          "first_price_month": "2020-01",
          "last_price_month": "2026-06",
          "active_month_count": 78,
          "price_active_month_share": 1.0,
          "funding_active_month_share": 1.0,
          "development_price_months": 36,
          "latest_required": false,
          "latest_present": true,
          "rows": 2363,
          "timestamp_min": "2020-01-06T00:00:00+00:00",
          "timestamp_max": "2026-06-30T00:00:00+00:00",
          "passed": true
        },
        "ADAUSDT": {
          "first_price_month": "2020-01",
          "last_price_month": "2026-06",
          "active_month_count": 78,
          "price_active_month_share": 1.0,
          "funding_active_month_share": 1.0,
          "development_price_months": 36,
          "latest_required": false,
          "latest_present": true,
          "rows": 2343,
          "timestamp_min": "2020-01-31T00:00:00+00:00",
          "timestamp_max": "2026-06-30T00:00:00+00:00",
          "passed": true
        },
        "LTCUSDT": {
          "first_price_month": "2020-01",
          "last_price_month": "2026-06",
          "active_month_count": 78,
          "price_active_month_share": 1.0,
          "funding_active_month_share": 1.0,
          "development_price_months": 36,
          "latest_required": false,
          "latest_present": true,
          "rows": 2360,
          "timestamp_min": "2020-01-09T00:00:00+00:00",
          "timestamp_max": "2026-06-30T00:00:00+00:00",
          "passed": true
        },
        "BCHUSDT": {
          "first_price_month": "2020-01",
          "last_price_month": "2026-06",
          "active_month_count": 78,
          "price_active_month_share": 1.0,
          "funding_active_month_share": 1.0,
          "development_price_months": 36,
          "latest_required": false,
          "latest_present": true,
          "rows": 2373,
          "timestamp_min": "2020-01-01T00:00:00+00:00",
          "timestamp_max": "2026-06-30T00:00:00+00:00",
          "passed": true
        },
        "EOSUSDT": {
          "first_price_month": "2020-01",
          "last_price_month": "2025-05",
          "active_month_count": 65,
          "price_active_month_share": 1.0,
          "funding_active_month_share": 1.0,
          "development_price_months": 36,
          "latest_required": false,
          "latest_present": false,
          "rows": 1961,
          "timestamp_min": "2020-01-08T00:00:00+00:00",
          "timestamp_max": "2025-05-21T00:00:00+00:00",
          "passed": true
        },
        "DOGEUSDT": {
          "first_price_month": "2020-07",
          "last_price_month": "2026-06",
          "active_month_count": 72,
          "price_active_month_share": 1.0,
          "funding_active_month_share": 1.0,
          "development_price_months": 36,
          "latest_required": false,
          "latest_present": true,
          "rows": 2182,
          "timestamp_min": "2020-07-10T00:00:00+00:00",
          "timestamp_max": "2026-06-30T00:00:00+00:00",
          "passed": true
        },
        "LINKUSDT": {
          "first_price_month": "2020-01",
          "last_price_month": "2026-06",
          "active_month_count": 78,
          "price_active_month_share": 1.0,
          "funding_active_month_share": 1.0,
          "development_price_months": 36,
          "latest_required": false,
          "latest_present": true,
          "rows": 2357,
          "timestamp_min": "2020-01-17T00:00:00+00:00",
          "timestamp_max": "2026-06-30T00:00:00+00:00",
          "passed": true
        },
        "DOTUSDT": {
          "first_price_month": "2020-08",
          "last_price_month": "2026-06",
          "active_month_count": 71,
          "price_active_month_share": 1.0,
          "funding_active_month_share": 1.0,
          "development_price_months": 36,
          "latest_required": false,
          "latest_present": true,
          "rows": 2139,
          "timestamp_min": "2020-08-22T00:00:00+00:00",
          "timestamp_max": "2026-06-30T00:00:00+00:00",
          "passed": true
        },
        "TRXUSDT": {
          "first_price_month": "2020-01",
          "last_price_month": "2026-06",
          "active_month_count": 78,
          "price_active_month_share": 1.0,
          "funding_active_month_share": 1.0,
          "development_price_months": 36,
          "latest_required": false,
          "latest_present": true,
          "rows": 2354,
          "timestamp_min": "2020-01-15T00:00:00+00:00",
          "timestamp_max": "2026-06-30T00:00:00+00:00",
          "passed": true
        },
        "SOLUSDT": {
          "first_price_month": "2020-09",
          "last_price_month": "2026-06",
          "active_month_count": 70,
          "price_active_month_share": 1.0,
          "funding_active_month_share": 1.0,
          "development_price_months": 36,
          "latest_required": false,
          "latest_present": true,
          "rows": 2111,
          "timestamp_min": "2020-09-14T00:00:00+00:00",
          "timestamp_max": "2026-06-30T00:00:00+00:00",
          "passed": true
        }
      },
      "passed": true,
      "survivor_replacement_permitted": false
    },
    "ranking_sha256": "a1888b918ea8b7c799a2f4fbd3ee69a50e5367e199102767518c560bdf2afd7f",
    "design_sha256": "4aa934d28bffc9cc3fbc4998b5c9a2b1d5495657dfd72f2a4654732e4ef4491d",
    "selected": null,
    "lookbacks": [
      60,
      120,
      240
    ],
    "inner_estimation_window_days": 20,
    "selection_proof_sha256": "b5945309f5e375b5c1cf950c2799bc605f03c3e55d6c2a019a6782f13b2ba90c"
  },
  "coverage_gate": {
    "candidate": "V357_FIXED_UNIVERSE_DATA_COVERAGE",
    "fixed_universe_size": 13,
    "minimum_price_active_month_share": 0.95,
    "minimum_funding_active_month_share": 0.9,
    "minimum_development_price_months": 34,
    "details": {
      "BTCUSDT": {
        "first_price_month": "2020-01",
        "last_price_month": "2026-06",
        "active_month_count": 78,
        "price_active_month_share": 1.0,
        "funding_active_month_share": 1.0,
        "development_price_months": 36,
        "latest_required": true,
        "latest_present": true,
        "rows": 2373,
        "timestamp_min": "2020-01-01T00:00:00+00:00",
        "timestamp_max": "2026-06-30T00:00:00+00:00",
        "passed": true
      },
      "ETHUSDT": {
        "first_price_month": "2020-01",
        "last_price_month": "2026-06",
        "active_month_count": 78,
        "price_active_month_share": 1.0,
        "funding_active_month_share": 1.0,
        "development_price_months": 36,
        "latest_required": true,
        "latest_present": true,
        "rows": 2373,
        "timestamp_min": "2020-01-01T00:00:00+00:00",
        "timestamp_max": "2026-06-30T00:00:00+00:00",
        "passed": true
      },
      "BNBUSDT": {
        "first_price_month": "2020-02",
        "last_price_month": "2026-06",
        "active_month_count": 77,
        "price_active_month_share": 1.0,
        "funding_active_month_share": 1.0,
        "development_price_months": 36,
        "latest_required": false,
        "latest_present": true,
        "rows": 2333,
        "timestamp_min": "2020-02-10T00:00:00+00:00",
        "timestamp_max": "2026-06-30T00:00:00+00:00",
        "passed": true
      },
      "XRPUSDT": {
        "first_price_month": "2020-01",
        "last_price_month": "2026-06",
        "active_month_count": 78,
        "price_active_month_share": 1.0,
        "funding_active_month_share": 1.0,
        "development_price_months": 36,
        "latest_required": false,
        "latest_present": true,
        "rows": 2363,
        "timestamp_min": "2020-01-06T00:00:00+00:00",
        "timestamp_max": "2026-06-30T00:00:00+00:00",
        "passed": true
      },
      "ADAUSDT": {
        "first_price_month": "2020-01",
        "last_price_month": "2026-06",
        "active_month_count": 78,
        "price_active_month_share": 1.0,
        "funding_active_month_share": 1.0,
        "development_price_months": 36,
        "latest_required": false,
        "latest_present": true,
        "rows": 2343,
        "timestamp_min": "2020-01-31T00:00:00+00:00",
        "timestamp_max": "2026-06-30T00:00:00+00:00",
        "passed": true
      },
      "LTCUSDT": {
        "first_price_month": "2020-01",
        "last_price_month": "2026-06",
        "active_month_count": 78,
        "price_active_month_share": 1.0,
        "funding_active_month_share": 1.0,
        "development_price_months": 36,
        "latest_required": false,
        "latest_present": true,
        "rows": 2360,
        "timestamp_min": "2020-01-09T00:00:00+00:00",
        "timestamp_max": "2026-06-30T00:00:00+00:00",
        "passed": true
      },
      "BCHUSDT": {
        "first_price_month": "2020-01",
        "last_price_month": "2026-06",
        "active_month_count": 78,
        "price_active_month_share": 1.0,
        "funding_active_month_share": 1.0,
        "development_price_months": 36,
        "latest_required": false,
        "latest_present": true,
        "rows": 2373,
        "timestamp_min": "2020-01-01T00:00:00+00:00",
        "timestamp_max": "2026-06-30T00:00:00+00:00",
        "passed": true
      },
      "EOSUSDT": {
        "first_price_month": "2020-01",
        "last_price_month": "2025-05",
        "active_month_count": 65,
        "price_active_month_share": 1.0,
        "funding_active_month_share": 1.0,
        "development_price_months": 36,
        "latest_required": false,
        "latest_present": false,
        "rows": 1961,
        "timestamp_min": "2020-01-08T00:00:00+00:00",
        "timestamp_max": "2025-05-21T00:00:00+00:00",
        "passed": true
      },
      "DOGEUSDT": {
        "first_price_month": "2020-07",
        "last_price_month": "2026-06",
        "active_month_count": 72,
        "price_active_month_share": 1.0,
        "funding_active_month_share": 1.0,
        "development_price_months": 36,
        "latest_required": false,
        "latest_present": true,
        "rows": 2182,
        "timestamp_min": "2020-07-10T00:00:00+00:00",
        "timestamp_max": "2026-06-30T00:00:00+00:00",
        "passed": true
      },
      "LINKUSDT": {
        "first_price_month": "2020-01",
        "last_price_month": "2026-06",
        "active_month_count": 78,
        "price_active_month_share": 1.0,
        "funding_active_month_share": 1.0,
        "development_price_months": 36,
        "latest_required": false,
        "latest_present": true,
        "rows": 2357,
        "timestamp_min": "2020-01-17T00:00:00+00:00",
        "timestamp_max": "2026-06-30T00:00:00+00:00",
        "passed": true
      },
      "DOTUSDT": {
        "first_price_month": "2020-08",
        "last_price_month": "2026-06",
        "active_month_count": 71,
        "price_active_month_share": 1.0,
        "funding_active_month_share": 1.0,
        "development_price_months": 36,
        "latest_required": false,
        "latest_present": true,
        "rows": 2139,
        "timestamp_min": "2020-08-22T00:00:00+00:00",
        "timestamp_max": "2026-06-30T00:00:00+00:00",
        "passed": true
      },
      "TRXUSDT": {
        "first_price_month": "2020-01",
        "last_price_month": "2026-06",
        "active_month_count": 78,
        "price_active_month_share": 1.0,
        "funding_active_month_share": 1.0,
        "development_price_months": 36,
        "latest_required": false,
        "latest_present": true,
        "rows": 2354,
        "timestamp_min": "2020-01-15T00:00:00+00:00",
        "timestamp_max": "2026-06-30T00:00:00+00:00",
        "passed": true
      },
      "SOLUSDT": {
        "first_price_month": "2020-09",
        "last_price_month": "2026-06",
        "active_month_count": 70,
        "price_active_month_share": 1.0,
        "funding_active_month_share": 1.0,
        "development_price_months": 36,
        "latest_required": false,
        "latest_present": true,
        "rows": 2111,
        "timestamp_min": "2020-09-14T00:00:00+00:00",
        "timestamp_max": "2026-06-30T00:00:00+00:00",
        "passed": true
      }
    },
    "passed": true,
    "survivor_replacement_permitted": false
  },
  "development_diagnostics": [
    {
      "policy": "low_market_correlation_l120_k4_r14_dollar",
      "family": "low_market_correlation",
      "lookback_days": 120,
      "long_short_k": 4,
      "rebalance_days": 14,
      "neutralization": "dollar",
      "promotable_family": true,
      "eligible_development": false,
      "all_development_years_positive": false,
      "long_leg_pnl": 20001.10407113744,
      "short_leg_pnl": -1329.1883329110494,
      "symbol_count_traded": 13,
      "symbols_traded": "ADAUSDT+BCHUSDT+BNBUSDT+BTCUSDT+DOGEUSDT+DOTUSDT+EOSUSDT+ETHUSDT+LINKUSDT+LTCUSDT+SOLUSDT+TRXUSDT+XRPUSDT",
      "top_positive_asset_pnl_share": 0.4932588730467645,
      "asset_pnl_json": "{\"ADAUSDT\": -1909.051660279816, \"BCHUSDT\": -1255.0646311300168, \"BNBUSDT\": 1465.371500088491, \"BTCUSDT\": -371.41556675345157, \"DOGEUSDT\": 13220.621590607854, \"DOTUSDT\": 1001.9930820704318, \"EOSUSDT\": -2274.0700847144303, \"ETHUSDT\": -926.6745004102015, \"LINKUSDT\": -1394.410494331368, \"LTCUSDT\": 1046.2964547892504, \"SOLUSDT\": 6598.3721801223355, \"TRXUSDT\": 1203.9937215780642, \"XRPUSDT\": 2265.9541465892926}",
      "score": 0.4955499210380176,
      "development_total_return": 1.867191573822625,
      "development_cagr": 0.42143287490258396,
      "development_max_drawdown": -0.18947267245768307,
      "development_sharpe": 1.675638978384993,
      "development_annual_turnover": 3.7688677847442924,
      "development_average_gross": 0.41133809505505525,
      "development_max_gross": 0.790006899018593,
      "development_costs": 915.5852880419625,
      "development_funding_pnl": -613.63359069378,
      "development_rebalance_events": 53,
      "development_forced_exits": 2
    },
    {
      "policy": "low_market_correlation_l120_k4_r14_beta",
      "family": "low_market_correlation",
      "lookback_days": 120,
      "long_short_k": 4,
      "rebalance_days": 14,
      "neutralization": "beta",
      "promotable_family": true,
      "eligible_development": false,
      "all_development_years_positive": false,
      "long_leg_pnl": 20300.764710930966,
      "short_leg_pnl": -1928.6611255361427,
      "symbol_count_traded": 13,
      "symbols_traded": "ADAUSDT+BCHUSDT+BNBUSDT+BTCUSDT+DOGEUSDT+DOTUSDT+EOSUSDT+ETHUSDT+LINKUSDT+LTCUSDT+SOLUSDT+TRXUSDT+XRPUSDT",
      "top_positive_asset_pnl_share": 0.498374421105475,
      "asset_pnl_json": "{\"ADAUSDT\": -2009.5583684939797, \"BCHUSDT\": -1363.8603908862642, \"BNBUSDT\": 897.5961104541799, \"BTCUSDT\": -520.0164967501361, \"DOGEUSDT\": 13354.494022038516, \"DOTUSDT\": 1042.5276665285442, \"EOSUSDT\": -2340.3638087063455, \"ETHUSDT\": -1063.9720725797047, \"LINKUSDT\": -1126.2316913503123, \"LTCUSDT\": 915.8173101678144, \"SOLUSDT\": 6684.209938920062, \"TRXUSDT\": 1143.079055230898, \"XRPUSDT\": 2758.382310821635}",
      "score": 0.4824275837321145,
      "development_total_return": 1.837210358539481,
      "development_cagr": 0.41645319291775773,
      "development_max_drawdown": -0.20394506208094865,
      "development_sharpe": 1.5419791405177812,
      "development_annual_turnover": 3.916266771110565,
      "development_average_gross": 0.4108901460857067,
      "development_max_gross": 0.7056408390720521,
      "development_costs": 939.9193411023559,
      "development_funding_pnl": -867.4641323644262,
      "development_rebalance_events": 57,
      "development_forced_exits": 2
    },
    {
      "policy": "low_market_correlation_l120_k3_r7_dollar",
      "family": "low_market_correlation",
      "lookback_days": 120,
      "long_short_k": 3,
      "rebalance_days": 7,
      "neutralization": "dollar",
      "promotable_family": true,
      "eligible_development": false,
      "all_development_years_positive": false,
      "long_leg_pnl": 19114.402866373868,
      "short_leg_pnl": -1372.3040220648736,
      "symbol_count_traded": 13,
      "symbols_traded": "ADAUSDT+BCHUSDT+BNBUSDT+BTCUSDT+DOGEUSDT+DOTUSDT+EOSUSDT+ETHUSDT+LINKUSDT+LTCUSDT+SOLUSDT+TRXUSDT+XRPUSDT",
      "top_positive_asset_pnl_share": 0.493564799361214,
      "asset_pnl_json": "{\"ADAUSDT\": -4134.354663060596, \"BCHUSDT\": 28.167914134926612, \"BNBUSDT\": -75.7911836277609, \"BTCUSDT\": -339.9413458109112, \"DOGEUSDT\": 13213.740689853132, \"DOTUSDT\": -122.3992452667327, \"EOSUSDT\": -1600.0448113884481, \"ETHUSDT\": -1387.4239920201471, \"LINKUSDT\": -1369.9942999660927, \"LTCUSDT\": 126.05185578316294, \"SOLUSDT\": 8220.482856316838, \"TRXUSDT\": 1542.063483074435, \"XRPUSDT\": 3641.5415862870796}",
      "score": 0.46060991276009516,
      "development_total_return": 1.7742098844308964,
      "development_cagr": 0.4058738532755659,
      "development_max_drawdown": -0.23752747307193223,
      "development_sharpe": 1.4260409397840288,
      "development_annual_turnover": 4.3734785872103625,
      "development_average_gross": 0.4123619646502565,
      "development_max_gross": 0.7068180420137693,
      "development_costs": 1017.1112168525051,
      "development_funding_pnl": -485.374102743854,
      "development_rebalance_events": 62,
      "development_forced_exits": 0
    },
    {
      "policy": "low_market_correlation_l120_k3_r14_dollar",
      "family": "low_market_correlation",
      "lookback_days": 120,
      "long_short_k": 3,
      "rebalance_days": 14,
      "neutralization": "dollar",
      "promotable_family": true,
      "eligible_development": false,
      "all_development_years_positive": false,
      "long_leg_pnl": 17973.11297638642,
      "short_leg_pnl": -1202.0271772845038,
      "symbol_count_traded": 13,
      "symbols_traded": "ADAUSDT+BCHUSDT+BNBUSDT+BTCUSDT+DOGEUSDT+DOTUSDT+EOSUSDT+ETHUSDT+LINKUSDT+LTCUSDT+SOLUSDT+TRXUSDT+XRPUSDT",
      "top_positive_asset_pnl_share": 0.4845058289256094,
      "asset_pnl_json": "{\"ADAUSDT\": -3634.5384769744355, \"BCHUSDT\": -163.6690928075041, \"BNBUSDT\": -317.83169302199246, \"BTCUSDT\": -455.1047165621194, \"DOGEUSDT\": 12929.126472950888, \"DOTUSDT\": 35.08237342928553, \"EOSUSDT\": -2297.887028199977, \"ETHUSDT\": -1466.983041667002, \"LINKUSDT\": -1578.0826635477135, \"LTCUSDT\": 882.3159208182008, \"SOLUSDT\": 8277.884788368365, \"TRXUSDT\": 1281.8124367262108, \"XRPUSDT\": 3278.960519589717}",
      "score": 0.4406661576909495,
      "development_total_return": 1.677108579910179,
      "development_cagr": 0.3892500885975987,
      "development_max_drawdown": -0.24667272230039095,
      "development_sharpe": 1.382605929921394,
      "development_annual_turnover": 3.6063983712209886,
      "development_average_gross": 0.40994154335666255,
      "development_max_gross": 0.7068180420137704,
      "development_costs": 846.0206652028435,
      "development_funding_pnl": -671.9326930092989,
      "development_rebalance_events": 46,
      "development_forced_exits": 0
    },
    {
      "policy": "low_market_correlation_l120_k3_r14_beta",
      "family": "low_market_correlation",
      "lookback_days": 120,
      "long_short_k": 3,
      "rebalance_days": 14,
      "neutralization": "beta",
      "promotable_family": true,
      "eligible_development": false,
      "all_development_years_positive": false,
      "long_leg_pnl": 18099.5628659985,
      "short_leg_pnl": -2149.5967989920314,
      "symbol_count_traded": 13,
      "symbols_traded": "ADAUSDT+BCHUSDT+BNBUSDT+BTCUSDT+DOGEUSDT+DOTUSDT+EOSUSDT+ETHUSDT+LINKUSDT+LTCUSDT+SOLUSDT+TRXUSDT+XRPUSDT",
      "top_positive_asset_pnl_share": 0.5053664605900504,
      "asset_pnl_json": "{\"ADAUSDT\": -3591.7808714011, \"BCHUSDT\": -232.8593425953992, \"BNBUSDT\": -407.18197594340694, \"BTCUSDT\": -612.5023871044245, \"DOGEUSDT\": 13372.415452687712, \"DOTUSDT\": 73.50069966921016, \"EOSUSDT\": -2336.2070981218594, \"ETHUSDT\": -1727.3231469864104, \"LINKUSDT\": -1603.0080251191987, \"LTCUSDT\": 469.56511192519565, \"SOLUSDT\": 7874.249143827086, \"TRXUSDT\": 1208.4856458075785, \"XRPUSDT\": 3462.6128603615557}",
      "score": 0.41845414959542243,
      "development_total_return": 1.5949966067006418,
      "development_cagr": 0.3748761598674284,
      "development_max_drawdown": -0.2618978160172195,
      "development_sharpe": 1.282303389667277,
      "development_annual_turnover": 3.771998758288861,
      "development_average_gross": 0.40924383092142846,
      "development_max_gross": 0.7023238175415937,
      "development_costs": 867.2358115403499,
      "development_funding_pnl": -920.2620556607171,
      "development_rebalance_events": 48,
      "development_forced_exits": 0
    },
    {
      "policy": "low_market_correlation_l120_k4_r7_beta",
      "family": "low_market_correlation",
      "lookback_days": 120,
      "long_short_k": 4,
      "rebalance_days": 7,
      "neutralization": "beta",
      "promotable_family": true,
      "eligible_development": false,
      "all_development_years_positive": false,
      "long_leg_pnl": 15261.48120823061,
      "short_leg_pnl": -1580.4484639254413,
      "symbol_count_traded": 13,
      "symbols_traded": "ADAUSDT+BCHUSDT+BNBUSDT+BTCUSDT+DOGEUSDT+DOTUSDT+EOSUSDT+ETHUSDT+LINKUSDT+LTCUSDT+SOLUSDT+TRXUSDT+XRPUSDT",
      "top_positive_asset_pnl_share": 0.37755170390232606,
      "asset_pnl_json": "{\"ADAUSDT\": -1219.2497289568944, \"BCHUSDT\": -1243.3359628760263, \"BNBUSDT\": 1058.5485690158887, \"BTCUSDT\": -505.4797240701561, \"DOGEUSDT\": 7813.204344274802, \"DOTUSDT\": 884.8403888089424, \"EOSUSDT\": -1901.35089816294, \"ETHUSDT\": -974.0572538703359, \"LINKUSDT\": -1169.8893520304823, \"LTCUSDT\": 525.1105208901412, \"SOLUSDT\": 6660.335207824304, \"TRXUSDT\": 726.7117219293746, \"XRPUSDT\": 3025.6449115285436}",
      "score": 0.3890121057400209,
      "development_total_return": 1.368103274430525,
      "development_cagr": 0.3335130826001147,
      "development_max_drawdown": -0.21320511695598032,
      "development_sharpe": 1.3916473608849853,
      "development_annual_turnover": 4.830408956950615,
      "development_average_gross": 0.4109168767859626,
      "development_max_gross": 0.6431251158632316,
      "development_costs": 971.3464451110005,
      "development_funding_pnl": -451.0129730121847,
      "development_rebalance_events": 77,
      "development_forced_exits": 2
    },
    {
      "policy": "low_market_correlation_l60_k3_r28_dollar",
      "family": "low_market_correlation",
      "lookback_days": 60,
      "long_short_k": 3,
      "rebalance_days": 28,
      "neutralization": "dollar",
      "promotable_family": true,
      "eligible_development": false,
      "all_development_years_positive": false,
      "long_leg_pnl": 17911.703440028185,
      "short_leg_pnl": -3200.3385043644607,
      "symbol_count_traded": 13,
      "symbols_traded": "ADAUSDT+BCHUSDT+BNBUSDT+BTCUSDT+DOGEUSDT+DOTUSDT+EOSUSDT+ETHUSDT+LINKUSDT+LTCUSDT+SOLUSDT+TRXUSDT+XRPUSDT",
      "top_positive_asset_pnl_share": 0.4009117503256348,
      "asset_pnl_json": "{\"ADAUSDT\": -892.1764725835006, \"BCHUSDT\": -2698.1652178647905, \"BNBUSDT\": -76.48915025545142, \"BTCUSDT\": -786.4976178590939, \"DOGEUSDT\": 6484.863605173404, \"DOTUSDT\": -892.2409056301143, \"EOSUSDT\": -3488.4641366686265, \"ETHUSDT\": -1656.1623003117136, \"LINKUSDT\": 1876.7633083894018, \"LTCUSDT\": 740.6473730188851, \"SOLUSDT\": 10103.601825943091, \"TRXUSDT\": 1558.8781969441206, \"XRPUSDT\": 4436.806427368037}",
      "score": 0.3868770174218114,
      "development_total_return": 1.4711364935663611,
      "development_cagr": 0.35260933892761326,
      "development_max_drawdown": -0.21847614458398124,
      "development_sharpe": 1.0484929985407272,
      "development_annual_turnover": 3.8929342047984465,
      "development_average_gross": 0.40639781522894647,
      "development_max_gross": 0.7239148482884263,
      "development_costs": 862.6819515473418,
      "development_funding_pnl": -402.75482913716684,
      "development_rebalance_events": 39,
      "development_forced_exits": 1
    },
    {
      "policy": "low_market_correlation_l60_k3_r28_beta",
      "family": "low_market_correlation",
      "lookback_days": 60,
      "long_short_k": 3,
      "rebalance_days": 28,
      "neutralization": "beta",
      "promotable_family": true,
      "eligible_development": false,
      "all_development_years_positive": false,
      "long_leg_pnl": 18106.39910610782,
      "short_leg_pnl": -3733.7705088281687,
      "symbol_count_traded": 13,
      "symbols_traded": "ADAUSDT+BCHUSDT+BNBUSDT+BTCUSDT+DOGEUSDT+DOTUSDT+EOSUSDT+ETHUSDT+LINKUSDT+LTCUSDT+SOLUSDT+TRXUSDT+XRPUSDT",
      "top_positive_asset_pnl_share": 0.3753014006246903,
      "asset_pnl_json": "{\"ADAUSDT\": -919.7453990267398, \"BCHUSDT\": -2704.777043500401, \"BNBUSDT\": -116.24205047599204, \"BTCUSDT\": -1078.0673428644316, \"DOGEUSDT\": 6618.5691495768015, \"DOTUSDT\": -567.512734443928, \"EOSUSDT\": -3542.964318852339, \"ETHUSDT\": -1832.7310607420368, \"LINKUSDT\": 2081.729548004899, \"LTCUSDT\": 706.0752513670122, \"SOLUSDT\": 9433.076309996071, \"TRXUSDT\": 1504.608924417209, \"XRPUSDT\": 4790.609363823515}",
      "score": 0.3781549392963901,
      "development_total_return": 1.4372628597279826,
      "development_cagr": 0.34639070629889623,
      "development_max_drawdown": -0.23760287616348608,
      "development_sharpe": 1.0417175815476536,
      "development_annual_turnover": 3.886667686409244,
      "development_average_gross": 0.39692486250493114,
      "development_max_gross": 0.714157145627121,
      "development_costs": 851.3097714786327,
      "development_funding_pnl": -752.6272955130199,
      "development_rebalance_events": 39,
      "development_forced_exits": 1
    },
    {
      "policy": "low_market_correlation_l60_k4_r14_beta",
      "family": "low_market_correlation",
      "lookback_days": 60,
      "long_short_k": 4,
      "rebalance_days": 14,
      "neutralization": "beta",
      "promotable_family": true,
      "eligible_development": false,
      "all_development_years_positive": false,
      "long_leg_pnl": 16522.9959515767,
      "short_leg_pnl": -3326.507172989467,
      "symbol_count_traded": 13,
      "symbols_traded": "ADAUSDT+BCHUSDT+BNBUSDT+BTCUSDT+DOGEUSDT+DOTUSDT+EOSUSDT+ETHUSDT+LINKUSDT+LTCUSDT+SOLUSDT+TRXUSDT+XRPUSDT",
      "top_positive_asset_pnl_share": 0.34597963481259286,
      "asset_pnl_json": "{\"ADAUSDT\": -964.0637928148021, \"BCHUSDT\": -1292.745634128526, \"BNBUSDT\": -121.12341080633985, \"BTCUSDT\": -570.1350919450321, \"DOGEUSDT\": 6885.166714071904, \"DOTUSDT\": 1046.7208815189383, \"EOSUSDT\": -1937.4411797872112, \"ETHUSDT\": -1218.1884272058292, \"LINKUSDT\": -600.3107697669683, \"LTCUSDT\": 220.68341798213856, \"SOLUSDT\": 5769.520174325506, \"TRXUSDT\": 1796.8053238380685, \"XRPUSDT\": 4181.600573305456}",
      "score": 0.3742683516985522,
      "development_total_return": 1.319648877858726,
      "development_cagr": 0.3243408010443136,
      "development_max_drawdown": -0.2203796130769683,
      "development_sharpe": 1.3213313658703163,
      "development_annual_turnover": 5.587921894606309,
      "development_average_gross": 0.39610750092054053,
      "development_max_gross": 0.705640839072052,
      "development_costs": 1156.0540886724305,
      "development_funding_pnl": -584.7783510574391,
      "development_rebalance_events": 67,
      "development_forced_exits": 1
    },
    {
      "policy": "low_market_correlation_l60_k4_r28_beta",
      "family": "low_market_correlation",
      "lookback_days": 60,
      "long_short_k": 4,
      "rebalance_days": 28,
      "neutralization": "beta",
      "promotable_family": true,
      "eligible_development": false,
      "all_development_years_positive": false,
      "long_leg_pnl": 14963.070359174628,
      "short_leg_pnl": -2540.720080079534,
      "symbol_count_traded": 13,
      "symbols_traded": "ADAUSDT+BCHUSDT+BNBUSDT+BTCUSDT+DOGEUSDT+DOTUSDT+EOSUSDT+ETHUSDT+LINKUSDT+LTCUSDT+SOLUSDT+TRXUSDT+XRPUSDT",
      "top_positive_asset_pnl_share": 0.41451576163242465,
      "asset_pnl_json": "{\"ADAUSDT\": -1641.7620423743344, \"BCHUSDT\": -352.2870167916645, \"BNBUSDT\": -370.51073932740724, \"BTCUSDT\": -633.7868387717987, \"DOGEUSDT\": 4273.555292726963, \"DOTUSDT\": 826.1672954134148, \"EOSUSDT\": -1870.7163476245912, \"ETHUSDT\": -1101.7111128552162, \"LINKUSDT\": 1000.3859748370938, \"LTCUSDT\": 49.22363792943866, \"SOLUSDT\": 7624.239959865816, \"TRXUSDT\": 1255.046210027556, \"XRPUSDT\": 3364.50600603988}",
      "score": 0.3731153638410876,
      "development_total_return": 1.242235027909532,
      "development_cagr": 0.3094179617644117,
      "development_max_drawdown": -0.1869914357133442,
      "development_sharpe": 1.472107615028408,
      "development_annual_turnover": 4.154531515972489,
      "development_average_gross": 0.401640184698804,
      "development_max_gross": 0.7056408390720523,
      "development_costs": 777.673567510921,
      "development_funding_pnl": -549.1052820623855,
      "development_rebalance_events": 40,
      "development_forced_exits": 1
    },
    {
      "policy": "low_market_correlation_l120_k4_r7_dollar",
      "family": "low_market_correlation",
      "lookback_days": 120,
      "long_short_k": 4,
      "rebalance_days": 7,
      "neutralization": "dollar",
      "promotable_family": true,
      "eligible_development": false,
      "all_development_years_positive": false,
      "long_leg_pnl": 12981.327575933225,
      "short_leg_pnl": -989.4731314770265,
      "symbol_count_traded": 13,
      "symbols_traded": "ADAUSDT+BCHUSDT+BNBUSDT+BTCUSDT+DOGEUSDT+DOTUSDT+EOSUSDT+ETHUSDT+LINKUSDT+LTCUSDT+SOLUSDT+TRXUSDT+XRPUSDT",
      "top_positive_asset_pnl_share": 0.3359637632062537,
      "asset_pnl_json": "{\"ADAUSDT\": -1109.7158175273364, \"BCHUSDT\": -1351.6653213358413, \"BNBUSDT\": 1223.9918855299732, \"BTCUSDT\": -417.5626330541764, \"DOGEUSDT\": 5984.000625968374, \"DOTUSDT\": 682.532150751394, \"EOSUSDT\": -1526.2378591152396, \"ETHUSDT\": -870.9121345074449, \"LINKUSDT\": -819.7044357936862, \"LTCUSDT\": 451.67272279436975, \"SOLUSDT\": 6076.795850447114, \"TRXUSDT\": 742.1201365169593, \"XRPUSDT\": 2926.53927378168}",
      "score": 0.3604392092172543,
      "development_total_return": 1.1991854444456314,
      "development_cagr": 0.30097046044976783,
      "development_max_drawdown": -0.2197963629778329,
      "development_sharpe": 1.4683676058231752,
      "development_annual_turnover": 4.515488049128134,
      "development_average_gross": 0.41266217440338954,
      "development_max_gross": 0.6859919067720274,
      "development_costs": 835.8323467945054,
      "development_funding_pnl": -245.26316237624792,
      "development_rebalance_events": 70,
      "development_forced_exits": 2
    },
    {
      "policy": "low_market_correlation_l60_k4_r28_dollar",
      "family": "low_market_correlation",
      "lookback_days": 60,
      "long_short_k": 4,
      "rebalance_days": 28,
      "neutralization": "dollar",
      "promotable_family": true,
      "eligible_development": false,
      "all_development_years_positive": false,
      "long_leg_pnl": 13583.085149409319,
      "short_leg_pnl": -2494.5301555804726,
      "symbol_count_traded": 13,
      "symbols_traded": "ADAUSDT+BCHUSDT+BNBUSDT+BTCUSDT+DOGEUSDT+DOTUSDT+EOSUSDT+ETHUSDT+LINKUSDT+LTCUSDT+SOLUSDT+TRXUSDT+XRPUSDT",
      "top_positive_asset_pnl_share": 0.41149338699568966,
      "asset_pnl_json": "{\"ADAUSDT\": -1568.147940509602, \"BCHUSDT\": -717.5821174885021, \"BNBUSDT\": -252.6966602327012, \"BTCUSDT\": -486.8903451870267, \"DOGEUSDT\": 4020.4264681045693, \"DOTUSDT\": 539.8495493815451, \"EOSUSDT\": -1723.5839660728511, \"ETHUSDT\": -1002.9356336554722, \"LINKUSDT\": 826.7892926789494, \"LTCUSDT\": -81.8262746318094, \"SOLUSDT\": 6963.380772156072, \"TRXUSDT\": 1217.366455920915, \"XRPUSDT\": 3354.4053933647415}",
      "score": 0.34674542658074375,
      "development_total_return": 1.1088554993828907,
      "development_cagr": 0.2828804043581141,
      "development_max_drawdown": -0.17715806902638198,
      "development_sharpe": 1.4580612942395743,
      "development_annual_turnover": 4.09335396041764,
      "development_average_gross": 0.409830461401199,
      "development_max_gross": 0.7156505084185103,
      "development_costs": 731.8481373918255,
      "development_funding_pnl": -171.36871763616372,
      "development_rebalance_events": 41,
      "development_forced_exits": 1
    },
    {
      "policy": "low_market_correlation_l120_k3_r7_beta",
      "family": "low_market_correlation",
      "lookback_days": 120,
      "long_short_k": 3,
      "rebalance_days": 7,
      "neutralization": "beta",
      "promotable_family": true,
      "eligible_development": false,
      "all_development_years_positive": false,
      "long_leg_pnl": 14104.614299820514,
      "short_leg_pnl": -1905.974594504028,
      "symbol_count_traded": 13,
      "symbols_traded": "ADAUSDT+BCHUSDT+BNBUSDT+BTCUSDT+DOGEUSDT+DOTUSDT+EOSUSDT+ETHUSDT+LINKUSDT+LTCUSDT+SOLUSDT+TRXUSDT+XRPUSDT",
      "top_positive_asset_pnl_share": 0.36829872926095275,
      "asset_pnl_json": "{\"ADAUSDT\": -3375.7723687210773, \"BCHUSDT\": -50.05639777179553, \"BNBUSDT\": -136.3460232872356, \"BTCUSDT\": -467.6971753876864, \"DOGEUSDT\": 7510.116706957866, \"DOTUSDT\": -56.88923388703738, \"EOSUSDT\": -1448.8958813194158, \"ETHUSDT\": -1413.253166996575, \"LINKUSDT\": -1076.6134534359019, \"LTCUSDT\": -167.20943957753457, \"SOLUSDT\": 7283.737285706676, \"TRXUSDT\": 1246.5489143377617, \"XRPUSDT\": 4350.969938698397}",
      "score": 0.3449493946610341,
      "development_total_return": 1.2198639705316556,
      "development_cagr": 0.3050417685832434,
      "development_max_drawdown": -0.24680532049195414,
      "development_sharpe": 1.1972218888376633,
      "development_annual_turnover": 4.456947239417583,
      "development_average_gross": 0.41567051077291856,
      "development_max_gross": 0.7040287586862888,
      "development_costs": 846.9944504869604,
      "development_funding_pnl": -742.6098856455626,
      "development_rebalance_events": 64,
      "development_forced_exits": 0
    },
    {
      "policy": "low_market_correlation_l120_k4_r28_beta",
      "family": "low_market_correlation",
      "lookback_days": 120,
      "long_short_k": 4,
      "rebalance_days": 28,
      "neutralization": "beta",
      "promotable_family": true,
      "eligible_development": false,
      "all_development_years_positive": false,
      "long_leg_pnl": 12583.897338498058,
      "short_leg_pnl": -1470.5363681959468,
      "symbol_count_traded": 13,
      "symbols_traded": "ADAUSDT+BCHUSDT+BNBUSDT+BTCUSDT+DOGEUSDT+DOTUSDT+EOSUSDT+ETHUSDT+LINKUSDT+LTCUSDT+SOLUSDT+TRXUSDT+XRPUSDT",
      "top_positive_asset_pnl_share": 0.3755994150971671,
      "asset_pnl_json": "{\"ADAUSDT\": -1856.7023485523318, \"BCHUSDT\": -308.41621296071025, \"BNBUSDT\": 55.67710964080345, \"BTCUSDT\": -515.286378662549, \"DOGEUSDT\": 5195.784070516445, \"DOTUSDT\": 1019.1676254315029, \"EOSUSDT\": -1214.4091436151198, \"ETHUSDT\": -1024.0322821382179, \"LINKUSDT\": -392.5101434792655, \"LTCUSDT\": 439.3970405484641, \"SOLUSDT\": 6169.11427851543, \"TRXUSDT\": 736.6132948426689, \"XRPUSDT\": 2808.9640602150494}",
      "score": 0.3438884466117788,
      "development_total_return": 1.1113360970302035,
      "development_cagr": 0.28338400884391723,
      "development_max_drawdown": -0.17712630841673427,
      "development_sharpe": 1.3906904205149055,
      "development_annual_turnover": 3.100670329309252,
      "development_average_gross": 0.4109348479022417,
      "development_max_gross": 0.7065747644184992,
      "development_costs": 576.669642154,
      "development_funding_pnl": -701.1096302884648,
      "development_rebalance_events": 37,
      "development_forced_exits": 2
    },
    {
      "policy": "low_market_correlation_l60_k3_r14_beta",
      "family": "low_market_correlation",
      "lookback_days": 60,
      "long_short_k": 3,
      "rebalance_days": 14,
      "neutralization": "beta",
      "promotable_family": true,
      "eligible_development": false,
      "all_development_years_positive": false,
      "long_leg_pnl": 16403.98539983403,
      "short_leg_pnl": -3558.0855132539123,
      "symbol_count_traded": 13,
      "symbols_traded": "ADAUSDT+BCHUSDT+BNBUSDT+BTCUSDT+DOGEUSDT+DOTUSDT+EOSUSDT+ETHUSDT+LINKUSDT+LTCUSDT+SOLUSDT+TRXUSDT+XRPUSDT",
      "top_positive_asset_pnl_share": 0.428770841870013,
      "asset_pnl_json": "{\"ADAUSDT\": -824.6027114001503, \"BCHUSDT\": -1853.43903764646, \"BNBUSDT\": -1861.3501519702013, \"BTCUSDT\": -680.0903354914286, \"DOGEUSDT\": 10057.625567514951, \"DOTUSDT\": 12.834051761978795, \"EOSUSDT\": -3663.3037472013743, \"ETHUSDT\": -1728.1926890131479, \"LINKUSDT\": 431.3765818893852, \"LTCUSDT\": 737.8863214948901, \"SOLUSDT\": 6665.754802815847, \"TRXUSDT\": 2169.8077530682713, \"XRPUSDT\": 3381.593480757549}",
      "score": 0.3404690987783507,
      "development_total_return": 1.2845899886580008,
      "development_cagr": 0.31762436574477015,
      "development_max_drawdown": -0.24978387789649892,
      "development_sharpe": 0.9336190916118852,
      "development_annual_turnover": 5.830408406020533,
      "development_average_gross": 0.39560050545984365,
      "development_max_gross": 0.714157145627121,
      "development_costs": 1267.4870096501168,
      "development_funding_pnl": -391.5053192625911,
      "development_rebalance_events": 66,
      "development_forced_exits": 1
    }
  ],
  "limitations": [
    "Rolling correlation and beta are statistical estimates and may change abruptly between rebalances.",
    "Public daily archives are not executable bid/ask or queue observations.",
    "The fixed universe includes delisted assets; forced exits carry a 100 bps penalty.",
    "Program-level OOS is not pristine."
  ],
  "data_manifest_sha256": "2a1d8e879b7a74b3fe35bfd097e18dc5fa4ccb5f2d08804574e70868d1309b50"
}
