timestamp,open_binance,close_binance,open_hyperliquid,close_hyperliquid,funding_binance,funding_count_binance,funding_hours_binance,funding_max_jitter_seconds_binance,funding_hyperliquid,funding_count_hyperliquid,funding_hours_hyperliquid,funding_max_jitter_seconds_hyperliquid,asset,funding_complete,price_complete,basis_bps,funding_spread
2023-05-01 00:00:00+00:00,29223.0,29303.3,29223.0,28614.0,-6.37e-05,1.0,8.0,0.008,,,,,BTC,False,True,0.0,
2023-05-01 08:00:00+00:00,28609.9,28561.4,28611.0,28155.0,5.66e-06,1.0,8.0,0.014,,,,,BTC,False,True,0.38447490344857865,
2023-05-01 16:00:00+00:00,28158.5,28350.5,28160.0,28054.0,9.68e-06,1.0,8.0,0.015,,,,,BTC,False,True,0.532684641939887,
2023-05-02 00:00:00+00:00,28054.5,28033.0,28053.0,28044.0,6.135e-05,1.0,8.0,0.018,,,,,BTC,False,True,-0.5346878760794186,
2023-05-02 08:00:00+00:00,28045.1,28017.8,28046.0,28530.0,1.204e-05,1.0,8.0,0.0,,,,,BTC,False,True,0.32090652530464014,
2023-05-02 16:00:00+00:00,28521.0,28457.1,28520.0,28660.0,8.568e-05,1.0,8.0,0.009,,,,,BTC,False,True,-0.35062498907870765,
2023-05-03 00:00:00+00:00,28656.4,28492.0,28657.0,28637.0,5.435e-05,1.0,8.0,0.003,,,,,BTC,False,True,0.2093751199626402,
2023-05-03 08:00:00+00:00,28638.4,28676.8,28639.0,28297.0,5.701e-05,1.0,8.0,0.011,,,,,BTC,False,True,0.20950671644239555,
2023-05-03 16:00:00+00:00,28292.6,28464.7,28292.0,29015.0,0.0001,1.0,8.0,0.0,,,,,BTC,False,True,-0.212071835807242,
2023-05-04 00:00:00+00:00,29018.4,29030.0,29019.0,29049.0,9.992e-05,1.0,8.0,0.0,,,,,BTC,False,True,0.20676322510065467,
2023-05-04 08:00:00+00:00,29048.7,29076.8,29049.0,28851.0,4.314e-05,1.0,8.0,0.011,,,,,BTC,False,True,0.10327431206565564,
2023-05-04 16:00:00+00:00,28850.0,28909.4,28850.0,28828.0,3.731e-05,1.0,8.0,0.002,,,,,BTC,False,True,0.0,
2023-05-05 00:00:00+00:00,28826.0,28923.6,28827.0,29055.0,9.909e-05,1.0,8.0,0.0,,,,,BTC,False,True,0.3469030232945816,
2023-05-05 08:00:00+00:00,29058.9,29046.0,29057.0,29345.0,8.548e-05,1.0,8.0,0.0,,,,,BTC,False,True,-0.6538658097627637,
2023-05-05 16:00:00+00:00,29347.5,29580.0,29352.0,29492.0,0.0001,1.0,8.0,0.009,,,,,BTC,False,True,1.533232824407325,
2023-05-06 00:00:00+00:00,29491.5,29657.3,29491.0,29363.0,0.0001,1.0,8.0,0.0,,,,,BTC,False,True,-0.1695418132536444,
2023-05-06 08:00:00+00:00,29350.2,29320.7,29346.0,28564.0,0.0001,1.0,8.0,0.0,,,,,BTC,False,True,-1.4310977566418142,
2023-05-06 16:00:00+00:00,28557.9,28684.9,28551.0,28837.0,4.321e-05,1.0,8.0,0.0,,,,,BTC,False,True,-2.416435978831787,
2023-05-07 00:00:00+00:00,28837.9,28929.5,28835.0,28893.0,4.047e-05,1.0,8.0,0.0,,,,,BTC,False,True,-1.00567164212165,
2023-05-07 08:00:00+00:00,28891.8,28845.4,28892.0,28931.0,6.046e-05,1.0,8.0,0.006,,,,,BTC,False,True,0.06922355400617271,
2023-05-07 16:00:00+00:00,28933.1,28940.9,28934.0,28419.0,7.2e-06,1.0,8.0,0.0,,,,,BTC,False,True,0.31105757851164373,
2023-05-08 00:00:00+00:00,28419.5,28563.5,28414.0,27963.0,4.07e-06,1.0,8.0,0.007,,,,,BTC,False,True,-1.935478201120436,
2023-05-08 08:00:00+00:00,27957.7,27690.9,27951.0,27879.0,3.902e-05,1.0,8.0,0.015,,,,,BTC,False,True,-2.396764736820096,
2023-05-08 16:00:00+00:00,27874.2,27858.0,27875.0,27656.0,5.11e-05,1.0,8.0,0.015,,,,,BTC,False,True,0.28699963409594514,
2023-05-09 00:00:00+00:00,27659.8,27568.2,27661.0,27651.0,6.841e-05,1.0,8.0,0.0,,,,,BTC,False,True,0.43383320566220795,
2023-05-09 08:00:00+00:00,27649.3,27556.9,27637.0,27390.0,3.78e-06,1.0,8.0,0.0,,,,,BTC,False,True,-4.449565336415995,
2023-05-09 16:00:00+00:00,27385.8,27691.2,27377.0,27615.0,3.752e-05,1.0,8.0,0.007,,,,,BTC,False,True,-3.213860531508875,
2023-05-10 00:00:00+00:00,27610.2,27736.0,27614.0,27537.0,4.785e-05,1.0,8.0,0.003,,,,,BTC,False,True,1.3762082586979014,
2023-05-10 08:00:00+00:00,27532.3,27560.4,27539.0,28138.0,3.792e-05,1.0,8.0,0.0,,,,,BTC,False,True,2.43320932429705,
2023-05-10 16:00:00+00:00,28141.2,28166.6,28140.0,27588.0,1.596e-05,1.0,8.0,0.011,,,,,BTC,False,True,-0.4264301401470393,
2023-05-11 00:00:00+00:00,27583.0,27500.0,27588.0,27435.0,6.926e-05,1.0,8.0,0.0,,,,,BTC,False,True,1.8125464514651772,
2023-05-11 08:00:00+00:00,27437.5,27381.9,27432.0,27168.0,5.207e-05,1.0,8.0,0.005,,,,,BTC,False,True,-2.0047567477085138,
2023-05-11 16:00:00+00:00,27166.3,27115.1,27169.0,26958.0,3.633e-05,1.0,8.0,0.02,-0.0006133368,1.0,8.0,0.048,BTC,True,True,0.9938290585399626,0.0006496668
2023-05-12 00:00:00+00:00,26956.4,27019.9,26975.0,26290.0,3.964e-05,1.0,8.0,0.001,-0.000745027,1.0,8.0,0.388,BTC,True,True,6.8976517344068125,0.000784667
2023-05-12 08:00:00+00:00,26294.0,26277.2,26291.0,26304.0,2.762e-05,1.0,8.0,0.01,-0.0008179771,1.0,8.0,0.253,BTC,True,True,-1.1410097949055753,0.0008455971
2023-05-12 16:00:00+00:00,26307.6,26281.5,26301.0,26776.0,-1e-07,1.0,8.0,0.0,-0.0004403551,1.0,8.0,0.278,BTC,True,True,-2.509095484245167,0.0004402551
2023-05-13 00:00:00+00:00,26785.2,26825.7,26779.0,26766.0,5.385e-05,1.0,8.0,0.0,-0.0001034319,1.0,8.0,0.255,BTC,True,True,-2.314979044843389,0.0001572819
2023-05-13 08:00:00+00:00,26759.2,26787.0,26761.0,26803.0,4.494e-05,1.0,8.0,0.026,-0.0001380334,1.0,8.0,0.054,BTC,True,True,0.6726432265487939,0.00018297339999999999
2023-05-13 16:00:00+00:00,26802.0,26810.0,26797.0,26756.0,1.715e-05,1.0,8.0,0.029,-0.0002227042,1.0,8.0,0.087,BTC,True,True,-1.8657064551588591,0.0002398542
2023-05-14 00:00:00+00:00,26762.8,26731.4,26757.0,26824.0,3.039e-05,1.0,8.0,0.01,-0.0002137192,1.0,8.0,0.271,BTC,True,True,-2.167422158791646,0.00024410920000000002
2023-05-14 08:00:00+00:00,26839.9,26831.8,26840.0,27066.0,3.537e-05,1.0,8.0,0.008,-0.0001945397,1.0,8.0,0.38,BTC,True,True,0.0372578935494424,0.0002299097
2023-05-14 16:00:00+00:00,27071.4,26942.0,27074.0,26901.0,4.407e-05,1.0,8.0,0.006,-7.82041e-05,1.0,8.0,0.374,BTC,True,True,0.9603770595463953,0.0001222741
2023-05-15 00:00:00+00:00,26901.9,26787.8,26905.0,27397.0,-1.576e-05,1.0,8.0,0.005,-0.0001276332,1.0,8.0,0.045,BTC,True,True,1.1522685764952247,0.0001118732
2023-05-15 08:00:00+00:00,27398.6,27422.1,27401.0,27384.0,-1.9e-06,1.0,8.0,0.008,-0.0001288077,1.0,8.0,0.409,BTC,True,True,0.8759188028882285,0.00012690770000000002
2023-05-15 16:00:00+00:00,27383.0,27467.6,27388.0,27150.0,8.66e-05,1.0,8.0,0.021,-2.53654e-05,1.0,8.0,0.447,BTC,True,True,1.825783722731747,0.0001119654
2023-05-16 00:00:00+00:00,27152.5,27194.1,27148.0,27240.0,3.165e-05,1.0,8.0,0.0,-0.000129521,1.0,8.0,0.126,BTC,True,True,-1.657443305421762,0.000161171
2023-05-16 08:00:00+00:00,27240.6,27190.5,27238.0,27027.0,5.8e-05,1.0,8.0,0.0,-4.62775e-05,1.0,8.0,0.731,BTC,True,True,-0.954503236857661,0.0001042775
2023-05-16 16:00:00+00:00,27027.9,27043.6,27024.0,27023.0,8.392e-05,1.0,8.0,0.01,-2.61481e-05,1.0,8.0,0.067,BTC,True,True,-1.4430575083467536,0.0001100681
2023-05-17 00:00:00+00:00,27024.7,27087.4,27021.0,26846.0,7.029e-05,1.0,8.0,0.0,0.0001,1.0,8.0,0.279,BTC,True,True,-1.3692116137934396,-2.971e-05
2023-05-17 08:00:00+00:00,26831.8,26803.8,26822.0,26787.0,4.461e-05,1.0,8.0,0.001,0.0001,1.0,8.0,0.024,BTC,True,True,-3.6530497780143176,-5.539e-05
2023-05-17 16:00:00+00:00,26788.1,26891.8,26787.0,27392.0,0.0001,1.0,8.0,0.0,0.0001,1.0,8.0,0.048,BTC,True,True,-0.4106385242972155,0.0
2023-05-18 00:00:00+00:00,27395.7,27348.1,27396.0,27384.0,0.0001,1.0,8.0,0.026,-6.4613e-06,1.0,8.0,0.038,BTC,True,True,0.10950563680453865,0.0001064613
2023-05-18 08:00:00+00:00,27375.1,27372.8,27377.0,27076.0,8.342e-05,1.0,8.0,0.019,-6.7035e-06,1.0,8.0,0.052,BTC,True,True,0.6940373066110255,9.01235e-05
2023-05-18 16:00:00+00:00,27075.2,27060.1,27059.0,26809.0,2.716e-05,1.0,8.0,0.0,8.92339e-05,1.0,8.0,0.026,BTC,True,True,-5.9851260325611815,-6.20739e-05
2023-05-19 00:00:00+00:00,26809.4,26871.1,26813.0,26854.0,4.474e-05,1.0,8.0,0.002,0.0001,1.0,8.0,0.158,BTC,True,True,1.3427224463684664,-5.526e-05
2023-05-19 08:00:00+00:00,26842.0,26874.1,26826.0,26881.0,3.815e-05,1.0,8.0,0.0,9.1624e-05,1.0,8.0,0.396,BTC,True,True,-5.9625849571564284,-5.3474e-05
2023-05-19 16:00:00+00:00,26870.0,26822.4,26872.0,26872.0,5.313e-05,1.0,8.0,0.005,3.66019e-05,1.0,8.0,0.029,BTC,True,True,0.744296825916862,1.6528100000000002e-05
2023-05-20 00:00:00+00:00,26870.1,26834.6,26861.0,26844.0,2.455e-05,1.0,8.0,0.014,6.1012e-05,1.0,8.0,0.111,BTC,True,True,-3.387237591267,-3.6462e-05
2023-05-20 08:00:00+00:00,26841.9,26894.5,26844.0,26929.0,-8.49e-06,1.0,8.0,0.02,6.5076e-06,1.0,8.0,0.345,BTC,True,True,0.7823283212427168,-1.49976e-05
2023-05-20 16:00:00+00:00,26936.0,26906.4,26936.0,27089.0,4.776e-05,1.0,8.0,0.014,-0.0002138913,1.0,8.0,0.095,BTC,True,True,0.0,0.0002616513
2023-05-21 00:00:00+00:00,27089.6,27228.9,27091.0,27040.0,7.262e-05,1.0,8.0,0.001,-0.0001202087,1.0,8.0,0.013,BTC,True,True,0.5167901427137528,0.0001928287
2023-05-21 08:00:00+00:00,27044.6,27035.8,27038.0,26885.0,5.071e-05,1.0,8.0,0.015,-0.0001198537,1.0,8.0,0.088,BTC,True,True,-2.4407110726046763,0.0001705637
2023-05-21 16:00:00+00:00,26885.1,26874.0,26885.0,26738.0,3.019e-05,1.0,8.0,0.028,-0.0001554343,1.0,8.0,0.066,BTC,True,True,-0.037195392977973515,0.0001856243
2023-05-22 00:00:00+00:00,26732.8,26641.8,26732.0,26829.0,2.1e-06,1.0,8.0,0.0,-0.0002855006,1.0,8.0,0.29,BTC,True,True,-0.29926231840682654,0.0002876006
2023-05-22 08:00:00+00:00,26830.8,26810.3,26828.0,26864.0,4.77e-05,1.0,8.0,0.012,-0.000269228,1.0,8.0,0.159,BTC,True,True,-1.0436312413021613,0.000316928
2023-05-22 16:00:00+00:00,26863.3,26862.5,26865.0,26829.0,0.0001,1.0,8.0,0.006,-0.0001899086,1.0,8.0,0.022,BTC,True,True,0.632813619849978,0.0002899086
2023-05-23 00:00:00+00:00,26840.2,26815.5,26837.0,27285.0,0.0001,1.0,8.0,0.014,-0.0001754061,1.0,8.0,1433.04,BTC,True,True,-1.1923125661513403,0.0002754061
2023-05-23 08:00:00+00:00,27295.8,27322.9,27290.0,27316.0,0.0001,1.0,8.0,0.008,-0.0001552822,1.0,8.0,0.079,BTC,True,True,-2.125094812872945,0.00025528220000000003
2023-05-23 16:00:00+00:00,27310.8,27219.3,27313.0,27207.0,0.0001,1.0,8.0,0.0,-0.000110501,1.0,8.0,0.035,BTC,True,True,0.8055096866897491,0.000210501
2023-05-24 00:00:00+00:00,27209.9,27145.8,27208.0,26667.0,2.067e-05,1.0,8.0,0.025,-0.000180935,1.0,8.0,0.002,BTC,True,True,-0.698299640660034,0.000201605
2023-05-24 08:00:00+00:00,26664.2,26737.7,26658.0,26302.0,4.362e-05,1.0,8.0,0.008,-0.0001998793,1.0,8.0,0.001,BTC,True,True,-2.325485455566416,0.0002434993
2023-05-24 16:00:00+00:00,26306.9,26230.0,26304.0,26316.0,5.82e-05,1.0,8.0,0.0,-0.0001763761,1.0,8.0,0.233,BTC,True,True,-1.1024331470999367,0.0002345761
2023-05-25 00:00:00+00:00,26313.9,26228.3,26313.0,26120.0,0.0001,1.0,8.0,0.025,-7.40973e-05,1.0,8.0,0.374,BTC,True,True,-0.3420304065370257,0.0001740973
2023-05-25 08:00:00+00:00,26118.9,26211.8,26126.0,26213.0,0.0001,1.0,8.0,0.016,-9.98004e-05,1.0,8.0,0.209,BTC,True,True,2.717968660560479,0.0001998004
2023-05-25 16:00:00+00:00,26216.9,26262.6,26214.0,26462.0,0.0001,1.0,8.0,0.0,-8.10263e-05,1.0,8.0,0.136,BTC,True,True,-1.1062178993526255,0.0001810263
2023-05-26 00:00:00+00:00,26461.7,26461.0,26469.0,26490.0,9.583e-05,1.0,8.0,0.024,-0.0001183066,1.0,8.0,0.044,BTC,True,True,2.7583236368612747,0.0002141366
2023-05-26 08:00:00+00:00,26491.2,26461.6,26495.0,26742.0,4.953e-05,1.0,8.0,0.012,-0.0001308069,1.0,8.0,0.18,BTC,True,True,1.434335735158833,0.0001803369
2023-05-26 16:00:00+00:00,26737.5,26778.1,26742.0,26692.0,7.146e-05,1.0,8.0,0.012,-9.70696e-05,1.0,8.0,0.015,BTC,True,True,1.682887839496679,0.00016852959999999999
2023-05-27 00:00:00+00:00,26689.8,26644.0,26694.0,26713.0,8.564e-05,1.0,8.0,0.018,-8.23054e-05,1.0,8.0,0.106,BTC,True,True,1.5735110684023197,0.0001679454
2023-05-27 08:00:00+00:00,26715.2,26677.1,26711.0,26680.0,7.362e-05,1.0,8.0,0.008,-9.7019e-05,1.0,8.0,0.044,BTC,True,True,-1.572262301512655,0.000170639
2023-05-27 16:00:00+00:00,26682.2,26654.1,26683.0,26826.0,9.88e-05,1.0,8.0,0.017,-0.000207327,1.0,8.0,0.362,BTC,True,True,0.2998208570605492,0.000306127
2023-05-28 00:00:00+00:00,26841.6,27063.3,26849.0,27210.0,0.0001,1.0,8.0,0.015,-0.0003484458,1.0,8.0,0.081,BTC,True,True,2.756534680879193,0.0004484458
2023-05-28 08:00:00+00:00,27219.0,27188.7,27225.0,27264.0,0.0001,1.0,8.0,0.0,-0.0001325304,1.0,8.0,0.156,BTC,True,True,2.2040996342254466,0.00023253040000000003
2023-05-28 16:00:00+00:00,27264.1,27242.9,27267.0,28052.0,0.0001,1.0,8.0,0.0,-5.52924e-05,1.0,8.0,0.082,BTC,True,True,1.0636132418887068,0.0001552924
2023-05-29 00:00:00+00:00,28055.8,28188.6,28060.0,27901.0,0.0001,1.0,8.0,0.02,4.41208e-05,1.0,8.0,0.068,BTC,True,True,1.4969046178950791,5.5879200000000005e-05
2023-05-29 08:00:00+00:00,27895.0,27892.6,27899.0,27623.0,0.0001,1.0,8.0,0.011,-2.9903e-05,1.0,8.0,0.081,BTC,True,True,1.4338459357118614,0.000129903
2023-05-29 16:00:00+00:00,27622.0,27593.6,27620.0,27724.0,6.187e-05,1.0,8.0,0.003,-1.51245e-05,1.0,8.0,0.148,BTC,True,True,-0.724086745908738,7.69945e-05
2023-05-30 00:00:00+00:00,27722.1,27701.3,27724.0,27752.0,9.036e-05,1.0,8.0,0.0,0.0001,1.0,8.0,0.206,BTC,True,True,0.6853502773851271,-9.64000000000001e-06
2023-05-30 08:00:00+00:00,27721.1,27769.9,27726.0,27684.0,3.861e-05,1.0,8.0,0.003,0.0001,1.0,8.0,0.053,BTC,True,True,1.7674504213042697,-6.139000000000001e-05
2023-05-30 16:00:00+00:00,27665.0,27696.9,27652.0,27682.0,2.344e-05,1.0,8.0,0.013,0.0001,1.0,8.0,0.047,BTC,True,True,-4.700182670544733,-7.656000000000001e-05
2023-05-31 00:00:00+00:00,27680.0,27745.1,27677.0,27184.0,2.864e-05,1.0,8.0,0.0,0.0001,1.0,8.0,0.219,BTC,True,True,-1.0838737658965314,-7.136000000000001e-05
2023-05-31 08:00:00+00:00,27150.4,27126.1,27124.0,26920.0,9.865e-05,1.0,8.0,0.0,0.0001,1.0,8.0,0.323,BTC,True,True,-9.72834414828934,-1.3500000000000057e-06
2023-05-31 16:00:00+00:00,26900.0,26928.7,26900.0,27196.0,2.096e-05,1.0,8.0,0.008,0.0001,1.0,8.0,0.139,BTC,True,True,0.0,-7.904e-05
2023-06-01 00:00:00+00:00,27201.1,27059.8,27203.0,26807.0,9.641e-05,1.0,8.0,0.012,0.0001,1.0,8.0,0.067,BTC,True,True,0.6984767694984684,-3.5900000000000114e-06
2023-06-01 08:00:00+00:00,26790.1,26902.9,26794.0,26867.0,0.0001,1.0,8.0,0.0,3.06061e-05,1.0,8.0,0.096,BTC,True,True,1.4556556914786725,6.939390000000001e-05
2023-06-01 16:00:00+00:00,26884.2,27080.9,26892.0,26802.0,4.77e-05,1.0,8.0,0.0,-3.65626e-05,1.0,8.0,0.428,BTC,True,True,2.900911576011799,8.42626e-05
2023-06-02 00:00:00+00:00,26805.3,26779.9,26814.0,27060.0,9.266e-05,1.0,8.0,0.006,-9.1338e-06,1.0,8.0,0.113,BTC,True,True,3.245100206958033,0.0001017938
2023-06-02 08:00:00+00:00,27038.3,27159.9,27044.0,27091.0,9.946e-05,1.0,8.0,0.012,2.613e-06,1.0,8.0,0.038,BTC,True,True,2.1078985254347256,9.6847e-05
2023-06-02 16:00:00+00:00,27081.3,27047.6,27092.0,27223.0,7.42e-05,1.0,8.0,0.0,-5.30844e-05,1.0,8.0,0.055,BTC,True,True,3.950285524103025,0.0001272844
2023-06-03 00:00:00+00:00,27227.8,27156.9,27210.0,27171.0,0.0001,1.0,8.0,0.011,-1.51792e-05,1.0,8.0,0.071,BTC,True,True,-6.539573838164142,0.0001151792
2023-06-03 08:00:00+00:00,27161.4,27134.3,27127.0,27289.0,5.566e-05,1.0,8.0,0.003,-6.86994e-05,1.0,8.0,0.011,BTC,True,True,-12.67305892384141,0.0001243594
2023-06-03 16:00:00+00:00,27292.8,27239.5,27283.0,27057.0,4.85e-05,1.0,8.0,0.0,-7.33253e-05,1.0,8.0,0.341,BTC,True,True,-3.5913353923645204,0.0001218253
2023-06-04 00:00:00+00:00,27054.9,26999.9,27045.0,27141.0,0.0001,1.0,8.0,0.0,-2.06972e-05,1.0,8.0,0.084,BTC,True,True,-3.6598959001805698,0.0001206972
2023-06-04 08:00:00+00:00,27141.0,27144.9,27138.0,27192.0,0.0001,1.0,8.0,0.0,-7.1422e-06,1.0,8.0,0.195,BTC,True,True,-1.1053998795315885,0.0001071422
2023-06-04 16:00:00+00:00,27167.0,27163.4,27157.0,27122.0,0.0001,1.0,8.0,0.005,2.8243e-05,1.0,8.0,0.078,BTC,True,True,-3.681614061171187,7.175700000000001e-05
2023-06-05 00:00:00+00:00,27102.4,27018.7,27083.0,26817.0,9.538e-05,1.0,8.0,0.0,-1.77927e-05,1.0,8.0,0.375,BTC,True,True,-7.160600762912232,0.0001131727
2023-06-05 08:00:00+00:00,26819.2,26790.3,26818.0,26006.0,7.856e-05,1.0,8.0,0.0,-3.88377e-05,1.0,8.0,0.06,BTC,True,True,-0.4474506499965099,0.0001173977
2023-06-05 16:00:00+00:00,25991.9,25796.8,25997.0,25707.0,-7.157e-05,1.0,8.0,0.0,-0.0001672619,1.0,8.0,0.279,BTC,True,True,1.9619572702464418,9.56919e-05
2023-06-06 00:00:00+00:00,25714.6,25679.2,25718.0,25705.0,-3.047e-05,1.0,8.0,0.009,0.0001,1.0,8.0,0.072,BTC,True,True,1.3221186581874675,-0.00013047000000000002
2023-06-06 08:00:00+00:00,25706.3,25688.3,25715.0,26050.0,4.288e-05,1.0,8.0,0.013,0.0001,1.0,8.0,0.128,BTC,True,True,3.3838117990067103,-5.712e-05
2023-06-06 16:00:00+00:00,26051.2,26360.9,26074.0,27226.0,0.0001,1.0,8.0,0.0,0.0001,1.0,8.0,0.42,BTC,True,True,8.748168430654253,0.0
2023-06-07 00:00:00+00:00,27221.5,27170.2,27234.0,26786.0,0.0001,1.0,8.0,0.016,0.0001,1.0,8.0,0.037,BTC,True,True,4.590904580637446,0.0
2023-06-07 08:00:00+00:00,26786.8,26810.1,26781.0,26283.0,4.005e-05,1.0,8.0,0.0,0.0001,1.0,8.0,0.026,BTC,True,True,-2.16548001697446,-5.995000000000001e-05
2023-06-07 16:00:00+00:00,26333.9,26313.5,26328.0,26331.0,5.504e-05,1.0,8.0,0.006,0.0001,1.0,1.0,0.254,BTC,False,True,-2.2407091368472534,-4.496e-05
2023-06-08 00:00:00+00:00,26325.9,26375.7,26322.0,26429.0,3.09e-05,1.0,8.0,0.0,0.0001,8.0,8.0,0.373,BTC,True,True,-1.4815405769780416,-6.91e-05
2023-06-08 08:00:00+00:00,26431.6,26428.0,26431.0,26700.0,4.011e-05,1.0,8.0,0.0,0.0001,8.0,8.0,0.429,BTC,True,True,-0.22700359044914156,-5.9890000000000004e-05
2023-06-08 16:00:00+00:00,26705.8,26488.0,26716.0,26497.0,6.588e-05,1.0,8.0,0.0,0.0001,8.0,8.0,0.353,BTC,True,True,3.818665834528659,-3.4120000000000005e-05
2023-06-09 00:00:00+00:00,26486.0,26445.8,26486.0,26495.0,7.916e-05,1.0,8.0,0.0,0.0001,8.0,8.0,0.356,BTC,True,True,0.0,-2.084000000000001e-05
2023-06-09 08:00:00+00:00,26482.7,26632.5,26492.0,26469.0,4.404e-05,1.0,8.0,0.0,0.0001,8.0,8.0,0.258,BTC,True,True,3.5111100565143087,-5.5960000000000006e-05
2023-06-09 16:00:00+00:00,26465.2,26475.0,26465.0,26471.0,8.702e-05,1.0,8.0,0.0,0.0001,8.0,8.0,0.398,BTC,True,True,-0.07557122399012568,-1.2980000000000001e-05
2023-06-10 00:00:00+00:00,26468.2,26451.0,26467.0,25716.0,2.417e-05,1.0,8.0,0.0,0.0002063106,8.0,8.0,0.262,BTC,True,True,-0.4533845154849883,-0.0001821406
2023-06-10 08:00:00+00:00,25637.3,25660.2,25604.0,25670.0,3.854e-05,1.0,8.0,0.0,0.0002462752,8.0,8.0,0.157,BTC,True,True,-12.997330156660029,-0.00020773520000000003
2023-06-10 16:00:00+00:00,25619.9,25580.5,25591.0,25833.0,4.45e-05,1.0,8.0,0.001,0.0003921812,8.0,8.0,0.442,BTC,True,True,-11.286660874128941,-0.0003476812
2023-06-11 00:00:00+00:00,25826.6,25739.3,25745.0,25763.0,3.197e-05,1.0,8.0,0.0,0.0001314881,8.0,8.0,0.382,BTC,True,True,-31.6453505794298,-9.95181e-05
2023-06-11 08:00:00+00:00,25728.0,25727.4,25763.0,25768.0,5.925e-05,1.0,8.0,0.0,0.0001138561,8.0,8.0,0.438,BTC,True,True,13.59461086030308,-5.46061e-05
2023-06-11 16:00:00+00:00,25741.1,25859.9,25825.0,25882.0,8.66e-05,1.0,8.0,0.0,0.0003319206,8.0,8.0,0.204,BTC,True,True,32.54078708102586,-0.00024532060000000003
2023-06-12 00:00:00+00:00,25910.0,25955.3,25916.0,25859.0,3.065e-05,1.0,8.0,0.0,0.00020570309999999999,8.0,8.0,0.432,BTC,True,True,2.3154401369216036,-0.00017505309999999997
2023-06-12 08:00:00+00:00,25793.2,25927.1,25911.0,25824.0,3.624e-05,1.0,8.0,0.001,0.0002410012,8.0,8.0,0.419,BTC,True,True,45.56697669753153,-0.00020476120000000001
2023-06-12 16:00:00+00:00,25809.3,25814.1,25841.0,25872.0,0.0001,1.0,8.0,0.0,0.0002979837,8.0,8.0,0.302,BTC,True,True,12.274857640810913,-0.0001979837
2023-06-13 00:00:00+00:00,25894.8,25858.4,25986.0,26112.0,6.18e-05,1.0,8.0,0.0,0.0002584708,8.0,8.0,0.364,BTC,True,True,35.157551132611076,-0.00019667080000000003
2023-06-13 08:00:00+00:00,26060.3,26167.8,26153.0,26093.0,6.503e-05,1.0,8.0,0.0,0.0003766886,8.0,8.0,0.459,BTC,True,True,35.50823158063049,-0.0003116586
2023-06-13 16:00:00+00:00,25750.9,25850.9,25810.0,25904.0,2.438e-05,1.0,8.0,0.0,0.00019793450000000001,8.0,8.0,0.427,BTC,True,True,22.924357752546346,-0.0001735545
2023-06-14 00:00:00+00:00,25918.0,25978.2,25982.0,25896.0,2.716e-05,1.0,8.0,0.0,0.0001472695,8.0,8.0,0.419,BTC,True,True,24.66282560318316,-0.0001201095
2023-06-14 08:00:00+00:00,25884.1,25916.3,25878.0,25986.0,3.661e-05,1.0,8.0,0.0,0.0001314869,8.0,8.0,0.416,BTC,True,True,-2.356936843071126,-9.487690000000001e-05
2023-06-14 16:00:00+00:00,25976.4,25955.8,26040.0,25131.0,-3.265e-05,1.0,8.0,0.0,0.0004032469,8.0,8.0,0.338,BTC,True,True,24.453838286953836,-0.0004358969
2023-06-15 00:00:00+00:00,25115.9,25193.5,25095.0,24971.0,6.193e-05,1.0,8.0,0.0,0.0002140173,8.0,8.0,0.191,BTC,True,True,-8.32488611319057,-0.0001520873
2023-06-15 08:00:00+00:00,24974.6,24958.1,24971.0,24955.0,6.687e-05,1.0,8.0,0.0,0.0002724418,8.0,8.0,0.169,BTC,True,True,-1.4415684289443726,-0.0002055718
2023-06-15 16:00:00+00:00,24948.4,24991.1,24945.0,25600.0,3.971e-05,1.0,8.0,0.0,0.00019420549999999998,8.0,8.0,0.184,BTC,True,True,-1.3629057170948504,-0.0001544955
2023-06-16 00:00:00+00:00,25586.0,25482.7,25574.0,25524.0,7.81e-06,1.0,8.0,0.0,0.000251021,8.0,8.0,0.216,BTC,True,True,-4.691165058666506,-0.00024321099999999999
2023-06-16 08:00:00+00:00,25526.1,25534.0,25524.0,25805.0,2.36e-06,1.0,8.0,0.0,0.0001,8.0,8.0,0.496,BTC,True,True,-0.822721209628269,-9.764000000000001e-05
2023-06-16 16:00:00+00:00,25832.4,25950.2,25845.0,26345.0,9.868e-05,1.0,8.0,0.0,0.00018155660000000002,8.0,8.0,0.574,BTC,True,True,4.876406417382078,-8.287660000000003e-05
2023-06-17 00:00:00+00:00,26335.9,26302.1,26344.0,26597.0,0.0001,1.0,8.0,0.0,2.1462000000000033e-06,8.0,8.0,0.241,BTC,True,True,3.0751767045238334,9.78538e-05
2023-06-17 08:00:00+00:00,26587.7,26590.6,26585.0,26400.0,7.543e-05,1.0,8.0,0.0,-1.1745000000000002e-05,8.0,8.0,0.213,BTC,True,True,-1.0155587368414858,8.7175e-05
2023-06-17 16:00:00+00:00,26399.9,26461.3,26393.0,26507.0,3.706e-05,1.0,8.0,0.0,-6.77243e-05,8.0,8.0,0.314,BTC,True,True,-2.6139878806779535,0.0001047843
2023-06-18 00:00:00+00:00,26508.8,26444.5,26515.0,26580.0,8.233e-05,1.0,8.0,0.0,-2.32379e-05,8.0,8.0,0.315,BTC,True,True,2.338572500746519,0.00010556790000000001
2023-06-18 08:00:00+00:00,26572.0,26488.7,26578.0,26546.0,6.705e-05,1.0,8.0,0.0,-4.11929e-05,8.0,8.0,0.171,BTC,True,True,2.257761063213026,0.00010824290000000001
2023-06-18 16:00:00+00:00,26547.5,26609.9,26555.0,26326.0,7.04e-05,1.0,8.0,0.0,3.973899999999999e-06,8.0,8.0,0.206,BTC,True,True,2.8247257849892717,6.64261e-05
2023-06-19 00:00:00+00:00,26329.6,26356.1,26318.0,26412.0,6.397e-05,1.0,8.0,0.0,-2.8608599999999996e-05,8.0,8.0,0.204,BTC,True,True,-4.40665868442652,9.25786e-05
2023-06-19 08:00:00+00:00,26415.2,26406.1,26411.0,26437.0,3.69e-05,1.0,8.0,0.0,-6.16042e-05,8.0,8.0,0.18,BTC,True,True,-1.5901200574145666,9.85042e-05
2023-06-19 16:00:00+00:00,26431.1,26489.7,26437.0,26825.0,4.35e-05,1.0,8.0,0.001,2.38733e-05,8.0,8.0,0.202,BTC,True,True,2.231969760401749,1.96267e-05
2023-06-20 00:00:00+00:00,26828.6,26971.4,26824.0,26814.0,-4.48e-06,1.0,8.0,0.0,5.902590000000001e-05,8.0,8.0,0.213,BTC,True,True,-1.714735170809882,-6.35059e-05
2023-06-20 08:00:00+00:00,26820.5,26743.7,26819.0,27074.0,-2.597e-05,1.0,8.0,0.0,0.0001043116,8.0,8.0,0.229,BTC,True,True,-0.5592893298379763,-0.0001302816
2023-06-20 16:00:00+00:00,27054.3,27363.3,27047.0,28297.0,6.295e-05,1.0,8.0,0.0,0.000445232,8.0,8.0,0.245,BTC,True,True,-2.6986412689907677,-0.000382282
2023-06-21 00:00:00+00:00,28290.7,28399.7,28302.0,28860.0,0.0001,1.0,8.0,0.0,0.0004167871,8.0,8.0,0.144,BTC,True,True,3.9934479712649,-0.0003167871
2023-06-21 08:00:00+00:00,28860.4,28814.1,28881.0,29832.0,2.551e-05,1.0,8.0,0.0,0.0002998499,8.0,8.0,0.807,BTC,True,True,7.13526200403498,-0.0002743399
2023-06-21 16:00:00+00:00,29836.9,30163.1,29874.0,30024.0,0.0001,1.0,8.0,0.0,0.0005867115,8.0,8.0,0.381,BTC,True,True,12.426543486739758,-0.00048671150000000003
2023-06-22 00:00:00+00:00,29988.5,30131.5,30007.0,30082.0,0.0001,1.0,8.0,0.001,0.0002826612,8.0,8.0,0.314,BTC,True,True,6.167129396820761,-0.0001826612
2023-06-22 08:00:00+00:00,30094.5,30091.4,30101.0,29853.0,9.236e-05,1.0,8.0,0.0,0.00016518149999999998,8.0,8.0,0.851,BTC,True,True,2.159629881058463,-7.282149999999998e-05
2023-06-22 16:00:00+00:00,29837.3,29957.8,29835.0,29894.0,0.0001,1.0,8.0,0.0,5.07345e-05,8.0,8.0,0.464,BTC,True,True,-0.7708769399324921,4.9265500000000005e-05
2023-06-23 00:00:00+00:00,29875.0,30000.5,29889.0,29925.0,0.0001,1.0,8.0,0.0,-1.8383e-05,8.0,8.0,0.173,BTC,True,True,4.685094791541601,0.00011838300000000001
2023-06-23 08:00:00+00:00,29926.9,29992.0,29939.0,31260.0,0.0001,1.0,8.0,0.0,5.4509099999999996e-05,8.0,8.0,0.452,BTC,True,True,4.042368080915939,4.549090000000001e-05
2023-06-23 16:00:00+00:00,31232.9,31090.4,31220.0,30681.0,0.0001,1.0,8.0,0.0,0.0003262041,8.0,8.0,0.989,BTC,True,True,-4.131113265665041,-0.0002262041
2023-06-24 00:00:00+00:00,30673.5,30481.6,30676.0,30559.0,0.0001,1.0,8.0,0.0,0.0002870107,8.0,8.0,0.17,BTC,True,True,0.8150025677091597,-0.0001870107
2023-06-24 08:00:00+00:00,30563.3,30600.0,30561.0,30406.0,0.0001,1.0,8.0,0.0,0.0003266127,8.0,8.0,0.27,BTC,True,True,-0.7525648559032566,-0.00022661270000000003
2023-06-24 16:00:00+00:00,30390.8,30504.0,30382.0,30533.0,0.0001,1.0,8.0,0.0,0.0002324746,8.0,8.0,0.203,BTC,True,True,-2.8960324558037893,-0.00013247459999999998
2023-06-25 00:00:00+00:00,30524.2,30509.0,30524.0,30723.0,0.0001,1.0,8.0,0.0,0.0002476669,8.0,8.0,0.15,BTC,True,True,-0.06552199737337534,-0.0001476669
2023-06-25 08:00:00+00:00,30714.0,30727.8,30721.0,30586.0,0.0001,1.0,8.0,0.0,0.0001827984,8.0,8.0,0.284,BTC,True,True,2.278831294960817,-8.279839999999999e-05
2023-06-25 16:00:00+00:00,30574.1,30584.3,30586.0,30451.0,0.0001,1.0,8.0,0.0,0.0002290429,8.0,8.0,0.378,BTC,True,True,3.8914259951091803,-0.00012904289999999998
2023-06-26 00:00:00+00:00,30458.0,30378.9,30455.0,30409.0,0.0001,1.0,8.0,0.0,0.0002641214,8.0,8.0,0.193,BTC,True,True,-0.9850114105116302,-0.0001641214
2023-06-26 08:00:00+00:00,30395.5,30395.0,30405.0,30407.0,0.0001,1.0,8.0,0.0,0.0001801053,8.0,8.0,0.16,BTC,True,True,3.1249743266291006,-8.01053e-05
2023-06-26 16:00:00+00:00,30400.7,30091.9,30398.0,30268.0,0.0001,1.0,8.0,0.0,0.0002050409,8.0,8.0,0.279,BTC,True,True,-0.8881768859451156,-0.0001050409
2023-06-27 00:00:00+00:00,30260.1,30341.8,30279.0,30399.0,0.0001,1.0,8.0,0.0,0.0002509041,8.0,8.0,0.409,BTC,True,True,6.243898774193339,-0.00015090410000000002
2023-06-27 08:00:00+00:00,30404.5,30387.1,30422.0,30508.0,0.0001,1.0,8.0,0.0,0.0004535093,8.0,8.0,0.407,BTC,True,True,5.75407116399713,-0.0003535093
2023-06-27 16:00:00+00:00,30487.4,30695.5,30496.0,30680.0,0.0001,1.0,8.0,0.0,0.0003127971,8.0,8.0,0.168,BTC,True,True,2.8204396793262876,-0.0002127971
2023-06-28 00:00:00+00:00,30683.2,30600.7,30694.0,30174.0,9.302e-05,1.0,8.0,0.0,0.0001336033,8.0,8.0,0.299,BTC,True,True,3.519222157890592,-4.058330000000001e-05
2023-06-28 08:00:00+00:00,30176.0,30264.2,30168.0,30408.0,4.598e-05,1.0,8.0,0.0,4.33521e-05,8.0,8.0,0.178,BTC,True,True,-2.6514649499101437,2.6278999999999956e-06
2023-06-28 16:00:00+00:00,30399.8,30242.4,30398.0,30076.0,6.574e-05,1.0,8.0,0.0,8.91189e-05,8.0,8.0,0.189,BTC,True,True,-0.5921266889673007,-2.33789e-05
2023-06-29 00:00:00+00:00,30066.3,30070.3,30091.0,30323.0,9.3e-05,1.0,8.0,0.0,4.91803e-05,8.0,8.0,0.651,BTC,True,True,8.211805180089454,4.3819699999999997e-05
2023-06-29 08:00:00+00:00,30333.9,30376.4,30349.0,30476.0,0.0001,1.0,8.0,0.0,0.00013184849999999998,8.0,8.0,0.401,BTC,True,True,4.976690405916253,-3.184849999999998e-05
2023-06-29 16:00:00+00:00,30468.2,30491.7,30495.0,30449.0,0.0001,1.0,8.0,0.0,0.0001791298,8.0,8.0,0.445,BTC,True,True,8.792189952766838,-7.912979999999998e-05
2023-06-30 00:00:00+00:00,30439.9,30431.3,30447.0,30770.0,0.0001,1.0,8.0,0.0,0.0002767792,8.0,8.0,0.275,BTC,True,True,2.3321929781870994,-0.00017677920000000002
2023-06-30 08:00:00+00:00,30759.2,30841.6,30757.0,30037.0,0.0001,1.0,8.0,0.001,0.0004416536,8.0,8.0,0.357,BTC,True,True,-0.7152587451558403,-0.0003416536
2023-06-30 16:00:00+00:00,30052.0,30381.5,30031.0,30459.0,0.0001,1.0,8.0,0.0,0.0005251722,8.0,8.0,0.5,BTC,True,True,-6.990330328090537,-0.00042517220000000004
2023-07-01 00:00:00+00:00,30460.2,30459.1,30459.0,30445.0,0.0001,1.0,8.0,0.0,0.0003617287,8.0,8.0,0.278,BTC,True,True,-0.393964464456924,-0.0002617287
2023-07-01 08:00:00+00:00,30448.1,30429.8,30449.0,30562.0,0.0001,1.0,8.0,0.0,0.0003883768,8.0,8.0,0.227,BTC,True,True,0.2955805777513718,-0.0002883768
2023-07-01 16:00:00+00:00,30561.5,30564.0,30563.0,30585.0,0.0001,1.0,8.0,0.0,0.00037358570000000003,8.0,8.0,0.405,BTC,True,True,0.49080156084820253,-0.00027358570000000004
2023-07-02 00:00:00+00:00,30573.6,30567.9,30574.0,30515.0,0.0001,1.0,8.0,0.0,0.0005527326,8.0,8.0,0.285,BTC,True,True,0.13083097292759,-0.0004527326
2023-07-02 08:00:00+00:00,30504.7,30477.2,30501.0,30489.0,0.0001,1.0,8.0,0.001,0.0005790618,8.0,8.0,0.37,BTC,True,True,-1.213001409553027,-0.00047906180000000003
2023-07-02 16:00:00+00:00,30491.4,30558.4,30514.0,30613.0,0.0001,1.0,8.0,0.0,0.0004793315,7.0,7.0,0.235,BTC,False,True,7.409180509880457,-0.0003793315
2023-07-03 00:00:00+00:00,30612.7,30630.7,30615.0,30660.0,0.0001,1.0,8.0,0.0,0.00044728979999999997,8.0,8.0,0.278,BTC,True,True,0.7512939408407321,-0.0003472898
2023-07-03 08:00:00+00:00,30662.9,30638.0,30674.0,31056.0,0.0001,1.0,8.0,0.0,0.0008980384999999999,8.0,8.0,0.379,BTC,True,True,3.6193547835540985,-0.0007980384999999999
2023-07-03 16:00:00+00:00,31068.0,31035.6,31082.0,31149.0,0.0001,1.0,8.0,0.001,0.0006932747,8.0,8.0,0.502,BTC,True,True,4.505229360193392,-0.0005932747
2023-07-04 00:00:00+00:00,31149.0,31102.7,31158.0,30913.0,0.0001,1.0,8.0,0.0,0.0004342808,8.0,8.0,0.154,BTC,True,True,2.888921008104025,-0.0003342808
2023-07-04 08:00:00+00:00,30902.2,30916.5,30923.0,30951.0,0.0001,1.0,8.0,0.0,0.00046991350000000003,8.0,8.0,0.152,BTC,True,True,6.728648119136977,-0.00036991350000000004
2023-07-04 16:00:00+00:00,30959.3,30946.8,30968.0,30754.0,0.0001,1.0,8.0,0.0,0.0003654998,8.0,8.0,0.336,BTC,True,True,2.8097462854799753,-0.0002654998
2023-07-05 00:00:00+00:00,30756.1,30751.5,30763.0,30767.0,0.0001,1.0,8.0,0.0,0.000100869,8.0,8.0,0.868,BTC,True,True,2.243205778021196,-8.689999999999946e-07
2023-07-05 08:00:00+00:00,30765.9,30752.2,30767.0,30340.0,0.0001,1.0,8.0,0.0,0.0002864759,8.0,8.0,0.202,BTC,True,True,0.35753231201981844,-0.0001864759
2023-07-05 16:00:00+00:00,30345.1,30447.1,30338.0,30504.0,0.0001,1.0,8.0,0.0,0.000179369,8.0,8.0,0.322,BTC,True,True,-2.3400254872928516,-7.936899999999999e-05
2023-07-06 00:00:00+00:00,30488.4,30403.7,30492.0,30803.0,7.72e-05,1.0,8.0,0.0,0.0001248847,8.0,8.0,0.217,BTC,True,True,1.1807072450095495,-4.768469999999998e-05
2023-07-06 08:00:00+00:00,30792.2,31325.5,30809.0,30432.0,1.492e-05,1.0,8.0,0.0,0.0003846619,8.0,8.0,0.29,BTC,True,True,5.454439334464696,-0.0003697419
2023-07-06 16:00:00+00:00,30390.3,30303.4,30379.0,29884.0,6.98e-06,1.0,8.0,0.0,0.0004729467,8.0,8.0,0.296,BTC,True,True,-3.718983147819553,-0.00046596669999999997
2023-07-07 00:00:00+00:00,29874.3,30039.9,29871.0,29996.0,4.221e-05,1.0,8.0,0.0,0.0006628166,8.0,8.0,0.408,BTC,True,True,-1.1046894076537064,-0.0006206066
2023-07-07 08:00:00+00:00,29992.9,30039.2,30016.0,30372.0,-6.58e-06,1.0,8.0,0.0,0.0006501437,8.0,8.0,0.276,BTC,True,True,7.69885838300432,-0.0006567236999999999
2023-07-07 16:00:00+00:00,30375.5,30342.3,30373.0,30342.0,3.757e-05,1.0,8.0,0.0,0.00038526010000000004,8.0,8.0,0.352,BTC,True,True,-0.82306559056131,-0.00034769010000000003
2023-07-08 00:00:00+00:00,30328.0,30274.8,30322.0,30173.0,2.631e-05,1.0,8.0,0.0,0.0003172095,8.0,8.0,0.187,BTC,True,True,-1.978565546438096,-0.0002908995
2023-07-08 08:00:00+00:00,30174.8,30261.9,30180.0,30195.0,1.686e-05,1.0,8.0,0.0,0.0001910554,8.0,8.0,0.382,BTC,True,True,1.7231438138706863,-0.0001741954
2023-07-08 16:00:00+00:00,30196.8,30245.4,30195.0,30286.0,5.707e-05,1.0,8.0,0.0,0.0002411027,8.0,8.0,0.213,BTC,True,True,-0.5961074187327694,-0.0001840327
2023-07-09 00:00:00+00:00,30269.2,30323.9,30280.0,30261.0,6.821e-05,1.0,8.0,0.0,0.0002341523,8.0,8.0,0.428,BTC,True,True,3.5673469226796453,-0.0001659423
2023-07-09 08:00:00+00:00,30250.0,30291.9,30248.0,30326.0,6.153e-05,1.0,8.0,0.0,0.0002225675,8.0,8.0,0.181,BTC,True,True,-0.6611788821878453,-0.0001610375
2023-07-09 16:00:00+00:00,30336.9,30276.2,30333.0,30159.0,-2.182e-05,1.0,8.0,0.0,0.0001965152,8.0,8.0,0.201,BTC,True,True,-1.2856457668046934,-0.00021833520000000002
2023-07-10 00:00:00+00:00,30147.8,30077.7,30162.0,30097.0,4.85e-05,1.0,8.0,0.0,0.000270885,8.0,8.0,0.738,BTC,True,True,4.709019185075428,-0.00022238500000000002
2023-07-10 08:00:00+00:00,30100.0,30085.1,30101.0,30300.0,2.995e-05,1.0,8.0,0.0,0.00026258849999999997,8.0,8.0,0.337,BTC,True,True,0.3322203950411519,-0.00023263849999999997
2023-07-10 16:00:00+00:00,30297.5,30336.0,30307.0,30392.0,8.01e-05,1.0,8.0,0.0,0.0004346059,8.0,8.0,0.363,BTC,True,True,3.1350807540074377,-0.0003545059
2023-07-11 00:00:00+00:00,30396.9,30405.6,30408.0,30540.0,8.265e-05,1.0,8.0,0.0,0.0002384493,8.0,8.0,0.468,BTC,True,True,3.651021586517102,-0.0001557993
2023-07-11 08:00:00+00:00,30528.6,30482.1,30546.0,30600.0,3.954e-05,1.0,8.0,0.0,0.000256194,8.0,8.0,0.154,BTC,True,True,5.697949874667827,-0.00021665400000000002
2023-07-11 16:00:00+00:00,30585.5,30631.0,30607.0,30608.0,7.041e-05,1.0,8.0,0.0,0.0002421153,8.0,8.0,0.198,BTC,True,True,7.02700523257089,-0.0001717053
2023-07-12 00:00:00+00:00,30608.3,30500.0,30614.0,30721.0,6.479e-05,1.0,8.0,0.0,0.0002717423,8.0,8.0,0.446,BTC,True,True,1.8620666052957542,-0.0002069523
2023-07-12 08:00:00+00:00,30730.7,30720.5,30735.0,30497.0,4.65e-05,1.0,8.0,0.0,0.0002406187,8.0,8.0,1.669,BTC,True,True,1.3991543273784766,-0.0001941187
2023-07-12 16:00:00+00:00,30510.1,30474.1,30526.0,30366.0,-1.135e-05,1.0,8.0,0.0,0.0002743488,8.0,8.0,5.457,BTC,True,True,5.210031558262222,-0.0002856988
2023-07-13 00:00:00+00:00,30368.9,30343.9,30378.0,30354.0,6.12e-05,1.0,8.0,0.0,0.0002671757,8.0,8.0,0.202,BTC,True,True,2.9960376803001383,-0.0002059757
2023-07-13 08:00:00+00:00,30355.1,30400.0,30354.0,30946.0,5.29e-06,1.0,8.0,0.0,0.0003067838,8.0,8.0,0.224,BTC,True,True,-0.3623838930639041,-0.00030149379999999996
2023-07-13 16:00:00+00:00,30915.5,30814.9,30926.0,31443.0,0.0001,1.0,8.0,0.0,0.0005310613,8.0,8.0,0.368,BTC,True,True,3.395777948756775,-0.0004310613
2023-07-14 00:00:00+00:00,31441.6,31436.6,31462.0,31091.0,0.0001,1.0,8.0,0.0,0.0003984121,8.0,8.0,0.328,BTC,True,True,6.486115489474827,-0.0002984121
2023-07-14 08:00:00+00:00,31095.9,31240.6,31082.0,31247.0,0.0001,1.0,8.0,0.0,0.0004983084,8.0,8.0,0.336,BTC,True,True,-4.471042036336419,-0.00039830839999999997
2023-07-14 16:00:00+00:00,31236.6,31205.6,31229.0,30289.0,-7.313e-05,1.0,8.0,0.0,0.0002761919,8.0,8.0,0.387,BTC,True,True,-2.4333393219625568,-0.00034932189999999997
2023-07-15 00:00:00+00:00,30293.3,30315.0,30287.0,30329.0,3.007e-05,1.0,8.0,0.0,0.0001473925,8.0,8.0,0.358,BTC,True,True,-2.079884062214671,-0.0001173225
2023-07-15 08:00:00+00:00,30317.7,30301.5,30317.0,30289.0,2.984e-05,1.0,8.0,0.0,0.0001,8.0,8.0,0.542,BTC,True,True,-0.23089089251937114,-7.016e-05
2023-07-15 16:00:00+00:00,30290.4,30269.0,30295.0,30273.0,1.993e-05,1.0,8.0,0.001,0.0001,8.0,8.0,0.345,BTC,True,True,1.5185176655886277,-8.007000000000001e-05
2023-07-16 00:00:00+00:00,30276.5,30289.9,30273.0,30260.0,7.772e-05,1.0,8.0,0.0,0.00010372590000000001,8.0,8.0,0.227,BTC,True,True,-1.1560789119308061,-2.6005900000000015e-05
2023-07-16 08:00:00+00:00,30253.0,30283.2,30254.0,30366.0,4.583e-05,1.0,8.0,0.0,0.0001,8.0,8.0,0.182,BTC,True,True,0.33054026809847575,-5.4170000000000005e-05
2023-07-16 16:00:00+00:00,30365.9,30349.6,30372.0,30228.0,2.785e-05,1.0,8.0,0.0,0.0001,8.0,8.0,0.149,BTC,True,True,2.0086305323391342,-7.215e-05
2023-07-17 00:00:00+00:00,30216.9,30200.5,30222.0,30274.0,6.278e-05,1.0,8.0,0.0,0.0001,8.0,8.0,0.204,BTC,True,True,1.687654809106077,-3.722e-05
2023-07-17 08:00:00+00:00,30265.2,30242.7,30274.0,30171.0,6.261e-05,1.0,8.0,0.0,0.0001,8.0,8.0,0.198,BTC,True,True,2.90720725149408,-3.7390000000000006e-05
2023-07-17 16:00:00+00:00,30163.4,30126.0,30174.0,30123.0,3.983e-05,1.0,8.0,0.0,0.0001,8.0,8.0,1.356,BTC,True,True,3.513575364217991,-6.017e-05
2023-07-18 00:00:00+00:00,30126.0,30150.4,30141.0,29963.0,6.798e-05,1.0,8.0,0.0,0.0001,8.0,8.0,0.192,BTC,True,True,4.977848676634937,-3.202000000000001e-05
2023-07-18 08:00:00+00:00,29952.0,30012.3,29947.0,29902.0,7.477e-05,1.0,8.0,0.0,0.0001,8.0,8.0,0.206,BTC,True,True,-1.669476956748372,-2.523e-05
2023-07-18 16:00:00+00:00,29895.1,29688.0,29898.0,29857.0,0.0001,1.0,8.0,0.0,0.0001,8.0,8.0,0.198,BTC,True,True,0.9700115907265531,0.0
2023-07-19 00:00:00+00:00,29845.7,30042.9,29853.0,29993.0,5.224e-05,1.0,8.0,0.0,4.05757e-05,8.0,8.0,0.202,BTC,True,True,2.4456144058031497,1.1664300000000003e-05
2023-07-19 08:00:00+00:00,29984.1,29911.1,29979.0,29940.0,7.69e-05,1.0,8.0,0.001,6.26937e-05,8.0,8.0,0.371,BTC,True,True,-1.7010461474791392,1.42063e-05
2023-07-19 16:00:00+00:00,29939.7,29892.0,29953.0,29916.0,2.652e-05,1.0,8.0,0.0,3.2203e-05,8.0,8.0,0.184,BTC,True,True,4.441275887919081,-5.683000000000003e-06
2023-07-20 00:00:00+00:00,29895.5,29985.0,29916.0,30187.0,9.641e-05,1.0,8.0,0.0,6.35015e-05,8.0,8.0,0.227,BTC,True,True,6.854869315342386,3.29085e-05
2023-07-20 08:00:00+00:00,30195.6,30253.0,30197.0,29800.0,5.563e-05,1.0,8.0,0.0,5.71327e-05,8.0,8.0,0.156,BTC,True,True,0.4636329617382869,-1.5027000000000017e-06
2023-07-20 16:00:00+00:00,29792.9,29705.2,29776.0,29798.0,2.877e-05,1.0,8.0,0.001,6.78828e-05,8.0,8.0,0.408,BTC,True,True,-5.674101906673262,-3.91128e-05
2023-07-21 00:00:00+00:00,29791.0,29772.2,29800.0,29762.0,7.77e-06,1.0,8.0,0.0,6.14161e-05,8.0,8.0,0.443,BTC,True,True,3.0205903805716194,-5.36461e-05
2023-07-21 08:00:00+00:00,29757.8,29778.0,29754.0,29861.0,3.717e-05,1.0,8.0,0.0,7.77569e-05,8.0,8.0,0.23,BTC,True,True,-1.2770576608890365,-4.05869e-05
2023-07-21 16:00:00+00:00,29852.0,29811.7,29846.0,29900.0,2.195e-05,1.0,8.0,0.0,4.53507e-05,8.0,8.0,0.181,BTC,True,True,-2.0101175986471187,-2.3400699999999998e-05
2023-07-22 00:00:00+00:00,29891.5,29968.7,29893.0,29938.0,9.44e-06,1.0,8.0,0.0,2.52745e-05,8.0,8.0,0.222,BTC,True,True,0.5018023067230014,-1.58345e-05
2023-07-22 08:00:00+00:00,29932.9,29929.3,29941.0,29886.0,1.77e-06,1.0,8.0,0.0,3.18713e-05,8.0,8.0,0.198,BTC,True,True,2.7056864675309145,-3.0101300000000003e-05
2023-07-22 16:00:00+00:00,29883.9,29888.2,29893.0,29794.0,2.908e-05,1.0,8.0,0.0,2.7300799999999998e-05,8.0,8.0,0.274,BTC,True,True,3.0446543966966253,1.7792000000000015e-06
2023-07-23 00:00:00+00:00,29783.5,29769.9,29791.0,29889.0,0.0001,1.0,8.0,0.0,-4.83946e-05,8.0,8.0,0.189,BTC,True,True,2.5178558073070807,0.0001483946
2023-07-23 08:00:00+00:00,29900.9,29933.9,29903.0,29893.0,9.372e-05,1.0,8.0,0.0,-0.0001593798,8.0,8.0,0.282,BTC,True,True,0.7022953355425977,0.0002530998
2023-07-23 16:00:00+00:00,29885.9,29941.1,29895.0,30070.0,0.0001,1.0,8.0,0.0,6.26099e-05,8.0,8.0,0.411,BTC,True,True,3.0444506758127536,3.73901e-05
2023-07-24 00:00:00+00:00,30070.9,30000.8,30080.0,29812.0,4.338e-05,1.0,8.0,0.0,-2.40274e-05,8.0,8.0,0.165,BTC,True,True,3.0257236614666194,6.74074e-05
2023-07-24 08:00:00+00:00,29816.4,29744.1,29817.0,29092.0,0.0001,1.0,8.0,0.0,2.1099100000000003e-05,8.0,8.0,0.195,BTC,True,True,0.20122951232760594,7.89009e-05
2023-07-24 16:00:00+00:00,29085.9,29098.1,29086.0,29171.0,7.702e-05,1.0,8.0,0.0,1.11363e-05,8.0,8.0,0.29,BTC,True,True,0.03438086086208005,6.58837e-05
2023-07-25 00:00:00+00:00,29163.8,29103.3,29158.0,29130.0,6.913e-05,1.0,8.0,0.0,-4.5386e-05,8.0,8.0,0.197,BTC,True,True,-1.988964681858275,0.000114516
2023-07-25 08:00:00+00:00,29132.3,29177.0,29138.0,29174.0,9.465e-05,1.0,8.0,0.0,-1.11403e-05,8.0,8.0,0.187,BTC,True,True,1.9563997501929424,0.0001057903
2023-07-25 16:00:00+00:00,29167.0,29214.0,29180.0,29215.0,9.451e-05,1.0,8.0,0.0,-6.532699999999999e-06,8.0,8.0,0.112,BTC,True,True,4.4560989305765375,0.0001010427
2023-07-26 00:00:00+00:00,29216.2,29155.3,29218.0,29205.0,0.0001,1.0,8.0,0.001,1.50384e-05,8.0,8.0,0.142,BTC,True,True,0.616077571206856,8.49616e-05
2023-07-26 08:00:00+00:00,29205.4,29207.0,29208.0,29305.0,5.768e-05,1.0,8.0,0.0,-5.32751e-05,8.0,8.0,0.128,BTC,True,True,0.8902066997356897,0.00011095509999999999
2023-07-26 16:00:00+00:00,29307.3,29290.0,29321.0,29338.0,3.136e-05,1.0,8.0,0.0,-7.41754e-05,8.0,8.0,0.544,BTC,True,True,4.67351100044282,0.0001055354
2023-07-27 00:00:00+00:00,29336.0,29341.9,29333.0,29397.0,3.83e-05,1.0,8.0,0.0,4.137900000000001e-06,8.0,8.0,0.409,BTC,True,True,-1.022686598584013,3.41621e-05
2023-07-27 08:00:00+00:00,29396.9,29455.8,29396.0,29290.0,2.876e-05,1.0,8.0,0.001,2.2403e-05,8.0,8.0,0.247,BTC,True,True,-0.3061594172331915,6.357e-06
2023-07-27 16:00:00+00:00,29278.0,29263.7,29299.0,29212.0,4.373e-05,1.0,8.0,0.0,-6.19232e-05,8.0,8.0,0.274,BTC,True,True,7.17004998537653,0.0001056532
2023-07-28 00:00:00+00:00,29209.8,29255.9,29215.0,29135.0,6.675e-05,1.0,8.0,0.0,-1.59281e-05,8.0,8.0,0.334,BTC,True,True,1.780066004070309,8.267809999999999e-05
2023-07-28 08:00:00+00:00,29126.9,29142.0,29127.0,29371.0,0.0001,1.0,8.0,0.0,5.43833e-05,8.0,8.0,0.535,BTC,True,True,0.03433246529426447,4.5616700000000007e-05
2023-07-28 16:00:00+00:00,29379.0,29346.8,29367.0,29300.0,0.0001,1.0,8.0,0.0,1.1199999999999994e-06,8.0,8.0,0.326,BTC,True,True,-4.085384593642074,9.888e-05
2023-07-29 00:00:00+00:00,29300.0,29310.0,29306.0,29283.0,4.567e-05,1.0,8.0,0.0,-2.02276e-05,8.0,8.0,0.146,BTC,True,True,2.047571928116524,6.58976e-05
2023-07-29 08:00:00+00:00,29283.0,29287.4,29289.0,29290.0,7.53e-05,1.0,8.0,0.001,-1.810699999999999e-06,8.0,8.0,0.249,BTC,True,True,2.0487605070647117,7.71107e-05
2023-07-29 16:00:00+00:00,29284.8,29296.3,29284.0,29349.0,8.151e-05,1.0,8.0,0.0,5.402500000000001e-06,8.0,8.0,0.347,BTC,True,True,-0.27318299164399457,7.610749999999999e-05
2023-07-30 00:00:00+00:00,29339.1,29337.0,29347.0,29286.0,5.56e-05,1.0,8.0,0.0,-1.73721e-05,8.0,8.0,0.52,BTC,True,True,2.69229001338387,7.29721e-05
2023-07-30 08:00:00+00:00,29280.1,29285.2,29280.0,29347.0,4.357e-05,1.0,8.0,0.0,-1.74502e-05,8.0,8.0,0.301,BTC,True,True,-0.03415294714259391,6.1020199999999996e-05
2023-07-30 16:00:00+00:00,29337.2,29367.4,29339.0,29278.0,2.369e-05,1.0,8.0,0.0,-5.08712e-05,8.0,8.0,0.193,BTC,True,True,0.6135366641197758,7.45612e-05
2023-07-31 00:00:00+00:00,29271.2,29449.7,29270.0,29371.0,7.362e-05,1.0,8.0,0.0,-1.84565e-05,8.0,8.0,0.332,BTC,True,True,-0.40996768093887714,9.20765e-05
2023-07-31 08:00:00+00:00,29363.8,29384.2,29369.0,29240.0,8.239e-05,1.0,8.0,0.001,-7.346700000000001e-06,8.0,8.0,0.272,BTC,True,True,1.770731180392499,8.97367e-05
2023-07-31 16:00:00+00:00,29231.3,29215.1,29233.0,29229.0,6.3e-05,1.0,8.0,0.0,-2.52607e-05,8.0,8.0,0.206,BTC,True,True,0.5815514768762288,8.82607e-05
2023-08-01 00:00:00+00:00,29220.8,29272.3,29216.0,28927.0,6.768e-05,1.0,8.0,0.0,-7.4555e-06,8.0,8.0,0.203,BTC,True,True,-1.6428004308228596,7.51355e-05
2023-08-01 08:00:00+00:00,28921.2,28983.7,28920.0,28939.0,0.0001,1.0,8.0,0.0,-1.90929e-05,8.0,8.0,0.2,BTC,True,True,-0.41492915090714416,0.00011909290000000001
2023-08-01 16:00:00+00:00,28943.0,28922.1,28934.0,29712.0,0.0001,1.0,8.0,0.0,5.86458e-05,8.0,8.0,0.425,BTC,True,True,-3.1100437384601327,4.1354200000000005e-05
2023-08-02 00:00:00+00:00,29701.2,29816.8,29750.0,29576.0,0.0001,1.0,8.0,0.0,5.66857e-05,8.0,8.0,0.207,BTC,True,True,16.416829588019894,4.3314300000000006e-05
2023-08-02 08:00:00+00:00,29570.2,29481.5,29560.0,29320.0,0.0001,1.0,8.0,0.0,4.9041999999999996e-05,8.0,8.0,0.624,BTC,True,True,-3.4500137328041522,5.095800000000001e-05
2023-08-02 16:00:00+00:00,29312.5,29014.2,29320.0,29163.0,0.0001,1.0,8.0,0.0,6.1823e-05,8.0,8.0,0.253,BTC,True,True,2.5583081195260906,3.817700000000001e-05
2023-08-03 00:00:00+00:00,29170.2,29158.1,29172.0,29037.0,0.0001,1.0,8.0,0.0,2.0561200000000002e-05,8.0,8.0,0.202,BTC,True,True,0.6170490658807807,7.943880000000001e-05
2023-08-03 08:00:00+00:00,29034.0,29110.9,29040.0,29244.0,0.0001,1.0,8.0,0.001,3.32668e-05,8.0,8.0,0.224,BTC,True,True,2.06632917358838,6.673320000000001e-05
2023-08-03 16:00:00+00:00,29244.4,29286.7,29248.0,29182.0,8.116e-05,1.0,8.0,0.0,-4.31098e-05,8.0,8.0,0.384,BTC,True,True,1.2309291479034061,0.0001242698
2023-08-04 00:00:00+00:00,29180.1,29222.1,29182.0,29201.0,0.0001,1.0,8.0,0.0,-2.33534e-05,8.0,8.0,0.548,BTC,True,True,0.6511074826547248,0.0001233534
2023-08-04 08:00:00+00:00,29201.6,29172.1,29201.0,29259.0,0.0001,1.0,8.0,0.0,-3.59011e-05,8.0,8.0,0.181,BTC,True,True,-0.205470304410471,0.0001359011
2023-08-04 16:00:00+00:00,29258.8,29251.7,29262.0,29106.0,4.181e-05,1.0,8.0,0.0,-0.000136831,8.0,8.0,0.219,BTC,True,True,1.0936282495070313,0.000178641
2023-08-05 00:00:00+00:00,29101.1,29104.9,29103.0,29045.0,0.0001,1.0,8.0,0.0,-9.59854e-05,8.0,8.0,1.168,BTC,True,True,0.6528749695215014,0.0001959854
2023-08-05 08:00:00+00:00,29037.9,29077.1,29041.0,29032.0,0.0001,1.0,8.0,0.001,-4.26385e-05,8.0,8.0,0.431,BTC,True,True,1.067513332016794,0.0001426385
2023-08-05 16:00:00+00:00,29032.5,29021.7,29029.0,29062.0,0.0001,1.0,8.0,0.0,-7.13616e-05,8.0,8.0,0.209,BTC,True,True,-1.2056181821824392,0.00017136160000000002
2023-08-06 00:00:00+00:00,29057.7,29053.4,29062.0,29086.0,0.0001,1.0,8.0,0.001,-9.95634e-05,8.0,8.0,0.725,BTC,True,True,1.4797048187937585,0.00019956340000000001
2023-08-06 08:00:00+00:00,29081.3,29098.0,29086.0,29005.0,0.0001,1.0,8.0,0.005,-5.1411e-05,8.0,8.0,0.19,BTC,True,True,1.6160282530653327,0.000151411
2023-08-06 16:00:00+00:00,29001.1,29078.6,29005.0,29081.0,0.0001,1.0,8.0,0.0,-4.60256e-05,8.0,8.0,0.233,BTC,True,True,1.3446861643444732,0.0001460256
2023-08-07 00:00:00+00:00,29075.9,29046.4,29079.0,29081.0,7.669e-05,1.0,8.0,0.0,-8.07831e-05,8.0,8.0,0.49,BTC,True,True,1.0661182472792348,0.0001574731
2023-08-07 08:00:00+00:00,29084.7,29050.1,29087.0,28849.0,0.0001,1.0,8.0,0.0,3.54867e-05,8.0,8.0,0.187,BTC,True,True,0.7907625189560059,6.45133e-05
2023-08-07 16:00:00+00:00,28853.2,28930.2,28848.0,29208.0,0.0001,1.0,8.0,0.0,2.0283000000000002e-05,8.0,8.0,0.39,BTC,True,True,-1.8023888633432217,7.971700000000001e-05
2023-08-08 00:00:00+00:00,29202.7,29253.9,29202.0,29176.0,9.136e-05,1.0,8.0,0.0,-4.82484e-05,8.0,8.0,0.361,BTC,True,True,-0.2397067359427701,0.0001396084
2023-08-08 08:00:00+00:00,29177.0,29169.3,29179.0,29525.0,5.944e-05,1.0,8.0,0.0,-3.5197199999999996e-05,8.0,8.0,0.104,BTC,True,True,0.6854479404966534,9.46372e-05
2023-08-08 16:00:00+00:00,29517.5,29732.2,29522.0,29763.0,8.11e-05,1.0,8.0,0.0,-6.33741e-05,8.0,8.0,0.215,BTC,True,True,1.5244031567732752,0.0001444741
2023-08-09 00:00:00+00:00,29758.9,29765.1,29773.0,29805.0,9.527e-05,1.0,8.0,0.0,-5.0849e-05,8.0,8.0,0.182,BTC,True,True,4.7369562414949495,0.000146119
2023-08-09 08:00:00+00:00,29807.8,29823.5,29810.0,29759.0,8.877e-05,1.0,8.0,0.0,-8.08908e-05,8.0,8.0,0.203,BTC,True,True,0.7380346141587567,0.0001696608
2023-08-09 16:00:00+00:00,29749.3,29504.4,29750.0,29564.0,0.0001,1.0,8.0,0.001,-7.44113e-05,8.0,8.0,0.177,BTC,True,True,0.23529688585701833,0.00017441130000000002
2023-08-10 00:00:00+00:00,29572.9,29612.7,29580.0,29503.0,0.0001,1.0,8.0,0.0,-7.53511e-05,8.0,8.0,0.145,BTC,True,True,2.4005585640249314,0.0001753511
2023-08-10 08:00:00+00:00,29504.0,29506.7,29509.0,29448.0,8.277e-05,1.0,8.0,0.0,-5.37761e-05,8.0,8.0,0.39,BTC,True,True,1.6945418846579623,0.0001365461
2023-08-10 16:00:00+00:00,29452.9,29419.5,29449.0,29448.0,0.0001,1.0,8.0,0.0,-1.93778e-05,8.0,8.0,0.213,BTC,True,True,-1.3242357226854176,0.00011937780000000001
2023-08-11 00:00:00+00:00,29443.7,29471.7,29442.0,29406.0,0.0001,1.0,8.0,0.0,-8.955000000000007e-07,8.0,8.0,0.178,BTC,True,True,-0.5773897569265066,0.00010089550000000001
2023-08-11 08:00:00+00:00,29406.8,29402.3,29412.0,29379.0,7.123e-05,1.0,8.0,0.0,-4.27179e-05,8.0,8.0,0.106,BTC,True,True,1.7681421632357086,0.0001139479
2023-08-11 16:00:00+00:00,29382.9,29347.8,29377.0,29421.0,0.0001,1.0,8.0,0.0,-2.28552e-05,8.0,8.0,0.273,BTC,True,True,-2.008172246661525,0.00012285520000000002
2023-08-12 00:00:00+00:00,29415.5,29444.9,29421.0,29409.0,0.0001,1.0,8.0,0.0,-1.70777e-05,8.0,8.0,0.424,BTC,True,True,1.8695877613446292,0.00011707770000000001
2023-08-12 08:00:00+00:00,29410.2,29383.0,29416.0,29424.0,9.305e-05,1.0,8.0,0.0,-2.85832e-05,8.0,8.0,0.178,BTC,True,True,1.9719104816541337,0.00012163319999999999
2023-08-12 16:00:00+00:00,29426.0,29445.4,29449.0,29419.0,0.0001,1.0,8.0,0.0,-1.02091e-05,8.0,8.0,0.188,BTC,True,True,7.813163879418592,0.00011020910000000001
2023-08-13 00:00:00+00:00,29420.8,29443.4,29426.0,29384.0,4.637e-05,1.0,8.0,0.0,-6.0996100000000004e-05,8.0,8.0,0.175,BTC,True,True,1.7673008603815827,0.0001073661
2023-08-13 08:00:00+00:00,29385.6,29399.7,29372.0,29368.0,0.0001,1.0,8.0,0.0,-5.1887e-06,8.0,8.0,0.196,BTC,True,True,-4.629188477019159,0.0001051887
2023-08-13 16:00:00+00:00,29362.8,29345.0,29357.0,29299.0,0.0001,1.0,8.0,0.001,2.6500999999999994e-06,8.0,8.0,0.184,BTC,True,True,-1.9754835741478824,9.73499e-05
2023-08-14 00:00:00+00:00,29293.3,29260.8,29292.0,29417.0,0.0001,1.0,8.0,0.0,1.5681800000000003e-05,8.0,8.0,0.136,BTC,True,True,-0.44379733489898693,8.43182e-05
2023-08-14 08:00:00+00:00,29410.4,29414.2,29413.0,29588.0,0.0001,1.0,8.0,0.0,-1.73948e-05,8.0,8.0,0.206,BTC,True,True,0.8840019453787743,0.00011739480000000001
2023-08-14 16:00:00+00:00,29592.8,29638.5,29602.0,29418.0,0.0001,1.0,8.0,0.001,-1.99736e-05,8.0,8.0,0.192,BTC,True,True,3.108381166615349,0.00011997360000000001
2023-08-15 00:00:00+00:00,29419.5,29424.0,29396.0,29401.0,0.0001,1.0,8.0,0.0,-4.50684e-05,8.0,8.0,0.609,BTC,True,True,-7.991091209135346,0.00014506840000000002
2023-08-15 08:00:00+00:00,29396.9,29413.0,29394.0,29311.0,0.0001,1.0,8.0,0.0,1.4179000000000021e-06,8.0,8.0,0.709,BTC,True,True,-0.9865472385532094,9.85821e-05
2023-08-15 16:00:00+00:00,29315.1,29271.9,29322.0,29192.0,0.0001,1.0,8.0,0.0,-3.09151e-05,8.0,8.0,0.378,BTC,True,True,2.3534588278915427,0.0001309151
2023-08-16 00:00:00+00:00,29188.9,29214.9,29186.0,29191.0,0.0001,1.0,8.0,0.001,8.33e-06,8.0,8.0,0.378,BTC,True,True,-0.9935777200085575,9.167000000000001e-05
2023-08-16 08:00:00+00:00,29187.0,29171.0,29186.0,29096.0,0.0001,1.0,8.0,0.0,7.932720000000001e-05,8.0,8.0,0.242,BTC,True,True,-0.3426241584629772,2.0672799999999996e-05
2023-08-16 16:00:00+00:00,29097.9,29080.2,29100.0,28716.0,0.0001,1.0,8.0,0.0,4.2195000000000025e-06,8.0,8.0,0.381,BTC,True,True,0.72167552468638,9.57805e-05
2023-08-17 00:00:00+00:00,28714.4,28566.5,28716.0,28628.0,0.0001,1.0,8.0,0.0,0.0001,8.0,8.0,0.374,BTC,True,True,0.5571961889227401,0.0
2023-08-17 08:00:00+00:00,28613.1,28545.3,28620.0,27950.0,0.0001,1.0,8.0,0.0,0.0001,8.0,8.0,0.21,BTC,True,True,2.41119213651913,0.0
2023-08-17 16:00:00+00:00,27920.9,27927.4,27943.0,26621.0,0.0001,1.0,8.0,0.0,-0.0002320316,8.0,8.0,0.458,BTC,True,True,7.912086751157687,0.0003320316
2023-08-18 00:00:00+00:00,26609.7,26723.4,26610.0,26406.0,-4.6e-07,1.0,8.0,0.0,-0.0003532527,8.0,8.0,0.235,BTC,True,True,0.11274020710370096,0.0003527927
2023-08-18 08:00:00+00:00,26413.8,26577.0,26407.0,25995.0,5.166e-05,1.0,8.0,0.0,-0.0003468436,8.0,8.0,0.211,BTC,True,True,-2.5747432971726996,0.00039850359999999996
2023-08-18 16:00:00+00:00,25993.1,25889.6,25984.0,26047.0,-2.74e-06,1.0,8.0,0.0,-0.0002793283,8.0,8.0,0.192,BTC,True,True,-3.5015420610138404,0.0002765883
2023-08-19 00:00:00+00:00,26042.0,26087.2,26049.0,25911.0,-3.22e-06,1.0,8.0,0.0,-0.00018129030000000001,8.0,8.0,0.276,BTC,True,True,2.687604400813308,0.0001780703
2023-08-19 08:00:00+00:00,25906.7,25918.2,25904.0,26203.0,-5.286e-05,1.0,8.0,0.0,-0.000211518,8.0,8.0,0.199,BTC,True,True,-1.0422557512038955,0.000158658
2023-08-19 16:00:00+00:00,26201.0,26240.1,26175.0,26085.0,-3.069e-05,1.0,8.0,0.0,-0.0002722735,8.0,8.0,0.174,BTC,True,True,-9.928212210046878,0.00024158350000000003
2023-08-20 00:00:00+00:00,26088.4,26168.9,26085.0,26077.0,-4.364e-05,1.0,8.0,0.0,-0.00024017990000000001,8.0,8.0,0.413,BTC,True,True,-1.3033461514158964,0.0001965399
2023-08-20 08:00:00+00:00,26073.6,26099.9,26071.0,26099.0,-1.93e-06,1.0,8.0,0.0,-0.000184828,8.0,8.0,0.179,BTC,True,True,-0.9972269428294436,0.000182898
2023-08-20 16:00:00+00:00,26095.0,26035.8,26091.0,26180.0,-2.797e-05,1.0,8.0,0.0,-0.0001998515,8.0,8.0,0.32,BTC,True,True,-1.5329781963867617,0.0001718815
2023-08-21 00:00:00+00:00,26175.9,26126.8,26180.0,26017.0,8.16e-06,1.0,8.0,0.0,-0.0001565207,8.0,8.0,0.256,BTC,True,True,1.5662036211322106,0.0001646807
2023-08-21 08:00:00+00:00,26011.9,26049.8,26011.0,25928.0,-1.619e-05,1.0,8.0,0.0,-0.0001321403,8.0,8.0,0.462,BTC,True,True,-0.3460014724632605,0.00011595030000000002
2023-08-21 16:00:00+00:00,25925.1,26002.0,25936.0,26119.0,-3.08e-06,1.0,8.0,0.0,-7.517529999999999e-05,8.0,8.0,0.52,BTC,True,True,4.203536045513332,7.209529999999999e-05
2023-08-22 00:00:00+00:00,26115.4,26086.1,26125.0,26092.0,-1.928e-05,1.0,8.0,0.0,-0.0001392986,8.0,8.0,0.208,BTC,True,True,3.6753164631442217,0.00012001860000000002
2023-08-22 08:00:00+00:00,26091.7,26051.6,26100.0,25944.0,3.048e-05,1.0,8.0,0.0,-8.5615e-05,8.0,8.0,0.436,BTC,True,True,3.18058237994516,0.000116095
2023-08-22 16:00:00+00:00,25923.0,26008.2,25924.0,26049.0,7.39e-06,1.0,8.0,0.0,-2.94864e-05,8.0,8.0,0.342,BTC,True,True,0.38575038097612807,3.68764e-05
2023-08-23 00:00:00+00:00,26044.5,26027.3,26054.0,26043.0,-1.02e-05,1.0,8.0,0.0,-0.0001633998,8.0,8.0,0.252,BTC,True,True,3.646938052070709,0.0001531998
2023-08-23 08:00:00+00:00,26045.3,26027.5,26058.0,26137.0,3.247e-05,1.0,8.0,0.0,-9.82001e-05,8.0,8.0,0.439,BTC,True,True,4.874931242938752,0.0001306701
2023-08-23 16:00:00+00:00,26134.3,26379.3,26138.0,26436.0,-2.822e-05,1.0,8.0,0.0,-1.97105e-05,7.0,7.0,0.205,BTC,False,True,1.4156637477895224,-8.5095e-06
2023-08-24 00:00:00+00:00,26419.2,26500.0,26442.0,26480.0,2.506e-05,1.0,8.0,0.0,0.0001,8.0,8.0,0.392,BTC,True,True,8.626365430171882,-7.494000000000001e-05
2023-08-24 08:00:00+00:00,26460.8,26486.1,26479.0,26026.0,4.9e-05,1.0,8.0,0.0,0.0001,8.0,8.0,0.333,BTC,True,True,6.875734595527058,-5.1000000000000006e-05
2023-08-24 16:00:00+00:00,25987.3,26103.9,26010.0,26172.0,-6.59e-06,1.0,8.0,0.0,-0.00020028829999999998,8.0,8.0,0.307,BTC,True,True,8.731223137392776,0.00019369829999999998
2023-08-25 00:00:00+00:00,26164.6,26129.1,26160.0,25962.0,2.802e-05,1.0,8.0,0.0,-0.0001847699,8.0,8.0,0.201,BTC,True,True,-1.758255203804055,0.0002127899
2023-08-25 08:00:00+00:00,25969.4,26085.6,25974.0,25933.0,5.218e-05,1.0,8.0,0.0,-0.000192245,8.0,8.0,0.383,BTC,True,True,1.7711586118819036,0.000244425
2023-08-25 16:00:00+00:00,25917.3,25926.9,25924.0,26047.0,3.82e-05,1.0,8.0,0.0,-0.00014128169999999999,8.0,8.0,0.428,BTC,True,True,2.5848117378639146,0.0001794817
2023-08-26 00:00:00+00:00,26051.7,26030.0,26049.0,26040.0,5.334e-05,1.0,8.0,0.0,-0.00011511130000000001,8.0,8.0,0.448,BTC,True,True,-1.0364544055710219,0.0001684513
2023-08-26 08:00:00+00:00,26039.8,26031.5,26034.0,26044.0,2.096e-05,1.0,8.0,0.0,-0.000128102,8.0,8.0,0.203,BTC,True,True,-2.227607750532171,0.000149062
2023-08-26 16:00:00+00:00,26040.2,26027.0,26048.0,26002.0,9.9e-07,1.0,8.0,0.0,-0.0001560361,8.0,8.0,0.165,BTC,True,True,2.994920177047232,0.0001570261
2023-08-27 00:00:00+00:00,26004.3,25987.6,25998.0,26033.0,3.976e-05,1.0,8.0,0.0,-0.00013988880000000001,8.0,8.0,0.252,BTC,True,True,-2.4229697651147415,0.00017964880000000003
2023-08-27 08:00:00+00:00,26028.5,26047.0,26027.0,26114.0,1.232e-05,1.0,8.0,0.0,-0.0001397184,8.0,8.0,0.234,BTC,True,True,-0.5763079791432549,0.00015203839999999998
2023-08-27 16:00:00+00:00,26110.9,26151.8,26112.0,26090.0,-3.95e-06,1.0,8.0,0.0,-0.0001438772,8.0,8.0,0.134,BTC,True,True,0.42127112824605023,0.00013992720000000002
2023-08-28 00:00:00+00:00,26087.6,26009.3,26091.0,25920.0,4.424e-05,1.0,8.0,0.001,-0.0001345612,8.0,8.0,0.196,BTC,True,True,1.3032162629177089,0.00017880119999999998
2023-08-28 08:00:00+00:00,25923.1,25952.8,25922.0,26090.0,4.524e-05,1.0,8.0,0.001,-0.00012290670000000001,8.0,8.0,0.159,BTC,True,True,-0.42434096960542583,0.0001681467
2023-08-28 16:00:00+00:00,26093.4,26132.6,26100.0,26106.0,8.24e-06,1.0,8.0,0.0,-0.0002265094,8.0,8.0,0.401,BTC,True,True,2.5290554112877883,0.0002347494
2023-08-29 00:00:00+00:00,26106.5,26128.0,26117.0,26002.0,3.769e-05,1.0,8.0,0.0,-9.39091e-05,8.0,8.0,0.241,BTC,True,True,4.021178259398284,0.00013159910000000002
2023-08-29 08:00:00+00:00,25992.1,25940.9,25984.0,27414.0,-0.00010934,1.0,8.0,0.0,-8.52448e-05,8.0,8.0,0.423,BTC,True,True,-3.116817177730101,-2.4095199999999993e-05
2023-08-29 16:00:00+00:00,27411.4,27988.4,27425.0,27713.0,4.868e-05,1.0,8.0,0.0,-0.0001775577,8.0,8.0,0.61,BTC,True,True,4.960209014028173,0.0002262377
2023-08-30 00:00:00+00:00,27700.1,27611.9,27703.0,27426.0,5.731e-05,1.0,8.0,0.0,-0.0001491265,8.0,8.0,0.306,BTC,True,True,1.0468728293725644,0.0002064365
2023-08-30 08:00:00+00:00,27427.1,27457.4,27432.0,27189.0,3.944e-05,1.0,8.0,0.0,-8.22278e-05,8.0,8.0,0.297,BTC,True,True,1.7863946047351345,0.0001216678
2023-08-30 16:00:00+00:00,27191.9,27146.3,27202.0,27296.0,2.909e-05,1.0,8.0,0.0,-9.82194e-05,8.0,8.0,0.298,BTC,True,True,3.713651757301967,0.0001273094
2023-08-31 00:00:00+00:00,27290.4,27209.9,27288.0,27250.0,6.859e-05,1.0,8.0,0.0,-5.05756e-05,8.0,8.0,0.245,BTC,True,True,-0.8794688014118635,0.0001191656
2023-08-31 08:00:00+00:00,27249.2,27225.0,27257.0,26914.0,8.105e-05,1.0,8.0,0.0,-5.66725e-05,8.0,8.0,0.45,BTC,True,True,2.862059748522316,0.00013772250000000002
2023-08-31 16:00:00+00:00,26909.4,26223.3,26908.0,25932.0,2.583e-05,1.0,8.0,0.0,-0.0001391675,8.0,8.0,0.443,BTC,True,True,-0.5202778284787721,0.0001649975
2023-09-01 00:00:00+00:00,25928.0,26037.8,25935.0,25979.0,5.968e-05,1.0,8.0,0.0,-0.0001301868,8.0,8.0,0.192,BTC,True,True,2.6994196411733067,0.0001898668
2023-09-01 08:00:00+00:00,25975.3,25972.0,25986.0,25805.0,6.254e-05,1.0,8.0,0.001,-0.0001282733,8.0,8.0,0.382,BTC,True,True,4.118449750579605,0.0001908133
2023-09-01 16:00:00+00:00,25798.0,25779.9,25795.0,25793.0,4.998e-05,1.0,8.0,0.0,-0.0001097108,8.0,8.0,0.242,BTC,True,True,-1.162948463311155,0.0001596908
2023-09-02 00:00:00+00:00,25795.6,25777.4,25793.0,25781.0,1.937e-05,1.0,8.0,0.0,-0.00015584289999999998,8.0,8.0,0.2,BTC,True,True,-1.0079746309064705,0.00017521289999999998
2023-09-02 08:00:00+00:00,25783.9,25766.9,25778.0,25895.0,-2.018e-05,1.0,8.0,0.0,-0.0001997427,8.0,8.0,0.153,BTC,True,True,-2.288511488424656,0.0001795627
2023-09-02 16:00:00+00:00,25880.1,25851.3,25885.0,25859.0,4.839e-05,1.0,8.0,0.0,2.08948e-05,8.0,8.0,0.327,BTC,True,True,1.8931674099475517,2.7495200000000004e-05
2023-09-03 00:00:00+00:00,25855.8,25860.0,25869.0,25940.0,2.35e-06,1.0,8.0,0.0,-5.10558e-05,8.0,8.0,0.298,BTC,True,True,5.103934780435274,5.34058e-05
2023-09-03 08:00:00+00:00,25941.5,25870.6,25951.0,25860.0,2.89e-05,1.0,8.0,0.0,-3.18332e-05,8.0,8.0,0.171,BTC,True,True,3.6614154670260723,6.07332e-05
2023-09-03 16:00:00+00:00,25858.2,25832.7,25863.0,25969.0,2.69e-05,1.0,8.0,0.0,-5.6415e-06,8.0,8.0,0.221,BTC,True,True,1.856105432116976,3.25415e-05
2023-09-04 00:00:00+00:00,25962.1,25900.2,25970.0,25954.0,1.469e-05,1.0,8.0,0.0,-5.15585e-05,8.0,8.0,0.329,BTC,True,True,3.0424342789686225,6.62485e-05
2023-09-04 08:00:00+00:00,25953.8,25973.7,25954.0,25806.0,-1.059e-05,1.0,8.0,0.0,-6.789e-05,8.0,8.0,0.387,BTC,True,True,0.07705970971617765,5.7300000000000004e-05
2023-09-04 16:00:00+00:00,25803.9,25852.1,25825.0,25813.0,5.3e-07,1.0,8.0,0.0,-8.45785e-05,8.0,8.0,0.378,BTC,True,True,8.173717113762386,8.51085e-05
2023-09-05 00:00:00+00:00,25814.0,25757.4,25813.0,25731.0,1.975e-05,1.0,8.0,0.0,-7.87581e-05,8.0,8.0,0.265,BTC,True,True,-0.38739419300945305,9.85081e-05
2023-09-05 08:00:00+00:00,25724.7,25701.0,25727.0,25748.0,3.366e-05,1.0,8.0,0.0,-2.32366e-05,8.0,8.0,0.204,BTC,True,True,0.8940423743169248,5.68966e-05
2023-09-05 16:00:00+00:00,25747.9,25738.0,25750.0,25783.0,1.737e-05,1.0,8.0,0.0,6.93316e-05,8.0,8.0,0.411,BTC,True,True,0.8155672371738826,-5.19616e-05
2023-09-06 00:00:00+00:00,25779.7,25793.0,25775.0,25727.0,-2.763e-05,1.0,8.0,0.0,4.55881e-05,8.0,8.0,0.163,BTC,True,True,-1.823306124571639,-7.32181e-05
2023-09-06 08:00:00+00:00,25715.1,25739.9,25724.0,25583.0,2.135e-05,1.0,8.0,0.001,1.4178300000000001e-05,8.0,8.0,0.449,BTC,True,True,3.460402724313067,7.1716999999999995e-06
2023-09-06 16:00:00+00:00,25576.3,25585.8,25575.0,25752.0,3.83e-05,1.0,8.0,0.0,3.38841e-05,8.0,8.0,0.404,BTC,True,True,-0.5082959769464983,4.4158999999999995e-06
2023-09-07 00:00:00+00:00,25747.4,25744.2,25749.0,25757.0,3.883e-05,1.0,8.0,0.0,-1.4487599999999998e-05,8.0,8.0,0.185,BTC,True,True,0.6214026613572361,5.33176e-05
2023-09-07 08:00:00+00:00,25751.0,25732.4,25754.0,25780.0,6.924e-05,1.0,8.0,0.0,0.0001,8.0,8.0,0.217,BTC,True,True,1.1649354444781634,-3.076000000000001e-05
2023-09-07 16:00:00+00:00,25766.7,25815.9,25778.0,26241.0,-1.525e-05,1.0,8.0,0.0,0.0001,8.0,8.0,0.236,BTC,True,True,4.384543970971987,-0.00011525000000000001
2023-09-08 00:00:00+00:00,26240.7,26343.9,26262.0,26265.0,5.12e-06,1.0,8.0,0.0,8.41133e-05,8.0,8.0,0.439,BTC,True,True,8.113868874770546,-7.89933e-05
2023-09-08 08:00:00+00:00,26244.0,26184.5,26259.0,25848.0,-1.691e-05,1.0,8.0,0.0,0.0001,8.0,8.0,0.319,BTC,True,True,5.713959357794868,-0.00011691
2023-09-08 16:00:00+00:00,25829.9,25781.5,25836.0,25915.0,-5.057e-05,1.0,8.0,0.0,0.0001,8.0,8.0,0.356,BTC,True,True,2.3613253725742065,-0.00015057
2023-09-09 00:00:00+00:00,25899.9,25846.4,25915.0,25891.0,-3.77e-06,1.0,8.0,0.0,0.0001,8.0,8.0,0.346,BTC,True,True,5.828439474924027,-0.00010377
2023-09-09 08:00:00+00:00,25871.0,25860.0,25880.0,25897.0,1.423e-05,1.0,8.0,0.0,0.0001,8.0,8.0,0.402,BTC,True,True,3.4781936931579907,-8.577e-05
2023-09-09 16:00:00+00:00,25881.9,25883.4,25890.0,25909.0,-7.3e-07,1.0,8.0,0.0,0.0001,8.0,8.0,0.176,BTC,True,True,3.129110604822471,-0.00010073
2023-09-10 00:00:00+00:00,25892.6,25862.3,25912.0,25839.0,3.294e-05,1.0,8.0,0.0,-4.23615e-05,8.0,8.0,0.221,BTC,True,True,7.489682733530855,7.53015e-05
2023-09-10 08:00:00+00:00,25843.1,25849.8,25839.0,25756.0,2.609e-05,1.0,8.0,0.0,-0.0002347168,8.0,8.0,0.187,BTC,True,True,-1.586622837926455,0.0002608068
2023-09-10 16:00:00+00:00,25764.1,25781.2,25760.0,25823.0,-3e-06,1.0,8.0,0.0,-0.0003358465,8.0,8.0,0.322,BTC,True,True,-1.591488258368967,0.0003328465
2023-09-11 00:00:00+00:00,25828.4,25715.6,25828.0,25798.0,1.823e-05,1.0,8.0,0.0,-0.0001620149,8.0,8.0,0.179,BTC,True,True,-0.1548694837459267,0.00018024489999999999
2023-09-11 08:00:00+00:00,25801.4,25793.2,25801.0,25116.0,1.838e-05,1.0,8.0,0.001,-0.0001493129,8.0,8.0,0.367,BTC,True,True,-0.15503154892373544,0.0001676929
2023-09-11 16:00:00+00:00,25102.4,25175.5,25123.0,25146.0,2.73e-05,1.0,8.0,0.0,-0.0002505928,8.0,8.0,0.439,BTC,True,True,8.20302124229492,0.0002778928
2023-09-12 00:00:00+00:00,25150.4,25192.9,25142.0,25803.0,5.425e-05,1.0,8.0,0.0,-0.0003300516,8.0,8.0,0.41,BTC,True,True,-3.340464991972392,0.00038430159999999997
2023-09-12 08:00:00+00:00,25810.2,25758.0,25808.0,26178.0,-3.502e-05,1.0,8.0,0.0,-0.000477531,8.0,8.0,0.225,BTC,True,True,-0.8524125216815469,0.00044251100000000003
2023-09-12 16:00:00+00:00,26192.3,26094.4,26197.0,25816.0,2.342e-05,1.0,8.0,0.0,-0.0002810679,8.0,8.0,0.24,BTC,True,True,1.7942595196383129,0.0003044879
2023-09-13 00:00:00+00:00,25825.8,25910.7,25823.0,25862.0,1.26e-05,1.0,8.0,0.0,-0.0003431403,8.0,8.0,0.357,BTC,True,True,-1.0842459080339317,0.0003557403
2023-09-13 08:00:00+00:00,25865.7,25940.4,25848.0,26241.0,3.099e-05,1.0,8.0,0.0,-0.00020169479999999999,8.0,8.0,0.334,BTC,True,True,-6.845381665273794,0.00023268479999999999
2023-09-13 16:00:00+00:00,26229.2,26265.6,26245.0,26216.0,4.61e-06,1.0,8.0,0.0,-2.02295e-05,8.0,8.0,0.165,BTC,True,True,6.022007187335746,2.4839499999999998e-05
2023-09-14 00:00:00+00:00,26209.9,26514.0,26211.0,26330.0,3.428e-05,1.0,8.0,0.001,8.50279e-05,8.0,8.0,0.272,BTC,True,True,0.4196799368791243,-5.074790000000001e-05
2023-09-14 08:00:00+00:00,26332.2,26293.1,26328.0,26692.0,-4.748e-05,1.0,8.0,0.0,9.69278e-05,8.0,8.0,0.216,BTC,True,True,-1.595132570292507,-0.0001444078
2023-09-14 16:00:00+00:00,26680.0,26607.5,26686.0,26524.0,-2.641e-05,1.0,8.0,0.0,3.18521e-05,8.0,8.0,0.642,BTC,True,True,2.248622728059276,-5.82621e-05
2023-09-15 00:00:00+00:00,26510.3,26463.0,26519.0,26561.0,-7.61e-06,1.0,8.0,0.0,4.48849e-05,8.0,8.0,0.238,BTC,True,True,3.2812049482296217,-5.24949e-05
2023-09-15 08:00:00+00:00,26554.4,26618.9,26561.0,26320.0,7.561e-05,1.0,8.0,0.0,3.63512e-05,8.0,8.0,0.183,BTC,True,True,2.4851549772632406,3.9258800000000004e-05
2023-09-15 16:00:00+00:00,26311.1,26365.8,26319.0,26607.0,-1.381e-05,1.0,8.0,0.0,5.79814e-05,8.0,8.0,0.327,BTC,True,True,3.0020843811171547,-7.17914e-05
2023-09-16 00:00:00+00:00,26591.1,26619.2,26615.0,26499.0,-4.32e-05,1.0,8.0,0.0,9.18235e-05,8.0,8.0,0.451,BTC,True,True,8.983932897730808,-0.0001350235
2023-09-16 08:00:00+00:00,26486.0,26496.4,26496.0,26508.0,-3.161e-05,1.0,8.0,0.0,-8.25624e-05,8.0,8.0,0.21,BTC,True,True,3.7748669807662827,5.0952400000000004e-05
2023-09-16 16:00:00+00:00,26493.6,26513.9,26506.0,26553.0,8.97e-06,1.0,8.0,0.0,-0.0001226679,8.0,8.0,0.211,BTC,True,True,4.679280683725242,0.0001316379
2023-09-17 00:00:00+00:00,26547.0,26452.0,26553.0,26486.0,1.142e-05,1.0,8.0,0.0,-0.0001629594,8.0,8.0,0.169,BTC,True,True,2.2598870152671817,0.0001743794
2023-09-17 08:00:00+00:00,26482.6,26538.3,26480.0,26540.0,6.49e-06,1.0,8.0,0.0,-0.000174504,8.0,8.0,0.261,BTC,True,True,-0.9818249111969538,0.000180994
2023-09-17 16:00:00+00:00,26536.9,26493.3,26537.0,26498.0,-5.08e-06,1.0,8.0,0.0,-0.00019203850000000001,8.0,8.0,0.269,BTC,True,True,0.037683305730712366,0.00018695850000000002
2023-09-18 00:00:00+00:00,26514.2,26450.0,26506.0,26696.0,5.79e-06,1.0,8.0,0.0,-0.000316282,8.0,8.0,0.201,BTC,True,True,-3.0931607445391007,0.00032207199999999996
2023-09-18 08:00:00+00:00,26701.8,26710.3,26706.0,27275.0,-6.774e-05,1.0,8.0,0.0,5.54205e-05,8.0,8.0,0.376,BTC,True,True,1.5728039756969345,-0.0001231605
2023-09-18 16:00:00+00:00,27258.8,27230.0,27278.0,26760.0,2.468e-05,1.0,8.0,0.0,0.0001,8.0,8.0,0.169,BTC,True,True,7.041117481493633,-7.532e-05
2023-09-19 00:00:00+00:00,26749.9,26666.7,26757.0,26855.0,-1.972e-05,1.0,8.0,0.001,0.0001,8.0,8.0,0.186,BTC,True,True,2.653863349090441,-0.00011972
2023-09-19 08:00:00+00:00,26836.0,27051.5,26859.0,27413.0,-1.756e-05,1.0,8.0,0.0,0.0001,8.0,8.0,0.403,BTC,True,True,8.566906194869288,-0.00011756
2023-09-19 16:00:00+00:00,27413.3,27274.7,27402.0,27212.0,-2.614e-05,1.0,8.0,0.0,0.0002028745,8.0,8.0,0.409,BTC,True,True,-4.122936537817284,-0.0002290145
2023-09-20 00:00:00+00:00,27195.9,27192.0,27212.0,27116.0,-3.777e-05,1.0,8.0,0.0,0.0001206443,8.0,8.0,0.455,BTC,True,True,5.918258366865751,-0.0001584143
2023-09-20 08:00:00+00:00,27089.5,27172.2,27101.0,27201.0,-9.91e-06,1.0,8.0,0.0,0.0001696035,8.0,8.0,0.41,BTC,True,True,4.244286423868514,-0.0001795135
2023-09-20 16:00:00+00:00,27168.7,27149.4,27205.0,27133.0,-2.9e-07,1.0,8.0,0.001,0.00010895700000000001,8.0,8.0,0.372,BTC,True,True,13.352045342832701,-0.000109247
2023-09-21 00:00:00+00:00,27107.7,27033.0,27119.0,27004.0,4.303e-05,1.0,8.0,0.0,0.0001002861,8.0,8.0,2.585,BTC,True,True,4.167688671286427,-5.72561e-05
2023-09-21 08:00:00+00:00,26978.4,26916.7,26999.0,26600.0,7.429e-05,1.0,8.0,0.0,0.0001,8.0,8.0,0.96,BTC,True,True,7.632824478441595,-2.571000000000001e-05
2023-09-21 16:00:00+00:00,26567.6,26567.3,26575.0,26582.0,-6.2e-07,1.0,8.0,0.0,0.0001,8.0,8.0,0.739,BTC,True,True,2.7849597301721603,-0.00010062000000000001
2023-09-22 00:00:00+00:00,26552.6,26629.2,26573.0,26678.0,1.034e-05,1.0,8.0,0.0,0.0001,8.0,8.0,0.33,BTC,True,True,7.679913639631801,-8.966e-05
2023-09-22 08:00:00+00:00,26660.9,26660.1,26683.0,26638.0,2.136e-05,1.0,8.0,0.0,0.0001,8.0,8.0,0.456,BTC,True,True,8.28585883836911,-7.864e-05
2023-09-22 16:00:00+00:00,26619.9,26585.2,26630.0,26582.0,6.676e-05,1.0,8.0,0.0,0.0001,8.0,8.0,0.353,BTC,True,True,3.7934343993558035,-3.324e-05
2023-09-23 00:00:00+00:00,26566.7,26592.2,26581.0,26583.0,1.556e-05,1.0,8.0,0.0,0.0001,8.0,8.0,0.411,BTC,True,True,5.381230173676325,-8.444e-05
2023-09-23 08:00:00+00:00,26571.9,26558.6,26596.0,26581.0,2.09e-06,1.0,8.0,0.0,0.0001,8.0,8.0,0.364,BTC,True,True,9.065621042230095,-9.791e-05
2023-09-23 16:00:00+00:00,26567.4,26592.2,26573.0,26578.0,-1.392e-05,1.0,8.0,0.0,0.0001,8.0,8.0,0.318,BTC,True,True,2.1076243388189693,-0.00011392000000000001
2023-09-24 00:00:00+00:00,26563.0,26554.2,26585.0,26567.0,4.721e-05,1.0,8.0,0.0,0.0001,8.0,8.0,0.509,BTC,True,True,8.278769194147976,-5.279000000000001e-05
2023-09-24 08:00:00+00:00,26552.4,26579.1,26567.0,26583.0,2.887e-05,1.0,8.0,0.0,0.0001,8.0,8.0,0.459,BTC,True,True,5.4970501804039165,-7.113e-05
2023-09-24 16:00:00+00:00,26566.0,26562.5,26580.0,26254.0,-1.26e-05,1.0,8.0,0.0,0.0001,8.0,8.0,0.168,BTC,True,True,5.268505747876041,-0.0001126
2023-09-25 00:00:00+00:00,26232.4,26239.5,26219.0,26188.0,8.565e-05,1.0,8.0,0.0,8.36384e-05,8.0,8.0,0.335,BTC,True,True,-5.109491945507167,2.0115999999999927e-06
2023-09-25 08:00:00+00:00,26176.7,26130.9,26195.0,26229.0,4.792e-05,1.0,8.0,0.0,0.0001,8.0,8.0,0.512,BTC,True,True,6.988507436189748,-5.208e-05
2023-09-25 16:00:00+00:00,26231.0,26309.2,26252.0,26305.0,-3.91e-05,1.0,8.0,0.0,0.0001,8.0,8.0,0.444,BTC,True,True,8.002591742363435,-0.00013910000000000002
2023-09-26 00:00:00+00:00,26290.5,26249.8,26301.0,26270.0,-1.215e-05,1.0,8.0,0.0,0.0001,8.0,8.0,0.542,BTC,True,True,3.9930407535488,-0.00011215
2023-09-26 08:00:00+00:00,26256.3,26258.0,26268.0,26127.0,5.626e-05,1.0,8.0,0.0,5.13076e-05,8.0,8.0,0.381,BTC,True,True,4.455080864863802,4.952399999999997e-06
2023-09-26 16:00:00+00:00,26114.8,26206.2,26110.0,26207.0,9.944e-05,1.0,8.0,0.0,2.51831e-05,8.0,8.0,0.202,BTC,True,True,-1.83820714048291,7.42569e-05
2023-09-27 00:00:00+00:00,26208.7,26246.2,26216.0,26236.0,3.378e-05,1.0,8.0,0.001,-3.09376e-05,8.0,8.0,0.383,BTC,True,True,2.7849468083483746,6.47176e-05
2023-09-27 08:00:00+00:00,26233.4,26247.0,26240.0,26289.0,2.074e-05,1.0,8.0,0.0,6.950999999999995e-07,8.0,8.0,0.46,BTC,True,True,2.5155602780840587,2.0044900000000002e-05
2023-09-27 16:00:00+00:00,26293.4,26227.9,26294.0,26365.0,6.74e-06,1.0,8.0,0.0,5.9893500000000005e-05,8.0,8.0,111.28,BTC,True,True,0.22819154399128838,-5.3153500000000005e-05
2023-09-28 00:00:00+00:00,26359.6,26429.3,26366.0,26445.0,-1.581e-05,1.0,8.0,0.0,-8.863999999999988e-07,8.0,8.0,0.173,BTC,True,True,2.4276632343426634,-1.49236e-05
2023-09-28 08:00:00+00:00,26445.7,26392.5,26452.0,27100.0,-4.732e-05,1.0,8.0,0.0,0.0001,8.0,8.0,0.212,BTC,True,True,2.3819561265555294,-0.00014732
2023-09-28 16:00:00+00:00,27012.3,27047.7,27100.0,27020.0,-3.894e-05,1.0,8.0,0.0,4.3777500000000006e-05,8.0,8.0,0.265,BTC,True,True,32.414100596996214,-8.271750000000001e-05
2023-09-29 00:00:00+00:00,27011.7,27056.8,27034.0,27170.0,-2.567e-05,1.0,8.0,0.0,0.0001,8.0,8.0,0.275,BTC,True,True,8.25227585747811,-0.00012567
2023-09-29 08:00:00+00:00,27167.9,26995.2,27158.0,26879.0,4.76e-06,1.0,8.0,0.0,0.0001,8.0,8.0,0.506,BTC,True,True,-3.644670446174072,-9.524e-05
2023-09-29 16:00:00+00:00,26874.9,26864.5,26877.0,26910.0,6.43e-06,1.0,8.0,0.0,0.0001,8.0,8.0,0.167,BTC,True,True,0.7813677287927685,-9.357e-05
2023-09-30 00:00:00+00:00,26890.9,26922.0,26907.0,26932.0,1.864e-05,1.0,8.0,0.0,0.0001,8.0,8.0,0.214,BTC,True,True,5.985363919649546,-8.136000000000001e-05
2023-09-30 08:00:00+00:00,26915.9,26916.7,26933.0,26975.0,1.525e-05,1.0,8.0,0.0,0.0001,8.0,8.0,0.243,BTC,True,True,6.351104878573918,-8.475e-05
2023-09-30 16:00:00+00:00,26986.2,27006.1,26999.0,26975.0,2.95e-06,1.0,8.0,0.0,0.0001,8.0,8.0,0.405,BTC,True,True,4.742040499937727,-9.705e-05
2023-10-01 00:00:00+00:00,26951.0,26976.9,26969.0,27118.0,-6.19e-06,1.0,8.0,0.0,0.0001,8.0,8.0,0.257,BTC,True,True,6.676558111515343,-0.00010619000000000001
2023-10-01 08:00:00+00:00,27092.1,27122.1,27113.0,27152.0,-2.263e-05,1.0,8.0,0.0,0.0001,8.0,8.0,0.203,BTC,True,True,7.7114518876306954,-0.00012263
2023-10-01 16:00:00+00:00,27135.8,27099.9,27151.0,27957.0,5.831e-05,1.0,8.0,0.0,0.0001,8.0,8.0,0.183,BTC,True,True,5.599888148578228,-4.169e-05
2023-10-02 00:00:00+00:00,27981.4,27917.7,27992.0,28284.0,7.28e-06,1.0,8.0,0.0,8.354880000000001e-05,8.0,8.0,0.181,BTC,True,True,3.7875133998344617,-7.626880000000001e-05
2023-10-02 08:00:00+00:00,28299.2,28264.4,28305.0,28048.0,-1.477e-05,1.0,8.0,0.0,8.06041e-05,8.0,8.0,0.186,BTC,True,True,2.0493179023102397,-9.537409999999999e-05
2023-10-02 16:00:00+00:00,28015.0,27986.7,28013.0,27498.0,4.172e-05,1.0,8.0,0.0,6.35285e-05,8.0,8.0,0.147,BTC,True,True,-0.7139287502139839,-2.18085e-05
2023-10-03 00:00:00+00:00,27477.7,27418.0,27486.0,27535.0,1.667e-05,1.0,8.0,0.0,0.0001,8.0,8.0,0.314,BTC,True,True,3.0201751567268618,-8.333e-05
2023-10-03 08:00:00+00:00,27528.0,27583.9,27545.0,27351.0,2.5e-05,1.0,8.0,0.0,0.0001,8.0,8.0,0.425,BTC,True,True,6.173624295006354,-7.500000000000001e-05
2023-10-03 16:00:00+00:00,27332.1,27371.6,27333.0,27433.0,6.031e-05,1.0,8.0,0.0,0.0001,8.0,8.0,0.436,BTC,True,True,0.3292777293312391,-3.969000000000001e-05
2023-10-04 00:00:00+00:00,27412.0,27297.1,27422.0,27456.0,6.2e-05,1.0,8.0,0.0,0.0001,8.0,8.0,0.216,BTC,True,True,3.647372108860672,-3.8e-05
2023-10-04 08:00:00+00:00,27442.0,27504.8,27452.0,27398.0,-2.857e-05,1.0,8.0,0.0,1.5799900000000004e-05,8.0,8.0,0.527,BTC,True,True,3.6433854740476597,-4.4369900000000004e-05
2023-10-04 16:00:00+00:00,27388.3,27509.5,27399.0,27779.0,-3.807e-05,1.0,8.0,0.0,0.0001,8.0,8.0,0.981,BTC,True,True,3.9060147647508705,-0.00013807
2023-10-05 00:00:00+00:00,27759.7,27793.1,27781.0,27603.0,-4.268e-05,1.0,8.0,0.0,8.03796e-05,8.0,8.0,0.429,BTC,True,True,7.6700513476520245,-0.0001230596
2023-10-05 08:00:00+00:00,27595.4,27634.1,27603.0,27550.0,-2.302e-05,1.0,8.0,0.001,9.97099e-05,8.0,8.0,0.422,BTC,True,True,2.7537030232844044,-0.0001227299
2023-10-05 16:00:00+00:00,27540.0,27433.5,27547.0,27415.0,-1.106e-05,1.0,8.0,0.0,0.0001,8.0,8.0,0.256,BTC,True,True,2.5414344719006468,-0.00011106000000000001
2023-10-06 00:00:00+00:00,27398.3,27443.1,27415.0,27637.0,1.436e-05,1.0,8.0,0.0,0.0001,8.0,8.0,0.186,BTC,True,True,6.093411824036327,-8.564e-05
2023-10-06 08:00:00+00:00,27626.8,27602.8,27646.0,27944.0,-3.149e-05,1.0,8.0,0.0,0.0001,8.0,8.0,0.44,BTC,True,True,6.947359559223113,-0.00013149
2023-10-06 16:00:00+00:00,27926.6,27861.2,27940.0,27933.0,2.124e-05,1.0,8.0,0.0,0.0001,8.0,8.0,0.312,BTC,True,True,4.797141854695728,-7.876000000000001e-05
2023-10-07 00:00:00+00:00,27916.3,27901.6,27919.0,27884.0,2.849e-05,1.0,8.0,0.0,0.0001,8.0,8.0,0.931,BTC,True,True,0.967130113782183,-7.151e-05
2023-10-07 08:00:00+00:00,27878.1,27993.1,27887.0,27928.0,2.083e-05,1.0,8.0,0.0,0.0001,8.0,8.0,0.233,BTC,True,True,3.191960590249832,-7.917e-05
2023-10-07 16:00:00+00:00,27926.5,27927.0,27935.0,27948.0,3.14e-06,1.0,8.0,0.0,8.60521e-05,8.0,8.0,0.291,BTC,True,True,3.0432408960031725,-8.29121e-05
2023-10-08 00:00:00+00:00,27943.0,27950.8,27956.0,27903.0,9.74e-06,1.0,8.0,0.001,6.8626e-05,8.0,8.0,0.21,BTC,True,True,4.651246081099945,-5.8886000000000005e-05
2023-10-08 08:00:00+00:00,27892.4,27900.4,27899.0,27894.0,5.163e-05,1.0,8.0,0.0,9.088790000000001e-05,8.0,8.0,0.317,BTC,True,True,2.3659560544403475,-3.925790000000001e-05
2023-10-08 16:00:00+00:00,27883.5,27902.8,27891.0,27907.0,3.992e-05,1.0,8.0,0.0,9.7984e-05,8.0,8.0,0.672,BTC,True,True,2.6894010865915052,-5.8064000000000005e-05
2023-10-09 00:00:00+00:00,27901.2,27808.8,27916.0,27817.0,3.515e-05,1.0,8.0,0.0,0.0001,8.0,8.0,0.171,BTC,True,True,5.303024998330379,-6.485e-05
2023-10-09 08:00:00+00:00,27804.6,27735.8,27809.0,27447.0,7.838e-05,1.0,8.0,0.0,9.64745e-05,8.0,8.0,0.191,BTC,True,True,1.5823467674033753,-1.80945e-05
2023-10-09 16:00:00+00:00,27433.1,27391.1,27439.0,27562.0,6.349e-05,1.0,8.0,0.0,-0.0001023189,8.0,8.0,0.386,BTC,True,True,2.1504553398680986,0.00016580890000000002
2023-10-10 00:00:00+00:00,27578.4,27538.6,27578.0,27644.0,1.894e-05,1.0,8.0,0.0,-0.0001005795,8.0,8.0,0.339,BTC,True,True,-0.14504209847182084,0.0001195195
2023-10-10 08:00:00+00:00,27634.9,27663.7,27649.0,27402.0,4.548e-05,1.0,8.0,0.0,-3.00133e-05,8.0,8.0,0.147,BTC,True,True,5.100942699676315,7.54933e-05
2023-10-10 16:00:00+00:00,27395.6,27417.7,27397.0,27383.0,5.918e-05,1.0,8.0,0.0,9.07015e-05,8.0,8.0,0.382,BTC,True,True,0.511017911289791,-3.1521500000000006e-05
2023-10-11 00:00:00+00:00,27381.3,27454.0,27386.0,27023.0,8.33e-05,1.0,8.0,0.0,0.0001,8.0,8.0,0.19,BTC,True,True,1.716352645296837,-1.67e-05
2023-10-11 08:00:00+00:00,27012.7,27099.9,27024.0,26794.0,6.319e-05,1.0,8.0,0.0,0.0001,8.0,8.0,0.361,BTC,True,True,4.182342802102423,-3.681000000000001e-05
2023-10-11 16:00:00+00:00,26769.2,26672.8,26785.0,26891.0,0.0001,1.0,8.0,0.0,0.00010277310000000001,8.0,8.0,1.751,BTC,True,True,5.900564459338808,-2.7731000000000023e-06
2023-10-12 00:00:00+00:00,26864.5,26794.0,26871.0,26814.0,2.661e-05,1.0,8.0,0.0,0.0001,8.0,8.0,0.195,BTC,True,True,2.4192572998112243,-7.339e-05
2023-10-12 08:00:00+00:00,26799.3,26788.4,26826.0,26676.0,7.304e-05,1.0,8.0,0.0,0.0001,8.0,8.0,0.296,BTC,True,True,9.957987071902718,-2.696e-05
2023-10-12 16:00:00+00:00,26665.4,26665.1,26681.0,26755.0,2.294e-05,1.0,8.0,0.0,0.0001,8.0,8.0,0.184,BTC,True,True,5.8485672677723795,-7.706e-05
2023-10-13 00:00:00+00:00,26744.0,26818.0,26756.0,26880.0,2.039e-05,1.0,8.0,0.0,0.0001,8.0,8.0,0.202,BTC,True,True,4.485981383640147,-7.961e-05
2023-10-13 08:00:00+00:00,26857.9,26783.0,26884.0,26710.0,2.326e-05,1.0,8.0,0.0,0.0001,8.0,8.0,0.201,BTC,True,True,9.713092410942714,-7.674e-05
2023-10-13 16:00:00+00:00,26692.9,26786.0,26704.0,26867.0,1.05e-06,1.0,8.0,0.0,0.0001,8.0,8.0,0.304,BTC,True,True,4.1575447862645545,-9.895e-05
2023-10-14 00:00:00+00:00,26849.7,26879.9,26861.0,26871.0,2.211e-05,1.0,8.0,0.0,0.0001,8.0,8.0,0.319,BTC,True,True,4.207727758797176,-7.789e-05
2023-10-14 08:00:00+00:00,26860.4,26858.0,26879.0,26941.0,2.456e-05,1.0,8.0,0.0,0.0001,8.0,8.0,0.179,BTC,True,True,6.922295650018482,-7.544000000000001e-05
2023-10-14 16:00:00+00:00,26927.9,26914.8,26939.0,26850.0,-1.509e-05,1.0,8.0,0.0,0.0001,8.0,8.0,0.325,BTC,True,True,4.121269335012081,-0.00011509000000000001
2023-10-15 00:00:00+00:00,26836.4,26835.0,26853.0,26881.0,4.292e-05,1.0,8.0,0.0,0.0001,8.0,8.0,0.385,BTC,True,True,6.183716163325302,-5.708e-05
2023-10-15 08:00:00+00:00,26872.7,26895.0,26889.0,26900.0,2.224e-05,1.0,8.0,0.0,0.0001,8.0,8.0,0.196,BTC,True,True,6.063796531527877,-7.776e-05
2023-10-15 16:00:00+00:00,26885.7,26916.0,26901.0,27163.0,5.11e-06,1.0,8.0,0.0,0.0001,8.0,8.0,0.14,BTC,True,True,5.689138918233986,-9.489000000000001e-05
2023-10-16 00:00:00+00:00,27139.8,27129.0,27154.0,27838.0,2.8e-07,1.0,8.0,0.0,8.97367e-05,8.0,8.0,0.313,BTC,True,True,5.230799952766687,-8.94567e-05
2023-10-16 08:00:00+00:00,27837.2,27792.8,27867.0,28065.0,9.644e-05,1.0,8.0,0.0,0.00016168,8.0,8.0,0.416,BTC,True,True,10.699373778938233,-6.524e-05
2023-10-16 16:00:00+00:00,28054.1,28078.2,28084.0,28503.0,2.04e-06,1.0,8.0,0.0,0.0001,8.0,8.0,0.183,BTC,True,True,10.652303098016153,-9.796e-05
2023-10-17 00:00:00+00:00,28486.3,28263.9,28504.0,28424.0,1.493e-05,1.0,8.0,0.0,0.0001,8.0,8.0,0.14,BTC,True,True,6.2115835744364265,-8.507000000000001e-05
2023-10-17 08:00:00+00:00,28408.1,28425.9,28398.0,28468.0,-2.311e-05,1.0,8.0,0.0,0.0001,8.0,8.0,0.372,BTC,True,True,-3.5559561759830243,-0.00012311
2023-10-17 16:00:00+00:00,28445.7,28566.7,28462.0,28403.0,-3.343e-05,1.0,8.0,0.0,0.0001,8.0,8.0,0.203,BTC,True,True,5.728574672937817,-0.00013343
2023-10-18 00:00:00+00:00,28382.0,28361.4,28394.0,28494.0,-1.216e-05,1.0,8.0,0.0,9.60436e-05,8.0,8.0,0.571,BTC,True,True,4.227138290363571,-0.00010820360000000001
2023-10-18 08:00:00+00:00,28485.1,28543.4,28487.0,28251.0,1.644e-05,1.0,8.0,0.0,0.0001,8.0,8.0,0.365,BTC,True,True,0.6669931425053734,-8.356e-05
2023-10-18 16:00:00+00:00,28235.4,28332.1,28236.0,28308.0,-1.028e-05,1.0,8.0,0.0,4.12916e-05,8.0,8.0,0.257,BTC,True,True,0.2124969453635772,-5.15716e-05
2023-10-19 00:00:00+00:00,28307.2,28370.1,28311.0,28324.0,-6.24e-06,1.0,8.0,0.001,3.42749e-05,8.0,8.0,0.231,BTC,True,True,1.3423245548973235,-4.05149e-05
2023-10-19 08:00:00+00:00,28314.9,28307.8,28322.0,28682.0,-0.00011006,1.0,8.0,0.0,5.28909e-05,8.0,8.0,0.28,BTC,True,True,2.507199383156132,-0.0001629509
2023-10-19 16:00:00+00:00,28659.5,28601.6,28666.0,28706.0,-9.272e-05,1.0,8.0,0.0,8.9935e-05,8.0,8.0,0.22,BTC,True,True,2.267751708351396,-0.000182655
2023-10-20 00:00:00+00:00,28697.0,28620.5,28712.0,29237.0,1.938e-05,1.0,8.0,0.005,7.95863e-05,8.0,8.0,0.179,BTC,True,True,5.225661600566181,-6.02063e-05
2023-10-20 08:00:00+00:00,29228.6,29719.8,29235.0,29570.0,2.687e-05,1.0,8.0,0.0,0.00024250729999999998,8.0,8.0,0.258,BTC,True,True,2.1893964879234105,-0.0002156373
2023-10-20 16:00:00+00:00,29538.7,29478.5,29563.0,29681.0,-1.585e-05,1.0,8.0,0.0,0.00010980850000000001,8.0,8.0,0.183,BTC,True,True,8.22311418090997,-0.00012565850000000002
2023-10-21 00:00:00+00:00,29653.0,29615.1,29675.0,29713.0,4.374e-05,1.0,8.0,0.0,0.0001208747,8.0,8.0,0.406,BTC,True,True,7.416397319439874,-7.71347e-05
2023-10-21 08:00:00+00:00,29681.1,29652.2,29714.0,29956.0,5.827e-05,1.0,8.0,0.0,0.0001708379,8.0,8.0,0.391,BTC,True,True,11.07835608151068,-0.0001125679
2023-10-21 16:00:00+00:00,29916.4,29851.5,29964.0,29922.0,2.567e-05,1.0,8.0,0.0,0.0001358926,8.0,8.0,0.185,BTC,True,True,15.89836074109685,-0.00011022259999999999
2023-10-22 00:00:00+00:00,29895.4,29957.9,29921.0,29838.0,2.579e-05,1.0,8.0,0.0,0.00016042809999999998,8.0,8.0,0.424,BTC,True,True,8.559526003903219,-0.00013463809999999997
2023-10-22 08:00:00+00:00,29800.4,29817.3,29812.0,29845.0,3.115e-05,1.0,8.0,0.0,0.0001262556,8.0,8.0,0.44,BTC,True,True,3.8918077938192726,-9.510559999999999e-05
2023-10-22 16:00:00+00:00,29815.3,29854.4,29844.0,30015.0,8.25e-05,1.0,8.0,0.0,0.0001518221,8.0,8.0,0.358,BTC,True,True,9.621300355167719,-6.93221e-05
2023-10-23 00:00:00+00:00,29981.4,30107.3,29994.0,30527.0,9.59e-05,1.0,8.0,0.001,0.0002048101,8.0,8.0,0.424,BTC,True,True,4.201722768126017,-0.00010891009999999999
2023-10-23 08:00:00+00:00,30508.0,30675.8,30530.0,30899.0,6.48e-06,1.0,8.0,0.001,0.0001,8.0,8.0,0.359,BTC,True,True,7.208624447942442,-9.352e-05
2023-10-23 16:00:00+00:00,30864.1,31197.5,30888.0,33121.0,0.0001,1.0,8.0,0.0,0.0012431284,8.0,8.0,0.397,BTC,True,True,7.74062783074723,-0.0011431284
2023-10-24 00:00:00+00:00,33074.0,33504.4,33151.0,34031.0,0.0001,1.0,8.0,0.0,0.0010130755,8.0,8.0,0.422,BTC,True,True,23.25406861403636,-0.0009130754999999999
2023-10-24 08:00:00+00:00,34025.8,34125.9,34025.0,33690.0,0.0001,1.0,8.0,0.0,0.00041317489999999997,8.0,8.0,0.331,BTC,True,True,-0.23511847033049355,-0.0003131749
2023-10-24 16:00:00+00:00,33673.9,33940.0,33708.0,33935.0,0.0001,1.0,8.0,0.0,0.0001505369,8.0,8.0,0.317,BTC,True,True,10.121413290835859,-5.05369e-05
2023-10-25 00:00:00+00:00,33917.0,34027.1,33936.0,33887.0,0.0001,1.0,8.0,0.0,0.0001084322,8.0,8.0,0.436,BTC,True,True,5.600342061984886,-8.43219999999999e-06
2023-10-25 08:00:00+00:00,33853.4,33944.3,33873.0,34922.0,0.0001,1.0,8.0,0.001,0.0002554478,8.0,8.0,0.39,BTC,True,True,5.787994208220858,-0.00015544780000000002
2023-10-25 16:00:00+00:00,34841.5,34473.3,34842.0,34500.0,0.0001,1.0,8.0,0.001,0.0005234322,8.0,8.0,0.433,BTC,True,True,0.1435059949645774,-0.00042343219999999997
2023-10-26 00:00:00+00:00,34487.8,34650.1,34511.0,34663.0,0.0001,1.0,8.0,0.0,0.0004214386,8.0,8.0,0.393,BTC,True,True,6.724754886838176,-0.0003214386
2023-10-26 08:00:00+00:00,34648.6,34517.9,34673.0,34064.0,0.0001,1.0,8.0,0.0,0.00039649360000000003,8.0,8.0,0.389,BTC,True,True,7.0396531550503925,-0.00029649360000000004
2023-10-26 16:00:00+00:00,34050.1,33777.6,34058.0,34168.0,0.0001,1.0,8.0,0.0,0.000160257,8.0,8.0,0.363,BTC,True,True,2.319841556416322,-6.025699999999999e-05
2023-10-27 00:00:00+00:00,34154.0,34020.0,34155.0,33969.0,0.0001,1.0,8.0,0.0,0.0002806264,8.0,8.0,0.37,BTC,True,True,0.2927871876538956,-0.0001806264
2023-10-27 08:00:00+00:00,33954.0,34092.0,33967.0,34028.0,0.0001,1.0,8.0,0.0,0.0003077052,8.0,8.0,0.442,BTC,True,True,3.827976666641686,-0.0002077052
2023-10-27 16:00:00+00:00,34010.8,33881.0,34017.0,33922.0,0.0001,1.0,8.0,0.0,0.00017461849999999998,8.0,8.0,0.365,BTC,True,True,1.8227842197346222,-7.461849999999998e-05
2023-10-28 00:00:00+00:00,33893.2,33897.5,33912.0,34063.0,0.0001,1.0,8.0,0.001,0.0003295562,8.0,8.0,0.409,BTC,True,True,5.545297552918518,-0.00022955620000000002
2023-10-28 08:00:00+00:00,34057.2,34101.7,34068.0,34209.0,0.0001,1.0,8.0,0.0,0.0003511184,8.0,8.0,0.307,BTC,True,True,3.170632920116732,-0.0002511184
2023-10-28 16:00:00+00:00,34200.0,34148.4,34212.0,34102.0,0.0001,1.0,8.0,0.0,0.0003060421,8.0,8.0,0.39,BTC,True,True,3.5081564997587247,-0.0002060421
2023-10-29 00:00:00+00:00,34086.7,34084.5,34105.0,34107.0,0.0001,1.0,8.0,0.0,0.0001715476,8.0,8.0,0.403,BTC,True,True,5.367222239453508,-7.154759999999999e-05
2023-10-29 08:00:00+00:00,34086.1,34257.9,34092.0,34478.0,0.0001,1.0,8.0,0.0,0.0003094697,8.0,8.0,0.382,BTC,True,True,1.7307610551566872,-0.00020946970000000002
2023-10-29 16:00:00+00:00,34462.6,34405.6,34475.0,34546.0,0.0001,1.0,8.0,0.0,0.00029884890000000003,8.0,8.0,0.442,BTC,True,True,3.5974562890890085,-0.00019884890000000004
2023-10-30 00:00:00+00:00,34528.6,34467.0,34544.0,34209.0,0.0001,1.0,8.0,0.0,0.0001926543,8.0,8.0,0.405,BTC,True,True,4.459076465970023,-9.265429999999999e-05
2023-10-30 08:00:00+00:00,34191.8,34385.6,34199.0,34698.0,0.0001,1.0,8.0,0.0,0.0004748142,8.0,8.0,0.436,BTC,True,True,2.105546367815668,-0.0003748142
2023-10-30 16:00:00+00:00,34664.5,34471.1,34683.0,34498.0,0.0001,1.0,8.0,0.001,0.0002329271,8.0,8.0,0.433,BTC,True,True,5.335448412377343,-0.0001329271
2023-10-31 00:00:00+00:00,34483.8,34525.5,34495.0,34167.0,0.0001,1.0,8.0,0.0,0.0003147287,8.0,8.0,0.387,BTC,True,True,3.2473745841971913,-0.0002147287
2023-10-31 08:00:00+00:00,34151.9,34414.0,34166.0,34298.0,0.0001,1.0,8.0,0.0,0.0004553905,8.0,8.0,0.428,BTC,True,True,4.127761596946393,-0.00035539050000000003
2023-10-31 16:00:00+00:00,34290.3,34445.0,34293.0,34680.0,0.0001,1.0,8.0,0.0,0.0003362411,8.0,8.0,0.386,BTC,True,True,0.7873636880669289,-0.00023624110000000002
2023-11-01 00:00:00+00:00,34651.4,34522.3,34660.0,34480.0,0.0001,1.0,8.0,0.0,0.000275542,8.0,8.0,0.414,BTC,True,True,2.481554273650098,-0.000175542
2023-11-01 08:00:00+00:00,34464.0,34454.0,34475.0,34307.0,0.0001,1.0,8.0,0.0,0.000358732,8.0,8.0,0.446,BTC,True,True,3.19122705387343,-0.000258732
2023-11-01 16:00:00+00:00,34296.9,34458.4,34307.0,35457.0,0.0001,1.0,8.0,0.001,0.0005339446,8.0,8.0,0.254,BTC,True,True,2.9444390400456726,-0.00043394460000000006
2023-11-02 00:00:00+00:00,35437.5,35437.8,35457.0,35303.0,0.0001,1.0,8.0,0.0,0.000181944,8.0,8.0,1.904,BTC,True,True,5.50113210242483,-8.194399999999999e-05
2023-11-02 08:00:00+00:00,35280.6,35325.6,35273.0,34672.0,0.0001,1.0,8.0,0.0,0.0002139045,8.0,8.0,0.345,BTC,True,True,-2.1543904292323144,-0.00011390450000000001
2023-11-02 16:00:00+00:00,34645.1,34647.1,34652.0,34947.0,0.0001,1.0,8.0,0.0,0.00022197040000000002,8.0,8.0,0.377,BTC,True,True,1.9914253331830898,-0.00012197040000000001
2023-11-03 00:00:00+00:00,34940.1,34512.5,34952.0,34495.0,0.0001,1.0,8.0,0.0,0.000263963,8.0,8.0,0.429,BTC,True,True,3.4052489809270594,-0.000163963
2023-11-03 08:00:00+00:00,34469.9,34427.8,34451.0,34783.0,0.0001,1.0,8.0,0.0,0.0003932648,8.0,8.0,0.268,BTC,True,True,-5.484548365957849,-0.0002932648
2023-11-03 16:00:00+00:00,34759.5,34661.9,34782.0,34716.0,0.0001,1.0,8.0,0.0,0.0001,8.0,8.0,0.359,BTC,True,True,6.470956417425761,0.0
2023-11-04 00:00:00+00:00,34700.5,34680.1,34716.0,34774.0,0.0001,1.0,8.0,0.0,0.0001937056,8.0,8.0,0.415,BTC,True,True,4.465797110947552,-9.37056e-05
2023-11-04 08:00:00+00:00,34759.2,34848.0,34746.0,34721.0,0.0001,1.0,8.0,0.0,0.0001825464,8.0,8.0,0.38,BTC,True,True,-3.7982770091134106,-8.25464e-05
2023-11-04 16:00:00+00:00,34709.9,34693.9,34721.0,35082.0,0.0001,1.0,8.0,0.0,0.000243696,8.0,8.0,0.33,BTC,True,True,3.197423652743496,-0.00014369600000000001
2023-11-05 00:00:00+00:00,35069.7,34982.7,35085.0,35187.0,0.0001,1.0,8.0,0.0,0.00044733749999999997,8.0,8.0,0.45,BTC,True,True,4.361789086853898,-0.0003473375
2023-11-05 08:00:00+00:00,35175.5,35040.2,35194.0,34925.0,0.0001,1.0,8.0,0.0,0.0004342168,8.0,8.0,0.375,BTC,True,True,5.257959890638612,-0.00033421680000000003
2023-11-05 16:00:00+00:00,34893.9,34969.6,34904.0,35041.0,0.0001,1.0,8.0,0.0,0.0003833123,8.0,8.0,0.406,BTC,True,True,2.894069899091756,-0.0002833123
2023-11-06 00:00:00+00:00,35025.5,35075.1,35040.0,34923.0,0.0001,1.0,8.0,0.001,0.00028420379999999996,8.0,8.0,0.426,BTC,True,True,4.138984295267079,-0.00018420379999999997
2023-11-06 08:00:00+00:00,34918.5,34971.2,34915.0,35088.0,0.0001,1.0,8.0,0.0,0.0002345329,8.0,8.0,0.292,BTC,True,True,-1.002384243359201,-0.00013453290000000001
2023-11-06 16:00:00+00:00,35094.5,34980.1,35098.0,35055.0,0.0001,1.0,8.0,0.001,0.0001582914,8.0,8.0,0.334,BTC,True,True,0.9972575425861621,-5.829139999999999e-05
2023-11-07 00:00:00+00:00,35057.5,34939.2,35061.0,34956.0,0.0001,1.0,8.0,0.0,0.0002024917,8.0,8.0,0.424,BTC,True,True,0.998310004608164,-0.0001024917
2023-11-07 08:00:00+00:00,34947.3,34919.9,34958.0,34732.0,0.0001,1.0,8.0,0.0,0.0001,8.0,8.0,0.425,BTC,True,True,3.0612843614320897,0.0
2023-11-07 16:00:00+00:00,34728.5,34682.8,34734.0,35418.0,0.0001,1.0,8.0,0.0,0.0002050771,8.0,8.0,0.37,BTC,True,True,1.5835882703607116,-0.00010507709999999999
2023-11-08 00:00:00+00:00,35406.5,35378.1,35419.0,35265.0,0.0001,1.0,8.0,0.0,0.0004664283,8.0,8.0,0.359,BTC,True,True,3.5298021559433814,-0.0003664283
2023-11-08 08:00:00+00:00,35239.5,35312.6,35268.0,35265.0,0.0001,1.0,8.0,0.0,0.0003969888,8.0,8.0,0.313,BTC,True,True,8.08424679705954,-0.0002969888
2023-11-08 16:00:00+00:00,35231.4,35419.9,35233.0,35703.0,0.0001,1.0,8.0,0.0,0.000830358,8.0,8.0,0.331,BTC,True,True,0.45413002885741566,-0.000730358
2023-11-09 00:00:00+00:00,35626.7,35866.2,35692.0,36580.0,0.0001,1.0,8.0,0.0,0.0003751324,8.0,8.0,0.432,BTC,True,True,18.312172893744023,-0.0002751324
2023-11-09 08:00:00+00:00,36550.6,36681.2,36559.0,37165.0,0.00020027,1.0,8.0,0.0,0.000425967,8.0,8.0,0.393,BTC,True,True,2.297919845538197,-0.00022569700000000002
2023-11-09 16:00:00+00:00,37141.5,36360.1,37167.0,36736.0,0.0001,1.0,8.0,0.0,0.0006497482,8.0,8.0,0.312,BTC,True,True,6.863279705813094,-0.0005497481999999999
2023-11-10 00:00:00+00:00,36719.6,36513.4,36708.0,36484.0,0.00011682,1.0,8.0,0.0,0.0004729909,8.0,8.0,0.45,BTC,True,True,-3.1595749000375317,-0.0003561709
2023-11-10 08:00:00+00:00,36480.3,36545.0,36475.0,37092.0,0.0001,1.0,8.0,0.0,0.0002947853,8.0,8.0,0.378,BTC,True,True,-1.452944476776186,-0.0001947853
2023-11-10 16:00:00+00:00,37092.6,37395.7,37108.0,37339.0,0.0001,1.0,8.0,0.0,0.0005126805,8.0,8.0,0.324,BTC,True,True,4.150909890518341,-0.0004126805
2023-11-11 00:00:00+00:00,37330.3,37313.5,37358.0,37055.0,0.00016607,1.0,8.0,0.0,0.0006434105,8.0,8.0,0.427,BTC,True,True,7.417494110865039,-0.00047734050000000004
2023-11-11 08:00:00+00:00,37030.5,36990.1,37062.0,37095.0,0.00014648,1.0,8.0,0.0,0.0007106395000000001,8.0,8.0,0.337,BTC,True,True,8.502885419670875,-0.0005641595
2023-11-11 16:00:00+00:00,37071.5,37155.3,37093.0,37178.0,0.0001543,1.0,8.0,0.0,0.0005739259,8.0,8.0,0.426,BTC,True,True,5.797922348909616,-0.00041962589999999995
2023-11-12 00:00:00+00:00,37162.1,36936.1,37172.0,37176.0,0.00023487,1.0,8.0,0.0,0.0005818501,8.0,8.0,0.41,BTC,True,True,2.6636496731753776,-0.0003469801
2023-11-12 08:00:00+00:00,37154.1,37127.7,37167.0,37172.0,0.00027221,1.0,8.0,0.001,0.0006889262,8.0,8.0,0.271,BTC,True,True,3.471423358790712,-0.00041671620000000004
2023-11-12 16:00:00+00:00,37178.3,37141.0,37178.0,37079.0,0.00032467,1.0,8.0,0.0,0.0002618447,8.0,8.0,0.439,BTC,True,True,-0.08069255732333605,6.282530000000002e-05
2023-11-13 00:00:00+00:00,37085.6,37117.1,37078.0,36994.0,0.00010893,1.0,8.0,0.0,0.0003178168,8.0,8.0,0.197,BTC,True,True,-2.049522953740739,-0.0002088868
2023-11-13 08:00:00+00:00,36982.5,37051.9,36996.0,36849.0,0.00020492,1.0,8.0,0.0,0.0004238125,8.0,8.0,0.256,BTC,True,True,3.649709077597816,-0.00021889249999999997
2023-11-13 16:00:00+00:00,36871.7,36891.5,36871.0,36479.0,0.00017382,1.0,8.0,0.0,0.0001895315,8.0,8.0,0.437,BTC,True,True,-0.18984930034292644,-1.5711499999999993e-05
2023-11-14 00:00:00+00:00,36486.2,36270.3,36454.0,36689.0,0.00016369,1.0,8.0,0.0,0.0001,8.0,8.0,0.431,BTC,True,True,-8.829151028310928,6.369e-05
2023-11-14 08:00:00+00:00,36705.5,36765.1,36688.0,36153.0,0.00014477,1.0,8.0,0.001,0.0003077944,8.0,8.0,0.267,BTC,True,True,-4.76881476742422,-0.00016302439999999998
2023-11-14 16:00:00+00:00,36168.8,36289.8,36170.0,35580.0,0.0001,1.0,8.0,0.0,0.00038037110000000004,8.0,8.0,0.437,BTC,True,True,0.3317721610268223,-0.00028037110000000005
2023-11-15 00:00:00+00:00,35559.1,35512.0,35580.0,35600.0,0.0001,1.0,8.0,0.0,0.0003845743,8.0,8.0,0.425,BTC,True,True,5.875812486049659,-0.0002845743
2023-11-15 08:00:00+00:00,35597.8,35811.6,35617.0,36394.0,0.0001,1.0,8.0,0.0,0.0001317677,8.0,8.0,0.366,BTC,True,True,5.392137720023548,-3.176769999999999e-05
2023-11-15 16:00:00+00:00,36412.2,36378.0,36399.0,37899.0,0.0001,1.0,8.0,0.0,0.0002506517,8.0,8.0,0.412,BTC,True,True,-3.6258158482780516,-0.00015065169999999999
2023-11-16 00:00:00+00:00,37885.5,37795.2,37896.0,37444.0,0.00015199,1.0,8.0,0.0,0.00011382840000000001,8.0,8.0,0.394,BTC,True,True,2.7711248964975326,3.8161600000000004e-05
2023-11-16 08:00:00+00:00,37460.6,37327.9,37450.0,36420.0,0.00012014,1.0,8.0,0.001,9.42533e-05,8.0,8.0,0.352,BTC,True,True,-2.8300400933229413,2.5886699999999997e-05
2023-11-16 16:00:00+00:00,36423.3,36581.8,36384.0,36176.0,0.0001,1.0,8.0,0.0,0.00017148359999999999,8.0,8.0,0.444,BTC,True,True,-10.795621817281102,-7.148359999999998e-05
2023-11-17 00:00:00+00:00,36176.0,36379.0,36174.0,36230.0,0.0001,1.0,8.0,0.001,9.64363e-05,8.0,8.0,0.411,BTC,True,True,-0.5528680029046967,3.563700000000001e-06
2023-11-17 08:00:00+00:00,36251.9,36414.2,36238.0,36050.0,0.0001,1.0,8.0,0.001,0.0001,8.0,8.0,0.329,BTC,True,True,-3.8350170631666596,0.0
2023-11-17 16:00:00+00:00,36059.1,35995.1,36060.0,36602.0,0.0001,1.0,8.0,0.0,0.00011325570000000001,8.0,8.0,0.394,BTC,True,True,0.24958714128327822,-1.3255700000000003e-05
2023-11-18 00:00:00+00:00,36621.9,36403.3,36625.0,36419.0,0.0001,1.0,8.0,0.0,0.0001,8.0,8.0,0.394,BTC,True,True,0.846452205308412,0.0
2023-11-18 08:00:00+00:00,36429.0,36457.2,36431.0,36672.0,0.0001,1.0,8.0,0.0,0.0001,8.0,8.0,0.424,BTC,True,True,0.548998078644718,0.0
2023-11-18 16:00:00+00:00,36672.0,36686.4,36670.0,36575.0,0.0001,1.0,8.0,0.0,0.0001,8.0,8.0,0.274,BTC,True,True,-0.5453900903977292,0.0
2023-11-19 00:00:00+00:00,36580.9,36472.2,36576.0,36619.0,0.0001,1.0,8.0,0.0,0.0001,8.0,8.0,0.383,BTC,True,True,-1.3395865618498504,0.0
2023-11-19 08:00:00+00:00,36624.0,36627.9,36622.0,36562.0,0.0001,1.0,8.0,0.0,0.00010122970000000001,8.0,8.0,0.328,BTC,True,True,-0.5461049068881331,-1.2297000000000062e-06
2023-11-19 16:00:00+00:00,36575.1,36560.5,36580.0,37365.0,0.0001,1.0,8.0,0.0,0.00011032810000000001,8.0,8.0,0.409,BTC,True,True,1.3396195227197127,-1.0328100000000007e-05
2023-11-20 00:00:00+00:00,37375.8,37314.9,37376.0,37250.0,0.0001,1.0,8.0,0.0,0.0001,8.0,8.0,0.434,BTC,True,True,0.05351041713873141,0.0
2023-11-20 08:00:00+00:00,37261.0,37139.7,37233.0,37467.0,0.0001,1.0,8.0,0.0,0.0001,8.0,8.0,0.38,BTC,True,True,-7.5173843043984405,0.0
2023-11-20 16:00:00+00:00,37475.0,37250.6,37465.0,37466.0,0.0001,1.0,8.0,0.0,0.00016384140000000002,8.0,8.0,0.42,BTC,True,True,-2.6688017238737265,-6.384140000000002e-05
2023-11-21 00:00:00+00:00,37462.6,37407.9,37459.0,37295.0,0.0001,1.0,8.0,0.0,0.0001542666,8.0,8.0,0.435,BTC,True,True,-0.9610045708493078,-5.42666e-05
2023-11-21 08:00:00+00:00,37297.1,37421.4,37296.0,36991.0,0.0001,1.0,8.0,0.0,0.0001,8.0,8.0,0.354,BTC,True,True,-0.2949334456079695,0.0
2023-11-21 16:00:00+00:00,36975.8,37198.0,36974.0,35737.0,0.0001,1.0,8.0,0.0,8.72433e-05,8.0,8.0,0.391,BTC,True,True,-0.48681673252946195,1.2756700000000006e-05
2023-11-22 00:00:00+00:00,35737.0,36109.9,35728.0,36451.0,0.0001,1.0,8.0,0.0,0.0001,8.0,8.0,0.433,BTC,True,True,-2.518715468433365,0.0
2023-11-22 08:00:00+00:00,36430.7,36561.7,36445.0,36498.0,0.0001,1.0,8.0,0.0,0.0001,8.0,8.0,0.233,BTC,True,True,3.92449065560609,0.0
2023-11-22 16:00:00+00:00,36480.6,36470.0,36488.0,37410.0,0.0001,1.0,8.0,0.0,0.0001229455,8.0,8.0,0.403,BTC,True,True,2.028269701041959,-2.2945499999999986e-05
2023-11-23 00:00:00+00:00,37413.5,37319.4,37429.0,37385.0,0.0001,1.0,8.0,0.0,0.0001,8.0,8.0,0.361,BTC,True,True,4.142031658912165,0.0
2023-11-23 08:00:00+00:00,37378.5,37507.1,37394.0,36957.0,0.0001,1.0,8.0,0.001,0.0001,8.0,8.0,0.298,BTC,True,True,4.145909317468628,0.0
2023-11-23 16:00:00+00:00,36954.1,37085.8,36966.0,37287.0,0.0001,1.0,8.0,0.0,6.47263e-05,8.0,8.0,0.282,BTC,True,True,3.219692641865396,3.527370000000001e-05
2023-11-24 00:00:00+00:00,37294.4,37297.8,37298.0,37539.0,0.0001,1.0,8.0,0.0,0.0001,8.0,8.0,0.386,BTC,True,True,0.9652457898652697,0.0
2023-11-24 08:00:00+00:00,37531.1,37441.2,37541.0,38255.0,0.0001,1.0,8.0,0.0,0.0001253356,8.0,8.0,0.349,BTC,True,True,2.6374645327329085,-2.5335600000000002e-05
2023-11-24 16:00:00+00:00,38217.3,37733.3,38252.0,37727.0,0.0001,1.0,8.0,0.0,0.0001,8.0,8.0,0.237,BTC,True,True,9.075538126210008,0.0
2023-11-25 00:00:00+00:00,37706.3,37714.0,37723.0,37810.0,0.0001,1.0,8.0,0.0,0.0001300742,8.0,8.0,0.331,BTC,True,True,4.427987605046362,-3.0074199999999997e-05
2023-11-25 08:00:00+00:00,37795.0,37758.0,37813.0,37715.0,0.0001,1.0,8.0,0.0,0.0001065291,8.0,8.0,0.354,BTC,True,True,4.761400999911964,-6.529099999999998e-06
2023-11-25 16:00:00+00:00,37697.7,37737.9,37717.0,37793.0,0.0001,1.0,8.0,0.0,0.0001,8.0,8.0,0.319,BTC,True,True,5.11836562934066,0.0
2023-11-26 00:00:00+00:00,37766.7,37730.3,37794.0,37810.0,0.0001,1.0,8.0,0.0,0.0001717002,8.0,8.0,0.343,BTC,True,True,7.225978898524743,-7.170020000000001e-05
2023-11-26 08:00:00+00:00,37773.5,37748.5,37812.0,37448.0,0.0001,1.0,8.0,0.0,0.0001039349,8.0,8.0,0.335,BTC,True,True,10.187139948677036,-3.934900000000002e-06
2023-11-26 16:00:00+00:00,37418.0,37212.1,37442.0,37453.0,0.0001,1.0,8.0,0.0,0.0001,8.0,8.0,0.318,BTC,True,True,6.411969228497126,0.0
2023-11-27 00:00:00+00:00,37437.9,37479.2,37465.0,37278.0,0.0001,1.0,8.0,0.001,7.99714e-05,8.0,8.0,0.325,BTC,True,True,7.236035235610275,2.0028600000000007e-05
2023-11-27 08:00:00+00:00,37272.0,37327.5,37273.0,36766.0,0.0001,1.0,8.0,0.0,0.0001289251,8.0,8.0,0.357,BTC,True,True,0.26829431888482136,-2.8925100000000005e-05
2023-11-27 16:00:00+00:00,36743.3,37075.1,36766.0,37248.0,0.0001,1.0,8.0,0.0,0.0001282949,8.0,8.0,0.355,BTC,True,True,6.17608948025758,-2.8294899999999992e-05
2023-11-28 00:00:00+00:00,37234.4,37248.3,37261.0,37092.0,0.0001,1.0,8.0,0.0,6.5836e-05,8.0,8.0,0.446,BTC,True,True,7.141380845122217,3.416400000000001e-05
2023-11-28 08:00:00+00:00,37087.2,36929.8,37109.0,37518.0,0.0001,1.0,8.0,0.0,9.95168e-05,8.0,8.0,0.314,BTC,True,True,5.876311893955121,4.832000000000024e-07
2023-11-28 16:00:00+00:00,37502.1,37868.7,37516.0,37828.0,0.0001,1.0,8.0,0.001,9.206520000000001e-05,8.0,8.0,0.363,BTC,True,True,3.7057723826844966,7.934799999999997e-06
2023-11-29 00:00:00+00:00,37812.0,37904.3,37829.0,38117.0,0.0001,1.0,8.0,0.0,0.0001518874,8.0,8.0,0.351,BTC,True,True,4.494916853618738,-5.188739999999999e-05
2023-11-29 08:00:00+00:00,38095.7,38335.5,38108.0,37827.0,0.0001,1.0,8.0,0.0,0.0001147119,8.0,8.0,0.41,BTC,True,True,3.228189735359068,-1.4711899999999997e-05
2023-11-29 16:00:00+00:00,37817.6,37752.1,37842.0,37872.0,0.0001,1.0,8.0,0.0,0.0001,8.0,8.0,0.293,BTC,True,True,6.449941804054698,0.0
2023-11-30 00:00:00+00:00,37837.2,37759.5,37867.0,37802.0,0.0001,1.0,8.0,0.0,0.0001,8.0,8.0,0.282,BTC,True,True,7.872747229130479,0.0
2023-11-30 08:00:00+00:00,37783.1,37652.5,37806.0,37617.0,0.0001,1.0,8.0,0.0,0.0001002596,8.0,8.0,0.446,BTC,True,True,6.059074840312496,-2.596e-07
2023-11-30 16:00:00+00:00,37613.9,37651.4,37632.0,37721.0,0.0001,1.0,8.0,0.0,0.0001646214,8.0,8.0,0.403,BTC,True,True,4.810893443789327,-6.462139999999999e-05
2023-12-01 00:00:00+00:00,37716.9,37665.6,37734.0,38270.0,0.0001,1.0,8.0,0.0,0.0001617783,8.0,8.0,0.419,BTC,True,True,4.532749189944098,-6.17783e-05
2023-12-01 08:00:00+00:00,38234.9,38298.1,38263.0,38415.0,0.0001,1.0,8.0,0.0,0.00013650820000000002,8.0,8.0,0.311,BTC,True,True,7.3466072307495995,-3.650820000000001e-05
2023-12-01 16:00:00+00:00,38401.4,38790.0,38417.0,38700.0,9.95e-05,1.0,8.0,0.0,0.0001890929,8.0,8.0,0.413,BTC,True,True,4.061526981671674,-8.95929e-05
2023-12-02 00:00:00+00:00,38659.9,38692.0,38700.0,38728.0,6.973e-05,1.0,8.0,0.0,0.0002399894,8.0,8.0,0.315,BTC,True,True,10.367129117677392,-0.0001702594
2023-12-02 08:00:00+00:00,38683.9,38694.0,38730.0,38842.0,8.541e-05,1.0,8.0,0.0,0.0004249109,8.0,8.0,0.354,BTC,True,True,11.910007233670486,-0.0003395009
2023-12-02 16:00:00+00:00,38786.9,38727.9,38835.0,39471.0,0.0001,1.0,8.0,0.0,0.0002866937,8.0,8.0,0.4,BTC,True,True,12.39341117820166,-0.0001866937
2023-12-03 00:00:00+00:00,39435.1,39485.6,39466.0,39521.0,0.0001,1.0,8.0,0.0,0.00041463650000000003,8.0,8.0,0.353,BTC,True,True,7.832590820597992,-0.00031463650000000004
2023-12-03 08:00:00+00:00,39474.1,39393.5,39530.0,39786.0,0.0001,1.0,8.0,0.0,0.0003458234,8.0,8.0,0.417,BTC,True,True,14.15116666820238,-0.0002458234
2023-12-03 16:00:00+00:00,39758.5,39658.8,39788.0,40004.0,0.0001,1.0,8.0,0.0,0.0003089351,8.0,8.0,25.453,BTC,True,True,7.41704571599989,-0.00020893510000000003
2023-12-04 00:00:00+00:00,39979.8,40217.6,40004.0,41524.0,0.0001,1.0,8.0,0.0,0.0008705125,8.0,8.0,0.439,BTC,True,True,6.0512255577870855,-0.0007705125
2023-12-04 08:00:00+00:00,41471.9,41705.5,41509.0,41303.0,0.0001,1.0,8.0,0.0,0.0003887751,8.0,8.0,0.328,BTC,True,True,8.941817327114276,-0.0002887751
2023-12-04 16:00:00+00:00,41280.9,41642.0,41288.0,42010.0,0.0001,1.0,8.0,0.0,0.0002592868,8.0,8.0,0.308,BTC,True,True,1.7197758520449695,-0.00015928680000000002
2023-12-05 00:00:00+00:00,41993.1,41925.9,42009.0,41542.0,0.0001,1.0,8.0,0.0,0.0001626755,8.0,8.0,0.312,BTC,True,True,3.7856196904336503,-6.267549999999999e-05
2023-12-05 08:00:00+00:00,41534.3,41614.8,41526.0,42295.0,0.0001,1.0,8.0,0.0,0.0002884546,8.0,8.0,0.44,BTC,True,True,-1.998548049460001,-0.0001884546
2023-12-05 16:00:00+00:00,42266.8,42712.6,42307.0,44028.0,0.0001,1.0,8.0,0.0,-0.0001344626,8.0,8.0,0.434,BTC,True,True,9.506490905576879,0.0002344626
2023-12-06 00:00:00+00:00,44081.7,44155.4,44043.0,43650.0,0.0001,1.0,8.0,0.0,-4.0795899999999993e-05,8.0,8.0,0.375,BTC,True,True,-8.78300918761729,0.0001407959
2023-12-06 08:00:00+00:00,43697.1,43831.1,43668.0,43774.0,0.0001,1.0,8.0,0.0,-7.21803e-05,8.0,8.0,0.418,BTC,True,True,-6.661699254318492,0.00017218030000000002
2023-12-06 16:00:00+00:00,43795.3,43873.3,43774.0,43796.0,0.0001,1.0,8.0,0.0,0.0001,8.0,8.0,0.386,BTC,True,True,-4.864718667401598,0.0
2023-12-07 00:00:00+00:00,43775.1,43840.2,43784.0,43895.0,0.0001,1.0,8.0,0.0,0.00010722370000000001,8.0,8.0,0.351,BTC,True,True,2.032912634015774,-7.223700000000003e-06
2023-12-07 08:00:00+00:00,43899.4,43602.8,43896.0,43686.0,0.0001,1.0,8.0,0.0,0.000245928,8.0,8.0,0.42,BTC,True,True,-0.7745280508320137,-0.00014592800000000003
2023-12-07 16:00:00+00:00,43680.0,43711.0,43677.0,43303.0,0.0001,1.0,8.0,0.0,0.0001,8.0,8.0,0.397,BTC,True,True,-0.6868367735108465,0.0
2023-12-08 00:00:00+00:00,43296.0,43425.1,43284.0,43184.0,0.00023288,1.0,8.0,0.0,0.0001139862,8.0,8.0,0.369,BTC,True,True,-2.772002789752528,0.0001188938
2023-12-08 08:00:00+00:00,43184.6,43242.9,43168.0,43792.0,0.00020242,1.0,8.0,0.0,0.00046812570000000003,8.0,8.0,0.391,BTC,True,True,-3.8447018860998137,-0.0002657057
2023-12-08 16:00:00+00:00,43778.6,43842.6,43800.0,44204.0,0.00011504,1.0,8.0,0.0,0.0004862936,8.0,8.0,0.296,BTC,True,True,4.887038711720351,-0.0003712536
2023-12-09 00:00:00+00:00,44209.6,44207.4,44206.0,44222.0,0.00030159,1.0,8.0,0.0,0.0004592631,8.0,8.0,0.446,BTC,True,True,-0.8143359321183035,-0.00015767309999999997
2023-12-09 08:00:00+00:00,44220.7,43861.7,44222.0,44078.0,0.00017192,1.0,8.0,0.0,0.00010888110000000001,8.0,8.0,0.354,BTC,True,True,0.29397564753102134,6.303889999999998e-05
2023-12-09 16:00:00+00:00,44088.0,44052.1,44059.0,43729.0,0.00020724,1.0,8.0,0.0,0.0001872269,8.0,8.0,0.364,BTC,True,True,-6.579917874982669,2.0013099999999993e-05
2023-12-10 00:00:00+00:00,43734.2,43800.0,43722.0,44005.0,0.00020383,1.0,8.0,0.0,0.0001,8.0,8.0,0.36,BTC,True,True,-2.7899680249389798,0.00010383
2023-12-10 08:00:00+00:00,43995.8,43799.8,43983.0,43942.0,0.00023923,1.0,8.0,0.0,0.000216027,8.0,8.0,0.409,BTC,True,True,-2.909791924944724,2.3202999999999988e-05
2023-12-10 16:00:00+00:00,43945.3,43856.9,43935.0,43823.0,0.0001473,1.0,8.0,0.0,0.0003262868,8.0,8.0,0.411,BTC,True,True,-2.344097607124175,-0.0001789868
2023-12-11 00:00:00+00:00,43810.1,43642.3,43819.0,42168.0,0.0001,1.0,8.0,0.0,0.0005749567,8.0,8.0,0.376,BTC,True,True,2.0312886998969995,-0.0004749567
2023-12-11 08:00:00+00:00,42128.1,42246.5,42169.0,41834.0,0.0001,1.0,8.0,0.0,0.000848829,8.0,8.0,0.402,BTC,True,True,9.703774675380101,-0.0007488289999999999
2023-12-11 16:00:00+00:00,41824.6,41831.1,41842.0,41299.0,0.0001,1.0,8.0,0.0,0.00071968,8.0,8.0,0.45,BTC,True,True,4.159365924003104,-0.00061968
2023-12-12 00:00:00+00:00,41271.1,41735.4,41283.0,41952.0,0.0001,1.0,8.0,0.0,0.0005992861999999999,8.0,8.0,0.381,BTC,True,True,2.8829579832925365,-0.0004992861999999999
2023-12-12 08:00:00+00:00,41930.0,42049.5,41947.0,41385.0,0.0001,1.0,8.0,0.0,0.0002340844,8.0,8.0,0.373,BTC,True,True,4.053554665231283,-0.0001340844
2023-12-12 16:00:00+00:00,41376.7,41372.1,41386.0,41549.0,0.00011909,1.0,8.0,0.0,0.0005589767999999999,8.0,8.0,0.453,BTC,True,True,2.247389231899963,-0.00043988679999999996
2023-12-13 00:00:00+00:00,41514.9,41432.6,41546.0,41152.0,0.00010162,1.0,8.0,0.0,0.0004410776,8.0,8.0,0.416,BTC,True,True,7.488481693151605,-0.0003394576
2023-12-13 08:00:00+00:00,41146.3,41291.8,41154.0,41978.0,0.00012601,1.0,8.0,0.001,0.0002954032,8.0,8.0,0.416,BTC,True,True,1.8711961007350058,-0.00016939319999999998
2023-12-13 16:00:00+00:00,41960.0,41894.0,41977.0,42891.0,0.0001,1.0,8.0,0.0,0.0001261729,8.0,8.0,0.434,BTC,True,True,4.050657095785587,-2.61729e-05
2023-12-14 00:00:00+00:00,42875.0,42792.9,42895.0,42888.0,0.0001,1.0,8.0,0.0,0.0001,8.0,8.0,0.43,BTC,True,True,4.663635388246366,0.0
2023-12-14 08:00:00+00:00,42910.2,42766.9,42900.0,42473.0,0.0001,1.0,8.0,0.0,0.0001,8.0,8.0,0.31,BTC,True,True,-2.3773397680086954,0.0
2023-12-14 16:00:00+00:00,42454.1,42598.0,42472.0,43065.0,0.0001,1.0,8.0,0.0,0.0001339652,8.0,8.0,0.37,BTC,True,True,4.215429712437413,-3.3965200000000005e-05
2023-12-15 00:00:00+00:00,43032.3,42902.1,43067.0,42712.0,0.0001,1.0,8.0,0.0,0.0002270027,8.0,8.0,0.345,BTC,True,True,8.060460858273968,-0.0001270027
2023-12-15 08:00:00+00:00,42724.8,42882.8,42722.0,41947.0,0.0001,1.0,8.0,0.0,0.0002244217,8.0,8.0,0.369,BTC,True,True,-0.6553785515679883,-0.00012442170000000002
2023-12-15 16:00:00+00:00,41930.4,41818.5,41941.0,41965.0,0.0001,1.0,8.0,0.0,0.0001068313,8.0,8.0,0.444,BTC,True,True,2.5276792938809143,-6.831299999999997e-06
2023-12-16 00:00:00+00:00,41968.0,41934.2,41966.0,42240.0,0.0001,1.0,8.0,0.0,0.000101066,8.0,8.0,0.399,BTC,True,True,-0.4765649201469407,-1.0659999999999928e-06
2023-12-16 08:00:00+00:00,42243.0,42198.6,42239.0,42577.0,0.0001,1.0,8.0,0.001,0.0001,8.0,8.0,0.134,BTC,True,True,-0.9469472794179588,0.0
2023-12-16 16:00:00+00:00,42631.6,42616.5,42615.0,42251.0,0.0001,1.0,8.0,0.0,9.18636e-05,8.0,8.0,0.403,BTC,True,True,-3.8945835282152363,8.136400000000006e-06
2023-12-17 00:00:00+00:00,42287.4,42161.2,42247.0,41878.0,0.0001,1.0,8.0,0.0,9.597510000000001e-05,8.0,8.0,0.316,BTC,True,True,-9.558239740457859,4.024899999999996e-06
2023-12-17 08:00:00+00:00,41894.6,41918.7,41874.0,41811.0,0.0001,1.0,8.0,0.0,0.0001,8.0,8.0,0.353,BTC,True,True,-4.91831077880217,0.0
2023-12-17 16:00:00+00:00,41828.5,42143.0,41805.0,41362.0,0.00013355,1.0,8.0,0.0,0.0001,8.0,8.0,250.61,BTC,True,True,-5.619757780907327,3.354999999999999e-05
2023-12-18 00:00:00+00:00,41396.6,41390.6,41370.0,41153.0,0.0001,1.0,8.0,0.001,0.00013352870000000002,8.0,8.0,0.387,BTC,True,True,-6.427713815917158,-3.352870000000002e-05
2023-12-18 08:00:00+00:00,41160.0,41218.6,41157.0,41297.0,0.00015611,1.0,8.0,0.0,0.0001642799,8.0,8.0,0.372,BTC,True,True,-0.7288895371136497,-8.169900000000018e-06
2023-12-18 16:00:00+00:00,41288.0,41514.1,41308.0,42692.0,0.0001,1.0,8.0,0.0,0.0001838178,8.0,8.0,0.352,BTC,True,True,4.842849627315663,-8.381779999999999e-05
2023-12-19 00:00:00+00:00,42671.8,42733.9,42692.0,43070.0,0.0001,1.0,8.0,0.0,0.00034589960000000003,8.0,8.0,0.41,BTC,True,True,4.732685371794094,-0.00024589960000000004
2023-12-19 08:00:00+00:00,43062.1,43112.9,43074.0,42542.0,0.0001,1.0,8.0,0.0,0.0002989223,8.0,8.0,0.433,BTC,True,True,2.763069160482485,-0.00019892230000000002
2023-12-19 16:00:00+00:00,42512.9,42363.8,42519.0,42322.0,0.00010506,1.0,8.0,0.0,0.0004040281,8.0,8.0,0.433,BTC,True,True,1.4347556647477153,-0.00029896809999999997
2023-12-20 00:00:00+00:00,42298.2,42443.0,42314.0,42982.0,0.0001,1.0,8.0,0.0,0.0004256942,8.0,8.0,0.453,BTC,True,True,3.734686057957065,-0.00032569420000000003
2023-12-20 08:00:00+00:00,42950.0,42807.0,42976.0,44047.0,0.00023637,1.0,8.0,0.0,0.0005154314,8.0,8.0,0.38,BTC,True,True,6.051719105626759,-0.00027906140000000007
2023-12-20 16:00:00+00:00,44078.9,43725.9,44084.0,43700.0,0.00027143,1.0,8.0,0.0,0.00030400290000000003,8.0,8.0,0.181,BTC,True,True,1.1569492395752938,-3.257290000000001e-05
2023-12-21 00:00:00+00:00,43708.9,43622.4,43706.0,43833.0,0.00029216,1.0,8.0,0.0,0.0006471604,8.0,8.0,0.39,BTC,True,True,-0.6635024466224977,-0.00035500039999999993
2023-12-21 08:00:00+00:00,43794.9,43709.9,43820.0,43870.0,0.00028948,1.0,8.0,0.0,0.0005813284,8.0,8.0,0.445,BTC,True,True,5.729619205560623,-0.0002918484
2023-12-21 16:00:00+00:00,43857.7,43713.2,43871.0,43934.0,0.00030806,1.0,8.0,0.0,0.0006378111,8.0,8.0,0.422,BTC,True,True,3.0320750454290875,-0.0003297511
2023-12-22 00:00:00+00:00,43896.4,43866.8,43930.0,43634.0,0.0002961,1.0,8.0,0.0,0.0006655623000000001,8.0,8.0,0.377,BTC,True,True,7.651458249285498,-0.0003694623000000001
2023-12-22 08:00:00+00:00,43614.0,43638.4,43633.0,43734.0,0.00018011,1.0,8.0,0.0,0.0004560387,8.0,8.0,0.432,BTC,True,True,4.355450686065741,-0.00027592869999999996
2023-12-22 16:00:00+00:00,43699.9,43587.1,43725.0,44026.0,0.00016285,1.0,8.0,0.0,0.000641051,8.0,8.0,0.293,BTC,True,True,5.742071352589321,-0.00047820100000000004
2023-12-23 00:00:00+00:00,43999.2,43843.0,44029.0,43620.0,0.0001,1.0,8.0,0.001,0.0005675374,8.0,8.0,0.273,BTC,True,True,6.770557875401308,-0.00046753740000000005
2023-12-23 08:00:00+00:00,43582.1,43646.1,43610.0,43810.0,0.00015066,1.0,8.0,0.0,0.0006443511,8.0,8.0,0.389,BTC,True,True,6.399662573150587,-0.0004936910999999999
2023-12-23 16:00:00+00:00,43782.0,43817.9,43812.0,43749.0,0.0001,1.0,8.0,0.0,0.0004460439,8.0,8.0,0.294,BTC,True,True,6.849784499620226,-0.0003460439
2023-12-24 00:00:00+00:00,43725.2,43749.3,43747.0,43737.0,0.0002079,1.0,8.0,0.0,0.0007155502,8.0,8.0,0.357,BTC,True,True,4.984440874095244,-0.0005076502
2023-12-24 08:00:00+00:00,43678.7,43659.8,43737.0,43711.0,0.00019729,1.0,8.0,0.0,0.0006765129,8.0,8.0,0.297,BTC,True,True,13.338567018012457,-0.00047922289999999994
2023-12-24 16:00:00+00:00,43707.1,43690.2,43718.0,43020.0,0.0001,1.0,8.0,0.0,0.0004493433,8.0,8.0,0.369,BTC,True,True,2.493563074329561,-0.0003493433
2023-12-25 00:00:00+00:00,43008.4,42946.9,43000.0,43256.0,0.0001,1.0,8.0,0.0,0.0005131597,8.0,8.0,0.317,BTC,True,True,-1.9532975910979675,-0.00041315970000000004
2023-12-25 08:00:00+00:00,43233.3,43144.3,43258.0,43690.0,0.00037908,1.0,8.0,0.0,0.0004935049,8.0,8.0,0.427,BTC,True,True,5.711557271415669,-0.00011442489999999994
2023-12-25 16:00:00+00:00,43661.0,43546.6,43687.0,43656.0,0.00043391,1.0,8.0,0.0,0.00089523,8.0,8.0,0.325,BTC,True,True,5.9531988752765725,-0.00046132
2023-12-26 00:00:00+00:00,43611.9,43491.2,43646.0,42814.0,0.00023757,1.0,8.0,0.0,0.0005248772,8.0,8.0,0.381,BTC,True,True,7.8159116219697005,-0.00028730720000000006
2023-12-26 08:00:00+00:00,42798.7,42736.5,42786.0,42441.0,0.00029559,1.0,8.0,0.0,0.0005373542,8.0,8.0,0.355,BTC,True,True,-2.967820204595769,-0.00024176420000000007
2023-12-26 16:00:00+00:00,42423.1,42367.4,42449.0,42582.0,0.00027621,1.0,8.0,0.0,0.0008960927,8.0,8.0,0.136,BTC,True,True,6.103301509915951,-0.0006198827
2023-12-27 00:00:00+00:00,42538.6,42395.7,42577.0,42528.0,0.00037942,1.0,8.0,0.0,0.0008006252,8.0,8.0,0.446,BTC,True,True,9.02302341880447,-0.0004212052
2023-12-27 08:00:00+00:00,42496.0,42753.6,42519.0,43038.0,0.00032304,1.0,8.0,0.0,0.0008058981,8.0,8.0,0.433,BTC,True,True,5.410809989093908,-0.0004828581
2023-12-27 16:00:00+00:00,43010.0,43120.0,43032.0,43454.0,0.00013021,1.0,8.0,0.0,0.00035445159999999997,8.0,8.0,0.433,BTC,True,True,5.11378175296574,-0.00022424159999999998
2023-12-28 00:00:00+00:00,43453.8,43600.0,43448.0,43069.0,0.00037879,1.0,8.0,0.0,0.0001884931,8.0,8.0,0.45,BTC,True,True,-1.334840016804392,0.0001902969
2023-12-28 08:00:00+00:00,43087.3,42968.7,43082.0,42488.0,0.00050152,1.0,8.0,0.0,0.0003174328,8.0,8.0,0.448,BTC,True,True,-1.2301364886764328,0.0001840872
2023-12-28 16:00:00+00:00,42485.9,42506.9,42491.0,42620.0,0.0005517,1.0,8.0,0.001,0.0007556991,8.0,8.0,0.32,BTC,True,True,1.2003262077394536,-0.0002039991
2023-12-29 00:00:00+00:00,42600.1,42449.4,42617.0,42333.0,0.00049912,1.0,8.0,0.0,0.000615585,8.0,8.0,0.361,BTC,True,True,3.9663401410192045,-0.00011646499999999995
2023-12-29 08:00:00+00:00,42314.5,42518.2,42318.0,42339.0,0.00047082,1.0,8.0,0.0,0.0009975655,8.0,8.0,0.43,BTC,True,True,0.8271054268737754,-0.0005267454999999999
2023-12-29 16:00:00+00:00,42301.6,42002.9,42350.0,42132.0,0.00033033,1.0,8.0,0.001,0.0005314271,8.0,8.0,0.34,BTC,True,True,11.435107020790205,-0.00020109710000000005
2023-12-30 00:00:00+00:00,42095.1,42131.4,42129.0,41995.0,0.0004358,1.0,8.0,0.0,0.0003436833,8.0,8.0,0.371,BTC,True,True,8.049952882999099,9.211670000000002e-05
2023-12-30 08:00:00+00:00,41987.1,41613.4,41987.0,42399.0,0.00037842,1.0,8.0,0.0,0.0001653577,8.0,8.0,0.43,BTC,True,True,-0.023816867343141604,0.00021306230000000002
2023-12-30 16:00:00+00:00,42410.4,42440.1,42401.0,42184.0,0.00027855,1.0,8.0,0.0,0.0003701963,8.0,8.0,0.212,BTC,True,True,-2.216683143655648,-9.164629999999996e-05
2023-12-31 00:00:00+00:00,42174.3,42395.1,42184.0,42559.0,0.00034573,1.0,8.0,0.001,0.00035715599999999997,8.0,8.0,0.407,BTC,True,True,2.2997144425022973,-1.1425999999999982e-05
2023-12-31 08:00:00+00:00,42567.0,42515.0,42564.0,42492.0,0.00033597,1.0,8.0,0.0,0.0001473198,8.0,8.0,0.405,BTC,True,True,-0.7047961380090789,0.0001886502
2023-12-31 16:00:00+00:00,42489.6,42630.0,42491.0,42315.0,0.00037409,1.0,8.0,0.0,0.0003843005,8.0,8.0,0.437,BTC,True,True,0.3294869652911964,-1.0210500000000034e-05
2024-01-01 00:00:00+00:00,42314.0,42503.5,42327.0,42535.0,0.00027213,1.0,8.0,0.0,0.000449699,8.0,8.0,0.41,BTC,True,True,3.07179738004516,-0.00017756900000000003
2024-01-01 08:00:00+00:00,42527.1,42588.2,42542.0,42847.0,0.00033601,1.0,8.0,0.0,0.0006171945,8.0,8.0,0.367,BTC,True,True,3.503034627700275,-0.00028118450000000003
2024-01-01 16:00:00+00:00,42818.0,42759.7,42839.0,44241.0,0.00065846,1.0,8.0,0.0,0.0007716535,8.0,8.0,0.419,BTC,True,True,4.903277121715145,-0.00011319349999999999
2024-01-02 00:00:00+00:00,44230.3,45179.8,44247.0,45530.0,0.00035179,1.0,8.0,0.0,0.0011756202,8.0,8.0,0.376,BTC,True,True,3.7749796158599396,-0.0008238301999999999
2024-01-02 08:00:00+00:00,45495.6,45816.8,45530.0,45235.0,0.0005373,1.0,8.0,0.0,0.0008657447999999999,8.0,8.0,0.37,BTC,True,True,7.5583136255458285,-0.00032844479999999995
2024-01-02 16:00:00+00:00,45215.0,45393.4,45231.0,44971.0,0.00021159,1.0,8.0,0.0,0.0001825999,8.0,8.0,0.369,BTC,True,True,3.538022724476946,2.8990099999999985e-05
2024-01-03 00:00:00+00:00,44979.7,45168.1,44987.0,45088.0,0.00017123,1.0,8.0,0.0,0.0005556536,8.0,8.0,0.401,BTC,True,True,1.6228226701708535,-0.00038442360000000004
2024-01-03 08:00:00+00:00,45030.5,45224.1,45074.0,43029.0,0.0001,1.0,8.0,0.0,0.0007906496,8.0,8.0,0.386,BTC,True,True,9.655456360005466,-0.0006906496
2024-01-03 16:00:00+00:00,43014.0,43009.2,43055.0,42887.0,0.0001,1.0,8.0,0.0,0.0006835824,8.0,8.0,0.335,BTC,True,True,9.527240493384372,-0.0005835823999999999
2024-01-04 00:00:00+00:00,42849.5,42883.4,42882.0,42798.0,0.0001,1.0,8.0,0.0,0.0005199569,8.0,8.0,0.417,BTC,True,True,7.581811016219405,-0.0004199569
2024-01-04 08:00:00+00:00,42775.1,42858.7,42800.0,44114.0,0.0001,1.0,8.0,0.0,0.0006221311,8.0,8.0,0.434,BTC,True,True,5.819449980829447,-0.0005221310999999999
2024-01-04 16:00:00+00:00,44050.4,43913.1,44117.0,44208.0,0.0001,1.0,8.0,0.001,0.0007287870000000001,8.0,8.0,0.362,BTC,True,True,15.107627687181628,-0.000628787
2024-01-05 00:00:00+00:00,44143.8,44207.5,44208.0,43807.0,0.0001,1.0,8.0,0.0,0.0007011753,8.0,8.0,0.228,BTC,True,True,14.53281343432467,-0.0006011752999999999
2024-01-05 08:00:00+00:00,43769.6,43911.6,43802.0,43530.0,0.0001,1.0,8.0,0.0,0.0001904965,8.0,8.0,0.336,BTC,True,True,7.399659587898721,-9.049649999999999e-05
2024-01-05 16:00:00+00:00,43495.1,43220.8,43529.0,44186.0,0.0001,1.0,8.0,0.0,0.000151696,8.0,8.0,0.39,BTC,True,True,7.790945660969608,-5.169599999999999e-05
2024-01-06 00:00:00+00:00,44145.3,44066.0,44179.0,43693.0,0.0001,1.0,8.0,0.0,0.0001967232,8.0,8.0,0.388,BTC,True,True,7.630969424118647,-9.67232e-05
2024-01-06 08:00:00+00:00,43645.4,43696.1,43689.0,43903.0,0.0001,1.0,8.0,0.0,0.0001374597,8.0,8.0,0.315,BTC,True,True,9.9846117044735,-3.74597e-05
2024-01-06 16:00:00+00:00,43863.6,43865.4,43901.0,44009.0,0.0001,1.0,8.0,0.0,0.00027538810000000003,8.0,8.0,0.417,BTC,True,True,8.52279900184994,-0.00017538810000000004
2024-01-07 00:00:00+00:00,43956.6,44119.0,43994.0,44119.0,0.0001,1.0,8.0,0.001,0.0002410714,8.0,8.0,0.344,BTC,True,True,8.504774783646242,-0.00014107140000000002
2024-01-07 08:00:00+00:00,44071.6,44009.9,44120.0,44102.0,0.0001,1.0,8.0,0.001,0.0003969043,8.0,8.0,0.391,BTC,True,True,10.97610313434592,-0.0002969043
2024-01-07 16:00:00+00:00,44034.9,43910.7,44086.0,43976.0,0.0001,1.0,8.0,0.0,0.0005019254,8.0,8.0,0.357,BTC,True,True,11.597704001603338,-0.0004019254
2024-01-08 00:00:00+00:00,43916.9,43621.8,43974.0,44035.0,0.0001,1.0,8.0,0.0,0.0005638423,8.0,8.0,0.411,BTC,True,True,12.993383395413483,-0.00046384230000000006
2024-01-08 08:00:00+00:00,43969.9,43857.0,44036.0,45188.0,0.0001,1.0,8.0,0.0,0.0006932156,8.0,8.0,0.372,BTC,True,True,15.021722959409425,-0.0005932156
2024-01-08 16:00:00+00:00,44969.7,44939.2,45123.0,47035.0,0.0001,1.0,8.0,0.001,0.0008513978,8.0,8.0,0.351,BTC,True,True,34.03164694898068,-0.0007513978
2024-01-09 00:00:00+00:00,46972.6,46682.4,47031.0,46901.0,0.0001,1.0,8.0,0.0,0.0007592031,8.0,8.0,0.43,BTC,True,True,12.425057660188381,-0.0006592031
2024-01-09 08:00:00+00:00,46841.0,46552.2,46891.0,46937.0,0.0001,1.0,8.0,0.0,0.0007793588999999999,8.0,8.0,0.278,BTC,True,True,10.668716071898464,-0.0006793588999999999
2024-01-09 16:00:00+00:00,46868.9,46901.2,46937.0,46163.0,0.0001,1.0,8.0,0.0,0.0005849873,8.0,8.0,0.439,BTC,True,True,14.519345150687153,-0.00048498730000000003
2024-01-10 00:00:00+00:00,46113.9,45863.9,46165.0,45816.0,0.0001,1.0,8.0,0.0,0.0006246404,8.0,8.0,0.327,BTC,True,True,11.075122313595699,-0.0005246404
2024-01-10 08:00:00+00:00,45766.3,45328.2,45815.0,45569.0,0.0001,1.0,8.0,0.0,0.0004461861,8.0,8.0,0.33,BTC,True,True,10.635359967680891,-0.0003461861
2024-01-10 16:00:00+00:00,45569.4,45317.9,45587.0,46679.0,0.0001,1.0,8.0,0.0,0.0011038592,8.0,8.0,0.163,BTC,True,True,3.8614952364725665,-0.0010038592
2024-01-11 00:00:00+00:00,46663.0,46676.0,46680.0,46150.0,0.0001,1.0,8.0,0.0,0.0003002013,8.0,8.0,0.445,BTC,True,True,3.642479926284309,-0.0002002013
2024-01-11 08:00:00+00:00,46096.1,46272.0,46150.0,46803.0,0.0001,1.0,8.0,0.0,0.0007357537,8.0,8.0,0.401,BTC,True,True,11.686132234116014,-0.0006357537
2024-01-11 16:00:00+00:00,46813.4,46038.0,46803.0,46370.0,0.0001,1.0,8.0,0.001,0.0001631409,8.0,8.0,0.393,BTC,True,True,-2.2218329358496187,-6.314089999999999e-05
2024-01-12 00:00:00+00:00,46337.9,46298.9,46354.0,46054.0,0.0001,1.0,8.0,0.0,0.0002098879,8.0,8.0,0.363,BTC,True,True,3.473874235378078,-0.0001098879
2024-01-12 08:00:00+00:00,46002.6,45862.3,46043.0,44496.0,0.0001,1.0,8.0,0.0,0.0001653529,8.0,8.0,0.394,BTC,True,True,8.778258296818034,-6.535289999999999e-05
2024-01-12 16:00:00+00:00,44495.1,43661.2,44466.0,42784.0,0.0001,1.0,8.0,0.0,0.0002496203,8.0,8.0,0.344,BTC,True,True,-6.542185525562376,-0.0001496203
2024-01-13 00:00:00+00:00,42789.0,42803.0,42765.0,43093.0,0.0001,1.0,8.0,0.0,7.22079e-05,8.0,8.0,0.327,BTC,True,True,-5.610491766498572,2.77921e-05
2024-01-13 08:00:00+00:00,43102.1,43171.0,43098.0,43220.0,0.0001,1.0,8.0,0.001,0.00016332,8.0,8.0,0.439,BTC,True,True,-0.9512749992382326,-6.332e-05
2024-01-13 16:00:00+00:00,43159.9,42899.1,43196.0,42897.0,0.0001,1.0,8.0,0.0,0.000361376,8.0,8.0,0.301,BTC,True,True,8.360749434117892,-0.000261376
2024-01-14 00:00:00+00:00,42846.4,42691.2,42892.0,43034.0,0.0001,1.0,8.0,0.0,0.0002633432,8.0,8.0,0.376,BTC,True,True,10.637008458181832,-0.0001633432
2024-01-14 08:00:00+00:00,43012.8,42999.0,43034.0,42936.0,0.0001,1.0,8.0,0.001,0.0001469617,8.0,8.0,0.395,BTC,True,True,4.927551153315113,-4.6961699999999995e-05
2024-01-14 16:00:00+00:00,42908.4,42933.0,42936.0,41786.0,0.0001,1.0,8.0,0.0,0.00020659160000000002,8.0,8.0,0.446,BTC,True,True,6.430239118918642,-0.00010659160000000001
2024-01-15 00:00:00+00:00,41734.9,42287.2,41779.0,42727.0,0.0001,1.0,8.0,0.0,0.0002374678,8.0,8.0,0.427,BTC,True,True,10.561117155105356,-0.0001374678
2024-01-15 08:00:00+00:00,42713.1,42683.5,42738.0,42262.0,0.0001,1.0,8.0,0.0,0.0001026175,8.0,8.0,0.366,BTC,True,True,5.827894715168393,-2.6175e-06
2024-01-15 16:00:00+00:00,42278.7,42525.0,42265.0,42498.0,0.0001,1.0,8.0,0.0,1.2780400000000002e-05,8.0,8.0,0.41,BTC,True,True,-3.240927501377948,8.721960000000001e-05
2024-01-16 00:00:00+00:00,42515.0,42604.7,42491.0,42757.0,0.0001,1.0,8.0,0.0,7.46807e-05,8.0,8.0,0.442,BTC,True,True,-5.646660385783521,2.53193e-05
2024-01-16 08:00:00+00:00,42788.5,43021.5,42762.0,43260.0,0.0001,1.0,8.0,0.001,4.54289e-05,8.0,8.0,0.383,BTC,True,True,-6.195171471250545,5.4571100000000003e-05
2024-01-16 16:00:00+00:00,43251.0,43249.8,43260.0,43140.0,0.0001,1.0,8.0,0.0,0.0001,8.0,8.0,0.378,BTC,True,True,2.08066027036254,0.0
2024-01-17 00:00:00+00:00,43133.0,43089.4,43141.0,42673.0,0.0001,1.0,8.0,0.0,0.0001,8.0,8.0,0.442,BTC,True,True,1.8545564186026944,0.0
2024-01-17 08:00:00+00:00,42654.0,42725.6,42673.0,42521.0,0.0001,1.0,8.0,0.0,0.0001,8.0,8.0,0.43,BTC,True,True,4.453455603507113,0.0
2024-01-17 16:00:00+00:00,42478.2,42358.5,42511.0,42815.0,0.0001,1.0,8.0,0.001,0.0001631903,8.0,8.0,0.438,BTC,True,True,7.718628161801278,-6.31903e-05
2024-01-18 00:00:00+00:00,42783.3,42671.1,42811.0,42949.0,0.0001,1.0,8.0,0.0,0.00017317329999999998,8.0,8.0,0.409,BTC,True,True,6.472393831598033,-7.317329999999998e-05
2024-01-18 08:00:00+00:00,42918.3,42749.5,42949.0,42623.0,0.0001,1.0,8.0,0.0,0.0001528396,8.0,8.0,0.268,BTC,True,True,7.150568681695352,-5.28396e-05
2024-01-18 16:00:00+00:00,42619.0,41953.9,42623.0,41343.0,0.0001,1.0,8.0,0.0,0.00020187379999999998,8.0,8.0,0.422,BTC,True,True,0.9385044937782356,-0.00010187379999999998
2024-01-19 00:00:00+00:00,41323.2,41287.0,41348.0,41271.0,0.0001,1.0,8.0,0.0,0.0001,8.0,8.0,0.248,BTC,True,True,5.999671165756519,0.0
2024-01-19 08:00:00+00:00,41281.9,41285.4,41268.0,40880.0,0.0001,1.0,8.0,0.002,0.0001,8.0,8.0,0.446,BTC,True,True,-3.3676600774488477,0.0
2024-01-19 16:00:00+00:00,40897.1,40408.6,40881.0,41673.0,0.0001,1.0,8.0,0.0,0.0001,8.0,8.0,0.365,BTC,True,True,-3.9374845363268034,0.0
2024-01-20 00:00:00+00:00,41662.1,41490.9,41673.0,41666.0,0.0001,1.0,8.0,0.003,0.0001,8.0,8.0,0.403,BTC,True,True,2.6159445568936923,0.0
2024-01-20 08:00:00+00:00,41652.4,41590.1,41667.0,41569.0,0.0001,1.0,8.0,0.0,0.0001,8.0,8.0,0.467,BTC,True,True,3.5045860026440794,0.0
2024-01-20 16:00:00+00:00,41570.2,41566.8,41570.0,41668.0,0.0001,1.0,8.0,0.0,7.51276e-05,8.0,8.0,0.391,BTC,True,True,-0.048111503219602655,2.4872400000000003e-05
2024-01-21 00:00:00+00:00,41691.8,41644.7,41674.0,41636.0,0.0001,1.0,8.0,0.0,9.63439e-05,8.0,8.0,0.435,BTC,True,True,-4.27033634188151,3.6561000000000005e-06
2024-01-21 08:00:00+00:00,41648.5,41663.3,41646.0,41649.0,0.0001,1.0,8.0,0.0,0.0001,8.0,8.0,0.451,BTC,True,True,-0.6002797305348989,0.0
2024-01-21 16:00:00+00:00,41652.7,41601.5,41647.0,41583.0,0.0001,1.0,8.0,0.0,0.0001,8.0,8.0,0.334,BTC,True,True,-1.368552349862978,0.0
2024-01-22 00:00:00+00:00,41579.9,41652.7,41580.0,41019.0,0.0001,1.0,8.0,0.0,4.8308100000000006e-05,8.0,8.0,0.351,BTC,True,True,0.02405005297016098,5.16919e-05
2024-01-22 08:00:00+00:00,41042.7,40957.3,41022.0,40749.0,0.0001,1.0,8.0,0.0,-2.1609999999999985e-06,8.0,8.0,0.453,BTC,True,True,-5.044800124538179,0.000102161
2024-01-22 16:00:00+00:00,40775.0,40524.1,40756.0,39577.0,0.0001,1.0,8.0,0.0,0.0001,8.0,8.0,0.427,BTC,True,True,-4.660803950386927,0.0
2024-01-23 00:00:00+00:00,39567.1,39869.2,39579.0,39779.0,0.0001,1.0,8.0,0.0,0.0002183289,8.0,8.0,0.385,BTC,True,True,3.0070970242812733,-0.0001183289
2024-01-23 08:00:00+00:00,39773.9,39460.7,39774.0,39225.0,0.0001,1.0,8.0,0.0,0.00010041540000000001,8.0,8.0,0.401,BTC,True,True,0.02514208420303821,-4.1540000000000283e-07
2024-01-23 16:00:00+00:00,39197.5,39312.8,39232.0,39921.0,0.0001,1.0,8.0,0.0,0.0002967094,8.0,8.0,0.332,BTC,True,True,8.797710612777106,-0.00019670940000000002
2024-01-24 00:00:00+00:00,39889.9,40166.9,39920.0,40003.0,0.0001,1.0,8.0,0.0,0.0001305078,8.0,8.0,0.459,BTC,True,True,7.542924230486462,-3.05078e-05
2024-01-24 08:00:00+00:00,39979.5,39948.6,40004.0,40110.0,0.0001,1.0,8.0,0.0,0.0002399004,8.0,8.0,0.428,BTC,True,True,6.126263733460376,-0.0001399004
2024-01-24 16:00:00+00:00,40046.7,40186.0,40109.0,40120.0,0.0001,1.0,8.0,0.0,0.0004221902,8.0,8.0,0.41,BTC,True,True,15.544749168207975,-0.0003221902
2024-01-25 00:00:00+00:00,40078.8,40160.4,40118.0,40152.0,0.0001,1.0,8.0,0.001,0.0001310919,8.0,8.0,0.269,BTC,True,True,9.775951938712494,-3.1091899999999986e-05
2024-01-25 08:00:00+00:00,40119.6,40069.3,40147.0,39833.0,0.0001,1.0,8.0,0.0,0.0001,8.0,8.0,0.341,BTC,True,True,6.827248460577705,0.0
2024-01-25 16:00:00+00:00,39793.6,39700.0,39829.0,39988.0,0.0001,1.0,8.0,0.001,0.000124827,8.0,8.0,0.431,BTC,True,True,8.89194834945672,-2.4826999999999984e-05
2024-01-26 00:00:00+00:00,39953.3,39889.9,39990.0,39978.0,0.0001,1.0,8.0,0.0,0.0001,8.0,8.0,0.365,BTC,True,True,9.181508038365997,0.0
2024-01-26 08:00:00+00:00,39956.0,40118.3,39977.0,41385.0,0.0001,1.0,8.0,0.0,0.00010022960000000001,8.0,8.0,0.409,BTC,True,True,5.25440068135782,-2.29600000000002e-07
2024-01-26 16:00:00+00:00,41399.8,41944.3,41386.0,41797.0,8.966e-05,1.0,8.0,0.0,-8.53702e-05,8.0,8.0,0.445,BTC,True,True,-3.3339051208845225,0.00017503020000000002
2024-01-27 00:00:00+00:00,41806.4,41772.8,41798.0,41679.0,0.0001,1.0,8.0,0.0,7.10935e-05,8.0,8.0,0.408,BTC,True,True,-2.00946362350918,2.8906500000000005e-05
2024-01-27 08:00:00+00:00,41699.0,41455.4,41678.0,41801.0,8.3e-05,1.0,8.0,0.0,9.08252e-05,8.0,8.0,0.382,BTC,True,True,-5.037360529657743,-7.825200000000001e-06
2024-01-27 16:00:00+00:00,41797.5,41789.2,41802.0,42095.0,0.0001,1.0,8.0,0.0,5.7179400000000003e-05,8.0,8.0,0.334,BTC,True,True,1.0765614637280492,4.28206e-05
2024-01-28 00:00:00+00:00,42102.2,41976.3,42093.0,42345.0,4.725e-05,1.0,8.0,0.0,-3.5271399999999996e-05,8.0,8.0,0.36,BTC,True,True,-2.185397751086634,8.25214e-05
2024-01-28 08:00:00+00:00,42370.0,42475.1,42349.0,42236.0,0.0001,1.0,8.0,0.0,-6.13043e-05,8.0,8.0,0.412,BTC,True,True,-4.957565700753118,0.00016130430000000002
2024-01-28 16:00:00+00:00,42244.5,42293.1,42236.0,42013.0,0.0001,1.0,8.0,0.0,8.794260000000001e-05,8.0,8.0,0.422,BTC,True,True,-2.012298702938742,1.2057399999999997e-05
2024-01-29 00:00:00+00:00,42021.2,41952.1,42013.0,42044.0,9.142e-05,1.0,8.0,0.001,8.24782e-05,8.0,8.0,0.298,BTC,True,True,-1.9515863841206667,8.941799999999996e-06
2024-01-29 08:00:00+00:00,42040.0,42107.2,42037.0,42641.0,0.0001,1.0,8.0,0.0,9.574090000000001e-05,8.0,8.0,0.433,BTC,True,True,-0.7136315523325174,4.2590999999999945e-06
2024-01-29 16:00:00+00:00,42623.1,43182.5,42633.0,43240.0,0.0001,1.0,8.0,0.0,-0.00023795360000000002,8.0,8.0,0.413,BTC,True,True,2.3224144769691604,0.00033795360000000004
2024-01-30 00:00:00+00:00,43287.6,43146.0,43241.0,43336.0,9.492e-05,1.0,8.0,0.0,-0.0002005988,8.0,8.0,0.43,BTC,True,True,-10.771006234985986,0.0002955188
2024-01-30 08:00:00+00:00,43346.7,43411.6,43337.0,43344.0,5.149e-05,1.0,8.0,0.001,-4.0101e-05,8.0,8.0,0.293,BTC,True,True,-2.2380216904637362,9.1591e-05
2024-01-30 16:00:00+00:00,43355.4,43488.8,43345.0,42912.0,2.154e-05,1.0,8.0,0.0,-5.51338e-05,8.0,8.0,0.431,BTC,True,True,-2.3990662211205125,7.66738e-05
2024-01-31 00:00:00+00:00,42918.3,42913.0,42911.0,43013.0,0.0001,1.0,8.0,0.0,-0.0001261578,8.0,8.0,0.426,BTC,True,True,-1.7010508107616022,0.0002261578
2024-01-31 08:00:00+00:00,43031.5,42964.5,43012.0,43341.0,0.0001,1.0,8.0,0.0,-7.93461e-05,8.0,8.0,0.38,BTC,True,True,-4.5325911507195515,0.00017934610000000002
2024-01-31 16:00:00+00:00,43341.9,43459.7,43331.0,42562.0,0.0001,1.0,8.0,0.0,-1.0481999999999979e-06,8.0,8.0,0.422,BTC,True,True,-2.5152037274541685,0.0001010482
2024-02-01 00:00:00+00:00,42560.5,42460.2,42559.0,42175.0,0.0001,1.0,8.0,0.0,-3.56605e-05,8.0,8.0,0.408,BTC,True,True,-0.35244567934658194,0.00013566050000000002
2024-02-01 08:00:00+00:00,42182.3,42236.0,42179.0,42505.0,0.0001,1.0,8.0,0.002,7.973750000000001e-05,8.0,8.0,0.447,BTC,True,True,-0.7823492529594185,2.0262499999999998e-05
2024-02-01 16:00:00+00:00,42500.0,42641.9,42505.0,43084.0,0.0001,1.0,8.0,0.0,0.0001,8.0,8.0,0.429,BTC,True,True,1.176401389510605,0.0
2024-02-02 00:00:00+00:00,43072.6,43156.1,43084.0,43102.0,0.0001,1.0,8.0,0.0,0.0001,8.0,8.0,0.445,BTC,True,True,2.6463439983769774,0.0
2024-02-02 08:00:00+00:00,43076.0,43003.7,43102.0,43235.0,0.0001,1.0,8.0,0.0,9.37372e-05,8.0,8.0,0.391,BTC,True,True,6.03402278745647,6.262800000000004e-06
2024-02-02 16:00:00+00:00,43222.9,43193.5,43233.0,43181.0,7.627e-05,1.0,8.0,0.0,9.816720000000001e-05,8.0,8.0,0.427,BTC,True,True,2.3364513112343457,-2.189720000000001e-05
2024-02-03 00:00:00+00:00,43182.0,43213.4,43180.0,43036.0,9.042e-05,1.0,8.0,0.0,4.46094e-05,8.0,8.0,0.324,BTC,True,True,-0.4631666706093035,4.5810600000000005e-05
2024-02-03 08:00:00+00:00,43037.1,43004.2,43036.0,43088.0,8.028e-05,1.0,8.0,0.001,3.94413e-05,8.0,8.0,0.386,BTC,True,True,-0.25559669630999005,4.08387e-05
2024-02-03 16:00:00+00:00,43097.5,43074.4,43089.0,42978.0,8.307e-05,1.0,8.0,0.0,-0.0001646402,8.0,8.0,0.429,BTC,True,True,-1.9724666920134135,0.0002477102
2024-02-04 00:00:00+00:00,42992.4,42997.0,42979.0,42830.0,8.846e-05,1.0,8.0,0.004,7.295270000000001e-05,8.0,8.0,0.437,BTC,True,True,-3.117315783741027,1.5507299999999993e-05
2024-02-04 08:00:00+00:00,42822.8,42781.6,42831.0,42933.0,0.0001,1.0,8.0,0.0,9.300500000000001e-05,8.0,8.0,0.464,BTC,True,True,1.9146844681846205,6.9949999999999966e-06
2024-02-04 16:00:00+00:00,42926.7,42903.9,42933.0,42563.0,0.0001,1.0,8.0,0.0,8.21094e-05,8.0,8.0,0.429,BTC,True,True,1.4675103712949755,1.7890600000000008e-05
2024-02-05 00:00:00+00:00,42570.3,42339.2,42562.0,43053.0,0.0001,1.0,8.0,0.0,5.2963e-05,8.0,8.0,0.278,BTC,True,True,-1.9499062109918126,4.7037000000000004e-05
2024-02-05 08:00:00+00:00,43058.9,43023.5,43053.0,42637.0,0.0001,1.0,8.0,0.0,0.0001,8.0,8.0,0.298,BTC,True,True,-1.3703100289822276,0.0
2024-02-05 16:00:00+00:00,42629.7,42727.5,42638.0,42737.0,0.0001,1.0,8.0,0.0,0.00010593930000000001,8.0,8.0,0.397,BTC,True,True,1.9468098767107203,-5.939300000000006e-06
2024-02-06 00:00:00+00:00,42692.9,42592.4,42737.0,42876.0,6.723e-05,1.0,8.0,0.001,0.00010050010000000001,8.0,8.0,0.352,BTC,True,True,10.32425507162868,-3.3270100000000005e-05
2024-02-06 08:00:00+00:00,42870.0,43058.5,42875.0,43246.0,0.0001,1.0,8.0,0.0,9.94734e-05,8.0,8.0,0.357,BTC,True,True,1.1662487621820976,5.266000000000027e-07
2024-02-06 16:00:00+00:00,43232.0,43144.2,43246.0,43089.0,7.527e-05,1.0,8.0,0.0,-2.6019999999999626e-07,8.0,8.0,0.434,BTC,True,True,3.237817739149177,7.55302e-05
2024-02-07 00:00:00+00:00,43079.1,43078.9,43090.0,42929.0,5.373e-05,1.0,8.0,0.0,0.0001,8.0,8.0,0.41,BTC,True,True,2.5299092268903185,-4.627e-05
2024-02-07 08:00:00+00:00,42904.9,42929.9,42928.0,43068.0,8.306e-05,1.0,8.0,0.0,0.0001,8.0,8.0,0.436,BTC,True,True,5.38255157584158,-1.694000000000001e-05
2024-02-07 16:00:00+00:00,43057.7,43224.9,43068.0,44377.0,0.0001,1.0,8.0,0.0,0.00010784190000000001,8.0,8.0,0.297,BTC,True,True,2.3918528497558458,-7.841900000000004e-06
2024-02-08 00:00:00+00:00,44326.3,44656.7,44376.0,44517.0,6.535e-05,1.0,8.0,0.0,0.0001,8.0,8.0,0.372,BTC,True,True,11.206024015361866,-3.465e-05
2024-02-08 08:00:00+00:00,44500.8,44695.5,44517.0,45501.0,2.59e-05,1.0,8.0,0.0,0.0002015543,8.0,8.0,0.438,BTC,True,True,3.639721534083352,-0.0001756543
2024-02-08 16:00:00+00:00,45406.4,45045.0,45500.0,45352.0,3.16e-05,1.0,8.0,0.0,0.0007115105999999999,8.0,8.0,0.438,BTC,True,True,20.592616818255216,-0.0006799105999999999
2024-02-09 00:00:00+00:00,45269.2,45264.9,45351.0,46270.0,0.0001,1.0,8.0,0.0,0.0004044274,8.0,8.0,0.395,BTC,True,True,18.053374902545205,-0.0003044274
2024-02-09 08:00:00+00:00,46185.1,46632.2,46269.0,47195.0,9.801e-05,1.0,8.0,0.001,0.000546107,8.0,8.0,0.388,BTC,True,True,18.149551622045887,-0.000448097
2024-02-09 16:00:00+00:00,47137.0,47254.4,47195.0,47166.0,8.041e-05,1.0,8.0,0.001,0.0002303447,8.0,8.0,0.421,BTC,True,True,12.29699514666975,-0.0001499347
2024-02-10 00:00:00+00:00,47116.1,47073.6,47166.0,47170.0,0.0001,1.0,8.0,0.0,0.0004655329,8.0,8.0,0.36,BTC,True,True,10.585255241306402,-0.0003655329
2024-02-10 08:00:00+00:00,47130.6,47074.7,47169.0,47399.0,0.0001,1.0,8.0,0.0,0.0002791079,8.0,8.0,0.453,BTC,True,True,8.144255568957565,-0.0001791079
2024-02-10 16:00:00+00:00,47331.9,47239.4,47403.0,47777.0,0.0001,1.0,8.0,0.0,0.00011714450000000001,8.0,8.0,0.391,BTC,True,True,15.01031052960988,-1.7144500000000005e-05
2024-02-11 00:00:00+00:00,47732.6,47721.6,47777.0,48216.0,0.0001,1.0,8.0,0.001,0.0001432318,8.0,8.0,0.456,BTC,True,True,9.297495371859041,-4.323180000000001e-05
2024-02-11 08:00:00+00:00,48169.5,48128.5,48215.0,48178.0,0.0001,1.0,8.0,0.0,0.0001853666,8.0,8.0,0.303,BTC,True,True,9.441352785948855,-8.53666e-05
2024-02-11 16:00:00+00:00,48140.7,48099.6,48178.0,48311.0,0.0001,1.0,8.0,0.0,0.00021819669999999998,8.0,8.0,0.405,BTC,True,True,7.745121531872487,-0.00011819669999999997
2024-02-12 00:00:00+00:00,48303.4,48612.9,48310.0,48240.0,0.0001,1.0,8.0,0.0,0.0002670257,8.0,8.0,0.396,BTC,True,True,1.366270105444125,-0.00016702570000000003
2024-02-12 08:00:00+00:00,48213.0,48113.9,48239.0,50008.0,0.0001,1.0,8.0,0.0,0.0002580775,8.0,8.0,0.461,BTC,True,True,5.391282841157073,-0.00015807750000000002
2024-02-12 16:00:00+00:00,49925.5,49594.5,50007.0,49946.0,0.0001,1.0,8.0,0.0,0.0010833822,8.0,8.0,0.444,BTC,True,True,16.311013547979073,-0.0009833822
2024-02-13 00:00:00+00:00,49943.6,50125.0,49945.0,50037.0,0.0001,1.0,8.0,0.0,0.0005229702000000001,8.0,8.0,0.361,BTC,True,True,0.2803122678851525,-0.00042297020000000007
2024-02-13 08:00:00+00:00,50019.8,50151.6,50037.0,48778.0,0.0001,1.0,8.0,0.0,0.00025634940000000004,8.0,8.0,0.422,BTC,True,True,3.4380472230618015,-0.00015634940000000005
2024-02-13 16:00:00+00:00,48753.2,48497.6,48777.0,49734.0,0.0001,1.0,8.0,0.0,0.0003165881,8.0,8.0,0.438,BTC,True,True,4.880539663083071,-0.00021658810000000001
2024-02-14 00:00:00+00:00,49696.4,49486.2,49734.0,49914.0,0.0001,1.0,8.0,0.0,0.0003401286,8.0,8.0,0.342,BTC,True,True,7.563079660199081,-0.00024012860000000003
2024-02-14 08:00:00+00:00,49844.9,50801.7,49914.0,51625.0,0.00012283,1.0,8.0,0.0,0.0006381293,8.0,8.0,0.452,BTC,True,True,13.853402764305027,-0.0005152993
2024-02-14 16:00:00+00:00,51616.5,51603.7,51628.0,51853.0,0.0001,1.0,8.0,0.0,0.000198786,8.0,8.0,0.432,BTC,True,True,2.227721582760255,-9.8786e-05
2024-02-15 00:00:00+00:00,51823.1,52355.2,51853.0,51822.0,0.0001,1.0,8.0,0.0,0.0004220424,8.0,8.0,0.435,BTC,True,True,5.767964039728954,-0.0003220424
2024-02-15 08:00:00+00:00,51802.5,51960.1,51821.0,51980.0,0.0001,1.0,8.0,0.0,0.0003030665,8.0,8.0,0.409,BTC,True,True,3.5706186717404287,-0.00020306650000000002
2024-02-15 16:00:00+00:00,51968.6,52295.3,51978.0,51919.0,0.0001,1.0,8.0,0.0,0.00012396370000000001,8.0,8.0,0.409,BTC,True,True,1.808620969926245,-2.396370000000001e-05
2024-02-16 00:00:00+00:00,51898.4,51935.9,51918.0,51771.0,0.0001,1.0,8.0,0.0,0.000136803,8.0,8.0,0.391,BTC,True,True,3.7758967239984713,-3.6803000000000007e-05
2024-02-16 08:00:00+00:00,51786.4,51883.9,51773.0,51912.0,0.0001,1.0,8.0,0.0,0.0001375683,8.0,8.0,0.398,BTC,True,True,-2.5878867731534343,-3.7568299999999984e-05
2024-02-16 16:00:00+00:00,51909.2,52066.3,51912.0,52165.0,0.0001,1.0,8.0,0.0,0.00011741510000000001,8.0,8.0,0.438,BTC,True,True,0.5393888725398288,-1.7415100000000002e-05
2024-02-17 00:00:00+00:00,52148.7,52030.5,52164.0,51963.0,0.0001,1.0,8.0,0.0,0.0004255848,8.0,8.0,0.462,BTC,True,True,2.933487506262752,-0.0003255848
2024-02-17 08:00:00+00:00,51933.9,51764.2,51963.0,51030.0,0.00016041,1.0,8.0,0.0,0.00019408499999999998,8.0,8.0,0.437,BTC,True,True,5.601707223399204,-3.367499999999999e-05
2024-02-17 16:00:00+00:00,51013.4,50980.8,51029.0,51683.0,0.0001724,1.0,8.0,0.0,0.0001984284,8.0,8.0,0.418,BTC,True,True,3.0575525706036824,-2.6028400000000017e-05
2024-02-18 00:00:00+00:00,51679.5,51710.4,51682.0,51720.0,0.00015305,1.0,8.0,0.0,0.0002858965,8.0,8.0,0.438,BTC,True,True,0.4837391099178593,-0.0001328465
2024-02-18 08:00:00+00:00,51703.7,51818.3,51720.0,51813.0,0.00017095,1.0,8.0,0.0,0.0001479057,8.0,8.0,0.393,BTC,True,True,3.1520821890849082,2.30443e-05
2024-02-18 16:00:00+00:00,51809.0,51873.0,51812.0,52193.0,0.00023064,1.0,8.0,0.0,0.0002139347,8.0,8.0,0.426,BTC,True,True,0.5790332077151752,1.670529999999999e-05
2024-02-19 00:00:00+00:00,52175.9,52220.0,52193.0,52440.0,0.00019594,1.0,8.0,0.0,0.00023264169999999998,8.0,8.0,0.427,BTC,True,True,3.2768382445362194,-3.670169999999998e-05
2024-02-19 08:00:00+00:00,52424.0,52121.5,52439.0,52163.0,0.00013327,1.0,8.0,0.0,0.00014686620000000001,8.0,8.0,0.444,BTC,True,True,2.860875638177002,-1.359620000000001e-05
2024-02-19 16:00:00+00:00,52157.5,51809.1,52162.0,51821.0,0.00010461,1.0,8.0,0.0,0.0001541186,8.0,8.0,0.433,BTC,True,True,0.8627341969228923,-4.95086e-05
2024-02-20 00:00:00+00:00,51813.7,51670.3,51821.0,51864.0,0.00010912,1.0,8.0,0.0,0.00013061,8.0,8.0,0.424,BTC,True,True,1.408794547014431,-2.149e-05
2024-02-20 08:00:00+00:00,51869.2,51810.6,51864.0,51701.0,0.00020259,1.0,8.0,0.0,0.0001787647,8.0,8.0,0.408,BTC,True,True,-1.0025719835794502,2.382529999999999e-05
2024-02-20 16:00:00+00:00,51712.7,51429.0,51701.0,52314.0,0.0001,1.0,8.0,0.0,0.0002087973,8.0,8.0,0.421,BTC,True,True,-2.262756298230387,-0.0001087973
2024-02-21 00:00:00+00:00,52297.3,52205.5,52315.0,51566.0,0.00011242,1.0,8.0,0.0,0.0001930956,8.0,8.0,0.447,BTC,True,True,3.3839233376763302,-8.06756e-05
2024-02-21 08:00:00+00:00,51599.9,51701.4,51565.0,51162.0,0.0001,1.0,8.0,0.0,0.0001,8.0,8.0,0.349,BTC,True,True,-6.7658673311078985,0.0
2024-02-21 16:00:00+00:00,51183.6,51371.6,51160.0,51909.0,0.0001,1.0,8.0,0.001,0.00014969050000000002,8.0,8.0,0.392,BTC,True,True,-4.611915238139993,-4.9690500000000015e-05
2024-02-22 00:00:00+00:00,51877.9,51568.4,51910.0,51866.0,0.0001348,1.0,8.0,0.001,0.00011542830000000001,8.0,8.0,0.407,BTC,True,True,6.18569236366231,1.9371699999999983e-05
2024-02-22 08:00:00+00:00,51860.6,51913.5,51867.0,51607.0,0.00012557,1.0,8.0,0.0,0.0001,8.0,8.0,0.266,BTC,True,True,1.2340013666807046,2.557e-05
2024-02-22 16:00:00+00:00,51630.0,51511.4,51607.0,51292.0,0.0001,1.0,8.0,0.0,0.0001,8.0,8.0,0.338,BTC,True,True,-4.4557669015043455,0.0
2024-02-23 00:00:00+00:00,51316.9,51482.5,51292.0,50959.0,0.0001,1.0,8.0,0.0,0.000123884,8.0,8.0,0.42,BTC,True,True,-4.853380260148213,-2.388399999999999e-05
2024-02-23 08:00:00+00:00,50952.3,51000.0,50959.0,50932.0,0.00012991,1.0,8.0,0.0,0.00016826,8.0,8.0,0.443,BTC,True,True,1.3148689124081516,-3.8349999999999983e-05
2024-02-23 16:00:00+00:00,50938.2,51086.1,50932.0,50771.0,0.0001,1.0,8.0,0.0,0.0001,8.0,8.0,0.389,BTC,True,True,-1.2172352675568692,0.0
2024-02-24 00:00:00+00:00,50771.9,50917.2,50772.0,51079.0,0.0001,1.0,8.0,0.001,0.0001,8.0,8.0,0.372,BTC,True,True,0.01969591477159681,0.0
2024-02-24 08:00:00+00:00,51099.8,51015.5,51079.0,51126.0,0.0001,1.0,8.0,0.0,0.0001,8.0,8.0,0.284,BTC,True,True,-4.07129468878343,0.0
2024-02-24 16:00:00+00:00,51124.7,51245.0,51126.0,51630.0,0.00011438,1.0,8.0,0.001,0.00035944950000000003,8.0,8.0,0.422,BTC,True,True,0.2542769878483241,-0.00024506950000000006
2024-02-25 00:00:00+00:00,51602.1,51517.6,51630.0,51759.0,0.00015012,1.0,8.0,0.0,0.00017718360000000002,8.0,8.0,0.401,BTC,True,True,5.405295577499951,-2.706360000000001e-05
2024-02-25 08:00:00+00:00,51756.9,51633.6,51759.0,51530.0,0.00015062,1.0,8.0,0.0,0.0001,8.0,8.0,0.415,BTC,True,True,0.4057347712363899,5.0619999999999986e-05
2024-02-25 16:00:00+00:00,51547.9,51400.4,51530.0,51766.0,0.00026761,1.0,8.0,0.0,0.0001415434,8.0,8.0,0.456,BTC,True,True,-3.4731014465631955,0.0001260666
2024-02-26 00:00:00+00:00,51764.9,51722.0,51766.0,51333.0,0.00021567,1.0,8.0,0.0,0.0001509639,8.0,8.0,0.457,BTC,True,True,0.2124969453635772,6.47061e-05
2024-02-26 08:00:00+00:00,51327.5,51287.0,51332.0,52894.0,0.00027227,1.0,8.0,0.0,0.0002388671,8.0,8.0,0.411,BTC,True,True,0.8766845743220804,3.340290000000001e-05
2024-02-26 16:00:00+00:00,52872.2,53438.9,52893.0,54522.0,0.00032262,1.0,8.0,0.0,0.00040654549999999997,8.0,8.0,0.432,BTC,True,True,3.933240852030643,-8.392549999999995e-05
2024-02-27 00:00:00+00:00,54511.7,54599.1,54522.0,56098.0,0.00073521,1.0,8.0,0.0,0.0006164473,8.0,8.0,0.438,BTC,True,True,1.8893241320135168,0.00011876270000000003
2024-02-27 08:00:00+00:00,56100.1,56294.3,56097.0,56818.0,0.00022965,1.0,8.0,0.0,0.0005081567,8.0,8.0,0.431,BTC,True,True,-0.5525989532327279,-0.0002785067
2024-02-27 16:00:00+00:00,56775.1,57084.1,56822.0,57130.0,0.00026729,1.0,8.0,0.0,0.0004649071,8.0,8.0,0.371,BTC,True,True,8.257253515237963,-0.0001976171
2024-02-28 00:00:00+00:00,57074.5,57059.0,57147.0,58354.0,0.00023682,1.0,8.0,0.0,0.0012786815,8.0,8.0,0.384,BTC,True,True,12.694634501625872,-0.0010418615
2024-02-28 08:00:00+00:00,58299.9,59503.7,58370.0,61068.0,0.00053538,1.0,8.0,0.0,0.0015115701,8.0,8.0,0.413,BTC,True,True,12.016811265902602,-0.0009761901000000001
2024-02-28 16:00:00+00:00,61000.0,62530.3,61068.0,62574.0,0.00069091,1.0,8.0,0.0,0.0013287364,8.0,8.0,0.427,BTC,True,True,11.141332213847287,-0.0006378264
2024-02-29 00:00:00+00:00,62487.9,61455.9,62575.0,62816.0,0.00076337,1.0,8.0,0.0,0.001010693,8.0,8.0,0.421,BTC,True,True,13.92899318381306,-0.00024732300000000003
2024-02-29 08:00:00+00:00,62761.6,62879.1,62818.0,62840.0,0.00057031,1.0,8.0,0.0,0.0008656814,8.0,8.0,0.426,BTC,True,True,8.982351240501753,-0.00029537140000000003
2024-02-29 16:00:00+00:00,62809.1,62235.4,62834.0,61201.0,0.00053322,1.0,8.0,0.0,0.000878038,8.0,8.0,0.39,BTC,True,True,3.963608081301264,-0.000344818
2024-03-01 00:00:00+00:00,61203.3,61575.3,61194.0,61487.0,0.00064824,1.0,8.0,0.0,0.0006052739,8.0,8.0,0.426,BTC,True,True,-1.519641367562692,4.29661e-05
2024-03-01 08:00:00+00:00,61485.9,61980.0,61487.0,61346.0,0.0004601,1.0,8.0,0.0,0.0006402539,8.0,8.0,0.425,BTC,True,True,0.17890120506732515,-0.0001801539
2024-03-01 16:00:00+00:00,61335.4,61490.0,61345.0,62445.0,0.00033426,1.0,8.0,0.0,0.0006232306,8.0,8.0,0.45,BTC,True,True,1.5650421778197232,-0.0002889706
2024-03-02 00:00:00+00:00,62430.6,62371.1,62442.0,62106.0,0.00057174,1.0,8.0,0.001,0.0006188323,8.0,8.0,0.388,BTC,True,True,1.8258609225193259,-4.709229999999998e-05
2024-03-02 08:00:00+00:00,62071.9,62026.8,62105.0,61823.0,0.00056396,1.0,8.0,0.0,0.0005317231,8.0,8.0,0.444,BTC,True,True,5.33110438156119,3.223689999999992e-05
2024-03-02 16:00:00+00:00,61834.5,61932.9,61822.0,62079.0,0.00046267,1.0,8.0,0.0,0.0007043814,8.0,8.0,0.29,BTC,True,True,-2.0217295560809814,-0.00024171140000000006
2024-03-03 00:00:00+00:00,62039.9,61799.0,62075.0,61701.0,0.00042989,1.0,8.0,0.0,0.0010232019,8.0,8.0,0.394,BTC,True,True,5.656049505051865,-0.0005933118999999999
2024-03-03 08:00:00+00:00,61641.0,61662.3,61700.0,62228.0,0.00044598,1.0,8.0,0.0,0.000936861,8.0,8.0,0.406,BTC,True,True,9.566973593546516,-0.000490881
2024-03-03 16:00:00+00:00,62210.8,62901.8,62227.0,63187.0,0.00055071,1.0,8.0,0.0,0.0008869115,8.0,8.0,0.453,BTC,True,True,2.6037104628211414,-0.0003362014999999999
2024-03-04 00:00:00+00:00,63178.5,63544.5,63197.0,64181.0,0.00046833,1.0,8.0,0.0,0.0008459108,8.0,8.0,0.361,BTC,True,True,2.9277827003103587,-0.00037758080000000003
2024-03-04 08:00:00+00:00,64120.6,65331.4,64174.0,66605.0,0.0006362,1.0,8.0,0.0,0.0013458282,8.0,8.0,0.417,BTC,True,True,8.32459091556497,-0.0007096282
2024-03-04 16:00:00+00:00,66505.4,66618.7,66601.0,68354.0,0.0004896,1.0,8.0,0.0,0.0009896569,8.0,8.0,0.351,BTC,True,True,14.36445076092777,-0.0005000569000000001
2024-03-05 00:00:00+00:00,68296.5,68114.3,68351.0,66422.0,0.00082969,1.0,8.0,0.0,0.0015136692,8.0,8.0,0.399,BTC,True,True,7.976728866576563,-0.0006839792000000001
2024-03-05 08:00:00+00:00,66223.8,66962.1,66383.0,66967.0,0.00088148,1.0,8.0,0.0,0.0022907945,8.0,8.0,0.403,BTC,True,True,24.01084657575346,-0.0014093144999999998
2024-03-05 16:00:00+00:00,66839.8,65621.9,67005.0,63930.0,0.0003628,1.0,8.0,0.0,0.0025368551,8.0,8.0,0.444,BTC,True,True,24.685319697027676,-0.0021740551
2024-03-06 00:00:00+00:00,63747.5,63475.5,63918.0,66915.0,0.00033876,1.0,8.0,0.001,0.0016767781,8.0,8.0,0.432,BTC,True,True,26.710442738095836,-0.0013380180999999999
2024-03-06 08:00:00+00:00,66759.3,67015.9,66906.0,66584.0,0.00049354,1.0,8.0,0.0,0.0011258991,8.0,8.0,0.446,BTC,True,True,21.950357931679545,-0.0006323590999999999
2024-03-06 16:00:00+00:00,66541.3,67162.2,66578.0,66178.0,0.00030311,1.0,8.0,0.0,0.0009813439999999999,8.0,8.0,0.385,BTC,True,True,5.513851249188995,-0.0006782339999999999
2024-03-07 00:00:00+00:00,66128.0,66255.5,66178.0,66515.0,0.00040984,1.0,8.0,0.0,0.0007619861,8.0,8.0,0.415,BTC,True,True,7.558236569813496,-0.0003521461
2024-03-07 08:00:00+00:00,66447.8,66728.7,66492.0,67345.0,0.00054217,1.0,8.0,0.0,0.0008085772000000001,8.0,8.0,0.403,BTC,True,True,6.6496266172627685,-0.00026640720000000004
2024-03-07 16:00:00+00:00,67317.2,67369.1,67343.0,66894.0,0.00034819,1.0,8.0,0.0,0.0006431519,8.0,8.0,0.429,BTC,True,True,3.831867220706792,-0.0002949619
2024-03-08 00:00:00+00:00,66870.0,67130.8,66894.0,67337.0,0.00043497,1.0,8.0,0.0,0.0007600757,8.0,8.0,0.382,BTC,True,True,3.5884094760229988,-0.00032510570000000003
2024-03-08 08:00:00+00:00,67308.5,67280.4,67337.0,67773.0,0.00062913,1.0,8.0,0.0,0.0010199703,8.0,8.0,0.378,BTC,True,True,4.2333387191734815,-0.00039084029999999993
2024-03-08 16:00:00+00:00,67685.8,67863.7,67762.0,68200.0,0.00019134,1.0,8.0,0.0,0.0008688828,8.0,8.0,0.436,BTC,True,True,11.251568211363983,-0.0006775428
2024-03-09 00:00:00+00:00,68180.2,68150.9,68201.0,68390.0,0.00031281,1.0,8.0,0.001,0.0006710014,8.0,8.0,0.438,BTC,True,True,3.0502738150519955,-0.0003581914
2024-03-09 08:00:00+00:00,68336.3,68366.9,68390.0,68367.0,0.00026407,1.0,8.0,0.0,0.0006183082,8.0,8.0,0.449,BTC,True,True,7.855109479477494,-0.0003542382
2024-03-09 16:00:00+00:00,68341.5,68160.0,68367.0,68407.0,0.0003101,1.0,8.0,0.0,0.0006779904,8.0,8.0,0.425,BTC,True,True,3.730565443369713,-0.0003678904
2024-03-10 00:00:00+00:00,68360.2,68399.9,68407.0,69450.0,0.00063451,1.0,8.0,0.0,0.0008073981,8.0,8.0,0.36,BTC,True,True,6.8437464284776395,-0.00017288809999999998
2024-03-10 08:00:00+00:00,69429.9,69734.7,69450.0,69281.0,0.00054479,1.0,8.0,0.0,0.0006377082,8.0,8.0,0.455,BTC,True,True,2.894587357903141,-9.291820000000006e-05
2024-03-10 16:00:00+00:00,69254.6,69503.4,69281.0,69003.0,0.00035489,1.0,8.0,0.0,0.0004945672,8.0,8.0,0.414,BTC,True,True,3.8112947602742953,-0.00013967719999999996
2024-03-11 00:00:00+00:00,69001.8,68149.9,69000.0,71203.0,0.00078428,1.0,8.0,0.0,0.0007283754,8.0,8.0,0.452,BTC,True,True,-0.2608661626301076,5.5904600000000054e-05
2024-03-11 08:00:00+00:00,71223.9,71315.0,71209.0,72084.0,0.00066396,1.0,8.0,0.0,0.0004259237,8.0,8.0,0.259,BTC,True,True,-2.092213253306419,0.0002380363
2024-03-11 16:00:00+00:00,72061.3,72570.0,72090.0,72153.0,0.0004447,1.0,8.0,0.0,0.0002561595,8.0,8.0,0.4,BTC,True,True,3.981927374809387,0.00018854050000000002
2024-03-12 00:00:00+00:00,72153.9,72068.4,72155.0,72214.0,0.000453,1.0,8.0,0.0,0.0006763749,8.0,8.0,0.436,BTC,True,True,0.15245074974932643,-0.00022337489999999996
2024-03-12 08:00:00+00:00,72175.6,71753.0,72203.0,71806.0,0.00047935,1.0,8.0,0.0,0.0007335049,8.0,8.0,0.394,BTC,True,True,3.795576398293531,-0.0002541549
2024-03-12 16:00:00+00:00,71779.2,70571.8,71816.0,71559.0,0.00033224,1.0,8.0,0.0,0.0008767069,8.0,8.0,0.426,BTC,True,True,5.125519628184198,-0.0005444669
2024-03-13 00:00:00+00:00,71503.3,71476.4,71558.0,72996.0,0.0006442,1.0,8.0,0.001,0.0011582171,8.0,8.0,0.421,BTC,True,True,7.647071942671595,-0.0005140171
2024-03-13 08:00:00+00:00,72964.1,73511.4,72998.0,72692.0,0.00045402,1.0,8.0,0.0,0.0007983382,8.0,8.0,0.393,BTC,True,True,4.645041501805115,-0.00034431819999999994
2024-03-13 16:00:00+00:00,72670.2,73058.8,72691.0,73137.0,0.00024393,1.0,8.0,0.001,0.0002190436,8.0,8.0,0.25,BTC,True,True,2.8618366031611826,2.4886400000000006e-05
2024-03-14 00:00:00+00:00,73127.6,72900.0,73138.0,73331.0,0.00038753,1.0,8.0,0.0,0.0006746661,8.0,8.0,0.404,BTC,True,True,1.4220705370941746,-0.0002871361
2024-03-14 08:00:00+00:00,73280.7,73384.6,73342.0,70970.0,0.00038258,1.0,8.0,0.0,0.0006093768000000001,8.0,8.0,0.421,BTC,True,True,8.361597975150984,-0.00022679680000000008
2024-03-14 16:00:00+00:00,70904.5,71412.0,70969.0,71493.0,0.00038515,1.0,8.0,0.0,0.0010285303999999999,8.0,8.0,0.428,BTC,True,True,9.092607772953393,-0.0006433803999999998
2024-03-15 00:00:00+00:00,71455.6,71971.0,71494.0,68547.0,0.00014328,1.0,8.0,0.0,0.0008477985,8.0,8.0,0.457,BTC,True,True,5.372523032402298,-0.0007045185000000001
2024-03-15 08:00:00+00:00,68487.4,67122.6,68547.0,68237.0,0.00015306,1.0,8.0,0.0,0.0005063792,8.0,8.0,0.422,BTC,True,True,8.698546315089676,-0.0003533192
2024-03-15 16:00:00+00:00,68199.2,67954.3,68256.0,69522.0,0.0001,1.0,8.0,0.0,0.0001977973,8.0,8.0,0.465,BTC,True,True,8.325077136017079,-9.77973e-05
2024-03-16 00:00:00+00:00,69552.1,69690.3,69543.0,69504.0,0.00023202,1.0,8.0,0.0,0.00020255609999999998,8.0,8.0,0.285,BTC,True,True,-1.308457309134677,2.9463900000000008e-05
2024-03-16 08:00:00+00:00,69490.2,69082.8,69503.0,68419.0,0.00020813,1.0,8.0,0.0,0.0001986383,8.0,8.0,0.315,BTC,True,True,1.841816727176991,9.491700000000003e-06
2024-03-16 16:00:00+00:00,68431.9,68235.5,68440.0,65358.0,0.00013089,1.0,8.0,0.0,0.00013080750000000002,8.0,8.0,0.351,BTC,True,True,1.1835884516045923,8.249999999997083e-08
2024-03-17 00:00:00+00:00,65351.0,65273.4,65360.0,65720.0,0.00017773,1.0,8.0,0.0,0.000382461,8.0,8.0,0.455,BTC,True,True,1.3770837977259511,-0.00020473100000000002
2024-03-17 08:00:00+00:00,65681.1,66559.3,65720.0,68054.0,0.00024827,1.0,8.0,0.0,0.00047566000000000004,8.0,8.0,0.446,BTC,True,True,5.920802966852645,-0.00022739000000000006
2024-03-17 16:00:00+00:00,68009.9,68066.6,68039.0,68454.0,0.00020181,1.0,8.0,0.0,0.0003000156,8.0,8.0,0.44,BTC,True,True,4.277873682740228,-9.820559999999999e-05
2024-03-18 00:00:00+00:00,68447.9,67360.8,68454.0,68277.0,0.00030597,1.0,8.0,0.0,0.0003409695,8.0,8.0,0.386,BTC,True,True,0.8911490642635623,-3.4999499999999976e-05
2024-03-18 08:00:00+00:00,68262.9,68086.6,68277.0,67522.0,0.00027195,1.0,8.0,0.001,0.0002154357,8.0,8.0,0.441,BTC,True,True,2.065330361326143,5.6514300000000016e-05
2024-03-18 16:00:00+00:00,67509.2,67180.0,67507.0,67648.0,0.00026923,1.0,8.0,0.0,0.0001192621,8.0,8.0,0.437,BTC,True,True,-0.3258868195363694,0.00014996790000000002
2024-03-19 00:00:00+00:00,67660.0,67146.9,67642.0,64768.0,0.00029065,1.0,8.0,0.0,0.0002219799,8.0,8.0,0.414,BTC,True,True,-2.6607145653710877,6.867009999999998e-05
2024-03-19 08:00:00+00:00,64742.1,63534.2,64769.0,64125.0,0.00024018,1.0,8.0,0.001,0.0005406022,8.0,8.0,0.409,BTC,True,True,4.154084149826315,-0.0003004222
2024-03-19 16:00:00+00:00,64084.1,65008.9,64140.0,62023.0,0.00015847,1.0,8.0,0.0,0.0002971477,8.0,8.0,0.416,BTC,True,True,8.719110298515572,-0.00013867770000000002
2024-03-20 00:00:00+00:00,61974.1,63283.5,62021.0,62925.0,0.00018388,1.0,8.0,0.004,0.0001943291,8.0,8.0,0.339,BTC,True,True,7.564815421996077,-1.0449100000000001e-05
2024-03-20 08:00:00+00:00,62995.1,62737.6,62912.0,63659.0,0.0001,1.0,8.0,0.0,6.34555e-05,8.0,8.0,0.399,BTC,True,True,-13.20021064205352,3.65445e-05
2024-03-20 16:00:00+00:00,63648.9,63139.8,63665.0,67902.0,0.00010403,1.0,8.0,0.0,0.0001073751,8.0,8.0,0.41,BTC,True,True,2.529181823165847,-3.345099999999996e-06
2024-03-21 00:00:00+00:00,67876.4,67696.2,67887.0,67006.0,0.00019304,1.0,8.0,0.0,0.0001693063,8.0,8.0,0.303,BTC,True,True,1.5615401531697422,2.3733700000000006e-05
2024-03-21 08:00:00+00:00,67031.8,67336.1,67008.0,66559.0,0.0001951,1.0,8.0,0.0,0.0001,8.0,8.0,0.337,BTC,True,True,-3.551184088624723,9.51e-05
2024-03-21 16:00:00+00:00,66601.6,66844.1,66585.0,65495.0,0.00016271,1.0,8.0,0.0,0.0001,8.0,8.0,0.419,BTC,True,True,-2.4927432768710966,6.270999999999999e-05
2024-03-22 00:00:00+00:00,65539.9,65843.8,65496.0,66231.0,0.0001,1.0,8.0,0.0,0.0001461613,8.0,8.0,0.278,BTC,True,True,-6.700454095777408,-4.61613e-05
2024-03-22 08:00:00+00:00,66223.3,65900.0,66233.0,63897.0,0.00011993,1.0,8.0,0.0,0.0001236317,8.0,8.0,0.345,BTC,True,True,1.4646339988866053,-3.701699999999992e-06
2024-03-22 16:00:00+00:00,63920.0,63312.0,63912.0,63832.0,0.0001,1.0,8.0,0.0,0.0001,8.0,8.0,0.408,BTC,True,True,-1.2516427827847811,0.0
2024-03-23 00:00:00+00:00,63826.1,63608.4,63845.0,64609.0,0.0001,1.0,8.0,0.0,0.0001,8.0,8.0,0.367,BTC,True,True,2.960732716810794,0.0
2024-03-23 08:00:00+00:00,64606.6,64572.9,64604.0,65119.0,0.00010806,1.0,8.0,0.0,0.0001,8.0,8.0,0.452,BTC,True,True,-0.4024437624076448,8.06e-06
2024-03-23 16:00:00+00:00,65147.4,65697.2,65119.0,64007.0,0.00010351,1.0,8.0,0.0,0.0001039079,8.0,8.0,0.441,BTC,True,True,-4.360295586575889,-3.9789999999999834e-07
2024-03-24 00:00:00+00:00,64020.4,64561.0,64003.0,64613.0,0.00014616,1.0,8.0,0.0,0.0001192988,8.0,8.0,0.46,BTC,True,True,-2.718253086098371,2.68612e-05
2024-03-24 08:00:00+00:00,64624.6,65295.3,64612.0,65730.0,0.00015884,1.0,8.0,0.0,0.0001345995,8.0,8.0,0.433,BTC,True,True,-1.9499120280048563,2.424049999999998e-05
2024-03-24 16:00:00+00:00,65718.6,65296.0,65730.0,67351.0,0.00025549,1.0,8.0,0.0,0.0006054824,8.0,8.0,0.416,BTC,True,True,1.7345182875406184,-0.0003499924
2024-03-25 00:00:00+00:00,67260.9,66633.6,67353.0,66865.0,0.00016324,1.0,8.0,0.001,0.0007808264999999999,8.0,8.0,0.454,BTC,True,True,13.683581616863172,-0.0006175865
2024-03-25 08:00:00+00:00,66866.5,66986.2,66859.0,69837.0,0.00028815,1.0,8.0,0.0,0.0004002747,8.0,8.0,0.384,BTC,True,True,-1.1217007987052259,-0.00011212470000000003
2024-03-25 16:00:00+00:00,69844.5,70214.7,69857.0,69952.0,0.00021963,1.0,8.0,0.0,0.0004653792,8.0,8.0,0.425,BTC,True,True,1.7895298237112571,-0.0002457492
2024-03-26 00:00:00+00:00,69920.6,69951.6,69946.0,70494.0,0.00018348,1.0,8.0,0.0,0.0004478639,8.0,8.0,0.43,BTC,True,True,3.6320322763573274,-0.00026438389999999996
2024-03-26 08:00:00+00:00,70535.0,70749.5,70537.0,70343.0,0.00026764,1.0,8.0,0.0,0.00026016069999999997,8.0,8.0,0.312,BTC,True,True,0.28354315528761903,7.479300000000008e-06
2024-03-26 16:00:00+00:00,70307.0,69799.4,70332.0,70045.0,0.00028757,1.0,8.0,0.0,0.0003553306,8.0,8.0,0.423,BTC,True,True,3.555201652930824,-6.776059999999998e-05
2024-03-27 00:00:00+00:00,70044.2,70665.0,70049.0,69795.0,0.00029551,1.0,8.0,0.001,0.0006589921,8.0,8.0,0.459,BTC,True,True,0.6852580998772889,-0.00036348209999999997
2024-03-27 08:00:00+00:00,69797.5,69604.0,69832.0,68977.0,0.00043631,1.0,8.0,0.0,0.0005442011,8.0,8.0,0.351,BTC,True,True,4.9416492506342635,-0.00010789110000000008
2024-03-27 16:00:00+00:00,68922.1,69304.9,68986.0,69546.0,0.00024195,1.0,8.0,0.0,0.0007688532,8.0,8.0,0.334,BTC,True,True,9.267041540417026,-0.0005269032
2024-03-28 00:00:00+00:00,69532.6,69747.1,69549.0,70461.0,0.00029899,1.0,8.0,0.0,0.00039092170000000004,8.0,8.0,0.213,BTC,True,True,2.3583277839785026,-9.193170000000003e-05
2024-03-28 08:00:00+00:00,70457.0,70624.9,70460.0,71380.0,0.0002943,1.0,8.0,0.0,0.0003246519,8.0,8.0,0.374,BTC,True,True,0.4257825529142793,-3.0351900000000003e-05
2024-03-28 16:00:00+00:00,71335.2,70749.1,71385.0,70922.0,0.0001825,1.0,8.0,0.0,0.0008189456,8.0,8.0,0.461,BTC,True,True,6.97869005524724,-0.0006364456
2024-03-29 00:00:00+00:00,70838.8,70793.7,70894.0,69878.0,0.00025456,1.0,8.0,0.0,0.0006830768,8.0,8.0,0.408,BTC,True,True,7.789305339480183,-0.0004285168
2024-03-29 08:00:00+00:00,69855.6,69998.9,69877.0,69320.0,0.0003017,1.0,8.0,0.0,0.0007960146,8.0,8.0,0.275,BTC,True,True,3.0629931980516036,-0.0004943146
2024-03-29 16:00:00+00:00,69240.4,69239.2,69321.0,69996.0,0.00019624,1.0,8.0,0.0,0.0010057868,8.0,8.0,0.409,BTC,True,True,11.633832956472327,-0.0008095468000000001
2024-03-30 00:00:00+00:00,69903.6,69985.0,69995.0,69900.0,0.00032267,1.0,8.0,0.0,0.0010859872000000001,8.0,8.0,0.38,BTC,True,True,13.066608672911672,-0.0007633172000000002
2024-03-30 08:00:00+00:00,69900.2,70027.9,69900.0,70077.0,0.0003436,1.0,8.0,0.0,0.0004112759,8.0,8.0,0.383,BTC,True,True,-0.02861226235740108,-6.767589999999999e-05
2024-03-30 16:00:00+00:00,70065.0,70240.1,70077.0,69675.0,0.00032351,1.0,8.0,0.0,0.0004567034,8.0,8.0,0.3,BTC,True,True,1.7125487047898322,-0.0001331934
2024-03-31 00:00:00+00:00,69642.0,69923.6,69672.0,70375.0,0.00039889,1.0,8.0,0.0,0.0004120406,8.0,8.0,0.343,BTC,True,True,4.30681775897759,-1.315060000000001e-05
2024-03-31 08:00:00+00:00,70367.5,70342.1,70375.0,70456.0,0.00040301,1.0,8.0,0.001,0.0009241230999999999,8.0,8.0,0.436,BTC,True,True,1.065776152492238,-0.0005211131
2024-03-31 16:00:00+00:00,70446.2,70544.7,70455.0,71412.0,0.00070161,1.0,8.0,0.0,0.0007632922,8.0,8.0,0.346,BTC,True,True,1.2491022094129296,-6.168220000000004e-05
2024-04-01 00:00:00+00:00,71363.0,71234.1,71403.0,69690.0,0.00033491,1.0,8.0,0.0,0.0006777975999999999,8.0,8.0,0.337,BTC,True,True,5.603575227528691,-0.00034288759999999993
2024-04-01 08:00:00+00:00,69637.0,69450.0,69687.0,68302.0,0.00027469,1.0,8.0,0.0,0.0005674792,8.0,8.0,0.439,BTC,True,True,7.177514591388839,-0.0002927892
2024-04-01 16:00:00+00:00,68280.9,68621.6,68300.0,69776.0,0.00010926,1.0,8.0,0.007,0.0006450928,8.0,8.0,0.46,BTC,True,True,2.7968771804127224,-0.0005358328
2024-04-02 00:00:00+00:00,69700.0,69404.3,69762.0,66543.0,0.0001,1.0,8.0,0.015,0.0002368332,8.0,8.0,0.41,BTC,True,True,8.891311480480057,-0.0001368332
2024-04-02 08:00:00+00:00,66503.4,66283.8,66544.0,64929.0,0.00016456,1.0,8.0,0.0,0.0002495739,8.0,8.0,0.428,BTC,True,True,6.103088261810118,-8.501389999999998e-05
2024-04-02 16:00:00+00:00,64928.2,65581.8,64925.0,65493.0,0.0001,1.0,8.0,0.0,0.0001402687,8.0,8.0,0.447,BTC,True,True,-0.49286424988238514,-4.0268699999999996e-05
2024-04-03 00:00:00+00:00,65502.4,65433.9,65494.0,66218.0,0.0001,1.0,8.0,0.0,0.0005027432,8.0,8.0,0.405,BTC,True,True,-1.2824779935200763,-0.0004027432
2024-04-03 08:00:00+00:00,66181.2,66544.5,66217.0,65865.0,0.0001,1.0,8.0,0.0,0.0001458493,8.0,8.0,0.454,BTC,True,True,5.4079286383803105,-4.5849299999999995e-05
2024-04-03 16:00:00+00:00,65873.9,66219.7,65865.0,65991.0,0.0001,1.0,8.0,0.0,0.0001021349,8.0,8.0,0.389,BTC,True,True,-1.3511574809766753,-2.134899999999999e-06
2024-04-04 00:00:00+00:00,65971.8,66297.5,65992.0,66118.0,0.0001,1.0,8.0,0.0,0.0001,8.0,8.0,0.351,BTC,True,True,3.0614456627903945,0.0
2024-04-04 08:00:00+00:00,66104.7,66236.6,66119.0,67700.0,0.0001,1.0,8.0,0.0,0.00014177,8.0,8.0,0.38,BTC,True,True,2.1630010438000586,-4.176999999999999e-05
2024-04-04 16:00:00+00:00,67631.7,67796.6,67709.0,68529.0,0.0001,1.0,8.0,0.0,0.00011154430000000001,8.0,8.0,0.385,BTC,True,True,11.423024767190716,-1.1544300000000004e-05
2024-04-05 00:00:00+00:00,68489.8,68601.7,68530.0,66954.0,0.0001,1.0,8.0,0.0,0.0001,8.0,8.0,0.433,BTC,True,True,5.867765265082256,0.0
2024-04-05 08:00:00+00:00,66937.4,67169.3,66960.0,68270.0,0.0001,1.0,8.0,0.0,0.0001133992,8.0,8.0,0.335,BTC,True,True,3.375719052740304,-1.3399199999999999e-05
2024-04-05 16:00:00+00:00,68200.0,67951.5,68270.0,67909.0,0.0001,1.0,8.0,0.0,0.0002870151,8.0,8.0,0.394,BTC,True,True,10.258665807724757,-0.0001870151
2024-04-06 00:00:00+00:00,67825.8,67905.6,67902.0,68047.0,0.0001,1.0,8.0,0.0,0.0004467677,8.0,8.0,0.413,BTC,True,True,11.228356756070536,-0.0003467677
2024-04-06 08:00:00+00:00,67985.1,68006.6,68047.0,68155.0,0.0001,1.0,8.0,0.0,0.00033265599999999997,8.0,8.0,0.405,BTC,True,True,9.100793749762131,-0.00023265599999999998
2024-04-06 16:00:00+00:00,68094.0,68129.8,68154.0,68922.0,0.0001,1.0,8.0,0.0,0.0001108771,8.0,8.0,0.433,BTC,True,True,8.80746930282654,-1.0877099999999991e-05
2024-04-07 00:00:00+00:00,68901.5,69010.0,68924.0,69403.0,0.0001,1.0,8.0,0.0,0.0001,8.0,8.0,0.428,BTC,True,True,3.2649981607004075,0.0
2024-04-07 08:00:00+00:00,69367.3,69498.4,69405.0,69618.0,0.0001,1.0,8.0,0.0,0.0002572483,8.0,8.0,0.405,BTC,True,True,5.433361114209152,-0.00015724830000000002
2024-04-07 16:00:00+00:00,69567.9,70108.0,69617.0,69435.0,0.0001,1.0,8.0,0.001,0.00023100589999999998,8.0,8.0,0.356,BTC,True,True,7.055363338517818,-0.0001310059
2024-04-08 00:00:00+00:00,69362.7,69350.1,69434.0,70726.0,0.0001,1.0,8.0,0.0,0.0001979044,8.0,8.0,0.436,BTC,True,True,10.27402038690461,-9.790439999999999e-05
2024-04-08 08:00:00+00:00,70745.4,72057.3,70742.0,71879.0,0.00035189,1.0,8.0,0.006,0.00019785830000000002,8.0,8.0,0.41,BTC,True,True,-0.4806081673207537,0.00015403169999999997
2024-04-08 16:00:00+00:00,71815.7,71786.0,71873.0,71718.0,0.00020915,1.0,8.0,0.0,0.0004451082,8.0,8.0,0.396,BTC,True,True,7.975575398395942,-0.00023595820000000002
2024-04-09 00:00:00+00:00,71678.3,71470.0,71716.0,70430.0,0.00020603,1.0,8.0,0.001,0.000478911,8.0,8.0,0.259,BTC,True,True,5.258228656038932,-0.000272881
2024-04-09 08:00:00+00:00,70444.1,70544.6,70430.0,69306.0,0.00019061,1.0,8.0,0.001,0.0001829361,8.0,8.0,0.428,BTC,True,True,-2.0017874182825044,7.673899999999988e-06
2024-04-09 16:00:00+00:00,69322.8,68662.7,69325.0,69183.0,0.00011929,1.0,8.0,0.0,0.0004989044,8.0,8.0,0.444,BTC,True,True,0.3173508703601193,-0.00037961440000000004
2024-04-10 00:00:00+00:00,69189.2,69182.9,69183.0,69418.0,0.00012457,1.0,8.0,0.001,0.0003174134,8.0,8.0,0.438,BTC,True,True,-0.8961337615709879,-0.00019284339999999997
2024-04-10 08:00:00+00:00,69381.6,69066.0,69417.0,68651.0,0.0001,1.0,8.0,0.0,0.0003392854,8.0,8.0,0.319,BTC,True,True,5.100916114075809,-0.00023928540000000002
2024-04-10 16:00:00+00:00,68688.0,69542.0,68642.0,70625.0,0.00013979,1.0,8.0,0.0,0.0001,8.0,8.0,0.369,BTC,True,True,-6.699191978499724,3.978999999999998e-05
2024-04-11 00:00:00+00:00,70681.8,70572.0,70627.0,70787.0,0.00020153,1.0,8.0,0.0,0.0001223703,8.0,8.0,0.32,BTC,True,True,-7.756063705466402,7.91597e-05
2024-04-11 08:00:00+00:00,70789.1,71099.8,70786.0,70091.0,0.00019763,1.0,8.0,0.0,0.000249319,8.0,8.0,0.307,BTC,True,True,-0.43793011631353407,-5.1689000000000026e-05
2024-04-11 16:00:00+00:00,70045.9,70062.0,70090.0,70074.0,0.00011258,1.0,8.0,0.0,0.0003269605,8.0,8.0,0.301,BTC,True,True,6.293890638412959,-0.00021438050000000003
2024-04-12 00:00:00+00:00,70055.6,70342.0,70075.0,70842.0,0.0002563,1.0,8.0,0.001,0.0002608813,8.0,8.0,0.199,BTC,True,True,2.768845651689088,-4.581300000000023e-06
2024-04-12 08:00:00+00:00,70825.9,70828.2,70842.0,69402.0,0.00012214,1.0,8.0,0.0,0.0002426959,8.0,8.0,0.336,BTC,True,True,2.272921398470421,-0.00012055590000000001
2024-04-12 16:00:00+00:00,69374.0,68884.5,69393.0,67169.0,0.0001,1.0,8.0,0.0,0.0002421607,8.0,8.0,0.461,BTC,True,True,2.7384032397798346,-0.00014216069999999998
2024-04-13 00:00:00+00:00,67136.4,66957.5,67170.0,67501.0,0.0001,1.0,8.0,0.0,0.0002683684,8.0,8.0,0.187,BTC,True,True,5.003484673996044,-0.00016836839999999999
2024-04-13 08:00:00+00:00,67466.1,67209.2,67504.0,67726.0,0.0001,1.0,8.0,0.001,0.0001875561,8.0,8.0,0.299,BTC,True,True,5.616058815417392,-8.75561e-05
2024-04-13 16:00:00+00:00,67683.2,67450.5,67726.0,63988.0,0.0001,1.0,8.0,0.0,0.0003177047,8.0,8.0,0.427,BTC,True,True,6.321579541911328,-0.0002177047
2024-04-14 00:00:00+00:00,63939.7,63682.7,63998.0,64510.0,0.0001,1.0,8.0,0.0,0.0002787842,8.0,8.0,0.415,BTC,True,True,9.113811493470493,-0.0001787842
2024-04-14 08:00:00+00:00,64449.9,64512.0,64510.0,64208.0,0.0001,1.0,8.0,0.0,0.00021044610000000002,8.0,8.0,0.413,BTC,True,True,9.320727505377654,-0.00011044610000000001
2024-04-14 16:00:00+00:00,64163.3,64398.6,64208.0,65686.0,0.0001,1.0,8.0,0.0,0.0002054776,8.0,8.0,0.469,BTC,True,True,6.964173737684133,-0.00010547760000000001
2024-04-15 00:00:00+00:00,65615.9,65454.0,65681.0,66305.0,1.759e-05,1.0,8.0,0.001,0.0001144653,8.0,8.0,0.385,BTC,True,True,9.916457332158547,-9.68753e-05
2024-04-15 08:00:00+00:00,66224.9,66259.5,66304.0,64592.0,0.0001,1.0,8.0,0.0,0.0001427368,8.0,8.0,0.4,BTC,True,True,11.93702043745001,-4.2736799999999994e-05
2024-04-15 16:00:00+00:00,64552.6,64134.4,64586.0,63438.0,5.953e-05,1.0,8.0,0.001,8.00179e-05,8.0,8.0,0.455,BTC,True,True,5.172737004233256,-2.0487899999999997e-05
2024-04-16 00:00:00+00:00,63392.8,63238.0,63439.0,63573.0,9.525e-05,1.0,8.0,0.0,0.0001302141,8.0,8.0,0.439,BTC,True,True,7.2852395130207945,-3.4964100000000006e-05
2024-04-16 08:00:00+00:00,63488.0,63265.6,63570.0,61779.0,3.513e-05,1.0,8.0,0.0,0.0001081636,8.0,8.0,0.348,BTC,True,True,12.907492859097315,-7.30336e-05
2024-04-16 16:00:00+00:00,61749.2,62721.9,61778.0,63862.0,6.375e-05,1.0,8.0,0.0,0.00018265650000000002,8.0,8.0,0.452,BTC,True,True,4.662940716189036,-0.00011890650000000001
2024-04-17 00:00:00+00:00,63764.9,63991.9,63861.0,63253.0,3.574e-05,1.0,8.0,0.0,0.0001967143,8.0,8.0,0.388,BTC,True,True,15.05964199466069,-0.0001609743
2024-04-17 08:00:00+00:00,63260.7,63304.2,63258.0,60359.0,6.534e-05,1.0,8.0,0.0,0.0001129278,8.0,8.0,0.36,BTC,True,True,-0.4268143761207576,-4.7587800000000005e-05
2024-04-17 16:00:00+00:00,60274.0,60165.9,60362.0,61242.0,6.937e-05,1.0,8.0,0.0,0.0002206583,8.0,8.0,0.378,BTC,True,True,14.589345735755398,-0.0001512883
2024-04-18 00:00:00+00:00,61254.5,61495.6,61241.0,61126.0,5.982e-05,1.0,8.0,0.0,-6.3414e-06,8.0,8.0,0.414,BTC,True,True,-2.204162610815744,6.616139999999999e-05
2024-04-18 08:00:00+00:00,61154.6,61313.7,61125.0,63455.0,-3.334e-05,1.0,8.0,0.0,-0.0001317726,8.0,8.0,0.437,BTC,True,True,-4.841363658068511,9.843260000000001e-05
2024-04-18 16:00:00+00:00,63473.9,63500.0,63447.0,63503.0,-3.12e-05,1.0,8.0,0.001,-1.44908e-05,8.0,8.0,0.367,BTC,True,True,-4.238860645139133,-1.67092e-05
2024-04-19 00:00:00+00:00,63445.0,62692.1,63501.0,64529.0,6.641e-05,1.0,8.0,0.0,0.0001088802,8.0,8.0,0.448,BTC,True,True,8.822649572652256,-4.2470200000000005e-05
2024-04-19 08:00:00+00:00,64519.5,64598.1,64525.0,64407.0,5.88e-05,1.0,8.0,0.0,8.90974e-05,8.0,8.0,0.447,BTC,True,True,0.8524191272507871,-3.0297400000000006e-05
2024-04-19 16:00:00+00:00,64417.6,63986.0,64407.0,63781.0,0.0001,1.0,8.0,0.0,8.20719e-05,8.0,8.0,0.454,BTC,True,True,-1.6456484280049892,1.7928100000000002e-05
2024-04-20 00:00:00+00:00,63787.4,63407.4,63784.0,63964.0,-7.66e-06,1.0,8.0,0.0,0.0001037618,8.0,8.0,0.371,BTC,True,True,-0.5330348339529157,-0.0001114218
2024-04-20 08:00:00+00:00,63938.0,63706.8,63964.0,64824.0,4.204e-05,1.0,8.0,0.0,0.0001,8.0,8.0,0.472,BTC,True,True,4.065612790751028,-5.796000000000001e-05
2024-04-20 16:00:00+00:00,64771.0,64708.9,64815.0,64939.0,3.186e-05,1.0,8.0,0.0,5.9454900000000006e-05,8.0,8.0,0.425,BTC,True,True,6.790857297997435,-2.7594900000000002e-05
2024-04-21 00:00:00+00:00,64897.2,64732.1,64938.0,65103.0,-2.093e-05,1.0,8.0,0.0,5.07255e-05,8.0,8.0,0.242,BTC,True,True,6.284890590994548,-7.16555e-05
2024-04-21 08:00:00+00:00,65109.8,64895.0,65104.0,65068.0,8.271e-05,1.0,8.0,0.0,8.06639e-05,8.0,8.0,0.412,BTC,True,True,-0.8908425994542033,2.046099999999994e-06
2024-04-21 16:00:00+00:00,65014.9,64557.4,65068.0,64907.0,4.409e-05,1.0,8.0,0.0,9.743800000000001e-05,8.0,8.0,0.423,BTC,True,True,8.16402508697453,-5.334800000000001e-05
2024-04-22 00:00:00+00:00,64912.7,64873.3,64908.0,65961.0,2.497e-05,1.0,8.0,0.0,8.07677e-05,8.0,8.0,0.358,BTC,True,True,-0.7240755907258402,-5.57977e-05
2024-04-22 08:00:00+00:00,65943.8,65935.8,65966.0,65989.0,8.98e-06,1.0,8.0,0.0,1.189e-06,8.0,8.0,0.348,BTC,True,True,3.3659364519688966,7.791e-06
2024-04-22 16:00:00+00:00,65966.8,66111.1,65994.0,66865.0,-1.236e-05,1.0,8.0,0.0,0.0001,8.0,8.0,0.325,BTC,True,True,4.122436418270197,-0.00011236
2024-04-23 00:00:00+00:00,66777.9,66993.4,66866.0,66060.0,5.24e-05,1.0,8.0,0.0,9.46311e-05,8.0,8.0,0.445,BTC,True,True,13.184292401179578,-4.22311e-05
2024-04-23 08:00:00+00:00,66079.9,66179.0,66065.0,66394.0,-1.083e-05,1.0,8.0,0.001,0.0001,8.0,8.0,0.359,BTC,True,True,-2.2551002820600488,-0.00011083000000000001
2024-04-23 16:00:00+00:00,66393.2,66723.4,66402.0,66408.0,1.413e-05,1.0,8.0,0.0,5.2869000000000005e-05,8.0,8.0,0.391,BTC,True,True,1.3253491109452824,-3.8739e-05
2024-04-24 00:00:00+00:00,66386.2,66721.8,66407.0,66606.0,5.302e-05,1.0,8.0,0.0,8.20591e-05,8.0,8.0,0.399,BTC,True,True,3.1326905549553623,-2.9039100000000005e-05
2024-04-24 08:00:00+00:00,66588.9,66506.0,66605.0,64617.0,7.047e-05,1.0,8.0,0.0,0.0001,8.0,8.0,0.341,BTC,True,True,2.417528141817862,-2.953000000000001e-05
2024-04-24 16:00:00+00:00,64593.5,64771.4,64618.0,64245.0,7.02e-05,1.0,8.0,0.0,8.86683e-05,8.0,8.0,0.242,BTC,True,True,3.7922321610094185,-1.8468300000000007e-05
2024-04-25 00:00:00+00:00,64250.0,64517.5,64245.0,63980.0,4.069e-05,1.0,8.0,0.0,2.2851200000000002e-05,8.0,8.0,0.442,BTC,True,True,-0.778240398852315,1.7838799999999996e-05
2024-04-25 08:00:00+00:00,63996.2,63929.8,63980.0,64121.0,1.14e-05,1.0,8.0,0.01,7.625199999999998e-06,8.0,8.0,0.443,BTC,True,True,-2.531720755348099,3.7748000000000015e-06
2024-04-25 16:00:00+00:00,64091.6,64401.6,64120.0,64475.0,1.709e-05,1.0,8.0,0.001,0.0001,8.0,8.0,0.438,BTC,True,True,4.430176437155413,-8.291e-05
2024-04-26 00:00:00+00:00,64478.8,64285.2,64474.0,64254.0,6.85e-06,1.0,8.0,0.0,6.4146e-05,8.0,8.0,0.461,BTC,True,True,-0.7444584378500702,-5.729600000000001e-05
2024-04-26 08:00:00+00:00,64236.7,64385.0,64253.0,63505.0,5.562e-05,1.0,8.0,0.0,0.0001,8.0,8.0,0.411,BTC,True,True,2.537168362512864,-4.4380000000000005e-05
2024-04-26 16:00:00+00:00,63481.2,63639.0,63506.0,63790.0,0.0001,1.0,8.0,0.0,0.0001,8.0,8.0,0.259,BTC,True,True,3.9059055267448533,0.0
2024-04-27 00:00:00+00:00,63748.7,63154.9,63790.0,62978.0,7.47e-05,1.0,8.0,0.001,0.0001,8.0,8.0,0.408,BTC,True,True,6.476465801141623,-2.5300000000000005e-05
2024-04-27 08:00:00+00:00,62944.3,62999.9,62978.0,62944.0,2.834e-05,1.0,8.0,0.0,0.0001,8.0,8.0,0.452,BTC,True,True,5.352507189682733,-7.166e-05
2024-04-27 16:00:00+00:00,62928.3,62712.8,62939.0,63498.0,1.006e-05,1.0,8.0,0.0,0.0001,8.0,8.0,0.415,BTC,True,True,1.7002033134535643,-8.994000000000001e-05
2024-04-28 00:00:00+00:00,63420.9,63583.3,63497.0,63904.0,-2.081e-05,1.0,8.0,0.0,0.0001,8.0,8.0,0.426,BTC,True,True,11.992005717055932,-0.00012081
2024-04-28 08:00:00+00:00,63883.2,63677.8,63903.0,63526.0,2.782e-05,1.0,8.0,0.0,7.37886e-05,8.0,8.0,0.442,BTC,True,True,3.098926199927576,-4.596859999999999e-05
2024-04-28 16:00:00+00:00,63508.5,63676.5,63527.0,63126.0,2.472e-05,1.0,8.0,0.0,0.0001,8.0,8.0,0.403,BTC,True,True,2.912571703309107,-7.528e-05
2024-04-29 00:00:00+00:00,63088.4,63229.2,63131.0,62397.0,5.544e-05,1.0,8.0,0.0,0.0001,8.0,8.0,0.432,BTC,True,True,6.750151183977077,-4.456000000000001e-05
2024-04-29 08:00:00+00:00,62362.1,62371.8,62389.0,63026.0,6.828e-05,1.0,8.0,0.0,0.0001,8.0,8.0,0.304,BTC,True,True,4.312587290519457,-3.172e-05
2024-04-29 16:00:00+00:00,63012.2,62761.9,63029.0,63827.0,9.74e-05,1.0,8.0,0.0,3.44087e-05,8.0,8.0,0.443,BTC,True,True,2.665795009804219,6.29913e-05
2024-04-30 00:00:00+00:00,63842.4,64565.9,63837.0,63107.0,9.154e-05,1.0,8.0,0.0,0.0001001185,8.0,8.0,0.413,BTC,True,True,-0.845868637105326,-8.578500000000006e-06
2024-04-30 08:00:00+00:00,63123.7,61904.9,63106.0,60764.0,0.0001,1.0,8.0,0.0,6.64668e-05,8.0,8.0,0.38,BTC,True,True,-2.804411341546483,3.3533200000000006e-05
2024-04-30 16:00:00+00:00,60764.9,60315.5,60764.0,60661.0,0.0001,1.0,8.0,0.0,9.53764e-05,8.0,8.0,0.358,BTC,True,True,-0.1481129179996874,4.623600000000001e-06
2024-05-01 00:00:00+00:00,60651.2,60217.2,60664.0,57502.0,8.946e-05,1.0,8.0,0.0,6.610020000000001e-05,8.0,8.0,0.373,BTC,True,True,2.1102054890903137,2.3359799999999993e-05
2024-05-01 08:00:00+00:00,57482.0,57153.1,57499.0,56923.0,9.902e-05,1.0,8.0,0.0,0.0002463006,8.0,8.0,0.412,BTC,True,True,2.9570103102020386,-0.0001472806
2024-05-01 16:00:00+00:00,56865.3,57021.7,56916.0,58336.0,6.634e-05,1.0,8.0,0.0,0.0001,8.0,8.0,0.462,BTC,True,True,8.911834080912934,-3.366e-05
2024-05-02 00:00:00+00:00,58307.7,57736.5,58338.0,57693.0,6.169e-05,1.0,8.0,0.0,0.0001,8.0,8.0,0.131,BTC,True,True,5.195219486274958,-3.8310000000000004e-05
2024-05-02 08:00:00+00:00,57645.0,57804.6,57702.0,59226.0,-1.23e-06,1.0,8.0,0.002,0.0001,8.0,8.0,0.426,BTC,True,True,9.883222734827248,-0.00010123
2024-05-02 16:00:00+00:00,59230.8,58989.2,59227.0,59103.0,-1.549e-05,1.0,8.0,0.0,7.04608e-05,8.0,8.0,0.387,BTC,True,True,-0.6415786890024939,-8.59508e-05
2024-05-03 00:00:00+00:00,59036.7,59007.8,59100.0,59139.0,-3.764e-05,1.0,8.0,0.0,0.0001,8.0,8.0,0.424,BTC,True,True,10.716399909235882,-0.00013764000000000002
2024-05-03 08:00:00+00:00,59158.1,59199.9,59138.0,61620.0,8.091e-05,1.0,8.0,0.0,-0.0001272909,8.0,8.0,0.37,BTC,True,True,-3.398252384216928,0.0002082009
2024-05-03 16:00:00+00:00,61662.2,61650.1,61620.0,62874.0,2.703e-05,1.0,8.0,0.0,1.3088999999999986e-06,8.0,8.0,0.369,BTC,True,True,-6.846081859054338,2.57211e-05
2024-05-04 00:00:00+00:00,62853.7,63044.7,62877.0,62948.0,7.455e-05,1.0,8.0,0.0,0.0001,8.0,8.0,0.357,BTC,True,True,3.7063342949216924,-2.545000000000001e-05
2024-05-04 08:00:00+00:00,62931.4,63144.0,62948.0,63606.0,6.265e-05,1.0,8.0,0.0,0.0001,8.0,8.0,0.449,BTC,True,True,2.6374450618969845,-3.735e-05
2024-05-04 16:00:00+00:00,63590.1,63663.9,63614.0,63856.0,6.906e-05,1.0,8.0,0.0,7.73166e-05,8.0,8.0,0.449,BTC,True,True,3.7577405572981997,-8.256599999999998e-06
2024-05-05 00:00:00+00:00,63864.3,63479.9,63849.0,63770.0,6.47e-06,1.0,8.0,0.0,0.0001,8.0,8.0,0.441,BTC,True,True,-2.3959916583784673,-9.353000000000001e-05
2024-05-05 08:00:00+00:00,63697.1,63639.7,63766.0,64488.0,3.893e-05,1.0,8.0,0.0,0.0001187098,8.0,8.0,0.403,BTC,True,True,10.81097301269114,-7.977980000000001e-05
2024-05-05 16:00:00+00:00,64398.1,64294.1,64503.0,64004.0,6.02e-06,1.0,8.0,0.0,9.75357e-05,8.0,8.0,0.207,BTC,True,True,16.276047785088647,-9.15157e-05
2024-05-06 00:00:00+00:00,63987.9,64183.7,64013.0,64519.0,-1.031e-05,1.0,8.0,0.0,0.0001,8.0,8.0,0.406,BTC,True,True,3.9218474747783785,-0.00011031
2024-05-06 08:00:00+00:00,64509.5,65109.0,64520.0,63704.0,7.746e-05,1.0,8.0,0.0,0.000175,8.0,8.0,0.413,BTC,True,True,1.6275347921490069,-9.754e-05
2024-05-06 16:00:00+00:00,63599.9,63167.1,63682.0,63237.0,6.064e-05,1.0,8.0,0.0,0.0004340164,8.0,8.0,0.449,BTC,True,True,12.90050060316511,-0.0003733764
2024-05-07 00:00:00+00:00,63142.7,63511.2,63236.0,63731.0,1.581e-05,1.0,8.0,0.0,0.0001828222,8.0,8.0,0.403,BTC,True,True,14.765149024361998,-0.0001670122
2024-05-07 08:00:00+00:00,63648.9,64206.8,63730.0,63761.0,9.028e-05,1.0,8.0,0.0,0.0002648231,8.0,8.0,0.233,BTC,True,True,12.733664831204837,-0.00017454310000000002
2024-05-07 16:00:00+00:00,63710.1,63613.0,63767.0,62335.0,4.891e-05,1.0,8.0,0.0,0.0001,8.0,8.0,0.441,BTC,True,True,8.92709416495631,-5.109000000000001e-05
2024-05-08 00:00:00+00:00,62296.0,62566.0,62329.0,62216.0,5.553e-05,1.0,8.0,0.0,0.0001034463,8.0,8.0,0.316,BTC,True,True,5.295887786764852,-4.791630000000001e-05
2024-05-08 08:00:00+00:00,62186.7,62358.4,62215.0,62302.0,9.292e-05,1.0,8.0,0.0,0.0001,8.0,8.0,0.446,BTC,True,True,4.549777131372637,-7.080000000000007e-06
2024-05-08 16:00:00+00:00,62251.9,62419.1,62303.0,61165.0,5.648e-05,1.0,8.0,0.0,9.7549e-05,8.0,8.0,0.424,BTC,True,True,8.20521759753298,-4.1068999999999996e-05
2024-05-09 00:00:00+00:00,61157.9,61367.9,61140.0,61199.0,3.315e-05,1.0,8.0,0.0,-4.48261e-05,8.0,8.0,0.344,BTC,True,True,-2.927278412437153,7.797610000000001e-05
2024-05-09 08:00:00+00:00,61222.5,61293.7,61198.0,62179.0,7.253e-05,1.0,8.0,0.0,1.0552000000000002e-05,8.0,8.0,0.434,BTC,True,True,-4.002597657597023,6.1978e-05
2024-05-09 16:00:00+00:00,62122.5,61832.3,62179.0,63111.0,1.026e-05,1.0,8.0,0.0,0.00011763600000000001,8.0,8.0,0.359,BTC,True,True,9.090800013047188,-0.00010737600000000001
2024-05-10 00:00:00+00:00,63050.0,62818.4,63110.0,63145.0,5.934e-05,1.0,8.0,0.0,0.00012414160000000002,8.0,8.0,0.399,BTC,True,True,9.51173185219592,-6.480160000000002e-05
2024-05-10 08:00:00+00:00,63053.8,63024.6,63144.0,60956.0,7.653e-05,1.0,8.0,0.0,0.00011260050000000001,8.0,8.0,0.41,BTC,True,True,14.295021840338771,-3.6070500000000006e-05
2024-05-10 16:00:00+00:00,60893.7,61037.7,60934.0,60847.0,8.881e-05,1.0,8.0,0.0,0.0001765458,8.0,8.0,0.363,BTC,True,True,6.615901222783284,-8.773580000000001e-05
2024-05-11 00:00:00+00:00,60778.0,60753.6,60846.0,61054.0,3.771e-05,1.0,8.0,0.0,0.0001100916,8.0,8.0,0.461,BTC,True,True,11.18200471706926,-7.23816e-05
2024-05-11 08:00:00+00:00,60989.0,60763.8,61055.0,61201.0,5.067e-05,1.0,8.0,0.0,0.00010724170000000001,8.0,8.0,0.408,BTC,True,True,10.815772415514775,-5.6571700000000006e-05
2024-05-11 16:00:00+00:00,61146.1,61160.0,61206.0,60870.0,2.604e-05,1.0,8.0,0.0,0.0001,8.0,8.0,0.429,BTC,True,True,9.7914142520818,-7.396e-05
2024-05-12 00:00:00+00:00,60809.2,60951.9,60870.0,60843.0,2.83e-05,1.0,8.0,0.0,0.00010637130000000001,8.0,8.0,0.357,BTC,True,True,9.993491913175445,-7.807130000000001e-05
2024-05-12 08:00:00+00:00,60803.8,61036.3,60856.0,61418.0,0.0001,1.0,8.0,0.0,0.0001,8.0,8.0,0.166,BTC,True,True,8.581306759223928,0.0
2024-05-12 16:00:00+00:00,61395.9,61315.0,61427.0,61512.0,0.0001,1.0,8.0,0.001,0.0001,8.0,8.0,0.129,BTC,True,True,5.0642023050534775,0.0
2024-05-13 00:00:00+00:00,61455.7,61485.6,61514.0,62321.0,8.469e-05,1.0,8.0,0.001,8.48197e-05,8.0,8.0,0.119,BTC,True,True,9.482011319546777,-1.2969999999999302e-07
2024-05-13 08:00:00+00:00,62296.5,62749.5,62317.0,62979.0,9.151e-05,1.0,8.0,0.0,0.0001,8.0,8.0,0.106,BTC,True,True,3.2901732452627273,-8.490000000000008e-06
2024-05-13 16:00:00+00:00,62981.2,63144.0,62980.0,62939.0,9.866e-05,1.0,8.0,0.0,0.0001,8.0,8.0,0.13,BTC,True,True,-0.19053486312197274,-1.3400000000000109e-06
2024-05-14 00:00:00+00:00,62912.2,62798.1,62939.0,62034.0,0.0001,1.0,8.0,0.0,0.0001,8.0,8.0,0.171,BTC,True,True,4.258997992089889,0.0
2024-05-14 08:00:00+00:00,62002.0,61829.6,62037.0,61789.0,4.392e-05,1.0,8.0,0.0,0.0001,8.0,8.0,0.061,BTC,True,True,5.643386504066086,-5.6080000000000005e-05
2024-05-14 16:00:00+00:00,61750.0,61406.4,61797.0,61645.0,0.0001,1.0,8.0,0.0,0.0002249254,8.0,8.0,0.097,BTC,True,True,7.608440879551651,-0.0001249254
2024-05-15 00:00:00+00:00,61550.5,61413.2,61647.0,62263.0,-3.85e-06,1.0,8.0,0.0,0.0002681798,8.0,8.0,0.162,BTC,True,True,15.66590551527444,-0.0002720298
2024-05-15 08:00:00+00:00,62157.5,62116.2,62252.0,64692.0,2.373e-05,1.0,8.0,0.0,0.0001642469,8.0,8.0,0.105,BTC,True,True,15.191768823875073,-0.00014051690000000002
2024-05-15 16:00:00+00:00,64685.4,64728.8,64708.0,66212.0,2.103e-05,1.0,8.0,0.004,8.88488e-05,8.0,8.0,0.155,BTC,True,True,3.49322302834862,-6.781880000000001e-05
2024-05-16 00:00:00+00:00,66175.4,66056.3,66211.0,66116.0,5.148e-05,1.0,8.0,0.0,8.15058e-05,8.0,8.0,0.112,BTC,True,True,5.378196077257537,-3.00258e-05
2024-05-16 08:00:00+00:00,66100.0,66258.9,66106.0,65792.0,3.543e-05,1.0,8.0,0.0,0.0001,8.0,8.0,0.124,BTC,True,True,0.9076743875638854,-6.457000000000001e-05
2024-05-16 16:00:00+00:00,65800.0,65134.2,65794.0,65296.0,4.647e-05,1.0,8.0,0.0,8.72935e-05,8.0,8.0,0.129,BTC,True,True,-0.9118956797664628,-4.08235e-05
2024-05-17 00:00:00+00:00,65217.7,65478.0,65296.0,66393.0,8.15e-06,1.0,8.0,0.0,0.0001114219,8.0,8.0,0.161,BTC,True,True,11.998741801669677,-0.0001032719
2024-05-17 08:00:00+00:00,66350.5,66115.3,66392.0,67184.0,-2.98e-06,1.0,8.0,0.0,0.0001,8.0,8.0,0.157,BTC,True,True,6.252707512978512,-0.00010298
2024-05-17 16:00:00+00:00,67169.9,66898.5,67191.0,67056.0,6.28e-06,1.0,8.0,0.0,0.00010174850000000001,8.0,8.0,0.132,BTC,True,True,3.1407947064157096,-9.546850000000001e-05
2024-05-18 00:00:00+00:00,66980.0,66865.7,67055.0,66872.0,8.012e-05,1.0,8.0,0.0,0.0001,8.0,8.0,0.152,BTC,True,True,11.191107968450094,-1.9880000000000006e-05
2024-05-18 08:00:00+00:00,66854.1,66990.0,66855.0,66791.0,-7.92e-06,1.0,8.0,0.0,9.201080000000001e-05,8.0,8.0,0.134,BTC,True,True,0.13462060547881208,-9.993080000000002e-05
2024-05-18 16:00:00+00:00,66781.3,66856.8,66819.0,66900.0,3.339e-05,1.0,8.0,0.0,0.0001,8.0,8.0,0.169,BTC,True,True,5.64370005167049,-6.661000000000001e-05
2024-05-19 00:00:00+00:00,66884.9,66882.9,66918.0,67324.0,5.21e-05,1.0,8.0,0.0,0.0001,8.0,8.0,0.112,BTC,True,True,4.947575975588659,-4.7900000000000006e-05
2024-05-19 08:00:00+00:00,67295.1,67124.3,67326.0,66857.0,4.779e-05,1.0,8.0,0.0,9.70148e-05,8.0,8.0,0.146,BTC,True,True,4.590662317074043,-4.9224800000000003e-05
2024-05-19 16:00:00+00:00,66863.0,66639.9,66845.0,66285.0,5.607e-05,1.0,8.0,0.0,3.7216400000000005e-05,8.0,8.0,0.093,BTC,True,True,-2.692434275995634,1.8853599999999992e-05
2024-05-20 00:00:00+00:00,66239.4,66428.9,66294.0,66817.0,2.479e-05,1.0,8.0,0.0,0.000105896,8.0,8.0,0.118,BTC,True,True,8.239432941269186,-8.1106e-05
2024-05-20 08:00:00+00:00,66788.9,66734.6,66811.0,67396.0,2.552e-05,1.0,8.0,0.003,8.99012e-05,8.0,8.0,0.118,BTC,True,True,3.3083857400474876,-6.43812e-05
2024-05-20 16:00:00+00:00,67382.1,68164.4,67400.0,71447.0,0.0001,1.0,8.0,0.0,-2.38355e-05,8.0,8.0,0.097,BTC,True,True,2.6561390726560017,0.0001238355
2024-05-21 00:00:00+00:00,71466.5,71347.2,71466.0,70902.0,0.00010517,1.0,8.0,0.001,0.0001,8.0,8.0,0.253,BTC,True,True,-0.06996309446809307,5.169999999999993e-06
2024-05-21 08:00:00+00:00,70926.3,70970.5,70902.0,69828.0,0.0001,1.0,8.0,0.0,7.1171e-05,8.0,8.0,0.124,BTC,True,True,-3.4266786301156826,2.8829000000000005e-05
2024-05-21 16:00:00+00:00,69874.8,69722.2,69828.0,70182.0,0.0001,1.0,8.0,0.0,0.0001064739,8.0,8.0,0.158,BTC,True,True,-6.699937546087365,-6.473899999999999e-06
2024-05-22 00:00:00+00:00,70168.7,70133.5,70182.0,69741.0,0.00015759,1.0,8.0,0.0,0.0001072496,8.0,8.0,0.135,BTC,True,True,1.8952523984288105,5.034039999999998e-05
2024-05-22 08:00:00+00:00,69759.6,70049.0,69733.0,70498.0,0.0001,1.0,8.0,0.0,0.0001376447,8.0,8.0,0.131,BTC,True,True,-3.8138224282042117,-3.764469999999999e-05
2024-05-22 16:00:00+00:00,70485.7,70269.4,70515.0,69219.0,0.0001,1.0,8.0,0.0,0.0001851626,8.0,8.0,0.101,BTC,True,True,4.156007795952659,-8.516259999999998e-05
2024-05-23 00:00:00+00:00,69219.2,69546.0,69221.0,69786.0,0.0001,1.0,8.0,0.0,0.00011716640000000001,8.0,8.0,0.135,BTC,True,True,0.2600400750792654,-1.7166400000000006e-05
2024-05-23 08:00:00+00:00,69770.6,69734.0,69787.0,68109.0,0.0001,1.0,8.0,0.0,0.0001170921,8.0,8.0,0.128,BTC,True,True,2.350284051241775,-1.70921e-05
2024-05-23 16:00:00+00:00,68102.9,67858.9,68083.0,68033.0,0.0001,1.0,8.0,0.0,0.00010716560000000001,8.0,8.0,0.175,BTC,True,True,-2.9224758424524584,-7.165600000000005e-06
2024-05-24 00:00:00+00:00,67999.9,67871.2,68005.0,67177.0,0.0001,1.0,8.0,0.0,0.0001052036,8.0,8.0,0.143,BTC,True,True,0.7499729792661108,-5.203599999999999e-06
2024-05-24 08:00:00+00:00,67191.2,67206.5,67176.0,68322.0,0.0001,1.0,8.0,0.0,0.0001,8.0,8.0,0.157,BTC,True,True,-2.2624569187770724,0.0
2024-05-24 16:00:00+00:00,68340.3,68399.9,68321.0,68544.0,0.0001,1.0,8.0,0.0,0.0001,8.0,8.0,0.153,BTC,True,True,-2.824501176018495,0.0
2024-05-25 00:00:00+00:00,68584.0,68554.9,68544.0,68757.0,0.0001,1.0,8.0,0.0,0.0001,8.0,8.0,0.133,BTC,True,True,-5.833965511711993,0.0
2024-05-25 08:00:00+00:00,68775.1,68899.6,68757.0,68933.0,0.0001,1.0,8.0,0.0,0.0001,8.0,8.0,0.146,BTC,True,True,-2.6321128092283526,0.0
2024-05-25 16:00:00+00:00,68949.0,68955.6,68932.0,69307.0,0.0001,1.0,8.0,0.0,0.0001,8.0,8.0,0.104,BTC,True,True,-2.465894515725916,0.0
2024-05-26 00:00:00+00:00,69314.5,69176.5,69318.0,69357.0,0.0001,1.0,8.0,0.0,0.0001,8.0,8.0,0.115,BTC,True,True,0.504932104772192,0.0
2024-05-26 08:00:00+00:00,69359.2,69182.2,69358.0,68924.0,0.0001,1.0,8.0,0.0,0.0001941346,8.0,8.0,0.097,BTC,True,True,-0.17301387283257177,-9.41346e-05
2024-05-26 16:00:00+00:00,68864.7,68815.3,68927.0,68578.0,0.0001,1.0,8.0,0.0,0.0004229288,8.0,8.0,0.178,BTC,True,True,9.04263525962557,-0.0003229288
2024-05-27 00:00:00+00:00,68524.4,68851.5,68574.0,68731.0,0.0001,1.0,8.0,0.0,0.0004387354,8.0,8.0,0.127,BTC,True,True,7.235679214930408,-0.00033873540000000003
2024-05-27 08:00:00+00:00,68661.0,68647.0,68731.0,70421.0,0.0001,1.0,8.0,0.0,0.00048547209999999996,8.0,8.0,0.152,BTC,True,True,10.189822705382833,-0.00038547209999999996
2024-05-27 16:00:00+00:00,70421.4,70224.8,70428.0,69493.0,0.0001,1.0,8.0,0.0,0.0003451624,8.0,8.0,0.18,BTC,True,True,0.9371711920438576,-0.0002451624
2024-05-28 00:00:00+00:00,69461.5,69407.2,69496.0,67734.0,0.0001,1.0,8.0,0.0,0.0001481042,8.0,8.0,0.092,BTC,True,True,4.965547121800101,-4.8104199999999986e-05
2024-05-28 08:00:00+00:00,67712.1,68174.0,67728.0,68432.0,0.0001,1.0,8.0,0.0,0.0002222538,8.0,8.0,0.109,BTC,True,True,2.3479014077866864,-0.0001222538
2024-05-28 16:00:00+00:00,68399.8,67748.7,68431.0,68443.0,0.0001,1.0,8.0,0.001,0.0005682136999999999,8.0,8.0,0.12,BTC,True,True,4.560376836314088,-0.00046821369999999995
2024-05-29 00:00:00+00:00,68440.4,68533.2,68442.0,68032.0,0.0001,1.0,8.0,0.0,0.0006113441,8.0,8.0,0.115,BTC,True,True,0.23377731542935462,-0.0005113441
2024-05-29 08:00:00+00:00,67993.7,67913.6,68027.0,67434.0,0.00012558,1.0,8.0,0.0,0.0003106168,8.0,8.0,0.128,BTC,True,True,4.896313673621178,-0.0001850368
2024-05-29 16:00:00+00:00,67421.0,67596.1,67431.0,67718.0,0.0001,1.0,8.0,0.0,0.0005184774,8.0,8.0,0.141,BTC,True,True,1.4831074093561991,-0.00041847739999999997
2024-05-30 00:00:00+00:00,67686.8,67619.1,67711.0,67625.0,0.0001,1.0,8.0,0.0,0.0003101071,8.0,8.0,0.14,BTC,True,True,3.5746519157157697,-0.0002101071
2024-05-30 08:00:00+00:00,67627.9,67723.3,67629.0,68545.0,0.0001,1.0,8.0,0.0,0.0001731684,8.0,8.0,0.137,BTC,True,True,0.16265343949590277,-7.316839999999999e-05
2024-05-30 16:00:00+00:00,68566.4,68723.2,68549.0,68405.0,0.00014599,1.0,8.0,0.0,0.0001141973,8.0,8.0,0.108,BTC,True,True,-2.5380081440005724,3.1792700000000005e-05
2024-05-31 00:00:00+00:00,68402.6,68512.2,68404.0,68218.0,0.00012268,1.0,8.0,0.0,0.0001190809,8.0,8.0,0.124,BTC,True,True,0.2046684882214507,3.599100000000011e-06
2024-05-31 08:00:00+00:00,68226.2,68176.1,68222.0,67326.0,0.0001,1.0,8.0,0.0,0.0001974008,8.0,8.0,0.124,BTC,True,True,-0.6156182348064174,-9.74008e-05
2024-05-31 16:00:00+00:00,67252.6,67242.0,67325.0,67597.0,0.0001,1.0,8.0,0.0,0.0002587275,8.0,8.0,0.123,BTC,True,True,10.75959253021602,-0.0001587275
2024-06-01 00:00:00+00:00,67577.9,67690.0,67596.0,67705.0,0.0001,1.0,8.0,0.0,0.0003655095,8.0,8.0,0.169,BTC,True,True,2.678031795810655,-0.0002655095
2024-06-01 08:00:00+00:00,67677.8,67753.4,67705.0,67741.0,0.0001025,1.0,8.0,0.001,0.00036244879999999997,8.0,8.0,0.115,BTC,True,True,4.018235753136141,-0.0002599488
2024-06-01 16:00:00+00:00,67728.2,67740.0,67742.0,67811.0,0.0001,1.0,8.0,0.0,0.0001547912,8.0,8.0,0.075,BTC,True,True,2.0373484423485717,-5.47912e-05
2024-06-02 00:00:00+00:00,67799.2,67922.8,67810.0,67748.0,0.0001,1.0,8.0,0.0,0.0001,8.0,8.0,0.107,BTC,True,True,1.5928122904388309,0.0
2024-06-02 08:00:00+00:00,67743.0,67790.0,67747.0,68197.0,0.0001,1.0,8.0,0.0,0.0001388276,8.0,8.0,0.101,BTC,True,True,0.5904494798371102,-3.882759999999999e-05
2024-06-02 16:00:00+00:00,68189.8,68145.8,68195.0,67800.0,0.0001,1.0,8.0,0.0,0.0001750391,8.0,8.0,0.123,BTC,True,True,0.7625483195372051,-7.503909999999999e-05
2024-06-03 00:00:00+00:00,67805.9,67863.6,67798.0,68936.0,0.00014135,1.0,8.0,0.0,0.00048305660000000003,8.0,8.0,0.178,BTC,True,True,-1.1651582305420487,-0.00034170660000000004
2024-06-03 08:00:00+00:00,68950.0,69177.4,68937.0,69684.0,0.0001,1.0,8.0,0.0,0.0005445412,8.0,8.0,0.154,BTC,True,True,-1.8856019840180145,-0.0004445412
2024-06-03 16:00:00+00:00,69650.0,69122.2,69704.0,68849.0,0.00012008,1.0,8.0,0.0,0.0002474434,8.0,8.0,0.14,BTC,True,True,7.75004703170893,-0.0001273634
2024-06-04 00:00:00+00:00,68851.3,69041.1,68850.0,69091.0,0.0001,1.0,8.0,0.0,0.000447666,8.0,8.0,0.155,BTC,True,True,-0.1888144846919105,-0.000347666
2024-06-04 08:00:00+00:00,69054.6,68873.7,69092.0,70481.0,0.0001,1.0,8.0,0.0,0.0002453883,8.0,8.0,0.161,BTC,True,True,5.414538021742082,-0.00014538830000000003
2024-06-04 16:00:00+00:00,70492.1,70858.0,70497.0,70620.0,0.0001,1.0,8.0,0.0,0.00026044670000000003,8.0,8.0,0.142,BTC,True,True,0.6950891951171434,-0.00016044670000000004
2024-06-05 00:00:00+00:00,70580.0,70820.1,70620.0,71256.0,0.00016387,1.0,8.0,0.0,0.00035294,8.0,8.0,0.14,BTC,True,True,5.665722531163869,-0.00018907
2024-06-05 08:00:00+00:00,71244.0,70972.0,71246.0,71608.0,0.00013226,1.0,8.0,0.0,0.0001,8.0,8.0,0.14,BTC,True,True,0.2807214541556451,3.2260000000000006e-05
2024-06-05 16:00:00+00:00,71625.2,71355.8,71608.0,71113.0,0.0001,1.0,8.0,0.0,0.0001,8.0,8.0,0.101,BTC,True,True,-2.4016778348419656,0.0
2024-06-06 00:00:00+00:00,71133.3,71051.1,71111.0,71062.0,0.00010438,1.0,8.0,0.008,0.0001,8.0,8.0,0.156,BTC,True,True,-3.135450795946816,4.379999999999995e-06
2024-06-06 08:00:00+00:00,71077.2,70949.7,71062.0,71327.0,0.0001177,1.0,8.0,0.0,0.0001107736,8.0,8.0,0.13,BTC,True,True,-2.13874850258607,6.926399999999995e-06
2024-06-06 16:00:00+00:00,71334.3,70977.6,71328.0,70835.0,0.0001,1.0,8.0,0.0,0.00010211620000000001,8.0,8.0,0.122,BTC,True,True,-0.8832046033317967,-2.1162000000000053e-06
2024-06-07 00:00:00+00:00,70830.0,70925.6,70828.0,71148.0,0.0001,1.0,8.0,0.0,0.0001872249,8.0,8.0,0.098,BTC,True,True,-0.2823702156079859,-8.72249e-05
2024-06-07 08:00:00+00:00,71147.9,71161.4,71147.0,71132.0,0.00010166,1.0,8.0,0.0,0.000174259,8.0,8.0,0.158,BTC,True,True,-0.12649785761855975,-7.259900000000001e-05
2024-06-07 16:00:00+00:00,71150.1,70921.3,71132.0,69436.0,0.0001,1.0,8.0,0.0,0.0005276391,8.0,8.0,0.137,BTC,True,True,-2.544241348369394,-0.00042763910000000004
2024-06-08 00:00:00+00:00,69377.0,69430.9,69435.0,69614.0,0.0001,1.0,8.0,0.0,0.0003787517,8.0,8.0,0.124,BTC,True,True,8.356626714587565,-0.0002787517
2024-06-08 08:00:00+00:00,69612.5,69473.5,69626.0,69473.0,0.0001,1.0,8.0,0.0,0.0002017205,8.0,8.0,0.117,BTC,True,True,1.9391188561066561,-0.00010172049999999999
2024-06-08 16:00:00+00:00,69462.0,69428.7,69472.0,69347.0,0.0001,1.0,8.0,0.0,0.0001723202,8.0,8.0,0.116,BTC,True,True,1.4395324423487004,-7.232019999999999e-05
2024-06-09 00:00:00+00:00,69346.6,69314.5,69346.0,69363.0,0.0001,1.0,8.0,0.0,0.00013209810000000002,8.0,8.0,0.129,BTC,True,True,-0.08652228020958143,-3.209810000000001e-05
2024-06-09 08:00:00+00:00,69331.9,69385.0,69363.0,69552.0,0.0001,1.0,8.0,0.001,0.0003416427,8.0,8.0,0.469,BTC,True,True,4.48466389481482,-0.0002416427
2024-06-09 16:00:00+00:00,69530.1,69642.2,69554.0,69690.0,0.0001,1.0,8.0,0.0,0.0001113871,8.0,8.0,0.163,BTC,True,True,3.436769585486911,-1.1387099999999998e-05
2024-06-10 00:00:00+00:00,69667.1,69600.1,69689.0,69292.0,0.0001,1.0,8.0,0.0,0.0001,8.0,8.0,0.078,BTC,True,True,3.143027134122592,0.0
2024-06-10 08:00:00+00:00,69325.3,69422.5,69302.0,70107.0,0.0001,1.0,8.0,0.001,0.000137844,8.0,8.0,0.157,BTC,True,True,-3.3615312740582675,-3.7844e-05
2024-06-10 16:00:00+00:00,70090.9,69998.9,70113.0,69577.0,0.0001,1.0,8.0,0.001,0.0001217891,8.0,8.0,0.139,BTC,True,True,3.152551417335009,-2.1789099999999998e-05
2024-06-11 00:00:00+00:00,69558.8,69454.6,69576.0,67599.0,0.0001,1.0,8.0,0.0,0.0001,8.0,8.0,0.104,BTC,True,True,2.472422440341471,0.0
2024-06-11 08:00:00+00:00,67582.1,67537.4,67583.0,66288.0,0.0001,1.0,8.0,0.0,0.000287814,8.0,8.0,0.165,BTC,True,True,0.13317047078103025,-0.00018781400000000001
2024-06-11 16:00:00+00:00,66266.0,66506.7,66280.0,67369.0,0.0001,1.0,8.0,0.0,0.0006778054,8.0,8.0,0.106,BTC,True,True,2.1124741677707433,-0.0005778054
2024-06-12 00:00:00+00:00,67320.6,67218.6,67368.0,67491.0,0.0001,1.0,8.0,0.0,0.0002707026,8.0,8.0,0.112,BTC,True,True,7.038457888318019,-0.0001707026
2024-06-12 08:00:00+00:00,67449.5,67399.5,67490.0,69748.0,0.0001,1.0,8.0,0.0,0.0001743051,8.0,8.0,0.112,BTC,True,True,6.002690274692922,-7.430510000000001e-05
2024-06-12 16:00:00+00:00,69738.0,69613.4,69745.0,68267.0,0.0001,1.0,8.0,0.0,0.0001690978,8.0,8.0,0.126,BTC,True,True,1.003706545726955,-6.90978e-05
2024-06-13 00:00:00+00:00,68270.3,68331.0,68262.0,67780.0,0.0001,1.0,8.0,0.001,0.0001265464,8.0,8.0,0.143,BTC,True,True,-1.2158295158323165,-2.65464e-05
2024-06-13 08:00:00+00:00,67724.9,67568.3,67780.0,66518.0,0.0001,1.0,8.0,0.0,0.0002030503,8.0,8.0,0.135,BTC,True,True,8.13254768452773,-0.00010305029999999999
2024-06-13 16:00:00+00:00,66464.3,66983.8,66500.0,66838.0,0.0001,1.0,8.0,0.0,0.0004979445999999999,8.0,8.0,0.103,BTC,True,True,5.3698625657948496,-0.00039794459999999994
2024-06-14 00:00:00+00:00,66786.8,66729.1,66848.0,66931.0,0.0001,1.0,8.0,0.0,0.0001252511,8.0,8.0,0.146,BTC,True,True,9.159291483734489,-2.52511e-05
2024-06-14 08:00:00+00:00,66906.3,67140.3,66931.0,66395.0,0.0001,1.0,8.0,0.0,0.0001209719,8.0,8.0,0.119,BTC,True,True,3.69104880036018,-2.0971899999999995e-05
2024-06-14 16:00:00+00:00,66380.0,65286.2,66421.0,66022.0,0.0001,1.0,8.0,0.0,0.0001,8.0,8.0,0.114,BTC,True,True,6.174652495486369,0.0
2024-06-15 00:00:00+00:00,66039.7,66176.8,66022.0,66084.0,0.0001,1.0,8.0,0.0,0.0001,8.0,8.0,0.115,BTC,True,True,-2.6805652367006605,0.0
2024-06-15 08:00:00+00:00,66082.5,66222.8,66090.0,66321.0,0.0001,1.0,8.0,0.0,0.0001,8.0,8.0,0.108,BTC,True,True,1.1348805550401784,0.0
2024-06-15 16:00:00+00:00,66311.8,66175.9,66324.0,66208.0,0.0001,1.0,8.0,0.001,0.0001,8.0,8.0,0.092,BTC,True,True,1.83962399810549,0.0
2024-06-16 00:00:00+00:00,66213.7,66157.3,66207.0,66278.0,0.0001,1.0,8.0,0.0,0.0001,8.0,8.0,0.113,BTC,True,True,-1.0119263839733887,0.0
2024-06-16 08:00:00+00:00,66249.3,66261.8,66292.0,66721.0,0.0001,1.0,8.0,0.0,0.0001,8.0,8.0,0.089,BTC,True,True,6.4432748852260895,0.0
2024-06-16 16:00:00+00:00,66690.4,66572.4,66721.0,66729.0,0.0001,1.0,8.0,0.0,0.0001,8.0,8.0,0.103,BTC,True,True,4.587314208022585,0.0
2024-06-17 00:00:00+00:00,66653.5,66565.5,66728.0,66200.0,0.0001,1.0,8.0,0.0,0.0001108466,8.0,8.0,0.111,BTC,True,True,11.170965650769583,-1.0846599999999999e-05
2024-06-17 08:00:00+00:00,66147.3,66172.7,66203.0,65411.0,0.0001,1.0,8.0,0.0,0.00023453230000000002,8.0,8.0,0.131,BTC,True,True,8.417057352868124,-0.00013453230000000003
2024-06-17 16:00:00+00:00,65341.8,65866.0,65410.0,66567.0,0.0001,1.0,8.0,0.0,0.0002345814,8.0,8.0,0.121,BTC,True,True,10.43197970275759,-0.00013458140000000002
2024-06-18 00:00:00+00:00,66472.1,65730.1,66567.0,65743.0,8.236e-05,1.0,8.0,0.0,0.0002199951,8.0,8.0,0.091,BTC,True,True,14.266484980134187,-0.00013763509999999997
2024-06-18 08:00:00+00:00,65646.3,65700.0,65747.0,64733.0,0.0001,1.0,8.0,0.0,0.0002247664,8.0,8.0,0.093,BTC,True,True,15.32802962039859,-0.00012476639999999998
2024-06-18 16:00:00+00:00,64676.7,64671.3,64728.0,65217.0,0.0001,1.0,8.0,0.001,0.00017493830000000002,8.0,8.0,0.153,BTC,True,True,7.928615063811099,-7.493830000000001e-05
2024-06-19 00:00:00+00:00,65149.9,65114.0,65218.0,65369.0,4.127e-05,1.0,8.0,0.001,0.0001508545,8.0,8.0,0.114,BTC,True,True,10.447358006704672,-0.0001095845
2024-06-19 08:00:00+00:00,65294.9,65158.0,65370.0,64968.0,2.967e-05,1.0,8.0,0.0,0.0001044101,8.0,8.0,0.097,BTC,True,True,11.4950546427582,-7.474010000000001e-05
2024-06-19 16:00:00+00:00,64895.0,64900.0,64961.0,65018.0,3.934e-05,1.0,8.0,0.0,0.0002793986,8.0,8.0,0.182,BTC,True,True,10.16510683882322,-0.0002400586
2024-06-20 00:00:00+00:00,64933.6,65064.4,65017.0,65881.0,5.953e-05,1.0,8.0,0.0,0.0003283055,8.0,8.0,0.083,BTC,True,True,12.835648538814075,-0.00026877549999999997
2024-06-20 08:00:00+00:00,65831.3,65668.2,65881.0,64837.0,6.879e-05,1.0,8.0,0.0,0.0001,8.0,8.0,0.106,BTC,True,True,7.546751876449095,-3.121000000000001e-05
2024-06-20 16:00:00+00:00,64794.3,64863.9,64837.0,64903.0,3.344e-05,1.0,8.0,0.0,0.0001775418,8.0,8.0,0.161,BTC,True,True,6.587915348274188,-0.0001441018
2024-06-21 00:00:00+00:00,64854.0,64810.4,64903.0,64224.0,7.328e-05,1.0,8.0,0.0,0.00017197799999999999,8.0,8.0,0.11,BTC,True,True,7.552579410620145,-9.869799999999998e-05
2024-06-21 08:00:00+00:00,64179.5,63613.6,64224.0,63743.0,0.0001,1.0,8.0,0.0,0.0001,8.0,8.0,0.104,BTC,True,True,6.931275515322003,0.0
2024-06-21 16:00:00+00:00,63717.0,63642.5,63750.0,64129.0,0.0001,1.0,8.0,0.0,0.0001,8.0,8.0,0.071,BTC,True,True,5.177810843162143,0.0
2024-06-22 00:00:00+00:00,64124.1,64034.2,64142.0,64539.0,4.146e-05,1.0,8.0,0.0,0.0001,8.0,8.0,0.127,BTC,True,True,2.791072639802687,-5.8540000000000005e-05
2024-06-22 08:00:00+00:00,64490.0,64268.7,64540.0,64324.0,0.0001,1.0,8.0,0.0,0.0001,8.0,8.0,0.064,BTC,True,True,7.750136015297748,0.0
2024-06-22 16:00:00+00:00,64283.3,64295.4,64323.0,64291.0,0.0001,1.0,8.0,0.0,0.0001,8.0,8.0,0.153,BTC,True,True,6.17388125792105,0.0
2024-06-23 00:00:00+00:00,64240.1,64456.2,64290.0,64462.0,2.307e-05,1.0,8.0,0.0,0.0001501544,8.0,8.0,0.1,BTC,True,True,7.764718537851273,-0.0001270844
2024-06-23 08:00:00+00:00,64390.0,64359.7,64463.0,64058.0,4.676e-05,1.0,8.0,0.0,0.0001140987,8.0,8.0,0.167,BTC,True,True,11.330742444511134,-6.73387e-05
2024-06-23 16:00:00+00:00,64071.8,63900.1,64059.0,63167.0,9.534e-05,1.0,8.0,0.002,3.3100200000000005e-05,8.0,8.0,0.136,BTC,True,True,-1.99795834297226,6.22398e-05
2024-06-24 00:00:00+00:00,63194.9,63056.1,63167.0,62432.0,0.0001,1.0,8.0,0.0,4.18168e-05,8.0,8.0,0.14,BTC,True,True,-4.415888088636972,5.81832e-05
2024-06-24 08:00:00+00:00,62433.6,62710.6,62444.0,60797.0,7.488e-05,1.0,8.0,0.0,-1.52334e-05,8.0,8.0,0.107,BTC,True,True,1.6656309897117478,9.01134e-05
2024-06-24 16:00:00+00:00,60823.3,60144.5,60800.0,60345.0,7.447e-05,1.0,8.0,0.0,9.936950000000001e-05,8.0,8.0,0.233,BTC,True,True,-3.831502727692011,-2.4899500000000015e-05
2024-06-25 00:00:00+00:00,60273.5,60386.7,60341.0,60687.0,5.949e-05,1.0,8.0,0.0,0.000106928,8.0,8.0,0.143,BTC,True,True,11.192685298497372,-4.7438e-05
2024-06-25 08:00:00+00:00,60660.9,60841.5,60715.0,61846.0,7.752e-05,1.0,8.0,0.0,0.0001,8.0,8.0,0.149,BTC,True,True,8.914455601591456,-2.248e-05
2024-06-25 16:00:00+00:00,61775.9,61358.6,61857.0,61801.0,0.0001,1.0,8.0,0.002,0.0001,8.0,8.0,0.146,BTC,True,True,13.119487067358117,0.0
2024-06-26 00:00:00+00:00,61777.9,61739.4,61801.0,61762.0,0.0001,1.0,8.0,0.0,0.0001,8.0,8.0,0.158,BTC,True,True,3.738502328317422,0.0
2024-06-26 08:00:00+00:00,61705.3,61458.4,61761.0,61455.0,0.0001,1.0,8.0,0.0,0.0001,8.0,8.0,0.152,BTC,True,True,9.022705593145153,0.0
2024-06-26 16:00:00+00:00,61453.3,61249.1,61458.0,60857.0,0.0001,1.0,8.0,0.0,0.0001,8.0,8.0,0.179,BTC,True,True,0.7647791541196238,0.0
2024-06-27 00:00:00+00:00,60860.1,60974.9,60861.0,60818.0,0.0001,1.0,8.0,0.001,0.0001,8.0,8.0,0.124,BTC,True,True,0.14787904480332964,0.0
2024-06-27 08:00:00+00:00,60786.4,60861.3,60819.0,61593.0,0.0001,1.0,8.0,0.0,0.0001,8.0,8.0,0.111,BTC,True,True,5.361604136158041,0.0
2024-06-27 16:00:00+00:00,61570.6,61701.1,61594.0,61756.0,0.0001,1.0,8.0,0.0,0.0003243249,8.0,8.0,0.142,BTC,True,True,3.7997931680941592,-0.0002243249
2024-06-28 00:00:00+00:00,61682.1,61536.9,61736.0,61337.0,0.0001,1.0,8.0,0.0,0.0001869387,8.0,8.0,0.138,BTC,True,True,8.734537871962857,-8.693870000000001e-05
2024-06-28 08:00:00+00:00,61318.0,61456.5,61334.0,61066.0,0.0001,1.0,8.0,0.0,0.0001238127,8.0,8.0,0.11,BTC,True,True,2.6090076135337448,-2.381269999999999e-05
2024-06-28 16:00:00+00:00,61039.9,60926.9,61074.0,60473.0,0.0001,1.0,8.0,0.001,0.0001,8.0,8.0,0.108,BTC,True,True,5.584949933849527,0.0
2024-06-29 00:00:00+00:00,60429.8,60768.9,60473.0,61098.0,0.0001,1.0,8.0,0.0,0.0001812606,8.0,8.0,0.094,BTC,True,True,7.146236784999861,-8.126059999999999e-05
2024-06-29 08:00:00+00:00,61049.8,60973.2,61101.0,61147.0,0.0001,1.0,8.0,0.0,0.00020208700000000002,8.0,8.0,0.174,BTC,True,True,8.383081076577268,-0.00010208700000000001
2024-06-29 16:00:00+00:00,61107.8,61009.0,61146.0,60981.0,0.0001,1.0,8.0,0.0,0.0001,8.0,8.0,0.121,BTC,True,True,6.2492947038378786,0.0
2024-06-30 00:00:00+00:00,60982.5,61016.3,60983.0,61519.0,0.0001,1.0,8.0,0.0,0.0001,8.0,8.0,0.15,BTC,True,True,0.08199039892580427,0.0
2024-06-30 08:00:00+00:00,61533.6,61550.5,61526.0,61685.0,0.0001,1.0,8.0,0.0,0.0001,8.0,8.0,0.158,BTC,True,True,-1.235173852289851,0.0
2024-06-30 16:00:00+00:00,61722.5,61600.0,61686.0,62741.0,0.0001,1.0,8.0,0.0,8.1829e-05,8.0,8.0,0.182,BTC,True,True,-5.9153139474685785,1.8171e-05
2024-07-01 00:00:00+00:00,62766.1,62924.6,62741.0,63270.0,0.0001,1.0,8.0,0.0,0.0001,8.0,8.0,0.176,BTC,True,True,-3.999773771305249,0.0
2024-07-01 08:00:00+00:00,63265.5,62910.0,63270.0,63123.0,0.0001,1.0,8.0,0.001,0.0001,8.0,8.0,0.167,BTC,True,True,0.7112628474856538,0.0
2024-07-01 16:00:00+00:00,63120.0,63105.2,63134.0,62914.0,0.0001,1.0,8.0,0.0,0.0001,8.0,8.0,0.143,BTC,True,True,2.2177515258736857,0.0
2024-07-02 00:00:00+00:00,62883.7,62912.7,62907.0,62617.0,0.0001,1.0,8.0,0.0,0.0001,8.0,8.0,0.095,BTC,True,True,3.7045664371801106,0.0
2024-07-02 08:00:00+00:00,62617.9,62666.1,62616.0,61964.0,0.0001,1.0,8.0,0.0,0.0001,8.0,8.0,0.187,BTC,True,True,-0.3034322176578949,0.0
2024-07-02 16:00:00+00:00,61945.0,61922.8,61956.0,62141.0,0.0001,1.0,8.0,0.0,0.0001,8.0,8.0,0.128,BTC,True,True,1.7756111781023407,0.0
2024-07-03 00:00:00+00:00,62123.5,62075.9,62153.0,60913.0,0.0001,1.0,8.0,0.001,0.0001,8.0,8.0,0.39,BTC,True,True,4.747478494176283,0.0
2024-07-03 08:00:00+00:00,60859.8,60496.1,60900.0,60169.0,0.0001,1.0,8.0,0.0,7.37151e-05,8.0,8.0,0.171,BTC,True,True,6.603164831193993,2.6284900000000003e-05
2024-07-03 16:00:00+00:00,60176.1,60495.8,60164.0,60169.0,0.0001,1.0,8.0,0.0,-8.00335e-05,8.0,8.0,0.127,BTC,True,True,-2.0109672570942836,0.00018003350000000002
2024-07-04 00:00:00+00:00,60208.0,60417.9,60169.0,58188.0,0.0001,1.0,8.0,0.0,9.02189e-05,8.0,8.0,0.152,BTC,True,True,-6.479643347905513,9.7811e-06
2024-07-04 08:00:00+00:00,58214.0,57674.1,58191.0,58119.0,0.0001,1.0,8.0,0.0,7.931460000000001e-05,8.0,8.0,0.131,BTC,True,True,-3.951720338354448,2.0685399999999997e-05
2024-07-04 16:00:00+00:00,58137.5,58288.4,58119.0,57023.0,0.0001,1.0,8.0,0.0,8.85505e-05,8.0,8.0,0.185,BTC,True,True,-3.1826177729688707,1.14495e-05
2024-07-05 00:00:00+00:00,57045.9,57363.4,57022.0,54413.0,0.0001,1.0,8.0,0.0,1.4022900000000004e-05,8.0,8.0,0.143,BTC,True,True,-4.190486604862613,8.59771e-05
2024-07-05 08:00:00+00:00,54389.4,54065.9,54403.0,56632.0,1.762e-05,1.0,8.0,0.0,0.0001,8.0,8.0,0.134,BTC,True,True,2.500174657575787,-8.238000000000001e-05
2024-07-05 16:00:00+00:00,56637.5,56425.0,56632.0,56591.0,5.729e-05,1.0,8.0,0.0,4.5958400000000004e-05,8.0,8.0,0.154,BTC,True,True,-0.9711352136848316,1.1331599999999998e-05
2024-07-06 00:00:00+00:00,56604.9,56582.3,56591.0,56578.0,7.512e-05,1.0,8.0,0.0,-0.0001820348,8.0,8.0,0.103,BTC,True,True,-2.4559193521789107,0.0002571548
2024-07-06 08:00:00+00:00,56571.1,56530.8,56573.0,57293.0,3.25e-05,1.0,8.0,0.0,6.20257e-05,8.0,8.0,0.105,BTC,True,True,0.33585489657570705,-2.95257e-05
2024-07-06 16:00:00+00:00,57285.4,57830.2,57316.0,58211.0,8.164e-05,1.0,8.0,0.001,9.008940000000001e-05,8.0,8.0,0.121,BTC,True,True,5.3402490243945975,-8.449400000000014e-06
2024-07-07 00:00:00+00:00,58216.0,57910.1,58239.0,57336.0,0.0001,1.0,8.0,0.0,-2.03848e-05,8.0,8.0,0.153,BTC,True,True,3.9500236656316763,0.0001203848
2024-07-07 08:00:00+00:00,57344.5,57624.8,57336.0,56795.0,0.0001,1.0,8.0,0.0,-0.0001379288,8.0,8.0,0.116,BTC,True,True,-1.4823793086990087,0.0002379288
2024-07-07 16:00:00+00:00,56806.2,57090.1,56796.0,55817.0,7.905e-05,1.0,8.0,0.0,-5.1417799999999994e-05,8.0,8.0,0.127,BTC,True,True,-1.7957398760599033,0.0001304678
2024-07-08 00:00:00+00:00,55831.0,55068.9,55819.0,55813.0,8.222e-05,1.0,8.0,0.0,-0.0001941415,8.0,8.0,0.1,BTC,True,True,-2.1495745716447288,0.0002763615
2024-07-08 08:00:00+00:00,55828.4,57767.8,55833.0,55769.0,0.0001,1.0,8.0,0.0,7.82955e-05,8.0,8.0,0.1,BTC,True,True,0.8239194569662429,2.1704500000000002e-05
2024-07-08 16:00:00+00:00,55736.8,55789.8,55755.0,56725.0,0.0001,1.0,8.0,0.0,0.000102842,8.0,8.0,0.131,BTC,True,True,3.264814122950959,-2.8419999999999975e-06
2024-07-09 00:00:00+00:00,56686.4,56507.6,56725.0,57129.0,8.61e-06,1.0,8.0,0.001,0.0001,8.0,8.0,0.116,BTC,True,True,6.807076094728366,-9.139e-05
2024-07-09 08:00:00+00:00,57102.5,57599.7,57129.0,57462.0,0.0001,1.0,8.0,0.0,0.0001,8.0,8.0,0.148,BTC,True,True,4.63970104137268,0.0
2024-07-09 16:00:00+00:00,57445.3,57663.1,57455.0,58093.0,0.0001,1.0,8.0,0.0,0.0001,8.0,8.0,0.156,BTC,True,True,1.6884203127479367,0.0
2024-07-10 00:00:00+00:00,58023.1,57468.0,58092.0,58976.0,9.225e-05,1.0,8.0,0.0,0.0001,8.0,8.0,0.144,BTC,True,True,11.867536278481154,-7.749999999999999e-06
2024-07-10 08:00:00+00:00,58948.0,58735.2,58975.0,57666.0,5.485e-05,1.0,8.0,0.0,4.83153e-05,8.0,8.0,0.16,BTC,True,True,4.579259427221652,6.534699999999997e-06
2024-07-10 16:00:00+00:00,57658.1,57675.2,57669.0,57734.0,0.0001,1.0,8.0,0.002,8.64861e-05,8.0,8.0,0.147,BTC,True,True,1.8902755783256655,1.35139e-05
2024-07-11 00:00:00+00:00,57707.0,57608.0,57726.0,58183.0,0.0001,1.0,8.0,0.002,-5.27592e-05,8.0,8.0,0.125,BTC,True,True,3.2919529374767382,0.0001527592
2024-07-11 08:00:00+00:00,58168.2,58145.5,58185.0,57372.0,0.0001,1.0,8.0,0.004,7.68326e-05,8.0,8.0,0.125,BTC,True,True,2.887759015952463,2.3167400000000005e-05
2024-07-11 16:00:00+00:00,57382.8,57618.5,57374.0,57303.0,6.378e-05,1.0,8.0,0.0,4.46341e-05,8.0,8.0,0.144,BTC,True,True,-1.5336781815549103,1.9145900000000002e-05
2024-07-12 00:00:00+00:00,57315.7,57147.7,57307.0,57078.0,3.026e-05,1.0,8.0,0.0,-4.705349999999999e-05,8.0,8.0,0.138,BTC,True,True,-1.5180239196426493,7.731349999999999e-05
2024-07-12 08:00:00+00:00,57071.4,57304.7,57078.0,58197.0,4.037e-05,1.0,8.0,0.0,7.56479e-05,8.0,8.0,0.147,BTC,True,True,1.1563792726642121,-3.5277899999999996e-05
2024-07-12 16:00:00+00:00,58188.9,58089.8,58213.0,57883.0,8.319e-05,1.0,8.0,0.0,0.0001,8.0,8.0,0.138,BTC,True,True,4.140825939155753,-1.681000000000001e-05
2024-07-13 00:00:00+00:00,57870.0,57813.7,57883.0,58165.0,6.865e-05,1.0,8.0,0.0,9.656520000000001e-05,8.0,8.0,0.091,BTC,True,True,2.2461620959552335,-2.7915200000000007e-05
2024-07-13 08:00:00+00:00,58140.0,57929.9,58175.0,58849.0,0.0001,1.0,8.0,0.0,0.0001,8.0,8.0,0.167,BTC,True,True,6.0181405762562115,0.0
2024-07-13 16:00:00+00:00,58808.5,58593.9,58849.0,59213.0,8.737e-05,1.0,8.0,0.0,0.0001,8.0,8.0,0.126,BTC,True,True,6.88438928237808,-1.2630000000000006e-05
2024-07-14 00:00:00+00:00,59173.9,59719.7,59224.0,60091.0,3.71e-05,1.0,8.0,0.0,0.0001,8.0,8.0,0.152,BTC,True,True,8.46298844662387,-6.290000000000001e-05
2024-07-14 08:00:00+00:00,60031.2,60169.0,60090.0,60102.0,8.342e-05,1.0,8.0,0.0,0.0001,8.0,8.0,0.138,BTC,True,True,9.790112768849196,-1.6580000000000007e-05
2024-07-14 16:00:00+00:00,60053.3,60076.8,60103.0,60812.0,4.59e-05,1.0,8.0,0.0,0.0001,8.0,8.0,0.155,BTC,True,True,8.272558797892776,-5.410000000000001e-05
2024-07-15 00:00:00+00:00,60766.0,61186.8,60804.0,62855.0,3.202e-05,1.0,8.0,0.0,0.0001,8.0,8.0,0.126,BTC,True,True,6.251542524897064,-6.798000000000001e-05
2024-07-15 08:00:00+00:00,62816.1,62847.5,62855.0,63020.0,-5.14e-06,1.0,8.0,0.0,0.00012191820000000001,8.0,8.0,0.161,BTC,True,True,6.190763229156277,-0.0001270582
2024-07-15 16:00:00+00:00,62986.0,63369.6,63021.0,64764.0,-5.062e-05,1.0,8.0,0.0,0.0001,8.0,8.0,0.148,BTC,True,True,5.555247073592926,-0.00015062000000000002
2024-07-16 00:00:00+00:00,64680.6,64580.6,64764.0,62912.0,8.814e-05,1.0,8.0,0.0,0.0001,8.0,8.0,0.15,BTC,True,True,12.885823207779186,-1.1859999999999998e-05
2024-07-16 08:00:00+00:00,62881.8,62799.2,62912.0,64917.0,2.717e-05,1.0,8.0,0.0,0.0001091028,8.0,8.0,0.149,BTC,True,True,4.801508592665349,-8.19328e-05
2024-07-16 16:00:00+00:00,64833.9,64469.6,64921.0,65054.0,-3.419e-05,1.0,8.0,0.0,0.0001693098,8.0,8.0,0.156,BTC,True,True,13.42531389294009,-0.0002034998
2024-07-17 00:00:00+00:00,65010.0,65470.7,65045.0,65267.0,1.775e-05,1.0,8.0,0.001,0.0001243804,8.0,8.0,0.168,BTC,True,True,5.3823383714506825,-0.0001066304
2024-07-17 08:00:00+00:00,65226.2,65145.4,65260.0,64769.0,2.143e-05,1.0,8.0,0.0,0.00010084,8.0,8.0,0.182,BTC,True,True,5.180624580370592,-7.941e-05
2024-07-17 16:00:00+00:00,64696.0,64221.3,64742.0,64061.0,6.89e-06,1.0,8.0,0.0,0.0001,8.0,8.0,0.179,BTC,True,True,7.107650293815451,-9.311000000000001e-05
2024-07-18 00:00:00+00:00,64055.8,64407.0,64061.0,64700.0,1.546e-05,1.0,8.0,0.0,0.00012919720000000002,8.0,8.0,0.144,BTC,True,True,0.8117592701107356,-0.00011373720000000001
2024-07-18 08:00:00+00:00,64644.8,64911.7,64718.0,63550.0,3.127e-05,1.0,8.0,0.0,0.0001498579,8.0,8.0,0.15,BTC,True,True,11.317010425340442,-0.0001185879
2024-07-18 16:00:00+00:00,63500.1,63878.3,63530.0,64044.0,4.029e-05,1.0,8.0,0.0,0.0001276611,8.0,8.0,0.161,BTC,True,True,4.707545778862489,-8.73711e-05
2024-07-19 00:00:00+00:00,63960.0,63576.9,64044.0,63737.0,4.855e-05,1.0,8.0,0.0,0.0001195604,8.0,8.0,0.149,BTC,True,True,13.124591740547148,-7.10104e-05
2024-07-19 08:00:00+00:00,63673.9,63783.9,63736.0,65869.0,4.606e-05,1.0,8.0,0.0,0.00010415150000000001,8.0,8.0,0.151,BTC,True,True,9.748065875183231,-5.8091500000000004e-05
2024-07-19 16:00:00+00:00,65791.5,66374.0,65869.0,66691.0,-3.077e-05,1.0,8.0,0.001,0.000149777,8.0,8.0,0.161,BTC,True,True,11.77270463822172,-0.000180547
2024-07-20 00:00:00+00:00,66627.9,66391.0,66691.0,66604.0,1.944e-05,1.0,8.0,0.0,0.0001672607,8.0,8.0,0.13,BTC,True,True,9.466025404016031,-0.0001478207
2024-07-20 08:00:00+00:00,66526.4,66470.3,66603.0,66856.0,1.622e-05,1.0,8.0,0.0,0.0001433178,8.0,8.0,0.176,BTC,True,True,11.507602145449766,-0.0001270978
2024-07-20 16:00:00+00:00,66797.0,66776.7,66856.0,67219.0,-5.313e-05,1.0,8.0,0.0,0.0003019545,8.0,8.0,0.134,BTC,True,True,8.828833446680937,-0.00035508450000000004
2024-07-21 00:00:00+00:00,67095.6,67026.5,67216.0,66733.0,2.194e-05,1.0,8.0,0.0,0.0002609856,8.0,8.0,0.188,BTC,True,True,17.928463699356197,-0.00023904560000000003
2024-07-21 08:00:00+00:00,66669.9,66760.3,66737.0,67226.0,6.46e-06,1.0,8.0,0.0,0.0002159318,8.0,8.0,0.184,BTC,True,True,10.059450546914025,-0.0002094718
2024-07-21 16:00:00+00:00,67130.9,67524.7,67226.0,68213.0,9.136e-05,1.0,8.0,0.0,0.0005106928,8.0,8.0,0.221,BTC,True,True,14.156327792891727,-0.0004193328
2024-07-22 00:00:00+00:00,68138.0,68163.7,68212.0,67254.0,5.953e-05,1.0,8.0,0.0,0.0001952551,8.0,8.0,0.174,BTC,True,True,10.854419840920189,-0.0001357251
2024-07-22 08:00:00+00:00,67210.4,67060.1,67254.0,67120.0,2.769e-05,1.0,8.0,0.0,0.0001394548,8.0,8.0,0.221,BTC,True,True,6.4849880753586,-0.00011176480000000001
2024-07-22 16:00:00+00:00,67044.3,67019.9,67125.0,67581.0,4.709e-05,1.0,8.0,0.0,0.000169396,8.0,8.0,0.24,BTC,True,True,12.029579006790915,-0.00012230599999999998
2024-07-23 00:00:00+00:00,67499.2,67458.1,67580.0,66610.0,4.31e-05,1.0,8.0,0.0,0.0001254891,8.0,8.0,0.165,BTC,True,True,11.963353297454523,-8.238910000000002e-05
2024-07-23 08:00:00+00:00,66549.9,66859.4,66599.0,66626.0,4.642e-05,1.0,8.0,0.0,0.0001,8.0,8.0,0.184,BTC,True,True,7.375202082122589,-5.3580000000000005e-05
2024-07-23 16:00:00+00:00,66552.8,65824.9,66622.0,65991.0,0.0001,1.0,8.0,0.0,0.00012859120000000002,8.0,8.0,0.149,BTC,True,True,10.392357447213765,-2.8591200000000012e-05
2024-07-24 00:00:00+00:00,65916.3,65763.2,65991.0,66101.0,0.0001,1.0,8.0,0.0,0.0001239051,8.0,8.0,0.119,BTC,True,True,11.326137065274537,-2.3905100000000003e-05
2024-07-24 08:00:00+00:00,66049.0,66412.6,66104.0,66210.0,0.0001,1.0,8.0,0.0,0.00012010700000000001,8.0,8.0,0.172,BTC,True,True,8.323685905805872,-2.0107000000000002e-05
2024-07-24 16:00:00+00:00,66155.8,66367.2,66219.0,65423.0,0.0001,1.0,8.0,0.0,0.00014743580000000002,8.0,8.0,0.152,BTC,True,True,9.548645935927805,-4.743580000000001e-05
2024-07-25 00:00:00+00:00,65350.7,65482.7,65409.0,64176.0,0.0001,1.0,8.0,0.0,0.0001032572,8.0,8.0,0.239,BTC,True,True,8.917121079828487,-3.2572e-06
2024-07-25 08:00:00+00:00,64115.0,64335.6,64180.0,64829.0,0.0001,1.0,8.0,0.0,0.0001,8.0,8.0,0.148,BTC,True,True,10.132897706315728,0.0
2024-07-25 16:00:00+00:00,64773.3,64852.9,64833.0,65857.0,0.0001,1.0,8.0,0.0,0.0001041784,8.0,8.0,0.151,BTC,True,True,9.21251578392515,-4.1784000000000005e-06
2024-07-26 00:00:00+00:00,65773.0,66358.4,65858.0,66918.0,0.0001,1.0,8.0,0.0,0.0001562388,8.0,8.0,0.175,BTC,True,True,12.91489266428153,-5.62388e-05
2024-07-26 08:00:00+00:00,66873.7,67076.3,66919.0,67589.0,3.34e-05,1.0,8.0,0.0,0.0001,8.0,8.0,0.155,BTC,True,True,6.771670163027429,-6.66e-05
2024-07-26 16:00:00+00:00,67527.9,67367.7,67589.0,67960.0,6.547e-05,1.0,8.0,0.0,0.0001084955,8.0,8.0,0.158,BTC,True,True,9.044021016570678,-4.302550000000001e-05
2024-07-27 00:00:00+00:00,67882.5,67847.1,67958.0,68103.0,8.022e-05,1.0,8.0,0.0,0.0002524847,8.0,8.0,0.158,BTC,True,True,11.115979074619952,-0.0001722647
2024-07-27 08:00:00+00:00,68013.5,67962.2,68103.0,68884.0,9.109e-05,1.0,8.0,0.0,0.0001539451,8.0,8.0,0.146,BTC,True,True,13.150501650882786,-6.285510000000001e-05
2024-07-27 16:00:00+00:00,68821.9,68662.1,68883.0,67958.0,8.18e-05,1.0,8.0,0.0,0.0001635386,8.0,8.0,0.144,BTC,True,True,8.874049363476328,-8.173860000000001e-05
2024-07-28 00:00:00+00:00,67873.7,67929.4,67945.0,67575.0,9.177e-05,1.0,8.0,0.0,0.0002481838,8.0,8.0,0.186,BTC,True,True,10.499291562915248,-0.00015641380000000002
2024-07-28 08:00:00+00:00,67517.6,67355.7,67575.0,67688.0,2.804e-05,1.0,8.0,0.001,0.0001285174,8.0,8.0,0.205,BTC,True,True,8.49787530245646,-0.00010047740000000001
2024-07-28 16:00:00+00:00,67624.2,67646.2,67687.0,68321.0,8.361e-05,1.0,8.0,0.001,0.0003009741,8.0,8.0,0.147,BTC,True,True,9.282306935288275,-0.0002173641
2024-07-29 00:00:00+00:00,68215.5,68687.5,68322.0,69566.0,5.623e-05,1.0,8.0,0.0,0.0005584823,8.0,8.0,0.169,BTC,True,True,15.60011302367663,-0.0005022523
2024-07-29 08:00:00+00:00,69510.5,69436.0,69573.0,68174.0,0.0001,1.0,8.0,0.001,0.00013648610000000001,8.0,8.0,0.15,BTC,True,True,8.987407450480573,-3.648610000000001e-05
2024-07-29 16:00:00+00:00,68067.3,66921.0,68167.0,66807.0,3.396e-05,1.0,8.0,0.0,0.0004120484,8.0,8.0,0.108,BTC,True,True,14.636551558429732,-0.00037808840000000003
2024-07-30 00:00:00+00:00,66750.1,66572.0,66806.0,66991.0,3.562e-05,1.0,8.0,0.001,0.0001134433,8.0,8.0,0.157,BTC,True,True,8.371014616969662,-7.78233e-05
2024-07-30 08:00:00+00:00,66914.0,66740.0,66992.0,66241.0,7.691e-05,1.0,8.0,0.0,0.0001008704,8.0,8.0,0.173,BTC,True,True,11.64996472479309,-2.396040000000001e-05
2024-07-30 16:00:00+00:00,66198.0,66150.2,66241.0,66233.0,3.063e-05,1.0,8.0,0.0,0.0001,8.0,8.0,0.114,BTC,True,True,6.493555751848795,-6.937e-05
2024-07-31 00:00:00+00:00,66159.3,66313.9,66233.0,66218.0,7.178e-05,1.0,8.0,0.0,0.0001,8.0,8.0,0.12,BTC,True,True,11.133579160267525,-2.822000000000001e-05
2024-07-31 08:00:00+00:00,66196.4,66285.1,66218.0,66376.0,3.826e-05,1.0,8.0,0.0,0.0001,8.0,8.0,0.151,BTC,True,True,3.262485075882845,-6.174e-05
2024-07-31 16:00:00+00:00,66354.4,66334.3,66377.0,64672.0,8.208e-05,1.0,8.0,0.0,0.0001,8.0,8.0,0.157,BTC,True,True,3.4053735918424635,-1.7920000000000005e-05
2024-08-01 00:00:00+00:00,64601.8,64626.4,64668.0,64373.0,0.0001,1.0,8.0,0.0,0.0001,8.0,8.0,0.157,BTC,True,True,10.242145619017075,0.0
2024-08-01 08:00:00+00:00,64297.5,64472.2,64360.0,62975.0,0.0001,1.0,8.0,0.0,0.0001306844,8.0,8.0,0.145,BTC,True,True,9.715718852988172,-3.0684399999999994e-05
2024-08-01 16:00:00+00:00,62892.6,62890.1,62976.0,65391.0,0.0001,1.0,8.0,0.0,0.0002828237,8.0,8.0,0.128,BTC,True,True,13.25191703174927,-0.0001828237
2024-08-02 00:00:00+00:00,65329.0,64877.8,65402.0,64222.0,0.0001,1.0,8.0,0.001,0.0001,8.0,8.0,0.16,BTC,True,True,11.167972032242545,0.0
2024-08-02 08:00:00+00:00,64146.0,64569.7,64186.0,63457.0,0.0001,1.0,8.0,0.0,0.0001,8.0,8.0,0.149,BTC,True,True,6.233831202717709,0.0
2024-08-02 16:00:00+00:00,63393.5,63289.9,63458.0,61527.0,0.0001,1.0,8.0,0.0,0.0001018242,8.0,8.0,0.15,BTC,True,True,10.169372149106799,-1.824200000000002e-06
2024-08-03 00:00:00+00:00,61483.7,61117.5,61527.0,61710.0,9.788e-05,1.0,8.0,0.0,0.00011616380000000001,8.0,8.0,0.147,BTC,True,True,7.040038271203354,-1.8283800000000003e-05
2024-08-03 08:00:00+00:00,61636.0,61606.0,61709.0,60924.0,4.247e-05,1.0,8.0,0.001,0.0001428592,8.0,8.0,0.154,BTC,True,True,11.836719530298957,-0.0001003892
2024-08-03 16:00:00+00:00,60857.8,60892.7,60903.0,60718.0,0.0001,1.0,8.0,0.0,0.0001,8.0,8.0,0.179,BTC,True,True,7.424393084841609,0.0
2024-08-04 00:00:00+00:00,60684.5,60726.4,60725.0,60366.0,5.343e-05,1.0,8.0,0.0,0.0001,8.0,8.0,0.166,BTC,True,True,6.67163632207214,-4.657e-05
2024-08-04 08:00:00+00:00,60344.6,60544.6,60370.0,59120.0,0.0001,1.0,8.0,0.0,0.000118986,8.0,8.0,0.129,BTC,True,True,4.20827312932429,-1.8985999999999997e-05
2024-08-04 16:00:00+00:00,59069.9,58647.2,59121.0,58181.0,0.0001,1.0,8.0,0.0,0.0001665144,8.0,8.0,0.193,BTC,True,True,8.64702835565215,-6.651440000000001e-05
2024-08-05 00:00:00+00:00,58144.5,56143.9,58187.0,52728.0,4.429e-05,1.0,8.0,0.0,0.00011183760000000001,8.0,8.0,0.166,BTC,True,True,7.306705731606215,-6.754760000000001e-05
2024-08-05 08:00:00+00:00,52645.6,52727.7,52710.0,54330.0,5.967e-05,1.0,8.0,0.0,0.00010151720000000001,8.0,8.0,0.16,BTC,True,True,12.225265295980549,-4.184720000000001e-05
2024-08-05 16:00:00+00:00,54289.7,54016.1,54330.0,53978.0,3.566e-05,1.0,8.0,0.0,0.0001,8.0,8.0,0.192,BTC,True,True,7.420385408755056,-6.434e-05
2024-08-06 00:00:00+00:00,54003.5,56010.1,53984.0,56035.0,-2.845e-05,1.0,8.0,0.0,0.0001,8.0,8.0,0.166,BTC,True,True,-3.611529151420919,-0.00012845
2024-08-06 08:00:00+00:00,55979.0,54969.9,56026.0,56431.0,4.485e-05,1.0,8.0,0.0,0.0001,8.0,8.0,0.146,BTC,True,True,8.392482971056923,-5.5150000000000006e-05
2024-08-06 16:00:00+00:00,56370.0,56743.7,56433.0,55999.0,-7.3e-06,1.0,8.0,0.0,9.65122e-05,8.0,8.0,0.149,BTC,True,True,11.169916855095902,-0.0001038122
2024-08-07 00:00:00+00:00,55991.3,56251.2,55991.0,56928.0,-6.859e-05,1.0,8.0,0.001,0.0001,8.0,8.0,0.173,BTC,True,True,-0.053579896109150926,-0.00016859
2024-08-07 08:00:00+00:00,56898.8,57320.5,56937.0,56083.0,3.241e-05,1.0,8.0,0.0,8.72027e-05,8.0,8.0,0.194,BTC,True,True,6.711421439279207,-5.47927e-05
2024-08-07 16:00:00+00:00,56067.4,56098.9,56067.0,55104.0,2.637e-05,1.0,8.0,0.001,5.99354e-05,8.0,8.0,0.209,BTC,True,True,-0.07134295987695875,-3.35654e-05
2024-08-08 00:00:00+00:00,55102.9,55270.6,55102.0,57173.0,3.086e-05,1.0,8.0,0.0,9.054310000000001e-05,8.0,8.0,0.121,BTC,True,True,-0.16333212044518744,-5.968310000000001e-05
2024-08-08 08:00:00+00:00,57166.4,57209.9,57177.0,59397.0,1.147e-05,1.0,8.0,0.0,4.67091e-05,8.0,8.0,0.192,BTC,True,True,1.8540641664262094,-3.52391e-05
2024-08-08 16:00:00+00:00,59391.9,59531.9,59403.0,61640.0,4.994e-05,1.0,8.0,0.0,-1.85248e-05,8.0,8.0,0.17,BTC,True,True,1.8687670989755347,6.84648e-05
2024-08-09 00:00:00+00:00,61659.8,61187.1,61641.0,60821.0,2.184e-05,1.0,8.0,0.0,-4.71581e-05,8.0,8.0,0.197,BTC,True,True,-3.049453068543432,6.89981e-05
2024-08-09 08:00:00+00:00,60844.1,61063.0,60822.0,59771.0,4.846e-05,1.0,8.0,0.0,-3.63166e-05,8.0,8.0,0.163,BTC,True,True,-3.632893672611016,8.477659999999999e-05
2024-08-09 16:00:00+00:00,59786.4,60406.6,59772.0,60825.0,-3.942e-05,1.0,8.0,0.0,8.385160000000001e-05,8.0,8.0,0.079,BTC,True,True,-2.4088646334562323,-0.0001232716
2024-08-10 00:00:00+00:00,60808.6,60511.6,60826.0,60866.0,-1.379e-05,1.0,8.0,0.0,9.301780000000001e-05,8.0,8.0,0.153,BTC,True,True,2.861028049368772,-0.00010680780000000001
2024-08-10 08:00:00+00:00,60809.6,60706.6,60867.0,60515.0,-1.949e-05,1.0,8.0,0.0,0.0001,8.0,8.0,0.09,BTC,True,True,9.434846841207529,-0.00011949000000000001
2024-08-10 16:00:00+00:00,60480.5,60645.8,60510.0,60930.0,4.049e-05,1.0,8.0,0.0,0.0001,8.0,8.0,0.155,BTC,True,True,4.8764160135837455,-5.9510000000000005e-05
2024-08-11 00:00:00+00:00,60889.8,61059.1,60929.0,61278.0,-1.839e-05,1.0,8.0,0.0,0.0001166846,8.0,8.0,0.143,BTC,True,True,6.43578845843707,-0.0001350746
2024-08-11 08:00:00+00:00,61225.0,61226.1,61286.0,60143.0,1.185e-05,1.0,8.0,0.001,0.000106976,8.0,8.0,0.155,BTC,True,True,9.958290282670132,-9.5126e-05
2024-08-11 16:00:00+00:00,60099.9,60154.6,60157.0,58727.0,1.113e-05,1.0,8.0,0.0,0.0001010403,8.0,8.0,0.2,BTC,True,True,9.496337306398084,-8.99103e-05
2024-08-12 00:00:00+00:00,58693.1,58433.5,58728.0,58707.0,8.783e-05,1.0,8.0,0.0,0.0001,8.0,8.0,0.097,BTC,True,True,5.94441731983336,-1.217e-05
2024-08-12 08:00:00+00:00,58640.1,58291.1,58704.0,60228.0,-2.238e-05,1.0,8.0,0.0,0.0001,8.0,8.0,0.197,BTC,True,True,10.891047153839764,-0.00012238
2024-08-12 16:00:00+00:00,60171.3,59581.7,60238.0,59337.0,6.14e-05,1.0,8.0,0.0,0.0001,8.0,8.0,0.154,BTC,True,True,11.078879591922945,-3.86e-05
2024-08-13 00:00:00+00:00,59323.7,59762.4,59337.0,59227.0,5.21e-06,1.0,8.0,0.0,0.0001,8.0,8.0,0.166,BTC,True,True,2.2416857570705626,-9.479e-05
2024-08-13 08:00:00+00:00,59209.1,59068.1,59227.0,59469.0,-3.902e-05,1.0,8.0,0.0,0.0001,8.0,8.0,0.113,BTC,True,True,3.0227270462788933,-0.00013902
2024-08-13 16:00:00+00:00,59438.4,61121.0,59471.0,60560.0,1.152e-05,1.0,8.0,0.0,0.0001,8.0,8.0,0.118,BTC,True,True,5.483166312631661,-8.848e-05
2024-08-14 00:00:00+00:00,60550.4,60751.2,60560.0,60919.0,-1.33e-05,1.0,8.0,0.0,0.0001,8.0,8.0,0.185,BTC,True,True,1.585330412599801,-0.0001133
2024-08-14 08:00:00+00:00,60887.3,60859.8,60919.0,59425.0,-7.811e-05,1.0,8.0,0.0,0.0001,8.0,8.0,0.17,BTC,True,True,5.204985409731765,-0.00017811
2024-08-14 16:00:00+00:00,59396.9,59090.5,59446.0,58730.0,-8.488e-05,1.0,8.0,0.0,0.0001754386,8.0,8.0,0.12,BTC,True,True,8.263009871633965,-0.0002603186
2024-08-15 00:00:00+00:00,58648.1,58958.9,58725.0,58051.0,6.339e-05,1.0,8.0,0.0,0.0001313467,8.0,8.0,0.165,BTC,True,True,13.103515371622056,-6.79567e-05
2024-08-15 08:00:00+00:00,58031.9,58344.5,58052.0,59734.0,-6.181e-05,1.0,8.0,0.0,8.75e-05,7.0,7.0,0.126,BTC,False,True,3.463012562616281,-0.00014931
2024-08-15 16:00:00+00:00,59643.3,59503.0,59732.0,57549.0,-0.00011235,1.0,8.0,0.0,0.0001,8.0,8.0,0.115,BTC,True,True,14.86069837291008,-0.00021234999999999998
2024-08-16 00:00:00+00:00,57511.1,57438.3,57540.0,58461.0,-7.387e-05,1.0,8.0,0.0,0.0001,8.0,8.0,0.117,BTC,True,True,5.023854723308008,-0.00017387000000000001
2024-08-16 08:00:00+00:00,58423.4,58326.2,58457.0,58036.0,-5.57e-06,1.0,8.0,0.0,-6.87294e-05,8.0,8.0,0.077,BTC,True,True,5.749467134879946,6.31594e-05
2024-08-16 16:00:00+00:00,58035.1,58529.9,58038.0,58870.0,1.912e-05,1.0,8.0,0.0,7.47582e-05,8.0,8.0,0.162,BTC,True,True,0.4996851123300594,-5.5638200000000005e-05
2024-08-17 00:00:00+00:00,58854.9,59151.3,58870.0,59249.0,4.177e-05,1.0,8.0,0.0,0.0001,8.0,8.0,0.111,BTC,True,True,2.5653026815574655,-5.823e-05
2024-08-17 08:00:00+00:00,59221.9,59256.0,59248.0,59368.0,-1.52e-06,1.0,8.0,0.0,0.0001,8.0,8.0,0.073,BTC,True,True,4.406182569963019,-0.00010152
2024-08-17 16:00:00+00:00,59357.7,59582.5,59369.0,59468.0,3.966e-05,1.0,8.0,0.0,3.20299e-05,8.0,8.0,0.118,BTC,True,True,1.903531393381024,7.6301e-06
2024-08-18 00:00:00+00:00,59468.5,59646.8,59468.0,59549.0,-1.323e-05,1.0,8.0,0.0,8.84162e-05,8.0,8.0,0.146,BTC,True,True,-0.08407847885266666,-0.00010164620000000001
2024-08-18 08:00:00+00:00,59545.5,59675.6,59549.0,59858.0,-3.149e-05,1.0,8.0,0.0,0.0001,8.0,8.0,0.176,BTC,True,True,0.5877685369194214,-0.00013149
2024-08-18 16:00:00+00:00,59828.8,59808.1,59861.0,58420.0,-3.616e-05,1.0,8.0,0.0,9.43678e-05,8.0,8.0,0.164,BTC,True,True,5.380575584025454,-0.0001305278
2024-08-19 00:00:00+00:00,58390.1,58307.8,58421.0,58472.0,-6.75e-05,1.0,8.0,0.0,6.845810000000001e-05,8.0,8.0,0.127,BTC,True,True,5.290593226286146,-0.00013595810000000002
2024-08-19 08:00:00+00:00,58475.5,58580.0,58467.0,58518.0,-1.957e-05,1.0,8.0,0.002,6.65798e-05,8.0,8.0,0.118,BTC,True,True,-1.4537058836558245,-8.61498e-05
2024-08-19 16:00:00+00:00,58504.5,58670.2,58512.0,59430.0,-2.656e-05,1.0,8.0,0.0,9.63474e-05,8.0,8.0,0.09,BTC,True,True,1.2818705071961571,-0.0001229074
2024-08-20 00:00:00+00:00,59398.4,60454.6,59454.0,60888.0,1.349e-05,1.0,8.0,0.0,8.41827e-05,8.0,8.0,0.128,BTC,True,True,9.356143259352402,-7.06927e-05
2024-08-20 08:00:00+00:00,60899.9,60732.9,60887.0,58812.0,1.419e-05,1.0,8.0,0.001,7.26806e-05,8.0,8.0,0.112,BTC,True,True,-2.118454455814938,-5.8490600000000005e-05
2024-08-20 16:00:00+00:00,58783.7,58759.1,58802.0,58977.0,-6.756e-05,1.0,8.0,0.001,5.9781500000000004e-05,8.0,8.0,0.121,BTC,True,True,3.1126234138581452,-0.0001273415
2024-08-21 00:00:00+00:00,58982.7,58959.1,58967.0,59692.0,-5.91e-06,1.0,8.0,0.0,6.07855e-05,8.0,8.0,0.073,BTC,True,True,-2.6621517634584366,-6.66955e-05
2024-08-21 08:00:00+00:00,59689.2,59414.1,59705.0,59520.0,3.96e-06,1.0,8.0,0.001,0.0001,8.0,8.0,0.089,BTC,True,True,2.6466947460153216,-9.604000000000001e-05
2024-08-21 16:00:00+00:00,59485.9,59853.9,59521.0,61151.0,-2.229e-05,1.0,8.0,0.0,0.0001,8.0,8.0,0.115,BTC,True,True,5.8988178026282885,-0.00012229
2024-08-22 00:00:00+00:00,61120.0,60791.4,61151.0,61018.0,1.338e-05,1.0,8.0,0.0,0.0001,8.0,8.0,0.156,BTC,True,True,5.070703709665424,-8.662000000000001e-05
2024-08-22 08:00:00+00:00,60946.0,60890.7,61013.0,60439.0,-7.261e-05,1.0,8.0,0.008,0.0001,8.0,8.0,0.149,BTC,True,True,10.987300115652923,-0.00017261000000000002
2024-08-22 16:00:00+00:00,60370.9,60301.4,60439.0,60390.0,-3.329e-05,1.0,8.0,0.0,0.0001098634,8.0,8.0,0.181,BTC,True,True,11.273911693161786,-0.0001431534
2024-08-23 00:00:00+00:00,60349.9,60695.9,60395.0,61093.0,2.391e-05,1.0,8.0,0.0,0.0001,8.0,8.0,0.188,BTC,True,True,7.4702951590257065,-7.609000000000001e-05
2024-08-23 08:00:00+00:00,61045.0,61296.9,61100.0,61529.0,-4.317e-05,1.0,8.0,0.0,0.0001,8.0,8.0,0.153,BTC,True,True,9.00569056730974,-0.00014317
2024-08-23 16:00:00+00:00,61498.6,61698.0,61529.0,64081.0,-7.72e-06,1.0,8.0,0.0,0.00017929220000000002,8.0,8.0,0.112,BTC,True,True,4.941980599267172,-0.00018701220000000003
2024-08-24 00:00:00+00:00,64020.0,63941.1,64085.0,64367.0,-7.23e-06,1.0,8.0,0.005,0.0001999303,8.0,8.0,0.164,BTC,True,True,10.147926400703163,-0.0002071603
2024-08-24 08:00:00+00:00,64269.3,64382.8,64366.0,64006.0,6.395e-05,1.0,8.0,0.0,0.0001534765,8.0,8.0,0.121,BTC,True,True,15.034756122987472,-8.95265e-05
2024-08-24 16:00:00+00:00,63943.4,64258.4,64005.0,64195.0,-4.806e-05,1.0,8.0,0.0,0.0001584998,8.0,8.0,0.129,BTC,True,True,9.62888238686622,-0.0002065598
2024-08-25 00:00:00+00:00,64116.6,64143.2,64195.0,63879.0,-1.531e-05,1.0,8.0,0.0,0.0001668326,8.0,8.0,0.124,BTC,True,True,12.220252846435368,-0.00018214259999999998
2024-08-25 08:00:00+00:00,63835.5,63909.8,63872.0,64169.0,3.108e-05,1.0,8.0,0.0,0.0001252514,8.0,8.0,0.148,BTC,True,True,5.716187536965735,-9.417139999999999e-05
2024-08-25 16:00:00+00:00,64099.9,64007.7,64169.0,64303.0,2.439e-05,1.0,8.0,0.0,0.00040999829999999995,8.0,8.0,0.155,BTC,True,True,10.77424171946808,-0.00038560829999999995
2024-08-26 00:00:00+00:00,64190.1,64068.0,64294.0,63670.0,3.448e-05,1.0,8.0,0.001,0.0004378289,8.0,8.0,0.167,BTC,True,True,16.173210949500753,-0.0004033489
2024-08-26 08:00:00+00:00,63603.3,63713.9,63670.0,63588.0,3.789e-05,1.0,8.0,0.0,0.0002757863,8.0,8.0,0.158,BTC,True,True,10.481382364777026,-0.00023789630000000002
2024-08-26 16:00:00+00:00,63493.0,63671.7,63578.0,62836.0,2.795e-05,1.0,8.0,0.001,0.0001,8.0,8.0,0.149,BTC,True,True,13.378349533372702,-7.205e-05
2024-08-27 00:00:00+00:00,62807.7,62690.1,62837.0,62935.0,1.751e-05,1.0,8.0,0.0,0.0001,8.0,8.0,0.145,BTC,True,True,4.663945320595283,-8.249e-05
2024-08-27 08:00:00+00:00,62881.9,62786.2,62944.0,61724.0,7.753e-05,1.0,8.0,0.0,0.0001,8.0,8.0,0.135,BTC,True,True,9.870782572129514,-2.2470000000000007e-05
2024-08-27 16:00:00+00:00,61673.4,61532.0,61724.0,59407.0,-6.803e-05,1.0,8.0,0.0,0.0001069603,8.0,8.0,0.171,BTC,True,True,8.20114570259567,-0.0001749903
2024-08-28 00:00:00+00:00,59384.4,59050.0,59412.0,58617.0,2.433e-05,1.0,8.0,0.0,0.0001,8.0,8.0,0.133,BTC,True,True,4.646605536294027,-7.567000000000001e-05
2024-08-28 08:00:00+00:00,58579.0,59197.1,58605.0,59024.0,1.143e-05,1.0,8.0,0.001,0.0001,8.0,8.0,0.144,BTC,True,True,4.43746593846312,-8.857e-05
2024-08-28 16:00:00+00:00,58963.4,59158.3,59024.0,58995.0,-9.76e-06,1.0,8.0,0.0,0.0001,8.0,8.0,0.142,BTC,True,True,10.272284214882799,-0.00010976
2024-08-29 00:00:00+00:00,59010.0,59180.6,59010.0,59583.0,-1.644e-05,1.0,8.0,0.001,9.9298e-05,8.0,8.0,0.32,BTC,True,True,0.0,-0.000115738
2024-08-29 08:00:00+00:00,59548.9,59518.1,59570.0,60776.0,5.59e-06,1.0,8.0,0.0,0.0001,8.0,8.0,0.143,BTC,True,True,3.5426788227022685,-9.441e-05
2024-08-29 16:00:00+00:00,60750.9,60267.0,60776.0,59352.0,9.36e-06,1.0,8.0,0.0,0.0001,8.0,8.0,0.143,BTC,True,True,4.130772751860597,-9.064e-05
2024-08-30 00:00:00+00:00,59323.3,59180.0,59339.0,59273.0,3.578e-05,1.0,8.0,0.0,0.0001,8.0,8.0,0.147,BTC,True,True,2.646164804087816,-6.422e-05
2024-08-30 08:00:00+00:00,59236.0,59418.8,59273.0,58057.0,2.927e-05,1.0,8.0,0.0,9.81651e-05,8.0,8.0,0.099,BTC,True,True,6.244251694337534,-6.88951e-05
2024-08-30 16:00:00+00:00,58073.7,58517.2,58067.0,59092.0,-1.749e-05,1.0,8.0,0.0,0.0001,8.0,8.0,0.143,BTC,True,True,-1.1537729680345574,-0.00011749
2024-08-31 00:00:00+00:00,59096.4,59210.9,59094.0,59055.0,3.578e-05,1.0,8.0,0.0,2.6919200000000005e-05,8.0,8.0,0.171,BTC,True,True,-0.4061243553334927,8.860799999999995e-06
2024-08-31 08:00:00+00:00,59060.8,58947.1,59055.0,59001.0,3.8e-05,1.0,8.0,0.0,7.1697e-05,8.0,8.0,0.096,BTC,True,True,-0.9820870712751154,-3.3697e-05
2024-08-31 16:00:00+00:00,58983.8,58939.9,59001.0,58971.0,4.113e-05,1.0,8.0,0.0,0.0001,8.0,8.0,0.161,BTC,True,True,2.915629830595245,-5.8870000000000004e-05
2024-09-01 00:00:00+00:00,58941.9,58905.4,58971.0,58460.0,-3.432e-05,1.0,8.0,0.001,0.0001,8.0,8.0,0.135,BTC,True,True,4.935846814180738,-0.00013432
2024-09-01 08:00:00+00:00,58444.1,58207.0,58460.0,58212.0,-3.82e-06,1.0,8.0,0.0,0.0001,8.0,8.0,0.09,BTC,True,True,2.7201783509799027,-0.00010382
2024-09-01 16:00:00+00:00,58184.1,58099.9,58210.0,57291.0,-3.386e-05,1.0,8.0,0.001,0.0001,8.0,8.0,0.121,BTC,True,True,4.45039747332307,-0.00013386
2024-09-02 00:00:00+00:00,57268.1,57443.7,57275.0,57522.0,2.48e-06,1.0,8.0,0.001,9.94002e-05,8.0,8.0,0.094,BTC,True,True,1.204786671278489,-9.69202e-05
2024-09-02 08:00:00+00:00,57523.3,58026.4,57521.0,58506.0,-3.63e-06,1.0,8.0,0.0,8.59674e-05,8.0,8.0,0.11,BTC,True,True,-0.3998459724309004,-8.95974e-05
2024-09-02 16:00:00+00:00,58508.0,58316.7,58505.0,59112.0,6.245e-05,1.0,8.0,0.0,-1.06464e-05,8.0,8.0,0.158,BTC,True,True,-0.5127635392067129,7.309640000000001e-05
2024-09-03 00:00:00+00:00,59112.2,59228.6,59112.0,59083.0,5.123e-05,1.0,8.0,0.001,-8.4844e-06,8.0,8.0,0.098,BTC,True,True,-0.03383402044586708,5.9714400000000005e-05
2024-09-03 08:00:00+00:00,59078.0,58756.0,59088.0,57696.0,4.598e-05,1.0,8.0,0.0,-2.14347e-05,8.0,8.0,0.151,BTC,True,True,1.692534235545924,6.74147e-05
2024-09-03 16:00:00+00:00,57695.1,57678.1,57692.0,57435.0,2.209e-05,1.0,8.0,0.0,1.7480799999999997e-05,8.0,8.0,0.114,BTC,True,True,-0.5373217631335266,4.609200000000003e-06
2024-09-04 00:00:00+00:00,57452.0,57105.1,57436.0,56754.0,1.05e-05,1.0,8.0,0.0,9.69657e-05,8.0,8.0,0.156,BTC,True,True,-2.7853213744591665,-8.64657e-05
2024-09-04 08:00:00+00:00,56717.1,56749.7,56753.0,58130.0,-1.47e-05,1.0,8.0,0.0,0.0001,8.0,8.0,0.177,BTC,True,True,6.327658334281662,-0.00011470000000000001
2024-09-04 16:00:00+00:00,58096.0,58374.5,58123.0,57980.0,9.016e-05,1.0,8.0,0.0,0.0001,8.0,8.0,0.164,BTC,True,True,4.646400414003412,-9.84e-06
2024-09-05 00:00:00+00:00,57944.8,57978.5,57979.0,57158.0,2.025e-05,1.0,8.0,0.0,0.0001,8.0,8.0,0.179,BTC,True,True,5.900427865929608,-7.975e-05
2024-09-05 08:00:00+00:00,57126.9,56984.0,57158.0,55969.0,2.49e-05,1.0,8.0,0.005,0.0001,8.0,8.0,0.159,BTC,True,True,5.442538912434722,-7.510000000000001e-05
2024-09-05 16:00:00+00:00,55947.0,56307.2,55967.0,56159.0,2.28e-05,1.0,8.0,0.0,0.0001,8.0,8.0,0.149,BTC,True,True,3.5741730637644293,-7.72e-05
2024-09-06 00:00:00+00:00,56145.7,56146.9,56153.0,55785.0,-1e-08,1.0,8.0,0.001,9.357400000000001e-05,8.0,8.0,0.12,BTC,True,True,1.3001040992082475,-9.3584e-05
2024-09-06 08:00:00+00:00,55766.3,55758.1,55790.0,54028.0,1.428e-05,1.0,8.0,0.0,8.36187e-05,8.0,8.0,0.143,BTC,True,True,4.248975693269882,-6.93387e-05
2024-09-06 16:00:00+00:00,54022.1,54050.0,54028.0,53952.0,-5.57e-06,1.0,8.0,0.0,9.6391e-05,8.0,8.0,0.157,BTC,True,True,1.0920859871227355,-0.00010196100000000001
2024-09-07 00:00:00+00:00,53927.7,53886.1,53951.0,54279.0,-7.634e-05,1.0,8.0,0.0,0.0001,8.0,8.0,0.147,BTC,True,True,4.319666507348236,-0.00017634
2024-09-07 08:00:00+00:00,54258.0,54339.0,54279.0,54775.0,-7.236e-05,1.0,8.0,0.0,0.0001,8.0,8.0,0.13,BTC,True,True,3.869648186710965,-0.00017236
2024-09-07 16:00:00+00:00,54746.7,54439.7,54776.0,54160.0,3.745e-05,1.0,8.0,0.0,0.0001,8.0,8.0,0.176,BTC,True,True,5.350489113032325,-6.255e-05
2024-09-08 00:00:00+00:00,54134.9,54114.3,54160.0,54435.0,-5.999e-05,1.0,8.0,0.0,0.0001,8.0,8.0,0.121,BTC,True,True,4.635490766314597,-0.00015999
2024-09-08 08:00:00+00:00,54411.5,54455.8,54435.0,53670.0,-5.245e-05,1.0,8.0,0.0,0.0001,8.0,8.0,0.1,BTC,True,True,4.318007536324886,-0.00015245
2024-09-08 16:00:00+00:00,53663.4,53883.8,53668.0,54839.0,-7.585e-05,1.0,8.0,0.0,4.28299e-05,8.0,8.0,0.115,BTC,True,True,0.8571582971647996,-0.0001186799
2024-09-09 00:00:00+00:00,54839.6,55007.0,54840.0,54955.0,-7.108e-05,1.0,8.0,0.0,6.697000000000031e-07,8.0,8.0,0.115,BTC,True,True,0.07293972625748707,-7.17497e-05
2024-09-09 08:00:00+00:00,54939.0,55219.0,54937.0,55344.0,-3.875e-05,1.0,8.0,0.001,9.3403e-06,8.0,8.0,0.113,BTC,True,True,-0.3640467436422983,-4.80903e-05
2024-09-09 16:00:00+00:00,55360.3,56391.2,55357.0,57016.0,-6.028e-05,1.0,8.0,0.0,-2.3591700000000003e-05,8.0,8.0,0.131,BTC,True,True,-0.5961128027838369,-3.668829999999999e-05
2024-09-10 00:00:00+00:00,57010.1,56944.7,57016.0,57196.0,-2.93e-05,1.0,8.0,0.0,8.06168e-05,8.0,8.0,0.163,BTC,True,True,1.0348507938571543,-0.0001099168
2024-09-10 08:00:00+00:00,57183.2,57024.5,57193.0,56585.0,-1.126e-05,1.0,8.0,0.0,0.0001,8.0,8.0,0.1,BTC,True,True,1.7136432271720896,-0.00011126
2024-09-10 16:00:00+00:00,56553.9,56787.2,56586.0,57617.0,-8.953e-05,1.0,8.0,0.0,2.80509e-05,8.0,8.0,0.18,BTC,True,True,5.6743908844383,-0.0001175809
2024-09-11 00:00:00+00:00,57609.2,57607.0,57616.0,56683.0,-2.247e-05,1.0,8.0,0.0,-4.19922e-05,8.0,8.0,0.105,BTC,True,True,1.1802973668769974,1.95222e-05
2024-09-11 08:00:00+00:00,56675.1,56371.1,56682.0,56700.0,-5.212e-05,1.0,8.0,0.0,9.238700000000004e-06,8.0,8.0,0.107,BTC,True,True,1.2173917661121845,-6.135870000000001e-05
2024-09-11 16:00:00+00:00,56676.0,57279.8,56681.0,57278.0,-1.951e-05,1.0,8.0,0.0,6.00378e-05,8.0,8.0,0.111,BTC,True,True,0.8821687241630065,-7.95478e-05
2024-09-12 00:00:00+00:00,57305.6,57587.2,57287.0,58134.0,-5.46e-06,1.0,8.0,0.0,0.0001,8.0,8.0,0.156,BTC,True,True,-3.2462829473008616,-0.00010546000000000001
2024-09-12 08:00:00+00:00,58101.7,58137.4,58133.0,57491.0,-2.95e-05,1.0,8.0,0.0,9.22245e-05,8.0,8.0,0.158,BTC,True,True,5.385655188435547,-0.0001217245
2024-09-12 16:00:00+00:00,57472.2,58033.5,57482.0,58131.0,-6.9e-07,1.0,8.0,0.0,0.0001,8.0,8.0,0.163,BTC,True,True,1.7050268757026106,-0.00010069
2024-09-13 00:00:00+00:00,58097.1,58001.8,58133.0,58084.0,-8.69e-06,1.0,8.0,0.001,8.857010000000001e-05,8.0,8.0,0.17,BTC,True,True,6.177401747332969,-9.726010000000001e-05
2024-09-13 08:00:00+00:00,58079.7,57930.3,58087.0,59637.0,-2.443e-05,1.0,8.0,0.001,8.666980000000001e-05,8.0,8.0,0.148,BTC,True,True,1.2568145621101368,-0.0001110998
2024-09-13 16:00:00+00:00,59623.6,59420.3,59637.0,60491.0,-8.699e-05,1.0,8.0,0.0,6.59946e-05,8.0,8.0,0.135,BTC,True,True,2.2471797150767547,-0.0001529846
2024-09-14 00:00:00+00:00,60456.2,60368.9,60484.0,60140.0,8.59e-06,1.0,8.0,0.0,0.0001,8.0,8.0,0.126,BTC,True,True,4.597313463949566,-9.141000000000001e-05
2024-09-14 08:00:00+00:00,60110.3,59954.1,60141.0,59856.0,2.326e-05,1.0,8.0,0.001,0.0001,8.0,8.0,0.146,BTC,True,True,5.105974017241561,-7.674e-05
2024-09-14 16:00:00+00:00,59840.1,59945.4,59850.0,59986.0,-4.91e-06,1.0,8.0,0.0,0.0001,8.0,8.0,0.183,BTC,True,True,1.654272161620085,-0.00010491000000000001
2024-09-15 00:00:00+00:00,59963.9,59993.0,59987.0,60176.0,1e-08,1.0,8.0,0.0,0.0001,8.0,8.0,0.169,BTC,True,True,3.8515759841019626,-9.999000000000001e-05
2024-09-15 08:00:00+00:00,60166.7,60042.1,60179.0,60309.0,4.02e-06,1.0,8.0,0.0,0.0001,8.0,8.0,0.11,BTC,True,True,2.0441112632734217,-9.598e-05
2024-09-15 16:00:00+00:00,60304.6,59921.8,60315.0,59128.0,2.402e-05,1.0,8.0,0.0,0.0001,8.0,8.0,0.122,BTC,True,True,1.724429533139203,-7.598e-05
2024-09-16 00:00:00+00:00,59100.5,58641.7,59127.0,58918.0,3.564e-05,1.0,8.0,0.001,0.0001,8.0,8.0,0.196,BTC,True,True,4.4828826531537835,-6.436000000000001e-05
2024-09-16 08:00:00+00:00,58874.6,58894.3,58909.0,57893.0,6.762e-05,1.0,8.0,0.0,0.0001,8.0,8.0,0.187,BTC,True,True,5.841220845365594,-3.238e-05
2024-09-16 16:00:00+00:00,57860.7,57786.3,57893.0,58220.0,8.529e-05,1.0,8.0,0.001,0.0001,8.0,8.0,0.132,BTC,True,True,5.580815272141077,-1.471e-05
2024-09-17 00:00:00+00:00,58187.0,57610.9,58219.0,58673.0,1.911e-05,1.0,8.0,0.0,0.0001,8.0,8.0,0.201,BTC,True,True,5.497998523458054,-8.089e-05
2024-09-17 08:00:00+00:00,58668.1,58765.6,58673.0,61124.0,5.327e-05,1.0,8.0,0.0,7.21621e-05,8.0,8.0,0.175,BTC,True,True,0.8351719905210863,-1.8892099999999995e-05
2024-09-17 16:00:00+00:00,61111.0,60857.2,61124.0,60283.0,1.344e-05,1.0,8.0,0.0,5.8808000000000003e-05,8.0,8.0,0.134,BTC,True,True,2.1270503618454017,-4.5368e-05
2024-09-18 00:00:00+00:00,60281.0,60201.9,60284.0,60409.0,1.678e-05,1.0,8.0,0.0,4.80792e-05,8.0,8.0,0.175,BTC,True,True,0.49765686569450995,-3.12992e-05
2024-09-18 08:00:00+00:00,60403.6,60172.1,60409.0,59422.0,4.648e-05,1.0,8.0,0.004,8.68944e-05,8.0,8.0,0.158,BTC,True,True,0.8939464929308545,-4.04144e-05
2024-09-18 16:00:00+00:00,59400.1,59882.9,59422.0,61839.0,3.512e-05,1.0,8.0,0.0,0.0001,8.0,8.0,0.138,BTC,True,True,3.686182999287814,-6.488e-05
2024-09-19 00:00:00+00:00,61735.3,62206.6,61819.0,62130.0,2.949e-05,1.0,8.0,0.0,0.00016389170000000002,8.0,8.0,0.201,BTC,True,True,13.548700903783205,-0.00013440170000000002
2024-09-19 08:00:00+00:00,62071.0,61906.2,62140.0,63188.0,4.072e-05,1.0,8.0,0.001,0.0003697175,8.0,8.0,0.184,BTC,True,True,11.110128265212637,-0.0003289975
2024-09-19 16:00:00+00:00,63129.0,63523.3,63189.0,62990.0,8.065e-05,1.0,8.0,0.0,0.0001861437,8.0,8.0,0.157,BTC,True,True,9.499834467351372,-0.0001054937
2024-09-20 00:00:00+00:00,62926.9,62740.2,62996.0,63542.0,-5.03e-06,1.0,8.0,0.001,0.0001,8.0,8.0,0.157,BTC,True,True,10.974970706028326,-0.00010503
2024-09-20 08:00:00+00:00,63494.5,63273.8,63542.0,63161.0,5.543e-05,1.0,8.0,0.0,0.0001,8.0,8.0,0.161,BTC,True,True,7.478166072524422,-4.457e-05
2024-09-20 16:00:00+00:00,63120.2,62846.1,63169.0,63210.0,4.638e-05,1.0,8.0,0.001,0.0001,8.0,8.0,0.132,BTC,True,True,7.728293857096937,-5.3620000000000005e-05
2024-09-21 00:00:00+00:00,63175.8,63144.5,63200.0,63101.0,0.0001,1.0,8.0,0.0,0.0001,8.0,8.0,0.188,BTC,True,True,3.8298472169200797,0.0
2024-09-21 08:00:00+00:00,63060.1,63008.2,63100.0,63194.0,8.234e-05,1.0,8.0,0.0,0.0001,8.0,8.0,0.16,BTC,True,True,6.325296402002569,-1.7660000000000004e-05
2024-09-21 16:00:00+00:00,63146.6,63192.1,63194.0,63347.0,6.285e-05,1.0,8.0,0.0,0.0001,8.0,8.0,0.143,BTC,True,True,7.50352653445713,-3.715000000000001e-05
2024-09-22 00:00:00+00:00,63320.6,63200.0,63348.0,62929.0,9.254e-05,1.0,8.0,0.0,0.0001,8.0,8.0,0.13,BTC,True,True,4.326249824717793,-7.46e-06
2024-09-22 08:00:00+00:00,62909.2,62999.2,62930.0,62647.0,5.537e-05,1.0,8.0,0.0,0.0001,8.0,8.0,0.075,BTC,True,True,3.305806170006515,-4.4630000000000005e-05
2024-09-22 16:00:00+00:00,62624.1,62750.5,62640.0,63596.0,6.546e-05,1.0,8.0,0.0,0.0001,8.0,8.0,0.156,BTC,True,True,2.5386363827126166,-3.4540000000000005e-05
2024-09-23 00:00:00+00:00,63558.5,63551.7,63597.0,63582.0,1.364e-05,1.0,8.0,0.0,0.00010653230000000001,8.0,8.0,0.16,BTC,True,True,6.055577804576803,-9.289230000000001e-05
2024-09-23 08:00:00+00:00,63519.9,63460.4,63582.0,63653.0,5.304e-05,1.0,8.0,0.0,0.0001229462,8.0,8.0,0.173,BTC,True,True,9.771687904176954,-6.990620000000002e-05
2024-09-23 16:00:00+00:00,63589.6,63200.1,63652.0,63366.0,2.324e-05,1.0,8.0,0.0,0.0001,8.0,8.0,0.158,BTC,True,True,9.808113856215789,-7.676e-05
2024-09-24 00:00:00+00:00,63302.1,62886.1,63366.0,63610.0,2.895e-05,1.0,8.0,0.0,0.0001309276,8.0,8.0,0.147,BTC,True,True,10.089360371016344,-0.00010197759999999999
2024-09-24 08:00:00+00:00,63527.7,63820.5,63607.0,63191.0,-1.82e-06,1.0,8.0,0.001,0.000195395,8.0,8.0,0.179,BTC,True,True,12.474959280856746,-0.00019721500000000002
2024-09-24 16:00:00+00:00,63128.8,63231.1,63194.0,64302.0,1.223e-05,1.0,8.0,0.0,0.0001642662,8.0,8.0,0.177,BTC,True,True,10.322761336786103,-0.0001520362
2024-09-25 00:00:00+00:00,64243.2,64090.1,64318.0,63893.0,1.141e-05,1.0,8.0,0.003,0.0001233231,8.0,8.0,0.156,BTC,True,True,11.636482615349664,-0.0001119131
2024-09-25 08:00:00+00:00,63814.9,63795.2,63893.0,63537.0,1.336e-05,1.0,8.0,0.0,0.0001639833,8.0,8.0,0.126,BTC,True,True,12.231038132542619,-0.0001506233
2024-09-25 16:00:00+00:00,63470.1,63433.6,63537.0,63192.0,1.65e-05,1.0,8.0,0.005,0.0003042141,8.0,8.0,0.154,BTC,True,True,10.534845089338024,-0.0002877141
2024-09-26 00:00:00+00:00,63118.3,62916.3,63192.0,63907.0,6.246e-05,1.0,8.0,0.0,0.0001453639,8.0,8.0,0.184,BTC,True,True,11.669675135565793,-8.290390000000001e-05
2024-09-26 08:00:00+00:00,63823.4,63690.0,63906.0,65281.0,0.0001,1.0,8.0,0.0,0.0002312785,8.0,8.0,0.135,BTC,True,True,12.933594225650719,-0.00013127849999999998
2024-09-26 16:00:00+00:00,65200.0,65313.5,65284.0,65221.0,0.0001,1.0,8.0,0.0,0.0002605167,8.0,8.0,0.201,BTC,True,True,12.87514355842144,-0.0001605167
2024-09-27 00:00:00+00:00,65139.1,65215.2,65221.0,65528.0,6.722e-05,1.0,8.0,0.0,0.0003111771,8.0,8.0,0.123,BTC,True,True,12.5651960646847,-0.00024395710000000003
2024-09-27 08:00:00+00:00,65438.8,65699.8,65529.0,66036.0,2.275e-05,1.0,8.0,0.0,0.00040435979999999997,8.0,8.0,0.149,BTC,True,True,13.77438030746994,-0.0003816098
2024-09-27 16:00:00+00:00,65974.1,66266.2,66036.0,65778.0,5.455e-05,1.0,8.0,0.0,0.0001,8.0,8.0,0.192,BTC,True,True,9.378071001635599,-4.545000000000001e-05
2024-09-28 00:00:00+00:00,65749.5,65876.3,65777.0,65816.0,8.3e-05,1.0,8.0,0.001,0.0001,8.0,8.0,0.148,BTC,True,True,4.18166687332627,-1.7000000000000007e-05
2024-09-28 08:00:00+00:00,65790.0,65606.9,65815.0,65613.0,1.414e-05,1.0,8.0,0.0,0.0001,8.0,8.0,0.179,BTC,True,True,3.7992477946442316,-8.586000000000001e-05
2024-09-28 16:00:00+00:00,65593.6,65485.9,65614.0,65860.0,7.25e-06,1.0,8.0,0.001,0.0001,8.0,8.0,0.149,BTC,True,True,3.109575994740675,-9.275e-05
2024-09-29 00:00:00+00:00,65822.7,65648.3,65860.0,65479.0,3.128e-05,1.0,8.0,0.0,0.0001,8.0,8.0,0.176,BTC,True,True,5.66513308089478,-6.872e-05
2024-09-29 08:00:00+00:00,65436.9,65531.9,65479.0,65782.0,7.253e-05,1.0,8.0,0.0,0.0001,8.0,8.0,0.162,BTC,True,True,6.431610133107305,-2.7470000000000006e-05
2024-09-29 16:00:00+00:00,65720.0,65741.1,65782.0,65660.0,3.077e-05,1.0,8.0,0.0,0.00045443,8.0,8.0,0.167,BTC,True,True,9.429515078703627,-0.00042366
2024-09-30 00:00:00+00:00,65568.2,65436.3,65660.0,64637.0,7.939e-05,1.0,8.0,0.001,0.0006746335,8.0,8.0,0.162,BTC,True,True,13.990897531859007,-0.0005952434999999999
2024-09-30 08:00:00+00:00,64539.0,64284.3,64638.0,63588.0,0.0001,1.0,8.0,0.0,0.00027099169999999996,8.0,8.0,0.119,BTC,True,True,15.327809034533402,-0.00017099169999999997
2024-09-30 16:00:00+00:00,63535.7,63465.6,63589.0,63381.0,0.0001,1.0,8.0,0.0,0.0002703917,8.0,8.0,0.121,BTC,True,True,8.385467674371656,-0.0001703917
2024-10-01 00:00:00+00:00,63309.0,63513.2,63381.0,64105.0,0.0001,1.0,8.0,0.0,0.0003466075,8.0,8.0,0.155,BTC,True,True,11.366328479218646,-0.0002466075
2024-10-01 08:00:00+00:00,64016.9,63923.7,64105.0,62710.0,0.0001,1.0,8.0,0.001,0.00024380529999999998,8.0,8.0,0.1,BTC,True,True,13.752530033577738,-0.0001438053
2024-10-01 16:00:00+00:00,62613.8,62437.2,62710.0,60839.0,6.632e-05,1.0,8.0,0.0,0.0001336438,8.0,8.0,0.149,BTC,True,True,15.352234594637082,-6.73238e-05
2024-10-02 00:00:00+00:00,60776.7,61017.0,60830.0,61749.0,8.409e-05,1.0,8.0,0.0,0.0001,8.0,8.0,0.178,BTC,True,True,8.76596493664886,-1.5910000000000002e-05
2024-10-02 08:00:00+00:00,61702.5,61773.3,61732.0,61885.0,8.191e-05,1.0,8.0,0.0,0.0001,8.0,8.0,0.15,BTC,True,True,4.779863095269838,-1.809000000000001e-05
2024-10-02 16:00:00+00:00,61833.9,61773.8,61885.0,60652.0,4.381e-05,1.0,8.0,0.0,0.0001,8.0,8.0,0.127,BTC,True,True,8.260662341133125,-5.619e-05
2024-10-03 00:00:00+00:00,60622.7,60959.2,60652.0,60931.0,3.746e-05,1.0,8.0,0.0,0.0001,8.0,8.0,0.108,BTC,True,True,4.832005450450726,-6.254000000000001e-05
2024-10-03 08:00:00+00:00,60898.5,60329.6,60931.0,60637.0,4.99e-05,1.0,8.0,0.0,0.0001,8.0,8.0,0.139,BTC,True,True,5.3353253146306105,-5.0100000000000005e-05
2024-10-03 16:00:00+00:00,60606.4,60140.1,60637.0,60762.0,7.097e-05,1.0,8.0,0.0,0.0001,8.0,8.0,0.119,BTC,True,True,5.047697548851596,-2.9029999999999998e-05
2024-10-04 00:00:00+00:00,60727.1,60477.2,60761.0,61444.0,2.119e-05,1.0,8.0,0.0,0.0001,8.0,8.0,0.174,BTC,True,True,5.580793654663914,-7.881000000000001e-05
2024-10-04 08:00:00+00:00,61403.9,61410.4,61443.0,61847.0,2.43e-06,1.0,8.0,0.001,0.0001,8.0,8.0,0.139,BTC,True,True,6.365647211337429,-9.757e-05
2024-10-04 16:00:00+00:00,61843.2,62205.1,61859.0,62060.0,-1.596e-05,1.0,8.0,0.0,0.0001,8.0,8.0,0.132,BTC,True,True,2.554522083831502,-0.00011596000000000001
2024-10-05 00:00:00+00:00,62054.3,62135.6,62060.0,62070.0,1.088e-05,1.0,8.0,0.0,0.0001,8.0,8.0,0.147,BTC,True,True,0.9185081822155383,-8.912e-05
2024-10-05 08:00:00+00:00,62043.0,62128.9,62070.0,62167.0,8.61e-06,1.0,8.0,0.0,0.0001,8.0,8.0,0.116,BTC,True,True,4.350873869124112,-9.139e-05
2024-10-05 16:00:00+00:00,62131.5,61925.1,62155.0,62071.0,5.72e-06,1.0,8.0,0.0,0.0001,8.0,8.0,0.128,BTC,True,True,3.781585333892809,-9.428e-05
2024-10-06 00:00:00+00:00,62023.1,61892.0,62071.0,61946.0,3.288e-05,1.0,8.0,0.001,0.0001,8.0,8.0,0.148,BTC,True,True,7.719948390607019,-6.712000000000001e-05
2024-10-06 08:00:00+00:00,61919.8,61961.6,61945.0,62707.0,4.18e-05,1.0,8.0,0.0,0.0001,8.0,8.0,0.078,BTC,True,True,4.068952656070106,-5.8200000000000005e-05
2024-10-06 16:00:00+00:00,62690.4,62566.0,62706.0,62823.0,4.573e-05,1.0,8.0,0.0,0.0001,8.0,8.0,0.149,BTC,True,True,2.4881097193349295,-5.427000000000001e-05
2024-10-07 00:00:00+00:00,62789.2,63647.9,62823.0,63549.0,-9.52e-06,1.0,8.0,0.0,0.0001,8.0,8.0,0.115,BTC,True,True,5.381642995786567,-0.00010952000000000001
2024-10-07 08:00:00+00:00,63509.9,63520.2,63549.0,63680.0,2.177e-05,1.0,8.0,0.001,0.0001,8.0,8.0,0.136,BTC,True,True,6.154626119733723,-7.823e-05
2024-10-07 16:00:00+00:00,63620.1,63792.0,63681.0,62229.0,-1.678e-05,1.0,8.0,0.0,0.0001,8.0,8.0,0.13,BTC,True,True,9.567867778968928,-0.00011678
2024-10-08 00:00:00+00:00,62190.6,62521.8,62228.0,62320.0,7.094e-05,1.0,8.0,0.0,0.0001,8.0,8.0,0.091,BTC,True,True,6.011963022646852,-2.906000000000001e-05
2024-10-08 08:00:00+00:00,62291.4,62391.6,62320.0,62321.0,8.1e-05,1.0,8.0,0.0,0.0001,8.0,8.0,0.159,BTC,True,True,4.590270312696436,-1.9e-05
2024-10-08 16:00:00+00:00,62259.9,62537.3,62321.0,62181.0,0.0001,1.0,8.0,0.0,0.0001,8.0,8.0,0.145,BTC,True,True,9.808888023590288,0.0
2024-10-09 00:00:00+00:00,62131.8,62135.2,62180.0,62285.0,5.138e-05,1.0,8.0,0.0,0.0001,8.0,8.0,0.154,BTC,True,True,7.75469463324156,-4.8620000000000005e-05
2024-10-09 08:00:00+00:00,62243.0,62125.7,62284.0,62330.0,7.939e-05,1.0,8.0,0.0,0.0001,8.0,8.0,0.127,BTC,True,True,6.584917565107626,-2.0610000000000008e-05
2024-10-09 16:00:00+00:00,62285.4,61784.5,62331.0,60613.0,2.09e-05,1.0,8.0,0.0,0.0001,8.0,8.0,0.129,BTC,True,True,7.318459213278338,-7.91e-05
2024-10-10 00:00:00+00:00,60606.3,60415.6,60613.0,60893.0,1.532e-05,1.0,8.0,0.0,0.0001,8.0,8.0,0.155,BTC,True,True,1.105434531764571,-8.468000000000001e-05
2024-10-10 08:00:00+00:00,60871.1,60796.6,60894.0,60785.0,0.0001,1.0,8.0,0.0,0.0001,8.0,8.0,0.16,BTC,True,True,3.761340526962327,0.0
2024-10-10 16:00:00+00:00,60770.0,60277.7,60790.0,60299.0,2.231e-05,1.0,8.0,0.0,2.3567900000000002e-05,8.0,8.0,0.157,BTC,True,True,3.290556133673487,-1.2579000000000003e-06
2024-10-11 00:00:00+00:00,60293.3,60160.0,60300.0,60640.0,-1.874e-05,1.0,8.0,0.0,-1.70985e-05,8.0,8.0,0.146,BTC,True,True,1.1111728440777284,-1.6415000000000011e-06
2024-10-11 08:00:00+00:00,60643.2,60631.6,60639.0,62248.0,1.2e-06,1.0,8.0,0.001,4.7172e-05,8.0,8.0,0.124,BTC,True,True,-0.6925995738328239,-4.5972e-05
2024-10-11 16:00:00+00:00,62218.0,62229.1,62244.0,62504.0,4.558e-05,1.0,8.0,0.0,0.0001,8.0,8.0,0.13,BTC,True,True,4.17798209545234,-5.4420000000000004e-05
2024-10-12 00:00:00+00:00,62509.0,62802.9,62510.0,62749.0,7.664e-05,1.0,8.0,0.001,8.12214e-05,8.0,8.0,0.168,BTC,True,True,0.15997568369869591,-4.581400000000003e-06
2024-10-12 08:00:00+00:00,62734.0,62691.5,62744.0,63158.0,-1.489e-05,1.0,8.0,0.0,0.0001,8.0,8.0,0.133,BTC,True,True,1.5939049110082932,-0.00011489
2024-10-12 16:00:00+00:00,63124.9,63024.1,63158.0,63180.0,6.93e-06,1.0,8.0,0.0,7.937720000000001e-05,8.0,8.0,0.144,BTC,True,True,5.242198390756877,-7.24472e-05
2024-10-13 00:00:00+00:00,63176.0,63149.1,63180.0,62836.0,1.638e-05,1.0,8.0,0.0,9.2684e-05,8.0,8.0,0.127,BTC,True,True,0.633131786593762,-7.630399999999999e-05
2024-10-13 08:00:00+00:00,62819.0,62785.7,62836.0,62193.0,3.938e-05,1.0,8.0,0.0,6.94603e-05,8.0,8.0,0.164,BTC,True,True,2.70582151187277,-3.0080299999999997e-05
2024-10-13 16:00:00+00:00,62195.2,62594.0,62192.0,62849.0,5.429e-05,1.0,8.0,0.0,4.75405e-05,8.0,8.0,0.156,BTC,True,True,-0.5145223947002827,6.7494999999999936e-06
2024-10-14 00:00:00+00:00,62839.7,62483.4,62848.0,64623.0,0.0001,1.0,8.0,0.0,6.90132e-05,8.0,8.0,0.132,BTC,True,True,1.3207338525676218,3.0986800000000006e-05
2024-10-14 08:00:00+00:00,64599.5,64404.0,64620.0,65839.0,0.0001,1.0,8.0,0.0,0.0001,8.0,8.0,0.125,BTC,True,True,3.1728957582999104,0.0
2024-10-14 16:00:00+00:00,65850.9,65684.0,65839.0,66078.0,0.0001,1.0,8.0,0.0,0.0001,8.0,8.0,0.143,BTC,True,True,-1.8072760374764536,0.0
2024-10-15 00:00:00+00:00,66064.9,65905.2,66078.0,65660.0,0.0001,1.0,8.0,0.0,0.0001,8.0,8.0,0.114,BTC,True,True,1.9827020661597836,0.0
2024-10-15 08:00:00+00:00,65638.4,65733.0,65660.0,66002.0,0.0001,1.0,8.0,0.0,0.0001,8.0,8.0,0.167,BTC,True,True,3.2902152950622683,0.0
2024-10-15 16:00:00+00:00,65994.7,66848.0,65992.0,67059.0,8.325e-05,1.0,8.0,0.0,6.41012e-05,8.0,8.0,0.168,BTC,True,True,-0.40913213230981116,1.9148800000000002e-05
2024-10-16 00:00:00+00:00,67044.0,66858.7,67059.0,66986.0,8.5e-05,1.0,8.0,0.001,0.0001,8.0,8.0,0.134,BTC,True,True,2.237086427977435,-1.4999999999999999e-05
2024-10-16 08:00:00+00:00,66948.8,67103.9,66986.0,67752.0,0.0001,1.0,8.0,0.0,0.0001,8.0,8.0,0.166,BTC,True,True,5.554941801021412,0.0
2024-10-16 16:00:00+00:00,67725.9,67790.4,67752.0,67625.0,0.0001,1.0,8.0,0.0,0.0001,8.0,8.0,0.154,BTC,True,True,3.8530269989273638,0.0
2024-10-17 00:00:00+00:00,67592.0,67693.4,67625.0,67296.0,0.0001,1.0,8.0,0.0,0.0001,8.0,8.0,0.166,BTC,True,True,4.881043161018524,0.0
2024-10-17 08:00:00+00:00,67280.8,67430.1,67295.0,67572.0,0.0001,1.0,8.0,0.001,0.0001,8.0,8.0,0.141,BTC,True,True,2.1103348525818766,0.0
2024-10-17 16:00:00+00:00,67561.9,67354.2,67572.0,67416.0,0.0001,1.0,8.0,0.01,0.0001,8.0,8.0,0.114,BTC,True,True,1.4948136653812645,0.0
2024-10-18 00:00:00+00:00,67401.5,67190.3,67415.0,68019.0,0.0001,1.0,8.0,0.001,0.0001355867,8.0,8.0,0.154,BTC,True,True,2.0027222254130033,-3.55867e-05
2024-10-18 08:00:00+00:00,67955.1,67898.0,68019.0,68760.0,0.0001,1.0,8.0,0.0,0.0001089764,8.0,8.0,0.167,BTC,True,True,9.398849443242364,-8.97639999999999e-06
2024-10-18 16:00:00+00:00,68710.0,68772.0,68760.0,68450.0,0.0001,1.0,8.0,0.0,0.0001,8.0,8.0,0.092,BTC,True,True,7.274314716638875,0.0
2024-10-19 00:00:00+00:00,68407.8,68310.1,68457.0,68353.0,0.0001,1.0,8.0,0.0,0.0001,8.0,8.0,0.177,BTC,True,True,7.1895771767876635,0.0
2024-10-19 08:00:00+00:00,68328.9,68390.0,68353.0,68230.0,0.0001,1.0,8.0,0.0,0.0001,8.0,8.0,0.143,BTC,True,True,3.526436236218874,0.0
2024-10-19 16:00:00+00:00,68206.9,68028.0,68229.0,68377.0,0.0001,1.0,8.0,0.0,0.0001,8.0,8.0,0.168,BTC,True,True,3.239616580870345,0.0
2024-10-20 00:00:00+00:00,68357.1,68203.1,68386.0,68377.0,0.0001,1.0,8.0,0.0,0.0001,8.0,8.0,0.158,BTC,True,True,4.226904382053287,0.0
2024-10-20 08:00:00+00:00,68347.0,68373.3,68377.0,68648.0,0.0001,1.0,8.0,0.0,0.0001,8.0,8.0,0.159,BTC,True,True,4.3884029843269925,0.0
2024-10-20 16:00:00+00:00,68605.0,68475.5,68648.0,69083.0,0.0001,1.0,8.0,0.0,0.0001105134,8.0,8.0,0.123,BTC,True,True,6.265801316813505,-1.05134e-05
2024-10-21 00:00:00+00:00,69020.2,69153.9,69083.0,68544.0,0.0001,1.0,8.0,0.0,0.0001273843,8.0,8.0,0.09,BTC,True,True,9.094648687161254,-2.7384299999999988e-05
2024-10-21 08:00:00+00:00,68519.3,68304.3,68545.0,67394.0,0.0001,1.0,8.0,0.0,0.0001158167,8.0,8.0,0.1,BTC,True,True,3.750064794578939,-1.5816699999999994e-05
2024-10-21 16:00:00+00:00,67354.2,67349.9,67395.0,67381.0,0.0001,1.0,8.0,0.0,0.0001317538,8.0,8.0,0.085,BTC,True,True,6.05569476432289,-3.1753799999999994e-05
2024-10-22 00:00:00+00:00,67368.7,67132.5,67381.0,67396.0,0.0001,1.0,8.0,0.0,0.0001,8.0,8.0,0.091,BTC,True,True,1.8256070379620504,0.0
2024-10-22 08:00:00+00:00,67387.2,66924.0,67397.0,67280.0,0.0001,1.0,8.0,0.0,0.0001,8.0,8.0,0.138,BTC,True,True,1.4541763822873186,0.0
2024-10-22 16:00:00+00:00,67266.8,66953.5,67270.0,67426.0,0.0001,1.0,8.0,0.0,0.0001,8.0,8.0,0.149,BTC,True,True,0.47570627524901,0.0
2024-10-23 00:00:00+00:00,67406.5,67156.9,67427.0,66832.0,0.0001,1.0,8.0,0.0,0.0001,8.0,8.0,0.153,BTC,True,True,3.0407873648543347,0.0
2024-10-23 08:00:00+00:00,66838.0,66513.7,66832.0,66247.0,0.0001,1.0,8.0,0.0,0.0001,8.0,8.0,0.143,BTC,True,True,-0.8977332242128002,0.0
2024-10-23 16:00:00+00:00,66201.7,65867.5,66247.0,66731.0,0.0001,1.0,8.0,0.0,0.0003807793,8.0,8.0,0.11,BTC,True,True,6.840384506054261,-0.0002807793
2024-10-24 00:00:00+00:00,66647.3,67423.4,66731.0,67139.0,0.0001,1.0,8.0,0.0,0.00014942310000000002,8.0,8.0,0.153,BTC,True,True,12.550768901258706,-4.942310000000001e-05
2024-10-24 08:00:00+00:00,67104.5,66835.8,67139.0,67714.0,0.0001,1.0,8.0,0.0,0.0001,8.0,8.0,0.154,BTC,True,True,5.139913777506501,0.0
2024-10-24 16:00:00+00:00,67672.7,67560.3,67714.0,68201.0,0.0001,1.0,8.0,0.0,0.0001,8.0,8.0,0.158,BTC,True,True,6.101042610697722,0.0
2024-10-25 00:00:00+00:00,68173.8,67962.2,68201.0,67480.0,0.0001,1.0,8.0,0.0,8.40875e-05,8.0,8.0,0.131,BTC,True,True,3.989006819539582,1.59125e-05
2024-10-25 08:00:00+00:00,67503.6,67636.9,67480.0,67678.0,0.0001,1.0,8.0,0.0,9.699410000000001e-05,8.0,8.0,0.161,BTC,True,True,-3.4967211187832423,3.0058999999999978e-06
2024-10-25 16:00:00+00:00,67660.6,67645.5,67677.0,66699.0,4.755e-05,1.0,8.0,0.0,0.0001,8.0,8.0,0.127,BTC,True,True,2.4235689239760623,-5.245000000000001e-05
2024-10-26 00:00:00+00:00,66662.7,66716.6,66699.0,67000.0,7.569e-05,1.0,8.0,0.001,0.0001,8.0,8.0,0.115,BTC,True,True,5.443841957094289,-2.4310000000000003e-05
2024-10-26 08:00:00+00:00,66982.0,67102.1,67000.0,66876.0,0.0001,1.0,8.0,0.0,0.0001,8.0,8.0,0.128,BTC,True,True,2.6869281109849568,0.0
2024-10-26 16:00:00+00:00,66864.3,66953.9,66876.0,67073.0,0.0001,1.0,8.0,0.0,0.0001,8.0,8.0,0.153,BTC,True,True,1.7496596059451879,0.0
2024-10-27 00:00:00+00:00,67071.9,66991.6,67074.0,67184.0,9.724e-05,1.0,8.0,0.0,0.0001,8.0,8.0,0.168,BTC,True,True,0.31309193947450736,-2.7600000000000075e-06
2024-10-27 08:00:00+00:00,67174.7,67191.1,67185.0,67772.0,0.0001,1.0,8.0,0.0,0.0001,8.0,8.0,0.155,BTC,True,True,1.533197829435036,0.0
2024-10-27 16:00:00+00:00,67759.9,67803.5,67775.0,68020.0,9.425e-05,1.0,8.0,0.0,0.0001,8.0,8.0,0.158,BTC,True,True,2.228208389497489,-5.750000000000004e-06
2024-10-28 00:00:00+00:00,67992.7,67835.2,68020.0,68439.0,0.0001,1.0,8.0,0.001,0.0001,8.0,8.0,0.144,BTC,True,True,4.014331068586543,0.0
2024-10-28 08:00:00+00:00,68395.3,68305.0,68432.0,68499.0,8.946e-05,1.0,8.0,0.0,0.0001,8.0,8.0,0.147,BTC,True,True,5.364426672177593,-1.0540000000000004e-05
2024-10-28 16:00:00+00:00,68459.1,68673.0,68500.0,69992.0,0.0001,1.0,8.0,0.0,0.0001,8.0,8.0,0.155,BTC,True,True,5.972586153940089,0.0
2024-10-29 00:00:00+00:00,69939.9,69939.5,69992.0,71020.0,0.0001,1.0,8.0,0.0,0.0001076434,8.0,8.0,0.141,BTC,True,True,7.446479667247387,-7.643399999999995e-06
2024-10-29 08:00:00+00:00,71004.1,71122.1,71030.0,72459.0,0.0001,1.0,8.0,0.004,0.00012141140000000001,8.0,8.0,0.168,BTC,True,True,3.6470115679356034,-2.1411400000000003e-05
2024-10-29 16:00:00+00:00,72374.9,72719.9,72459.0,72813.0,0.0001,1.0,8.0,0.0,0.0002948908,8.0,8.0,0.119,BTC,True,True,11.613304544318877,-0.00019489080000000003
2024-10-30 00:00:00+00:00,72739.5,72305.0,72812.0,72269.0,0.0001,1.0,8.0,0.0,0.0002301196,8.0,8.0,0.115,BTC,True,True,9.962110455194907,-0.00013011959999999998
2024-10-30 08:00:00+00:00,72244.8,72266.5,72269.0,72101.0,0.0001,1.0,8.0,0.013,0.0001037307,8.0,8.0,0.18,BTC,True,True,3.3491611494833156,-3.7307000000000014e-06
2024-10-30 16:00:00+00:00,72058.8,72107.7,72100.0,72402.0,0.0001,1.0,8.0,0.0,0.0001516749,8.0,8.0,0.171,BTC,True,True,5.715918989575678,-5.16749e-05
2024-10-31 00:00:00+00:00,72349.0,72173.9,72402.0,72468.0,0.0001,1.0,8.0,0.0,0.00011610530000000001,8.0,8.0,0.159,BTC,True,True,7.322920376156055,-1.6105300000000003e-05
2024-10-31 08:00:00+00:00,72417.8,72277.5,72467.0,70642.0,0.0001,1.0,8.0,0.0,0.0001,8.0,8.0,0.137,BTC,True,True,6.791602968863033,0.0
2024-10-31 16:00:00+00:00,70638.6,70429.2,70650.0,70363.0,0.0001,1.0,8.0,0.0,0.0002014769,8.0,8.0,0.138,BTC,True,True,1.6137183077368629,-0.0001014769
2024-11-01 00:00:00+00:00,70321.9,70188.6,70364.0,69304.0,0.0001,1.0,8.0,0.0,0.0002510911,8.0,8.0,0.181,BTC,True,True,5.984963845940438,-0.0001510911
2024-11-01 08:00:00+00:00,69301.0,69399.0,69303.0,69420.0,0.0001,1.0,8.0,0.0,0.0001881056,8.0,8.0,0.18,BTC,True,True,0.28859195984785985,-8.81056e-05
2024-11-01 16:00:00+00:00,69381.1,69931.0,69430.0,69530.0,0.0001,1.0,8.0,0.0,0.0001,8.0,8.0,0.13,BTC,True,True,7.045546360890692,0.0
2024-11-02 00:00:00+00:00,69495.4,69671.4,69528.0,69843.0,0.0001,1.0,8.0,0.0,0.0001,8.0,8.0,0.133,BTC,True,True,4.689858052316986,0.0
2024-11-02 08:00:00+00:00,69813.0,69625.8,69847.0,69387.0,0.0001,1.0,8.0,0.0,0.0001,8.0,8.0,0.165,BTC,True,True,4.86896758867199,0.0
2024-11-02 16:00:00+00:00,69393.9,69585.0,69388.0,69362.0,0.0001,1.0,8.0,0.0,0.0001,8.0,8.0,0.172,BTC,True,True,-0.8502549689184686,0.0
2024-11-03 00:00:00+00:00,69366.6,69156.1,69362.0,68411.0,0.0001,1.0,8.0,0.0,0.0001,8.0,8.0,0.147,BTC,True,True,-0.6631653461057211,0.0
2024-11-03 08:00:00+00:00,68395.5,68466.3,68405.0,68100.0,0.0001,1.0,8.0,0.0,0.0001,8.0,8.0,0.141,BTC,True,True,1.3888838147922637,0.0
2024-11-03 16:00:00+00:00,68075.6,68131.1,68092.0,68766.0,0.0001,1.0,8.0,0.0,0.0001,8.0,8.0,0.162,BTC,True,True,2.408796230424661,0.0
2024-11-04 00:00:00+00:00,68762.5,68708.8,68769.0,68620.0,0.0001,1.0,8.0,0.0,0.0001,8.0,8.0,0.137,BTC,True,True,0.9452380007256124,0.0
2024-11-04 08:00:00+00:00,68601.0,68686.5,68620.0,68666.0,0.0001,1.0,8.0,0.0,0.0001,8.0,8.0,0.123,BTC,True,True,2.769255452360111,0.0
2024-11-04 16:00:00+00:00,68614.8,67736.9,68667.0,67889.0,0.0001,1.0,8.0,0.0,0.00010432470000000001,8.0,8.0,0.123,BTC,True,True,7.604795758174097,-4.324700000000003e-06
2024-11-05 00:00:00+00:00,67834.4,68009.5,67889.0,68935.0,0.0001,1.0,8.0,0.003,0.0001116714,8.0,8.0,0.153,BTC,True,True,8.04577588616643,-1.1671399999999991e-05
2024-11-05 08:00:00+00:00,68875.9,69018.6,68944.0,69650.0,0.0001,1.0,8.0,0.001,0.0001331631,8.0,8.0,0.151,BTC,True,True,9.88246335142937,-3.31631e-05
2024-11-05 16:00:00+00:00,69615.2,70165.6,69660.0,69411.0,0.0001,1.0,8.0,0.0,0.0001,8.0,8.0,0.165,BTC,True,True,6.433306366839227,0.0
2024-11-06 00:00:00+00:00,69353.1,71058.6,69410.0,73433.0,0.0001,1.0,8.0,0.0,0.0004369203,8.0,8.0,0.139,BTC,True,True,8.201027966237382,-0.0003369203
2024-11-06 08:00:00+00:00,73435.8,73482.5,73433.0,74367.0,0.0001,1.0,8.0,0.0,0.0004280282,8.0,8.0,0.143,BTC,True,True,-0.3812926912109067,-0.0003280282
2024-11-06 16:00:00+00:00,74289.7,74334.7,74368.0,75640.0,0.0001,1.0,8.0,0.0,0.0004343299,8.0,8.0,0.186,BTC,True,True,10.534268623938264,-0.0003343299
2024-11-07 00:00:00+00:00,75579.9,75361.6,75640.0,74821.0,0.0001,1.0,8.0,0.0,0.0001855796,8.0,8.0,0.164,BTC,True,True,7.948689711387823,-8.557959999999999e-05
2024-11-07 08:00:00+00:00,74800.0,75193.4,74822.0,76105.0,0.0001,1.0,8.0,0.0,0.0002334214,8.0,8.0,0.152,BTC,True,True,2.9407440294265306,-0.00013342139999999997
2024-11-07 16:00:00+00:00,76081.5,75912.6,76117.0,75925.0,0.0001,1.0,8.0,0.0,0.0001801211,8.0,8.0,0.18,BTC,True,True,4.664960645971471,-8.01211e-05
2024-11-08 00:00:00+00:00,75859.4,76006.3,75924.0,76249.0,0.0001,1.0,8.0,0.0,0.00018586579999999998,8.0,8.0,0.159,BTC,True,True,8.512130298908527,-8.586579999999998e-05
2024-11-08 08:00:00+00:00,76171.0,75823.6,76249.0,76477.0,0.0001,1.0,8.0,0.0,0.0003306147,8.0,8.0,0.153,BTC,True,True,10.234878206131489,-0.0002306147
2024-11-08 16:00:00+00:00,76423.3,75916.5,76481.0,76541.0,0.0001,1.0,8.0,0.0,0.0001936108,8.0,8.0,0.167,BTC,True,True,7.547204720710345,-9.361080000000001e-05
2024-11-09 00:00:00+00:00,76482.2,76409.5,76542.0,76571.0,0.0001,1.0,8.0,0.0,0.0001,8.0,8.0,0.178,BTC,True,True,7.815757644102479,0.0
2024-11-09 08:00:00+00:00,76523.9,76540.0,76571.0,76360.0,0.0001,1.0,8.0,0.0,0.000103021,8.0,8.0,0.156,BTC,True,True,6.153046441914498,-3.020999999999997e-06
2024-11-09 16:00:00+00:00,76305.6,76065.9,76361.0,76765.0,0.0001,1.0,8.0,0.0,0.00031497519999999996,8.0,8.0,0.173,BTC,True,True,7.257645409245533,-0.00021497519999999997
2024-11-10 00:00:00+00:00,76675.1,76880.0,76766.0,78896.0,0.00025603,1.0,8.0,0.0,0.0004057694,8.0,8.0,0.161,BTC,True,True,11.848195904977166,-0.0001497394
2024-11-10 08:00:00+00:00,78858.2,79170.1,78897.0,79742.0,0.00014113,1.0,8.0,0.0,0.00043058040000000004,8.0,8.0,0.134,BTC,True,True,4.919013862283943,-0.00028945040000000004
2024-11-10 16:00:00+00:00,79735.1,79836.1,79742.0,80458.0,0.00036878,1.0,8.0,0.001,0.0004928034,8.0,8.0,0.161,BTC,True,True,0.8653280006086168,-0.00012402340000000004
2024-11-11 00:00:00+00:00,80409.9,80618.9,80447.0,81210.0,0.0001,1.0,8.0,0.0,0.0004528544,8.0,8.0,0.172,BTC,True,True,4.612795678376176,-0.0003528544
2024-11-11 08:00:00+00:00,81147.8,81270.9,81200.0,84119.0,0.0001,1.0,8.0,0.0,0.00016547680000000001,8.0,8.0,0.166,BTC,True,True,6.430638641097716,-6.547680000000001e-05
2024-11-11 16:00:00+00:00,84114.1,84263.1,84119.0,88776.0,0.00049133,1.0,8.0,0.002,0.0005957878,8.0,8.0,0.177,BTC,True,True,0.5825250799488749,-0.00010445780000000002
2024-11-12 00:00:00+00:00,88729.0,89065.9,88775.0,89140.0,0.00043737,1.0,8.0,0.0,0.00082932,8.0,8.0,0.2,BTC,True,True,5.182981907986783,-0.00039195
2024-11-12 08:00:00+00:00,89095.5,89471.1,89129.0,86712.0,0.00038754,1.0,8.0,0.0,0.000900252,8.0,8.0,0.191,BTC,True,True,3.759303619259553,-0.000512712
2024-11-12 16:00:00+00:00,86660.0,87089.9,86714.0,88040.0,0.0001,1.0,8.0,0.0,0.0004304143,8.0,8.0,0.169,BTC,True,True,6.2293079407753815,-0.0003304143
2024-11-13 00:00:00+00:00,87972.0,88090.0,88040.0,87414.0,0.00013101,1.0,8.0,0.01,0.0002940084,8.0,8.0,0.166,BTC,True,True,7.7267462881101805,-0.00016299839999999997
2024-11-13 08:00:00+00:00,87402.9,87287.6,87424.0,92704.0,0.00021856,1.0,8.0,0.0,0.000523735,8.0,8.0,0.166,BTC,True,True,2.4138161921834342,-0.000305175
2024-11-13 16:00:00+00:00,92608.0,92312.0,92700.0,90440.0,0.0001,1.0,8.0,0.001,0.0003736053,8.0,8.0,0.187,BTC,True,True,9.929415627907849,-0.0002736053
2024-11-14 00:00:00+00:00,90413.3,90151.6,90439.0,90870.0,0.0001,1.0,8.0,0.0,0.0001518077,8.0,8.0,0.187,BTC,True,True,2.842098239612087,-5.1807699999999995e-05
2024-11-14 08:00:00+00:00,90818.9,90595.0,90870.0,88002.0,0.0001,1.0,8.0,0.0,0.0002376914,8.0,8.0,0.198,BTC,True,True,5.624999804321927,-0.00013769139999999998
2024-11-14 16:00:00+00:00,87999.9,89225.9,88005.0,87358.0,0.0001,1.0,8.0,0.0,0.0001979727,8.0,8.0,0.167,BTC,True,True,0.5795293200859003,-9.79727e-05
2024-11-15 00:00:00+00:00,87382.6,87920.1,87360.0,87720.0,0.0001,1.0,8.0,0.0,0.0002319159,8.0,8.0,0.188,BTC,True,True,-2.586661767194958,-0.0001319159
2024-11-15 08:00:00+00:00,87693.9,88142.2,87721.0,88491.0,0.00010977,1.0,8.0,0.0,0.0003177642,8.0,8.0,0.164,BTC,True,True,3.0898173662098904,-0.00020799420000000002
2024-11-15 16:00:00+00:00,88485.5,89405.5,88492.0,91107.0,0.0001,1.0,8.0,0.001,0.0002532254,8.0,8.0,0.183,BTC,True,True,0.7345566530124928,-0.00015322540000000003
2024-11-16 00:00:00+00:00,91074.6,91055.8,91098.0,91194.0,0.0001,1.0,8.0,0.001,0.0002284225,8.0,8.0,0.151,BTC,True,True,2.5689922775087433,-0.0001284225
2024-11-16 08:00:00+00:00,91173.3,91463.5,91194.0,90569.0,0.00013231,1.0,8.0,0.0,0.00023112920000000002,8.0,8.0,0.195,BTC,True,True,2.2701438348758973,-9.88192e-05
2024-11-16 16:00:00+00:00,90577.9,90662.0,90569.0,90616.0,0.00015765,1.0,8.0,0.0,0.0003451373,8.0,8.0,0.163,BTC,True,True,-0.9826279121703162,-0.0001874873
2024-11-17 00:00:00+00:00,90643.2,90874.0,90657.0,90622.0,0.0001,1.0,8.0,0.0,0.000283632,8.0,8.0,0.2,BTC,True,True,1.5223369887795317,-0.00018363200000000003
2024-11-17 08:00:00+00:00,90600.0,91048.8,90622.0,90333.0,0.00010577,1.0,8.0,0.001,0.0003737008,8.0,8.0,0.144,BTC,True,True,2.4279612969820987,-0.0002679308
2024-11-17 16:00:00+00:00,90305.2,90510.2,90334.0,89945.0,0.0001,1.0,8.0,0.0,0.0003727296,8.0,8.0,0.124,BTC,True,True,3.1886766819190617,-0.0002727296
2024-11-18 00:00:00+00:00,89900.0,89988.9,89944.0,91810.0,0.0003645,1.0,8.0,0.0,0.000605171,8.0,8.0,0.147,BTC,True,True,4.893129698839482,-0.00024067100000000003
2024-11-18 08:00:00+00:00,91795.9,91889.8,91810.0,92430.0,0.00021318,1.0,8.0,0.0,0.0005011974,8.0,8.0,0.187,BTC,True,True,1.5358983592266673,-0.00028801740000000003
2024-11-18 16:00:00+00:00,92407.8,91502.1,92431.0,90550.0,0.00021606,1.0,8.0,0.0,0.0005068545,8.0,8.0,0.18,BTC,True,True,2.5102954706291007,-0.0002907945
2024-11-19 00:00:00+00:00,90507.4,91113.9,90549.0,91721.0,0.00030216,1.0,8.0,0.0,0.0005036942,8.0,8.0,0.13,BTC,True,True,4.595253272687322,-0.00020153420000000003
2024-11-19 08:00:00+00:00,91696.1,91850.1,91724.0,92490.0,0.00017959,1.0,8.0,0.0,0.0005400829,8.0,8.0,0.084,BTC,True,True,3.042196598427698,-0.0003604929
2024-11-19 16:00:00+00:00,92455.5,92612.3,92481.0,92366.0,0.0001,1.0,8.0,0.003,0.0004329785,8.0,8.0,0.141,BTC,True,True,2.75770333726507,-0.0003329785
2024-11-20 00:00:00+00:00,92335.9,92070.3,92369.0,92920.0,0.0001,1.0,8.0,0.0,0.0004365422,8.0,8.0,0.151,BTC,True,True,3.5840955333971753,-0.0003365422
2024-11-20 08:00:00+00:00,92856.6,93212.9,92920.0,94789.0,0.0001,1.0,8.0,0.0,0.0004972771,8.0,8.0,0.164,BTC,True,True,6.825402387737785,-0.0003972771
2024-11-20 16:00:00+00:00,94737.6,94048.1,94789.0,94340.0,0.0001,1.0,8.0,0.001,0.0001,8.0,8.0,0.158,BTC,True,True,5.424040874490659,0.0
2024-11-21 00:00:00+00:00,94288.0,94708.0,94339.0,96987.0,0.0001,1.0,8.0,0.0,0.0002026855,8.0,8.0,0.154,BTC,True,True,5.407497467779839,-0.0001026855
2024-11-21 08:00:00+00:00,96950.0,97132.9,96999.0,96751.0,0.0001,1.0,8.0,0.001,0.0002950475,8.0,8.0,0.129,BTC,True,True,5.052874832304826,-0.0001950475
2024-11-21 16:00:00+00:00,96684.1,97175.5,96761.0,98429.0,0.0001,1.0,8.0,0.0,0.0003338037,8.0,8.0,0.177,BTC,True,True,7.950576577107967,-0.0002338037
2024-11-22 00:00:00+00:00,98366.8,98044.1,98419.0,99277.0,0.0001,1.0,8.0,0.0,0.00048262909999999997,8.0,8.0,0.17,BTC,True,True,5.305260971507976,-0.0003826291
2024-11-22 08:00:00+00:00,99252.6,98891.2,99276.0,98771.0,0.0001,1.0,8.0,0.001,0.0005316455,8.0,8.0,0.173,BTC,True,True,2.3573429831638997,-0.00043164550000000004
2024-11-22 16:00:00+00:00,98696.6,98911.8,98766.0,98982.0,0.0001,1.0,8.0,0.0,0.0003375383,8.0,8.0,0.189,BTC,True,True,7.029179485887537,-0.00023753830000000002
2024-11-23 00:00:00+00:00,98921.5,98665.1,98988.0,98646.0,0.0001,1.0,8.0,0.0,0.0002797379,8.0,8.0,0.129,BTC,True,True,6.720243596462305,-0.0001797379
2024-11-23 08:00:00+00:00,98600.5,98495.7,98643.0,98488.0,0.0001,1.0,8.0,0.0,0.0003161845,8.0,8.0,0.187,BTC,True,True,4.309394292609911,-0.00021618450000000002
2024-11-23 16:00:00+00:00,98426.1,97751.5,98487.0,97757.0,0.0001,1.0,8.0,0.001,0.0003824025,8.0,8.0,0.188,BTC,True,True,6.185469828233822,-0.0002824025
2024-11-24 00:00:00+00:00,97725.6,97983.1,97756.0,98489.0,0.00016148,1.0,8.0,0.0,0.00043192160000000003,8.0,8.0,0.183,BTC,True,True,3.110267180652604,-0.00027044160000000005
2024-11-24 08:00:00+00:00,98490.1,98137.6,98489.0,96000.0,0.00023228,1.0,8.0,0.0,0.0003300281,8.0,8.0,0.139,BTC,True,True,-0.11168697592994996,-9.77481e-05
2024-11-24 16:00:00+00:00,95986.3,96499.8,96000.0,98038.0,0.00021035,1.0,8.0,0.0,0.0006226821,8.0,8.0,0.143,BTC,True,True,1.4271851713637709,-0.0004123321
2024-11-25 00:00:00+00:00,97960.5,97763.2,98043.0,98155.0,0.0001,1.0,8.0,0.0,0.0006226654,8.0,8.0,0.17,BTC,True,True,8.418217518775434,-0.0005226654
2024-11-25 08:00:00+00:00,98113.0,98282.1,98155.0,96038.0,0.00025233,1.0,8.0,0.0,0.0004309095,8.0,8.0,0.196,BTC,True,True,4.2798622945252065,-0.0001785795
2024-11-25 16:00:00+00:00,96040.4,95977.1,96038.0,93100.0,0.00021902,1.0,8.0,0.0,0.0001059427,8.0,8.0,0.187,BTC,True,True,-0.2498979583465509,0.0001130773
2024-11-26 00:00:00+00:00,93064.0,93903.3,93101.0,93821.0,0.00017936,1.0,8.0,0.0,0.0001,8.0,8.0,0.178,BTC,True,True,3.974968494311108,7.935999999999999e-05
2024-11-26 08:00:00+00:00,93842.1,93221.6,93821.0,92846.0,0.00029599,1.0,8.0,0.0,0.0001128176,8.0,8.0,0.155,BTC,True,True,-2.2487105977596964,0.00018317239999999997
2024-11-26 16:00:00+00:00,92877.4,94098.3,92842.0,92028.0,0.00031205,1.0,8.0,0.0,0.0002305655,8.0,8.0,0.13,BTC,True,True,-3.812202756278494,8.148450000000003e-05
2024-11-27 00:00:00+00:00,92021.5,92012.2,92027.0,93681.0,0.00016795,1.0,8.0,0.0,0.0002833327,8.0,8.0,0.18,BTC,True,True,0.5976685495013595,-0.0001153827
2024-11-27 08:00:00+00:00,93651.3,93489.7,93682.0,95665.0,0.0001,1.0,8.0,0.001,0.0001764624,8.0,8.0,0.089,BTC,True,True,3.2775806837145054,-7.64624e-05
2024-11-27 16:00:00+00:00,95610.4,95725.2,95665.0,95931.0,0.0001,1.0,8.0,0.0,0.0001553732,8.0,8.0,0.14,BTC,True,True,5.709045855660349,-5.53732e-05
2024-11-28 00:00:00+00:00,95905.2,96607.6,95921.0,95332.0,0.00014326,1.0,8.0,0.0,0.0001345348,8.0,8.0,0.129,BTC,True,True,1.6473245089297954,8.725199999999996e-06
2024-11-28 08:00:00+00:00,95371.5,95522.9,95334.0,95027.0,0.00011859,1.0,8.0,0.0,0.0001,8.0,8.0,0.174,BTC,True,True,-3.932765492692895,1.8589999999999997e-05
2024-11-28 16:00:00+00:00,95067.3,95013.0,95033.0,95722.0,0.00020619,1.0,8.0,0.0,0.00012635,8.0,8.0,0.189,BTC,True,True,-3.608621382735284,7.984e-05
2024-11-29 00:00:00+00:00,95694.4,95525.5,95722.0,95693.0,0.00011747,1.0,8.0,0.0,0.0002679477,8.0,8.0,0.316,BTC,True,True,2.8837654653698324,-0.0001504777
2024-11-29 08:00:00+00:00,95690.2,96057.1,95684.0,98072.0,0.00021921,1.0,8.0,0.0,0.0002993829,8.0,8.0,0.381,BTC,True,True,-0.6479452300434257,-8.017289999999997e-05
2024-11-29 16:00:00+00:00,98076.3,97841.3,98072.0,97533.0,0.0001,1.0,8.0,0.0,0.0002240272,8.0,8.0,0.144,BTC,True,True,-0.43844376940204877,-0.00012402719999999998
2024-11-30 00:00:00+00:00,97516.2,97023.1,97532.0,96839.0,0.00015909,1.0,8.0,0.0,0.0002289894,8.0,8.0,0.175,BTC,True,True,1.6201123655133307,-6.98994e-05
2024-11-30 08:00:00+00:00,96843.3,97006.0,96838.0,96725.0,0.00012063,1.0,8.0,0.0,0.0002340173,8.0,8.0,0.081,BTC,True,True,-0.5472908330675899,-0.00011338730000000001
2024-11-30 16:00:00+00:00,96707.4,96937.0,96724.0,96484.0,0.00015901,1.0,8.0,0.0,0.0002255587,8.0,8.0,0.147,BTC,True,True,1.7163707692501382,-6.654869999999998e-05
2024-12-01 00:00:00+00:00,96475.2,96403.2,96484.0,96529.0,0.00019581,1.0,8.0,0.0,0.0001458139,8.0,8.0,0.115,BTC,True,True,0.912109918168921,4.999610000000002e-05
2024-12-01 08:00:00+00:00,96525.4,97100.0,96529.0,97087.0,0.0001,1.0,8.0,0.0,0.0001800287,8.0,8.0,0.178,BTC,True,True,0.3729518726756323,-8.002870000000001e-05
2024-12-01 16:00:00+00:00,97081.5,97273.1,97086.0,97274.0,0.00025726,1.0,8.0,0.001,0.0002673062,8.0,8.0,0.136,BTC,True,True,0.4635173240439553,-1.0046200000000006e-05
2024-12-02 00:00:00+00:00,97265.0,97524.5,97274.0,96044.0,0.00024556,1.0,8.0,0.001,0.00022336920000000002,8.0,8.0,0.162,BTC,True,True,0.9252643435421894,2.219079999999995e-05
2024-12-02 08:00:00+00:00,96053.5,95123.1,96044.0,97078.0,0.00013387,1.0,8.0,0.0,0.0001227688,8.0,8.0,0.161,BTC,True,True,-0.9890810664114636,1.1101200000000001e-05
2024-12-02 16:00:00+00:00,97106.6,96224.6,97110.0,95921.0,0.00012779,1.0,8.0,0.0,0.0001898155,8.0,8.0,0.18,BTC,True,True,0.3501245516965931,-6.202550000000001e-05
2024-12-03 00:00:00+00:00,95890.6,95861.9,95920.0,95644.0,0.00024926,1.0,8.0,0.0,0.0003773386,8.0,8.0,0.133,BTC,True,True,3.065524035713216,-0.0001280786
2024-12-03 08:00:00+00:00,95608.8,95585.6,95635.0,95735.0,0.00011952,1.0,8.0,0.0,0.0003360067,8.0,8.0,0.179,BTC,True,True,2.7399581229723573,-0.0002164867
2024-12-03 16:00:00+00:00,95744.7,95175.3,95740.0,95928.0,0.00026634,1.0,8.0,0.0,0.0003893708,8.0,8.0,0.158,BTC,True,True,-0.49090083969524423,-0.0001230308
2024-12-04 00:00:00+00:00,95913.3,95823.8,95929.0,96675.0,0.00026254,1.0,8.0,0.0,0.0004563364,8.0,8.0,0.19,BTC,True,True,1.6367610308092322,-0.00019379639999999996
2024-12-04 08:00:00+00:00,96652.2,96746.9,96675.0,95839.0,0.00023234,1.0,8.0,0.0,0.0004298579,8.0,8.0,0.192,BTC,True,True,2.3586955281721975,-0.0001975179
2024-12-04 16:00:00+00:00,95813.0,94895.3,95850.0,98683.0,0.00027625,1.0,8.0,0.001,0.0005466005,8.0,8.0,0.197,BTC,True,True,3.860943474706312,-0.0002703505
2024-12-05 00:00:00+00:00,98669.8,98376.4,98666.0,102400.0,0.00072446,1.0,8.0,0.0,0.0012235237,8.0,8.0,0.188,BTC,True,True,-0.38513032105424405,-0.0004990637
2024-12-05 08:00:00+00:00,102292.1,102847.3,102410.0,101364.0,0.00047059,1.0,8.0,0.0,0.0012368131,8.0,8.0,0.099,BTC,True,True,11.519179630978826,-0.0007662231
2024-12-05 16:00:00+00:00,101350.1,101113.9,101378.0,97107.0,0.0001,1.0,8.0,0.0,0.0004920466,8.0,8.0,0.184,BTC,True,True,2.7524551530967862,-0.0003920466
2024-12-06 00:00:00+00:00,97001.6,97614.6,97107.0,98288.0,0.00014634,1.0,8.0,0.0,0.0006592498,8.0,8.0,0.187,BTC,True,True,10.859901143878322,-0.0005129098
2024-12-06 08:00:00+00:00,98209.7,98400.2,98288.0,99383.0,0.0001,1.0,8.0,0.0,0.0004726095,8.0,8.0,0.141,BTC,True,True,7.969559353039636,-0.0003726095
2024-12-06 16:00:00+00:00,99358.5,99055.9,99383.0,99832.0,0.00031972,1.0,8.0,0.0,0.0005877065,8.0,8.0,0.169,BTC,True,True,2.4655142608979315,-0.00026798649999999996
2024-12-07 00:00:00+00:00,99802.5,100339.3,99832.0,99509.0,0.00012374,1.0,8.0,0.0,0.0003802609,8.0,8.0,0.112,BTC,True,True,2.955401016830185,-0.00025652089999999997
2024-12-07 08:00:00+00:00,99442.6,99473.4,99510.0,99841.0,0.0001409,1.0,8.0,0.0,0.00031530589999999997,8.0,8.0,0.19,BTC,True,True,6.775483464748527,-0.00017440589999999996
2024-12-07 16:00:00+00:00,99811.5,99700.0,99841.0,99922.0,0.00016985,1.0,8.0,0.0,0.0005829367,8.0,8.0,0.184,BTC,True,True,2.9551345677803793,-0.0004130866999999999
2024-12-08 00:00:00+00:00,99899.2,100043.9,99923.0,99772.0,0.00016572,1.0,8.0,0.0,0.0005066015,8.0,8.0,0.191,BTC,True,True,2.3821177139018417,-0.0003408815
2024-12-08 08:00:00+00:00,99741.6,99034.5,99772.0,100051.0,0.0001758,1.0,8.0,0.0,0.0004582898,8.0,8.0,0.15,BTC,True,True,3.047411327874362,-0.00028248980000000003
2024-12-08 16:00:00+00:00,99974.9,99899.6,100050.0,101220.0,0.00030413,1.0,8.0,0.0,0.0005515877,8.0,8.0,0.197,BTC,True,True,7.509065474232816,-0.0002474577
2024-12-09 00:00:00+00:00,101200.1,99728.3,101220.0,99655.0,0.00021032,1.0,8.0,0.0,0.0002859493,8.0,8.0,0.198,BTC,True,True,1.9662079076250227,-7.562930000000001e-05
2024-12-09 08:00:00+00:00,99637.2,98972.4,99650.0,97868.0,0.00011115,1.0,8.0,0.001,0.0001421616,8.0,8.0,0.176,BTC,True,True,1.2845782386034128,-3.1011600000000006e-05
2024-12-09 16:00:00+00:00,97856.1,97884.6,97868.0,97431.0,0.0001,1.0,8.0,0.007,0.0002895779,8.0,8.0,0.146,BTC,True,True,1.2159974182705793,-0.0001895779
2024-12-10 00:00:00+00:00,97349.1,97912.5,97430.0,97243.0,0.0001,1.0,8.0,0.0,0.0002038492,8.0,8.0,0.115,BTC,True,True,8.306846540721484,-0.00010384919999999999
2024-12-10 08:00:00+00:00,97217.7,97410.5,97243.0,95642.0,0.0001,1.0,8.0,0.0,0.0001256505,8.0,8.0,0.179,BTC,True,True,2.602068196066699,-2.5650499999999994e-05
2024-12-10 16:00:00+00:00,95674.8,96358.0,95650.0,96671.0,0.0001,1.0,8.0,0.0,0.0003037708,8.0,8.0,0.201,BTC,True,True,-2.5924501307617973,-0.00020377079999999998
2024-12-11 00:00:00+00:00,96602.3,96411.5,96671.0,97382.0,0.0001,1.0,8.0,0.0,0.00011494430000000001,8.0,8.0,0.069,BTC,True,True,7.109104350510935,-1.4944300000000005e-05
2024-12-11 08:00:00+00:00,97337.9,98114.1,97382.0,100471.0,0.0001,1.0,8.0,0.001,0.0002014041,8.0,8.0,0.193,BTC,True,True,4.529583340377905,-0.0001014041
2024-12-11 16:00:00+00:00,100352.7,100568.5,100471.0,101164.0,0.0001,1.0,8.0,0.001,0.0001968674,8.0,8.0,0.152,BTC,True,True,11.78147934568309,-9.686740000000001e-05
2024-12-12 00:00:00+00:00,101115.3,100750.8,101164.0,100570.0,0.0001,1.0,8.0,0.0,0.0001350722,8.0,8.0,0.187,BTC,True,True,4.815124527417814,-3.5072200000000006e-05
2024-12-12 08:00:00+00:00,100481.5,100977.3,100570.0,101901.0,0.0001,1.0,8.0,0.001,0.0002000373,8.0,8.0,0.186,BTC,True,True,8.803715039780746,-0.00010003729999999998
2024-12-12 16:00:00+00:00,101775.1,101449.8,101900.0,100082.0,0.0001,1.0,8.0,0.0,0.0003093218,8.0,8.0,0.199,BTC,True,True,12.26463280551509,-0.0002093218
2024-12-13 00:00:00+00:00,99982.3,100060.0,100082.0,100148.0,0.0001,1.0,8.0,0.0,0.0001795442,8.0,8.0,0.174,BTC,True,True,9.966796500250506,-7.95442e-05
2024-12-13 08:00:00+00:00,100099.9,100248.4,100147.0,99861.0,0.0001,1.0,8.0,0.001,0.0001692598,8.0,8.0,0.156,BTC,True,True,4.704192760894989,-6.92598e-05
2024-12-13 16:00:00+00:00,99831.0,100950.1,99860.0,101486.0,6.75e-05,1.0,8.0,0.0,0.0001,8.0,8.0,0.117,BTC,True,True,2.9044874535017238,-3.2500000000000004e-05
2024-12-14 00:00:00+00:00,101371.9,101257.3,101485.0,101919.0,0.0001,1.0,8.0,0.0,0.0003422638,8.0,8.0,0.128,BTC,True,True,11.15071873019008,-0.0002422638
2024-12-14 08:00:00+00:00,101787.0,101774.1,101918.0,101681.0,0.0001,1.0,8.0,0.0,0.0002395347,8.0,8.0,0.145,BTC,True,True,12.86173810744085,-0.0001395347
2024-12-14 16:00:00+00:00,101601.9,101632.3,101680.0,101498.0,0.0001,1.0,8.0,0.0,0.0001523231,8.0,8.0,0.175,BTC,True,True,7.683911242730504,-5.23231e-05
2024-12-15 00:00:00+00:00,101381.0,101416.3,101498.0,101829.0,8.194e-05,1.0,8.0,0.0,0.000175544,8.0,8.0,0.19,BTC,True,True,11.533969801769944,-9.3604e-05
2024-12-15 08:00:00+00:00,101671.8,101960.1,101828.0,102791.0,0.0001,1.0,8.0,0.0,0.0006247422,8.0,8.0,0.193,BTC,True,True,15.351369453500228,-0.0005247422
2024-12-15 16:00:00+00:00,102668.5,103099.1,102791.0,104644.0,0.0001,1.0,8.0,0.0,0.0008135358,8.0,8.0,0.059,BTC,True,True,11.92449261441691,-0.0007135358
2024-12-16 00:00:00+00:00,104460.5,105435.2,104644.0,105071.0,0.0001,1.0,8.0,0.001,0.0006469033,8.0,8.0,0.134,BTC,True,True,17.551037601226312,-0.0005469032999999999
2024-12-16 08:00:00+00:00,104950.0,104506.4,105070.0,106472.0,9.181e-05,1.0,8.0,0.0,0.0003963611,8.0,8.0,0.164,BTC,True,True,11.427484340417866,-0.0003045511
2024-12-16 16:00:00+00:00,106281.1,106769.1,106470.0,106168.0,7.866e-05,1.0,8.0,0.0,0.0002551826,8.0,8.0,0.179,BTC,True,True,17.757844696447794,-0.00017652260000000002
2024-12-17 00:00:00+00:00,106023.2,105811.7,106169.0,106891.0,0.0001,1.0,8.0,0.0,0.00023762110000000001,8.0,8.0,0.199,BTC,True,True,13.74226036067633,-0.00013762110000000002
2024-12-17 08:00:00+00:00,106784.0,107360.5,106891.0,106608.0,0.0001,1.0,8.0,0.0,0.0003079575,8.0,8.0,0.135,BTC,True,True,10.015210852352716,-0.0002079575
2024-12-17 16:00:00+00:00,106429.9,107031.9,106607.0,106153.0,0.0001,1.0,8.0,0.0,0.00016434620000000002,8.0,8.0,0.152,BTC,True,True,16.62623149292047,-6.434620000000001e-05
2024-12-18 00:00:00+00:00,106074.6,106050.5,106153.0,104327.0,9.159e-05,1.0,8.0,0.0,0.0001,8.0,8.0,0.19,BTC,True,True,7.388294789775828,-8.41000000000001e-06
2024-12-18 08:00:00+00:00,104200.1,103764.0,104327.0,104497.0,0.0001,1.0,8.0,0.0,0.0004396338,8.0,8.0,0.186,BTC,True,True,12.17108142445605,-0.0003396338
2024-12-18 16:00:00+00:00,104395.2,104154.2,104491.0,100270.0,0.0001,1.0,8.0,0.0,0.0002591079,8.0,8.0,0.151,BTC,True,True,9.172459139636844,-0.0001591079
2024-12-19 00:00:00+00:00,100181.2,100812.9,100270.0,101713.0,0.0001,1.0,8.0,0.0,0.00020765779999999998,8.0,8.0,0.189,BTC,True,True,8.860012392940513,-0.00010765779999999998
2024-12-19 08:00:00+00:00,101615.1,101612.9,101713.0,100691.0,0.0001,1.0,8.0,0.0,0.0001360034,8.0,8.0,0.143,BTC,True,True,9.629756788697216,-3.600339999999999e-05
2024-12-19 16:00:00+00:00,100631.1,100680.9,100691.0,97433.0,0.0001,1.0,8.0,0.0,0.0001216329,8.0,8.0,0.149,BTC,True,True,5.950663316899169,-2.1632899999999994e-05
2024-12-20 00:00:00+00:00,97434.3,97210.4,97433.0,97820.0,0.0001,1.0,8.0,0.001,0.0001,8.0,8.0,0.148,BTC,True,True,-0.1334241301666738,0.0
2024-12-20 08:00:00+00:00,97826.1,95468.4,97820.0,97052.0,0.0001,1.0,8.0,0.014,0.0001136367,8.0,8.0,0.372,BTC,True,True,-0.6235749142950072,-1.3636699999999998e-05
2024-12-20 16:00:00+00:00,96961.4,96687.5,97045.0,97870.0,0.0001,1.0,8.0,0.0,0.00010628100000000001,8.0,8.0,1.106,BTC,True,True,8.618272920322887,-6.281000000000003e-06
2024-12-21 00:00:00+00:00,97764.5,97488.3,97870.0,99100.0,1.206e-05,1.0,8.0,0.0,0.00012184770000000001,8.0,8.0,0.612,BTC,True,True,10.785419772784378,-0.0001097877
2024-12-21 08:00:00+00:00,98988.0,98601.7,99101.0,97590.0,0.0001,1.0,8.0,0.001,0.0001108675,8.0,8.0,0.221,BTC,True,True,11.409014357916423,-1.0867499999999997e-05
2024-12-21 16:00:00+00:00,97486.6,97259.1,97592.0,97319.0,0.0001,1.0,8.0,0.0,0.00010813870000000001,8.0,8.0,0.296,BTC,True,True,10.805901852492267,-8.138700000000004e-06
2024-12-22 00:00:00+00:00,97261.7,97217.8,97319.0,96210.0,0.0001,1.0,8.0,0.0,0.0001,8.0,8.0,0.535,BTC,True,True,5.889587369798018,0.0
2024-12-22 08:00:00+00:00,96192.1,96505.6,96210.0,95384.0,9.629e-05,1.0,8.0,0.0,9.62032e-05,8.0,8.0,0.387,BTC,True,True,1.8606865571261348,8.680000000000059e-08
2024-12-22 16:00:00+00:00,95341.0,95680.0,95383.0,95191.0,0.0001,1.0,8.0,0.0,0.0001,8.0,8.0,0.27,BTC,True,True,4.404270115864684,0.0
2024-12-23 00:00:00+00:00,95153.4,94371.2,95191.0,95366.0,0.0001,1.0,8.0,0.0,2.0372600000000002e-05,8.0,8.0,0.718,BTC,True,True,3.950733563904267,7.96274e-05
2024-12-23 08:00:00+00:00,95360.5,95464.4,95365.0,93237.0,8.981e-05,1.0,8.0,0.001,9.39073e-05,8.0,8.0,0.328,BTC,True,True,0.47188236505776465,-4.097300000000006e-06
2024-12-23 16:00:00+00:00,93217.7,93950.0,93237.0,94909.0,0.0001,1.0,8.0,0.0,0.0001145462,8.0,8.0,0.623,BTC,True,True,2.070207945299953,-1.4546199999999993e-05
2024-12-24 00:00:00+00:00,94861.0,94525.8,94909.0,94265.0,0.0001,1.0,8.0,0.0,0.0001,8.0,8.0,0.429,BTC,True,True,5.058755443288669,0.0
2024-12-24 08:00:00+00:00,94199.9,94467.0,94264.0,98318.0,0.0001,1.0,8.0,0.001,0.00013015270000000002,8.0,8.0,0.181,BTC,True,True,6.802364004111155,-3.0152700000000014e-05
2024-12-24 16:00:00+00:00,98243.5,98440.1,98319.0,98613.0,0.0001,1.0,8.0,0.001,2.5606100000000005e-05,8.0,8.0,0.59,BTC,True,True,7.682035353940323,7.43939e-05
2024-12-25 00:00:00+00:00,98626.9,98388.0,98612.0,98048.0,0.0001,1.0,8.0,0.0,8.55513e-05,8.0,8.0,0.776,BTC,True,True,-1.5108581550933935,1.4448700000000003e-05
2024-12-25 08:00:00+00:00,98049.8,98047.4,98048.0,98550.0,0.0001,1.0,8.0,0.0,0.0001,8.0,8.0,0.563,BTC,True,True,-0.18358186578852273,0.0
2024-12-25 16:00:00+00:00,98493.3,98387.2,98560.0,99441.0,9.827e-05,1.0,8.0,0.0,0.0001,8.0,8.0,0.585,BTC,True,True,6.769742252208061,-1.7299999999999987e-06
2024-12-26 00:00:00+00:00,99379.6,98988.5,99441.0,97661.0,7.453e-05,1.0,8.0,0.0,9.74745e-05,8.0,8.0,0.693,BTC,True,True,6.176422559020473,-2.2944499999999997e-05
2024-12-26 08:00:00+00:00,97669.5,95845.6,97660.0,96096.0,8.585e-05,1.0,8.0,0.0,0.00011773380000000001,8.0,8.0,0.786,BTC,True,True,-0.9727153356239933,-3.188380000000001e-05
2024-12-26 16:00:00+00:00,95993.1,96474.9,96080.0,95881.0,0.0001,1.0,8.0,0.0,0.0002100675,8.0,8.0,0.51,BTC,True,True,9.04863887023411,-0.00011006749999999998
2024-12-27 00:00:00+00:00,95750.9,95762.1,95880.0,95143.0,0.0001,1.0,8.0,0.0,0.0001684578,8.0,8.0,0.757,BTC,True,True,13.473820717962662,-6.84578e-05
2024-12-27 08:00:00+00:00,95080.1,95697.6,95143.0,94581.0,0.0001,1.0,8.0,0.0,0.0001313026,8.0,8.0,0.848,BTC,True,True,6.6132874811173865,-3.130260000000001e-05
2024-12-27 16:00:00+00:00,94539.9,94146.4,94581.0,94341.0,0.0001,1.0,8.0,0.001,0.0001,8.0,8.0,0.25,BTC,True,True,4.34642608479935,0.0
2024-12-28 00:00:00+00:00,94258.9,94366.3,94340.0,94422.0,7.639e-05,1.0,8.0,0.0,0.0001,8.0,8.0,0.296,BTC,True,True,8.60026277977008,-2.361e-05
2024-12-28 08:00:00+00:00,94334.6,94446.4,94423.0,94495.0,5.173e-05,1.0,8.0,0.0,0.00011660630000000001,8.0,8.0,0.431,BTC,True,True,9.366510960394477,-6.48763e-05
2024-12-28 16:00:00+00:00,94407.8,94838.9,94496.0,95371.0,8.013e-05,1.0,8.0,0.0,0.0001322055,8.0,8.0,0.457,BTC,True,True,9.338087048453403,-5.20755e-05
2024-12-29 00:00:00+00:00,95259.1,95115.9,95372.0,95288.0,0.0001,1.0,8.0,0.0,0.0001,8.0,8.0,0.892,BTC,True,True,11.844868250770167,0.0
2024-12-29 08:00:00+00:00,95233.3,95088.8,95287.0,94523.0,0.0001,1.0,8.0,0.0,0.0001,8.0,8.0,0.96,BTC,True,True,5.637194715949529,0.0
2024-12-29 16:00:00+00:00,94468.3,93850.1,94523.0,93744.0,-4.2e-07,1.0,8.0,0.0,0.0001,8.0,8.0,1.218,BTC,True,True,5.788626410572033,-0.00010042
2024-12-30 00:00:00+00:00,93699.9,93542.6,93745.0,93806.0,8.791e-05,1.0,8.0,0.001,0.00020773270000000002,8.0,8.0,0.542,BTC,True,True,4.812080869661705,-0.00011982270000000001
2024-12-30 08:00:00+00:00,93688.9,93811.5,93800.0,92169.0,0.0001,1.0,8.0,0.0,0.00010460270000000001,8.0,8.0,0.46,BTC,True,True,11.851369654820662,-4.6027000000000025e-06
2024-12-30 16:00:00+00:00,92081.5,92085.0,92170.0,92826.0,0.0001,1.0,8.0,0.0,0.0001206496,8.0,8.0,0.885,BTC,True,True,9.606435421791803,-2.06496e-05
2024-12-31 00:00:00+00:00,92759.3,92435.8,92827.0,92913.0,0.0001,1.0,8.0,0.0,0.0001,8.0,8.0,0.861,BTC,True,True,7.295797481061832,0.0
2024-12-31 08:00:00+00:00,92819.5,93904.0,92913.0,95440.0,0.0001,1.0,8.0,0.0,0.000190657,8.0,8.0,0.436,BTC,True,True,10.068244157416713,-9.0657e-05
2024-12-31 16:00:00+00:00,95389.3,94832.7,95445.0,93620.0,0.0001,1.0,8.0,0.015,0.0001087819,8.0,8.0,0.138,BTC,True,True,5.837525180926617,-8.781899999999991e-06
2025-01-01 00:00:00+00:00,93548.8,94363.6,93619.0,93774.0,0.0001,1.0,8.0,0.0,0.0003696324,8.0,8.0,0.17,BTC,True,True,7.501290637786542,-0.0002696324
2025-01-01 08:00:00+00:00,93660.7,93398.2,93773.0,94551.0,0.0001,1.0,8.0,0.001,0.00027295140000000004,8.0,8.0,0.197,BTC,True,True,11.982905255313756,-0.00017295140000000005
2025-01-01 16:00:00+00:00,94409.9,94070.1,94550.0,94640.0,0.0001,1.0,8.0,0.0,0.00035888449999999997,8.0,8.0,0.085,BTC,True,True,14.828545704317749,-0.0002588845
2025-01-02 00:00:00+00:00,94580.9,95112.2,94640.0,95901.0,0.0001,1.0,8.0,0.006,0.0001367344,8.0,8.0,0.118,BTC,True,True,6.246667458170253,-3.6734400000000005e-05
2025-01-02 08:00:00+00:00,95815.4,96125.3,95902.0,96521.0,0.0001,1.0,8.0,0.0,0.0001612075,8.0,8.0,0.187,BTC,True,True,9.034131058519915,-6.120749999999999e-05
2025-01-02 16:00:00+00:00,96428.5,97195.5,96525.0,96990.0,0.0001,1.0,8.0,0.0,0.0001,8.0,8.0,0.194,BTC,True,True,10.002410740986708,0.0
2025-01-03 00:00:00+00:00,96967.6,96799.9,96991.0,96285.0,0.0001,1.0,8.0,0.0,0.0001,8.0,8.0,0.188,BTC,True,True,2.4128860605851097,0.0
2025-01-03 08:00:00+00:00,96275.1,96090.6,96286.0,97530.0,5.242e-05,1.0,8.0,0.0,0.0001,8.0,8.0,0.097,BTC,True,True,1.1321081995935365,-4.758e-05
2025-01-03 16:00:00+00:00,97479.6,97822.3,97531.0,98141.0,7.699e-05,1.0,8.0,0.0,0.0001,8.0,8.0,0.099,BTC,True,True,5.271508440082371,-2.3009999999999998e-05
2025-01-04 00:00:00+00:00,98145.7,97912.0,98140.0,98299.0,0.0001,1.0,8.0,0.0,0.0001,8.0,8.0,0.167,BTC,True,True,-0.5807860686340867,0.0
2025-01-04 08:00:00+00:00,98244.2,97870.0,98299.0,97730.0,7.98e-06,1.0,8.0,0.0,0.0001,8.0,8.0,0.155,BTC,True,True,5.57638233427111,-9.202e-05
2025-01-04 16:00:00+00:00,97623.5,97677.9,97730.0,98265.0,0.0001,1.0,8.0,0.0,0.0001,8.0,8.0,0.102,BTC,True,True,10.903312257091729,0.0
2025-01-05 00:00:00+00:00,98173.2,98178.3,98265.0,98267.0,0.0001,1.0,8.0,0.0,0.0001,8.0,8.0,0.194,BTC,True,True,9.346451625268706,0.0
2025-01-05 08:00:00+00:00,98225.3,97826.0,98267.0,98049.0,8.32e-05,1.0,8.0,0.0,0.0001,8.0,8.0,0.156,BTC,True,True,4.244441194492491,-1.6800000000000002e-05
2025-01-05 16:00:00+00:00,97987.1,97995.7,98050.0,98382.0,0.0001,1.0,8.0,0.0,0.0001,8.0,8.0,0.168,BTC,True,True,6.417152891824771,0.0
2025-01-06 00:00:00+00:00,98340.2,98185.3,98383.0,99315.0,0.0001,1.0,8.0,0.001,0.0001063133,8.0,8.0,0.185,BTC,True,True,4.351291629589869,-6.313299999999999e-06
2025-01-06 08:00:00+00:00,99280.0,99001.3,99315.0,102120.0,0.0001,1.0,8.0,0.0,0.0001,8.0,8.0,0.155,BTC,True,True,3.524761485673649,0.0
2025-01-06 16:00:00+00:00,102104.5,102116.6,102125.0,102247.0,0.0001,1.0,8.0,0.0,0.0001,8.0,8.0,0.187,BTC,True,True,2.007545439697962,0.0
2025-01-07 00:00:00+00:00,102180.5,102004.7,102247.0,101653.0,8.903e-05,1.0,8.0,0.0,0.0001,8.0,8.0,0.163,BTC,True,True,6.505974230048549,-1.0969999999999998e-05
2025-01-07 08:00:00+00:00,101649.3,101862.0,101655.0,98073.0,8.279e-05,1.0,8.0,0.008,0.00021026699999999998,8.0,8.0,0.183,BTC,True,True,0.5607358035701252,-0.00012747699999999997
2025-01-07 16:00:00+00:00,97915.4,97706.3,98074.0,97011.0,0.0001,1.0,8.0,0.001,0.00043535380000000003,8.0,8.0,0.188,BTC,True,True,16.18455228902174,-0.00033535380000000004
2025-01-08 00:00:00+00:00,96920.2,97228.0,97012.0,95674.0,0.0001,1.0,8.0,0.0,0.0001191914,8.0,8.0,0.126,BTC,True,True,9.467226882032225,-1.91914e-05
2025-01-08 08:00:00+00:00,95628.3,95910.9,95674.0,95551.0,0.0001,1.0,8.0,0.0,0.0001136815,8.0,8.0,0.297,BTC,True,True,4.777778507558515,-1.3681500000000001e-05
2025-01-08 16:00:00+00:00,95449.9,94744.0,95561.0,95140.0,0.0001,1.0,8.0,0.0,0.0005283559,8.0,8.0,0.205,BTC,True,True,11.632845301359959,-0.0004283559
2025-01-09 00:00:00+00:00,95014.0,95111.1,95139.0,93172.0,9.834e-05,1.0,8.0,0.0,0.0001466935,8.0,8.0,0.197,BTC,True,True,13.147309588108843,-4.83535e-05
2025-01-09 08:00:00+00:00,93176.5,92986.9,93171.0,94224.0,-5.44e-06,1.0,8.0,0.0,9.048500000000001e-05,8.0,8.0,0.198,BTC,True,True,-0.5902950135197018,-9.592500000000001e-05
2025-01-09 16:00:00+00:00,94195.1,94210.3,94223.0,92539.0,3.966e-05,1.0,8.0,0.0,0.0001,8.0,8.0,0.118,BTC,True,True,2.961498943455894,-6.034e-05
2025-01-10 00:00:00+00:00,92506.0,92725.9,92540.0,94485.0,-1.06e-05,1.0,8.0,0.0,0.0001,8.0,8.0,0.183,BTC,True,True,3.6747619924344024,-0.0001106
2025-01-10 08:00:00+00:00,94457.0,94632.4,94480.0,93707.0,8.078e-05,1.0,8.0,0.0,8.63928e-05,8.0,8.0,0.097,BTC,True,True,2.434674003887162,-5.6128000000000016e-06
2025-01-10 16:00:00+00:00,93704.0,93614.8,93709.0,94768.0,5.68e-05,1.0,8.0,0.0,0.00010832640000000001,8.0,8.0,0.163,BTC,True,True,0.5335809150040117,-5.152640000000001e-05
2025-01-11 00:00:00+00:00,94675.6,94556.5,94767.0,94276.0,4.055e-05,1.0,8.0,0.0,0.0001024826,8.0,8.0,0.132,BTC,True,True,9.64936155773662,-6.193259999999999e-05
2025-01-11 08:00:00+00:00,94210.2,94036.4,94276.0,94433.0,2.608e-05,1.0,8.0,0.0,0.0001,8.0,8.0,0.179,BTC,True,True,6.981943789305203,-7.392e-05
2025-01-11 16:00:00+00:00,94365.9,94410.0,94434.0,94623.0,5.009e-05,1.0,8.0,0.0,0.0001,8.0,8.0,0.194,BTC,True,True,7.21398718467214,-4.991e-05
2025-01-12 00:00:00+00:00,94562.4,94411.3,94624.0,94355.0,3.21e-05,1.0,8.0,0.0,0.0001,8.0,8.0,0.078,BTC,True,True,6.512096237034922,-6.79e-05
2025-01-12 08:00:00+00:00,94291.2,94143.1,94354.0,95142.0,6.647e-05,1.0,8.0,0.0,0.0001008369,8.0,8.0,0.136,BTC,True,True,6.658001615720226,-3.43669e-05
2025-01-12 16:00:00+00:00,95035.7,95008.0,95142.0,94572.0,5.266e-05,1.0,8.0,0.0,0.0001890832,8.0,8.0,0.174,BTC,True,True,11.179019524403383,-0.0001364232
2025-01-13 00:00:00+00:00,94499.9,95274.7,94571.0,93605.0,6.989e-05,1.0,8.0,0.0,0.0001041013,8.0,8.0,0.151,BTC,True,True,7.520988512933412,-3.421130000000001e-05
2025-01-13 08:00:00+00:00,93557.9,93010.0,93605.0,92130.0,8.81e-06,1.0,8.0,0.0,0.00010519650000000001,8.0,8.0,0.194,BTC,True,True,5.033048856826219,-9.63865e-05
2025-01-13 16:00:00+00:00,92093.7,91322.9,92130.0,94511.0,0.0001,1.0,8.0,0.0,9.49256e-05,8.0,8.0,0.514,BTC,True,True,3.9408610802831414,5.0744e-06
2025-01-14 00:00:00+00:00,94485.4,94439.2,94511.0,94837.0,0.0001,1.0,8.0,0.0,9.7248e-05,8.0,8.0,0.149,BTC,True,True,2.70904632644532,2.7520000000000035e-06
2025-01-14 08:00:00+00:00,94823.4,95451.9,94838.0,96457.0,9.496e-05,1.0,8.0,0.0,0.0001,8.0,8.0,0.182,BTC,True,True,1.5395858122794017,-5.040000000000006e-06
2025-01-14 16:00:00+00:00,96416.8,95703.8,96457.0,96524.0,4.989e-05,1.0,8.0,0.0,0.0001,8.0,8.0,0.188,BTC,True,True,4.168528911871137,-5.0110000000000006e-05
2025-01-15 00:00:00+00:00,96514.9,96852.0,96524.0,97249.0,8.795e-05,1.0,8.0,0.0,2.8453299999999997e-05,8.0,8.0,0.198,BTC,True,True,0.9428151534997474,5.9496699999999996e-05
2025-01-15 08:00:00+00:00,97253.7,97160.1,97250.0,98970.0,5.844e-05,1.0,8.0,0.0,6.92728e-05,8.0,8.0,0.195,BTC,True,True,-0.38045548752493336,-1.0832799999999996e-05
2025-01-15 16:00:00+00:00,98943.3,98948.0,98970.0,100491.0,7.28e-06,1.0,8.0,0.0,0.0001,8.0,8.0,0.186,BTC,True,True,2.698151176498144,-9.272e-05
2025-01-16 00:00:00+00:00,100460.0,99831.5,100490.0,99810.0,7.568e-05,1.0,8.0,0.0,0.0001,8.0,8.0,0.167,BTC,True,True,2.985817389686152,-2.432000000000001e-05
2025-01-16 08:00:00+00:00,99756.5,98910.0,99809.0,99373.0,4.598e-05,1.0,8.0,0.0,0.0001,8.0,8.0,0.144,BTC,True,True,5.261430579044851,-5.402000000000001e-05
2025-01-16 16:00:00+00:00,99258.2,99306.0,99373.0,100047.0,4.597e-05,1.0,8.0,0.004,0.00010349980000000001,8.0,8.0,0.122,BTC,True,True,11.559111839663107,-5.7529800000000006e-05
2025-01-17 00:00:00+00:00,99937.4,100087.4,100047.0,101518.0,9.386e-05,1.0,8.0,0.0,0.0001281914,8.0,8.0,0.153,BTC,True,True,10.960856044053243,-3.4331399999999995e-05
2025-01-17 08:00:00+00:00,101406.9,102091.9,101519.0,104040.0,3.432e-05,1.0,8.0,0.008,0.0001619508,8.0,8.0,0.141,BTC,True,True,11.04836902564379,-0.0001276308
2025-01-17 16:00:00+00:00,103946.3,104923.9,104040.0,104090.0,6.707e-05,1.0,8.0,0.0,0.0001,8.0,8.0,0.191,BTC,True,True,9.01020945505515,-3.293e-05
2025-01-18 00:00:00+00:00,104042.6,104615.7,104089.0,102851.0,0.0001,1.0,8.0,0.007,0.0001,8.0,8.0,0.183,BTC,True,True,4.458717539162804,0.0
2025-01-18 08:00:00+00:00,102781.1,103242.0,102850.0,104639.0,0.0001,1.0,8.0,0.0,0.0001030614,8.0,8.0,0.164,BTC,True,True,6.701321208558021,-3.0613999999999907e-06
2025-01-18 16:00:00+00:00,104517.1,103209.0,104639.0,104612.0,0.0001,1.0,8.0,0.0,0.0001038703,8.0,8.0,0.195,BTC,True,True,11.656367067679001,-3.870299999999996e-06
2025-01-19 00:00:00+00:00,104524.3,104090.7,104612.0,105259.0,0.0001,1.0,8.0,0.0,0.0002083372,8.0,8.0,0.105,BTC,True,True,8.386875462620084,-0.00010833719999999999
2025-01-19 08:00:00+00:00,105151.8,104414.4,105257.0,105051.0,0.0001,1.0,8.0,0.0,0.00021528900000000002,8.0,8.0,0.085,BTC,True,True,9.999582599771482,-0.00011528900000000001
2025-01-19 16:00:00+00:00,104936.0,104942.9,105050.0,101365.0,0.0001,1.0,8.0,0.0,0.0004447089,8.0,8.0,0.13,BTC,True,True,10.8578677816485,-0.00034470890000000003
2025-01-20 00:00:00+00:00,101311.5,99769.4,101368.0,107321.0,0.0001,1.0,8.0,0.009,0.0007371887,8.0,8.0,0.215,BTC,True,True,5.575304997647632,-0.0006371886999999999
2025-01-20 08:00:00+00:00,107178.8,108332.0,107320.0,105062.0,0.0001,1.0,8.0,0.0,0.0007764327,8.0,8.0,0.143,BTC,True,True,13.165576720750416,-0.0006764326999999999
2025-01-20 16:00:00+00:00,105001.3,106685.2,105062.0,102300.0,0.0001,1.0,8.0,0.0,0.0004919435,8.0,8.0,0.077,BTC,True,True,5.7792105226795,-0.00039194349999999997
2025-01-21 00:00:00+00:00,102247.7,101188.0,102301.0,102099.0,0.0001,1.0,8.0,0.0,0.0001899986,8.0,8.0,0.179,BTC,True,True,5.211472984803108,-8.999859999999999e-05
2025-01-21 08:00:00+00:00,101980.7,102436.7,102098.0,104016.0,0.0001,1.0,8.0,0.0,0.0003339565,8.0,8.0,0.134,BTC,True,True,11.495566457202127,-0.00023395650000000002
2025-01-21 16:00:00+00:00,103929.1,104955.5,104016.0,106257.0,0.0001,1.0,8.0,0.0,0.0002652964,8.0,8.0,0.145,BTC,True,True,8.35797574058779,-0.00016529640000000003
2025-01-22 00:00:00+00:00,106115.4,105923.7,106257.0,105126.0,0.0001,1.0,8.0,0.0,0.0001421877,8.0,8.0,0.159,BTC,True,True,13.335068114617457,-4.218769999999999e-05
2025-01-22 08:00:00+00:00,105063.8,105245.1,105125.0,104235.0,0.0001,1.0,8.0,0.0,0.00014599410000000002,8.0,8.0,0.147,BTC,True,True,5.8233361367935625,-4.5994100000000014e-05
2025-01-22 16:00:00+00:00,104138.1,103671.5,104236.0,103718.0,8.654e-05,1.0,8.0,0.001,0.0002105655,8.0,8.0,0.103,BTC,True,True,9.396561972282864,-0.0001240255
2025-01-23 00:00:00+00:00,103664.9,103274.9,103718.0,102719.0,0.0001,1.0,8.0,0.0,0.0001,8.0,8.0,0.161,BTC,True,True,5.120962351324059,0.0
2025-01-23 08:00:00+00:00,102668.3,102181.8,102719.0,105279.0,8.616e-05,1.0,8.0,0.0,0.0001,8.0,8.0,0.127,BTC,True,True,4.937014219457218,-1.3840000000000003e-05
2025-01-23 16:00:00+00:00,105235.2,105100.1,105283.0,103910.0,3.34e-06,1.0,8.0,0.0,0.0001,8.0,8.0,0.145,BTC,True,True,4.54117514034039,-9.666e-05
2025-01-24 00:00:00+00:00,103864.0,103416.8,103910.0,105032.0,7.537e-05,1.0,8.0,0.0,0.0001,8.0,8.0,0.156,BTC,True,True,4.427888066029615,-2.463e-05
2025-01-24 08:00:00+00:00,104999.9,105454.3,105031.0,105894.0,9.54e-05,1.0,8.0,0.0,0.0001,8.0,8.0,0.17,BTC,True,True,2.961469024539612,-4.600000000000003e-06
2025-01-24 16:00:00+00:00,105821.3,105602.5,105895.0,104840.0,5.702e-05,1.0,8.0,0.0,0.0001,8.0,8.0,0.18,BTC,True,True,6.962147267541087,-4.2980000000000005e-05
2025-01-25 00:00:00+00:00,104808.0,104370.9,104839.0,104367.0,8.495e-05,1.0,8.0,0.0,0.0001,8.0,8.0,0.187,BTC,True,True,2.957352142023203,-1.505e-05
2025-01-25 08:00:00+00:00,104349.4,104303.6,104367.0,104887.0,7.782e-05,1.0,8.0,0.001,0.0001,8.0,8.0,0.178,BTC,True,True,1.6864990045551225,-2.2180000000000008e-05
2025-01-25 16:00:00+00:00,104852.1,104618.8,104888.0,104766.0,8.363e-05,1.0,8.0,0.0,0.0001,8.0,8.0,0.084,BTC,True,True,3.423284374383576,-1.6370000000000008e-05
2025-01-26 00:00:00+00:00,104702.0,104562.4,104766.0,105011.0,0.0001,1.0,8.0,0.0,0.0001,8.0,8.0,0.092,BTC,True,True,6.110718772462401,0.0
2025-01-26 08:00:00+00:00,104963.7,105000.0,105010.0,104973.0,8.443e-05,1.0,8.0,0.0,0.0001,8.0,8.0,0.063,BTC,True,True,4.410076190532392,-1.5570000000000002e-05
2025-01-26 16:00:00+00:00,104920.0,104890.0,104972.0,102590.0,9.084e-05,1.0,8.0,0.0,0.0001,8.0,8.0,0.128,BTC,True,True,4.954929303060605,-9.16e-06
2025-01-27 00:00:00+00:00,102560.0,101670.6,102588.0,99049.0,3.712e-05,1.0,8.0,0.0,2.66825e-05,8.0,8.0,0.113,BTC,True,True,2.7297365973697025,1.0437499999999996e-05
2025-01-27 08:00:00+00:00,98996.3,98986.7,99046.0,101161.0,9.8e-07,1.0,8.0,0.0,0.0001293856,8.0,8.0,0.167,BTC,True,True,5.019129856940891,-0.0001284056
2025-01-27 16:00:00+00:00,101070.8,99708.0,101149.0,102129.0,0.0001,1.0,8.0,0.0,0.0001,8.0,8.0,0.068,BTC,True,True,7.734158959517546,0.0
2025-01-28 00:00:00+00:00,102021.3,101812.5,102130.0,102785.0,3.714e-05,1.0,8.0,0.0,0.0001,8.0,8.0,0.104,BTC,True,True,10.64896576923027,-6.286e-05
2025-01-28 08:00:00+00:00,102754.3,102806.9,102785.0,102728.0,9.848e-05,1.0,8.0,0.0,0.0001,8.0,8.0,0.117,BTC,True,True,2.9872632852502576,-1.519999999999999e-06
2025-01-28 16:00:00+00:00,102730.6,102211.8,102723.0,101312.0,0.0001,1.0,8.0,0.0,6.812340000000001e-05,8.0,8.0,0.209,BTC,True,True,-0.7398264136981171,3.187659999999999e-05
2025-01-29 00:00:00+00:00,101279.7,101651.6,101311.0,102750.0,0.0001,1.0,8.0,0.0,0.0001,8.0,8.0,0.194,BTC,True,True,3.089974046098068,0.0
2025-01-29 08:00:00+00:00,102723.2,102705.0,102749.0,101932.0,9.949e-05,1.0,8.0,0.0,8.239900000000001e-05,8.0,8.0,0.17,BTC,True,True,2.511288644944555,1.709099999999999e-05
2025-01-29 16:00:00+00:00,101934.2,102057.4,101930.0,103692.0,7.59e-05,1.0,8.0,0.0,4.0195400000000005e-05,8.0,8.0,0.052,BTC,True,True,-0.41203899464413,3.57046e-05
2025-01-30 00:00:00+00:00,103698.1,103978.3,103693.0,105103.0,0.0001,1.0,8.0,0.0,0.0001,8.0,8.0,0.144,BTC,True,True,-0.4918243840775826,0.0
2025-01-30 08:00:00+00:00,105085.2,105010.0,105103.0,105548.0,9.499e-05,1.0,8.0,0.0,9.06755e-05,8.0,8.0,0.14,BTC,True,True,1.6937202033750112,4.314499999999994e-06
2025-01-30 16:00:00+00:00,105519.4,105657.3,105549.0,104652.0,1.225e-05,1.0,8.0,0.0,9.98934e-05,8.0,8.0,0.242,BTC,True,True,2.8047779955746526,-8.76434e-05
2025-01-31 00:00:00+00:00,104676.9,104844.6,104653.0,104213.0,0.0001,1.0,8.0,0.0,9.71792e-05,8.0,8.0,0.064,BTC,True,True,-2.2834769522978617,2.8208000000000052e-06
2025-01-31 08:00:00+00:00,104160.0,103990.1,104213.0,105457.0,0.0001,1.0,8.0,0.0,0.0001,8.0,8.0,0.096,BTC,True,True,5.08703153891769,0.0
2025-01-31 16:00:00+00:00,105406.9,105041.6,105457.0,102500.0,8.098e-05,1.0,8.0,0.0,0.0002763052,8.0,8.0,0.195,BTC,True,True,4.751880330653212,-0.00019532519999999998
2025-02-01 00:00:00+00:00,102379.8,102450.2,102499.0,102188.0,5.369e-05,1.0,8.0,0.0,0.0001,8.0,8.0,0.166,BTC,True,True,11.63614912326078,-4.631e-05
2025-02-01 08:00:00+00:00,102127.0,101975.9,102187.0,102081.0,5.968e-05,1.0,8.0,0.0,0.0001,8.0,8.0,0.196,BTC,True,True,5.873312815057683,-4.032000000000001e-05
2025-02-01 16:00:00+00:00,102031.6,101860.0,102081.0,100613.0,5.824e-05,1.0,8.0,0.001,9.29723e-05,8.0,8.0,0.188,BTC,True,True,4.8404656022734835,-3.47323e-05
2025-02-02 00:00:00+00:00,100603.6,101208.6,100613.0,99627.0,3.38e-05,1.0,8.0,0.0,0.0001,8.0,8.0,0.181,BTC,True,True,0.9343165530903559,-6.620000000000001e-05
2025-02-02 08:00:00+00:00,99586.2,99782.0,99626.0,99362.0,-8.61e-06,1.0,8.0,0.0,0.0001,8.0,8.0,0.187,BTC,True,True,3.9957392699376397,-0.00010861
2025-02-02 16:00:00+00:00,99298.6,98222.2,99362.0,97756.0,0.0001,1.0,8.0,0.0,0.00011029860000000001,8.0,8.0,0.244,BTC,True,True,6.382745461595266,-1.0298600000000003e-05
2025-02-03 00:00:00+00:00,97664.5,96464.6,97760.0,95379.0,0.0001,1.0,8.0,0.0,0.0001949235,8.0,8.0,0.171,BTC,True,True,9.773596207440715,-9.492350000000001e-05
2025-02-03 08:00:00+00:00,95271.1,95281.5,95380.0,98880.0,4.845e-05,1.0,8.0,0.0,0.0001083875,8.0,8.0,0.091,BTC,True,True,11.424010860005763,-5.99375e-05
2025-02-03 16:00:00+00:00,98802.8,98508.5,98880.0,101367.0,2.612e-05,1.0,8.0,0.0,0.0001,8.0,8.0,0.17,BTC,True,True,7.810492761592516,-7.388e-05
2025-02-04 00:00:00+00:00,101293.6,101026.4,101366.0,98506.0,6.8e-05,1.0,8.0,0.001,0.0001,8.0,8.0,0.165,BTC,True,True,7.144986280449617,-3.2000000000000005e-05
2025-02-04 08:00:00+00:00,98405.1,98245.0,98483.0,99438.0,4.138e-05,1.0,8.0,0.0,0.000140428,8.0,8.0,0.246,BTC,True,True,7.913124669791318,-9.9048e-05
2025-02-04 16:00:00+00:00,99310.5,99020.5,99437.0,97804.0,-4.61e-06,1.0,8.0,0.001,0.00011440260000000001,8.0,8.0,0.113,BTC,True,True,12.729721589688065,-0.0001190126
2025-02-05 00:00:00+00:00,97710.0,98213.0,97804.0,97948.0,4.774e-05,1.0,8.0,0.001,0.0001,8.0,8.0,0.103,BTC,True,True,9.615680436470567,-5.2260000000000004e-05
2025-02-05 08:00:00+00:00,97814.9,97573.4,97947.0,98161.0,1.61e-05,1.0,8.0,0.0,0.00011438360000000001,8.0,8.0,0.152,BTC,True,True,13.49598875478504,-9.828360000000001e-05
2025-02-05 16:00:00+00:00,98063.3,97936.9,98162.0,96643.0,2.186e-05,1.0,8.0,0.001,0.00010026200000000001,8.0,8.0,0.195,BTC,True,True,10.059865707813191,-7.840200000000001e-05
2025-02-06 00:00:00+00:00,96553.2,96777.1,96649.0,98222.0,-2.38e-06,1.0,8.0,0.001,0.0001,8.0,8.0,0.16,BTC,True,True,9.917072150470254,-0.00010238
2025-02-06 08:00:00+00:00,98164.9,98089.9,98230.0,97359.0,5.903e-05,1.0,8.0,0.0,0.0001,8.0,8.0,0.072,BTC,True,True,6.629500296017486,-4.097e-05
2025-02-06 16:00:00+00:00,97285.7,96542.5,97354.0,96582.0,7.983e-05,1.0,8.0,0.0,0.0001,8.0,8.0,0.075,BTC,True,True,7.018095774229279,-2.0170000000000005e-05
2025-02-07 00:00:00+00:00,96515.0,96460.9,96581.0,96751.0,6.989e-05,1.0,8.0,0.0,0.0001,8.0,8.0,0.151,BTC,True,True,6.8359782253567625,-3.0110000000000008e-05
2025-02-07 08:00:00+00:00,96705.0,96980.0,96750.0,98306.0,5.167e-05,1.0,8.0,0.0,0.0001,8.0,8.0,0.129,BTC,True,True,4.652244791979285,-4.8330000000000007e-05
2025-02-07 16:00:00+00:00,98257.1,97789.1,98304.0,96504.0,-4.1e-05,1.0,8.0,0.0,0.0001,8.0,8.0,0.106,BTC,True,True,4.772053157009464,-0.000141
2025-02-08 00:00:00+00:00,96454.5,96613.1,96504.0,96193.0,1.137e-05,1.0,8.0,0.0,0.0001,8.0,8.0,0.27,BTC,True,True,5.130637011154821,-8.863000000000001e-05
2025-02-08 08:00:00+00:00,96153.4,95844.1,96193.0,95817.0,3.24e-06,1.0,8.0,0.0,0.0001,8.0,8.0,0.175,BTC,True,True,4.117571273441424,-9.676e-05
2025-02-08 16:00:00+00:00,95798.0,96082.8,95816.0,96416.0,3.873e-05,1.0,8.0,0.0,9.00036e-05,8.0,8.0,0.13,BTC,True,True,1.8787771303712992,-5.12736e-05
2025-02-09 00:00:00+00:00,96412.0,96520.1,96416.0,97005.0,9.6e-05,1.0,8.0,0.0,6.8308e-05,8.0,8.0,0.125,BTC,True,True,0.41487750747573,2.7692000000000005e-05
2025-02-09 08:00:00+00:00,97020.0,97032.2,97005.0,96477.0,2.839e-05,1.0,8.0,0.0,7.84921e-05,8.0,8.0,0.053,BTC,True,True,-1.5461925040465363,-5.0102099999999996e-05
2025-02-09 16:00:00+00:00,96438.0,96406.2,96476.0,96479.0,1.802e-05,1.0,8.0,0.0,0.0001,8.0,8.0,0.172,BTC,True,True,3.939579345353643,-8.198e-05
2025-02-10 00:00:00+00:00,96423.6,96677.7,96479.0,97448.0,9.176e-05,1.0,8.0,0.0,0.0001,8.0,8.0,0.099,BTC,True,True,5.743831500779491,-8.240000000000002e-06
2025-02-10 08:00:00+00:00,97386.3,97645.3,97447.0,97254.0,7.457e-05,1.0,8.0,0.0,0.0001,8.0,8.0,0.063,BTC,True,True,6.230967905783332,-2.5430000000000006e-05
2025-02-10 16:00:00+00:00,97187.7,97266.6,97254.0,97432.0,4.218e-05,1.0,8.0,0.0,0.0001,8.0,8.0,0.106,BTC,True,True,6.819525088440056,-5.7820000000000005e-05
2025-02-11 00:00:00+00:00,97379.2,97733.6,97421.0,98274.0,7.09e-05,1.0,8.0,0.0,0.0001,8.0,8.0,0.197,BTC,True,True,4.291576768561511,-2.9100000000000003e-05
2025-02-11 08:00:00+00:00,98231.2,98199.9,98274.0,97022.0,-2.446e-05,1.0,8.0,0.0,0.0001,8.0,8.0,0.14,BTC,True,True,4.356118889149677,-0.00012446
2025-02-11 16:00:00+00:00,96963.2,96328.0,97022.0,95784.0,1.298e-05,1.0,8.0,0.0,0.0001053752,8.0,8.0,0.142,BTC,True,True,6.062318341898699,-9.23952e-05
2025-02-12 00:00:00+00:00,95731.4,96017.2,95783.0,96124.0,4.899e-05,1.0,8.0,0.0,0.0001,8.0,8.0,0.105,BTC,True,True,5.388628870582345,-5.101000000000001e-05
2025-02-12 08:00:00+00:00,96025.1,96330.1,96123.0,95855.0,4.96e-05,1.0,8.0,0.001,0.0001,8.0,8.0,0.185,BTC,True,True,10.190057405863536,-5.0400000000000005e-05
2025-02-12 16:00:00+00:00,95762.0,96944.3,95848.0,97940.0,0.0001,1.0,8.0,0.001,0.0001,8.0,8.0,0.226,BTC,True,True,8.976567587789926,0.0
2025-02-13 00:00:00+00:00,97816.3,97779.2,97940.0,96116.0,4.117e-05,1.0,8.0,0.0,0.0001040782,8.0,8.0,0.11,BTC,True,True,12.63816454078883,-6.29082e-05
2025-02-13 08:00:00+00:00,96018.5,95888.2,96094.0,96010.0,8.05e-06,1.0,8.0,0.001,0.0001036098,8.0,8.0,0.067,BTC,True,True,7.85997828219942,-9.55598e-05
2025-02-13 16:00:00+00:00,95943.2,95321.0,96010.0,96674.0,4.1e-05,1.0,8.0,0.0,0.0001,8.0,8.0,0.11,BTC,True,True,6.960030121572339,-5.9000000000000004e-05
2025-02-14 00:00:00+00:00,96560.6,96708.6,96674.0,96962.0,5.51e-05,1.0,8.0,0.001,0.0001,8.0,8.0,0.118,BTC,True,True,11.737029809166748,-4.490000000000001e-05
2025-02-14 08:00:00+00:00,96889.9,96828.0,96962.0,96992.0,7.093e-05,1.0,8.0,0.0,0.0001125966,8.0,8.0,0.077,BTC,True,True,7.438668728514242,-4.1666600000000005e-05
2025-02-14 16:00:00+00:00,96886.5,97626.8,96998.0,97500.0,5.5e-07,1.0,8.0,0.0,0.0001339489,8.0,8.0,0.153,BTC,True,True,11.501694286221154,-0.0001333989
2025-02-15 00:00:00+00:00,97445.2,97416.8,97500.0,97343.0,3.297e-05,1.0,8.0,0.0,0.0001,8.0,8.0,0.096,BTC,True,True,5.622092920824037,-6.703000000000001e-05
2025-02-15 08:00:00+00:00,97312.4,97475.7,97343.0,97630.0,3.735e-05,1.0,8.0,0.0,0.0001,8.0,8.0,0.163,BTC,True,True,3.1440176077389657,-6.265e-05
2025-02-15 16:00:00+00:00,97594.5,97494.4,97633.0,97558.0,3.39e-05,1.0,8.0,0.0,0.0001,8.0,8.0,0.157,BTC,True,True,3.9441165306215615,-6.610000000000001e-05
2025-02-16 00:00:00+00:00,97538.0,97546.0,97559.0,97211.0,1.82e-06,1.0,8.0,0.0,0.0001,8.0,8.0,0.078,BTC,True,True,2.1527752944540723,-9.818e-05
2025-02-16 08:00:00+00:00,97207.4,97120.4,97210.0,96910.0,3.799e-05,1.0,8.0,0.0,0.0001,8.0,8.0,0.126,BTC,True,True,0.2674657721134625,-6.201000000000001e-05
2025-02-16 16:00:00+00:00,96850.0,97007.9,96910.0,96097.0,6.239e-05,1.0,8.0,0.0,0.0001,8.0,8.0,0.118,BTC,True,True,6.193228934537896,-3.761e-05
2025-02-17 00:00:00+00:00,96067.0,96273.6,96097.0,96032.0,6.397e-05,1.0,8.0,0.0,0.0001,8.0,8.0,0.055,BTC,True,True,3.1223330325900123,-3.6030000000000006e-05
2025-02-17 08:00:00+00:00,96023.8,96109.4,96032.0,95658.0,2.009e-05,1.0,8.0,0.0,0.0001,8.0,8.0,0.096,BTC,True,True,0.8539184971230308,-7.991000000000001e-05
2025-02-17 16:00:00+00:00,95605.5,95294.4,95659.0,95773.0,9.488e-05,1.0,8.0,0.0,0.0001,8.0,8.0,0.106,BTC,True,True,5.594347241157119,-5.120000000000005e-06
2025-02-18 00:00:00+00:00,95743.1,95600.6,95772.0,95464.0,0.0001,1.0,8.0,0.0,9.710220000000001e-05,8.0,8.0,0.155,BTC,True,True,3.018038809405092,2.897799999999998e-06
2025-02-18 08:00:00+00:00,95409.9,95193.5,95464.0,95551.0,0.0001,1.0,8.0,0.0,0.0001,8.0,8.0,0.11,BTC,True,True,5.668664123141587,0.0
2025-02-18 16:00:00+00:00,95501.6,94595.0,95550.0,95704.0,7.007e-05,1.0,8.0,0.0,0.0001,8.0,8.0,0.13,BTC,True,True,5.066694132412681,-2.9930000000000007e-05
2025-02-19 00:00:00+00:00,95622.0,95290.0,95704.0,95698.0,7.779e-05,1.0,8.0,0.0,0.0001,8.0,8.0,0.05,BTC,True,True,8.571757630515288,-2.2210000000000006e-05
2025-02-19 08:00:00+00:00,95640.5,95589.8,95698.0,95936.0,8.96e-05,1.0,8.0,0.0,0.0001,8.0,8.0,0.109,BTC,True,True,6.010290843810285,-1.0400000000000009e-05
2025-02-19 16:00:00+00:00,95895.4,96260.3,95936.0,96666.0,2.42e-05,1.0,8.0,0.0,0.0001,8.0,8.0,0.091,BTC,True,True,4.2328837308385205,-7.58e-05
2025-02-20 00:00:00+00:00,96597.9,96814.4,96665.0,96838.0,3.269e-05,1.0,8.0,0.0,0.0001303524,8.0,8.0,0.132,BTC,True,True,6.943909327262429,-9.76624e-05
2025-02-20 08:00:00+00:00,96825.7,97096.8,96857.0,96908.0,7.346e-05,1.0,8.0,0.0,0.0001032248,8.0,8.0,0.14,BTC,True,True,3.2320904523196026,-2.9764799999999997e-05
2025-02-20 16:00:00+00:00,96871.1,97505.3,96913.0,98271.0,1.23e-06,1.0,8.0,0.001,-9.079999999999988e-07,8.0,8.0,0.115,BTC,True,True,4.324400263277893,2.137999999999999e-06
2025-02-21 00:00:00+00:00,98252.8,98186.6,98271.0,98113.0,2.286e-05,1.0,8.0,0.0,6.6029e-05,8.0,8.0,0.091,BTC,True,True,1.852192971235697,-4.3169e-05
2025-02-21 08:00:00+00:00,98129.9,98167.0,98113.0,98021.0,-9.7e-07,1.0,8.0,0.0,-1.3630099999999997e-05,8.0,8.0,0.119,BTC,True,True,-1.722355309849941,1.2660099999999998e-05
2025-02-21 16:00:00+00:00,98057.6,98183.1,98021.0,96300.0,0.0001,1.0,8.0,0.0,0.0003030805,8.0,8.0,0.096,BTC,True,True,-3.7331968328090444,-0.00020308050000000002
2025-02-22 00:00:00+00:00,96128.0,96138.9,96300.0,96339.0,6.466e-05,1.0,8.0,0.0,0.0003190058,8.0,8.0,0.123,BTC,True,True,17.876821024649715,-0.00025434579999999995
2025-02-22 08:00:00+00:00,96241.7,96175.0,96339.0,96626.0,2.318e-05,1.0,8.0,0.0,0.0001,8.0,8.0,0.206,BTC,True,True,10.104855603835112,-7.682e-05
2025-02-22 16:00:00+00:00,96552.3,96459.7,96626.0,96524.0,4.112e-05,1.0,8.0,0.0,8.71953e-05,8.0,8.0,0.094,BTC,True,True,7.630256977697375,-4.60753e-05
2025-02-23 00:00:00+00:00,96503.3,96589.3,96523.0,96486.0,3.14e-05,1.0,8.0,0.0,1.1895600000000002e-05,8.0,8.0,0.152,BTC,True,True,2.0411726348575647,1.9504399999999996e-05
2025-02-23 08:00:00+00:00,96454.6,96314.6,96485.0,95377.0,1.478e-05,1.0,8.0,0.0,-9.032179999999999e-05,8.0,8.0,0.166,BTC,True,True,3.1512452862518736,0.0001051018
2025-02-23 16:00:00+00:00,95391.5,95380.6,95377.0,96283.0,-2.97e-05,1.0,8.0,0.0,9.90098e-05,8.0,8.0,0.123,BTC,True,True,-1.5201671164704107,-0.0001287098
2025-02-24 00:00:00+00:00,96218.4,96202.4,96282.0,95845.0,6.881e-05,1.0,8.0,0.0,7.882290000000001e-05,8.0,8.0,0.199,BTC,True,True,6.607778717771537,-1.0012900000000007e-05
2025-02-24 08:00:00+00:00,95834.2,95460.7,95845.0,94305.0,2.05e-05,1.0,8.0,0.0,7.81137e-05,8.0,8.0,0.101,BTC,True,True,1.1268828345942816,-5.76137e-05
2025-02-24 16:00:00+00:00,94295.9,94399.9,94305.0,91569.0,0.0001,1.0,8.0,0.0,0.0001,8.0,8.0,0.197,BTC,True,True,0.9650006979884821,0.0
2025-02-25 00:00:00+00:00,91514.5,91825.4,91587.0,89286.0,5.245e-05,1.0,8.0,0.0,0.0001,8.0,8.0,0.131,BTC,True,True,7.919105391147509,-4.7550000000000004e-05
2025-02-25 08:00:00+00:00,89262.8,89363.7,89350.0,87246.0,1.385e-05,1.0,8.0,0.0,0.0001,8.0,8.0,0.135,BTC,True,True,9.764138620291453,-8.615000000000001e-05
2025-02-25 16:00:00+00:00,87206.8,87429.0,87247.0,88687.0,3.521e-05,1.0,8.0,0.0,0.000125108,8.0,8.0,0.054,BTC,True,True,4.6086701134082055,-8.9898e-05
2025-02-26 00:00:00+00:00,88639.1,88102.0,88690.0,88734.0,6.005e-05,1.0,8.0,0.0,0.0001,8.0,8.0,0.09,BTC,True,True,5.740738705366507,-3.995e-05
2025-02-26 08:00:00+00:00,88682.3,88434.3,88734.0,87564.0,0.0001,1.0,8.0,0.0,0.0001,8.0,8.0,0.086,BTC,True,True,5.828100514260016,0.0
2025-02-26 16:00:00+00:00,87536.5,86784.0,87564.0,84281.0,9.305e-05,1.0,8.0,0.001,0.0001,8.0,8.0,0.197,BTC,True,True,3.1410533066548214,-6.950000000000006e-06
2025-02-27 00:00:00+00:00,84208.6,84690.1,84281.0,86263.0,-6.17e-06,1.0,8.0,0.0,0.0001,8.0,8.0,0.14,BTC,True,True,8.59400277002504,-0.00010617000000000001
2025-02-27 08:00:00+00:00,86228.0,86037.6,86263.0,85498.0,9.433e-05,1.0,8.0,0.0,9.49765e-05,8.0,8.0,0.09,BTC,True,True,4.05818280146057,-6.465000000000013e-07
2025-02-27 16:00:00+00:00,85472.9,84450.3,85498.0,84732.0,9.444e-05,1.0,8.0,0.001,8.89608e-05,8.0,8.0,0.082,BTC,True,True,2.93617220010315,5.479199999999993e-06
2025-02-28 00:00:00+00:00,84668.2,84236.4,84733.0,79189.0,9.521e-05,1.0,8.0,0.0,0.0001,8.0,8.0,0.183,BTC,True,True,7.650477465402494,-4.79e-06
2025-02-28 08:00:00+00:00,79159.9,78955.7,79189.0,83993.0,-3.73e-06,1.0,8.0,0.0,0.0001,8.0,8.0,0.132,BTC,True,True,3.6754281624422136,-0.00010373000000000001
2025-02-28 16:00:00+00:00,83948.1,84310.3,83993.0,84301.0,-1.4e-07,1.0,8.0,0.0,-5.25519e-05,8.0,8.0,0.132,BTC,True,True,5.347112894913782,5.24119e-05
2025-03-01 00:00:00+00:00,84299.6,83817.1,84301.0,84670.0,-6.108e-05,1.0,8.0,0.0,-4.364699999999999e-06,8.0,8.0,0.11,BTC,True,True,0.16607295585184662,-5.671530000000001e-05
2025-03-01 08:00:00+00:00,84707.2,85260.0,84672.0,84755.0,-8.58e-06,1.0,8.0,0.001,-0.0002041449,8.0,8.0,0.068,BTC,True,True,-4.1563545590889195,0.0001955649
2025-03-01 16:00:00+00:00,84755.0,85222.1,84756.0,86039.0,-1.094e-05,1.0,8.0,0.0,1.6415999999999997e-06,8.0,8.0,0.094,BTC,True,True,0.11798644335803203,-1.25816e-05
2025-03-02 00:00:00+00:00,86007.7,85975.1,86040.0,86202.0,-2.783e-05,1.0,8.0,0.0,7.97485e-05,8.0,8.0,0.085,BTC,True,True,3.7547727030904405,-0.0001075785
2025-03-02 08:00:00+00:00,86191.4,85693.6,86201.0,87370.0,-2.869e-05,1.0,8.0,0.0,8.19029e-05,8.0,8.0,0.11,BTC,True,True,1.1137381937869186,-0.0001105929
2025-03-02 16:00:00+00:00,87390.1,91165.4,87370.0,94200.0,-5.518e-05,1.0,8.0,0.001,6.33672e-05,8.0,8.0,0.136,BTC,True,True,-2.3002962448102764,-0.0001185472
2025-03-03 00:00:00+00:00,94222.0,93270.8,94200.0,92338.0,7.91e-06,1.0,8.0,0.0,2.8651800000000002e-05,8.0,8.0,0.243,BTC,True,True,-2.335183800190289,-2.0741800000000002e-05
2025-03-03 08:00:00+00:00,92318.0,91440.6,92351.0,90037.0,5.272e-05,1.0,8.0,0.0,0.0001,8.0,8.0,0.092,BTC,True,True,3.573962099893992,-4.728000000000001e-05
2025-03-03 16:00:00+00:00,90009.5,90113.4,90036.0,86175.0,-1.526e-05,1.0,8.0,0.001,9.82291e-05,8.0,8.0,0.195,BTC,True,True,2.943700363669747,-0.0001134891
2025-03-04 00:00:00+00:00,86193.3,86008.2,86177.0,83146.0,-2.7e-06,1.0,8.0,0.005,-1.17237e-05,8.0,8.0,0.136,BTC,True,True,-1.8912770991974552,9.0237e-06
2025-03-04 08:00:00+00:00,83159.4,83859.6,83148.0,82939.0,1.306e-05,1.0,8.0,0.0,-0.0001396631,8.0,8.0,0.078,BTC,True,True,-1.3709552332429444,0.0001527231
2025-03-04 16:00:00+00:00,82945.0,83507.4,82940.0,87246.0,4.113e-05,1.0,8.0,0.0,-2.2595299999999997e-05,8.0,8.0,0.126,BTC,True,True,-0.6028272600310871,6.37253e-05
2025-03-05 00:00:00+00:00,87245.9,86767.2,87246.0,87588.0,2.722e-05,1.0,8.0,0.0,9.32599e-05,8.0,8.0,0.153,BTC,True,True,0.011461850092862519,-6.60399e-05
2025-03-05 08:00:00+00:00,87573.9,87713.1,87589.0,88317.0,5.028e-05,1.0,8.0,0.0,8.95724e-05,8.0,8.0,0.084,BTC,True,True,1.7241093904481033,-3.9292400000000003e-05
2025-03-05 16:00:00+00:00,88312.5,88878.2,88316.0,90575.0,3.538e-05,1.0,8.0,0.0,9.07355e-05,8.0,8.0,0.112,BTC,True,True,0.3963120335011105,-5.53555e-05
2025-03-06 00:00:00+00:00,90566.1,90020.7,90575.0,91309.0,6.413e-05,1.0,8.0,0.001,8.3367e-05,8.0,8.0,0.147,BTC,True,True,0.9826593751679156,-1.9237000000000006e-05
2025-03-06 08:00:00+00:00,91311.4,91119.2,91308.0,90777.0,6.818e-05,1.0,8.0,0.0,6.18665e-05,8.0,8.0,0.132,BTC,True,True,-0.3723591250856406,6.3135e-06
2025-03-06 16:00:00+00:00,90777.9,89279.9,90777.0,89898.0,-6.12e-06,1.0,8.0,0.0,7.006180000000001e-05,8.0,8.0,0.126,BTC,True,True,-0.0991435648394775,-7.618180000000001e-05
2025-03-07 00:00:00+00:00,89887.9,85477.9,89897.0,88341.0,-1.539e-05,1.0,8.0,0.001,4.88009e-05,8.0,8.0,0.061,BTC,True,True,1.0123208353735278,-6.41909e-05
2025-03-07 08:00:00+00:00,88308.8,88310.0,88340.0,88452.0,2.028e-05,1.0,8.0,0.0,0.0001,8.0,8.0,0.209,BTC,True,True,3.532432750682109,-7.972e-05
2025-03-07 16:00:00+00:00,88425.0,87220.0,88442.0,86750.0,5.328e-05,1.0,8.0,0.0,0.0001,8.0,8.0,0.136,BTC,True,True,1.9223484372260682,-4.672000000000001e-05
2025-03-08 00:00:00+00:00,86753.8,86681.6,86750.0,86173.0,3.73e-06,1.0,8.0,0.001,0.0001,8.0,8.0,0.163,BTC,True,True,-0.43803075213429193,-9.627e-05
2025-03-08 08:00:00+00:00,86159.2,86027.5,86172.0,86386.0,1.208e-05,1.0,8.0,0.001,0.0001,8.0,8.0,0.204,BTC,True,True,1.4855116222178708,-8.792000000000001e-05
2025-03-08 16:00:00+00:00,86360.0,86102.0,86386.0,86217.0,-2.779e-05,1.0,8.0,0.001,0.0001,8.0,8.0,0.081,BTC,True,True,3.0101999694720294,-0.00012779
2025-03-09 00:00:00+00:00,86184.7,86379.5,86217.0,86006.0,3.218e-05,1.0,8.0,0.0,0.0001,8.0,8.0,0.136,BTC,True,True,3.747062862829174,-6.782000000000001e-05
2025-03-09 08:00:00+00:00,85968.8,85753.0,86005.0,83073.0,0.0001,1.0,8.0,0.0,0.0001,8.0,8.0,0.119,BTC,True,True,4.209943669868759,0.0
2025-03-09 16:00:00+00:00,83030.4,82451.5,83073.0,80713.0,3.952e-05,1.0,8.0,0.0,0.0001,8.0,8.0,0.099,BTC,True,True,5.129335213369148,-6.0480000000000004e-05
2025-03-10 00:00:00+00:00,80690.7,81242.0,80713.0,82309.0,1.344e-05,1.0,8.0,0.0,0.0001,8.0,8.0,0.113,BTC,True,True,2.763257613287735,-8.656000000000001e-05
2025-03-10 08:00:00+00:00,82277.7,81309.9,82310.0,80004.0,4.037e-05,1.0,8.0,0.0,0.0001,8.0,8.0,0.107,BTC,True,True,3.9249592059016636,-5.963e-05
2025-03-10 16:00:00+00:00,80009.7,78981.3,80000.0,78557.0,4.705e-05,1.0,8.0,0.0,9.99153e-05,8.0,8.0,0.077,BTC,True,True,-1.2124264981282655,-5.2865300000000004e-05
2025-03-11 00:00:00+00:00,78567.8,77630.7,78557.0,80408.0,3.26e-05,1.0,8.0,0.0,7.95663e-05,8.0,8.0,0.184,BTC,True,True,-1.3747034226316117,-4.69663e-05
2025-03-11 08:00:00+00:00,80386.0,81083.8,80407.0,81149.0,8.746e-05,1.0,8.0,0.001,7.712660000000001e-05,8.0,8.0,0.099,BTC,True,True,2.61205402217801,1.0333399999999998e-05
2025-03-11 16:00:00+00:00,81190.7,81349.9,81149.0,82901.0,5.76e-06,1.0,8.0,0.0,4.23123e-05,8.0,8.0,0.078,BTC,True,True,-5.137375628652351,-3.65523e-05
2025-03-12 00:00:00+00:00,82896.0,82721.5,82901.0,82422.0,5.815e-05,1.0,8.0,0.0,1.11116e-05,8.0,8.0,0.179,BTC,True,True,0.603147222388757,4.703839999999999e-05
2025-03-12 08:00:00+00:00,82402.8,82639.3,82421.0,81691.0,4.013e-05,1.0,8.0,0.001,7.98235e-05,8.0,8.0,0.084,BTC,True,True,2.208418938765854,-3.969350000000001e-05
2025-03-12 16:00:00+00:00,81688.0,81922.0,81691.0,83639.0,4.3e-06,1.0,8.0,0.0,7.17052e-05,8.0,8.0,0.075,BTC,True,True,0.36724426031896,-6.740520000000001e-05
2025-03-13 00:00:00+00:00,83640.7,83412.4,83639.0,83120.0,2.069e-05,1.0,8.0,0.0,6.41783e-05,8.0,8.0,0.115,BTC,True,True,-0.20325239704035103,-4.34883e-05
2025-03-13 08:00:00+00:00,83118.6,82934.1,83120.0,81017.0,3.19e-05,1.0,8.0,0.0,6.471870000000001e-05,8.0,8.0,0.118,BTC,True,True,0.16843260229910745,-3.2818700000000005e-05
2025-03-13 16:00:00+00:00,81016.0,80850.1,81016.0,81094.0,5.386e-05,1.0,8.0,0.0,8.36558e-05,8.0,8.0,0.082,BTC,True,True,0.0,-2.9795799999999997e-05
2025-03-14 00:00:00+00:00,81085.5,81458.0,81094.0,82168.0,5.331e-05,1.0,8.0,0.0,0.0001,8.0,8.0,0.083,BTC,True,True,1.0482212619697573,-4.669e-05
2025-03-14 08:00:00+00:00,82124.6,82562.3,82166.0,84706.0,3.57e-06,1.0,8.0,0.0,0.0001,8.0,8.0,0.131,BTC,True,True,5.039850225915379,-9.643000000000001e-05
2025-03-14 16:00:00+00:00,84692.1,84738.4,84707.0,83905.0,-6.035e-05,1.0,8.0,0.0,-8.495709999999999e-05,8.0,8.0,0.178,BTC,True,True,1.7591592916876726,2.4607099999999983e-05
2025-03-15 00:00:00+00:00,83939.9,84246.0,83906.0,83785.0,-2.389e-05,1.0,8.0,0.0,-0.0001682876,8.0,8.0,0.127,BTC,True,True,-4.039419546256513,0.0001443976
2025-03-15 08:00:00+00:00,83797.1,83854.9,83785.0,84294.0,-3.21e-06,1.0,8.0,0.0,-0.0002607286,8.0,8.0,0.138,BTC,True,True,-1.4440683129089837,0.00025751859999999997
2025-03-15 16:00:00+00:00,84295.7,84316.3,84295.0,84302.0,4.32e-06,1.0,8.0,0.0,-9.24831e-05,8.0,8.0,0.203,BTC,True,True,-0.08304135400134215,9.68031e-05
2025-03-16 00:00:00+00:00,84303.0,84214.0,84302.0,84216.0,4.236e-05,1.0,8.0,0.0,-4.79585e-05,8.0,8.0,0.131,BTC,True,True,-0.11862044423541959,9.031849999999999e-05
2025-03-16 08:00:00+00:00,84242.1,84221.0,84216.0,83273.0,1.247e-05,1.0,8.0,0.0,-0.0001680924,8.0,8.0,0.112,BTC,True,True,-3.098693409085249,0.0001805624
2025-03-16 16:00:00+00:00,83280.0,83594.9,83273.0,82546.0,1.065e-05,1.0,8.0,0.0,-0.0003309007,8.0,8.0,0.141,BTC,True,True,-0.8405732714657951,0.0003415507
2025-03-17 00:00:00+00:00,82541.6,83023.9,82545.0,83515.0,8.474e-05,1.0,8.0,0.0,2.7917299999999998e-05,8.0,8.0,0.107,BTC,True,True,0.4119050244500305,5.682270000000001e-05
2025-03-17 08:00:00+00:00,83525.3,83500.1,83516.0,83479.0,8.59e-06,1.0,8.0,0.0,-7.35502e-05,8.0,8.0,0.073,BTC,True,True,-1.1134970824114578,8.21402e-05
2025-03-17 16:00:00+00:00,83499.1,83408.0,83485.0,83951.0,7.03e-06,1.0,8.0,0.0,-0.0001556409,8.0,8.0,0.068,BTC,True,True,-1.6887835468781953,0.0001626709
2025-03-18 00:00:00+00:00,83963.0,83752.6,83952.0,83186.0,2.059e-05,1.0,8.0,0.0,-4.9564900000000004e-05,8.0,8.0,0.08,BTC,True,True,-1.3101867034787738,7.01549e-05
2025-03-18 08:00:00+00:00,83124.7,83247.4,83186.0,81618.0,3.514e-05,1.0,8.0,0.0,0.0001,8.0,8.0,0.081,BTC,True,True,7.371744905890248,-6.486e-05
2025-03-18 16:00:00+00:00,81567.5,81814.2,81618.0,82703.0,2e-06,1.0,8.0,0.0,0.0001,8.0,8.0,0.087,BTC,True,True,6.189275592756148,-9.800000000000001e-05
2025-03-19 00:00:00+00:00,82666.2,83069.9,82703.0,83170.0,5.961e-05,1.0,8.0,0.0,0.0001,8.0,8.0,0.103,BTC,True,True,4.450647473344677,-4.0390000000000005e-05
2025-03-19 08:00:00+00:00,83152.5,83373.5,83174.0,84724.0,5.024e-05,1.0,8.0,0.0,0.0001,8.0,8.0,0.139,BTC,True,True,2.5852765638370645,-4.9760000000000005e-05
2025-03-19 16:00:00+00:00,84693.3,84526.8,84725.0,86803.0,1.944e-05,1.0,8.0,0.0,0.0001,8.0,8.0,0.16,BTC,True,True,3.7422167935733595,-8.056e-05
2025-03-20 00:00:00+00:00,86809.8,85979.8,86810.0,85786.0,3.79e-05,1.0,8.0,0.0,6.694680000000001e-05,8.0,8.0,0.085,BTC,True,True,0.023038846951755215,-2.9046800000000008e-05
2025-03-20 08:00:00+00:00,85764.7,86193.4,85786.0,84650.0,1.086e-05,1.0,8.0,0.0,3.3226600000000005e-05,8.0,8.0,0.115,BTC,True,True,2.483230917677981,-2.2366600000000004e-05
2025-03-20 16:00:00+00:00,84642.0,83769.5,84649.0,84179.0,1.615e-05,1.0,8.0,0.0,8.91808e-05,8.0,8.0,0.101,BTC,True,True,0.826978398613806,-7.30308e-05
2025-03-21 00:00:00+00:00,84183.6,84468.8,84179.0,83902.0,5.324e-05,1.0,8.0,0.0,6.66898e-05,8.0,8.0,0.069,BTC,True,True,-0.546439648846882,-1.3449800000000001e-05
2025-03-21 08:00:00+00:00,83889.5,83979.6,83902.0,83510.0,2.518e-05,1.0,8.0,0.0,-1.2076700000000002e-05,8.0,8.0,0.06,BTC,True,True,1.4899443682327977,3.7256700000000005e-05
2025-03-21 16:00:00+00:00,83525.9,84066.9,83510.0,84052.0,2.836e-05,1.0,8.0,0.0,8.44592e-05,8.0,8.0,0.074,BTC,True,True,-1.9037823663081779,-5.60992e-05
2025-03-22 00:00:00+00:00,84050.3,84153.9,84052.0,84246.0,-1.77e-05,1.0,8.0,0.004,0.0001,8.0,8.0,0.102,BTC,True,True,0.20225779183856657,-0.0001177
2025-03-22 08:00:00+00:00,84235.4,84175.1,84246.0,84086.0,5.092e-05,1.0,8.0,0.0,8.9658e-05,8.0,8.0,0.115,BTC,True,True,1.2582991373513448,-3.8738e-05
2025-03-22 16:00:00+00:00,84073.4,84097.9,84087.0,83804.0,2.099e-05,1.0,8.0,0.0,7.29308e-05,8.0,8.0,0.119,BTC,True,True,1.617503292053638,-5.1940799999999996e-05
2025-03-23 00:00:00+00:00,83804.9,83959.8,83804.0,84235.0,-1.84e-06,1.0,8.0,0.0,-1.80021e-05,8.0,8.0,0.102,BTC,True,True,-0.10739286517683738,1.6162100000000002e-05
2025-03-23 08:00:00+00:00,84229.9,84298.6,84235.0,85148.0,4.02e-05,1.0,8.0,0.0,3.6545999999999997e-06,8.0,8.0,0.077,BTC,True,True,0.6054673705399412,3.6545400000000004e-05
2025-03-23 16:00:00+00:00,85148.0,85207.3,85147.0,86036.0,2.039e-05,1.0,8.0,0.0,-7.45778e-05,8.0,8.0,0.112,BTC,True,True,-0.11744326022626173,9.49678e-05
2025-03-24 00:00:00+00:00,86044.1,85994.8,86036.0,86821.0,5.512e-05,1.0,8.0,0.0,-2.93258e-05,8.0,8.0,0.138,BTC,True,True,-0.9414220477547629,8.44458e-05
2025-03-24 08:00:00+00:00,86827.5,87368.5,86821.0,88308.0,-3.422e-05,1.0,8.0,0.0,8.905620000000001e-05,8.0,8.0,0.166,BTC,True,True,-0.7486387735036192,-0.0001232762
2025-03-24 16:00:00+00:00,88283.7,88007.6,88308.0,87472.0,-2.47e-06,1.0,8.0,0.001,3.77608e-05,8.0,8.0,0.085,BTC,True,True,2.752111243436245,-4.02308e-05
2025-03-25 00:00:00+00:00,87463.4,87556.5,87472.0,86404.0,1.15e-05,1.0,8.0,0.0,4.2536799999999996e-05,8.0,8.0,0.081,BTC,True,True,0.9832200923231512,-3.1036799999999994e-05
2025-03-25 08:00:00+00:00,86404.5,86675.0,86404.0,87720.0,-3.776e-05,1.0,8.0,0.0,3.48962e-05,8.0,8.0,0.079,BTC,True,True,-0.057867523877722,-7.26562e-05
2025-03-25 16:00:00+00:00,87723.0,87747.5,87720.0,87367.0,-2.99e-05,1.0,8.0,0.0,-0.0002290031,8.0,8.0,0.208,BTC,True,True,-0.34199141604829353,0.00019910310000000001
2025-03-26 00:00:00+00:00,87369.9,87608.0,87367.0,88109.0,1.659e-05,1.0,8.0,0.0,-3.81564e-05,8.0,8.0,0.077,BTC,True,True,-0.3319276008972578,5.4746399999999995e-05
2025-03-26 08:00:00+00:00,88106.7,87918.4,88106.0,86711.0,-3.082e-05,1.0,8.0,0.001,-5.12e-06,8.0,8.0,0.069,BTC,True,True,-0.07944943809407902,-2.57e-05
2025-03-26 16:00:00+00:00,86696.8,86459.6,86711.0,86872.0,3.136e-05,1.0,8.0,0.001,8.18963e-05,8.0,8.0,0.109,BTC,True,True,1.6377579361176673,-5.05363e-05
2025-03-27 00:00:00+00:00,86873.9,87239.0,86873.0,87360.0,5.512e-05,1.0,8.0,0.001,7.030300000000001e-05,8.0,8.0,0.083,BTC,True,True,-0.10359897068687168,-1.5183000000000007e-05
2025-03-27 08:00:00+00:00,87363.1,87396.1,87359.0,86927.0,-3.76e-05,1.0,8.0,0.002,2.94997e-05,8.0,8.0,0.057,BTC,True,True,-0.4693167035839293,-6.70997e-05
2025-03-27 16:00:00+00:00,86931.2,86792.1,86923.0,87188.0,1.584e-05,1.0,8.0,0.001,-4.15416e-05,8.0,8.0,0.133,BTC,True,True,-0.943319172741485,5.73816e-05
2025-03-28 00:00:00+00:00,87191.2,87307.4,87187.0,85180.0,-4.57e-06,1.0,8.0,0.001,2.24116e-05,8.0,8.0,0.07,BTC,True,True,-0.4817115901884137,-2.69816e-05
2025-03-28 08:00:00+00:00,85175.1,85180.0,85179.0,84022.0,8.118e-05,1.0,8.0,0.0,5.42377e-05,8.0,8.0,0.105,BTC,True,True,0.45786981360261647,2.6942300000000008e-05
2025-03-28 16:00:00+00:00,84011.0,83756.7,84022.0,84379.0,5.364e-05,1.0,8.0,0.0,9.94945e-05,8.0,8.0,0.086,BTC,True,True,1.3092666340200971,-4.58545e-05
2025-03-29 00:00:00+00:00,84380.8,84352.7,84380.0,83686.0,8.214e-05,1.0,8.0,0.0,4.54803e-05,8.0,8.0,0.111,BTC,True,True,-0.0948087470561561,3.66597e-05
2025-03-29 08:00:00+00:00,83696.1,83896.3,83687.0,82367.0,2.53e-05,1.0,8.0,0.0,-1.75845e-05,8.0,8.0,0.174,BTC,True,True,-1.087326021440889,4.28845e-05
2025-03-29 16:00:00+00:00,82377.3,82164.4,82367.0,82619.0,3.41e-06,1.0,8.0,0.0,5.11263e-05,8.0,8.0,0.097,BTC,True,True,-1.2504226262663953,-4.7716299999999996e-05
2025-03-30 00:00:00+00:00,82604.8,82763.4,82619.0,83029.0,4.27e-06,1.0,8.0,0.0,4.35525e-05,8.0,8.0,0.093,BTC,True,True,1.7188806981744096,-3.92825e-05
2025-03-30 08:00:00+00:00,83037.5,83339.6,83030.0,82692.0,4.588e-05,1.0,8.0,0.0,6.544460000000001e-05,8.0,8.0,0.107,BTC,True,True,-0.9032471742033312,-1.9564600000000006e-05
2025-03-30 16:00:00+00:00,82699.9,82253.4,82692.0,82331.0,2.643e-05,1.0,8.0,0.0,6.30677e-05,8.0,8.0,0.098,BTC,True,True,-0.9553067600044401,-3.66377e-05
2025-03-31 00:00:00+00:00,82353.1,81607.9,82330.0,81901.0,6.02e-05,1.0,8.0,0.0,5.14941e-05,8.0,8.0,0.097,BTC,True,True,-2.8053880636822246,8.7059e-06
2025-03-31 08:00:00+00:00,81895.1,81864.0,81892.0,83369.0,1.845e-05,1.0,8.0,0.0,2.37996e-05,8.0,8.0,0.189,BTC,True,True,-0.3785401903299915,-5.3496e-06
2025-03-31 16:00:00+00:00,83373.3,83250.7,83369.0,82520.0,3.961e-05,1.0,8.0,0.0,7.44745e-05,8.0,8.0,0.069,BTC,True,True,-0.5157659455285377,-3.48645e-05
2025-04-01 00:00:00+00:00,82517.5,82598.4,82520.0,83431.0,2.889e-05,1.0,8.0,0.001,0.0001,8.0,8.0,0.112,BTC,True,True,0.3029614481781577,-7.111e-05
2025-04-01 08:00:00+00:00,83415.2,84069.9,83430.0,85230.0,3.573e-05,1.0,8.0,0.0,8.7429e-05,8.0,8.0,0.074,BTC,True,True,1.7740995891785856,-5.169900000000001e-05
2025-04-01 16:00:00+00:00,85245.5,85067.0,85230.0,85124.0,-2.112e-05,1.0,8.0,0.001,-0.0001138781,8.0,8.0,0.05,BTC,True,True,-1.8184431244034165,9.27581e-05
2025-04-02 00:00:00+00:00,85121.0,84918.5,85123.0,84384.0,3.036e-05,1.0,8.0,0.0,-2.77959e-05,8.0,8.0,0.18,BTC,True,True,0.2349568854233575,5.8155899999999997e-05
2025-04-02 08:00:00+00:00,84389.7,84621.3,84384.0,86708.0,7.33e-06,1.0,8.0,0.0,7.44846e-05,8.0,8.0,0.114,BTC,True,True,-0.6754606911109131,-6.71546e-05
2025-04-02 16:00:00+00:00,86709.5,87013.1,86661.0,82484.0,5.862e-05,1.0,8.0,0.0,-5.0133e-05,8.0,8.0,0.085,BTC,True,True,-5.5949543048196695,0.00010875300000000001
2025-04-03 00:00:00+00:00,82485.1,83181.9,82484.0,83420.0,5.038e-05,1.0,8.0,0.0,5.86159e-05,8.0,8.0,0.14,BTC,True,True,-0.13335830771047796,-8.2359e-06
2025-04-03 08:00:00+00:00,83423.7,83638.9,83421.0,82017.0,6.484e-05,1.0,8.0,0.0,-2.44071e-05,8.0,8.0,0.141,BTC,True,True,-0.3236542725335081,8.924709999999999e-05
2025-04-03 16:00:00+00:00,82001.7,81801.9,82017.0,83154.0,4.283e-05,1.0,8.0,0.0,9.72366e-05,8.0,8.0,0.04,BTC,True,True,1.8656409353786485,-5.44066e-05
2025-04-04 00:00:00+00:00,83181.7,83005.4,83153.0,83975.0,4.736e-05,1.0,8.0,0.0,5.37348e-05,8.0,8.0,0.078,BTC,True,True,-3.450873483982781,-6.374799999999999e-06
2025-04-04 08:00:00+00:00,83968.1,84372.9,83975.0,82831.0,8.038e-05,1.0,8.0,0.0,9.66356e-05,8.0,8.0,0.056,BTC,True,True,0.8217068761837258,-1.62556e-05
2025-04-04 16:00:00+00:00,82821.9,83354.8,82834.0,83872.0,8.559e-05,1.0,8.0,0.0,0.0001,8.0,8.0,0.101,BTC,True,True,1.4608595312969854,-1.4410000000000006e-05
2025-04-05 00:00:00+00:00,83861.4,83760.0,83873.0,83498.0,7.437e-05,1.0,8.0,0.0,0.0001,8.0,8.0,0.099,BTC,True,True,1.3831390601442095,-2.563000000000001e-05
2025-04-05 08:00:00+00:00,83490.0,83479.7,83498.0,82599.0,4.08e-06,1.0,8.0,0.0,0.0001,8.0,8.0,0.185,BTC,True,True,0.958152682363786,-9.592e-05
2025-04-05 16:00:00+00:00,82576.5,82703.0,82588.0,83503.0,2.21e-06,1.0,8.0,0.0,9.966490000000001e-05,8.0,8.0,0.081,BTC,True,True,1.3925510649792245,-9.745490000000001e-05
2025-04-06 00:00:00+00:00,83506.1,83489.9,83503.0,83012.0,5.363e-05,1.0,8.0,0.0,0.0001,8.0,8.0,0.065,BTC,True,True,-0.3712372559767721,-4.6370000000000005e-05
2025-04-06 08:00:00+00:00,82990.9,82992.9,83011.0,82515.0,-6.03e-06,1.0,8.0,0.002,2.18414e-05,8.0,8.0,0.1,BTC,True,True,2.421659041039159,-2.78714e-05
2025-04-06 16:00:00+00:00,82497.4,81932.5,82516.0,78376.0,4.946e-05,1.0,8.0,0.0,4.10868e-05,8.0,8.0,0.154,BTC,True,True,2.2543623825438255,8.373199999999996e-06
2025-04-07 00:00:00+00:00,78390.1,78295.7,78376.0,75094.0,6.857e-05,1.0,8.0,0.0,5.14049e-05,8.0,8.0,0.118,BTC,True,True,-1.7988583039351833,1.7165100000000003e-05
2025-04-07 08:00:00+00:00,75084.1,76223.2,75093.0,78510.0,4.998e-05,1.0,8.0,0.0,0.0001,8.0,8.0,0.113,BTC,True,True,1.1852672625076695,-5.0020000000000006e-05
2025-04-07 16:00:00+00:00,78444.6,77394.8,78508.0,79180.0,4.074e-05,1.0,8.0,0.0,0.0001,8.0,8.0,0.094,BTC,True,True,8.078872659430385,-5.9260000000000005e-05
2025-04-08 00:00:00+00:00,79140.1,78981.2,79181.0,79492.0,3.575e-05,1.0,8.0,0.0,0.0001,8.0,8.0,0.096,BTC,True,True,5.166715101127342,-6.425e-05
2025-04-08 08:00:00+00:00,79448.5,79129.8,79493.0,78481.0,3.134e-05,1.0,8.0,0.0,0.0001,8.0,8.0,0.076,BTC,True,True,5.59954463280483,-6.866000000000001e-05
2025-04-08 16:00:00+00:00,78459.9,77393.5,78482.0,76288.0,9.568e-05,1.0,8.0,0.0,9.10881e-05,8.0,8.0,0.108,BTC,True,True,2.816328863876414,4.591900000000006e-06
2025-04-09 00:00:00+00:00,76298.0,76494.0,76289.0,77700.0,-2.252e-05,1.0,8.0,0.001,5.776820000000001e-05,8.0,8.0,0.087,BTC,True,True,-1.1796548867781256,-8.028820000000002e-05
2025-04-09 08:00:00+00:00,77651.3,77267.2,77701.0,77278.0,6.856e-05,1.0,8.0,0.0,0.0001,8.0,8.0,0.088,BTC,True,True,6.398360590162863,-3.144000000000001e-05
2025-04-09 16:00:00+00:00,77237.5,78227.9,77278.0,82629.0,7.705e-05,1.0,8.0,0.0,0.00023990800000000002,8.0,8.0,0.06,BTC,True,True,5.242192650895989,-0.00016285800000000002
2025-04-10 00:00:00+00:00,82587.9,82310.1,82629.0,81587.0,1.14e-06,1.0,8.0,0.0,0.0001,8.0,8.0,0.093,BTC,True,True,4.975278055429143,-9.886e-05
2025-04-10 08:00:00+00:00,81561.5,81518.0,81587.0,78786.0,6.775e-05,1.0,8.0,0.0,0.0001,8.0,8.0,0.121,BTC,True,True,3.12598647338405,-3.225000000000001e-05
2025-04-10 16:00:00+00:00,78731.7,79406.1,78786.0,79607.0,2.065e-05,1.0,8.0,0.001,0.0001,8.0,8.0,0.109,BTC,True,True,6.894463561987035,-7.935e-05
2025-04-11 00:00:00+00:00,79560.3,79010.2,79607.0,81270.0,-4.294e-05,1.0,8.0,0.0,0.0001,8.0,8.0,0.098,BTC,True,True,5.868039646339651,-0.00014294
2025-04-11 08:00:00+00:00,81213.7,81591.9,81270.0,82514.0,3.29e-05,1.0,8.0,0.0,0.0001,8.0,8.0,0.117,BTC,True,True,6.929926171440889,-6.71e-05
2025-04-11 16:00:00+00:00,82486.8,82748.7,82517.0,83397.0,3.654e-05,1.0,8.0,0.0,0.0001,8.0,8.0,0.113,BTC,True,True,3.6605217985555,-6.346e-05
2025-04-12 00:00:00+00:00,83378.3,83322.6,83397.0,83715.0,5.64e-05,1.0,8.0,0.001,0.0001,8.0,8.0,0.077,BTC,True,True,2.2425383229259697,-4.36e-05
2025-04-12 08:00:00+00:00,83685.4,83568.7,83715.0,85041.0,5.388e-05,1.0,8.0,0.0,0.0001,8.0,8.0,0.128,BTC,True,True,3.5364312520751775,-4.6120000000000006e-05
2025-04-12 16:00:00+00:00,84974.1,84624.1,85041.0,85327.0,5.057e-05,1.0,8.0,0.0,0.0001143378,8.0,8.0,0.121,BTC,True,True,7.869889610144071,-6.37678e-05
2025-04-13 00:00:00+00:00,85237.9,85470.0,85326.0,84458.0,8.429e-05,1.0,8.0,0.0,0.0001,8.0,8.0,0.082,BTC,True,True,10.33044012653083,-1.571000000000001e-05
2025-04-13 08:00:00+00:00,84378.4,84639.8,84458.0,83823.0,9.642e-05,1.0,8.0,0.0,0.0001,8.0,8.0,0.112,BTC,True,True,9.4292469986033,-3.580000000000003e-06
2025-04-13 16:00:00+00:00,83820.1,84183.7,83823.0,83731.0,8.113e-05,1.0,8.0,0.0,8.748930000000001e-05,8.0,8.0,0.105,BTC,True,True,0.34597308213575534,-6.359300000000005e-06
2025-04-14 00:00:00+00:00,83713.8,84298.8,83732.0,84553.0,7.127e-05,1.0,8.0,0.0,8.85009e-05,8.0,8.0,0.084,BTC,True,True,2.173837751876797,-1.7230900000000005e-05
2025-04-14 08:00:00+00:00,84544.3,84727.9,84554.0,84070.0,2.428e-05,1.0,8.0,0.0,8.16707e-05,8.0,8.0,0.147,BTC,True,True,1.1472616827777238,-5.73907e-05
2025-04-14 16:00:00+00:00,84054.4,84299.9,84071.0,84546.0,-2.073e-05,1.0,8.0,0.0,-1.4483700000000002e-05,8.0,8.0,0.087,BTC,True,True,1.9747164977987952,-6.246299999999998e-06
2025-04-15 00:00:00+00:00,84553.9,84876.2,84546.0,85695.0,6.606e-05,1.0,8.0,0.0,2.42286e-05,8.0,8.0,0.104,BTC,True,True,-0.9343589210573933,4.18314e-05
2025-04-15 08:00:00+00:00,85691.3,85799.9,85694.0,84880.0,1.883e-05,1.0,8.0,0.001,2.2058700000000003e-05,8.0,8.0,0.096,BTC,True,True,0.31507953135169214,-3.228700000000002e-06
2025-04-15 16:00:00+00:00,84871.9,84810.0,84880.0,83614.0,2.428e-05,1.0,8.0,0.0,4.240280000000001e-05,8.0,8.0,0.107,BTC,True,True,0.9543339433793605,-1.8122800000000005e-05
2025-04-16 00:00:00+00:00,83608.6,83105.2,83615.0,83350.0,6.917e-05,1.0,8.0,0.0,9.59029e-05,8.0,8.0,0.127,BTC,True,True,0.7654421987238498,-2.6732899999999996e-05
2025-04-16 08:00:00+00:00,83325.0,83699.9,83347.0,84797.0,1.978e-05,1.0,8.0,0.0,9.35648e-05,8.0,8.0,0.072,BTC,True,True,2.6399155380356643,-7.37848e-05
2025-04-16 16:00:00+00:00,84811.3,85000.1,84796.0,83965.0,1.404e-05,1.0,8.0,0.001,-3.64061e-05,8.0,8.0,0.078,BTC,True,True,-1.8041676321135314,5.04461e-05
2025-04-17 00:00:00+00:00,83990.1,84176.7,83966.0,84625.0,5.679e-05,1.0,8.0,0.0,-4.9957500000000004e-05,8.0,8.0,0.088,BTC,True,True,-2.8697975441685135,0.00010674750000000001
2025-04-17 08:00:00+00:00,84629.0,84407.7,84626.0,84508.0,3.425e-05,1.0,8.0,0.001,3.55541e-05,8.0,8.0,0.129,BTC,True,True,-0.35449469738737727,-1.3041e-06
2025-04-17 16:00:00+00:00,84495.6,84898.5,84509.0,84905.0,1.788e-05,1.0,8.0,0.0,2.1361e-05,8.0,8.0,0.099,BTC,True,True,1.5857556573111378,-3.4809999999999994e-06
2025-04-18 00:00:00+00:00,84914.9,84775.6,84906.0,84615.0,7.071e-05,1.0,8.0,0.0,-6.522800000000001e-06,8.0,8.0,0.098,BTC,True,True,-1.0481630951362355,7.723280000000001e-05
2025-04-18 08:00:00+00:00,84622.9,84610.7,84615.0,84321.0,2.995e-05,1.0,8.0,0.0,-3.21714e-05,8.0,8.0,0.098,BTC,True,True,-0.933597025929705,6.21214e-05
2025-04-18 16:00:00+00:00,84332.2,84445.7,84322.0,84413.0,2.93e-05,1.0,8.0,0.0,-0.0001299379,8.0,8.0,0.121,BTC,True,True,-1.2095755708944786,0.00015923790000000002
2025-04-19 00:00:00+00:00,84421.0,84392.7,84413.0,85192.0,6.024e-05,1.0,8.0,0.0,4.22951e-05,8.0,8.0,0.062,BTC,True,True,-0.9476764165970438,1.7944899999999998e-05
2025-04-19 08:00:00+00:00,85174.5,85270.2,85192.0,85161.0,-1.953e-05,1.0,8.0,0.0,0.0001,8.0,8.0,0.073,BTC,True,True,2.0543945037969458,-0.00011953
2025-04-19 16:00:00+00:00,85146.3,84800.0,85160.0,85055.0,-2.98e-06,1.0,8.0,0.0,0.0001,8.0,8.0,0.139,BTC,True,True,1.608865911543247,-0.00010298
2025-04-20 00:00:00+00:00,85046.9,85126.0,85054.0,84723.0,-1.078e-05,1.0,8.0,0.0,6.648790000000001e-05,8.0,8.0,0.081,BTC,True,True,0.8347986405860847,-7.726790000000001e-05
2025-04-20 08:00:00+00:00,84736.6,84604.7,84099.0,84305.0,-2.258e-05,1.0,8.0,0.0,-0.0001785775,8.0,8.0,0.116,BTC,True,True,-75.52945363341851,0.0001559975
2025-04-20 16:00:00+00:00,84304.6,84570.0,84305.0,85173.0,5.232e-05,1.0,8.0,0.0,4.9265100000000004e-05,8.0,8.0,0.102,BTC,True,True,0.04744688321401058,3.054899999999997e-06
2025-04-21 00:00:00+00:00,85138.9,86600.0,85173.0,87392.0,5.403e-05,1.0,8.0,0.005,-1.0028700000000001e-05,8.0,8.0,0.094,BTC,True,True,4.004417830541297,6.40587e-05
2025-04-21 08:00:00+00:00,87400.7,87536.4,87392.0,87964.0,1.553e-05,1.0,8.0,0.003,-9.809e-06,8.0,8.0,0.134,BTC,True,True,-0.9954649144022794,2.5339e-05
2025-04-21 16:00:00+00:00,87997.3,87131.8,87970.0,87492.0,7.749e-05,1.0,8.0,0.008,3.5432e-05,8.0,8.0,0.109,BTC,True,True,-3.102849247448893,4.2058e-05
2025-04-22 00:00:00+00:00,87466.0,87672.7,87492.0,88440.0,-7.44e-06,1.0,8.0,0.0,9.96681e-05,8.0,8.0,0.112,BTC,True,True,2.972141907359634,-0.0001071081
2025-04-22 08:00:00+00:00,88434.9,88364.5,88440.0,90906.0,-7.045e-05,1.0,8.0,0.0,7.00739e-05,8.0,8.0,0.09,BTC,True,True,0.5766787714278516,-0.00014052390000000002
2025-04-22 16:00:00+00:00,90881.1,90626.2,90907.0,93422.0,-1.389e-05,1.0,8.0,0.0,2.3689000000000003e-06,8.0,8.0,0.073,BTC,True,True,2.849471464331146,-1.62589e-05
2025-04-23 00:00:00+00:00,93404.9,92858.2,93420.0,94132.0,1.374e-05,1.0,8.0,0.002,0.0001,8.0,8.0,0.086,BTC,True,True,1.616486885087876,-8.626e-05
2025-04-23 08:00:00+00:00,94102.6,94228.6,94130.0,93178.0,4.587e-05,1.0,8.0,0.0,0.0001,8.0,8.0,0.11,BTC,True,True,2.9112916884235296,-5.4130000000000005e-05
2025-04-23 16:00:00+00:00,93140.3,93586.0,93178.0,93632.0,-2.671e-05,1.0,8.0,0.0,1.4515000000000021e-06,8.0,8.0,0.156,BTC,True,True,4.046838181166653,-2.81615e-05
2025-04-24 00:00:00+00:00,93632.2,93312.3,93631.0,92153.0,5.21e-05,1.0,8.0,0.001,-0.0001080075,8.0,8.0,0.087,BTC,True,True,-0.128161859886844,0.0001601075
2025-04-24 08:00:00+00:00,92166.1,91985.5,92152.0,93191.0,-2.165e-05,1.0,8.0,0.001,6.22668e-05,8.0,8.0,0.073,BTC,True,True,-1.5299636907616159,-8.39168e-05
2025-04-24 16:00:00+00:00,93144.8,93289.6,93190.0,93965.0,-1.764e-05,1.0,8.0,0.007,0.0001,8.0,8.0,0.114,BTC,True,True,4.851482480627043,-0.00011764
2025-04-25 00:00:00+00:00,93931.5,93839.8,93965.0,93756.0,1.7e-06,1.0,8.0,0.002,0.0001,8.0,8.0,0.659,BTC,True,True,3.5657929077932073,-9.83e-05
2025-04-25 08:00:00+00:00,93733.9,93641.3,93755.0,95007.0,1.2e-06,1.0,8.0,0.003,7.88869e-05,8.0,8.0,0.085,BTC,True,True,2.2507999235234464,-7.76869e-05
2025-04-25 16:00:00+00:00,94999.8,95163.7,95008.0,94567.0,-0.00010085,1.0,8.0,0.002,-0.0001983302,8.0,8.0,0.07,BTC,True,True,0.86312246182373,9.74802e-05
2025-04-26 00:00:00+00:00,94591.8,94848.2,94567.0,94487.0,-2.774e-05,1.0,8.0,0.0,-0.00011812010000000001,8.0,8.0,0.089,BTC,True,True,-2.622135490613869,9.03801e-05
2025-04-26 08:00:00+00:00,94520.0,94271.2,94487.0,94332.0,2.855e-05,1.0,8.0,0.002,-0.000162439,8.0,8.0,0.099,BTC,True,True,-3.491934196651541,0.000190989
2025-04-26 16:00:00+00:00,94325.0,94252.4,94332.0,94568.0,-1.5e-05,1.0,8.0,0.001,-4.45424e-05,8.0,8.0,0.054,BTC,True,True,0.7420874924562855,2.9542400000000004e-05
2025-04-27 00:00:00+00:00,94575.7,94825.2,94569.0,94026.0,-6.6e-06,1.0,8.0,0.0,-4.30888e-05,8.0,8.0,0.081,BTC,True,True,-0.7084523122030202,3.64888e-05
2025-04-27 08:00:00+00:00,94027.7,94165.2,94027.0,93864.0,-4.21e-06,1.0,8.0,0.0,-1.6204e-05,8.0,8.0,0.06,BTC,True,True,-0.07444642436520012,1.1993999999999999e-05
2025-04-27 16:00:00+00:00,93857.7,93834.2,93863.0,93690.0,3.73e-06,1.0,8.0,0.001,4.66561e-05,8.0,8.0,0.051,BTC,True,True,0.5646686808024229,-4.29261e-05
2025-04-28 00:00:00+00:00,93697.0,93373.6,93690.0,94652.0,2.46e-06,1.0,8.0,0.003,-8.330999999999999e-06,8.0,8.0,0.116,BTC,True,True,-0.7471169294840224,1.0790999999999999e-05
2025-04-28 08:00:00+00:00,94641.6,94661.8,94652.0,93804.0,-5.821e-05,1.0,8.0,0.005,9.81411e-05,8.0,8.0,0.106,BTC,True,True,1.0988221482875866,-0.0001563511
2025-04-28 16:00:00+00:00,93772.7,93677.5,93811.0,94970.0,-7.73e-06,1.0,8.0,0.0,9.31783e-05,8.0,8.0,0.114,BTC,True,True,4.0835105110110055,-0.0001009083
2025-04-29 00:00:00+00:00,94969.0,95012.4,94970.0,94907.0,4.13e-06,1.0,8.0,0.0,0.0001,8.0,8.0,0.094,BTC,True,True,0.10529696376367301,-9.587e-05
2025-04-29 08:00:00+00:00,94877.9,94983.2,94897.0,94825.0,1.305e-05,1.0,8.0,0.01,0.0001,8.0,8.0,0.09,BTC,True,True,2.0129110925100155,-8.695e-05
2025-04-29 16:00:00+00:00,94790.6,94905.3,94826.0,94244.0,-5.181e-05,1.0,8.0,0.001,0.0001,8.0,8.0,0.103,BTC,True,True,3.7338503497338187,-0.00015181
2025-04-30 00:00:00+00:00,94200.1,94498.1,94243.0,94629.0,2.939e-05,1.0,8.0,0.0,0.0001,8.0,8.0,0.118,BTC,True,True,4.5530986001731195,-7.061e-05
2025-04-30 08:00:00+00:00,94577.6,94660.0,94629.0,94020.0,-3.797e-05,1.0,8.0,0.003,0.0001,8.0,8.0,0.106,BTC,True,True,5.433214408420992,-0.00013797
2025-04-30 16:00:00+00:00,93948.4,93900.0,94017.0,94210.0,3.519e-05,1.0,8.0,0.0,0.0001,8.0,8.0,0.104,BTC,True,True,7.299216030798285,-6.481e-05
2025-05-01 00:00:00+00:00,94125.2,94358.9,94210.0,95036.0,5.755e-05,1.0,8.0,0.0,0.0001,8.0,8.0,0.059,BTC,True,True,9.005221087788742,-4.245e-05
2025-05-01 08:00:00+00:00,94978.6,95163.0,95035.0,96880.0,-8.028e-05,1.0,8.0,0.001,0.0001,8.0,8.0,0.14,BTC,True,True,5.936417357107222,-0.00018028
2025-05-01 16:00:00+00:00,96793.9,96954.3,96878.0,96486.0,-0.00012232,1.0,8.0,0.0,0.0001,8.0,8.0,0.084,BTC,True,True,8.684791679752491,-0.00022232000000000003
2025-05-02 00:00:00+00:00,96423.2,96973.9,96479.0,96358.0,-9.382e-05,1.0,8.0,0.0,0.0001,8.0,8.0,0.116,BTC,True,True,5.7853152070167475,-0.00019382
2025-05-02 08:00:00+00:00,96302.0,96581.2,96358.0,97335.0,-8.689e-05,1.0,8.0,0.003,0.0001,8.0,8.0,0.079,BTC,True,True,5.813350106623226,-0.00018689
2025-05-02 16:00:00+00:00,97270.1,97300.7,97335.0,96879.0,-5.953e-05,1.0,8.0,0.0,0.0001,8.0,8.0,0.111,BTC,True,True,6.669917942135308,-0.00015953
2025-05-03 00:00:00+00:00,96831.2,96657.1,96880.0,96355.0,3.198e-05,1.0,8.0,0.0,0.0001,8.0,8.0,0.119,BTC,True,True,5.038428447332789,-6.802e-05
2025-05-03 08:00:00+00:00,96290.8,96244.2,96356.0,96422.0,-1.483e-05,1.0,8.0,0.0,0.0001,8.0,8.0,0.092,BTC,True,True,6.768864314322979,-0.00011483000000000001
2025-05-03 16:00:00+00:00,96358.7,96150.0,96423.0,95854.0,3.7e-06,1.0,8.0,0.001,0.0001,8.0,8.0,0.111,BTC,True,True,6.670757897082896,-9.630000000000001e-05
2025-05-04 00:00:00+00:00,95803.3,95819.0,95855.0,95837.0,3.229e-05,1.0,8.0,0.001,0.0001,8.0,8.0,0.095,BTC,True,True,5.395018243821225,-6.771000000000001e-05
2025-05-04 08:00:00+00:00,95842.1,95598.5,95836.0,95423.0,3.745e-05,1.0,8.0,0.002,0.0001,8.0,8.0,0.126,BTC,True,True,-0.6364837717055073,-6.255e-05
2025-05-04 16:00:00+00:00,95421.1,95300.8,95422.0,94257.0,-2.404e-05,1.0,8.0,0.0,-7.1545e-05,8.0,8.0,0.113,BTC,True,True,0.09431831698436333,4.750499999999999e-05
2025-05-05 00:00:00+00:00,94230.2,94660.0,94256.0,94751.0,3.636e-05,1.0,8.0,0.0,0.0001,8.0,8.0,0.121,BTC,True,True,2.737600966131935,-6.364000000000001e-05
2025-05-05 08:00:00+00:00,94696.4,94509.9,94751.0,93775.0,-2.247e-05,1.0,8.0,0.006,0.0001,8.0,8.0,0.157,BTC,True,True,5.764133106260011,-0.00012247
2025-05-05 16:00:00+00:00,93726.0,94163.9,93774.0,94686.0,1.978e-05,1.0,8.0,0.002,6.62924e-05,8.0,8.0,0.073,BTC,True,True,5.120000111847056,-4.651239999999999e-05
2025-05-06 00:00:00+00:00,94696.7,94558.5,94687.0,94376.0,4.44e-05,1.0,8.0,0.005,6.9292e-05,8.0,8.0,0.099,BTC,True,True,-1.024375382726025,-2.4891999999999998e-05
2025-05-06 08:00:00+00:00,94350.0,94341.7,94376.0,94536.0,7.57e-06,1.0,8.0,0.0,-1.2831999999999948e-06,8.0,8.0,0.085,BTC,True,True,2.755317249821761,8.853199999999995e-06
2025-05-06 16:00:00+00:00,94513.2,94186.3,94536.0,96811.0,1.218e-05,1.0,8.0,0.002,0.0001,8.0,8.0,0.099,BTC,True,True,2.412070520324905,-8.782000000000001e-05
2025-05-07 00:00:00+00:00,96798.9,97379.6,96812.0,96952.0,-2.5e-07,1.0,8.0,0.0,2.77464e-05,8.0,8.0,0.111,BTC,True,True,1.3532295981275402,-2.79964e-05
2025-05-07 08:00:00+00:00,96940.0,96972.2,96951.0,96890.0,1.32e-05,1.0,8.0,0.006,9.06865e-05,8.0,8.0,0.082,BTC,True,True,1.1346581338799826,-7.74865e-05
2025-05-07 16:00:00+00:00,96889.0,96800.9,96890.0,97033.0,2.318e-05,1.0,8.0,0.0,0.0001,8.0,8.0,0.107,BTC,True,True,0.10321035819315302,-7.682e-05
2025-05-08 00:00:00+00:00,96988.4,97725.1,97032.0,99282.0,4.608e-05,1.0,8.0,0.001,0.0001,8.0,8.0,0.087,BTC,True,True,4.494372832332896,-5.3920000000000006e-05
2025-05-08 08:00:00+00:00,99212.1,99615.0,99282.0,100817.0,5.728e-05,1.0,8.0,0.002,0.0001,8.0,8.0,0.167,BTC,True,True,7.043030789272083,-4.2720000000000004e-05
2025-05-08 16:00:00+00:00,100730.9,101235.9,100818.0,103368.0,0.0001,1.0,8.0,0.001,0.00038623460000000004,8.0,8.0,0.076,BTC,True,True,8.643064330508505,-0.00028623460000000005
2025-05-09 00:00:00+00:00,103228.0,102799.0,103365.0,103714.0,0.0001,1.0,8.0,0.006,0.0002226667,8.0,8.0,0.061,BTC,True,True,13.262794003873951,-0.00012266669999999998
2025-05-09 08:00:00+00:00,103597.4,102936.6,103720.0,102943.0,4.378e-05,1.0,8.0,0.0,0.0001505465,8.0,8.0,0.081,BTC,True,True,11.82727685100497,-0.00010676650000000001
2025-05-09 16:00:00+00:00,102853.0,102446.6,102944.0,103016.0,9.657e-05,1.0,8.0,0.001,0.00010347230000000001,8.0,8.0,0.078,BTC,True,True,8.84366690777442,-6.902300000000003e-06
2025-05-10 00:00:00+00:00,102941.9,102821.1,103017.0,103827.0,0.0001,1.0,8.0,0.0,0.000101396,8.0,8.0,0.101,BTC,True,True,7.292717462408425,-1.3959999999999982e-06
2025-05-10 08:00:00+00:00,103721.7,103587.7,103828.0,103181.0,4.257e-05,1.0,8.0,0.001,0.0001089434,8.0,8.0,0.07,BTC,True,True,10.243330565612773,-6.63734e-05
2025-05-10 16:00:00+00:00,103102.6,103390.6,103180.0,104918.0,0.0001,1.0,8.0,0.0,0.0001372948,8.0,8.0,0.101,BTC,True,True,7.504268768403074,-3.729479999999999e-05
2025-05-11 00:00:00+00:00,104788.8,104381.4,104918.0,103468.0,4.15e-05,1.0,8.0,0.001,0.0003852391,8.0,8.0,0.098,BTC,True,True,12.321967274987115,-0.0003437391
2025-05-11 08:00:00+00:00,103327.8,103783.9,103467.0,104244.0,0.0001,1.0,8.0,0.001,0.000503296,8.0,8.0,0.089,BTC,True,True,13.462622950295103,-0.000403296
2025-05-11 16:00:00+00:00,104082.9,103941.4,104244.0,104199.0,4.454e-05,1.0,8.0,0.004,0.000376011,8.0,8.0,0.111,BTC,True,True,15.466080675376718,-0.000331471
2025-05-12 00:00:00+00:00,104072.7,104541.5,104200.0,104557.0,0.0001,1.0,8.0,0.0,0.0003855033,8.0,8.0,0.114,BTC,True,True,12.224359299377083,-0.0002855033
2025-05-12 08:00:00+00:00,104426.3,104560.6,104557.0,102657.0,2.301e-05,1.0,8.0,0.0,0.0003459033,8.0,8.0,0.076,BTC,True,True,12.508178121456947,-0.0003228933
2025-05-12 16:00:00+00:00,102481.8,102800.2,102656.0,102855.0,6.847e-05,1.0,8.0,0.0,0.0004059904,8.0,8.0,0.088,BTC,True,True,16.983709669577895,-0.0003375204
2025-05-13 00:00:00+00:00,102739.3,102230.7,102854.0,102700.0,0.0001,1.0,8.0,0.008,0.0001120384,8.0,8.0,0.1,BTC,True,True,11.157952316551146,-1.2038399999999996e-05
2025-05-13 08:00:00+00:00,102624.0,102676.4,102701.0,103717.0,7.256e-05,1.0,8.0,0.001,0.00010323710000000001,8.0,8.0,0.102,BTC,True,True,7.500304747076649,-3.067710000000001e-05
2025-05-13 16:00:00+00:00,103633.0,103682.6,103715.0,104171.0,9.921e-05,1.0,8.0,0.007,0.0001,8.0,8.0,0.122,BTC,True,True,7.909408750009467,-7.900000000000111e-07
2025-05-14 00:00:00+00:00,104082.0,103861.7,104170.0,103735.0,7.542e-05,1.0,8.0,0.0,0.0001,8.0,8.0,0.139,BTC,True,True,8.451299890304607,-2.458e-05
2025-05-14 08:00:00+00:00,103662.2,103156.5,103736.0,103549.0,3.175e-05,1.0,8.0,0.002,0.0001,8.0,8.0,0.11,BTC,True,True,7.116744804425657,-6.825e-05
2025-05-14 16:00:00+00:00,103461.3,103318.8,103550.0,103502.0,2.978e-05,1.0,8.0,0.0,0.0001,8.0,8.0,0.1,BTC,True,True,8.569581025603169,-7.022e-05
2025-05-15 00:00:00+00:00,103458.1,103746.0,103501.0,101740.0,5.336e-05,1.0,8.0,0.003,0.0001,8.0,8.0,0.1,BTC,True,True,4.145746731062167,-4.664000000000001e-05
2025-05-15 08:00:00+00:00,101734.0,102215.1,101740.0,103270.0,1.439e-05,1.0,8.0,0.0,9.925960000000001e-05,8.0,8.0,0.137,BTC,True,True,0.5897559395052281,-8.48696e-05
2025-05-15 16:00:00+00:00,103211.2,103798.9,103269.0,103772.0,4.504e-05,1.0,8.0,0.001,0.0001,8.0,8.0,0.106,BTC,True,True,5.598599915126348,-5.496e-05
2025-05-16 00:00:00+00:00,103714.2,103710.0,103772.0,103665.0,7.535e-05,1.0,8.0,0.0,7.773200000000001e-05,8.0,8.0,0.079,BTC,True,True,5.571455016782449,-2.3820000000000053e-06
2025-05-16 08:00:00+00:00,103646.5,103358.0,103664.0,104200.0,4.768e-05,1.0,8.0,0.0,8.12291e-05,8.0,8.0,0.102,BTC,True,True,1.688288826813806,-3.35491e-05
2025-05-16 16:00:00+00:00,104144.0,104100.0,104200.0,103499.0,2.821e-05,1.0,8.0,0.0,0.0001,8.0,8.0,0.078,BTC,True,True,5.375724892349883,-7.179e-05
2025-05-17 00:00:00+00:00,103412.2,103300.1,103499.0,103417.0,3.34e-05,1.0,8.0,0.001,0.0001,8.0,8.0,0.106,BTC,True,True,8.390073141693696,-6.66e-05
2025-05-17 08:00:00+00:00,103399.5,103375.4,103418.0,102960.0,5.97e-06,1.0,8.0,0.004,0.0001,8.0,8.0,0.195,BTC,True,True,1.7890168916403075,-9.403e-05
2025-05-17 16:00:00+00:00,102900.1,102894.4,102961.0,103164.0,6.742e-05,1.0,8.0,0.0,0.0001,8.0,8.0,0.156,BTC,True,True,5.916610935874729,-3.258e-05
2025-05-18 00:00:00+00:00,103079.5,103329.6,103164.0,103988.0,5.903e-05,1.0,8.0,0.0,0.00010968310000000001,8.0,8.0,0.096,BTC,True,True,8.194198093817498,-5.0653100000000005e-05
2025-05-18 08:00:00+00:00,103893.0,103869.2,103989.0,105581.0,0.0001,1.0,8.0,0.0,0.00010036250000000001,8.0,8.0,0.092,BTC,True,True,9.236009546213737,-3.6250000000000204e-07
2025-05-18 16:00:00+00:00,105484.2,105789.2,105581.0,106556.0,5.99e-05,1.0,8.0,0.0,0.0001005252,8.0,8.0,0.174,BTC,True,True,9.172521740856736,-4.0625200000000005e-05
2025-05-19 00:00:00+00:00,106407.5,105225.3,106498.0,103327.0,6.04e-05,1.0,8.0,0.006,0.0001334011,8.0,8.0,0.113,BTC,True,True,8.501424852875052,-7.300110000000001e-05
2025-05-19 08:00:00+00:00,103167.1,103189.5,103328.0,104888.0,2.11e-05,1.0,8.0,0.01,0.0004846108,8.0,8.0,0.143,BTC,True,True,15.583908050431205,-0.0004635108
2025-05-19 16:00:00+00:00,104740.5,105314.4,104888.0,105643.0,8.378e-05,1.0,8.0,0.0,0.00014178970000000002,8.0,8.0,0.103,BTC,True,True,14.07251631737953,-5.8009700000000015e-05
2025-05-20 00:00:00+00:00,105531.5,105674.9,105644.0,104940.0,7.107e-05,1.0,8.0,0.002,0.00010215550000000001,8.0,8.0,0.053,BTC,True,True,10.654646078037205,-3.108550000000001e-05
2025-05-20 08:00:00+00:00,104980.1,105182.1,104940.0,105340.0,1.266e-05,1.0,8.0,0.0,3.08708e-05,8.0,8.0,0.109,BTC,True,True,-3.820501275272722,-1.8210800000000002e-05
2025-05-20 16:00:00+00:00,105294.5,105159.6,105345.0,106878.0,8.767e-05,1.0,8.0,0.0,0.0001124846,8.0,8.0,0.065,BTC,True,True,4.794922221857179,-2.4814599999999998e-05
2025-05-21 00:00:00+00:00,106800.0,106700.0,106877.0,106416.0,7.147e-05,1.0,8.0,0.001,0.0001520047,8.0,8.0,0.068,BTC,True,True,7.207140060278436,-8.05347e-05
2025-05-21 08:00:00+00:00,106463.7,106339.6,106416.0,109126.0,5.119e-05,1.0,8.0,0.004,6.569099999999999e-05,8.0,8.0,0.061,BTC,True,True,-4.48140436108296,-1.4500999999999989e-05
2025-05-21 16:00:00+00:00,108936.6,109100.9,109126.0,109897.0,0.0001,1.0,8.0,0.001,0.0004453184,8.0,8.0,0.064,BTC,True,True,17.371162925448417,-0.00034531840000000003
2025-05-22 00:00:00+00:00,109609.6,109925.4,109898.0,111121.0,0.0001,1.0,8.0,0.0,0.0006551742,8.0,8.0,0.111,BTC,True,True,26.277009629337446,-0.0005551741999999999
2025-05-22 08:00:00+00:00,111005.8,110374.6,111120.0,111350.0,0.0001,1.0,8.0,0.002,0.0001197142,8.0,8.0,0.072,BTC,True,True,10.282462466033577,-1.9714199999999995e-05
2025-05-22 16:00:00+00:00,111251.0,111228.0,111358.0,111899.0,9.321e-05,1.0,8.0,0.006,0.0005440366,8.0,8.0,0.102,BTC,True,True,9.613268847200352,-0.0004508266
2025-05-23 00:00:00+00:00,111662.6,111570.4,111899.0,110826.0,7.261e-05,1.0,8.0,0.0,0.0004364257,8.0,8.0,0.1,BTC,True,True,21.148541440960955,-0.0003638157
2025-05-23 08:00:00+00:00,110685.3,110890.0,110826.0,109010.0,8.614e-05,1.0,8.0,0.007,0.0003677402,8.0,8.0,0.119,BTC,True,True,12.703642561088323,-0.0002816002
2025-05-23 16:00:00+00:00,108892.5,109027.0,109010.0,107372.0,3.524e-05,1.0,8.0,0.01,0.0005157178,8.0,8.0,0.174,BTC,True,True,10.784640964516717,-0.0004804778
2025-05-24 00:00:00+00:00,107271.6,107325.1,107372.0,107524.0,4.59e-05,1.0,8.0,0.0,0.0001266819,8.0,8.0,0.107,BTC,True,True,9.3550431806251,-8.078189999999999e-05
2025-05-24 08:00:00+00:00,107550.7,108205.4,107520.0,108967.0,7.837e-05,1.0,8.0,0.003,0.0001234071,8.0,8.0,0.106,BTC,True,True,-2.854875183695884,-4.50371e-05
2025-05-24 16:00:00+00:00,108889.1,108959.7,108967.0,107740.0,9.794e-05,1.0,8.0,0.004,2.4626400000000005e-05,8.0,8.0,0.079,BTC,True,True,7.1515099480886475,7.33136e-05
2025-05-25 00:00:00+00:00,107699.0,107392.5,107742.0,107632.0,5.113e-05,1.0,8.0,0.0,2.85706e-05,8.0,8.0,0.132,BTC,True,True,3.991812196471023,2.25594e-05
2025-05-25 08:00:00+00:00,107637.1,107065.3,107634.0,106907.0,3.651e-05,1.0,8.0,0.0,-0.0001730256,8.0,8.0,0.089,BTC,True,True,-0.2880089338714488,0.0002095356
2025-05-25 16:00:00+00:00,106928.0,107129.9,106907.0,109000.0,7.331e-05,1.0,8.0,0.0,5.0819600000000004e-05,8.0,8.0,0.121,BTC,True,True,-1.964131228985581,2.2490399999999997e-05
2025-05-26 00:00:00+00:00,108956.0,109500.1,109000.0,110141.0,0.0001,1.0,8.0,0.0,0.0001,8.0,8.0,0.113,BTC,True,True,4.037512213264186,0.0
2025-05-26 08:00:00+00:00,110049.9,109619.9,110142.0,110059.0,9.782e-05,1.0,8.0,0.002,0.0001069733,8.0,8.0,0.079,BTC,True,True,8.365430823841386,-9.153300000000006e-06
2025-05-26 16:00:00+00:00,109963.2,109347.1,110058.0,109483.0,7.65e-05,1.0,8.0,0.003,0.0001,8.0,8.0,0.184,BTC,True,True,8.617351952124867,-2.3500000000000002e-05
2025-05-27 00:00:00+00:00,109386.8,109104.8,109482.0,109568.0,7.266e-05,1.0,8.0,0.001,0.0001,8.0,8.0,0.125,BTC,True,True,8.699276096339537,-2.7340000000000006e-05
2025-05-27 08:00:00+00:00,109488.0,109651.3,109568.0,110206.0,2.476e-05,1.0,8.0,0.005,0.0001385664,8.0,8.0,0.074,BTC,True,True,7.3040686908041055,-0.00011380639999999999
2025-05-27 16:00:00+00:00,110091.3,110169.9,110207.0,108942.0,3.26e-05,1.0,8.0,0.002,0.0001221076,8.0,8.0,0.112,BTC,True,True,10.503940396989853,-8.95076e-05
2025-05-28 00:00:00+00:00,108889.2,109152.0,108942.0,108840.0,2.164e-05,1.0,8.0,0.003,0.0001011722,8.0,8.0,0.074,BTC,True,True,4.847790494112153,-7.95322e-05
2025-05-28 08:00:00+00:00,108764.9,108989.8,108840.0,107121.0,5.368e-05,1.0,8.0,0.002,0.0001,8.0,8.0,0.183,BTC,True,True,6.902418372167745,-4.6320000000000004e-05
2025-05-28 16:00:00+00:00,107065.5,107384.6,107121.0,107818.0,3.186e-05,1.0,8.0,0.0,0.0001,8.0,8.0,0.153,BTC,True,True,5.182399566933803,-6.814000000000001e-05
2025-05-29 00:00:00+00:00,107723.1,108235.8,107818.0,107942.0,2.812e-05,1.0,8.0,0.006,0.0001410199,8.0,8.0,0.067,BTC,True,True,8.805745737792973,-0.0001128999
2025-05-29 08:00:00+00:00,107839.5,108434.3,107942.0,107038.0,8.379e-05,1.0,8.0,0.0,0.0002304035,8.0,8.0,0.053,BTC,True,True,9.500351764115472,-0.00014661349999999998
2025-05-29 16:00:00+00:00,106972.6,106691.1,107038.0,105577.0,2.622e-05,1.0,8.0,0.003,0.0001,8.0,8.0,0.127,BTC,True,True,6.111846986627368,-7.378e-05
2025-05-30 00:00:00+00:00,105539.9,104900.3,105577.0,104975.0,3.849e-05,1.0,8.0,0.003,8.82704e-05,8.0,8.0,0.067,BTC,True,True,3.5146405031440544,-4.9780399999999995e-05
2025-05-30 08:00:00+00:00,104997.5,105129.6,104975.0,105505.0,7.392e-05,1.0,8.0,0.0,7.26013e-05,8.0,8.0,0.062,BTC,True,True,-2.1431378000562256,1.318699999999998e-06
2025-05-30 16:00:00+00:00,105504.0,103867.4,105504.0,104005.0,8.506e-05,1.0,8.0,0.0,0.0001,8.0,8.0,0.18,BTC,True,True,0.0,-1.4940000000000003e-05
2025-05-31 00:00:00+00:00,103949.9,103923.7,104005.0,103763.0,7.552e-05,1.0,8.0,0.0,0.0001,8.0,8.0,0.08,BTC,True,True,5.2992260619429015,-2.448000000000001e-05
2025-05-31 08:00:00+00:00,103700.5,103610.6,103762.0,104568.0,4.687e-05,1.0,8.0,0.0,0.0001,8.0,8.0,0.065,BTC,True,True,5.928782483722304,-5.313000000000001e-05
2025-05-31 16:00:00+00:00,104497.1,104432.4,104567.0,104585.0,-5.82e-06,1.0,8.0,0.001,0.0001,8.0,8.0,0.088,BTC,True,True,6.686944588253952,-0.00010582
2025-06-01 00:00:00+00:00,104544.6,104408.7,104585.0,104269.0,2.335e-05,1.0,8.0,0.002,0.0001,8.0,8.0,0.133,BTC,True,True,3.8636329340808784,-7.665e-05
2025-06-01 08:00:00+00:00,104230.9,104342.7,104268.0,104726.0,4.117e-05,1.0,8.0,0.0,0.0001,8.0,8.0,0.084,BTC,True,True,3.5587718104560455,-5.8830000000000004e-05
2025-06-01 16:00:00+00:00,104663.9,104984.4,104726.0,105689.0,-6.42e-06,1.0,8.0,0.001,0.0001,8.0,8.0,0.086,BTC,True,True,5.931518360791604,-0.00010642
2025-06-02 00:00:00+00:00,105583.3,105379.1,105689.0,105439.0,5.593e-05,1.0,8.0,0.0,0.0001,8.0,8.0,0.044,BTC,True,True,10.00604516720568,-4.407e-05
2025-06-02 08:00:00+00:00,105346.4,105290.0,105438.0,104475.0,4.467e-05,1.0,8.0,0.0,0.0001028838,8.0,8.0,0.096,BTC,True,True,8.69134582693806,-5.82138e-05
2025-06-02 16:00:00+00:00,104396.9,104234.6,104474.0,105897.0,5.005e-05,1.0,8.0,0.0,0.0001,8.0,8.0,0.136,BTC,True,True,7.382550992192621,-4.995000000000001e-05
2025-06-03 00:00:00+00:00,105814.4,106231.9,105897.0,105205.0,6.066e-05,1.0,8.0,0.0,0.0001,8.0,8.0,0.056,BTC,True,True,7.803075714499018,-3.9340000000000006e-05
2025-06-03 08:00:00+00:00,105134.4,105040.0,105204.0,106605.0,4.456e-05,1.0,8.0,0.001,0.0001088175,8.0,8.0,0.045,BTC,True,True,6.617907385452476,-6.42575e-05
2025-06-03 16:00:00+00:00,106556.1,105760.8,106606.0,105332.0,-1.1e-07,1.0,8.0,0.0,4.969300000000002e-06,8.0,8.0,0.069,BTC,True,True,4.681883028128053,-5.0793000000000015e-06
2025-06-04 00:00:00+00:00,105330.1,105428.0,105334.0,105281.0,2.611e-05,1.0,8.0,0.0,6.0727400000000004e-05,8.0,8.0,0.082,BTC,True,True,0.37025767564975115,-3.4617400000000005e-05
2025-06-04 08:00:00+00:00,105260.1,105391.8,105280.0,105309.0,9.62e-06,1.0,8.0,0.0,8.93781e-05,8.0,8.0,0.081,BTC,True,True,1.8903762332459837,-7.975810000000001e-05
2025-06-04 16:00:00+00:00,105254.7,105408.8,105310.0,104669.0,7.4e-07,1.0,8.0,0.016,0.0001,8.0,8.0,0.077,BTC,True,True,5.252542450981861,-9.926000000000001e-05
2025-06-05 00:00:00+00:00,104641.8,104939.0,104668.0,104526.0,2.871e-05,1.0,8.0,0.0,9.386380000000001e-05,8.0,8.0,0.121,BTC,True,True,2.5034661670712604,-6.51538e-05
2025-06-05 08:00:00+00:00,104473.1,104630.0,104526.0,104537.0,5.156e-05,1.0,8.0,0.0,0.0001,8.0,8.0,0.114,BTC,True,True,5.062222864086612,-4.8440000000000004e-05
2025-06-05 16:00:00+00:00,104490.5,103208.8,104537.0,101510.0,-3.491e-05,1.0,8.0,0.002,0.0001,8.0,8.0,0.12,BTC,True,True,4.4491754211357275,-0.00013491000000000002
2025-06-06 00:00:00+00:00,101458.7,101842.0,101511.0,103103.0,-3.03e-05,1.0,8.0,0.0,0.0001,8.0,8.0,0.153,BTC,True,True,5.153478687460699,-0.0001303
2025-06-06 08:00:00+00:00,103096.7,103445.7,103102.0,105026.0,-2.995e-05,1.0,8.0,0.006,2.1401000000000004e-05,8.0,8.0,0.118,BTC,True,True,0.514067256600642,-5.1351000000000004e-05
2025-06-06 16:00:00+00:00,105035.4,104715.2,105025.0,104245.0,-2.89e-05,1.0,8.0,0.0,-1.72284e-05,8.0,8.0,0.08,BTC,True,True,-0.9901913933795994,-1.1671600000000002e-05
2025-06-07 00:00:00+00:00,104240.1,104470.5,104245.0,104827.0,-3.158e-05,1.0,8.0,0.0,4.328080000000001e-05,8.0,8.0,0.15,BTC,True,True,0.47005757254480085,-7.48608e-05
2025-06-07 08:00:00+00:00,104813.7,104692.3,104827.0,105516.0,2.94e-06,1.0,8.0,0.002,9.179980000000001e-05,8.0,8.0,0.055,BTC,True,True,1.2688375890611714,-8.885980000000001e-05
2025-06-07 16:00:00+00:00,105507.9,105302.0,105517.0,105476.0,4.808e-05,1.0,8.0,0.0,3.2632900000000004e-05,8.0,8.0,0.133,BTC,True,True,0.8624574640861196,1.5447099999999996e-05
2025-06-08 00:00:00+00:00,105507.5,105427.6,105476.0,105387.0,5.613e-05,1.0,8.0,0.0,8.33341e-05,8.0,8.0,0.077,BTC,True,True,-2.9860155162895183,-2.7204100000000006e-05
2025-06-08 08:00:00+00:00,105380.5,105327.1,105387.0,105941.0,-3.602e-05,1.0,8.0,0.0,8.37099e-05,8.0,8.0,1.094,BTC,True,True,0.61679338627204,-0.0001197299
2025-06-08 16:00:00+00:00,105917.6,106133.4,105940.0,105659.0,-2.164e-05,1.0,8.0,0.0,-3.0888899999999995e-05,8.0,8.0,0.129,BTC,True,True,2.1146279466459927,9.248899999999995e-06
2025-06-09 00:00:00+00:00,105676.5,105651.4,105659.0,105537.0,4.024e-05,1.0,8.0,0.001,4.20011e-05,8.0,8.0,0.08,BTC,True,True,-1.6561344440474088,-1.7610999999999991e-06
2025-06-09 08:00:00+00:00,105516.7,105889.8,105537.0,107665.0,3.057e-05,1.0,8.0,0.001,0.0001,8.0,8.0,0.064,BTC,True,True,1.9236810406646334,-6.943e-05
2025-06-09 16:00:00+00:00,107564.3,107647.6,107664.0,110340.0,6.374e-05,1.0,8.0,0.0,0.0001,8.0,8.0,0.064,BTC,True,True,9.2645815751213,-3.626000000000001e-05
2025-06-10 00:00:00+00:00,110228.0,109870.5,110341.0,109292.0,0.0001,1.0,8.0,0.001,0.0001596116,8.0,8.0,0.1,BTC,True,True,10.246227700728472,-5.96116e-05
2025-06-10 08:00:00+00:00,109178.1,109051.5,109293.0,109068.0,8.165e-05,1.0,8.0,0.003,0.000255028,8.0,8.0,0.1,BTC,True,True,10.518554682406178,-0.00017337800000000002
2025-06-10 16:00:00+00:00,108975.2,108680.4,109069.0,110373.0,8.779e-05,1.0,8.0,0.0,0.0002296567,8.0,8.0,0.088,BTC,True,True,8.603760685794079,-0.0001418667
2025-06-11 00:00:00+00:00,110235.4,109782.5,110373.0,109517.0,8.39e-05,1.0,8.0,0.0,0.0001562903,8.0,8.0,0.104,BTC,True,True,12.474594606907436,-7.23903e-05
2025-06-11 08:00:00+00:00,109396.9,109522.1,109518.0,109810.0,5.039e-05,1.0,8.0,0.01,0.0002204963,8.0,8.0,0.066,BTC,True,True,11.063661025601947,-0.0001701063
2025-06-11 16:00:00+00:00,109694.9,109399.8,109810.0,108668.0,1.856e-05,1.0,8.0,0.002,0.000113158,8.0,8.0,0.062,BTC,True,True,10.48723837592026,-9.4598e-05
2025-06-12 00:00:00+00:00,108600.1,108674.0,108667.0,107640.0,7.247e-05,1.0,8.0,0.003,0.0001,8.0,8.0,0.063,BTC,True,True,6.158318688314905,-2.7530000000000002e-05
2025-06-12 08:00:00+00:00,107577.0,107685.9,107640.0,107088.0,1.198e-05,1.0,8.0,0.001,0.00010848690000000001,8.0,8.0,0.077,BTC,True,True,5.854556266417949,-9.650690000000001e-05
2025-06-12 16:00:00+00:00,106960.6,107686.3,107088.0,105627.0,-1.801e-05,1.0,8.0,0.0,0.0001326175,8.0,8.0,0.085,BTC,True,True,11.903840066598693,-0.0001506275
2025-06-13 00:00:00+00:00,105609.4,103733.7,105625.0,104839.0,-2.7e-06,1.0,8.0,0.001,7.4529e-05,8.0,8.0,0.076,BTC,True,True,1.4770321527513188,-7.7229e-05
2025-06-13 08:00:00+00:00,104831.4,104679.3,104844.0,105385.0,3.857e-05,1.0,8.0,0.004,9.473660000000001e-05,8.0,8.0,0.063,BTC,True,True,1.201857730106924,-5.616660000000001e-05
2025-06-13 16:00:00+00:00,105392.0,105729.6,105386.0,106031.0,1.958e-05,1.0,8.0,0.0,1.29644e-05,8.0,8.0,0.162,BTC,True,True,-0.5693193788361345,6.615599999999998e-06
2025-06-14 00:00:00+00:00,106027.3,105756.3,106031.0,105026.0,3.858e-05,1.0,8.0,0.0,-2.80562e-05,8.0,8.0,0.182,BTC,True,True,0.3489606396334703,6.66362e-05
2025-06-14 08:00:00+00:00,105025.0,105050.1,105027.0,104778.0,1.135e-05,1.0,8.0,0.0,-1.14541e-05,8.0,8.0,0.033,BTC,True,True,0.19042903662556457,2.28041e-05
2025-06-14 16:00:00+00:00,104783.4,104400.8,104778.0,105386.0,-3.641e-05,1.0,8.0,0.005,4.9993e-05,8.0,8.0,0.102,BTC,True,True,-0.5153620849247496,-8.6403e-05
2025-06-15 00:00:00+00:00,105359.8,105587.4,105386.0,105423.0,1.439e-05,1.0,8.0,0.009,9.06265e-05,8.0,8.0,0.164,BTC,True,True,2.4864078083611587,-7.62365e-05
2025-06-15 08:00:00+00:00,105374.2,105149.7,105423.0,105599.0,7.369e-05,1.0,8.0,0.0,0.0001,8.0,8.0,0.13,BTC,True,True,4.630042606997994,-2.631000000000001e-05
2025-06-15 16:00:00+00:00,105525.9,105525.9,105599.0,105620.0,9.36e-06,1.0,8.0,0.0,0.0001,8.0,8.0,0.076,BTC,True,True,6.9248111351280315,-9.064e-05
2025-06-16 00:00:00+00:00,105534.7,105378.7,105618.0,107113.0,5.07e-05,1.0,8.0,0.0,0.000125008,8.0,8.0,0.097,BTC,True,True,7.890025021831337,-7.4308e-05
2025-06-16 08:00:00+00:00,107023.8,107135.1,107112.0,107478.0,2.793e-05,1.0,8.0,0.003,0.0001163991,8.0,8.0,0.104,BTC,True,True,8.237763604941971,-8.84691e-05
2025-06-16 16:00:00+00:00,107375.0,107713.6,107477.0,106842.0,1.847e-05,1.0,8.0,0.0,0.0001,8.0,8.0,0.1,BTC,True,True,9.494908836131724,-8.153e-05
2025-06-17 00:00:00+00:00,106750.1,107206.5,106821.0,106763.0,5.776e-05,1.0,8.0,0.006,0.0001,8.0,8.0,0.086,BTC,True,True,6.639475341424067,-4.224e-05
2025-06-17 08:00:00+00:00,106711.0,106518.8,106762.0,104248.0,2.211e-05,1.0,8.0,0.001,9.611e-05,8.0,8.0,0.148,BTC,True,True,4.778121914275296,-7.4e-05
2025-06-17 16:00:00+00:00,104199.2,103574.2,104233.0,104498.0,-1.752e-05,1.0,8.0,0.001,6.542950000000001e-05,8.0,8.0,0.134,BTC,True,True,3.2432609065469538,-8.29495e-05
2025-06-18 00:00:00+00:00,104508.0,104787.3,104498.0,104912.0,3.695e-05,1.0,8.0,0.001,7.2853e-05,8.0,8.0,0.09,BTC,True,True,-0.9569103286628426,-3.5903000000000005e-05
2025-06-18 08:00:00+00:00,104925.6,104905.2,104913.0,104762.0,6.692e-05,1.0,8.0,0.001,1.0142600000000002e-05,8.0,8.0,0.176,BTC,True,True,-1.2009229965463732,5.67774e-05
2025-06-18 16:00:00+00:00,104744.2,104363.8,104762.0,104841.0,8.45e-06,1.0,8.0,0.005,7.36136e-05,8.0,8.0,0.067,BTC,True,True,1.6992337260493904,-6.51636e-05
2025-06-19 00:00:00+00:00,104832.8,104899.9,104840.0,104592.0,6.16e-06,1.0,8.0,0.003,8.55928e-05,8.0,8.0,0.079,BTC,True,True,0.6867843614267461,-7.943280000000001e-05
2025-06-19 08:00:00+00:00,104585.8,104681.0,104593.0,104035.0,2.396e-05,1.0,8.0,0.0,5.67444e-05,8.0,8.0,0.081,BTC,True,True,0.688406282362066,-3.27844e-05
2025-06-19 16:00:00+00:00,104055.2,103964.6,104035.0,104643.0,3.565e-05,1.0,8.0,0.0,8.1021e-06,8.0,8.0,0.094,BTC,True,True,-1.9414657743078498,2.75479e-05
2025-06-20 00:00:00+00:00,104607.1,104647.9,104643.0,105825.0,7.862e-05,1.0,8.0,0.002,0.0001,8.0,8.0,0.184,BTC,True,True,3.431300663867723,-2.1380000000000002e-05
2025-06-20 08:00:00+00:00,105763.6,105910.1,105826.0,104221.0,2.4e-05,1.0,8.0,0.001,0.0001,8.0,8.0,0.061,BTC,True,True,5.898210669051226,-7.6e-05
2025-06-20 16:00:00+00:00,104168.5,103630.3,104220.0,103260.0,3.977e-05,1.0,8.0,0.002,0.0001,8.0,8.0,0.1,BTC,True,True,4.942691276003137,-6.0230000000000004e-05
2025-06-21 00:00:00+00:00,103246.1,103196.9,103260.0,103418.0,1.933e-05,1.0,8.0,0.005,9.5912e-05,8.0,8.0,0.106,BTC,True,True,1.3462072085025696,-7.6582e-05
2025-06-21 08:00:00+00:00,103402.1,103767.3,103419.0,103513.0,7.44e-05,1.0,8.0,0.0,4.9735e-05,8.0,8.0,0.081,BTC,True,True,1.6342626586565405,2.466500000000001e-05
2025-06-21 16:00:00+00:00,103516.7,103443.0,103514.0,102092.0,2.883e-05,1.0,8.0,0.005,4.36976e-05,8.0,8.0,0.104,BTC,True,True,-0.26083088161763857,-1.48676e-05
2025-06-22 00:00:00+00:00,102079.8,102815.2,102093.0,102423.0,0.0001,1.0,8.0,0.0,0.0001,8.0,8.0,0.1,BTC,True,True,1.2930223828427345,0.0
2025-06-22 08:00:00+00:00,102399.1,102673.0,102422.0,98873.0,4.145e-05,1.0,8.0,0.003,7.44844e-05,8.0,8.0,0.086,BTC,True,True,2.2360977551057335,-3.3034400000000003e-05
2025-06-22 16:00:00+00:00,98849.7,99607.6,98873.0,100918.0,-1.061e-05,1.0,8.0,0.0,9.52739e-05,8.0,8.0,0.085,BTC,True,True,2.356836125326567,-0.0001058839
2025-06-23 00:00:00+00:00,100904.7,100849.8,100917.0,101883.0,-2.809e-05,1.0,8.0,0.004,3.7075e-06,8.0,8.0,0.076,BTC,True,True,1.2188976720774958,-3.17975e-05
2025-06-23 08:00:00+00:00,101874.4,101820.6,101883.0,101355.0,4.889e-05,1.0,8.0,0.013,-4.82294e-05,8.0,8.0,0.08,BTC,True,True,0.8441411212661896,9.71194e-05
2025-06-23 16:00:00+00:00,101369.6,100642.9,101356.0,105329.0,1.245e-05,1.0,8.0,0.003,6.13998e-05,8.0,8.0,0.136,BTC,True,True,-1.3417151085416688,-4.8949800000000004e-05
2025-06-24 00:00:00+00:00,105291.0,105086.4,105326.0,104927.0,1.218e-05,1.0,8.0,0.0,8.61405e-05,8.0,8.0,0.058,BTC,True,True,3.3235684035170685,-7.396050000000001e-05
2025-06-24 08:00:00+00:00,104891.8,104958.7,104926.0,105186.0,4.47e-06,1.0,8.0,0.0,3.07685e-05,8.0,8.0,0.075,BTC,True,True,3.259971299183339,-2.6298500000000002e-05
2025-06-24 16:00:00+00:00,105184.3,106160.1,105186.0,106052.0,-3.174e-05,1.0,8.0,0.005,1.36205e-05,8.0,8.0,0.117,BTC,True,True,0.16161977237707345,-4.5360499999999994e-05
2025-06-25 00:00:00+00:00,106034.9,106343.7,106052.0,106592.0,2.747e-05,1.0,8.0,0.0,7.460500000000001e-05,8.0,8.0,0.108,BTC,True,True,1.6125465587041552,-4.713500000000001e-05
2025-06-25 08:00:00+00:00,106547.5,106599.9,106592.0,106988.0,9.62e-06,1.0,8.0,0.005,0.0001,8.0,8.0,0.133,BTC,True,True,4.175669047416045,-9.038000000000001e-05
2025-06-25 16:00:00+00:00,106982.7,107087.4,106989.0,107281.0,1.41e-06,1.0,8.0,0.0,6.05995e-05,8.0,8.0,0.101,BTC,True,True,0.5888629198926625,-5.91895e-05
2025-06-26 00:00:00+00:00,107280.1,107269.0,107280.0,107812.0,3.805e-05,1.0,8.0,0.006,7.379230000000001e-05,8.0,8.0,0.086,BTC,True,True,-0.009321397595026632,-3.5742300000000005e-05
2025-06-26 08:00:00+00:00,107768.6,107699.9,107811.0,107260.0,6.82e-06,1.0,8.0,0.007,9.0911e-05,8.0,8.0,0.107,BTC,True,True,3.9335818924165378,-8.409099999999999e-05
2025-06-26 16:00:00+00:00,107259.9,107149.0,107263.0,106878.0,1.113e-05,1.0,8.0,0.0,-4.0785900000000005e-05,8.0,8.0,0.1,BTC,True,True,0.2890134340167807,5.19159e-05
2025-06-27 00:00:00+00:00,106913.8,106623.9,106878.0,106821.0,2.663e-05,1.0,8.0,0.0,-0.0001137162,8.0,8.0,0.094,BTC,True,True,-3.349052707786118,0.0001403462
2025-06-27 08:00:00+00:00,106816.9,106951.0,106820.0,107296.0,2.557e-05,1.0,8.0,0.009,3.5741900000000004e-05,8.0,8.0,0.134,BTC,True,True,0.29021203736089646,-1.0171900000000003e-05
2025-06-27 16:00:00+00:00,107261.2,107418.8,107296.0,107020.0,-1.161e-05,1.0,8.0,0.001,0.0001,8.0,8.0,0.128,BTC,True,True,3.243890235811531,-0.00011161000000000001
2025-06-28 00:00:00+00:00,107010.6,107006.4,107022.0,107449.0,6.053e-05,1.0,8.0,0.002,9.78559e-05,8.0,8.0,0.061,BTC,True,True,1.0652582840909275,-3.73259e-05
2025-06-28 08:00:00+00:00,107433.1,107329.8,107448.0,107399.0,4.434e-05,1.0,8.0,0.0,6.72663e-05,8.0,8.0,0.129,BTC,True,True,1.38681345394072,-2.2926299999999998e-05
2025-06-28 16:00:00+00:00,107407.7,107250.2,107399.0,107276.0,1.25e-05,1.0,8.0,0.004,0.0001,8.0,8.0,0.098,BTC,True,True,-0.8100306000467535,-8.75e-05
2025-06-29 00:00:00+00:00,107240.9,107421.4,107276.0,107351.0,5.36e-05,1.0,8.0,0.001,0.0001,8.0,8.0,0.121,BTC,True,True,3.2724694710053335,-4.64e-05
2025-06-29 08:00:00+00:00,107367.3,107658.0,107352.0,107704.0,0.0001,1.0,8.0,0.001,0.0001,8.0,8.0,0.076,BTC,True,True,-1.4251164218490004,0.0
2025-06-29 16:00:00+00:00,107686.9,107494.4,107705.0,108321.0,1.084e-05,1.0,8.0,0.0,5.95521e-05,8.0,8.0,0.122,BTC,True,True,1.6806574474340479,-4.8712100000000004e-05
2025-06-30 00:00:00+00:00,108309.8,108665.5,108322.0,107574.0,2.959e-05,1.0,8.0,0.005,8.431890000000001e-05,8.0,8.0,0.062,BTC,True,True,1.126335100654892,-5.472890000000001e-05
2025-06-30 08:00:00+00:00,107562.6,107454.9,107575.0,107563.0,4.923e-05,1.0,8.0,0.002,9.29148e-05,8.0,8.0,0.077,BTC,True,True,1.1527506129764782,-4.36848e-05
2025-06-30 16:00:00+00:00,107525.7,107551.7,107564.0,107140.0,1.053e-05,1.0,8.0,0.007,0.0001,8.0,8.0,0.106,BTC,True,True,3.5613049257860636,-8.947000000000001e-05
2025-07-01 00:00:00+00:00,107087.3,107327.8,107141.0,107161.0,4.334e-05,1.0,8.0,0.002,9.806370000000001e-05,8.0,8.0,0.038,BTC,True,True,5.013343346768662,-5.4723700000000006e-05
2025-07-01 08:00:00+00:00,107134.8,106666.0,107162.0,105908.0,1.109e-05,1.0,8.0,0.0,1.60145e-05,8.0,8.0,0.065,BTC,True,True,2.5385353534030743,-4.9245e-06
2025-07-01 16:00:00+00:00,105908.3,106041.1,105910.0,105620.0,1.807e-05,1.0,8.0,0.001,5.11154e-05,8.0,8.0,0.091,BTC,True,True,0.16051493190549163,-3.30454e-05
2025-07-02 00:00:00+00:00,105637.9,105336.2,105621.0,107085.0,3.403e-05,1.0,8.0,0.0,9.0849e-05,8.0,8.0,0.107,BTC,True,True,-1.5999325979677759,-5.6819e-05
2025-07-02 08:00:00+00:00,107026.1,107691.6,107085.0,108735.0,4.13e-05,1.0,8.0,0.003,6.41155e-05,8.0,8.0,0.059,BTC,True,True,5.501816719054254,-2.28155e-05
2025-07-02 16:00:00+00:00,108695.4,109366.9,108734.0,108808.0,4.871e-05,1.0,8.0,0.006,7.39359e-05,8.0,8.0,0.13,BTC,True,True,3.5505778340477816,-2.52259e-05
2025-07-03 00:00:00+00:00,108800.0,108884.9,108809.0,109271.0,3.562e-05,1.0,8.0,0.003,0.0001,8.0,8.0,0.081,BTC,True,True,0.8271716707602546,-6.438e-05
2025-07-03 08:00:00+00:00,109234.9,109325.2,109271.0,109088.0,5.028e-05,1.0,8.0,0.003,0.0001,8.0,8.0,0.079,BTC,True,True,3.3042586336070103,-4.9720000000000005e-05
2025-07-03 16:00:00+00:00,109089.9,109236.6,109088.0,109551.0,5.23e-05,1.0,8.0,0.005,9.62458e-05,8.0,8.0,0.075,BTC,True,True,-0.17416979446937922,-4.39458e-05
2025-07-04 00:00:00+00:00,109545.1,109422.5,109551.0,108661.0,5.009e-05,1.0,8.0,0.003,8.11048e-05,8.0,8.0,0.109,BTC,True,True,0.5385764512849749,-3.10148e-05
2025-07-04 08:00:00+00:00,108661.1,108710.0,108659.0,107563.0,1.797e-05,1.0,8.0,0.001,5.9997499999999996e-05,8.0,8.0,0.091,BTC,True,True,-0.1932633014682006,-4.20275e-05
2025-07-04 16:00:00+00:00,107534.6,107593.2,107564.0,107993.0,1.066e-05,1.0,8.0,0.004,0.0001,8.0,8.0,0.123,BTC,True,True,2.7336300824909974,-8.934000000000001e-05
2025-07-05 00:00:00+00:00,107935.3,108133.2,107993.0,108070.0,3.055e-05,1.0,8.0,0.009,0.0001,8.0,8.0,0.076,BTC,True,True,5.344366752607958,-6.945000000000001e-05
2025-07-05 08:00:00+00:00,108000.8,107974.4,108070.0,108069.0,4.005e-05,1.0,8.0,0.006,0.0001,8.0,8.0,0.09,BTC,True,True,6.405308108818434,-5.995000000000001e-05
2025-07-05 16:00:00+00:00,108012.6,108059.3,108069.0,108191.0,1.941e-05,1.0,8.0,0.001,0.0001,8.0,8.0,0.143,BTC,True,True,5.220250246276536,-8.059000000000001e-05
2025-07-06 00:00:00+00:00,108153.4,108159.1,108191.0,108041.0,1.665e-05,1.0,8.0,0.002,0.0001,8.0,8.0,0.065,BTC,True,True,3.475939324390987,-8.335e-05
2025-07-06 08:00:00+00:00,107991.4,107953.2,108040.0,108889.0,1.028e-05,1.0,8.0,0.004,0.0001,8.0,8.0,0.119,BTC,True,True,4.499346004320483,-8.972e-05
2025-07-06 16:00:00+00:00,108856.8,108790.8,108890.0,109203.0,2.36e-05,1.0,8.0,0.0,0.0001,8.0,8.0,0.074,BTC,True,True,3.0494133789591378,-7.64e-05
2025-07-07 00:00:00+00:00,109145.8,108778.6,109204.0,109067.0,3.438e-05,1.0,8.0,0.007,0.0001,8.0,8.0,0.146,BTC,True,True,5.33089578083262,-6.562000000000001e-05
2025-07-07 08:00:00+00:00,109016.3,108961.4,109067.0,108331.0,4.271e-05,1.0,8.0,0.0,0.0001,8.0,8.0,0.145,BTC,True,True,4.649599571667248,-5.729e-05
2025-07-07 16:00:00+00:00,108248.9,107932.6,108333.0,108284.0,1.073e-05,1.0,8.0,0.01,0.0001,8.0,8.0,0.08,BTC,True,True,7.766115656654694,-8.927e-05
2025-07-08 00:00:00+00:00,108203.9,108240.2,108283.0,108477.0,4.563e-05,1.0,8.0,0.003,0.0001,8.0,8.0,0.089,BTC,True,True,7.307601847505419,-5.437e-05
2025-07-08 08:00:00+00:00,108440.7,108208.0,108477.0,108272.0,3.601e-05,1.0,8.0,0.0,0.0001,8.0,8.0,0.075,BTC,True,True,3.3468915020635173,-6.399e-05
2025-07-08 16:00:00+00:00,108217.0,108391.6,108272.0,108930.0,3.093e-05,1.0,8.0,0.002,0.0001,8.0,8.0,0.114,BTC,True,True,5.0810896796887395,-6.907000000000001e-05
2025-07-09 00:00:00+00:00,108873.2,108890.0,108929.0,108724.0,3.396e-05,1.0,8.0,0.006,0.0001,8.0,8.0,0.088,BTC,True,True,5.123915297534102,-6.604000000000001e-05
2025-07-09 08:00:00+00:00,108674.7,108612.2,108724.0,109084.0,4.253e-05,1.0,8.0,0.001,0.0001,8.0,8.0,0.11,BTC,True,True,4.53544578188396,-5.7470000000000004e-05
2025-07-09 16:00:00+00:00,109019.9,109350.0,109084.0,111225.0,0.0001,1.0,8.0,0.003,0.0001,8.0,8.0,0.091,BTC,True,True,5.877932659209202,0.0
2025-07-10 00:00:00+00:00,111199.8,110868.6,111225.0,111208.0,8.523e-05,1.0,8.0,0.0,0.0001,8.0,8.0,0.057,BTC,True,True,2.2659343839200905,-1.477000000000001e-05
2025-07-10 08:00:00+00:00,111186.2,111185.2,111208.0,111380.0,1.908e-05,1.0,8.0,0.004,0.0001,8.0,8.0,0.197,BTC,True,True,1.9604827886542688,-8.092e-05
2025-07-10 16:00:00+00:00,111350.0,112596.3,111379.0,116058.0,0.0001,1.0,8.0,0.004,0.0001,8.0,8.0,0.089,BTC,True,True,2.6040614526062895,0.0
2025-07-11 00:00:00+00:00,115979.2,115544.9,116058.0,117660.0,0.0001,1.0,8.0,0.007,0.0001409332,8.0,8.0,0.133,BTC,True,True,6.792014645006046,-4.0933199999999996e-05
2025-07-11 08:00:00+00:00,117522.7,117950.0,117660.0,117033.0,0.0001,1.0,8.0,0.001,0.00022701659999999998,8.0,8.0,0.093,BTC,True,True,11.67603021807207,-0.00012701659999999997
2025-07-11 16:00:00+00:00,116910.3,117403.1,117033.0,117603.0,0.0001,1.0,8.0,0.0,0.0004439337,8.0,8.0,0.073,BTC,True,True,10.489722189181018,-0.0003439337
2025-07-12 00:00:00+00:00,117500.0,117379.4,117602.0,117819.0,0.0001,1.0,8.0,0.001,0.0002028218,8.0,8.0,0.092,BTC,True,True,8.677085384198948,-0.0001028218
2025-07-12 08:00:00+00:00,117689.6,117871.2,117820.0,117148.0,0.0001,1.0,8.0,0.002,0.0001851845,8.0,8.0,0.188,BTC,True,True,11.073859691989059,-8.51845e-05
2025-07-12 16:00:00+00:00,117075.6,117160.6,117149.0,117487.0,0.0001,1.0,8.0,0.006,0.0001,8.0,8.0,0.106,BTC,True,True,6.2674887610189325,0.0
2025-07-13 00:00:00+00:00,117389.4,117273.0,117488.0,118091.0,0.0001,1.0,8.0,0.001,0.0001762783,8.0,8.0,0.091,BTC,True,True,8.395869997879222,-7.62783e-05
2025-07-13 08:00:00+00:00,117950.0,117855.5,118090.0,118760.0,0.0001,1.0,8.0,0.003,0.0002047593,8.0,8.0,0.092,BTC,True,True,11.862397595062868,-0.00010475929999999998
2025-07-13 16:00:00+00:00,118610.6,118466.1,118759.0,119133.0,8.051e-05,1.0,8.0,0.0,0.0001294113,8.0,8.0,0.072,BTC,True,True,12.503708927713642,-4.8901300000000006e-05
2025-07-14 00:00:00+00:00,119038.3,119030.6,119133.0,122833.0,0.0001,1.0,8.0,0.0,0.0002810585,8.0,8.0,0.079,BTC,True,True,7.952259990230101,-0.0001810585
2025-07-14 08:00:00+00:00,122731.0,122560.1,122835.0,120053.0,0.0001,1.0,8.0,0.0,0.00039625719999999997,8.0,8.0,0.08,BTC,True,True,8.47022846956663,-0.0002962572
2025-07-14 16:00:00+00:00,119863.1,120260.9,120054.0,119968.0,0.0001,1.0,8.0,0.002,0.0006500829,8.0,8.0,0.098,BTC,True,True,15.913833594010205,-0.0005500829
2025-07-15 00:00:00+00:00,119816.5,119458.4,119967.0,116835.0,0.0001,1.0,8.0,0.0,0.0006371884,8.0,8.0,0.083,BTC,True,True,12.55299215858072,-0.0005371884
2025-07-15 08:00:00+00:00,116777.1,116766.5,116836.0,116466.0,0.0001,1.0,8.0,0.0,0.0002302408,8.0,8.0,0.094,BTC,True,True,5.0425255474141055,-0.0001302408
2025-07-15 16:00:00+00:00,116393.1,117195.9,116465.0,117831.0,0.0001,1.0,8.0,0.0,0.00020701080000000001,8.0,8.0,0.065,BTC,True,True,6.175434935265761,-0.00010701080000000001
2025-07-16 00:00:00+00:00,117738.6,118114.5,117831.0,118349.0,0.0001,1.0,8.0,0.0,0.0006014091,8.0,8.0,0.125,BTC,True,True,7.844815692573167,-0.0005014091
2025-07-16 08:00:00+00:00,118181.2,118697.7,118350.0,119171.0,0.0001,1.0,8.0,0.008,0.0004437019,8.0,8.0,0.075,BTC,True,True,14.272960916465896,-0.0003437019
2025-07-16 16:00:00+00:00,119055.9,119250.0,119172.0,118720.0,0.0001,1.0,8.0,0.003,0.0002516446,8.0,8.0,0.095,BTC,True,True,9.746969955373864,-0.00015164460000000003
2025-07-17 00:00:00+00:00,118590.7,118861.2,118719.0,118398.0,0.0001,1.0,8.0,0.0,0.0001263511,8.0,8.0,0.119,BTC,True,True,10.812875537789706,-2.63511e-05
2025-07-17 08:00:00+00:00,118293.8,118313.6,118399.0,118963.0,0.0001,1.0,8.0,0.0,0.0002741196,8.0,8.0,0.131,BTC,True,True,8.889159866895927,-0.00017411960000000002
2025-07-17 16:00:00+00:00,118875.0,118550.3,118962.0,119278.0,0.0001,1.0,8.0,0.004,0.0003469824,8.0,8.0,0.134,BTC,True,True,7.315935189260448,-0.0002469824
2025-07-18 00:00:00+00:00,119176.5,119735.8,119279.0,119466.0,0.0001,1.0,8.0,0.0,0.0003097624,8.0,8.0,0.081,BTC,True,True,8.596992421058966,-0.00020976240000000003
2025-07-18 08:00:00+00:00,119356.5,118637.3,119466.0,117875.0,0.0001,1.0,8.0,0.0,0.0002478383,8.0,8.0,0.134,BTC,True,True,9.169990907312984,-0.0001478383
2025-07-18 16:00:00+00:00,117830.1,117543.5,117873.0,117947.0,0.0001,1.0,8.0,0.009,0.0001,8.0,8.0,0.097,BTC,True,True,3.6401727829392363,0.0
2025-07-19 00:00:00+00:00,117896.5,117713.0,117946.0,118198.0,0.0001,1.0,8.0,0.0,0.0001,8.0,8.0,0.098,BTC,True,True,4.197716758162479,0.0
2025-07-19 08:00:00+00:00,118134.9,118057.2,118199.0,118069.0,0.0001,1.0,8.0,0.002,0.0001,8.0,8.0,887.645,BTC,True,True,5.424528734288425,0.0
2025-07-19 16:00:00+00:00,118025.6,117958.1,118069.0,117880.0,0.0001,1.0,8.0,0.0,0.0001,8.0,8.0,0.079,BTC,True,True,3.67649243047918,0.0
2025-07-20 00:00:00+00:00,117814.3,117912.5,117880.0,118084.0,0.0001,1.0,8.0,0.0,0.0001,8.0,8.0,0.088,BTC,True,True,5.575018292904899,0.0
2025-07-20 08:00:00+00:00,117984.3,118136.5,118085.0,118751.0,0.0001,1.0,8.0,0.0,0.0001048475,8.0,8.0,0.081,BTC,True,True,8.531393629569447,-4.847499999999997e-06
2025-07-20 16:00:00+00:00,118669.4,118543.8,118752.0,117313.0,0.0001,1.0,8.0,0.001,0.00016243140000000002,8.0,8.0,0.094,BTC,True,True,6.958092516730673,-6.243140000000001e-05
2025-07-21 00:00:00+00:00,117216.1,117323.6,117324.0,119437.0,0.0001,1.0,8.0,0.0,0.00010670180000000001,8.0,8.0,0.06,BTC,True,True,9.20098589641282,-6.701800000000004e-06
2025-07-21 08:00:00+00:00,119352.3,118990.2,119437.0,118411.0,0.0001,1.0,8.0,0.001,0.0002042454,8.0,8.0,0.096,BTC,True,True,7.094120511448494,-0.0001042454
2025-07-21 16:00:00+00:00,118304.2,117726.7,118411.0,117430.0,0.0001,1.0,8.0,0.0,0.0001171004,8.0,8.0,0.092,BTC,True,True,9.023502271650663,-1.7100399999999996e-05
2025-07-22 00:00:00+00:00,117330.2,117073.1,117430.0,118058.0,0.0001,1.0,8.0,0.01,0.00012232170000000002,8.0,8.0,0.1,BTC,True,True,8.502293490297614,-2.2321700000000014e-05
2025-07-22 08:00:00+00:00,117959.5,118257.9,118058.0,119001.0,0.0001,1.0,8.0,0.007,0.0002109482,8.0,8.0,0.09,BTC,True,True,8.346839172411704,-0.00011094819999999998
2025-07-22 16:00:00+00:00,118899.8,118663.8,119001.0,120098.0,0.0001,1.0,8.0,0.0,0.00041935729999999997,8.0,8.0,0.095,BTC,True,True,8.507748280307597,-0.0003193573
2025-07-23 00:00:00+00:00,119993.7,119587.6,120098.0,118434.0,0.0001,1.0,8.0,0.004,0.0003601709,8.0,8.0,0.053,BTC,True,True,8.68834754063665,-0.00026017090000000003
2025-07-23 08:00:00+00:00,118326.9,118390.0,118435.0,118668.0,0.0001,1.0,8.0,0.002,0.0002928816,8.0,8.0,0.074,BTC,True,True,9.131537423175343,-0.00019288159999999999
2025-07-23 16:00:00+00:00,118530.9,117671.2,118668.0,118825.0,0.0001,1.0,8.0,0.0,0.000250927,8.0,8.0,0.16,BTC,True,True,11.559919988451167,-0.00015092700000000003
2025-07-24 00:00:00+00:00,118713.4,119024.0,118826.0,118430.0,0.0001,1.0,8.0,0.001,0.00022330830000000002,8.0,8.0,0.092,BTC,True,True,9.480533202811085,-0.00012330830000000003
2025-07-24 08:00:00+00:00,118368.1,118748.3,118430.0,119178.0,0.0001,1.0,8.0,0.0,0.00012080120000000001,8.0,8.0,0.129,BTC,True,True,5.228082607919033,-2.0801200000000007e-05
2025-07-24 16:00:00+00:00,119074.1,118498.0,119179.0,118378.0,0.0001,1.0,8.0,0.0,0.0001708696,8.0,8.0,0.088,BTC,True,True,8.805762172951411,-7.086959999999999e-05
2025-07-25 00:00:00+00:00,118294.4,117620.0,118379.0,115473.0,0.0001,1.0,8.0,0.0,0.0003620979,8.0,8.0,0.083,BTC,True,True,7.149092682424412,-0.0002620979
2025-07-25 08:00:00+00:00,115288.9,115194.6,115474.0,115818.0,0.0001,1.0,8.0,0.0,0.0003044153,8.0,8.0,0.102,BTC,True,True,16.042443538175124,-0.0002044153
2025-07-25 16:00:00+00:00,115687.4,116143.4,115818.0,117726.0,0.0001,1.0,8.0,0.001,0.0002333077,8.0,8.0,0.084,BTC,True,True,11.282675380733403,-0.0001333077
2025-07-26 00:00:00+00:00,117583.4,117473.2,117727.0,117407.0,0.0001,1.0,8.0,0.005,0.0002168321,8.0,8.0,0.029,BTC,True,True,12.205156918373604,-0.0001168321
2025-07-26 08:00:00+00:00,117288.0,117530.1,117408.0,118210.0,0.0001,1.0,8.0,0.001,0.000255336,8.0,8.0,0.089,BTC,True,True,10.225995369081136,-0.000155336
2025-07-26 16:00:00+00:00,118111.1,118055.0,118210.0,117960.0,0.0001,1.0,8.0,0.001,0.00011133020000000001,8.0,8.0,0.108,BTC,True,True,8.369968299386079,-1.1330200000000002e-05
2025-07-27 00:00:00+00:00,117889.3,117927.2,117961.0,118184.0,0.0001,1.0,8.0,0.0,0.00012350810000000002,8.0,8.0,0.11,BTC,True,True,6.080128132872997,-2.3508100000000013e-05
2025-07-27 08:00:00+00:00,118083.5,117923.0,118184.0,118669.0,0.0001,1.0,8.0,0.008,0.000139607,8.0,8.0,110.963,BTC,True,True,8.507306850187804,-3.9607e-05
2025-07-27 16:00:00+00:00,118580.9,119081.3,118669.0,119507.0,0.0001,1.0,8.0,0.005,0.0001847969,8.0,8.0,0.049,BTC,True,True,7.426768487526289,-8.479689999999999e-05
2025-07-28 00:00:00+00:00,119423.5,119228.8,119507.0,118988.0,0.0001,1.0,8.0,0.0,0.0002483144,8.0,8.0,0.083,BTC,True,True,6.989480489042322,-0.0001483144
2025-07-28 08:00:00+00:00,118873.1,119053.5,118988.0,118266.0,0.0001,1.0,8.0,0.0,0.0001863011,8.0,8.0,0.094,BTC,True,True,9.661101284488653,-8.630109999999999e-05
2025-07-28 16:00:00+00:00,118152.9,117991.5,118267.0,118118.0,0.0001,1.0,8.0,0.001,0.0001615355,8.0,8.0,0.093,BTC,True,True,9.652318511144562,-6.153550000000001e-05
2025-07-29 00:00:00+00:00,118041.5,117945.0,118117.0,118945.0,0.0001,1.0,8.0,0.0,0.0001,8.0,8.0,0.1,BTC,True,True,6.394011019907567,0.0
2025-07-29 08:00:00+00:00,118856.2,118887.8,118945.0,117471.0,0.0001,1.0,8.0,0.0,0.0001019137,8.0,8.0,0.116,BTC,True,True,7.468423551060361,-1.9137000000000017e-06
2025-07-29 16:00:00+00:00,117345.7,117710.9,117470.0,117992.0,0.0001,1.0,8.0,0.011,0.0001285016,8.0,8.0,0.081,BTC,True,True,10.587027324847817,-2.8501600000000005e-05
2025-07-30 00:00:00+00:00,117897.1,117699.9,117992.0,118162.0,0.0001,1.0,8.0,0.0,0.0001,8.0,8.0,0.135,BTC,True,True,8.046154325901828,0.0
2025-07-30 08:00:00+00:00,118083.2,118324.7,118162.0,118033.0,0.0001,1.0,8.0,0.008,0.0001,8.0,8.0,0.056,BTC,True,True,6.67103525678897,0.0
2025-07-30 16:00:00+00:00,117949.9,117697.0,118032.0,117915.0,5.694e-05,1.0,8.0,0.0,0.0001224675,8.0,8.0,0.204,BTC,True,True,6.958161054934611,-6.552749999999999e-05
2025-07-31 00:00:00+00:00,117771.1,118368.5,117915.0,118761.0,0.0001,1.0,8.0,0.009,0.0002081115,8.0,8.0,0.088,BTC,True,True,12.211158645422568,-0.0001081115
2025-07-31 08:00:00+00:00,118624.0,118550.8,118760.0,118369.0,0.0001,1.0,8.0,0.0,0.0001083654,8.0,8.0,0.079,BTC,True,True,11.458229272371906,-8.365399999999993e-06
2025-07-31 16:00:00+00:00,118259.4,118492.0,118369.0,115724.0,-1.408e-05,1.0,8.0,0.001,0.0001,8.0,8.0,0.147,BTC,True,True,9.263470305127345,-0.00011408
2025-08-01 00:00:00+00:00,115697.3,115366.9,115725.0,115036.0,1.549e-05,1.0,8.0,0.003,8.831e-05,8.0,8.0,0.131,BTC,True,True,2.393892043443517,-7.282e-05
2025-08-01 08:00:00+00:00,115015.1,114552.3,115034.0,115326.0,5.681e-05,1.0,8.0,0.0,9.391010000000001e-05,8.0,8.0,0.13,BTC,True,True,1.6431274925663646,-3.710010000000001e-05
2025-08-01 16:00:00+00:00,115305.3,114962.2,115325.0,113219.0,4.81e-05,1.0,8.0,0.004,6.087500000000001e-06,8.0,8.0,0.114,BTC,True,True,1.7083618282516886,4.20125e-05
2025-08-02 00:00:00+00:00,113244.8,113762.7,113218.0,113912.0,8.94e-06,1.0,8.0,0.0,2.2793200000000004e-05,8.0,8.0,0.089,BTC,True,True,-2.3668346523231865,-1.3853200000000003e-05
2025-08-02 08:00:00+00:00,113920.0,113633.8,113912.0,112794.0,4.437e-05,1.0,8.0,0.0,8.21475e-05,8.0,8.0,0.091,BTC,True,True,-0.7022718497215009,-3.777750000000001e-05
2025-08-02 16:00:00+00:00,112798.6,113156.9,112795.0,112502.0,5.633e-05,1.0,8.0,0.0,3.4821400000000005e-05,8.0,8.0,0.108,BTC,True,True,-0.3191579903248563,2.1508599999999993e-05
2025-08-03 00:00:00+00:00,112508.8,112902.3,112504.0,113661.0,4.533e-05,1.0,8.0,0.0,8.64994e-05,8.0,8.0,0.093,BTC,True,True,-0.4266423955197164,-4.11694e-05
2025-08-03 08:00:00+00:00,113647.2,113640.8,113662.0,113885.0,7.504e-05,1.0,8.0,0.003,-2.0428e-05,8.0,8.0,0.076,BTC,True,True,1.3021910262245555,9.5468e-05
2025-08-03 16:00:00+00:00,113904.3,113950.1,113884.0,114162.0,4.188e-05,1.0,8.0,0.004,7.94344e-05,8.0,8.0,0.098,BTC,True,True,-1.782356692924529,-3.75544e-05
2025-08-04 00:00:00+00:00,114150.9,114856.6,114163.0,114613.0,5.719e-05,1.0,8.0,0.0,9.180700000000001e-05,8.0,8.0,0.096,BTC,True,True,1.0599442269018524,-3.461700000000001e-05
2025-08-04 08:00:00+00:00,114607.0,114493.4,114614.0,114774.0,3.912e-05,1.0,8.0,0.002,4.00031e-05,8.0,8.0,0.108,BTC,True,True,0.6107642844395895,-8.831000000000051e-07
2025-08-04 16:00:00+00:00,114766.4,115253.3,114774.0,115026.0,7.101e-05,1.0,8.0,0.0,9.316890000000001e-05,8.0,8.0,0.067,BTC,True,True,0.6621927994177986,-2.215890000000001e-05
2025-08-05 00:00:00+00:00,115002.1,114837.5,115027.0,113955.0,8.589e-05,1.0,8.0,0.0,0.0001,8.0,8.0,0.061,BTC,True,True,2.1649434873449174,-1.4109999999999999e-05
2025-08-05 08:00:00+00:00,113924.7,114239.8,113955.0,112873.0,4.784e-05,1.0,8.0,0.0,3.7723300000000005e-05,8.0,8.0,0.107,BTC,True,True,2.659297882046465,1.0116699999999998e-05
2025-08-05 16:00:00+00:00,112871.7,113120.0,112871.0,114068.0,5.172e-05,1.0,8.0,0.005,-2.84548e-05,8.0,8.0,0.103,BTC,True,True,-0.06201750931445541,8.01748e-05
2025-08-06 00:00:00+00:00,114069.6,113834.5,114068.0,114173.0,9.275e-05,1.0,8.0,0.0,1.90269e-05,8.0,8.0,0.091,BTC,True,True,-0.1402662252988331,7.37231e-05
2025-08-06 08:00:00+00:00,114179.2,113900.1,114172.0,115430.0,8.288e-05,1.0,8.0,0.0,9.33697e-05,8.0,8.0,0.129,BTC,True,True,-0.6306075906215467,-1.0489699999999995e-05
2025-08-06 16:00:00+00:00,115366.2,115088.5,115430.0,114949.0,4.843e-05,1.0,8.0,0.003,0.0001,8.0,8.0,0.081,BTC,True,True,5.5286873549145135,-5.157e-05
2025-08-07 00:00:00+00:00,114941.0,114847.2,114949.0,114805.0,7.574e-05,1.0,8.0,0.002,0.0001,8.0,8.0,0.08,BTC,True,True,0.6959850366036912,-2.426e-05
2025-08-07 08:00:00+00:00,114751.2,114913.3,114804.0,116681.0,6.275e-05,1.0,8.0,0.002,0.0001,8.0,8.0,0.189,BTC,True,True,4.600200817156939,-3.725000000000001e-05
2025-08-07 16:00:00+00:00,116634.6,116199.2,116681.0,117485.0,2.403e-05,1.0,8.0,0.002,0.0001,8.0,8.0,0.093,BTC,True,True,3.977445195408459,-7.597e-05
2025-08-08 00:00:00+00:00,117419.9,117216.5,117485.0,116853.0,1.729e-05,1.0,8.0,0.004,0.0001,8.0,8.0,0.134,BTC,True,True,5.542668685635581,-8.271e-05
2025-08-08 08:00:00+00:00,116772.0,116570.4,116853.0,116252.0,7.973e-05,1.0,8.0,0.0,0.0001,8.0,8.0,0.089,BTC,True,True,6.9341896839472215,-2.0270000000000008e-05
2025-08-08 16:00:00+00:00,116162.1,116151.9,116252.0,116699.0,8.835e-05,1.0,8.0,0.005,0.0001,8.0,8.0,0.147,BTC,True,True,7.736191950802789,-1.1649999999999999e-05
2025-08-09 00:00:00+00:00,116628.2,116542.8,116700.0,116809.0,9.087e-05,1.0,8.0,0.0,0.0001,8.0,8.0,0.128,BTC,True,True,6.154421305809667,-9.130000000000002e-06
2025-08-09 08:00:00+00:00,116703.3,117069.5,116809.0,116932.0,5.151e-05,1.0,8.0,0.007,0.0001,8.0,8.0,0.122,BTC,True,True,9.053056924119916,-4.8490000000000005e-05
2025-08-09 16:00:00+00:00,116835.5,116596.8,116932.0,116545.0,9.849e-05,1.0,8.0,0.003,0.00014729590000000001,8.0,8.0,0.064,BTC,True,True,8.256066859713926,-4.880590000000001e-05
2025-08-10 00:00:00+00:00,116422.1,116691.2,116545.0,117846.0,0.0001,1.0,8.0,0.005,0.00014084040000000001,8.0,8.0,0.076,BTC,True,True,10.550846999517796,-4.084040000000001e-05
2025-08-10 08:00:00+00:00,117770.0,118267.8,117848.0,118866.0,0.0001,1.0,8.0,0.002,0.0001,8.0,8.0,0.103,BTC,True,True,6.6208865918016375,0.0
2025-08-10 16:00:00+00:00,118766.0,118636.8,118867.0,119370.0,0.0001,1.0,8.0,0.0,0.0001039294,8.0,8.0,0.069,BTC,True,True,8.500503388146532,-3.929399999999997e-06
2025-08-11 00:00:00+00:00,119255.3,119093.1,119371.0,121578.0,0.0001,1.0,8.0,0.0,0.00012410320000000001,8.0,8.0,0.128,BTC,True,True,9.697171608204105,-2.410320000000001e-05
2025-08-11 08:00:00+00:00,121534.9,121673.2,121578.0,120397.0,0.0001,1.0,8.0,0.0,0.0001135757,8.0,8.0,0.097,BTC,True,True,3.54567778604399,-1.35757e-05
2025-08-11 16:00:00+00:00,120271.2,119910.3,120397.0,118758.0,0.0001,1.0,8.0,0.0,0.00011597050000000001,8.0,8.0,0.235,BTC,True,True,10.454227975058053,-1.5970500000000006e-05
2025-08-12 00:00:00+00:00,118641.8,118907.9,118757.0,119046.0,7.988e-05,1.0,8.0,0.001,0.0001,8.0,8.0,0.071,BTC,True,True,9.705188825074032,-2.0120000000000004e-05
2025-08-12 08:00:00+00:00,118931.9,118761.4,119045.0,120001.0,8.543e-05,1.0,8.0,0.005,0.0001205397,8.0,8.0,0.075,BTC,True,True,9.50512495248483,-3.51097e-05
2025-08-12 16:00:00+00:00,119888.0,119608.3,120001.0,120217.0,7.123e-05,1.0,8.0,0.0,0.0001204652,8.0,8.0,0.083,BTC,True,True,9.421024587023817,-4.923520000000001e-05
2025-08-13 00:00:00+00:00,120080.9,119665.3,120217.0,119678.0,0.0001,1.0,8.0,0.002,0.0002490077,8.0,8.0,0.074,BTC,True,True,11.327607486626187,-0.0001490077
2025-08-13 08:00:00+00:00,119540.3,120015.6,119677.0,121011.0,0.0001,1.0,8.0,0.006,0.000356332,8.0,8.0,0.102,BTC,True,True,11.428940538988344,-0.000256332
2025-08-13 16:00:00+00:00,120897.3,121420.0,121011.0,123436.0,0.0001,1.0,8.0,0.002,0.0003634763,8.0,8.0,0.107,BTC,True,True,9.400256904997645,-0.0002634763
2025-08-14 00:00:00+00:00,123323.9,123871.1,123436.0,121829.0,0.0001,1.0,8.0,0.003,0.0003840352,8.0,8.0,0.124,BTC,True,True,9.085755644383976,-0.0002840352
2025-08-14 08:00:00+00:00,121742.3,121643.7,121829.0,118360.0,0.0001,1.0,8.0,0.0,0.0001608215,8.0,8.0,0.096,BTC,True,True,7.119065642109691,-6.082149999999999e-05
2025-08-14 16:00:00+00:00,118185.9,117815.2,118360.0,118325.0,1.939e-05,1.0,8.0,0.0,0.000103274,8.0,8.0,0.045,BTC,True,True,14.72019015651886,-8.3884e-05
2025-08-15 00:00:00+00:00,118242.2,118122.9,118325.0,119019.0,7.99e-05,1.0,8.0,0.0,0.0001,8.0,8.0,0.059,BTC,True,True,7.000125408857793,-2.01e-05
2025-08-15 08:00:00+00:00,118908.4,118823.3,119019.0,117274.0,3.722e-05,1.0,8.0,0.0,0.0001,8.0,8.0,0.126,BTC,True,True,9.296954278177113,-6.278e-05
2025-08-15 16:00:00+00:00,117216.8,117307.2,117274.0,117347.0,8.85e-05,1.0,8.0,0.004,0.0001,8.0,8.0,0.108,BTC,True,True,4.878656316967423,-1.1500000000000008e-05
2025-08-16 00:00:00+00:00,117279.1,117696.1,117346.0,117584.0,8.268e-05,1.0,8.0,0.0,0.0001,8.0,8.0,0.09,BTC,True,True,5.702714825740087,-1.7320000000000004e-05
2025-08-16 08:00:00+00:00,117550.0,117578.6,117584.0,117648.0,9.023e-05,1.0,8.0,0.002,0.0001,8.0,8.0,0.077,BTC,True,True,2.8919680043700633,-9.77000000000001e-06
2025-08-16 16:00:00+00:00,117627.0,117706.0,117647.0,117357.0,8.206e-05,1.0,8.0,0.0,0.0001,8.0,8.0,0.1,BTC,True,True,1.7001453665247936,-1.7940000000000008e-05
2025-08-17 00:00:00+00:00,117329.8,117204.2,117358.0,117967.0,4.68e-05,1.0,8.0,0.001,0.0001,8.0,8.0,0.063,BTC,True,True,2.403192678589927,-5.3200000000000006e-05
2025-08-17 08:00:00+00:00,117950.0,118323.7,117967.0,118217.0,1.862e-05,1.0,8.0,0.007,0.0001,8.0,8.0,0.075,BTC,True,True,1.4411848259708142,-8.138000000000001e-05
2025-08-17 16:00:00+00:00,118191.0,117774.5,118217.0,117380.0,2.846e-05,1.0,8.0,0.0,0.0001,8.0,8.0,0.131,BTC,True,True,2.1995871632793476,-7.154000000000001e-05
2025-08-18 00:00:00+00:00,117353.9,117244.6,117381.0,115145.0,-6.82e-06,1.0,8.0,0.001,8.68018e-05,8.0,8.0,0.047,BTC,True,True,2.3089877236333143,-9.36218e-05
2025-08-18 08:00:00+00:00,115153.2,115087.7,115145.0,116099.0,5.296e-05,1.0,8.0,0.002,6.30894e-05,8.0,8.0,0.119,BTC,True,True,-0.712120199242339,-1.0129400000000005e-05
2025-08-18 16:00:00+00:00,116099.4,115911.3,116099.0,116164.0,7.137e-05,1.0,8.0,0.0,-2.19457e-05,8.0,8.0,0.045,BTC,True,True,-0.03445329511242071,9.33157e-05
2025-08-19 00:00:00+00:00,116183.6,116519.3,116163.0,114936.0,6.262e-05,1.0,8.0,0.001,-5.44673e-05,8.0,8.0,0.084,BTC,True,True,-1.7732129546101647,0.00011708729999999999
2025-08-19 08:00:00+00:00,114928.7,115144.9,114936.0,113710.0,3.167e-05,1.0,8.0,0.0,5.6321300000000006e-05,8.0,8.0,0.115,BTC,True,True,0.6351562464757045,-2.4651300000000006e-05
2025-08-19 16:00:00+00:00,113730.1,113338.9,113719.0,112828.0,4.543e-05,1.0,8.0,0.0,9.96347e-05,8.0,8.0,0.097,BTC,True,True,-0.9760425527130555,-5.42047e-05
2025-08-20 00:00:00+00:00,112824.1,113150.3,112827.0,113457.0,1.364e-05,1.0,8.0,0.0,9.56615e-05,8.0,8.0,0.135,BTC,True,True,0.2570339785761094,-8.20215e-05
2025-08-20 08:00:00+00:00,113436.7,113954.2,113457.0,113312.0,4.936e-05,1.0,8.0,0.0,9.133100000000001e-05,8.0,8.0,0.086,BTC,True,True,1.7893841965789878,-4.197100000000001e-05
2025-08-20 16:00:00+00:00,113296.9,113797.2,113312.0,114249.0,1.143e-05,1.0,8.0,0.006,0.0001,8.0,8.0,0.056,BTC,True,True,1.332692583773328,-8.857e-05
2025-08-21 00:00:00+00:00,114220.5,114242.1,114249.0,113854.0,7.757e-05,1.0,8.0,0.0,0.0001,8.0,8.0,0.072,BTC,True,True,2.494862565710197,-2.243e-05
2025-08-21 08:00:00+00:00,113836.8,113535.8,113854.0,112770.0,7.414e-05,1.0,8.0,0.003,9.23147e-05,8.0,8.0,0.143,BTC,True,True,1.510820817768324,-1.81747e-05
2025-08-21 16:00:00+00:00,112748.8,112350.8,112769.0,112447.0,7.296e-05,1.0,8.0,0.01,8.54984e-05,8.0,8.0,0.094,BTC,True,True,1.7914328761657934,-1.2538399999999995e-05
2025-08-22 00:00:00+00:00,112462.2,112590.7,112447.0,113064.0,0.0001,1.0,8.0,0.007,0.0001,8.0,8.0,0.069,BTC,True,True,-1.3516565816900914,0.0
2025-08-22 08:00:00+00:00,113040.0,112936.5,113065.0,116329.0,5.867e-05,1.0,8.0,0.001,0.0001,8.0,8.0,0.108,BTC,True,True,2.211361986853076,-4.1330000000000006e-05
2025-08-22 16:00:00+00:00,116319.4,116105.8,116329.0,116963.0,0.0001,1.0,8.0,0.004,0.0001,8.0,8.0,0.075,BTC,True,True,0.825279692915215,0.0
2025-08-23 00:00:00+00:00,116897.5,116826.1,116963.0,115835.0,0.0001,1.0,8.0,0.006,0.0001,8.0,8.0,0.105,BTC,True,True,5.6016301780539735,0.0
2025-08-23 08:00:00+00:00,115770.0,115713.7,115834.0,114930.0,9.711e-05,1.0,8.0,0.0,0.0001,8.0,8.0,0.118,BTC,True,True,5.526674982212393,-2.890000000000008e-06
2025-08-23 16:00:00+00:00,114776.4,114967.8,114930.0,115495.0,0.0001,1.0,8.0,0.001,0.0001867559,8.0,8.0,0.114,BTC,True,True,13.373595415120791,-8.675589999999999e-05
2025-08-24 00:00:00+00:00,115377.1,115335.0,115495.0,114938.0,0.0001,1.0,8.0,0.002,0.0001,8.0,8.0,0.106,BTC,True,True,10.213448073533742,0.0
2025-08-24 08:00:00+00:00,114854.9,114811.4,114938.0,114502.0,0.0001,1.0,8.0,0.001,0.0001580797,8.0,8.0,0.134,BTC,True,True,7.232599755910405,-5.8079700000000006e-05
2025-08-24 16:00:00+00:00,114372.7,114253.9,114503.0,113575.0,0.0001,1.0,8.0,0.0,0.00035532559999999996,8.0,8.0,0.044,BTC,True,True,11.386094205465403,-0.0002553256
2025-08-25 00:00:00+00:00,113446.2,112598.8,113575.0,111551.0,0.0001,1.0,8.0,0.002,0.0002086102,8.0,8.0,0.114,BTC,True,True,11.34695912272052,-0.0001086102
2025-08-25 08:00:00+00:00,111469.7,111362.1,111551.0,112238.0,8.344e-05,1.0,8.0,0.002,0.0001,8.0,8.0,0.096,BTC,True,True,7.290803373973942,-1.6560000000000004e-05
2025-08-25 16:00:00+00:00,112142.2,112446.1,112237.0,110144.0,4.522e-05,1.0,8.0,0.0,0.0001,8.0,8.0,0.055,BTC,True,True,8.449981606206283,-5.478000000000001e-05
2025-08-26 00:00:00+00:00,110064.1,109049.6,110145.0,110328.0,3.9e-05,1.0,8.0,0.0,0.0001,8.0,8.0,0.113,BTC,True,True,7.347562261468969,-6.1000000000000005e-05
2025-08-26 08:00:00+00:00,110244.2,110047.5,110328.0,109709.0,0.0001,1.0,8.0,0.0,0.0001,8.0,8.0,0.066,BTC,True,True,7.598419386658839,0.0
2025-08-26 16:00:00+00:00,109624.6,110129.6,109704.0,111817.0,1.802e-05,1.0,8.0,0.003,0.0001,8.0,8.0,0.075,BTC,True,True,7.240278145992405,-8.198e-05
2025-08-27 00:00:00+00:00,111710.0,111307.7,111817.0,110767.0,5.503e-05,1.0,8.0,0.0,0.0001,8.0,8.0,0.089,BTC,True,True,9.573788237910904,-4.4970000000000005e-05
2025-08-27 08:00:00+00:00,110688.0,110705.2,110767.0,112078.0,3.496e-05,1.0,8.0,0.009,0.0001,8.0,8.0,0.125,BTC,True,True,7.134632620724102,-6.504000000000001e-05
2025-08-27 16:00:00+00:00,111965.0,112062.0,112079.0,111273.0,5.297e-05,1.0,8.0,0.0,0.00010408820000000001,8.0,8.0,0.17,BTC,True,True,10.176573337241953,-5.111820000000001e-05
2025-08-28 00:00:00+00:00,111194.9,111287.0,111273.0,113136.0,9.693e-05,1.0,8.0,0.005,0.0001,8.0,8.0,0.082,BTC,True,True,7.021237959137508,-3.0700000000000096e-06
2025-08-28 08:00:00+00:00,113079.3,113072.0,113137.0,112740.0,7.512e-05,1.0,8.0,0.004,0.0001,8.0,8.0,0.111,BTC,True,True,5.101312438696989,-2.4880000000000006e-05
2025-08-28 16:00:00+00:00,112633.1,112283.2,112740.0,112605.0,4.261e-05,1.0,8.0,0.0,0.0001,8.0,8.0,0.108,BTC,True,True,9.486492222623687,-5.7390000000000004e-05
2025-08-29 00:00:00+00:00,112507.3,112160.8,112604.0,110032.0,5.856e-05,1.0,8.0,0.0,0.0001,8.0,8.0,0.104,BTC,True,True,8.591306251431872,-4.144e-05
2025-08-29 08:00:00+00:00,109969.0,109579.7,110032.0,108359.0,6.44e-06,1.0,8.0,0.005,0.0001,8.0,8.0,0.072,BTC,True,True,5.727246850885444,-9.356e-05
2025-08-29 16:00:00+00:00,108334.4,108648.0,108360.0,108330.0,7.523e-05,1.0,8.0,0.0,8.029e-05,8.0,8.0,0.093,BTC,True,True,2.362774498934634,-5.060000000000009e-06
2025-08-30 00:00:00+00:00,108332.4,108259.4,108328.0,108462.0,7.979e-05,1.0,8.0,0.002,-5.94358e-05,8.0,8.0,0.066,BTC,True,True,-0.40616559376789957,0.00013922579999999998
2025-08-30 08:00:00+00:00,108466.6,108521.8,108462.0,108893.0,8.042e-05,1.0,8.0,0.003,0.0001,8.0,8.0,0.093,BTC,True,True,-0.42410267716622135,-1.958e-05
2025-08-30 16:00:00+00:00,108809.8,108762.1,108889.0,108799.0,-1.232e-05,1.0,8.0,0.016,0.0001,8.0,8.0,0.093,BTC,True,True,7.276108411636865,-0.00011232000000000001
2025-08-31 00:00:00+00:00,108758.0,109339.9,108800.0,108704.0,4.749e-05,1.0,8.0,0.0,0.0001,8.0,8.0,0.099,BTC,True,True,3.86103940298813,-5.2510000000000004e-05
2025-08-31 08:00:00+00:00,108656.9,108965.1,108704.0,108820.0,0.0001,1.0,8.0,0.001,0.0001,8.0,8.0,0.12,BTC,True,True,4.333806193957199,0.0
2025-08-31 16:00:00+00:00,108758.2,108867.0,108821.0,108227.0,4.66e-05,1.0,8.0,0.0,0.0001,8.0,8.0,0.092,BTC,True,True,5.772610777491993,-5.3400000000000004e-05
2025-09-01 00:00:00+00:00,108208.4,108180.1,108226.0,109418.0,0.0001,1.0,8.0,0.0,0.0001,8.0,8.0,0.101,BTC,True,True,1.6263588448784314,0.0
2025-09-01 08:00:00+00:00,109390.2,109552.2,109419.0,108774.0,4.963e-05,1.0,8.0,0.001,0.0001,8.0,8.0,0.082,BTC,True,True,2.6324304614537253,-5.037000000000001e-05
2025-09-01 16:00:00+00:00,108737.9,108732.6,108774.0,109222.0,6.946e-05,1.0,8.0,0.0,0.0001,8.0,8.0,0.113,BTC,True,True,3.319358649477067,-3.054e-05
2025-09-02 00:00:00+00:00,109187.9,108985.3,109222.0,110220.0,8.805e-05,1.0,8.0,0.005,0.0001,8.0,8.0,0.088,BTC,True,True,3.122569103055303,-1.1950000000000006e-05
2025-09-02 08:00:00+00:00,110190.1,110313.9,110219.0,110794.0,6.356e-05,1.0,8.0,0.007,9.87704e-05,8.0,8.0,0.151,BTC,True,True,2.622396277251825,-3.521040000000001e-05
2025-09-02 16:00:00+00:00,110789.9,110745.7,110794.0,111225.0,7.67e-06,1.0,8.0,0.006,0.0001,8.0,8.0,0.077,BTC,True,True,0.37006298746998906,-9.233e-05
2025-09-03 00:00:00+00:00,111187.9,111283.2,111225.0,111077.0,5.127e-05,1.0,8.0,0.002,0.0001,8.0,8.0,0.133,BTC,True,True,3.3361374582228227,-4.873e-05
2025-09-03 08:00:00+00:00,111041.4,110974.9,111077.0,112208.0,2.344e-05,1.0,8.0,0.002,0.0001,8.0,8.0,0.112,BTC,True,True,3.205497635929774,-7.656000000000001e-05
2025-09-03 16:00:00+00:00,112168.5,111810.0,112207.0,111670.0,1.808e-05,1.0,8.0,0.002,0.0001,8.0,8.0,0.068,BTC,True,True,3.431747260982791,-8.192e-05
2025-09-04 00:00:00+00:00,111659.7,112015.4,111670.0,110447.0,4.385e-05,1.0,8.0,0.0,0.0001,8.0,8.0,0.113,BTC,True,True,0.922403066613761,-5.615e-05
2025-09-04 08:00:00+00:00,110417.3,110595.3,110448.0,109530.0,7.941e-05,1.0,8.0,0.0,0.0001,8.0,8.0,0.054,BTC,True,True,2.7799749619076657,-2.0590000000000004e-05
2025-09-04 16:00:00+00:00,109448.0,109384.9,109530.0,110741.0,7.532e-05,1.0,8.0,0.001,0.0001,8.0,8.0,0.153,BTC,True,True,7.489337178423097,-2.468e-05
2025-09-05 00:00:00+00:00,110679.5,110418.0,110740.0,112949.0,0.0001,1.0,8.0,0.006,0.0001,8.0,8.0,0.099,BTC,True,True,5.464740143087693,0.0
2025-09-05 08:00:00+00:00,112900.0,112589.0,112950.0,110761.0,7.872e-05,1.0,8.0,0.0,0.0001,8.0,8.0,0.068,BTC,True,True,4.427717583959919,-2.128e-05
2025-09-05 16:00:00+00:00,110674.1,110767.3,110762.0,110646.0,1.297e-05,1.0,8.0,0.0,0.0001,8.0,8.0,0.06,BTC,True,True,7.93908532681642,-8.703000000000001e-05
2025-09-06 00:00:00+00:00,110614.8,110729.4,110649.0,110829.0,5.66e-05,1.0,8.0,0.005,0.0001,8.0,8.0,0.115,BTC,True,True,3.091332633023637,-4.3400000000000005e-05
2025-09-06 08:00:00+00:00,110779.9,110906.5,110828.0,110349.0,5.11e-05,1.0,8.0,0.0,0.0001,8.0,8.0,0.087,BTC,True,True,4.341000546942623,-4.89e-05
2025-09-06 16:00:00+00:00,110324.2,110206.2,110349.0,110139.0,1.97e-05,1.0,8.0,0.0,7.25033e-05,8.0,8.0,0.102,BTC,True,True,2.2476676011773336,-5.2803299999999996e-05
2025-09-07 00:00:00+00:00,110135.2,110306.0,110138.0,110724.0,3.611e-05,1.0,8.0,0.0,9.102660000000001e-05,8.0,8.0,0.121,BTC,True,True,0.25422974743659893,-5.491660000000001e-05
2025-09-07 08:00:00+00:00,110710.8,111022.8,110724.0,111276.0,6.969e-05,1.0,8.0,0.0,8.02485e-05,8.0,8.0,0.109,BTC,True,True,1.1922245298057683,-1.0558499999999997e-05
2025-09-07 16:00:00+00:00,111276.2,111158.0,111276.0,111102.0,9.404e-05,1.0,8.0,0.007,9.24692e-05,8.0,8.0,0.102,BTC,True,True,-0.017973311429626646,1.570800000000002e-06
2025-09-08 00:00:00+00:00,111075.5,110786.5,111101.0,111215.0,6.682e-05,1.0,8.0,0.0,6.61111e-05,8.0,8.0,0.116,BTC,True,True,2.295472303502767,7.089000000000026e-07
2025-09-08 08:00:00+00:00,111236.5,111640.0,111216.0,112593.0,7.311e-05,1.0,8.0,0.0,0.0001,8.0,8.0,0.1,BTC,True,True,-1.843090103104058,-2.689000000000001e-05
2025-09-08 16:00:00+00:00,112573.6,112345.8,112594.0,112035.0,3.799e-05,1.0,8.0,0.0,0.0001,8.0,8.0,0.111,BTC,True,True,1.8119836118359083,-6.201000000000001e-05
2025-09-09 00:00:00+00:00,112012.7,111597.9,112035.0,112967.0,0.0001,1.0,8.0,0.0,0.0001,8.0,8.0,0.11,BTC,True,True,1.9906475338645677,0.0
2025-09-09 08:00:00+00:00,112950.2,112965.8,112967.0,110895.0,0.0001,1.0,8.0,0.0,0.0001,8.0,8.0,0.059,BTC,True,True,1.4872705602730651,0.0
2025-09-09 16:00:00+00:00,110830.1,110915.1,110896.0,111563.0,5.805e-05,1.0,8.0,0.0,0.0001,8.0,8.0,0.054,BTC,True,True,5.944271056988387,-4.195e-05
2025-09-10 00:00:00+00:00,111499.9,110971.3,111563.0,112548.0,5.026e-05,1.0,8.0,0.002,0.0001,8.0,8.0,0.097,BTC,True,True,5.657597178474912,-4.974e-05
2025-09-10 08:00:00+00:00,112500.0,112333.0,112548.0,113831.0,0.0001,1.0,8.0,0.0,0.0001,8.0,8.0,0.127,BTC,True,True,4.265756703268363,0.0
2025-09-10 16:00:00+00:00,113801.3,113723.9,113832.0,113954.0,5.843e-05,1.0,8.0,0.0,0.0001,8.0,8.0,0.09,BTC,True,True,2.6973206632000366,-4.1570000000000003e-05
2025-09-11 00:00:00+00:00,113896.8,113833.5,113955.0,114083.0,4.283e-05,1.0,8.0,0.0,0.0001,8.0,8.0,0.096,BTC,True,True,5.108583848425547,-5.717e-05
2025-09-11 08:00:00+00:00,114040.1,114005.6,114082.0,114167.0,3.326e-05,1.0,8.0,0.001,0.0001,8.0,8.0,0.142,BTC,True,True,3.6734713972188313,-6.674e-05
2025-09-11 16:00:00+00:00,114122.4,114428.4,114168.0,115489.0,6.137e-05,1.0,8.0,0.002,0.0001,8.0,8.0,0.082,BTC,True,True,3.9949117971202606,-3.863e-05
2025-09-12 00:00:00+00:00,115427.0,115795.1,115489.0,115119.0,3.768e-05,1.0,8.0,0.001,0.0001,8.0,8.0,0.06,BTC,True,True,5.369918194483696,-6.232000000000001e-05
2025-09-12 08:00:00+00:00,115048.9,115013.9,115119.0,115128.0,6.891e-05,1.0,8.0,0.005,0.0001,8.0,8.0,0.1,BTC,True,True,6.091205782163095,-3.109e-05
2025-09-12 16:00:00+00:00,115064.8,115435.0,115127.0,116023.0,-1.554e-05,1.0,8.0,0.005,0.0001,8.0,8.0,0.066,BTC,True,True,5.404189159979281,-0.00011554000000000001
2025-09-13 00:00:00+00:00,115978.4,116155.1,116022.0,115790.0,2.251e-05,1.0,8.0,0.002,0.0001,8.0,8.0,0.107,BTC,True,True,3.7586142535341587,-7.749e-05
2025-09-13 08:00:00+00:00,115715.5,115913.3,115791.0,115775.0,3.137e-05,1.0,8.0,0.0,0.0001,8.0,8.0,0.053,BTC,True,True,6.522495279974643,-6.863e-05
2025-09-13 16:00:00+00:00,115721.4,115286.6,115776.0,115908.0,8.182e-05,1.0,8.0,0.006,0.0001,8.0,8.0,0.128,BTC,True,True,4.717115700862653,-1.8180000000000006e-05
2025-09-14 00:00:00+00:00,115862.7,115884.4,115908.0,115778.0,4.78e-05,1.0,8.0,0.0,0.0001,8.0,8.0,0.08,BTC,True,True,3.909036006436849,-5.22e-05
2025-09-14 08:00:00+00:00,115746.1,115887.4,115778.0,115205.0,3.115e-05,1.0,8.0,0.001,0.0001,8.0,8.0,0.118,BTC,True,True,2.755652668716904,-6.885e-05
2025-09-14 16:00:00+00:00,115162.2,115422.7,115205.0,115276.0,6.207e-05,1.0,8.0,0.006,0.0001,8.0,8.0,0.06,BTC,True,True,3.71580680691117,-3.793000000000001e-05
2025-09-15 00:00:00+00:00,115210.0,115023.4,115276.0,115838.0,8.259e-05,1.0,8.0,0.002,0.0001,8.0,8.0,0.066,BTC,True,True,5.727029130093458,-1.741000000000001e-05
2025-09-15 08:00:00+00:00,115769.6,114697.0,115839.0,114867.0,8.189e-05,1.0,8.0,0.001,0.0001,8.0,8.0,0.116,BTC,True,True,5.992869183358249,-1.811e-05
2025-09-15 16:00:00+00:00,114788.1,114618.9,114861.0,115370.0,9.97e-06,1.0,8.0,0.001,0.0001,8.0,8.0,0.099,BTC,True,True,6.348816733762865,-9.003e-05
2025-09-16 00:00:00+00:00,115300.5,115033.5,115370.0,115839.0,6.991e-05,1.0,8.0,0.0,0.0001,8.0,8.0,0.117,BTC,True,True,6.02591160144514,-3.0090000000000005e-05
2025-09-16 08:00:00+00:00,115799.4,115616.4,115839.0,115938.0,6.472e-05,1.0,8.0,0.0,0.0001,8.0,8.0,0.063,BTC,True,True,3.4191222513870634,-3.528e-05
2025-09-16 16:00:00+00:00,115877.9,116021.0,115937.0,116761.0,6.972e-05,1.0,8.0,0.001,0.0001,8.0,8.0,0.089,BTC,True,True,5.098895824249685,-3.028e-05
2025-09-17 00:00:00+00:00,116747.3,116512.9,116761.0,117110.0,8.441e-05,1.0,8.0,0.0,3.32096e-05,8.0,8.0,0.084,BTC,True,True,1.1734058288916585,5.12004e-05
2025-09-17 08:00:00+00:00,117120.5,116801.0,117110.0,115870.0,6.303e-05,1.0,8.0,0.003,8.69194e-05,8.0,8.0,0.064,BTC,True,True,-0.8965527552586406,-2.3889400000000002e-05
2025-09-17 16:00:00+00:00,115825.1,115594.5,115871.0,116466.0,4.941e-05,1.0,8.0,0.006,0.0001,8.0,8.0,0.089,BTC,True,True,3.9620865953675533,-5.059e-05
2025-09-18 00:00:00+00:00,116402.6,116291.8,116468.0,117112.0,8.928e-05,1.0,8.0,0.002,0.0001,8.0,8.0,0.072,BTC,True,True,5.616853455904217,-1.0720000000000006e-05
2025-09-18 08:00:00+00:00,117033.7,117187.1,117111.0,117635.0,4.208e-05,1.0,8.0,0.0,0.0001,8.0,8.0,0.185,BTC,True,True,6.602754861274585,-5.792000000000001e-05
2025-09-18 16:00:00+00:00,117530.2,117510.6,117636.0,117110.0,-2.31e-06,1.0,8.0,0.0,0.0001,8.0,8.0,0.114,BTC,True,True,8.997892310897434,-0.00010231
2025-09-19 00:00:00+00:00,117017.1,117359.9,117111.0,116956.0,2.109e-05,1.0,8.0,0.005,0.0001,8.0,8.0,0.098,BTC,True,True,8.021250335576692,-7.891e-05
2025-09-19 08:00:00+00:00,116850.0,116862.6,116957.0,115926.0,5.264e-05,1.0,8.0,0.0,0.0001,8.0,8.0,0.109,BTC,True,True,9.152848928380733,-4.736000000000001e-05
2025-09-19 16:00:00+00:00,115826.9,116029.9,115925.0,115674.0,3.757e-05,1.0,8.0,0.0,0.0001,8.0,8.0,0.068,BTC,True,True,8.465950515117113,-6.243000000000001e-05
2025-09-20 00:00:00+00:00,115569.6,115656.4,115675.0,115986.0,-2.7e-07,1.0,8.0,0.0,0.0001,8.0,8.0,0.066,BTC,True,True,9.115889175262357,-0.00010027
2025-09-20 08:00:00+00:00,115909.9,115645.0,115986.0,116000.0,-1.006e-05,1.0,8.0,0.002,0.0001,8.0,8.0,0.082,BTC,True,True,6.563290056597169,-0.00011006
2025-09-20 16:00:00+00:00,115928.4,115965.8,115999.0,115686.0,-5.322e-05,1.0,8.0,0.0,0.0001,8.0,8.0,0.108,BTC,True,True,6.088112243802549,-0.00015322
2025-09-21 00:00:00+00:00,115625.0,115587.3,115687.0,115842.0,2.563e-05,1.0,8.0,0.0,0.0001,8.0,8.0,0.092,BTC,True,True,5.360725036725704,-7.437000000000001e-05
2025-09-21 08:00:00+00:00,115772.8,115583.2,115842.0,115538.0,3.742e-05,1.0,8.0,0.0,0.0001,8.0,8.0,0.069,BTC,True,True,5.975438707632651,-6.258000000000001e-05
2025-09-21 16:00:00+00:00,115471.0,115270.8,115537.0,115278.0,6.665e-05,1.0,8.0,0.005,0.0001,8.0,8.0,0.108,BTC,True,True,5.714087979273911,-3.335000000000001e-05
2025-09-22 00:00:00+00:00,115183.9,114335.9,115284.0,112506.0,1.743e-05,1.0,8.0,0.003,0.0001,8.0,8.0,0.095,BTC,True,True,8.686676651670863,-8.257e-05
2025-09-22 08:00:00+00:00,112454.5,112568.3,112499.0,112804.0,4.838e-05,1.0,8.0,0.0,0.0001,8.0,8.0,0.097,BTC,True,True,3.956373257626304,-5.1620000000000004e-05
2025-09-22 16:00:00+00:00,112768.7,112558.3,112804.0,112638.0,7.062e-05,1.0,8.0,0.0,0.0001,8.0,8.0,0.106,BTC,True,True,3.1298113901344458,-2.9380000000000007e-05
2025-09-23 00:00:00+00:00,112604.7,112347.2,112639.0,113092.0,7.083e-05,1.0,8.0,0.001,0.0001,8.0,8.0,0.101,BTC,True,True,3.045590199870025,-2.9170000000000007e-05
2025-09-23 08:00:00+00:00,113048.1,113087.9,113093.0,112868.0,7.478e-05,1.0,8.0,0.0,0.0001,8.0,8.0,0.106,BTC,True,True,3.9709721576479624,-2.5220000000000006e-05
2025-09-23 16:00:00+00:00,112828.6,112763.8,112869.0,111976.0,5.794e-05,1.0,8.0,0.003,0.0001,8.0,8.0,0.083,BTC,True,True,3.580011522627923,-4.206000000000001e-05
2025-09-24 00:00:00+00:00,111947.0,112175.1,111975.0,112551.0,6.267e-05,1.0,8.0,0.001,0.0001,8.0,8.0,0.101,BTC,True,True,2.500870851987428,-3.733000000000001e-05
2025-09-24 08:00:00+00:00,112544.7,112574.3,112555.0,113342.0,4.886e-05,1.0,8.0,0.002,0.0001,8.0,8.0,0.083,BTC,True,True,0.9151500430420733,-5.114e-05
2025-09-24 16:00:00+00:00,113300.0,113668.9,113345.0,113277.0,-2.2e-06,1.0,8.0,0.0,0.0001,8.0,8.0,0.226,BTC,True,True,3.970967865281022,-0.0001022
2025-09-25 00:00:00+00:00,113253.9,113002.1,113277.0,111724.0,1.73e-05,1.0,8.0,0.001,9.43246e-05,8.0,8.0,0.077,BTC,True,True,2.039456875867289,-7.70246e-05
2025-09-25 08:00:00+00:00,111708.5,111678.7,111724.0,111562.0,9.56e-05,1.0,8.0,0.0,0.0001,8.0,8.0,0.103,BTC,True,True,1.3874436373289971,-4.3999999999999985e-06
2025-09-25 16:00:00+00:00,111538.4,110907.9,111563.0,108962.0,3.143e-05,1.0,8.0,0.0,3.69682e-05,8.0,8.0,0.107,BTC,True,True,2.2052752783898533,-5.538200000000001e-06
2025-09-26 00:00:00+00:00,108934.6,109419.1,108963.0,109289.0,4.36e-05,1.0,8.0,0.0,0.0001,8.0,8.0,0.087,BTC,True,True,2.6067290471134217,-5.64e-05
2025-09-26 08:00:00+00:00,109257.4,109520.2,109290.0,108963.0,7.716e-05,1.0,8.0,0.008,6.3821e-05,8.0,8.0,0.095,BTC,True,True,2.983334529882432,1.3339000000000002e-05
2025-09-26 16:00:00+00:00,108976.0,109408.6,108963.0,109614.0,-1e-07,1.0,8.0,0.0,8.29882e-05,8.0,8.0,0.108,BTC,True,True,-1.1929943713995321,-8.30882e-05
2025-09-27 00:00:00+00:00,109588.5,109596.0,109615.0,109349.0,3.425e-05,1.0,8.0,0.01,6.10287e-05,8.0,8.0,0.051,BTC,True,True,2.4178446173615322,-2.67787e-05
2025-09-27 08:00:00+00:00,109354.9,109205.2,109350.0,109346.0,7.821e-05,1.0,8.0,0.003,7.12968e-05,8.0,8.0,0.078,BTC,True,True,-0.44809238392098033,6.913199999999993e-06
2025-09-27 16:00:00+00:00,109340.8,109338.2,109346.0,109599.0,3.314e-05,1.0,8.0,0.0,8.05249e-05,8.0,8.0,0.086,BTC,True,True,0.47556596932108786,-4.73849e-05
2025-09-28 00:00:00+00:00,109577.2,109556.3,109600.0,109464.0,4.976e-05,1.0,8.0,0.0,8.35299e-05,8.0,8.0,0.111,BTC,True,True,2.0805083815513283,-3.3769900000000003e-05
2025-09-28 08:00:00+00:00,109468.4,109462.7,109465.0,109979.0,5.261e-05,1.0,8.0,0.0,3.47619e-05,8.0,8.0,0.071,BTC,True,True,-0.31059673857594394,1.7848100000000003e-05
2025-09-28 16:00:00+00:00,109990.0,110172.5,109979.0,112130.0,2.312e-05,1.0,8.0,0.0,7.303900000000005e-06,8.0,8.0,0.127,BTC,True,True,-1.0001409297823975,1.5816099999999992e-05
2025-09-29 00:00:00+00:00,112119.7,112211.2,112130.0,111817.0,1.304e-05,1.0,8.0,0.002,4.27923e-05,8.0,8.0,0.111,BTC,True,True,0.9186188438373888,-2.97523e-05
2025-09-29 08:00:00+00:00,111814.8,112033.4,111816.0,113752.0,3.2e-07,1.0,8.0,0.001,6.19825e-05,8.0,8.0,0.081,BTC,True,True,0.1073197430776828,-6.16625e-05
2025-09-29 16:00:00+00:00,113752.0,113580.2,113751.0,114274.0,2.353e-05,1.0,8.0,0.002,8.95636e-05,8.0,8.0,0.145,BTC,True,True,-0.08791092864788642,-6.60336e-05
2025-09-30 00:00:00+00:00,114257.1,114465.8,114272.0,113654.0,5.893e-05,1.0,8.0,0.005,6.0569399999999996e-05,8.0,8.0,0.09,BTC,True,True,1.30399148476988,-1.6393999999999965e-06
2025-09-30 08:00:00+00:00,113662.3,113409.2,113653.0,113072.0,2.584e-05,1.0,8.0,0.0,9.671900000000001e-05,8.0,8.0,0.051,BTC,True,True,-0.8182467264803945,-7.087900000000001e-05
2025-09-30 16:00:00+00:00,113055.4,112798.6,113073.0,114036.0,3.355e-05,1.0,8.0,0.0,0.0001,8.0,8.0,0.098,BTC,True,True,1.5566377363964004,-6.645e-05
2025-10-01 00:00:00+00:00,113988.7,114181.1,114037.0,114532.0,3.457e-05,1.0,8.0,0.0,0.0001,8.0,8.0,0.068,BTC,True,True,4.236364648578778,-6.543e-05
2025-10-01 08:00:00+00:00,114480.8,116060.5,114532.0,117373.0,0.0001,1.0,8.0,0.0,0.0001,8.0,8.0,0.109,BTC,True,True,4.4713658671503405,0.0
2025-10-01 16:00:00+00:00,117366.5,117480.1,117377.0,118572.0,7.784e-05,1.0,8.0,0.0,9.864340000000001e-05,8.0,8.0,0.086,BTC,True,True,0.8945934611179194,-2.080340000000001e-05
2025-10-02 00:00:00+00:00,118552.0,118397.0,118573.0,118435.0,0.0001,1.0,8.0,0.013,7.088790000000001e-05,8.0,8.0,0.063,BTC,True,True,1.7712177168071834,2.9112099999999995e-05
2025-10-02 08:00:00+00:00,118444.1,118635.4,118435.0,119890.0,9.543e-05,1.0,8.0,0.0,9.118780000000001e-05,8.0,8.0,0.057,BTC,True,True,-0.7683244325463213,4.242199999999991e-06
2025-10-02 16:00:00+00:00,119875.1,119694.0,119890.0,120516.0,9.926e-05,1.0,8.0,0.006,0.0001,8.0,8.0,0.095,BTC,True,True,1.242883140137456,-7.400000000000099e-07
2025-10-03 00:00:00+00:00,120481.3,120097.1,120516.0,119647.0,0.0001,1.0,8.0,0.006,0.0001,8.0,8.0,0.071,BTC,True,True,2.8797003318955627,0.0
2025-10-03 08:00:00+00:00,119620.1,120007.0,119647.0,122321.0,0.0001,1.0,8.0,0.0,0.0001,8.0,8.0,0.073,BTC,True,True,2.248533134169014,0.0
2025-10-03 16:00:00+00:00,122238.5,122527.1,122321.0,122266.0,0.0001,1.0,8.0,0.001,0.0001,8.0,8.0,0.197,BTC,True,True,6.746824648354887,0.0
2025-10-04 00:00:00+00:00,122182.6,122076.4,122268.0,122364.0,0.0001,1.0,8.0,0.0,0.0001,8.0,8.0,0.112,BTC,True,True,6.987097063726584,0.0
2025-10-04 08:00:00+00:00,122271.4,122226.2,122364.0,121844.0,8.312e-05,1.0,8.0,0.0,0.0001,8.0,8.0,0.06,BTC,True,True,7.570450100236403,-1.688e-05
2025-10-04 16:00:00+00:00,121744.8,121668.5,121844.0,122455.0,8.648e-05,1.0,8.0,0.0,0.0001,8.0,8.0,0.101,BTC,True,True,8.144874106201197,-1.3520000000000006e-05
2025-10-05 00:00:00+00:00,122343.2,122112.5,122456.0,124786.0,0.0001,1.0,8.0,0.003,0.0002156633,8.0,8.0,0.084,BTC,True,True,9.215717043469297,-0.00011566329999999999
2025-10-05 08:00:00+00:00,124692.5,124580.9,124786.0,122889.0,9.566e-05,1.0,8.0,0.009,0.00015658449999999998,8.0,8.0,0.121,BTC,True,True,7.495636247428561,-6.092449999999998e-05
2025-10-05 16:00:00+00:00,122752.9,123210.1,122888.0,123570.0,7.672e-05,1.0,8.0,0.004,0.0001499364,8.0,8.0,0.108,BTC,True,True,10.999797967038615,-7.321640000000001e-05
2025-10-06 00:00:00+00:00,123426.7,123295.8,123570.0,123474.0,9.708e-05,1.0,8.0,0.002,0.0002528558,8.0,8.0,0.111,BTC,True,True,11.603395193386406,-0.00015577580000000003
2025-10-06 08:00:00+00:00,123332.4,123800.0,123474.0,125084.0,5.831e-05,1.0,8.0,0.004,0.0001808058,8.0,8.0,0.074,BTC,True,True,11.474582145082898,-0.0001224958
2025-10-06 16:00:00+00:00,124946.2,125417.8,125083.0,124711.0,0.0001,1.0,8.0,0.0,0.0001944274,8.0,8.0,0.087,BTC,True,True,10.942722982013057,-9.44274e-05
2025-10-07 00:00:00+00:00,124628.6,124850.3,124711.0,123727.0,8.608e-05,1.0,8.0,0.003,0.0001,8.0,8.0,0.064,BTC,True,True,6.609459788955047,-1.3920000000000002e-05
2025-10-07 08:00:00+00:00,123627.1,123813.1,123726.0,121971.0,6.194e-05,1.0,8.0,0.0,0.0001424432,8.0,8.0,0.138,BTC,True,True,7.996665921733642,-8.05032e-05
2025-10-07 16:00:00+00:00,121788.2,121621.5,121974.0,121401.0,2.542e-05,1.0,8.0,0.0,0.00014055290000000001,8.0,8.0,0.098,BTC,True,True,15.24436815731414,-0.00011513290000000002
2025-10-08 00:00:00+00:00,121286.6,121868.9,121400.0,121655.0,0.0001,1.0,8.0,0.006,0.0001,8.0,8.0,0.133,BTC,True,True,9.345386869589786,0.0
2025-10-08 08:00:00+00:00,121550.5,122332.6,121655.0,122242.0,5.396e-05,1.0,8.0,0.002,0.0001246583,8.0,8.0,0.119,BTC,True,True,8.593556184463267,-7.06983e-05
2025-10-08 16:00:00+00:00,122140.1,122999.9,122243.0,123385.0,1.344e-05,1.0,8.0,0.001,0.0001052952,8.0,8.0,0.105,BTC,True,True,8.421204746245227,-9.18552e-05
2025-10-09 00:00:00+00:00,123237.4,122782.0,123384.0,121922.0,5.35e-05,1.0,8.0,0.0,0.00010524860000000001,8.0,8.0,0.11,BTC,True,True,11.888669618055042,-5.174860000000001e-05
2025-10-09 08:00:00+00:00,121847.8,121202.4,121922.0,121187.0,1.455e-05,1.0,8.0,0.0,0.0001,8.0,8.0,0.074,BTC,True,True,6.0877108067979435,-8.545e-05
2025-10-09 16:00:00+00:00,121079.4,119752.1,121187.0,121615.0,7.85e-06,1.0,8.0,0.005,6.84019e-05,8.0,8.0,0.084,BTC,True,True,8.882784164461933,-6.0551900000000006e-05
2025-10-10 00:00:00+00:00,121579.4,121682.2,121615.0,120868.0,3.879e-05,1.0,8.0,0.002,-7.762799999999996e-06,8.0,8.0,0.082,BTC,True,True,2.927699013981314,4.65528e-05
2025-10-10 08:00:00+00:00,120886.1,121570.5,120869.0,118984.0,1.013e-05,1.0,8.0,0.014,4.6032399999999997e-05,8.0,8.0,0.089,BTC,True,True,-1.4146547500775153,-3.59024e-05
2025-10-10 16:00:00+00:00,118965.2,118150.0,118985.0,112761.0,0.0001,1.0,8.0,0.0,0.00029657939999999997,8.0,8.0,0.084,BTC,True,True,1.664213776301891,-0.00019657939999999998
2025-10-11 00:00:00+00:00,112715.0,112463.3,112729.0,110352.0,0.0001,1.0,8.0,0.003,0.0001,8.0,8.0,0.153,BTC,True,True,1.2419935787151808,0.0
2025-10-11 08:00:00+00:00,110338.7,111273.7,110352.0,111740.0,4.67e-06,1.0,8.0,0.0,7.93558e-05,8.0,8.0,0.129,BTC,True,True,1.2053067950845815,-7.468580000000001e-05
2025-10-11 16:00:00+00:00,111744.4,111803.8,111739.0,110592.0,-3.055e-05,1.0,8.0,0.004,7.94358e-05,8.0,8.0,0.089,BTC,True,True,-0.48325736954446497,-0.0001099858
2025-10-12 00:00:00+00:00,110579.1,109600.7,110593.0,111470.0,2.865e-05,1.0,8.0,0.002,7.09339e-05,8.0,8.0,0.128,BTC,True,True,1.25693973320203,-4.2283900000000004e-05
2025-10-12 08:00:00+00:00,111463.9,111244.1,111470.0,113174.0,-0.00010915,1.0,8.0,0.0,1.8735899999999998e-05,8.0,8.0,0.058,BTC,True,True,0.5472474129363446,-0.00012788589999999998
2025-10-12 16:00:00+00:00,113119.0,113993.4,113174.0,114940.0,-3.942e-05,1.0,8.0,0.003,0.0001,8.0,8.0,0.083,BTC,True,True,4.860954698818664,-0.00013942000000000002
2025-10-13 00:00:00+00:00,114894.5,115220.0,114940.0,115402.0,2.519e-05,1.0,8.0,0.002,0.0001,8.0,8.0,0.109,BTC,True,True,3.9593708163392645,-7.481e-05
2025-10-13 08:00:00+00:00,115341.7,115193.8,115402.0,114264.0,-2.305e-05,1.0,8.0,0.003,9.28023e-05,8.0,8.0,0.097,BTC,True,True,5.226578352750542,-0.00011585230000000001
2025-10-13 16:00:00+00:00,114260.8,114596.6,114267.0,115124.0,-4.041e-05,1.0,8.0,0.0,5.80118e-05,8.0,8.0,0.054,BTC,True,True,0.5426035695884452,-9.84218e-05
2025-10-14 00:00:00+00:00,115112.0,114904.1,115124.0,111649.0,7.12e-06,1.0,8.0,0.0,-7.40769e-05,8.0,8.0,0.114,BTC,True,True,1.0424086598856859,8.11969e-05
2025-10-14 08:00:00+00:00,111665.2,111748.1,111648.0,112848.0,-4.498e-05,1.0,8.0,0.0,4.60674e-05,8.0,8.0,0.098,BTC,True,True,-1.5404373797883384,-9.10474e-05
2025-10-14 16:00:00+00:00,112822.9,112253.1,112847.0,113020.0,-5.425e-05,1.0,8.0,0.006,0.0001,8.0,8.0,0.106,BTC,True,True,2.1358630541001196,-0.00015425
2025-10-15 00:00:00+00:00,112983.9,112939.4,113020.0,112574.0,3.973e-05,1.0,8.0,0.002,0.0001,8.0,8.0,0.092,BTC,True,True,3.1946351639971198,-6.0270000000000004e-05
2025-10-15 08:00:00+00:00,112524.4,112899.9,112574.0,110800.0,2.25e-06,1.0,8.0,0.0,0.0001,8.0,8.0,0.088,BTC,True,True,4.406961649016046,-9.775e-05
2025-10-15 16:00:00+00:00,110757.4,110693.4,110793.0,110730.0,-2.741e-05,1.0,8.0,0.0,0.0001,8.0,8.0,0.091,BTC,True,True,3.2137157329797796,-0.00012741
2025-10-16 00:00:00+00:00,110699.1,110387.2,110730.0,110526.0,-2.23e-05,1.0,8.0,0.003,9.40295e-05,8.0,8.0,0.105,BTC,True,True,2.7909610977568002,-0.0001163295
2025-10-16 08:00:00+00:00,110518.2,110760.8,110526.0,108515.0,-3.004e-05,1.0,8.0,0.002,0.0001,8.0,8.0,0.082,BTC,True,True,0.7057412049942688,-0.00013004
2025-10-16 16:00:00+00:00,108473.9,109182.9,108525.0,108221.0,-2.85e-06,1.0,8.0,0.001,0.0001,8.0,8.0,0.067,BTC,True,True,4.709701380472499,-0.00010285
2025-10-17 00:00:00+00:00,108129.4,108738.1,108221.0,105589.0,-6.34e-06,1.0,8.0,0.005,0.0001,8.0,8.0,0.082,BTC,True,True,8.467745423471069,-0.00010634
2025-10-17 08:00:00+00:00,105578.3,104845.1,105589.0,106821.0,-2.91e-06,1.0,8.0,0.003,0.0001,8.0,8.0,0.12,BTC,True,True,1.0134144831285068,-0.00010291
2025-10-17 16:00:00+00:00,106750.0,106331.2,106821.0,106396.0,-4.819e-05,1.0,8.0,0.0,0.0001,8.0,8.0,0.129,BTC,True,True,6.648843018535796,-0.00014819
2025-10-18 00:00:00+00:00,106378.5,106783.0,106395.0,106649.0,-6.376e-05,1.0,8.0,0.002,0.0001,8.0,8.0,0.106,BTC,True,True,1.5509450221084693,-0.00016376
2025-10-18 08:00:00+00:00,106648.2,106663.2,106649.0,106926.0,-3.681e-05,1.0,8.0,0.001,0.0001,8.0,8.0,0.107,BTC,True,True,0.0750127052784886,-0.00013681
2025-10-18 16:00:00+00:00,106893.3,106601.3,106925.0,107143.0,-1.411e-05,1.0,8.0,0.001,0.0001,8.0,8.0,0.092,BTC,True,True,2.965134437252874,-0.00011411
2025-10-19 00:00:00+00:00,107117.5,106833.4,107143.0,106726.0,1.512e-05,1.0,8.0,0.001,7.54442e-05,8.0,8.0,0.108,BTC,True,True,2.3802800908604267,-6.032420000000001e-05
2025-10-19 08:00:00+00:00,106733.3,106401.2,106725.0,108435.0,2.787e-05,1.0,8.0,0.001,6.79593e-05,8.0,8.0,0.09,BTC,True,True,-0.7776694562063666,-4.0089299999999996e-05
2025-10-19 16:00:00+00:00,108429.6,108561.9,108436.0,108591.0,-2.197e-05,1.0,8.0,0.004,-1.2883999999999999e-05,8.0,8.0,0.081,BTC,True,True,0.5902273114641867,-9.086000000000002e-06
2025-10-20 00:00:00+00:00,108586.2,108011.1,108590.0,111161.0,-6.65e-06,1.0,8.0,0.001,5.8373200000000006e-05,8.0,8.0,0.102,BTC,True,True,0.34994626486595487,-6.50232e-05
2025-10-20 08:00:00+00:00,111126.2,111031.4,111160.0,111100.0,-1.8e-07,1.0,8.0,0.0,0.0001,8.0,8.0,0.121,BTC,True,True,3.0411244837065388,-0.00010018
2025-10-20 16:00:00+00:00,111079.2,110634.3,111099.0,110479.0,-5.567e-05,1.0,8.0,0.009,3.66077e-05,8.0,8.0,0.065,BTC,True,True,1.7823530888652839,-9.22777e-05
2025-10-21 00:00:00+00:00,110469.9,110399.0,110480.0,108019.0,2.222e-05,1.0,8.0,0.0,7.1242e-06,8.0,8.0,0.118,BTC,True,True,0.914234404001105,1.50958e-05
2025-10-21 08:00:00+00:00,108019.9,107649.7,108019.0,113386.0,-2.506e-05,1.0,8.0,0.0,8.25192e-05,8.0,8.0,0.096,BTC,True,True,-0.08331832831941317,-0.0001075792
2025-10-21 16:00:00+00:00,113355.2,112507.2,113386.0,108245.0,-4.212e-05,1.0,8.0,0.004,-3.18999e-05,8.0,8.0,0.08,BTC,True,True,2.716753742984347,-1.02201e-05
2025-10-22 00:00:00+00:00,108253.8,107930.1,108246.0,108289.0,2.445e-05,1.0,8.0,0.0,9.504400000000001e-05,8.0,8.0,0.081,BTC,True,True,-0.7205549384686859,-7.059400000000001e-05
2025-10-22 08:00:00+00:00,108284.1,108171.2,108288.0,108391.0,5.702e-05,1.0,8.0,0.0,7.07441e-05,8.0,8.0,0.074,BTC,True,True,0.3601571948013716,-1.3724100000000006e-05
2025-10-22 16:00:00+00:00,108369.8,108177.4,108390.0,107528.0,8.911e-05,1.0,8.0,0.0,9.501090000000001e-05,8.0,8.0,0.089,BTC,True,True,1.8638142366313113,-5.900900000000003e-06
2025-10-23 00:00:00+00:00,107532.1,107815.7,107528.0,109289.0,2.673e-05,1.0,8.0,0.001,0.0001,8.0,8.0,0.069,BTC,True,True,-0.3812887653736682,-7.327000000000001e-05
2025-10-23 08:00:00+00:00,109228.6,109459.3,109289.0,109910.0,3.933e-05,1.0,8.0,0.004,0.0001,8.0,8.0,0.077,BTC,True,True,5.5281589710120205,-6.067000000000001e-05
2025-10-23 16:00:00+00:00,109849.0,110197.8,109909.0,110063.0,3.391e-05,1.0,8.0,0.0,0.0001,8.0,8.0,0.111,BTC,True,True,5.460552197497105,-6.609000000000001e-05
2025-10-24 00:00:00+00:00,110026.0,110443.1,110062.0,111072.0,1.783e-05,1.0,8.0,0.0,0.0001,8.0,8.0,0.077,BTC,True,True,3.2714187344207,-8.217000000000001e-05
2025-10-24 08:00:00+00:00,111013.7,111045.8,111071.0,110109.0,3.224e-05,1.0,8.0,0.009,0.0001,8.0,8.0,0.171,BTC,True,True,5.160193500179661,-6.776e-05
2025-10-24 16:00:00+00:00,110009.9,110222.3,110110.0,111060.0,5.02e-05,1.0,8.0,0.0,0.0001,8.0,8.0,0.052,BTC,True,True,9.095043828406128,-4.9800000000000004e-05
2025-10-25 00:00:00+00:00,110965.4,110720.7,111060.0,111551.0,1.484e-05,1.0,8.0,0.001,0.0001,8.0,8.0,0.085,BTC,True,True,8.521548050324375,-8.516e-05
2025-10-25 08:00:00+00:00,111445.5,111716.0,111552.0,111396.0,5.57e-05,1.0,8.0,0.001,0.0001,8.0,8.0,0.058,BTC,True,True,9.551677314505158,-4.4300000000000006e-05
2025-10-25 16:00:00+00:00,111341.0,111323.4,111396.0,111683.0,1.903e-05,1.0,8.0,0.001,0.0001,8.0,8.0,0.073,BTC,True,True,4.938559926536494,-8.097e-05
2025-10-26 00:00:00+00:00,111589.4,111654.4,111683.0,111756.0,5.35e-06,1.0,8.0,0.001,0.0001,8.0,8.0,0.133,BTC,True,True,8.384377601820471,-9.465000000000001e-05
2025-10-26 08:00:00+00:00,111672.9,111716.2,111755.0,113734.0,6.904e-05,1.0,8.0,0.0,0.0001,8.0,8.0,0.084,BTC,True,True,7.349127275078811,-3.096e-05
2025-10-26 16:00:00+00:00,113648.0,113463.3,113734.0,114601.0,0.0001,1.0,8.0,0.0,0.0001,8.0,8.0,0.074,BTC,True,True,7.5643634149342756,0.0
2025-10-27 00:00:00+00:00,114497.9,114705.0,114600.0,115566.0,0.0001,1.0,8.0,0.005,0.00017603809999999998,8.0,8.0,0.08,BTC,True,True,8.913220658896327,-7.603809999999997e-05
2025-10-27 08:00:00+00:00,115522.4,114990.2,115567.0,114992.0,7.304e-05,1.0,8.0,0.0,0.0001,8.0,8.0,0.132,BTC,True,True,3.859978047783983,-2.696e-05
2025-10-27 16:00:00+00:00,114914.5,115438.1,114993.0,114111.0,6.059e-05,1.0,8.0,0.0,0.0001,8.0,8.0,0.078,BTC,True,True,6.828833600519058,-3.9410000000000004e-05
2025-10-28 00:00:00+00:00,114064.2,113921.6,114110.0,114170.0,7.806e-05,1.0,8.0,0.0,0.0001,8.0,8.0,0.074,BTC,True,True,4.014476712537562,-2.194000000000001e-05
2025-10-28 08:00:00+00:00,114128.8,114370.5,114170.0,114640.0,2.992e-05,1.0,8.0,0.004,0.0001,8.0,8.0,0.109,BTC,True,True,3.609305037719736,-7.008e-05
2025-10-28 16:00:00+00:00,114571.7,115296.1,114641.0,112864.0,-3.2e-07,1.0,8.0,0.004,0.0001,8.0,8.0,0.102,BTC,True,True,6.046785549977041,-0.00010032
2025-10-29 00:00:00+00:00,112833.5,112382.5,112864.0,113569.0,3.588e-05,1.0,8.0,0.005,0.0001,8.0,8.0,0.077,BTC,True,True,2.7027326563791716,-6.412e-05
2025-10-29 08:00:00+00:00,113512.0,113005.4,113569.0,111510.0,5.003e-05,1.0,8.0,0.0,0.0001,8.0,8.0,0.098,BTC,True,True,5.020235175741443,-4.9970000000000004e-05
2025-10-29 16:00:00+00:00,111460.7,111060.0,111510.0,110102.0,1.097e-05,1.0,8.0,0.004,0.0001049792,8.0,8.0,0.196,BTC,True,True,4.422105756799379,-9.40092e-05
2025-10-30 00:00:00+00:00,109985.6,110496.3,110102.0,111430.0,3.449e-05,1.0,8.0,0.008,0.0001243237,8.0,8.0,0.122,BTC,True,True,10.577607357517902,-8.983369999999999e-05
2025-10-30 08:00:00+00:00,111313.6,110649.6,111430.0,107752.0,3.562e-05,1.0,8.0,0.001,0.0001,8.0,8.0,0.048,BTC,True,True,10.45147969195377,-6.438e-05
2025-10-30 16:00:00+00:00,107670.5,108100.0,107753.0,108360.0,2.13e-06,1.0,8.0,0.0,0.0001,8.0,8.0,0.092,BTC,True,True,7.659331877277306,-9.787000000000001e-05
2025-10-31 00:00:00+00:00,108263.6,109276.3,108361.0,109450.0,0.0001,1.0,8.0,0.008,0.0001,8.0,8.0,0.105,BTC,True,True,8.992515768160304,0.0
2025-10-31 08:00:00+00:00,109400.0,110013.0,109450.0,110199.0,0.0001,1.0,8.0,0.007,0.0001,8.0,8.0,0.145,BTC,True,True,4.569339809910477,0.0
2025-10-31 16:00:00+00:00,110160.1,108812.9,110198.0,109587.0,0.0001,1.0,8.0,0.001,0.0001,8.0,8.0,0.089,BTC,True,True,3.4398554329246354,0.0
2025-11-01 00:00:00+00:00,109557.2,109689.7,109587.0,110076.0,0.0001,1.0,8.0,0.0,0.0001,8.0,8.0,0.108,BTC,True,True,2.719670443815351,0.0
2025-11-01 08:00:00+00:00,110025.3,110200.3,110076.0,110308.0,9.782e-05,1.0,8.0,0.0,0.0001,8.0,8.0,0.106,BTC,True,True,4.606969690475231,-2.1800000000000096e-06
2025-11-01 16:00:00+00:00,110253.1,110413.7,110308.0,110120.0,8.2e-05,1.0,8.0,0.007,0.0001,8.0,8.0,0.116,BTC,True,True,4.978212489308981,-1.8000000000000004e-05
2025-11-02 00:00:00+00:00,110047.3,109932.3,110120.0,110896.0,8.15e-05,1.0,8.0,0.0,0.0001,8.0,8.0,0.099,BTC,True,True,6.604069054964557,-1.8500000000000002e-05
2025-11-02 08:00:00+00:00,110844.0,110805.7,110897.0,110092.0,5.635e-05,1.0,8.0,0.001,0.0001,8.0,8.0,0.057,BTC,True,True,4.780351942968212,-4.3650000000000004e-05
2025-11-02 16:00:00+00:00,110066.2,110068.1,110092.0,110529.0,6.098e-05,1.0,8.0,0.0,0.0001,8.0,8.0,0.127,BTC,True,True,2.3437691730867805,-3.902e-05
2025-11-03 00:00:00+00:00,110494.9,109700.1,110528.0,107456.0,6.853e-05,1.0,8.0,0.01,9.81615e-05,8.0,8.0,0.081,BTC,True,True,2.995164776812757,-2.963150000000001e-05
2025-11-03 08:00:00+00:00,107420.6,107548.6,107455.0,105676.0,5.329e-05,1.0,8.0,0.0,9.164150000000001e-05,8.0,8.0,0.073,BTC,True,True,3.201852634164161,-3.835150000000001e-05
2025-11-03 16:00:00+00:00,105718.8,106644.0,105675.0,106527.0,0.0001,1.0,8.0,0.002,9.11044e-05,8.0,8.0,0.094,BTC,True,True,-4.143924810168559,8.895600000000003e-06
2025-11-04 00:00:00+00:00,106544.0,106428.8,106528.0,104439.0,5.808e-05,1.0,8.0,0.004,5.5936e-05,8.0,8.0,0.074,BTC,True,True,-1.5018397565212158,2.1439999999999984e-06
2025-11-04 08:00:00+00:00,104442.9,104018.4,104440.0,103159.0,6.339e-05,1.0,8.0,0.0,8.23464e-05,8.0,8.0,0.077,BTC,True,True,-0.2776675352732018,-1.89564e-05
2025-11-04 16:00:00+00:00,103157.7,102227.4,103161.0,101460.0,7.132e-05,1.0,8.0,0.0,0.0001,8.0,8.0,0.105,BTC,True,True,0.31989344642938145,-2.8680000000000003e-05
2025-11-05 00:00:00+00:00,101450.2,100522.9,101462.0,101994.0,2.831e-05,1.0,8.0,0.0,0.0001,8.0,8.0,0.095,BTC,True,True,1.163064617436032,-7.169000000000001e-05
2025-11-05 08:00:00+00:00,101946.2,101650.8,101994.0,103751.0,2.816e-05,1.0,8.0,0.004,0.0001,8.0,8.0,0.088,BTC,True,True,4.687648720095154,-7.184e-05
2025-11-05 16:00:00+00:00,103668.2,103865.0,103751.0,103925.0,3.985e-05,1.0,8.0,0.001,0.0001,8.0,8.0,0.097,BTC,True,True,7.983832200508015,-6.0150000000000005e-05
2025-11-06 00:00:00+00:00,103837.0,103631.5,103925.0,103192.0,7.916e-05,1.0,8.0,0.0,0.0001,8.0,8.0,0.131,BTC,True,True,8.471232011872964,-2.084000000000001e-05
2025-11-06 08:00:00+00:00,103138.6,103161.2,103192.0,101992.0,4.494e-05,1.0,8.0,0.001,0.0001,8.0,8.0,0.14,BTC,True,True,5.176159153539852,-5.5060000000000005e-05
2025-11-06 16:00:00+00:00,101981.6,100830.6,101992.0,101313.0,4.705e-05,1.0,8.0,0.005,6.978090000000001e-05,8.0,8.0,0.115,BTC,True,True,1.0197398103495705,-2.273090000000001e-05
2025-11-07 00:00:00+00:00,101305.6,101434.5,101312.0,101997.0,4.227e-05,1.0,8.0,0.003,9.894750000000001e-05,8.0,8.0,0.072,BTC,True,True,0.6317318931932328,-5.667750000000001e-05
2025-11-07 08:00:00+00:00,101978.2,101461.8,101997.0,100773.0,8.631e-05,1.0,8.0,0.005,6.68069e-05,8.0,8.0,0.135,BTC,True,True,1.8433613550306018,1.95031e-05
2025-11-07 16:00:00+00:00,100758.0,101128.4,100774.0,103300.0,7.776e-05,1.0,8.0,0.011,0.0001,8.0,8.0,0.141,BTC,True,True,1.5878371706352847,-2.2240000000000004e-05
2025-11-08 00:00:00+00:00,103305.3,102674.6,103301.0,102312.0,3.047e-05,1.0,8.0,0.015,6.287650000000001e-05,8.0,8.0,0.085,BTC,True,True,-0.4162506177813526,-3.240650000000001e-05
2025-11-08 08:00:00+00:00,102302.8,102392.1,102311.0,101676.0,3.74e-05,1.0,8.0,0.001,5.1848700000000004e-05,8.0,8.0,0.091,BTC,True,True,0.8015099670101419,-1.4448700000000003e-05
2025-11-08 16:00:00+00:00,101678.1,101808.9,101676.0,102269.0,-1.64e-05,1.0,8.0,0.004,7.71177e-05,8.0,8.0,0.1,BTC,True,True,-0.20653628326917578,-9.351769999999999e-05
2025-11-09 00:00:00+00:00,102269.3,101749.9,102269.0,101898.0,4.187e-05,1.0,8.0,0.0,1.4206100000000001e-05,8.0,8.0,0.185,BTC,True,True,-0.029334359384509557,2.7663899999999998e-05
2025-11-09 08:00:00+00:00,101898.3,101938.3,101898.0,103752.0,8.948e-05,1.0,8.0,0.005,7.13156e-05,8.0,8.0,0.061,BTC,True,True,-0.029441162572702052,1.81644e-05
2025-11-09 16:00:00+00:00,103715.8,103814.8,103749.0,104753.0,8.87e-05,1.0,8.0,0.0,0.0001,8.0,8.0,0.109,BTC,True,True,3.2005429627959376,-1.1300000000000004e-05
2025-11-10 00:00:00+00:00,104670.7,106268.0,104748.0,106500.0,7.355e-05,1.0,8.0,0.0,0.0001,8.0,8.0,0.076,BTC,True,True,7.382340116775175,-2.6450000000000006e-05
2025-11-10 08:00:00+00:00,106417.6,105931.2,106501.0,105081.0,4.979e-05,1.0,8.0,0.003,0.0001,8.0,8.0,0.131,BTC,True,True,7.8339801469002355,-5.021e-05
2025-11-10 16:00:00+00:00,105028.9,105189.2,105082.0,106015.0,2.818e-05,1.0,8.0,0.007,0.0001,8.0,8.0,0.074,BTC,True,True,5.054473721304432,-7.182e-05
2025-11-11 00:00:00+00:00,105966.3,106100.0,106016.0,104745.0,-2.775e-05,1.0,8.0,0.0,0.0001,8.0,8.0,0.153,BTC,True,True,4.689070824370515,-0.00012775000000000002
2025-11-11 08:00:00+00:00,104737.1,105110.5,104744.0,103455.0,5.823e-05,1.0,8.0,0.009,0.0001,8.0,8.0,0.061,BTC,True,True,0.6587706482815436,-4.177e-05
2025-11-11 16:00:00+00:00,103417.2,103366.6,103455.0,103034.0,2.462e-05,1.0,8.0,0.0,0.0001,8.0,8.0,0.096,BTC,True,True,3.6544301670969603,-7.538e-05
2025-11-12 00:00:00+00:00,103005.8,102838.4,103033.0,103110.0,6.87e-06,1.0,8.0,0.002,0.0001,8.0,8.0,0.123,BTC,True,True,2.6402794190233387,-9.313e-05
2025-11-12 08:00:00+00:00,103066.7,104100.0,103110.0,102169.0,5.786e-05,1.0,8.0,0.0,0.0001,8.0,8.0,0.063,BTC,True,True,4.2002806948213545,-4.2140000000000006e-05
2025-11-12 16:00:00+00:00,102124.9,101393.1,102168.0,101623.0,1.077e-05,1.0,8.0,0.002,0.0001,8.0,8.0,0.057,BTC,True,True,4.219432064398698,-8.923000000000001e-05
2025-11-13 00:00:00+00:00,101605.8,101813.1,101624.0,103451.0,9.352e-05,1.0,8.0,0.0,0.0001,8.0,8.0,0.079,BTC,True,True,1.7910759198359145,-6.480000000000006e-06
2025-11-13 08:00:00+00:00,103430.9,103635.1,103451.0,101351.0,7.448e-05,1.0,8.0,0.001,0.0001,8.0,8.0,0.092,BTC,True,True,1.9431376126422417,-2.552e-05
2025-11-13 16:00:00+00:00,101338.0,100580.2,101350.0,99735.0,8.569e-05,1.0,8.0,0.0,9.01114e-05,8.0,8.0,0.13,BTC,True,True,1.1840858870807696,-4.421400000000005e-06
2025-11-14 00:00:00+00:00,99654.3,98941.0,99735.0,97151.0,9.126e-05,1.0,8.0,0.0,0.0001,8.0,8.0,0.098,BTC,True,True,8.09471766102996,-8.740000000000001e-06
2025-11-14 08:00:00+00:00,97099.9,97333.2,97150.0,96800.0,9.078e-05,1.0,8.0,0.001,0.0001,8.0,8.0,0.137,BTC,True,True,5.1583039281762,-9.22000000000001e-06
2025-11-14 16:00:00+00:00,96752.7,96972.5,96800.0,94634.0,8.507e-05,1.0,8.0,0.005,0.00010243060000000001,8.0,8.0,0.091,BTC,True,True,4.8875578528834,-1.736060000000001e-05
2025-11-15 00:00:00+00:00,94544.9,95120.0,94633.0,96352.0,0.0001,1.0,8.0,0.0,0.0001,8.0,8.0,0.133,BTC,True,True,9.313985023506135,0.0
2025-11-15 08:00:00+00:00,96289.3,95878.8,96352.0,96283.0,5.923e-05,1.0,8.0,0.001,0.0001,8.0,8.0,0.102,BTC,True,True,6.509507796512649,-4.0770000000000004e-05
2025-11-15 16:00:00+00:00,96222.1,96111.4,96284.0,95592.0,7.745e-05,1.0,8.0,0.001,0.0001,8.0,8.0,0.109,BTC,True,True,6.430965266382657,-2.2550000000000006e-05
2025-11-16 00:00:00+00:00,95560.4,95327.0,95593.0,96100.0,0.0001,1.0,8.0,0.0,0.0001,8.0,8.0,0.087,BTC,True,True,3.410873185208231,0.0
2025-11-16 08:00:00+00:00,96064.8,96083.5,96100.0,94589.0,7.06e-05,1.0,8.0,0.0,0.0001,8.0,8.0,0.119,BTC,True,True,3.6635221844670287,-2.940000000000001e-05
2025-11-16 16:00:00+00:00,94531.2,94185.4,94589.0,94291.0,0.0001,1.0,8.0,0.003,0.0001,8.0,8.0,0.068,BTC,True,True,6.112514876743738,0.0
2025-11-17 00:00:00+00:00,94221.7,95254.4,94291.0,95678.0,9.568e-05,1.0,8.0,0.003,0.0001,8.0,8.0,0.122,BTC,True,True,7.352290123875203,-4.319999999999999e-06
2025-11-17 08:00:00+00:00,95587.9,95577.3,95678.0,94013.0,7.208e-05,1.0,8.0,0.0,0.0001,8.0,8.0,0.091,BTC,True,True,9.421439646551699,-2.7920000000000004e-05
2025-11-17 16:00:00+00:00,93915.8,94267.0,94014.0,92272.0,0.0001,1.0,8.0,0.002,0.0001247891,8.0,8.0,0.074,BTC,True,True,10.450711801706968,-2.478909999999999e-05
2025-11-18 00:00:00+00:00,92169.8,92120.2,92273.0,90516.0,0.0001,1.0,8.0,0.004,0.0001,8.0,8.0,0.106,BTC,True,True,11.190462383944396,0.0
2025-11-18 08:00:00+00:00,90459.2,91179.9,90516.0,92943.0,3.725e-05,1.0,8.0,0.0,0.0001,8.0,8.0,0.075,BTC,True,True,6.2771033672051235,-6.275000000000001e-05
2025-11-18 16:00:00+00:00,92851.5,93447.3,92943.0,92972.0,7.496e-05,1.0,8.0,0.0,0.0001,8.0,8.0,0.03,BTC,True,True,9.849592684104671,-2.5040000000000004e-05
2025-11-19 00:00:00+00:00,92916.8,92377.6,92973.0,91874.0,5.012e-05,1.0,8.0,0.0,0.0001,8.0,8.0,0.092,BTC,True,True,6.046593380841039,-4.9880000000000004e-05
2025-11-19 08:00:00+00:00,91826.6,91435.4,91874.0,89939.0,3.98e-05,1.0,8.0,0.008,0.0001,8.0,8.0,0.095,BTC,True,True,5.160571174175725,-6.0200000000000006e-05
2025-11-19 16:00:00+00:00,89901.0,89863.2,89938.0,91554.0,4.259e-05,1.0,8.0,0.0,0.0001,8.0,8.0,0.08,BTC,True,True,4.114791621623201,-5.741000000000001e-05
2025-11-20 00:00:00+00:00,91509.0,91850.1,91554.0,92324.0,0.0001,1.0,8.0,0.0,0.0001,8.0,8.0,0.114,BTC,True,True,4.916340375324179,0.0
2025-11-20 08:00:00+00:00,92267.5,92082.3,92325.0,89880.0,8.999e-05,1.0,8.0,0.0,0.0001,8.0,8.0,0.112,BTC,True,True,6.229939121009255,-1.0010000000000007e-05
2025-11-20 16:00:00+00:00,89835.5,87855.5,89880.0,86650.0,4.272e-05,1.0,8.0,0.001,0.0001,8.0,8.0,0.129,BTC,True,True,4.952271886338053,-5.728000000000001e-05
2025-11-21 00:00:00+00:00,86601.4,87249.9,86650.0,84030.0,4.524e-05,1.0,8.0,0.0,0.0001,8.0,8.0,0.169,BTC,True,True,5.610344421433122,-5.4760000000000004e-05
2025-11-21 08:00:00+00:00,84006.7,83609.6,84027.0,82898.0,2.642e-05,1.0,8.0,0.001,0.0001,8.0,8.0,0.102,BTC,True,True,2.4161820038206545,-7.358000000000001e-05
2025-11-21 16:00:00+00:00,82905.0,84883.1,82898.0,85111.0,1.373e-05,1.0,8.0,0.004,0.0001,8.0,8.0,0.093,BTC,True,True,-0.8443755546228193,-8.627e-05
2025-11-22 00:00:00+00:00,85093.6,84695.1,85112.0,84547.0,6.735e-05,1.0,8.0,0.0,7.61676e-05,8.0,8.0,0.083,BTC,True,True,2.1620910324533074,-8.817600000000009e-06
2025-11-22 08:00:00+00:00,84537.4,83979.3,84547.0,84245.0,5.057e-05,1.0,8.0,0.0,7.97947e-05,8.0,8.0,0.092,BTC,True,True,1.1355275838945444,-2.9224699999999998e-05
2025-11-22 16:00:00+00:00,84239.9,84659.7,84245.0,84711.0,3.812e-05,1.0,8.0,0.0,0.0001,8.0,8.0,0.085,BTC,True,True,0.6053954985354517,-6.188e-05
2025-11-23 00:00:00+00:00,84689.4,84929.1,84711.0,85752.0,1.53e-06,1.0,8.0,0.008,9.91402e-05,8.0,8.0,0.093,BTC,True,True,2.550171087796536,-9.761020000000001e-05
2025-11-23 08:00:00+00:00,85732.1,86100.0,85747.0,87060.0,-8.93e-06,1.0,8.0,0.003,0.0001,8.0,8.0,0.097,BTC,True,True,1.7378211149345768,-0.00010893
2025-11-23 16:00:00+00:00,87042.8,86647.4,87061.0,86807.0,-6e-08,1.0,8.0,0.004,5.89221e-05,8.0,8.0,0.083,BTC,True,True,2.090706815851763,-5.8982100000000006e-05
2025-11-24 00:00:00+00:00,86807.6,86701.8,86807.0,86996.0,-1.34e-06,1.0,8.0,0.0,-1.5889e-05,8.0,8.0,0.067,BTC,True,True,-0.0691186109932125,1.4548999999999999e-05
2025-11-24 08:00:00+00:00,87004.6,86916.5,86995.0,86621.0,5.044e-05,1.0,8.0,0.006,6.94013e-05,8.0,8.0,0.056,BTC,True,True,-1.1034508136506054,-1.8961300000000004e-05
2025-11-24 16:00:00+00:00,86571.1,87123.2,86622.0,88232.0,-5.29e-05,1.0,8.0,0.0,-5.40335e-05,8.0,8.0,0.134,BTC,True,True,5.877832484717424,1.1334999999999985e-06
2025-11-25 00:00:00+00:00,88247.1,88057.9,88233.0,87346.0,1.996e-05,1.0,8.0,0.009,-6.50208e-05,8.0,8.0,0.065,BTC,True,True,-1.5979138758433244,8.498079999999999e-05
2025-11-25 08:00:00+00:00,87362.2,86978.6,87346.0,86944.0,-3.019e-05,1.0,8.0,0.007,3.42992e-05,8.0,8.0,0.083,BTC,True,True,-1.8545208577993526,-6.44892e-05
2025-11-25 16:00:00+00:00,86946.6,87081.0,86945.0,87332.0,4.038e-05,1.0,8.0,0.001,7.00584e-05,8.0,8.0,0.203,BTC,True,True,-0.1840226900033991,-2.9678399999999997e-05
2025-11-26 00:00:00+00:00,87324.1,87536.7,87331.0,87914.0,5.388e-05,1.0,8.0,0.001,8.60835e-05,8.0,8.0,0.098,BTC,True,True,0.7901286596938917,-3.2203500000000004e-05
2025-11-26 08:00:00+00:00,87896.2,87380.6,87908.0,86936.0,-4.19e-06,1.0,8.0,0.0,9.35698e-05,8.0,8.0,0.1,BTC,True,True,1.3424025157208694,-9.77598e-05
2025-11-26 16:00:00+00:00,86926.3,87778.9,86935.0,90420.0,-2.599e-05,1.0,8.0,0.013,-1.9180899999999998e-05,8.0,8.0,0.073,BTC,True,True,1.0007977631888554,-6.809100000000002e-06
2025-11-27 00:00:00+00:00,90438.0,90426.6,90421.0,91370.0,2.408e-05,1.0,8.0,0.0,2.1139200000000003e-05,8.0,8.0,0.09,BTC,True,True,-1.879917510333363,2.9407999999999973e-06
2025-11-27 08:00:00+00:00,91361.4,91440.2,91371.0,90916.0,4.624e-05,1.0,8.0,0.004,2.93451e-05,8.0,8.0,0.129,BTC,True,True,1.0507167868245542,1.6894899999999996e-05
2025-11-27 16:00:00+00:00,90913.0,91410.1,90916.0,91310.0,1.771e-05,1.0,8.0,0.008,8.15375e-05,8.0,8.0,0.068,BTC,True,True,0.3299803661978455,-6.382749999999999e-05
2025-11-28 00:00:00+00:00,91292.2,91173.3,91310.0,90893.0,6.007e-05,1.0,8.0,0.0,9.06761e-05,8.0,8.0,0.102,BTC,True,True,1.9495931655139023,-3.0606100000000005e-05
2025-11-28 08:00:00+00:00,90870.2,91649.9,90893.0,92312.0,-1.703e-05,1.0,8.0,0.008,0.0001,8.0,8.0,0.055,BTC,True,True,2.508758661774426,-0.00011703000000000001
2025-11-28 16:00:00+00:00,92299.8,90880.1,92311.0,90842.0,-1.982e-05,1.0,8.0,0.0,-3.564899999999999e-06,8.0,8.0,0.074,BTC,True,True,1.2133634666811757,-1.62551e-05
2025-11-29 00:00:00+00:00,90847.8,90837.5,90842.0,90523.0,1.778e-05,1.0,8.0,0.005,4.648e-06,8.0,8.0,0.146,BTC,True,True,-0.6384508103338483,1.3131999999999999e-05
2025-11-29 08:00:00+00:00,90523.4,90592.6,90523.0,91024.0,2.635e-05,1.0,8.0,0.001,3.59078e-05,8.0,8.0,0.053,BTC,True,True,-0.04418756738567253,-9.557800000000002e-06
2025-11-29 16:00:00+00:00,91030.0,90962.1,91024.0,90768.0,6.082e-05,1.0,8.0,0.003,8.15834e-05,8.0,8.0,0.109,BTC,True,True,-0.6591450890587929,-2.07634e-05
2025-11-30 00:00:00+00:00,90764.9,90853.6,90769.0,90930.0,3.556e-05,1.0,8.0,0.0,0.0001,8.0,8.0,0.09,BTC,True,True,0.45170626540775055,-6.444e-05
2025-11-30 08:00:00+00:00,90924.5,91132.5,90930.0,91400.0,3.88e-05,1.0,8.0,0.004,7.91694e-05,8.0,8.0,0.075,BTC,True,True,0.604879175568307,-4.03694e-05
2025-11-30 16:00:00+00:00,91405.9,91789.4,91399.0,90326.0,3.593e-05,1.0,8.0,0.0,7.84775e-05,8.0,8.0,0.097,BTC,True,True,-0.7549031785548769,-4.254749999999999e-05
2025-12-01 00:00:00+00:00,90320.5,86970.7,90325.0,86516.0,3.153e-05,1.0,8.0,0.004,4.3313300000000004e-05,8.0,8.0,0.076,BTC,True,True,0.49821335166623393,-1.1783300000000006e-05
2025-12-01 08:00:00+00:00,86487.3,86811.0,86516.0,84645.0,1.491e-05,1.0,8.0,0.0,4.1529299999999996e-05,8.0,8.0,0.069,BTC,True,True,3.317855817002559,-2.6619299999999998e-05
2025-12-01 16:00:00+00:00,84650.0,84540.3,84645.0,86216.0,-1.009e-05,1.0,8.0,0.004,-2.6488999999999976e-06,8.0,8.0,0.103,BTC,True,True,-0.5906848993123418,-7.441100000000002e-06
2025-12-02 00:00:00+00:00,86241.5,86472.0,86218.0,86959.0,2.643e-05,1.0,8.0,0.0,-5.8721e-05,8.0,8.0,0.104,BTC,True,True,-2.725277545794347,8.5151e-05
2025-12-02 08:00:00+00:00,86965.0,86438.0,86960.0,90800.0,3.999e-05,1.0,8.0,0.0,-4.72939e-05,8.0,8.0,0.092,BTC,True,True,-0.574960471626284,8.728389999999999e-05
2025-12-02 16:00:00+00:00,90809.2,90713.9,90800.0,91237.0,-1.732e-05,1.0,8.0,0.0,-8.108639999999999e-05,8.0,8.0,0.115,BTC,True,True,-1.013164532178307,6.376639999999999e-05
2025-12-03 00:00:00+00:00,91249.1,91620.3,91237.0,92973.0,4.206e-05,1.0,8.0,0.0,7.61704e-05,8.0,8.0,0.062,BTC,True,True,-1.3261284029565212,-3.41104e-05
2025-12-03 08:00:00+00:00,92970.0,92740.8,92974.0,92338.0,-8.85e-06,1.0,8.0,0.005,4.20566e-05,8.0,8.0,0.116,BTC,True,True,0.43023706068747297,-5.09066e-05
2025-12-03 16:00:00+00:00,92333.0,92212.4,92338.0,93395.0,-3.95e-06,1.0,8.0,0.012,0.0001,8.0,8.0,0.043,BTC,True,True,0.5415035388588104,-0.00010395
2025-12-04 00:00:00+00:00,93376.8,93013.9,93395.0,93345.0,7.435e-05,1.0,8.0,0.0,2.23199e-05,8.0,8.0,0.079,BTC,True,True,1.9489023565227503,5.203010000000001e-05
2025-12-04 08:00:00+00:00,93358.5,93220.7,93346.0,92940.0,3.928e-05,1.0,8.0,0.011,4.47392e-05,8.0,8.0,0.085,BTC,True,True,-1.3390143267759977,-5.4592000000000036e-06
2025-12-04 16:00:00+00:00,92933.4,92390.0,92939.0,92034.0,4.837e-05,1.0,8.0,0.0,6.9495e-05,8.0,8.0,0.078,BTC,True,True,0.6025639096185296,-2.1125e-05
2025-12-05 00:00:00+00:00,92034.7,92259.9,92034.0,92205.0,4.944e-05,1.0,8.0,0.0,7.22321e-05,8.0,8.0,0.066,BTC,True,True,-0.07605855857047918,-2.27921e-05
2025-12-05 08:00:00+00:00,92227.6,92080.0,92206.0,90406.0,3.91e-06,1.0,8.0,0.01,6.44938e-05,8.0,8.0,0.077,BTC,True,True,-2.342306401735806,-6.0583799999999994e-05
2025-12-05 16:00:00+00:00,90413.9,88757.5,90406.0,89294.0,3.693e-05,1.0,8.0,0.001,2.50703e-05,8.0,8.0,0.086,BTC,True,True,-0.8737976301308038,1.1859700000000001e-05
2025-12-06 00:00:00+00:00,89288.6,89382.2,89294.0,89546.0,1.919e-05,1.0,8.0,0.001,6.68597e-05,8.0,8.0,0.11,BTC,True,True,0.6047621662622359,-4.76697e-05
2025-12-06 08:00:00+00:00,89549.5,89238.3,89546.0,89712.0,-1.822e-05,1.0,8.0,0.008,3.0403699999999998e-05,8.0,8.0,0.107,BTC,True,True,-0.39085292488613466,-4.862369999999999e-05
2025-12-06 16:00:00+00:00,89713.3,89660.8,89712.0,89181.0,4.192e-05,1.0,8.0,0.0,-2.62295e-05,8.0,8.0,0.12,BTC,True,True,-0.1449071006180256,6.81495e-05
2025-12-07 00:00:00+00:00,89197.1,89354.3,89182.0,89335.0,1.666e-05,1.0,8.0,0.004,-1.6852600000000002e-05,8.0,8.0,0.147,BTC,True,True,-1.6930234580257004,3.35126e-05
2025-12-07 08:00:00+00:00,89337.1,89269.4,89336.0,89508.0,5.212e-05,1.0,8.0,0.0,-4.17397e-05,8.0,8.0,0.107,BTC,True,True,-0.12312989476529523,9.38597e-05
2025-12-07 16:00:00+00:00,89505.0,89849.3,89507.0,90344.0,-5.39e-06,1.0,8.0,0.0,-3.49422e-05,8.0,8.0,0.096,BTC,True,True,0.22344870735753755,2.9552199999999998e-05
2025-12-08 00:00:00+00:00,90345.4,90302.7,90345.0,91513.0,6.545e-05,1.0,8.0,0.0,4.6417e-06,8.0,8.0,0.152,BTC,True,True,-0.044274626654180006,6.0808300000000005e-05
2025-12-08 08:00:00+00:00,91519.8,91782.1,91513.0,89918.0,3.395e-05,1.0,8.0,0.001,2.78816e-05,8.0,8.0,0.085,BTC,True,True,-0.7430362211724261,6.068399999999998e-06
2025-12-08 16:00:00+00:00,89912.7,89929.2,89918.0,90594.0,8.52e-06,1.0,8.0,0.001,2.92e-05,8.0,8.0,0.15,BTC,True,True,0.5894432932230445,-2.0680000000000002e-05
2025-12-09 00:00:00+00:00,90610.8,90359.4,90594.0,90439.0,6.379e-05,1.0,8.0,0.001,1.08613e-05,8.0,8.0,0.09,BTC,True,True,-1.8542555217233954,5.29287e-05
2025-12-09 08:00:00+00:00,90449.9,90459.1,90439.0,92671.0,5.443e-05,1.0,8.0,0.007,5.34635e-05,8.0,8.0,0.077,BTC,True,True,-1.2051596325902028,9.664999999999983e-07
2025-12-09 16:00:00+00:00,92676.9,94146.8,92671.0,92654.0,2.777e-05,1.0,8.0,0.007,5.01884e-05,8.0,8.0,0.103,BTC,True,True,-0.6366406095762386,-2.2418400000000002e-05
2025-12-10 00:00:00+00:00,92638.3,92084.5,92655.0,92752.0,1.996e-05,1.0,8.0,0.002,9.37243e-05,8.0,8.0,0.101,BTC,True,True,1.802547641519637,-7.37643e-05
2025-12-10 08:00:00+00:00,92744.7,92565.0,92756.0,92027.0,3.205e-05,1.0,8.0,0.012,8.59073e-05,8.0,8.0,0.139,BTC,True,True,1.2183242450280365,-5.38573e-05
2025-12-10 16:00:00+00:00,92021.8,92126.7,92026.0,91961.0,2.59e-05,1.0,8.0,0.001,7.63862e-05,8.0,8.0,0.105,BTC,True,True,0.45640317360268906,-5.04862e-05
2025-12-11 00:00:00+00:00,91977.5,91350.1,91961.0,90236.0,-1.577e-05,1.0,8.0,0.0,8.072360000000001e-05,8.0,8.0,0.044,BTC,True,True,-1.7940779167224743,-9.64936e-05
2025-12-11 08:00:00+00:00,90231.3,90152.5,90236.0,89849.0,6.1e-05,1.0,8.0,0.0,0.0001,8.0,8.0,0.086,BTC,True,True,0.5208699859809578,-3.9000000000000006e-05
2025-12-11 16:00:00+00:00,89830.1,89704.2,89848.0,92481.0,6.914e-05,1.0,8.0,0.005,7.750630000000001e-05,8.0,8.0,0.102,BTC,True,True,1.9924520639099654,-8.366300000000002e-06
2025-12-12 00:00:00+00:00,92477.6,91521.0,92482.0,92413.0,4.698e-05,1.0,8.0,0.007,0.0001,8.0,8.0,0.171,BTC,True,True,0.47577957573793056,-5.3020000000000004e-05
2025-12-12 08:00:00+00:00,92389.5,92311.4,92412.0,89903.0,3.383e-05,1.0,8.0,0.002,0.0001,8.0,8.0,0.066,BTC,True,True,2.435045182119762,-6.617e-05
2025-12-12 16:00:00+00:00,89895.0,89996.8,89898.0,90228.0,1.21e-06,1.0,8.0,0.001,9.42922e-05,8.0,8.0,0.1,BTC,True,True,0.33371710803813126,-9.30822e-05
2025-12-13 00:00:00+00:00,90229.7,90276.9,90228.0,90291.0,6.02e-05,1.0,8.0,0.006,9.42593e-05,8.0,8.0,0.09,BTC,True,True,-0.18840980463032533,-3.40593e-05
2025-12-13 08:00:00+00:00,90286.0,90413.9,90291.0,90062.0,6.041e-05,1.0,8.0,0.0,0.0001,8.0,8.0,0.113,BTC,True,True,0.5537803819177356,-3.9590000000000006e-05
2025-12-13 16:00:00+00:00,90055.3,90054.0,90061.0,90222.0,0.0001,1.0,8.0,0.0,0.0001,8.0,8.0,0.137,BTC,True,True,0.6329243940611732,0.0
2025-12-14 00:00:00+00:00,90191.3,90303.5,90222.0,90210.0,2.898e-05,1.0,8.0,0.003,9.93711e-05,8.0,8.0,0.098,BTC,True,True,3.4032967964458014,-7.03911e-05
2025-12-14 08:00:00+00:00,90205.1,90072.4,90209.0,88974.0,3.773e-05,1.0,8.0,0.005,3.92792e-05,8.0,8.0,0.121,BTC,True,True,0.43233871416915376,-1.549200000000002e-06
2025-12-14 16:00:00+00:00,88985.2,88780.0,88974.0,88128.0,1.9e-06,1.0,8.0,0.0,5.69485e-05,8.0,8.0,0.088,BTC,True,True,-1.2587154825133233,-5.50485e-05
2025-12-15 00:00:00+00:00,88118.8,88414.9,88129.0,89694.0,-8.93e-06,1.0,8.0,0.0,5.71843e-05,8.0,8.0,0.082,BTC,True,True,1.1574612575459449,-6.61143e-05
2025-12-15 08:00:00+00:00,89702.9,89722.3,89694.0,87007.0,3.081e-05,1.0,8.0,0.0,-2.3125599999999998e-05,8.0,8.0,0.123,BTC,True,True,-0.9922133556705134,5.393559999999999e-05
2025-12-15 16:00:00+00:00,86996.5,86360.6,87007.0,86427.0,7.467e-05,1.0,8.0,0.002,0.0001,8.0,8.0,0.112,BTC,True,True,1.206872277021763,-2.5330000000000003e-05
2025-12-16 00:00:00+00:00,86390.0,85821.1,86427.0,85981.0,1.35e-05,1.0,8.0,0.0,0.0001,8.0,8.0,0.101,BTC,True,True,4.281986212622352,-8.65e-05
2025-12-16 08:00:00+00:00,85964.9,86236.5,85982.0,87939.0,4.089e-05,1.0,8.0,0.002,6.20806e-05,8.0,8.0,0.077,BTC,True,True,1.9889861412318306,-2.11906e-05
2025-12-16 16:00:00+00:00,87936.3,87539.0,87940.0,87814.0,6.221e-05,1.0,8.0,0.004,-5.08899e-05,8.0,8.0,0.18,BTC,True,True,0.42075026601512006,0.0001130999
2025-12-17 00:00:00+00:00,87826.3,87499.3,87814.0,87007.0,8.987e-05,1.0,8.0,0.0,-6.13063e-05,8.0,8.0,0.122,BTC,True,True,-1.4005897302731902,0.0001511763
2025-12-17 08:00:00+00:00,87010.4,86366.0,87007.0,87186.0,5.917e-05,1.0,8.0,0.0,4.80409e-05,8.0,8.0,0.083,BTC,True,True,-0.39076552119780983,1.1129099999999995e-05
2025-12-17 16:00:00+00:00,87191.0,86946.6,87188.0,86210.0,6.23e-05,1.0,8.0,0.005,8.627730000000001e-05,8.0,8.0,0.074,BTC,True,True,-0.3440781287073794,-2.3977300000000012e-05
2025-12-18 00:00:00+00:00,86201.6,86191.9,86210.0,86803.0,-8.67e-06,1.0,8.0,0.007,9.96449e-05,8.0,8.0,0.079,BTC,True,True,0.9744123952949767,-0.0001083149
2025-12-18 08:00:00+00:00,86787.5,86934.9,86802.0,88473.0,8.355e-05,1.0,8.0,0.001,9.49612e-05,8.0,8.0,0.091,BTC,True,True,1.6706079611638898,-1.1411200000000004e-05
2025-12-18 16:00:00+00:00,88480.7,87984.6,88473.0,85477.0,5.491e-05,1.0,8.0,0.0,4.40671e-05,8.0,8.0,0.08,BTC,True,True,-0.8702841483236131,1.0842900000000004e-05
2025-12-19 00:00:00+00:00,85469.8,85572.9,85477.0,87912.0,0.0001,1.0,8.0,0.001,8.90128e-05,8.0,8.0,0.067,BTC,True,True,0.8423673334931123,1.0987200000000009e-05
2025-12-19 08:00:00+00:00,87909.7,88063.2,87912.0,87913.0,0.0001,1.0,8.0,0.0,6.49073e-05,8.0,8.0,0.126,BTC,True,True,0.2616286840735466,3.5092700000000004e-05
2025-12-19 16:00:00+00:00,87925.6,87956.6,87913.0,88092.0,0.0001,1.0,8.0,0.005,-3.41009e-05,8.0,8.0,0.109,BTC,True,True,-1.4331324318523557,0.0001341009
2025-12-20 00:00:00+00:00,88100.0,87967.3,88093.0,88233.0,1.234e-05,1.0,8.0,0.0,-5.7250900000000004e-05,8.0,8.0,0.088,BTC,True,True,-0.7945832131454303,6.95909e-05
2025-12-20 08:00:00+00:00,88240.0,88217.0,88232.0,88131.0,7.171e-05,1.0,8.0,0.002,-5.9714400000000005e-05,8.0,8.0,0.16,BTC,True,True,-0.9066594140121638,0.00013142440000000002
2025-12-20 16:00:00+00:00,88134.5,88115.3,88130.0,88317.0,9.682e-05,1.0,8.0,0.0,2.27915e-05,8.0,8.0,0.121,BTC,True,True,-0.5105962914802964,7.40285e-05
2025-12-21 00:00:00+00:00,88320.7,88354.8,88317.0,88137.0,8.873e-05,1.0,8.0,0.009,5.50551e-05,8.0,8.0,0.051,BTC,True,True,-0.41893661438492613,3.36749e-05
2025-12-21 08:00:00+00:00,88138.8,88509.0,88137.0,88038.0,3.977e-05,1.0,8.0,0.0,6.97647e-05,8.0,8.0,0.104,BTC,True,True,-0.2042254240304447,-2.99947e-05
2025-12-21 16:00:00+00:00,88024.7,88309.8,88037.0,88607.0,4.389e-05,1.0,8.0,0.0,8.32207e-05,8.0,8.0,0.179,BTC,True,True,1.397237448009227,-3.93307e-05
2025-12-22 00:00:00+00:00,88621.3,88581.7,88608.0,89155.0,4.524e-05,1.0,8.0,0.005,9.49513e-05,8.0,8.0,0.079,BTC,True,True,-1.5008805005688528,-4.97113e-05
2025-12-22 08:00:00+00:00,89127.8,89297.6,89155.0,89687.0,6.654e-05,1.0,8.0,0.009,6.89915e-05,8.0,8.0,0.073,BTC,True,True,3.0513319524986007,-2.451500000000002e-06
2025-12-22 16:00:00+00:00,89688.6,89508.4,89687.0,88573.0,2.633e-05,1.0,8.0,0.0,-2.57237e-05,8.0,8.0,0.053,BTC,True,True,-0.1783966158219021,5.20537e-05
2025-12-23 00:00:00+00:00,88581.5,88731.5,88567.0,87534.0,5.231e-05,1.0,8.0,0.0,-4.061399999999998e-06,8.0,8.0,0.098,BTC,True,True,-1.6370446300569705,5.6371399999999994e-05
2025-12-23 08:00:00+00:00,87531.3,87426.8,87534.0,87426.0,1.795e-05,1.0,8.0,0.001,9.7306e-05,8.0,8.0,0.117,BTC,True,True,0.3084563303181948,-7.9356e-05
2025-12-23 16:00:00+00:00,87405.2,87959.8,87427.0,87459.0,0.0001,1.0,8.0,0.001,0.0001,8.0,8.0,0.206,BTC,True,True,2.49381980127029,0.0
2025-12-24 00:00:00+00:00,87463.1,87626.1,87459.0,86877.0,8.455e-05,1.0,8.0,0.001,9.23885e-05,8.0,8.0,0.077,BTC,True,True,-0.4687801027725375,-7.83850000000001e-06
2025-12-24 08:00:00+00:00,86868.1,86751.5,86877.0,87036.0,5.927e-05,1.0,8.0,0.0,9.81264e-05,8.0,8.0,0.087,BTC,True,True,1.0244893246235156,-3.88564e-05
2025-12-24 16:00:00+00:00,87012.0,87250.6,87036.0,87653.0,5.953e-05,1.0,8.0,0.0,0.0001,8.0,8.0,0.087,BTC,True,True,2.7578599181978527,-4.0470000000000004e-05
2025-12-25 00:00:00+00:00,87627.4,87529.9,87652.0,87808.0,7.953e-05,1.0,8.0,0.001,0.0001,8.0,8.0,0.085,BTC,True,True,2.8069470983504274,-2.047e-05
2025-12-25 08:00:00+00:00,87795.9,87546.2,87809.0,88319.0,8.322e-05,1.0,8.0,0.005,0.0001,8.0,8.0,0.102,BTC,True,True,1.4919857047614147,-1.678e-05
2025-12-25 16:00:00+00:00,88339.0,88042.0,88318.0,87200.0,4.378e-05,1.0,8.0,0.004,0.0001,8.0,8.0,0.08,BTC,True,True,-2.377488590762686,-5.622000000000001e-05
2025-12-26 00:00:00+00:00,87182.8,87084.5,87201.0,88428.0,5.427e-05,1.0,8.0,0.001,8.966530000000001e-05,8.0,8.0,0.092,BTC,True,True,2.087349864619007,-3.539530000000001e-05
2025-12-26 08:00:00+00:00,88433.0,88707.4,88427.0,87130.0,0.0001,1.0,8.0,0.007,8.5185e-05,8.0,8.0,0.164,BTC,True,True,-0.6785027708133882,1.4815e-05
2025-12-26 16:00:00+00:00,87100.0,86821.7,87131.0,87339.0,1.809e-05,1.0,8.0,0.0,0.0001,8.0,8.0,0.088,BTC,True,True,3.5584942205611996,-8.191000000000001e-05
2025-12-27 00:00:00+00:00,87318.3,87360.0,87338.0,87519.0,2.788e-05,1.0,8.0,0.0,0.0001,8.0,8.0,0.101,BTC,True,True,2.255859088224764,-7.212000000000001e-05
2025-12-27 08:00:00+00:00,87490.9,87545.6,87519.0,87519.0,5.85e-05,1.0,8.0,0.011,0.0001,8.0,8.0,0.13,BTC,True,True,3.211246934199955,-4.1500000000000006e-05
2025-12-27 16:00:00+00:00,87516.3,87454.1,87519.0,87844.0,-3.6e-07,1.0,8.0,0.008,0.0001,8.0,8.0,0.106,BTC,True,True,0.3085091978829844,-0.00010036000000000001
2025-12-28 00:00:00+00:00,87829.5,87811.7,87841.0,87708.0,7.955e-05,1.0,8.0,0.0,0.0001,8.0,8.0,0.062,BTC,True,True,1.3092693441903775,-2.045000000000001e-05
2025-12-28 08:00:00+00:00,87697.7,87771.0,87708.0,87797.0,9.464e-05,1.0,8.0,0.0,8.18405e-05,8.0,8.0,0.109,BTC,True,True,1.1744202168849067,1.2799500000000005e-05
2025-12-28 16:00:00+00:00,87797.6,87780.0,87797.0,87928.0,0.0001,1.0,8.0,0.016,9.620330000000001e-05,8.0,8.0,0.132,BTC,True,True,-0.06833923138927733,3.796699999999997e-06
2025-12-29 00:00:00+00:00,87920.4,88262.2,87927.0,89582.0,0.0001,1.0,8.0,0.001,0.0001,8.0,8.0,0.132,BTC,True,True,0.7506508487582546,0.0
2025-12-29 08:00:00+00:00,89583.0,89519.0,89582.0,87667.0,4.826e-05,1.0,8.0,0.0,7.6163e-05,8.0,8.0,0.098,BTC,True,True,-0.11162894538666293,-2.7902999999999994e-05
2025-12-29 16:00:00+00:00,87636.4,87587.0,87666.0,87228.0,0.0001,1.0,8.0,0.005,0.0001,8.0,8.0,0.075,BTC,True,True,3.3770216815410463,0.0
2025-12-30 00:00:00+00:00,87203.2,87223.2,87227.0,87482.0,4.613e-05,1.0,8.0,0.001,0.0001,8.0,8.0,0.069,BTC,True,True,2.7288852673108543,-5.3870000000000004e-05
2025-12-30 08:00:00+00:00,87457.5,87827.1,87482.0,88973.0,8.345e-05,1.0,8.0,0.003,0.0001,8.0,8.0,0.121,BTC,True,True,2.8009683530804743,-1.655000000000001e-05
2025-12-30 16:00:00+00:00,88966.8,88698.9,88973.0,88466.0,2.922e-05,1.0,8.0,0.004,9.29847e-05,8.0,8.0,0.12,BTC,True,True,0.6968648950386679,-6.37647e-05
2025-12-31 00:00:00+00:00,88455.2,88226.3,88467.0,88578.0,1.453e-05,1.0,8.0,0.001,0.0001,8.0,8.0,0.063,BTC,True,True,1.3339196570592005,-8.547e-05
2025-12-31 08:00:00+00:00,88568.9,88391.2,88579.0,87927.0,3.75e-05,1.0,8.0,0.001,0.0001,8.0,8.0,0.095,BTC,True,True,1.140290120395441,-6.25e-05
2025-12-31 16:00:00+00:00,87909.0,87625.9,87926.0,87632.0,0.0001,1.0,8.0,0.008,0.0001,8.0,8.0,0.1,BTC,True,True,1.9336309668688436,0.0
2026-01-01 00:00:00+00:00,87608.3,87773.4,87631.0,87642.0,0.0001,1.0,8.0,0.002,0.0001,8.0,8.0,0.053,BTC,True,True,2.5907430726965432,0.0
2026-01-01 08:00:00+00:00,87603.7,87741.5,87641.0,88011.0,1.711e-05,1.0,8.0,0.001,0.0001,8.0,8.0,0.101,BTC,True,True,4.256904838008631,-8.289e-05
2026-01-01 16:00:00+00:00,87986.8,87955.0,88011.0,88809.0,5.608e-05,1.0,8.0,0.006,0.0001,8.0,8.0,0.069,BTC,True,True,2.7500343927616964,-4.3920000000000006e-05
2026-01-02 00:00:00+00:00,88800.0,88794.2,88810.0,88827.0,4.219e-05,1.0,8.0,0.007,9.96813e-05,8.0,8.0,0.139,BTC,True,True,1.1260627228826434,-5.74913e-05
2026-01-02 08:00:00+00:00,88829.3,89138.2,88827.0,89366.0,4.813e-05,1.0,8.0,0.0,5.2124000000000004e-05,8.0,8.0,0.114,BTC,True,True,-0.25892692802084905,-3.994000000000003e-06
2026-01-02 16:00:00+00:00,89373.0,90334.0,89367.0,89932.0,3.11e-05,1.0,8.0,0.001,6.233699999999999e-06,8.0,8.0,0.047,BTC,True,True,-0.671366230530353,2.4866299999999996e-05
2026-01-03 00:00:00+00:00,89951.5,90114.0,89932.0,89528.0,1.055e-05,1.0,8.0,0.0,3.5525700000000004e-05,8.0,8.0,0.074,BTC,True,True,-2.1680698981709816,-2.4975700000000006e-05
2026-01-03 08:00:00+00:00,89535.9,89625.3,89529.0,89934.0,6.938e-05,1.0,8.0,0.0,9.753830000000001e-05,8.0,8.0,0.095,BTC,True,True,-0.7706702992495935,-2.8158300000000004e-05
2026-01-03 16:00:00+00:00,89931.7,90065.0,89933.0,90600.0,9.488e-05,1.0,8.0,0.0,9.58607e-05,8.0,8.0,0.128,BTC,True,True,0.1445531001935196,-9.807000000000023e-07
2026-01-04 00:00:00+00:00,90595.8,91301.4,90599.0,91494.0,5.813e-05,1.0,8.0,0.0,8.21243e-05,8.0,8.0,0.066,BTC,True,True,0.35321101933709137,-2.3994299999999995e-05
2026-01-04 08:00:00+00:00,91477.5,91325.7,91493.0,91294.0,4.436e-05,1.0,8.0,0.001,3.8642e-05,8.0,8.0,0.098,BTC,True,True,1.6942621938602331,5.718000000000002e-06
2026-01-04 16:00:00+00:00,91292.8,91282.3,91294.0,91511.0,8.893e-05,1.0,8.0,0.0,7.79152e-05,8.0,8.0,0.111,BTC,True,True,0.13144433223211083,1.1014800000000002e-05
2026-01-05 00:00:00+00:00,91497.2,92368.1,91510.0,92497.0,5.23e-05,1.0,8.0,0.0,9.99628e-05,8.0,8.0,0.067,BTC,True,True,1.3988520693049156,-4.766280000000001e-05
2026-01-05 08:00:00+00:00,92492.1,92436.0,92498.0,93929.0,7.723e-05,1.0,8.0,0.0,9.8845e-05,8.0,8.0,0.068,BTC,True,True,0.6378719728248007,-2.1615000000000002e-05
2026-01-05 16:00:00+00:00,93900.0,93646.6,93929.0,93832.0,-1.376e-05,1.0,8.0,0.01,1.35244e-05,8.0,8.0,0.085,BTC,True,True,3.0879150962238504,-2.72844e-05
2026-01-06 00:00:00+00:00,93822.3,93768.8,93831.0,93234.0,2.816e-05,1.0,8.0,0.0,8.97141e-05,8.0,8.0,0.086,BTC,True,True,0.9272418876982964,-6.15541e-05
2026-01-06 08:00:00+00:00,93207.4,93197.0,93234.0,93644.0,2.691e-05,1.0,8.0,0.0,0.0001,8.0,8.0,0.076,BTC,True,True,2.8534435142082866,-7.309e-05
2026-01-06 16:00:00+00:00,93608.2,92651.3,93643.0,93801.0,6.582e-05,1.0,8.0,0.001,0.0001,8.0,8.0,0.119,BTC,True,True,3.716932163922172,-3.418e-05
2026-01-07 00:00:00+00:00,93708.1,92670.4,93801.0,92944.0,0.0001,1.0,8.0,0.001,0.0001182932,8.0,8.0,0.087,BTC,True,True,9.90885323444776,-1.8293199999999996e-05
2026-01-07 08:00:00+00:00,92848.1,92680.3,92943.0,91409.0,2.885e-05,1.0,8.0,0.001,0.0002414054,8.0,8.0,0.099,BTC,True,True,10.215775486909422,-0.00021255540000000001
2026-01-07 16:00:00+00:00,91303.2,91229.9,91408.0,91373.0,8.693e-05,1.0,8.0,0.001,0.0001113663,8.0,8.0,0.117,BTC,True,True,11.471657073346476,-2.4436300000000002e-05
2026-01-08 00:00:00+00:00,91328.1,91356.8,91373.0,90515.0,0.0001,1.0,8.0,0.0,0.0001,8.0,8.0,0.155,BTC,True,True,4.915131972815112,0.0
2026-01-08 08:00:00+00:00,90509.8,90200.0,90514.0,90795.0,6.436e-05,1.0,8.0,0.0,0.0001,8.0,8.0,0.137,BTC,True,True,0.4640273821185108,-3.5640000000000004e-05
2026-01-08 16:00:00+00:00,90730.0,90887.9,90800.0,91079.0,-2.813e-05,1.0,8.0,0.003,0.0001,8.0,8.0,0.116,BTC,True,True,7.712224257100537,-0.00012813
2026-01-09 00:00:00+00:00,91059.8,91248.1,91079.0,90733.0,7.258e-05,1.0,8.0,0.0,0.0001,8.0,8.0,0.158,BTC,True,True,2.1082822628813114,-2.7420000000000005e-05
2026-01-09 08:00:00+00:00,90712.1,89989.4,90734.0,91185.0,2.18e-06,1.0,8.0,0.001,0.0001,8.0,8.0,0.077,BTC,True,True,2.413940019249725,-9.782000000000001e-05
2026-01-09 16:00:00+00:00,91137.8,91589.9,91185.0,90650.0,5.643e-05,1.0,8.0,0.0,0.0001,8.0,8.0,0.103,BTC,True,True,5.177630121349763,-4.3570000000000005e-05
2026-01-10 00:00:00+00:00,90603.7,90565.1,90651.0,90657.0,7.657e-05,1.0,8.0,0.002,0.0001,8.0,8.0,0.11,BTC,True,True,5.219175124696184,-2.343000000000001e-05
2026-01-10 08:00:00+00:00,90627.1,90628.6,90657.0,90646.0,6.235e-05,1.0,8.0,0.001,0.0001,8.0,8.0,0.06,BTC,True,True,3.2986897660771564,-3.765000000000001e-05
2026-01-10 16:00:00+00:00,90622.8,90640.6,90646.0,90485.0,8.744e-05,1.0,8.0,0.003,0.0001,8.0,8.0,0.083,BTC,True,True,2.5597345077235842,-1.2560000000000002e-05
2026-01-11 00:00:00+00:00,90469.7,90600.0,90485.0,90676.0,4.67e-05,1.0,8.0,0.006,0.0001,8.0,8.0,0.099,BTC,True,True,1.6910309637114578,-5.330000000000001e-05
2026-01-11 08:00:00+00:00,90663.9,90756.0,90676.0,90837.0,1.667e-05,1.0,8.0,0.0,9.20364e-05,8.0,8.0,0.124,BTC,True,True,1.3345104985689649,-7.53664e-05
2026-01-11 16:00:00+00:00,90834.0,90996.0,90837.0,90997.0,1.813e-05,1.0,8.0,0.005,9.23198e-05,8.0,8.0,0.127,BTC,True,True,0.3302673514516038,-7.418979999999999e-05
2026-01-12 00:00:00+00:00,90964.4,91229.1,90998.0,91389.0,2.902e-05,1.0,8.0,0.0,0.0001,8.0,8.0,0.09,BTC,True,True,3.6930706983306836,-7.098e-05
2026-01-12 08:00:00+00:00,91369.2,90714.0,91389.0,91640.0,4.65e-05,1.0,8.0,0.0,0.0001,8.0,8.0,0.107,BTC,True,True,2.1667974490313884,-5.3500000000000006e-05
2026-01-12 16:00:00+00:00,91618.6,92078.8,91639.0,91249.0,2.245e-05,1.0,8.0,0.007,-1.16207e-05,8.0,8.0,0.109,BTC,True,True,2.226374249608442,3.40707e-05
2026-01-13 00:00:00+00:00,91252.5,91436.3,91249.0,91950.0,9.838e-05,1.0,8.0,0.009,4.84854e-05,8.0,8.0,0.121,BTC,True,True,-0.38355849134718223,4.98946e-05
2026-01-13 08:00:00+00:00,91908.0,92137.8,91950.0,93434.0,3.445e-05,1.0,8.0,0.002,0.0001,8.0,8.0,0.232,BTC,True,True,4.568743348733713,-6.555000000000001e-05
2026-01-13 16:00:00+00:00,93407.9,93341.6,93435.0,95374.0,1.29e-06,1.0,8.0,0.0,7.25062e-05,8.0,8.0,0.057,BTC,True,True,2.900832752011917,-7.12162e-05
2026-01-14 00:00:00+00:00,95375.2,95196.2,95374.0,95183.0,2.497e-05,1.0,8.0,0.001,3.83618e-05,8.0,8.0,0.099,BTC,True,True,-0.12581966267887248,-1.3391800000000003e-05
2026-01-14 08:00:00+00:00,95166.6,94866.3,95182.0,96737.0,4.076e-05,1.0,8.0,0.004,0.0001,8.0,8.0,0.084,BTC,True,True,1.6180838770132357,-5.924e-05
2026-01-14 16:00:00+00:00,96691.9,97232.2,96737.0,96917.0,-3.67e-06,1.0,8.0,0.0,0.0001,8.0,8.0,0.113,BTC,True,True,4.663212251868534,-0.00010367
2026-01-15 00:00:00+00:00,96908.0,96613.3,96917.0,96629.0,1.749e-05,1.0,8.0,0.004,0.0001,8.0,8.0,0.081,BTC,True,True,0.9286727724987821,-8.251000000000001e-05
2026-01-15 08:00:00+00:00,96601.2,96596.2,96629.0,96791.0,1.526e-05,1.0,8.0,0.002,0.0001,8.0,8.0,0.082,BTC,True,True,2.877397031294143,-8.474e-05
2026-01-15 16:00:00+00:00,96717.3,96684.7,96791.0,95588.0,7.34e-05,1.0,8.0,0.0,0.0001,8.0,8.0,0.092,BTC,True,True,7.617244693229737,-2.660000000000001e-05
2026-01-16 00:00:00+00:00,95567.4,95589.6,95589.0,95650.0,7.337e-05,1.0,8.0,0.0,0.0001,8.0,8.0,0.096,BTC,True,True,2.2599295751469897,-2.6630000000000008e-05
2026-01-16 08:00:00+00:00,95608.4,95628.3,95651.0,94608.0,2.495e-05,1.0,8.0,0.001,0.0001,8.0,8.0,0.084,BTC,True,True,4.454683085326286,-7.505000000000001e-05
2026-01-16 16:00:00+00:00,94537.6,94826.6,94609.0,95586.0,-1.78e-06,1.0,8.0,0.0,0.0001,8.0,8.0,0.147,BTC,True,True,7.54969990381739,-0.00010178
2026-01-17 00:00:00+00:00,95503.8,95416.9,95586.0,95117.0,3.007e-05,1.0,8.0,0.0,0.0001,8.0,8.0,0.104,BTC,True,True,8.60328547835849,-6.993e-05
2026-01-17 08:00:00+00:00,95061.1,95213.6,95116.0,95576.0,2.976e-05,1.0,8.0,0.002,0.0001,8.0,8.0,0.102,BTC,True,True,5.773565957734688,-7.024e-05
2026-01-17 16:00:00+00:00,95529.0,95265.1,95576.0,95144.0,3.503e-05,1.0,8.0,0.001,0.0001,8.0,8.0,0.1,BTC,True,True,4.918762036326027,-6.497e-05
2026-01-18 00:00:00+00:00,95107.9,95073.1,95143.0,95024.0,9.616e-05,1.0,8.0,0.0,0.0001,8.0,8.0,0.117,BTC,True,True,3.68986432108729,-3.840000000000004e-06
2026-01-18 08:00:00+00:00,94989.9,95150.0,95024.0,95110.0,6.571e-05,1.0,8.0,0.0,0.0001,8.0,8.0,0.11,BTC,True,True,3.5892111436146497,-3.429e-05
2026-01-18 16:00:00+00:00,95067.7,95123.6,95109.0,93621.0,3.473e-05,1.0,8.0,0.007,0.0001,8.0,8.0,0.113,BTC,True,True,4.343329193246564,-6.527e-05
2026-01-19 00:00:00+00:00,93614.0,92658.3,93620.0,92783.0,1.943e-05,1.0,8.0,0.007,7.56457e-05,8.0,8.0,0.098,BTC,True,True,0.6409092367904384,-5.621570000000001e-05
2026-01-19 08:00:00+00:00,92787.8,93200.3,92784.0,93010.0,2.494e-05,1.0,8.0,0.007,9.14876e-05,8.0,8.0,0.094,BTC,True,True,-0.4095449848014879,-6.65476e-05
2026-01-19 16:00:00+00:00,93013.4,93264.9,93009.0,92581.0,9.819e-05,1.0,8.0,0.005,3.32419e-05,8.0,8.0,0.079,BTC,True,True,-0.4730613088329136,6.49481e-05
2026-01-20 00:00:00+00:00,92589.6,92676.1,92582.0,91122.0,6.626e-05,1.0,8.0,0.001,-0.0001230677,8.0,8.0,0.167,BTC,True,True,-0.8208602187674195,0.0001893277
2026-01-20 08:00:00+00:00,91136.1,91078.9,91122.0,90633.0,5.652e-05,1.0,8.0,0.009,-0.0001527763,8.0,8.0,0.109,BTC,True,True,-1.5472563390192697,0.0002092963
2026-01-20 16:00:00+00:00,90644.3,90131.9,90633.0,88404.0,0.0001,1.0,8.0,0.001,8.09674e-05,8.0,8.0,0.063,BTC,True,True,-1.2467087732037416,1.9032600000000005e-05
2026-01-21 00:00:00+00:00,88390.7,88895.5,88403.0,89174.0,6.055e-05,1.0,8.0,0.011,9.102100000000001e-05,8.0,8.0,0.143,BTC,True,True,1.391452299470879,-3.0471000000000007e-05
2026-01-21 08:00:00+00:00,89171.3,89160.4,89174.0,90230.0,2.41e-05,1.0,8.0,0.011,-2.10139e-05,8.0,8.0,0.094,BTC,True,True,0.30278342072395714,4.5113899999999995e-05
2026-01-21 16:00:00+00:00,90237.2,87562.3,90230.0,89401.0,6.355e-05,1.0,8.0,0.01,-4.37447e-05,8.0,8.0,0.093,BTC,True,True,-0.7979289315528767,0.0001072947
2026-01-22 00:00:00+00:00,89411.4,89869.6,89400.0,89764.0,5.11e-05,1.0,8.0,0.003,-1.66215e-05,8.0,8.0,0.112,BTC,True,True,-1.2750864895009868,6.77215e-05
2026-01-22 08:00:00+00:00,89772.6,89878.6,89764.0,88956.0,9.419e-05,1.0,8.0,0.005,1.62459e-05,8.0,8.0,0.092,BTC,True,True,-0.9580219305233308,7.79441e-05
2026-01-22 16:00:00+00:00,88953.7,89006.9,88957.0,89500.0,5.09e-05,1.0,8.0,0.005,-5.169399999999995e-06,8.0,8.0,0.096,BTC,True,True,0.3709726284455741,5.6069399999999995e-05
2026-01-23 00:00:00+00:00,89518.4,89484.6,89500.0,89490.0,3.39e-05,1.0,8.0,0.0,-9.84874e-05,8.0,8.0,0.154,BTC,True,True,-2.055654621512124,0.0001323874
2026-01-23 08:00:00+00:00,89497.3,89185.1,89490.0,89706.0,6.968e-05,1.0,8.0,0.011,-5.39367e-05,8.0,8.0,0.058,BTC,True,True,-0.8157003322633377,0.0001236167
2026-01-23 16:00:00+00:00,89711.2,90079.0,89706.0,89552.0,1.531e-05,1.0,8.0,0.011,-2.70474e-05,8.0,8.0,0.085,BTC,True,True,-0.5796545706263738,4.23574e-05
2026-01-24 00:00:00+00:00,89558.7,89414.2,89552.0,89584.0,8.909e-05,1.0,8.0,0.002,3.1251999999999997e-06,8.0,8.0,0.093,BTC,True,True,-0.7481406753608673,8.596480000000001e-05
2026-01-24 08:00:00+00:00,89581.3,89635.2,89584.0,89222.0,3.901e-05,1.0,8.0,0.001,3.07923e-05,8.0,8.0,0.112,BTC,True,True,0.3013976478933646,8.217700000000001e-06
2026-01-24 16:00:00+00:00,89234.9,89248.6,89222.0,89171.0,1.336e-05,1.0,8.0,0.002,-7.57293e-05,8.0,8.0,0.056,BTC,True,True,-1.4457272341342728,8.908930000000001e-05
2026-01-25 00:00:00+00:00,89180.7,89275.7,89172.0,88615.0,8.051e-05,1.0,8.0,0.011,-1.1561000000000002e-05,8.0,8.0,0.135,BTC,True,True,-0.9755949875610649,9.2071e-05
2026-01-25 08:00:00+00:00,88630.3,88254.8,88616.0,88417.0,4.917e-05,1.0,8.0,0.005,7.20423e-05,8.0,8.0,0.075,BTC,True,True,-1.6135738834639894,-2.2872300000000008e-05
2026-01-25 16:00:00+00:00,88406.0,88049.9,88418.0,86637.0,4.067e-05,1.0,8.0,0.0,8.27775e-05,8.0,8.0,0.127,BTC,True,True,1.357281819032494,-4.21075e-05
2026-01-26 00:00:00+00:00,86628.9,86808.4,86638.0,87961.0,2.847e-05,1.0,8.0,0.003,5.16256e-05,8.0,8.0,0.101,BTC,True,True,1.0504025879586794,-2.3155600000000002e-05
2026-01-26 08:00:00+00:00,87969.0,87947.3,87962.0,87602.0,5.606e-05,1.0,8.0,0.0,8.60889e-05,8.0,8.0,0.081,BTC,True,True,-0.7957665225223367,-3.00289e-05
2026-01-26 16:00:00+00:00,87609.4,87579.4,87603.0,88299.0,4.267e-05,1.0,8.0,0.002,1.4547600000000001e-05,8.0,8.0,0.094,BTC,True,True,-0.730541902609169,2.81224e-05
2026-01-27 00:00:00+00:00,88300.6,88319.4,88299.0,88290.0,6.028e-05,1.0,8.0,0.0,8.285890000000001e-05,8.0,8.0,0.092,BTC,True,True,-0.18120086342814615,-2.257890000000001e-05
2026-01-27 08:00:00+00:00,88288.0,88137.5,88290.0,88006.0,7.503e-05,1.0,8.0,0.0,8.27535e-05,8.0,8.0,0.103,BTC,True,True,0.2265287861550303,-7.723500000000002e-06
2026-01-27 16:00:00+00:00,88000.1,88604.9,88007.0,89215.0,6.237e-05,1.0,8.0,0.0,9.3046e-05,8.0,8.0,0.09,BTC,True,True,0.784059279826714,-3.0676e-05
2026-01-28 00:00:00+00:00,89197.8,89429.2,89216.0,89110.0,6.174e-05,1.0,8.0,0.0,9.927530000000001e-05,8.0,8.0,0.127,BTC,True,True,2.0402009332377986,-3.7535300000000006e-05
2026-01-28 08:00:00+00:00,89106.8,88901.1,89110.0,89446.0,3.83e-05,1.0,8.0,0.0,0.0001,8.0,8.0,0.094,BTC,True,True,0.35911317006555415,-6.170000000000001e-05
2026-01-28 16:00:00+00:00,89444.5,89588.8,89445.0,89276.0,7.21e-05,1.0,8.0,0.0,9.15996e-05,8.0,8.0,0.108,BTC,True,True,0.05590043015439906,-1.94996e-05
2026-01-29 00:00:00+00:00,89261.7,89112.0,89276.0,88327.0,5.856e-05,1.0,8.0,0.009,7.59537e-05,8.0,8.0,0.087,BTC,True,True,1.601902570782576,-1.7393700000000003e-05
2026-01-29 08:00:00+00:00,88310.9,88028.1,88326.0,84911.0,4.023e-05,1.0,8.0,0.0,9.08408e-05,8.0,8.0,0.12,BTC,True,True,1.709722038462468,-5.061080000000001e-05
2026-01-29 16:00:00+00:00,84897.9,85230.3,84910.0,84641.0,4.478e-05,1.0,8.0,0.008,0.0001,8.0,8.0,0.099,BTC,True,True,1.4251398221746052,-5.522e-05
2026-01-30 00:00:00+00:00,84604.7,84157.4,84639.0,82776.0,1.714e-05,1.0,8.0,0.0,2.2460999999999987e-06,8.0,8.0,0.117,BTC,True,True,4.053326708127363,1.48939e-05
2026-01-30 08:00:00+00:00,82770.1,82625.3,82776.0,82846.0,3.1e-06,1.0,8.0,0.001,3.06972e-05,8.0,8.0,0.108,BTC,True,True,0.7127923886452742,-2.75972e-05
2026-01-30 16:00:00+00:00,82850.1,83115.2,82845.0,84241.0,9.693e-05,1.0,8.0,0.0,9.19694e-05,8.0,8.0,0.171,BTC,True,True,-0.6155885118644813,4.9605999999999945e-06
2026-01-31 00:00:00+00:00,84211.4,84028.1,84240.0,83518.0,3.548e-05,1.0,8.0,0.001,8.9045e-05,8.0,8.0,0.1,BTC,True,True,3.3956381810797294,-5.3565e-05
2026-01-31 08:00:00+00:00,83514.3,83031.1,83517.0,81269.0,6.585e-05,1.0,8.0,0.009,9.22805e-05,8.0,8.0,0.105,BTC,True,True,0.32329270025872336,-2.6430499999999997e-05
2026-01-31 16:00:00+00:00,81268.6,80320.9,81268.0,78728.0,-3.267e-05,1.0,8.0,0.001,8.17745e-05,8.0,8.0,0.118,BTC,True,True,-0.07382952516626873,-0.0001144445
2026-02-01 00:00:00+00:00,78706.7,78861.2,78728.0,78333.0,3.421e-05,1.0,8.0,0.004,0.0001,8.0,8.0,0.091,BTC,True,True,2.7058837892755627,-6.579e-05
2026-02-01 08:00:00+00:00,78320.8,78571.3,78333.0,77546.0,1.722e-05,1.0,8.0,0.0,6.887000000000001e-05,8.0,8.0,0.097,BTC,True,True,1.5575747316251742,-5.165000000000001e-05
2026-02-01 16:00:00+00:00,77563.8,77459.2,77546.0,76928.0,6.8e-07,1.0,8.0,0.0,3.76462e-05,8.0,8.0,0.104,BTC,True,True,-2.29514835015408,-3.69662e-05
2026-02-02 00:00:00+00:00,76931.6,77638.6,76928.0,76603.0,-3.043e-05,1.0,8.0,0.014,-4.38588e-05,8.0,8.0,0.106,BTC,True,True,-0.46795910046106937,1.3428800000000003e-05
2026-02-02 08:00:00+00:00,76612.6,76831.2,76610.0,78784.0,-5.713e-05,1.0,8.0,0.0,-7.06928e-05,8.0,8.0,0.088,BTC,True,True,-0.33937552296500306,1.3562799999999998e-05
2026-02-02 16:00:00+00:00,78800.5,78588.8,78785.0,78684.0,-2.203e-05,1.0,8.0,0.0,-0.0001398431,8.0,8.0,0.099,BTC,True,True,-1.9671860735900812,0.00011781309999999999
2026-02-03 00:00:00+00:00,78692.5,79031.1,78684.0,78743.0,2.245e-05,1.0,8.0,0.007,-6.04506e-05,8.0,8.0,0.068,BTC,True,True,-1.0802121038743506,8.29006e-05
2026-02-03 08:00:00+00:00,78750.0,78708.7,78743.0,78095.0,-4.65e-06,1.0,8.0,0.0,-4.5612e-06,8.0,8.0,0.118,BTC,True,True,-0.8889283974032632,-8.880000000000074e-08
2026-02-03 16:00:00+00:00,78094.2,76458.2,78094.0,75731.0,1.19e-06,1.0,8.0,0.002,9.18005e-05,8.0,8.0,0.059,BTC,True,True,-0.025610129318483544,-9.061050000000001e-05
2026-02-04 00:00:00+00:00,75732.4,75871.0,75732.0,76477.0,3.551e-05,1.0,8.0,0.007,8.49736e-05,8.0,8.0,0.055,BTC,True,True,-0.052817691813626395,-4.9463600000000005e-05
2026-02-04 08:00:00+00:00,76478.9,76541.3,76477.0,74092.0,4.618e-05,1.0,8.0,0.0,9.1248e-05,8.0,8.0,0.12,BTC,True,True,-0.24843762157505678,-4.5068e-05
2026-02-04 16:00:00+00:00,74107.0,73609.1,74092.0,73147.0,9.173e-05,1.0,8.0,0.011,0.0001,8.0,8.0,0.105,BTC,True,True,-2.024305164167386,-8.27e-06
2026-02-05 00:00:00+00:00,73137.5,72838.9,73139.0,70725.0,2.98e-06,1.0,8.0,0.0,9.09601e-05,8.0,8.0,0.097,BTC,True,True,0.20509104333914474,-8.79801e-05
2026-02-05 08:00:00+00:00,70716.1,71020.9,70730.0,67465.0,-4.957e-05,1.0,8.0,0.007,0.0001,8.0,8.0,0.079,BTC,True,True,1.9654129798894846,-0.00014957000000000002
2026-02-05 16:00:00+00:00,67452.0,68262.7,67465.0,62894.0,-1.597e-05,1.0,8.0,0.0,0.0001,8.0,8.0,0.104,BTC,True,True,1.9271107481230139,-0.00011597
2026-02-06 00:00:00+00:00,62868.1,63460.4,62894.0,64794.0,-0.00013688,1.0,8.0,0.001,1.51784e-05,8.0,8.0,0.102,BTC,True,True,4.118888022094226,-0.0001520584
2026-02-06 08:00:00+00:00,64811.2,64850.1,64794.0,68544.0,-0.00013478,1.0,8.0,0.0,-6.319769999999999e-05,8.0,8.0,0.089,BTC,True,True,-2.654214506975579,-7.158230000000001e-05
2026-02-06 16:00:00+00:00,68577.5,69896.0,68544.0,70516.0,-0.00015178,1.0,8.0,0.003,-0.000386165,8.0,8.0,0.086,BTC,True,True,-4.8861776842444105,0.000234385
2026-02-07 00:00:00+00:00,70544.5,69917.1,70516.0,68038.0,-8.326e-05,1.0,8.0,0.0,-0.0002043886,8.0,8.0,0.104,BTC,True,True,-4.040819419724013,0.0001211286
2026-02-07 08:00:00+00:00,68050.5,68458.5,68039.0,69113.0,-2.907e-05,1.0,8.0,0.01,-0.0001402169,8.0,8.0,0.146,BTC,True,True,-1.690064263205471,0.0001111469
2026-02-07 16:00:00+00:00,69122.1,68924.3,69113.0,69236.0,-3.403e-05,1.0,8.0,0.003,-5.59563e-05,8.0,8.0,0.089,BTC,True,True,-1.31659759542246,2.19263e-05
2026-02-08 00:00:00+00:00,69254.3,69100.2,69237.0,69675.0,-3.546e-05,1.0,8.0,0.0,-7.60817e-05,8.0,8.0,0.113,BTC,True,True,-2.4983518950276355,4.06217e-05
2026-02-08 08:00:00+00:00,69665.1,70624.5,69670.0,71150.0,-4.864e-05,1.0,8.0,0.0,-1.10477e-05,8.0,8.0,0.077,BTC,True,True,0.7033403646335716,-3.75923e-05
2026-02-08 16:00:00+00:00,71152.5,70388.7,71149.0,70297.0,-3.075e-05,1.0,8.0,0.002,4.4598600000000004e-05,8.0,8.0,0.07,BTC,True,True,-0.4919132968670029,-7.53486e-05
2026-02-09 00:00:00+00:00,70288.2,70454.1,70290.0,70394.0,1.846e-05,1.0,8.0,0.001,4.77552e-05,8.0,8.0,0.118,BTC,True,True,0.2560852251767843,-2.92952e-05
2026-02-09 08:00:00+00:00,70393.5,69832.2,70396.0,69539.0,-4.284e-05,1.0,8.0,0.007,-1.6251399999999998e-05,8.0,8.0,0.131,BTC,True,True,0.35514012057148425,-2.6588600000000005e-05
2026-02-09 16:00:00+00:00,69528.9,70049.1,69540.0,70093.0,-8.798e-05,1.0,8.0,0.0,-4.51465e-05,8.0,8.0,0.068,BTC,True,True,1.5963310306738523,-4.2833499999999996e-05
2026-02-10 00:00:00+00:00,70110.6,69793.3,70093.0,68879.0,-4.829e-05,1.0,8.0,0.007,-4.4708e-06,8.0,8.0,0.09,BTC,True,True,-2.510634547537684,-4.38192e-05
2026-02-10 08:00:00+00:00,68882.2,69091.9,68882.0,69269.0,-8.816e-05,1.0,8.0,0.0,4.64253e-05,8.0,8.0,0.106,BTC,True,True,-0.029035119428784895,-0.0001345853
2026-02-10 16:00:00+00:00,69251.4,69473.5,69259.0,68801.0,1.4e-05,1.0,8.0,0.0,5.42703e-05,8.0,8.0,0.1,BTC,True,True,1.0973905219589541,-4.02703e-05
2026-02-11 00:00:00+00:00,68805.3,69156.8,68802.0,67001.0,-8.417e-05,1.0,8.0,0.006,-2.801799999999999e-06,8.0,8.0,0.098,BTC,True,True,-0.47962571762348555,-8.13682e-05
2026-02-11 08:00:00+00:00,67000.0,66950.3,67001.0,66479.0,-1.169e-05,1.0,8.0,0.0,5.2257300000000005e-05,8.0,8.0,0.114,BTC,True,True,0.14925261752026883,-6.394730000000001e-05
2026-02-11 16:00:00+00:00,66489.4,66008.0,66482.0,67059.0,-1.381e-05,1.0,8.0,0.0,-3.5392800000000004e-05,8.0,8.0,0.087,BTC,True,True,-1.1130212974567408,2.1582800000000006e-05
2026-02-12 00:00:00+00:00,67054.8,67431.6,67058.0,67188.0,3.499e-05,1.0,8.0,0.001,-9.41867e-05,8.0,8.0,0.077,BTC,True,True,0.47721022909210037,0.00012917670000000002
2026-02-12 08:00:00+00:00,67181.5,67107.3,67180.0,67111.0,-1.728e-05,1.0,8.0,0.001,3.77116e-05,8.0,8.0,0.064,BTC,True,True,-0.2232782456376064,-5.4991600000000004e-05
2026-02-12 16:00:00+00:00,67107.0,65825.7,67111.0,66244.0,5.834e-05,1.0,8.0,0.007,0.0001,8.0,8.0,0.092,BTC,True,True,0.5960452400099413,-4.1660000000000004e-05
2026-02-13 00:00:00+00:00,66243.2,65881.4,66245.0,66175.0,7.16e-06,1.0,8.0,0.003,2.79583e-05,8.0,8.0,0.087,BTC,True,True,0.2717223118914359,-2.07983e-05
2026-02-13 08:00:00+00:00,66183.3,66673.0,66175.0,68663.0,-1.274e-05,1.0,8.0,0.005,2.7604500000000003e-05,8.0,8.0,0.117,BTC,True,True,-1.254171443858844,-4.03445e-05
2026-02-13 16:00:00+00:00,68652.1,68920.8,68663.0,68822.0,1.291e-05,1.0,8.0,0.002,9.08324e-05,8.0,8.0,0.12,BTC,True,True,1.5875894235799113,-7.79224e-05
2026-02-14 00:00:00+00:00,68821.5,69062.2,68823.0,69193.0,3.174e-05,1.0,8.0,0.004,9.50308e-05,8.0,8.0,0.103,BTC,True,True,0.2179527696445035,-6.32908e-05
2026-02-14 08:00:00+00:00,69182.1,69707.3,69194.0,69760.0,-3.094e-05,1.0,8.0,0.002,9.39703e-05,8.0,8.0,0.125,BTC,True,True,1.7199501979510077,-0.0001249103
2026-02-14 16:00:00+00:00,69754.2,69731.3,69762.0,69792.0,-1.068e-05,1.0,8.0,0.0,9.91681e-05,8.0,8.0,0.102,BTC,True,True,1.1181497214137346,-0.0001098481
2026-02-15 00:00:00+00:00,69795.4,69743.4,69792.0,70790.0,4.664e-05,1.0,8.0,0.002,8.339340000000001e-05,8.0,8.0,0.093,BTC,True,True,-0.48714998641211393,-3.6753400000000006e-05
2026-02-15 08:00:00+00:00,70784.0,70405.1,70790.0,69059.0,-2.371e-05,1.0,8.0,0.0,5.59443e-05,8.0,8.0,0.083,BTC,True,True,0.8476132628303281,-7.96543e-05
2026-02-15 16:00:00+00:00,69068.1,68977.6,69060.0,68798.0,2.659e-05,1.0,8.0,0.001,8.36709e-05,8.0,8.0,0.071,BTC,True,True,-1.1728243578663746,-5.70809e-05
2026-02-16 00:00:00+00:00,68796.9,68810.4,68800.0,68555.0,-3.277e-05,1.0,8.0,0.003,6.16715e-05,8.0,8.0,0.088,BTC,True,True,0.4505915468354057,-9.44415e-05
2026-02-16 08:00:00+00:00,68552.5,68724.5,68554.0,67506.0,-4.112e-05,1.0,8.0,0.0,2.81689e-05,8.0,8.0,0.099,BTC,True,True,0.2188080069225404,-6.92889e-05
2026-02-16 16:00:00+00:00,67505.5,67854.0,67506.0,68870.0,5.883e-05,1.0,8.0,0.008,4.01484e-05,8.0,8.0,0.138,BTC,True,True,0.07406776459761219,1.86816e-05
2026-02-17 00:00:00+00:00,68862.6,68849.9,68870.0,68355.0,2.672e-05,1.0,8.0,0.001,5.32075e-05,8.0,8.0,0.104,BTC,True,True,1.074545896485096,-2.64875e-05
2026-02-17 08:00:00+00:00,68353.4,68140.0,68356.0,67357.0,5.077e-05,1.0,8.0,0.002,2.9712699999999998e-05,8.0,8.0,0.097,BTC,True,True,0.3803688700742522,2.10573e-05
2026-02-17 16:00:00+00:00,67363.6,67493.1,67356.0,67480.0,3.215e-05,1.0,8.0,0.0,9.824600000000001e-05,8.0,8.0,0.07,BTC,True,True,-1.1282693844206264,-6.6096e-05
2026-02-18 00:00:00+00:00,67475.9,67263.9,67481.0,68087.0,-1.41e-06,1.0,8.0,0.0,8.95231e-05,8.0,8.0,0.085,BTC,True,True,0.7557968510598155,-9.09331e-05
2026-02-18 08:00:00+00:00,68078.5,68099.9,68086.0,67675.0,3.604e-05,1.0,8.0,0.011,7.25153e-05,8.0,8.0,0.081,BTC,True,True,1.1016087170430575,-3.64753e-05
2026-02-18 16:00:00+00:00,67671.1,67104.8,67676.0,66436.0,-4.014e-05,1.0,8.0,0.013,1.9171000000000007e-06,8.0,8.0,0.072,BTC,True,True,0.7240642765359842,-4.20571e-05
2026-02-19 00:00:00+00:00,66422.8,66410.7,66436.0,67190.0,2.686e-05,1.0,8.0,0.0,6.92775e-05,8.0,8.0,0.126,BTC,True,True,1.9870719957474359,-4.2417500000000005e-05
2026-02-19 08:00:00+00:00,67180.4,66937.7,67189.0,66377.0,-3.052e-05,1.0,8.0,0.003,8.77261e-05,8.0,8.0,0.067,BTC,True,True,1.2800533472282734,-0.0001182461
2026-02-19 16:00:00+00:00,66362.6,66267.6,66378.0,66981.0,5.365e-05,1.0,8.0,0.0,0.0001,8.0,8.0,0.043,BTC,True,True,2.320314970565583,-4.635e-05
2026-02-20 00:00:00+00:00,66973.9,67190.1,66982.0,67813.0,1.302e-05,1.0,8.0,0.0,0.0001,8.0,8.0,0.19,BTC,True,True,1.2093532289186228,-8.698000000000001e-05
2026-02-20 08:00:00+00:00,67794.8,67839.9,67813.0,67549.0,-6.71e-06,1.0,8.0,0.0,8.24062e-05,8.0,8.0,0.062,BTC,True,True,2.684211396288326,-8.911619999999999e-05
2026-02-20 16:00:00+00:00,67547.6,67763.2,67547.0,67980.0,4.456e-05,1.0,8.0,0.004,3.52458e-05,8.0,8.0,0.125,BTC,True,True,-0.08882664444180734,9.3142e-06
2026-02-21 00:00:00+00:00,67979.3,67805.2,67979.0,67821.0,2.485e-05,1.0,8.0,0.0,3.36593e-05,8.0,8.0,0.131,BTC,True,True,-0.044131178457381626,-8.809299999999997e-06
2026-02-21 08:00:00+00:00,67821.0,68016.9,67821.0,68578.0,3.235e-05,1.0,8.0,0.005,-2.15559e-05,8.0,8.0,0.071,BTC,True,True,0.0,5.39059e-05
2026-02-21 16:00:00+00:00,68571.5,68292.4,68577.0,67935.0,7.3e-06,1.0,8.0,0.001,-8.03521e-05,8.0,8.0,0.111,BTC,True,True,0.802050332733796,8.76521e-05
2026-02-22 00:00:00+00:00,67933.2,67912.0,67932.0,67971.0,4.2e-07,1.0,8.0,0.004,-5.43813e-05,8.0,8.0,0.123,BTC,True,True,-0.1766456752763089,5.48013e-05
2026-02-22 08:00:00+00:00,67973.0,67909.3,67971.0,67657.0,4.972e-05,1.0,8.0,0.0,7.76858e-05,8.0,8.0,0.114,BTC,True,True,-0.29423880423430937,-2.7965800000000003e-05
2026-02-22 16:00:00+00:00,67660.0,67601.6,67656.0,67602.0,6.946e-05,1.0,8.0,0.001,1.91815e-05,8.0,8.0,0.093,BTC,True,True,-0.5912087264132794,5.02785e-05
2026-02-23 00:00:00+00:00,67613.6,66705.8,67602.0,65928.0,-9.317e-05,1.0,8.0,0.0,3.89076e-05,8.0,8.0,0.078,BTC,True,True,-1.7157783611456996,-0.00013207760000000002
2026-02-23 08:00:00+00:00,65915.7,65639.0,65929.0,65623.0,2.251e-05,1.0,8.0,0.0,-1.5056000000000001e-05,8.0,8.0,0.103,BTC,True,True,2.0175251709187965,3.7566e-05
2026-02-23 16:00:00+00:00,65633.1,65343.1,65621.0,64631.0,5.706e-05,1.0,8.0,0.007,9.16918e-05,8.0,8.0,0.076,BTC,True,True,-1.8437519337350567,-3.46318e-05
2026-02-24 00:00:00+00:00,64625.8,64910.2,64631.0,63173.0,-1.193e-05,1.0,8.0,0.0,7.92785e-05,8.0,8.0,0.134,BTC,True,True,0.804599835800197,-9.12085e-05
2026-02-24 08:00:00+00:00,63155.4,63357.2,63171.0,63957.0,-1.82e-06,1.0,8.0,0.001,0.0001,8.0,8.0,0.06,BTC,True,True,2.469792549981488,-0.00010182000000000001
2026-02-24 16:00:00+00:00,63933.4,64227.3,63956.0,64015.0,2.375e-05,1.0,8.0,0.001,-2.6077700000000003e-05,8.0,8.0,0.078,BTC,True,True,3.5343038962191025,4.9827700000000004e-05
2026-02-25 00:00:00+00:00,64031.4,64188.9,64015.0,64997.0,3.3e-07,1.0,8.0,0.007,5.17944e-05,8.0,8.0,0.061,BTC,True,True,-2.5615714443639135,-5.14644e-05
2026-02-25 08:00:00+00:00,65001.2,65490.9,64997.0,67368.0,-9.68e-06,1.0,8.0,0.0,6.16467e-05,8.0,8.0,0.06,BTC,True,True,-0.6461627932478984,-7.13267e-05
2026-02-25 16:00:00+00:00,67362.4,68249.9,67366.0,67944.0,-1.998e-05,1.0,8.0,0.0,-5.53725e-05,8.0,8.0,0.128,BTC,True,True,0.5344084841600413,3.53925e-05
2026-02-26 00:00:00+00:00,67952.5,68294.4,67945.0,67800.0,-1.128e-05,1.0,8.0,0.006,1.2794700000000001e-05,8.0,8.0,0.099,BTC,True,True,-1.1037730653786995,-2.4074700000000002e-05
2026-02-26 08:00:00+00:00,67800.0,67923.3,67801.0,67354.0,4.007e-05,1.0,8.0,0.002,5.17581e-05,8.0,8.0,0.108,BTC,True,True,0.14749153767558526,-1.16881e-05
2026-02-26 16:00:00+00:00,67353.3,66617.3,67353.0,67453.0,-9.91e-06,1.0,8.0,0.007,9.199780000000001e-05,8.0,8.0,0.054,BTC,True,True,-0.04454134661902212,-0.00010190780000000001
2026-02-27 00:00:00+00:00,67448.1,67190.3,67452.0,67654.0,-8.123e-05,1.0,8.0,0.0,6.40589e-05,8.0,8.0,0.116,BTC,True,True,0.5782056501187276,-0.00014528890000000002
2026-02-27 08:00:00+00:00,67644.1,67897.4,67654.0,66081.0,-6.56e-06,1.0,8.0,0.001,7.60018e-05,8.0,8.0,0.132,BTC,True,True,1.4634351875841964,-8.25618e-05
2026-02-27 16:00:00+00:00,66072.5,65449.3,66080.0,65837.0,4.041e-05,1.0,8.0,0.0,-2.85147e-05,8.0,8.0,0.086,BTC,True,True,1.1350523082128645,6.89247e-05
2026-02-28 00:00:00+00:00,65836.0,65906.3,65838.0,63783.0,-3.727e-05,1.0,8.0,0.0,-6.95006e-05,8.0,8.0,0.09,BTC,True,True,0.3037805489537454,3.2230599999999996e-05
2026-02-28 08:00:00+00:00,63787.4,63439.7,63782.0,64800.0,-4.305e-05,1.0,8.0,0.004,-0.00016116,8.0,8.0,0.041,BTC,True,True,-0.8465980091189832,0.00011811
2026-02-28 16:00:00+00:00,64800.1,65053.8,64799.0,66931.0,-6.88e-06,1.0,8.0,0.005,1.12551e-05,8.0,8.0,0.168,BTC,True,True,-0.16975426527223678,-1.8135100000000002e-05
2026-03-01 00:00:00+00:00,66937.0,66755.6,66931.0,67113.0,4.563e-05,1.0,8.0,0.0,7.172170000000001e-05,8.0,8.0,0.093,BTC,True,True,-0.8964054148888952,-2.6091700000000006e-05
2026-03-01 08:00:00+00:00,67114.0,66535.0,67112.0,66796.0,2.948e-05,1.0,8.0,0.002,-4.2715e-06,8.0,8.0,0.054,BTC,True,True,-0.2980048575010527,3.37515e-05
2026-03-01 16:00:00+00:00,66810.8,66112.2,66796.0,65734.0,-2.99e-06,1.0,8.0,0.001,-7.38851e-05,8.0,8.0,0.12,BTC,True,True,-2.2154561086018782,7.08951e-05
2026-03-02 00:00:00+00:00,65749.9,66472.5,65734.0,65968.0,-1.956e-05,1.0,8.0,0.007,7.897999999999979e-07,8.0,8.0,0.071,BTC,True,True,-2.418547073443863,-2.0349799999999996e-05
2026-03-02 08:00:00+00:00,65981.2,66247.9,65969.0,69093.0,-1.083e-05,1.0,8.0,0.0,-1.21882e-05,8.0,8.0,0.091,BTC,True,True,-1.8491824998764155,1.3582e-06
2026-03-02 16:00:00+00:00,69089.1,69395.6,69092.0,68774.0,-1.86e-06,1.0,8.0,0.0,-9.0185e-05,8.0,8.0,0.12,BTC,True,True,0.41973902370370264,8.8325e-05
2026-03-03 00:00:00+00:00,68801.8,69051.9,68773.0,68148.0,1.437e-05,1.0,8.0,0.0,3.322300000000002e-06,8.0,8.0,0.074,BTC,True,True,-4.186813343826269,1.1047699999999998e-05
2026-03-03 08:00:00+00:00,68138.2,66972.7,68151.0,67691.0,1.481e-05,1.0,8.0,0.007,0.0001,8.0,8.0,0.114,BTC,True,True,1.8783586722414025,-8.519e-05
2026-03-03 16:00:00+00:00,67692.5,68137.4,67692.0,68299.0,-5.39e-05,1.0,8.0,0.001,5.73118e-05,8.0,8.0,0.07,BTC,True,True,-0.07386369931567784,-0.0001112118
2026-03-04 00:00:00+00:00,68295.2,68065.8,68298.0,69473.0,2.52e-05,1.0,8.0,0.005,3.53321e-05,8.0,8.0,0.095,BTC,True,True,0.40997648497848305,-1.01321e-05
2026-03-04 08:00:00+00:00,69464.5,70993.7,69474.0,73344.0,4.683e-05,1.0,8.0,0.0,-3.26827e-05,8.0,8.0,0.133,BTC,True,True,1.3675115270135494,7.95127e-05
2026-03-04 16:00:00+00:00,73339.7,73241.2,73344.0,72633.0,3.567e-05,1.0,8.0,0.0,-0.0002331071,8.0,8.0,0.095,BTC,True,True,0.5862955462998102,0.0002687771
2026-03-05 00:00:00+00:00,72641.4,72725.0,72634.0,72024.0,4.965e-05,1.0,8.0,0.0,-6.37008e-05,8.0,8.0,0.139,BTC,True,True,-1.0187547246669755,0.0001133508
2026-03-05 08:00:00+00:00,72025.4,72307.6,72025.0,71617.0,1.74e-06,1.0,8.0,0.004,-6.684400000000001e-06,8.0,8.0,0.091,BTC,True,True,-0.05553611791384853,8.4244e-06
2026-03-05 16:00:00+00:00,71611.7,71267.9,71617.0,70828.0,1.689e-05,1.0,8.0,0.001,8.88601e-05,8.0,8.0,0.083,BTC,True,True,0.7400751389112925,-7.197010000000001e-05
2026-03-06 00:00:00+00:00,70854.8,70952.5,70827.0,71024.0,-3.061e-05,1.0,8.0,0.001,3.39697e-05,8.0,8.0,0.112,BTC,True,True,-3.9242867265618906,-6.45797e-05
2026-03-06 08:00:00+00:00,71026.7,70750.2,71024.0,68484.0,-2.176e-05,1.0,8.0,0.004,9.29739e-05,8.0,8.0,0.062,BTC,True,True,-0.3801459620147967,-0.0001147339
2026-03-06 16:00:00+00:00,68468.3,68410.2,68484.0,68082.0,6.19e-06,1.0,8.0,0.001,8.65213e-05,8.0,8.0,0.092,BTC,True,True,2.2927690982582947,-8.03313e-05
2026-03-07 00:00:00+00:00,68083.0,68243.2,68082.0,67807.0,3.525e-05,1.0,8.0,0.012,1.56375e-05,8.0,8.0,0.07,BTC,True,True,-0.14688062277679526,1.9612500000000002e-05
2026-03-07 08:00:00+00:00,67809.5,67767.6,67808.0,67852.0,-4.217e-05,1.0,8.0,0.001,4.86123e-05,8.0,8.0,0.084,BTC,True,True,-0.22121038952364336,-9.078229999999999e-05
2026-03-07 16:00:00+00:00,67844.8,67757.5,67852.0,67230.0,-4.496e-05,1.0,8.0,0.001,6.30368e-05,8.0,8.0,0.135,BTC,True,True,1.0611893584458978,-0.0001079968
2026-03-08 00:00:00+00:00,67232.1,67161.0,67230.0,67289.0,-1.115e-05,1.0,8.0,0.0,3.4784e-05,8.0,8.0,0.045,BTC,True,True,-0.3123556749710228,-4.5934e-05
2026-03-08 08:00:00+00:00,67277.1,67490.9,67288.0,67175.0,-2.868e-05,1.0,8.0,0.002,8.105100000000001e-06,8.0,8.0,0.088,BTC,True,True,1.620033726995538,-3.67851e-05
2026-03-08 16:00:00+00:00,67174.6,66829.9,67174.0,65933.0,-5.77e-05,1.0,8.0,0.0,1.07219e-05,8.0,8.0,0.091,BTC,True,True,-0.08931987382266153,-6.84219e-05
2026-03-09 00:00:00+00:00,65934.3,66326.9,65933.0,67513.0,-4.579e-05,1.0,8.0,0.004,4.84445e-05,8.0,8.0,0.094,BTC,True,True,-0.19716791047416826,-9.42345e-05
2026-03-09 08:00:00+00:00,67504.9,67772.4,67513.0,68832.0,-3.431e-05,1.0,8.0,0.003,2.50937e-05,8.0,8.0,0.114,BTC,True,True,1.1998409114237958,-5.94037e-05
2026-03-09 16:00:00+00:00,68832.4,68920.5,68831.0,68389.0,-2.394e-05,1.0,8.0,0.012,-0.0001585041,8.0,8.0,0.074,BTC,True,True,-0.2033946568290606,0.0001345641
2026-03-10 00:00:00+00:00,68394.0,69113.1,68388.0,70363.0,1.23e-05,1.0,8.0,0.002,2.1409099999999998e-05,8.0,8.0,0.137,BTC,True,True,-0.8773084183370516,-9.109099999999997e-06
2026-03-10 08:00:00+00:00,70374.7,70650.9,70363.0,71307.0,1.738e-05,1.0,8.0,0.001,-2.8006e-05,8.0,8.0,0.083,BTC,True,True,-1.662667505145701,4.5386e-05
2026-03-10 16:00:00+00:00,71296.9,71224.5,71308.0,69898.0,-0.00011052,1.0,8.0,0.0,-0.0001379012,8.0,8.0,0.088,BTC,True,True,1.5567487544139091,2.7381199999999988e-05
2026-03-11 00:00:00+00:00,69901.8,69998.1,69897.0,69614.0,-5.252e-05,1.0,8.0,0.007,-9.693350000000001e-05,8.0,8.0,0.135,BTC,True,True,-0.6867011736708954,4.441350000000001e-05
2026-03-11 08:00:00+00:00,69622.2,69617.4,69619.0,70180.0,-5.824e-05,1.0,8.0,0.01,-6.547970000000001e-05,8.0,8.0,0.084,BTC,True,True,-0.45963407390338396,7.239700000000011e-06
2026-03-11 16:00:00+00:00,70187.0,70538.9,70180.0,70135.0,-7.802e-05,1.0,8.0,0.0,-0.0001008486,8.0,8.0,0.102,BTC,True,True,-0.9973854261756088,2.2828599999999993e-05
2026-03-12 00:00:00+00:00,70150.0,70176.9,70136.0,69786.0,-5.392e-05,1.0,8.0,0.0,-0.0001459319,8.0,8.0,0.108,BTC,True,True,-1.9959226218546282,9.20119e-05
2026-03-12 08:00:00+00:00,69782.7,69865.1,69787.0,70278.0,-7.381e-05,1.0,8.0,0.0,-9.3515e-05,8.0,8.0,0.11,BTC,True,True,0.6161795864524345,1.9705000000000002e-05
2026-03-12 16:00:00+00:00,70282.8,70328.3,70279.0,70500.0,-2.789e-05,1.0,8.0,0.006,-3.32206e-05,8.0,8.0,0.165,BTC,True,True,-0.5406874415280137,5.330599999999999e-06
2026-03-13 00:00:00+00:00,70480.1,71443.3,70500.0,71598.0,4.263e-05,1.0,8.0,0.001,0.0001,8.0,8.0,0.099,BTC,True,True,2.8230934908062184,-5.737000000000001e-05
2026-03-13 08:00:00+00:00,71585.2,71790.0,71599.0,71801.0,-6.38e-06,1.0,8.0,0.0,9.84666e-05,8.0,8.0,0.059,BTC,True,True,1.9275869883310157,-0.00010484660000000001
2026-03-13 16:00:00+00:00,71800.1,71846.0,71802.0,70901.0,-3.79e-06,1.0,8.0,0.001,1.96203e-05,8.0,8.0,0.109,BTC,True,True,0.2646200856538101,-2.34103e-05
2026-03-14 00:00:00+00:00,70895.5,70600.0,70900.0,70564.0,-3.988e-05,1.0,8.0,0.0,-4.7098e-05,8.0,8.0,0.1,BTC,True,True,0.6347168988453054,7.218000000000004e-06
2026-03-14 08:00:00+00:00,70565.6,70550.6,70563.0,70545.0,-4.851e-05,1.0,8.0,0.007,-2.42385e-05,8.0,8.0,0.1,BTC,True,True,-0.36845827143496324,-2.4271500000000003e-05
2026-03-14 16:00:00+00:00,70554.7,70636.7,70544.0,71180.0,-1.883e-05,1.0,8.0,0.0,-2.49864e-05,8.0,8.0,0.099,BTC,True,True,-1.516668831180711,6.1563999999999975e-06
2026-03-15 00:00:00+00:00,71174.4,70950.4,71181.0,71420.0,-6.461e-05,1.0,8.0,0.0,2.9764500000000003e-05,8.0,8.0,0.13,BTC,True,True,0.9272567116846185,-9.437450000000001e-05
2026-03-15 08:00:00+00:00,71420.8,71674.8,71419.0,71444.0,2.659e-05,1.0,8.0,0.0,-3.0691999999999998e-06,8.0,8.0,0.084,BTC,True,True,-0.25203059652856474,2.9659200000000002e-05
2026-03-15 16:00:00+00:00,71444.4,71405.5,71445.0,72778.0,2.513e-05,1.0,8.0,0.0,-2.38634e-05,8.0,8.0,0.127,BTC,True,True,0.08398103708293553,4.89934e-05
2026-03-16 00:00:00+00:00,72778.8,72497.4,72778.0,73413.0,7.139e-05,1.0,8.0,0.01,4.8418900000000005e-05,8.0,8.0,0.092,BTC,True,True,-0.10992272432640429,2.29711e-05
2026-03-16 08:00:00+00:00,73427.8,73098.3,73414.0,73235.0,2.015e-05,1.0,8.0,0.0,4.77851e-05,8.0,8.0,0.099,BTC,True,True,-1.8795738053643698,-2.76351e-05
2026-03-16 16:00:00+00:00,73240.2,73726.3,73235.0,74854.0,2.41e-06,1.0,8.0,0.0,2.53587e-05,8.0,8.0,0.08,BTC,True,True,-0.7100178053599323,-2.2948700000000003e-05
2026-03-17 00:00:00+00:00,74846.4,75283.9,74854.0,74210.0,-2.505e-05,1.0,8.0,0.002,2.03089e-05,8.0,8.0,0.113,BTC,True,True,1.0153613492721685,-4.5358900000000004e-05
2026-03-17 08:00:00+00:00,74212.8,74150.0,74211.0,73881.0,-1.26e-05,1.0,8.0,0.011,4.51771e-05,8.0,8.0,0.115,BTC,True,True,-0.242548701770438,-5.77771e-05
2026-03-17 16:00:00+00:00,73878.5,74120.0,73881.0,73864.0,-6.569e-05,1.0,8.0,0.002,7.041300000000001e-06,8.0,8.0,0.072,BTC,True,True,0.33838771791182554,-7.27313e-05
2026-03-18 00:00:00+00:00,73872.3,73821.3,73863.0,73850.0,-4.813e-05,1.0,8.0,0.002,-1.57348e-05,8.0,8.0,0.067,BTC,True,True,-1.2590085121550023,-3.2395200000000005e-05
2026-03-18 08:00:00+00:00,73840.1,74005.8,73850.0,71442.0,2.418e-05,1.0,8.0,0.005,3.21051e-05,8.0,8.0,0.062,BTC,True,True,1.3406450418570408,-7.9251e-06
2026-03-18 16:00:00+00:00,71436.3,71289.5,71442.0,71213.0,-9.74e-06,1.0,8.0,0.0,1.57746e-05,8.0,8.0,0.09,BTC,True,True,0.79788183412224,-2.55146e-05
2026-03-19 00:00:00+00:00,71202.9,70970.1,71213.0,70151.0,-3.012e-05,1.0,8.0,0.003,-3.20459e-05,8.0,8.0,0.107,BTC,True,True,1.4183809556296407,1.925899999999998e-06
2026-03-19 08:00:00+00:00,70145.0,69957.4,70151.0,69376.0,1.205e-05,1.0,8.0,0.003,-0.0001143662,8.0,8.0,0.123,BTC,True,True,0.855334436285957,0.0001264162
2026-03-19 16:00:00+00:00,69372.8,69426.3,69376.0,69919.0,6.25e-06,1.0,8.0,0.002,7.915400000000001e-05,8.0,8.0,0.103,BTC,True,True,0.4612652506646801,-7.2904e-05
2026-03-20 00:00:00+00:00,69887.4,70159.9,69920.0,70829.0,7.53e-06,1.0,8.0,0.0,0.0001,8.0,8.0,0.107,BTC,True,True,4.663558665828497,-9.247e-05
2026-03-20 08:00:00+00:00,70812.0,71000.4,70830.0,69829.0,-2.23e-06,1.0,8.0,0.0,5.35366e-05,8.0,8.0,0.148,BTC,True,True,2.541619024991975,-5.5766599999999996e-05
2026-03-20 16:00:00+00:00,69829.5,69792.1,69829.0,70474.0,-1.493e-05,1.0,8.0,0.0,4.17925e-05,8.0,8.0,0.093,BTC,True,True,-0.07160323217018226,-5.67225e-05
2026-03-21 00:00:00+00:00,70472.6,70643.9,70474.0,70688.0,-7.38e-06,1.0,8.0,0.0,3.75596e-05,8.0,8.0,0.075,BTC,True,True,0.19865679626655341,-4.49396e-05
2026-03-21 08:00:00+00:00,70687.4,70563.3,70687.0,70594.0,1.093e-05,1.0,8.0,0.014,6.0316e-06,8.0,8.0,0.094,BTC,True,True,-0.05658733122711489,4.8984e-06
2026-03-21 16:00:00+00:00,70599.1,70274.9,70594.0,68874.0,8.06e-06,1.0,8.0,0.012,-2.79317e-05,8.0,8.0,0.086,BTC,True,True,-0.7224149058595772,3.5991699999999996e-05
2026-03-22 00:00:00+00:00,68881.5,68904.5,68875.0,68874.0,-4.425e-05,1.0,8.0,0.007,-0.0001376841,8.0,8.0,0.088,BTC,True,True,-0.9436941276558098,9.343410000000002e-05
2026-03-22 08:00:00+00:00,68884.5,68756.7,68874.0,68805.0,-6.837e-05,1.0,8.0,0.002,-8.92721e-05,8.0,8.0,0.062,BTC,True,True,-1.5244068453605633,2.0902100000000004e-05
2026-03-22 16:00:00+00:00,68814.9,68761.9,68806.0,67831.0,-2.079e-05,1.0,8.0,0.0,-4.18422e-05,8.0,8.0,0.261,BTC,True,True,-1.2934081977952196,2.1052199999999998e-05
2026-03-23 00:00:00+00:00,67830.7,67642.5,67831.0,68286.0,-2.863e-05,1.0,8.0,0.003,2.69158e-05,8.0,8.0,0.111,BTC,True,True,0.04422766337117577,-5.55458e-05
2026-03-23 08:00:00+00:00,68305.9,68400.1,68287.0,70088.0,1.6e-06,1.0,8.0,0.002,2.00682e-05,8.0,8.0,0.081,BTC,True,True,-2.7673473688029455,-1.84682e-05
2026-03-23 16:00:00+00:00,70112.2,70539.6,70087.0,70860.0,4.229e-05,1.0,8.0,0.0,-2.61735e-05,8.0,8.0,0.162,BTC,True,True,-3.5948850309250244,6.84635e-05
2026-03-24 00:00:00+00:00,70866.0,70650.0,70861.0,71266.0,3.675e-05,1.0,8.0,0.0,2.22032e-05,8.0,8.0,0.088,BTC,True,True,-0.7055818583716872,1.4546799999999998e-05
2026-03-24 08:00:00+00:00,71255.2,70933.8,71267.0,69837.0,3.056e-05,1.0,8.0,0.003,4.99223e-05,8.0,8.0,0.105,BTC,True,True,1.6558823856166782,-1.9362300000000003e-05
2026-03-24 16:00:00+00:00,69837.6,69448.3,69836.0,70553.0,2.31e-05,1.0,8.0,0.0,8.21224e-05,8.0,8.0,0.159,BTC,True,True,-0.22910557185807512,-5.90224e-05
2026-03-25 00:00:00+00:00,70524.0,70804.3,70554.0,70900.0,1.074e-05,1.0,8.0,0.0,0.0001,8.0,8.0,0.11,BTC,True,True,4.252966508199872,-8.926000000000001e-05
2026-03-25 08:00:00+00:00,70899.9,71209.1,70900.0,70814.0,4.721e-05,1.0,8.0,0.013,8.74142e-05,8.0,8.0,0.09,BTC,True,True,0.01410438230300727,-4.0204200000000004e-05
2026-03-25 16:00:00+00:00,70792.4,71290.0,70814.0,71303.0,2.448e-05,1.0,8.0,0.001,7.0942e-05,8.0,8.0,0.075,BTC,True,True,3.050709596110841,-4.6462000000000003e-05
2026-03-26 00:00:00+00:00,71297.5,71265.8,71302.0,70066.0,1.379e-05,1.0,8.0,0.001,2.86224e-05,8.0,8.0,0.139,BTC,True,True,0.6311382580564476,-1.4832399999999999e-05
2026-03-26 08:00:00+00:00,70053.8,69985.9,70066.0,69063.0,-2.103e-05,1.0,8.0,0.0,3.3139700000000004e-05,8.0,8.0,0.078,BTC,True,True,1.741367034612582,-5.4169700000000004e-05
2026-03-26 16:00:00+00:00,69054.9,68904.8,69064.0,68806.0,2.925e-05,1.0,8.0,0.006,0.0001,8.0,8.0,0.077,BTC,True,True,1.3177052544110353,-7.075000000000001e-05
2026-03-27 00:00:00+00:00,68788.1,68746.4,68806.0,68507.0,-6.298e-05,1.0,8.0,0.0,7.51059e-05,8.0,8.0,0.055,BTC,True,True,2.6018557628525176,-0.0001380859
2026-03-27 08:00:00+00:00,68501.8,67876.6,68507.0,66097.0,-5.841e-05,1.0,8.0,0.0,6.80448e-05,8.0,8.0,0.082,BTC,True,True,0.7590753298319678,-0.0001264548
2026-03-27 16:00:00+00:00,66091.9,65945.5,66097.0,66396.0,-8.088e-05,1.0,8.0,0.005,0.0001,8.0,8.0,0.064,BTC,True,True,0.7716230337853704,-0.00018088000000000002
2026-03-28 00:00:00+00:00,66364.1,66389.9,66397.0,66537.0,-7.604e-05,1.0,8.0,0.005,9.10307e-05,8.0,8.0,0.106,BTC,True,True,4.956271177848865,-0.00016707069999999998
2026-03-28 08:00:00+00:00,66520.9,66374.9,66538.0,66997.0,-1.73e-06,1.0,8.0,0.0,0.0001,8.0,8.0,0.095,BTC,True,True,2.570290314161677,-0.00010173
2026-03-28 16:00:00+00:00,66982.4,66894.3,66996.0,66353.0,-3.68e-05,1.0,8.0,0.003,0.0001,8.0,8.0,0.085,BTC,True,True,2.030178005815988,-0.00013680000000000002
2026-03-29 00:00:00+00:00,66334.8,66444.4,66353.0,66649.0,-1.2e-07,1.0,8.0,0.001,0.0001,8.0,8.0,0.068,BTC,True,True,2.743281615060374,-0.00010012000000000001
2026-03-29 08:00:00+00:00,66632.4,66689.5,66648.0,66493.0,2.677e-05,1.0,8.0,0.0,7.451240000000001e-05,8.0,8.0,0.121,BTC,True,True,2.340929359642606,-4.7742400000000006e-05
2026-03-29 16:00:00+00:00,66499.9,66467.8,66494.0,65970.0,3e-06,1.0,8.0,0.0,-2.563699999999999e-06,8.0,8.0,0.096,BTC,True,True,-0.8872587395158259,5.563699999999999e-06
2026-03-30 00:00:00+00:00,65978.0,66251.2,65969.0,67600.0,4.92e-06,1.0,8.0,0.005,1.98054e-05,8.0,8.0,0.192,BTC,True,True,-1.3641841063387508,-1.4885399999999998e-05
2026-03-30 08:00:00+00:00,67595.9,67634.0,67599.0,67587.0,7.58e-06,1.0,8.0,0.0,-7.47144e-05,8.0,8.0,0.071,BTC,True,True,0.4585971808911849,8.229440000000001e-05
2026-03-30 16:00:00+00:00,67590.2,67333.0,67586.0,66766.0,1.16e-06,1.0,8.0,0.0,-5.8254399999999996e-05,8.0,8.0,0.108,BTC,True,True,-0.62141116577482,5.94144e-05
2026-03-31 00:00:00+00:00,66764.4,67172.5,66766.0,67343.0,-1.921e-05,1.0,8.0,0.0,-2.82e-06,8.0,8.0,0.092,BTC,True,True,0.23964580351373016,-1.639e-05
2026-03-31 08:00:00+00:00,67343.9,66745.1,67342.0,66691.0,-2.763e-05,1.0,8.0,0.0,-2.08802e-05,8.0,8.0,0.073,BTC,True,True,-0.2821379223982625,-6.749800000000001e-06
2026-03-31 16:00:00+00:00,66700.0,67632.6,66690.0,68244.0,-3.449e-05,1.0,8.0,0.0,-0.00010402129999999999,8.0,8.0,0.068,BTC,True,True,-1.499362773631079,6.95313e-05
2026-04-01 00:00:00+00:00,68241.4,68288.0,68243.0,68653.0,-4.61e-06,1.0,8.0,0.0,-8.364700000000001e-06,8.0,8.0,0.062,BTC,True,True,0.23445902976121435,3.7547000000000015e-06
2026-04-01 08:00:00+00:00,68651.9,68630.8,68653.0,68878.0,5.77e-06,1.0,8.0,0.0,-4.18008e-05,8.0,8.0,0.131,BTC,True,True,0.160227348044508,4.75708e-05
2026-04-01 16:00:00+00:00,68876.9,68781.1,68878.0,68084.0,3.521e-05,1.0,8.0,0.003,-5.78268e-05,8.0,8.0,0.177,BTC,True,True,0.15970393793988893,9.30368e-05
2026-04-02 00:00:00+00:00,68086.4,68565.1,68083.0,66878.0,8.45e-06,1.0,8.0,0.001,-0.00011037969999999999,8.0,8.0,0.129,BTC,True,True,-0.4993779807652577,0.00011882969999999999
2026-04-02 08:00:00+00:00,66887.8,66418.2,66878.0,66798.0,-7.398e-05,1.0,8.0,0.001,-0.0001221087,8.0,8.0,0.075,BTC,True,True,-1.465247472454004,4.812869999999999e-05
2026-04-02 16:00:00+00:00,66810.6,67050.1,66798.0,66866.0,-8.31e-06,1.0,8.0,0.0,-8.30828e-05,8.0,8.0,0.131,BTC,True,True,-1.8861061394788368,7.47728e-05
2026-04-03 00:00:00+00:00,66868.6,66761.8,66866.0,67013.0,-5.99e-06,1.0,8.0,0.008,-4.32241e-05,8.0,8.0,0.086,BTC,True,True,-0.3888298167166893,3.7234099999999996e-05
2026-04-03 08:00:00+00:00,67008.8,66935.0,67013.0,66806.0,3.51e-06,1.0,8.0,0.008,2.2134000000000003e-06,8.0,8.0,0.058,BTC,True,True,0.626763705811531,1.2965999999999996e-06
2026-04-03 16:00:00+00:00,66806.0,66972.5,66806.0,66942.0,3.761e-05,1.0,8.0,0.0,6.8115e-06,8.0,8.0,0.069,BTC,True,True,0.0,3.07985e-05
2026-04-04 00:00:00+00:00,66930.0,66863.4,66930.0,66977.0,4.115e-05,1.0,8.0,0.003,-2.90312e-05,8.0,8.0,0.064,BTC,True,True,0.0,7.01812e-05
2026-04-04 08:00:00+00:00,66982.1,66907.8,66977.0,67337.0,1.651e-05,1.0,8.0,0.0,-7.82724e-05,8.0,8.0,0.107,BTC,True,True,-0.7614264357509887,9.47824e-05
2026-04-04 16:00:00+00:00,67357.4,67335.2,67336.0,67264.0,2.407e-05,1.0,8.0,0.008,-9.80023e-05,8.0,8.0,0.064,BTC,True,True,-3.1775870503017085,0.0001220723
2026-04-05 00:00:00+00:00,67271.1,67177.0,67263.0,66770.0,3.812e-05,1.0,8.0,0.0,-0.00012584169999999998,8.0,8.0,0.066,BTC,True,True,-1.2041556764857135,0.00016396169999999998
2026-04-05 08:00:00+00:00,66787.4,66892.5,66770.0,67259.0,1.889e-05,1.0,8.0,0.001,-0.0001676559,8.0,8.0,0.081,BTC,True,True,-2.6056212682245885,0.0001865459
2026-04-05 16:00:00+00:00,67272.2,67178.8,67259.0,68988.0,7.073e-05,1.0,8.0,0.004,-0.000116091,8.0,8.0,0.06,BTC,True,True,-1.9623700736124878,0.000186821
2026-04-06 00:00:00+00:00,68997.9,69051.9,68989.0,69082.0,5.544e-05,1.0,8.0,0.001,2.2558e-05,8.0,8.0,0.064,BTC,True,True,-1.2899775286402104,3.2882e-05
2026-04-06 08:00:00+00:00,69089.8,69191.7,69083.0,69926.0,4.23e-06,1.0,8.0,0.003,4.31862e-05,8.0,8.0,0.072,BTC,True,True,-0.9842747639900108,-3.8956200000000005e-05
2026-04-06 16:00:00+00:00,69922.4,69759.2,69925.0,68818.0,-3.15e-06,1.0,8.0,0.0,-6.95356e-05,8.0,8.0,0.078,BTC,True,True,0.3718338703903478,6.638560000000001e-05
2026-04-07 00:00:00+00:00,68817.9,68738.7,68817.0,68590.0,3.703e-05,1.0,8.0,0.0,-6.160599999999999e-06,8.0,8.0,0.093,BTC,True,True,-0.13078078307294058,4.31906e-05
2026-04-07 08:00:00+00:00,68592.0,68907.1,68589.0,68134.0,7.393e-05,1.0,8.0,0.0,1.82082e-05,8.0,8.0,0.06,BTC,True,True,-0.43737835421507815,5.5721800000000006e-05
2026-04-07 16:00:00+00:00,68138.5,68207.2,68133.0,71919.0,6.02e-05,1.0,8.0,0.0,7.39848e-05,8.0,8.0,0.094,BTC,True,True,-0.8072120733950702,-1.3784800000000004e-05
2026-04-08 00:00:00+00:00,71890.2,71681.9,71920.0,71630.0,1.563e-05,1.0,8.0,0.0,0.0001,8.0,8.0,0.065,BTC,True,True,4.144351433560463,-8.437000000000001e-05
2026-04-08 08:00:00+00:00,71612.1,71776.0,71630.0,71288.0,4.048e-05,1.0,8.0,0.006,0.0001,8.0,8.0,0.064,BTC,True,True,2.49926524299283,-5.9520000000000006e-05
2026-04-08 16:00:00+00:00,71274.9,71560.9,71288.0,71036.0,-1.47e-06,1.0,8.0,0.0,3.08222e-05,8.0,8.0,0.07,BTC,True,True,1.8377852915283193,-3.2292199999999996e-05
2026-04-09 00:00:00+00:00,71038.2,70779.0,71036.0,70941.0,5.239e-05,1.0,8.0,0.01,2.47872e-05,8.0,8.0,0.056,BTC,True,True,-0.3096973271959352,2.76028e-05
2026-04-09 08:00:00+00:00,70945.0,71207.6,70942.0,72108.0,-1.986e-05,1.0,8.0,0.001,-2.1469e-05,8.0,8.0,0.056,BTC,True,True,-0.42287172192628664,1.609000000000001e-06
2026-04-09 16:00:00+00:00,72108.0,72048.0,72109.0,71758.0,4.11e-06,1.0,8.0,0.0,7.21526e-05,8.0,8.0,0.071,BTC,True,True,0.13867990597713165,-6.80426e-05
2026-04-10 00:00:00+00:00,71750.4,71932.3,71757.0,71457.0,2.458e-05,1.0,8.0,0.005,9.998550000000001e-05,8.0,8.0,0.047,BTC,True,True,0.9198131949514152,-7.540550000000001e-05
2026-04-10 08:00:00+00:00,71461.2,71571.6,71457.0,72415.0,-2.187e-05,1.0,8.0,0.0,8.17232e-05,8.0,8.0,0.057,BTC,True,True,-0.5877487963337324,-0.00010359320000000001
2026-04-10 16:00:00+00:00,72421.1,72954.0,72416.0,72926.0,-7.225e-05,1.0,8.0,0.0,2.02281e-05,8.0,8.0,0.079,BTC,True,True,-0.7042394527528412,-9.24781e-05
2026-04-11 00:00:00+00:00,72917.4,72792.5,72926.0,72705.0,-6.083e-05,1.0,8.0,0.0,8.2608e-05,8.0,8.0,0.039,BTC,True,True,1.1793471641460505,-0.00014343800000000002
2026-04-11 08:00:00+00:00,72707.8,72625.4,72705.0,72830.0,-6.755e-05,1.0,8.0,0.003,9.58814e-05,8.0,8.0,0.055,BTC,True,True,-0.3851105267695637,-0.0001634314
2026-04-11 16:00:00+00:00,72817.3,72991.3,72830.0,73015.0,-8.108e-05,1.0,8.0,0.0,0.0001,8.0,8.0,0.067,BTC,True,True,1.7439389583163742,-0.00018108000000000002
2026-04-12 00:00:00+00:00,73013.4,73038.8,73015.0,71643.0,-3.69e-05,1.0,8.0,0.0,3.16406e-05,8.0,8.0,0.066,BTC,True,True,0.2191354558522693,-6.85406e-05
2026-04-12 08:00:00+00:00,71628.2,71592.3,71642.0,70849.0,-3.35e-06,1.0,8.0,0.0,2.20709e-05,8.0,8.0,0.065,BTC,True,True,1.9264299264868867,-2.54209e-05
2026-04-12 16:00:00+00:00,70856.1,70890.9,70848.0,70705.0,-2.34e-06,1.0,8.0,0.011,-1.3150999999999995e-06,8.0,8.0,0.062,BTC,True,True,-1.1432273320011181,-1.0249000000000006e-06
2026-04-13 00:00:00+00:00,70711.2,71130.0,70708.0,70791.0,-1.83e-06,1.0,8.0,0.006,3.93165e-05,8.0,8.0,0.056,BTC,True,True,-0.4525552401004198,-4.11465e-05
2026-04-13 08:00:00+00:00,70780.1,70644.8,70792.0,71830.0,-5.409e-05,1.0,8.0,0.0,1.8913800000000002e-05,8.0,8.0,0.114,BTC,True,True,1.6811222024703525,-7.300380000000001e-05
2026-04-13 16:00:00+00:00,71823.6,72157.3,71829.0,74387.0,-5.854e-05,1.0,8.0,0.005,-2.50037e-05,8.0,8.0,0.055,BTC,True,True,0.7518137510274838,-3.35363e-05
2026-04-14 00:00:00+00:00,74384.9,74127.9,74387.0,74508.0,2.732e-05,1.0,8.0,0.003,0.0001,8.0,8.0,0.076,BTC,True,True,0.28231137736890366,-7.268e-05
2026-04-14 08:00:00+00:00,74513.3,74713.9,74509.0,75264.0,-5.234e-05,1.0,8.0,0.001,-6.46576e-05,8.0,8.0,0.056,BTC,True,True,-0.5770948376448407,1.2317600000000006e-05
2026-04-14 16:00:00+00:00,75268.1,74597.1,75265.0,74098.0,-9.313e-05,1.0,8.0,0.0,-0.0002541804,8.0,8.0,0.062,BTC,True,True,-0.4118695490152215,0.00016105039999999999
2026-04-15 00:00:00+00:00,74106.9,74520.3,74097.0,73687.0,-5.085e-05,1.0,8.0,0.0,-0.000107508,8.0,8.0,0.065,BTC,True,True,-1.3359972328285823,5.6658e-05
2026-04-15 08:00:00+00:00,73705.2,74070.4,73688.0,73797.0,-7.151e-05,1.0,8.0,0.0,-3.15867e-05,8.0,8.0,0.067,BTC,True,True,-2.333893297393677,-3.99233e-05
2026-04-15 16:00:00+00:00,73797.5,73900.4,73797.0,74774.0,-3.418e-05,1.0,8.0,0.013,-4.40549e-05,8.0,8.0,0.067,BTC,True,True,-0.06775320218545228,9.874899999999996e-06
2026-04-16 00:00:00+00:00,74776.3,74772.0,74775.0,74671.0,-2.841e-05,1.0,8.0,0.0,-1.0544000000000001e-05,8.0,8.0,0.062,BTC,True,True,-0.1738533867691218,-1.7866e-05
2026-04-16 08:00:00+00:00,74667.7,74634.3,74671.0,74653.0,-2.225e-05,1.0,8.0,0.0,-4.78265e-05,8.0,8.0,0.051,BTC,True,True,0.4419484032648114,2.55765e-05
2026-04-16 16:00:00+00:00,74659.5,74140.6,74653.0,75130.0,3.297e-05,1.0,8.0,0.001,3.6417999999999996e-05,8.0,8.0,0.064,BTC,True,True,-0.8706571792855439,-3.447999999999998e-06
2026-04-17 00:00:00+00:00,75106.8,74900.2,75129.0,75042.0,2.781e-05,1.0,8.0,0.011,4.11654e-05,8.0,8.0,0.065,BTC,True,True,2.95535420473495,-1.3355399999999998e-05
2026-04-17 08:00:00+00:00,75047.4,75749.8,75041.0,77717.0,-0.00010789,1.0,8.0,0.001,-6.203529999999999e-05,8.0,8.0,0.064,BTC,True,True,-0.8528307322711357,-4.585470000000001e-05
2026-04-17 16:00:00+00:00,77736.2,77805.1,77717.0,77021.0,-8.098e-05,1.0,8.0,0.001,-0.000131669,8.0,8.0,0.065,BTC,True,True,-2.4701968306383555,5.0689e-05
2026-04-18 00:00:00+00:00,77030.6,77135.1,77021.0,76956.0,-7.082e-05,1.0,8.0,0.006,-7.9887e-05,8.0,8.0,0.06,BTC,True,True,-1.2463356449954024,9.067e-06
2026-04-18 08:00:00+00:00,76951.0,76695.1,76956.0,76120.0,-4.586e-05,1.0,8.0,0.0,-2.0605399999999998e-05,8.0,8.0,0.047,BTC,True,True,0.6497430268612372,-2.52546e-05
2026-04-18 16:00:00+00:00,76124.8,75897.9,76121.0,75642.0,-8.395e-05,1.0,8.0,0.002,-0.0001451617,8.0,8.0,0.053,BTC,True,True,-0.4991927528757959,6.121170000000002e-05
2026-04-19 00:00:00+00:00,75653.8,75627.3,75642.0,75210.0,-7.219e-05,1.0,8.0,0.01,-8.43755e-05,8.0,8.0,0.06,BTC,True,True,-1.5598582411315478,1.21855e-05
2026-04-19 08:00:00+00:00,75205.7,75220.0,75209.0,75811.0,-0.00012276,1.0,8.0,0.001,-7.161200000000001e-06,8.0,8.0,0.041,BTC,True,True,0.43878690055308567,-0.0001155988
2026-04-19 16:00:00+00:00,75807.7,75345.6,75810.0,73741.0,-4.615e-05,1.0,8.0,0.0,-4.9027200000000004e-05,8.0,8.0,0.062,BTC,True,True,0.3033946564516709,2.877200000000007e-06
2026-04-20 00:00:00+00:00,73758.4,74228.1,73741.0,74797.0,-4.778e-05,1.0,8.0,0.0,7.7882e-06,8.0,8.0,0.055,BTC,True,True,-2.359331642123277,-5.55682e-05
2026-04-20 08:00:00+00:00,74795.5,74691.7,74797.0,75668.0,-2.745e-05,1.0,8.0,0.001,1.6985500000000002e-05,8.0,8.0,0.091,BTC,True,True,0.20054481341590086,-4.44355e-05
2026-04-20 16:00:00+00:00,75668.1,75300.0,75668.0,75802.0,-7.937e-05,1.0,8.0,0.0,-1.73046e-05,8.0,8.0,0.087,BTC,True,True,-0.013215617424453376,-6.20654e-05
2026-04-21 00:00:00+00:00,75790.1,76050.0,75801.0,76054.0,-5.824e-05,1.0,8.0,0.004,-2.81524e-05,8.0,8.0,0.065,BTC,True,True,1.438079150924229,-3.00876e-05
2026-04-21 08:00:00+00:00,76050.0,76462.4,76054.0,75802.0,-4.242e-05,1.0,8.0,0.004,2.98965e-05,8.0,8.0,0.065,BTC,True,True,0.525955925015216,-7.23165e-05
2026-04-21 16:00:00+00:00,75800.0,75739.2,75801.0,76288.0,-2.237e-05,1.0,8.0,0.004,-9.5254e-06,8.0,8.0,0.065,BTC,True,True,0.1319252511542735,-1.28446e-05
2026-04-22 00:00:00+00:00,76288.3,76327.1,76289.0,77965.0,3.56e-05,1.0,8.0,0.0,-8.2612e-06,8.0,8.0,0.056,BTC,True,True,0.09175676853553465,4.38612e-05
2026-04-22 08:00:00+00:00,77979.7,77970.0,77965.0,79223.0,-7.49e-06,1.0,8.0,0.0,-4.60737e-05,8.0,8.0,0.051,BTC,True,True,-1.885283699097561,3.85837e-05
2026-04-22 16:00:00+00:00,79234.3,78705.1,79224.0,78137.0,-7.87e-05,1.0,8.0,0.0,-8.82453e-05,8.0,8.0,0.056,BTC,True,True,-1.3000265703352545,9.545299999999998e-06
2026-04-23 00:00:00+00:00,78139.7,78389.9,78138.0,78012.0,-3.553e-05,1.0,8.0,0.0,4.63681e-05,8.0,8.0,0.079,BTC,True,True,-0.21756143071791398,-8.18981e-05
2026-04-23 08:00:00+00:00,78009.1,77822.1,78012.0,78343.0,-6.696e-05,1.0,8.0,0.004,4.99646e-05,8.0,8.0,0.06,BTC,True,True,0.3717445909973867,-0.0001169246
2026-04-23 16:00:00+00:00,78329.3,78049.0,78343.0,78226.0,-3.829e-05,1.0,8.0,0.006,5.2565700000000004e-05,8.0,8.0,0.075,BTC,True,True,1.748873289651738,-9.08557e-05
2026-04-24 00:00:00+00:00,78217.4,78376.7,78226.0,77631.0,-7.865e-05,1.0,8.0,0.0,9.932570000000001e-05,8.0,8.0,0.065,BTC,True,True,1.0994391592965442,-0.0001779757
2026-04-24 08:00:00+00:00,77620.5,77744.6,77631.0,78021.0,-3.152e-05,1.0,8.0,0.0,8.28419e-05,8.0,8.0,0.063,BTC,True,True,1.3526439378699042,-0.00011436190000000001
2026-04-24 16:00:00+00:00,78007.3,77732.7,78021.0,77402.0,-1.077e-05,1.0,8.0,0.0,7.038e-05,8.0,8.0,0.058,BTC,True,True,1.7560916878808348,-8.115e-05
2026-04-25 00:00:00+00:00,77395.3,77419.9,77402.0,77467.0,-6.235e-05,1.0,8.0,0.002,5.16899e-05,8.0,8.0,0.063,BTC,True,True,0.8656481739913207,-0.0001140399
2026-04-25 08:00:00+00:00,77449.9,77603.3,77467.0,77294.0,-5.699e-05,1.0,8.0,0.002,8.5698e-05,8.0,8.0,0.08,BTC,True,True,2.207635199188653,-0.000142688
2026-04-25 16:00:00+00:00,77289.3,77364.0,77294.0,77582.0,2.41e-06,1.0,8.0,0.003,4.68758e-05,8.0,8.0,0.078,BTC,True,True,0.6080863846800558,-4.4465800000000004e-05
2026-04-26 00:00:00+00:00,77585.0,77457.4,77582.0,78071.0,1.53e-06,1.0,8.0,0.007,1.34402e-05,8.0,8.0,0.058,BTC,True,True,-0.3866801575557361,-1.19102e-05
2026-04-26 08:00:00+00:00,78061.5,77989.0,78071.0,78010.0,1.95e-06,1.0,8.0,0.004,3.31075e-05,8.0,8.0,0.066,BTC,True,True,1.2169151216731493,-3.11575e-05
2026-04-26 16:00:00+00:00,78007.9,77890.0,78011.0,78615.0,2.49e-06,1.0,8.0,0.004,3.36393e-05,8.0,8.0,0.06,BTC,True,True,0.39738775243459423,-3.1149300000000003e-05
2026-04-27 00:00:00+00:00,78614.4,79263.7,78616.0,77568.0,-8.659e-05,1.0,8.0,0.0,4.14042e-05,8.0,8.0,0.072,BTC,True,True,0.20352298284022802,-0.0001279942
2026-04-27 08:00:00+00:00,77556.7,77763.5,77569.0,76765.0,-5.678e-05,1.0,8.0,0.002,6.94355e-05,8.0,8.0,0.115,BTC,True,True,1.5858107361683982,-0.0001262155
2026-04-27 16:00:00+00:00,76760.0,76587.9,76765.0,77320.0,-3.951e-05,1.0,8.0,0.001,-7.530100000000001e-06,8.0,8.0,0.064,BTC,True,True,0.6513597136310267,-3.1979899999999995e-05
2026-04-28 00:00:00+00:00,77331.2,77334.9,77320.0,76834.0,-3.204e-05,1.0,8.0,0.0,-4.84966e-05,8.0,8.0,0.063,BTC,True,True,-1.448420706671571,1.64566e-05
2026-04-28 08:00:00+00:00,76828.3,76820.1,76834.0,76024.0,5.242e-05,1.0,8.0,0.004,-4.40735e-05,8.0,8.0,0.077,BTC,True,True,0.7418865919102352,9.64935e-05
2026-04-28 16:00:00+00:00,76027.7,76091.7,76024.0,76297.0,1.305e-05,1.0,8.0,0.006,3.71844e-05,8.0,8.0,0.07,BTC,True,True,-0.48667657128814495,-2.4134400000000004e-05
2026-04-29 00:00:00+00:00,76298.2,76470.9,76297.0,77004.0,-2.84e-05,1.0,8.0,0.011,-4.69524e-05,8.0,8.0,0.063,BTC,True,True,-0.15727886591705578,1.8552400000000002e-05
2026-04-29 08:00:00+00:00,77003.8,76998.5,77006.0,75867.0,3.571e-05,1.0,8.0,0.003,-6.3286e-05,8.0,8.0,0.067,BTC,True,True,0.2856961050723364,9.899600000000001e-05
2026-04-29 16:00:00+00:00,75889.1,75774.7,75868.0,75727.0,-4.22e-05,1.0,8.0,0.002,2.7817200000000002e-05,8.0,8.0,0.061,BTC,True,True,-2.7807595342784377,-7.00172e-05
2026-04-30 00:00:00+00:00,75749.9,76199.1,75727.0,76139.0,-1.837e-05,1.0,8.0,0.0,-1.02156e-05,8.0,8.0,0.073,BTC,True,True,-3.023563351831805,-8.1544e-06
2026-04-30 08:00:00+00:00,76129.9,76025.7,76138.0,76424.0,-2.904e-05,1.0,8.0,0.0,-2.3324600000000004e-05,8.0,8.0,0.065,BTC,True,True,1.0639143256910673,-5.715399999999996e-06
2026-04-30 16:00:00+00:00,76423.0,76220.1,76423.0,76300.0,-3.746e-05,1.0,8.0,0.0,-7.386219999999999e-05,8.0,8.0,0.048,BTC,True,True,0.0,3.6402199999999995e-05
2026-05-01 00:00:00+00:00,76305.4,76415.1,76300.0,77095.0,-1.81e-05,1.0,8.0,0.005,-5.05358e-05,8.0,8.0,0.097,BTC,True,True,-0.7077075912444972,3.24358e-05
2026-05-01 08:00:00+00:00,77099.9,77340.0,77095.0,78414.0,-3.143e-05,1.0,8.0,0.0,-1.89596e-05,8.0,8.0,0.063,BTC,True,True,-0.6355592826533158,-1.2470400000000002e-05
2026-05-01 16:00:00+00:00,78395.4,78175.4,78413.0,78189.0,-8.22e-06,1.0,8.0,0.006,-9.3748e-05,8.0,8.0,0.059,BTC,True,True,2.2447777126632595,8.5528e-05
2026-05-02 00:00:00+00:00,78191.9,78303.3,78189.0,78184.0,-5.103e-05,1.0,8.0,0.0,-3.6696600000000004e-05,8.0,8.0,0.07,BTC,True,True,-0.37088928383583586,-1.4333399999999994e-05
2026-05-02 08:00:00+00:00,78181.6,78272.2,78185.0,78448.0,-2.54e-05,1.0,8.0,0.01,-9.722000000000008e-07,8.0,8.0,0.048,BTC,True,True,0.4348754785902867,-2.44278e-05
2026-05-02 16:00:00+00:00,78449.8,78419.9,78449.0,78651.0,2.29e-05,1.0,8.0,0.005,4.55054e-05,8.0,8.0,0.067,BTC,True,True,-0.101976560688658,-2.26054e-05
2026-05-03 00:00:00+00:00,78652.8,78499.9,78651.0,78329.0,-1.398e-05,1.0,8.0,0.003,2.8342600000000002e-05,8.0,8.0,0.053,BTC,True,True,-0.22885651841619048,-4.23226e-05
2026-05-03 08:00:00+00:00,78316.6,78343.5,78329.0,78624.0,7.03e-06,1.0,8.0,0.0,5.9424000000000006e-05,8.0,8.0,0.059,BTC,True,True,1.5831916154551677,-5.239400000000001e-05
2026-05-03 16:00:00+00:00,78625.2,78619.1,78623.0,78533.0,4.304e-05,1.0,8.0,0.0,5.91324e-05,8.0,8.0,0.06,BTC,True,True,-0.2798124239434893,-1.6092400000000002e-05
2026-05-04 00:00:00+00:00,78529.0,78504.9,78533.0,79656.0,-1.58e-06,1.0,8.0,0.0,-1.89498e-05,8.0,8.0,0.065,BTC,True,True,0.5093529944682424,1.73698e-05
2026-05-04 08:00:00+00:00,79663.4,79666.5,79656.0,79984.0,-3.16e-05,1.0,8.0,0.003,1.91202e-05,8.0,8.0,0.079,BTC,True,True,-0.9289515282273685,-5.07202e-05
2026-05-04 16:00:00+00:00,79976.6,79982.4,79985.0,79803.0,-3.83e-06,1.0,8.0,0.0,-8.95782e-05,8.0,8.0,0.075,BTC,True,True,1.0502520614599897,8.574820000000001e-05
2026-05-05 00:00:00+00:00,79826.1,80130.9,79803.0,80819.0,-4.626e-05,1.0,8.0,0.011,-1.18409e-05,8.0,8.0,0.057,BTC,True,True,-2.894209158762582,-3.4419100000000004e-05
2026-05-05 08:00:00+00:00,80815.8,80776.0,80820.0,81486.0,-8.24e-05,1.0,8.0,0.0,7.76506e-05,8.0,8.0,0.065,BTC,True,True,0.519686851668315,-0.0001600506
2026-05-05 16:00:00+00:00,81488.7,81250.7,81486.0,80862.0,-9.153e-05,1.0,8.0,0.01,2.05509e-05,8.0,8.0,0.066,BTC,True,True,-0.3313397723995142,-0.0001120809
2026-05-06 00:00:00+00:00,80861.9,80980.5,80863.0,81343.0,-6.15e-05,1.0,8.0,0.0,6.454e-05,8.0,8.0,0.067,BTC,True,True,0.1360334741299733,-0.00012604
2026-05-06 08:00:00+00:00,81333.4,81903.6,81343.0,81680.0,-3.756e-05,1.0,8.0,0.002,9.660570000000001e-05,8.0,8.0,0.063,BTC,True,True,1.1802572482721787,-0.00013416570000000002
2026-05-06 16:00:00+00:00,81656.4,81575.3,81679.0,81401.0,-5.856e-05,1.0,8.0,0.0,6.53379e-05,8.0,8.0,0.077,BTC,True,True,2.7673119414695235,-0.0001238979
2026-05-07 00:00:00+00:00,81390.0,80966.9,81402.0,81480.0,-4.568e-05,1.0,8.0,0.0,3.58495e-05,8.0,8.0,0.065,BTC,True,True,1.4742739227638153,-8.15295e-05
2026-05-07 08:00:00+00:00,81480.0,81195.9,81480.0,79868.0,-3.014e-05,1.0,8.0,0.004,3.22647e-05,8.0,8.0,0.079,BTC,True,True,0.0,-6.24047e-05
2026-05-07 16:00:00+00:00,79861.5,79763.3,79868.0,79992.0,-7.406e-05,1.0,8.0,0.003,9.941110000000001e-05,8.0,8.0,0.07,BTC,True,True,0.8138759594927529,-0.0001734711
2026-05-08 00:00:00+00:00,79969.5,79796.1,79991.0,79669.0,2.415e-05,1.0,8.0,0.002,0.0001,8.0,8.0,0.048,BTC,True,True,2.6881636565864016,-7.585e-05
2026-05-08 08:00:00+00:00,79635.0,79849.3,79670.0,80093.0,-1.542e-05,1.0,8.0,0.003,7.294280000000001e-05,8.0,8.0,0.074,BTC,True,True,4.394086885302772,-8.836280000000001e-05
2026-05-08 16:00:00+00:00,80119.1,79768.7,80094.0,80152.0,1.841e-05,1.0,8.0,0.0,7.27537e-05,8.0,8.0,0.064,BTC,True,True,-3.1333268260040033,-5.434369999999999e-05
2026-05-09 00:00:00+00:00,80155.2,80193.3,80153.0,80187.0,-3.792e-05,1.0,8.0,0.001,9.01144e-05,8.0,8.0,0.047,BTC,True,True,-0.2744712996760227,-0.0001280344
2026-05-09 08:00:00+00:00,80181.6,80378.1,80187.0,80480.0,3.645e-05,1.0,8.0,0.002,5.7504e-06,8.0,8.0,0.062,BTC,True,True,0.6734485431732714,3.06996e-05
2026-05-09 16:00:00+00:00,80488.3,80576.1,80480.0,80620.0,9e-07,1.0,8.0,0.003,-4.23619e-05,8.0,8.0,0.068,BTC,True,True,-1.0312589506572825,4.32619e-05
2026-05-10 00:00:00+00:00,80634.0,80634.9,80619.0,80700.0,4.626e-05,1.0,8.0,0.0,7.15199e-05,8.0,8.0,0.065,BTC,True,True,-1.8604305089849256,-2.52599e-05
2026-05-10 08:00:00+00:00,80695.9,80797.1,80701.0,81375.0,5.764e-05,1.0,8.0,0.0,9.464300000000001e-05,8.0,8.0,0.065,BTC,True,True,0.6319823988812164,-3.700300000000001e-05
2026-05-10 16:00:00+00:00,81381.5,81338.7,81376.0,82164.0,5.798e-05,1.0,8.0,0.0,-6.1624e-05,8.0,8.0,0.083,BTC,True,True,-0.6758521115271576,0.000119604
2026-05-11 00:00:00+00:00,82177.7,81430.3,82165.0,80715.0,2.592e-05,1.0,8.0,0.0,8.30489e-05,8.0,8.0,0.079,BTC,True,True,-1.545550855045786,-5.712890000000001e-05
2026-05-11 08:00:00+00:00,80708.8,80723.7,80715.0,81405.0,4.555e-05,1.0,8.0,0.0,7.13302e-05,8.0,8.0,0.059,BTC,True,True,0.7681642983320003,-2.5780199999999994e-05
2026-05-11 16:00:00+00:00,81403.4,81526.8,81405.0,81703.0,-1.15e-06,1.0,8.0,0.002,-5.6595400000000004e-05,8.0,8.0,0.044,BTC,True,True,0.19655005516417692,5.54454e-05
2026-05-12 00:00:00+00:00,81699.1,81508.7,81704.0,80843.0,3.877e-05,1.0,8.0,0.008,7.631700000000001e-05,8.0,8.0,0.065,BTC,True,True,0.5997438238892902,-3.7547000000000005e-05
2026-05-12 08:00:00+00:00,80809.2,80797.5,80843.0,80301.0,5.822e-05,1.0,8.0,0.0,8.30376e-05,8.0,8.0,0.036,BTC,True,True,4.181817567909562,-2.4817599999999998e-05
2026-05-12 16:00:00+00:00,80301.6,79967.1,80301.0,80459.0,5.367e-05,1.0,8.0,0.01,5.38297e-05,8.0,8.0,0.063,BTC,True,True,-0.07471859110695898,-1.596999999999978e-07
2026-05-13 00:00:00+00:00,80461.0,80673.4,80459.0,80988.0,5.437e-05,1.0,8.0,0.003,5.45604e-05,8.0,8.0,0.066,BTC,True,True,-0.24857071838208156,-1.9039999999999736e-07
2026-05-13 08:00:00+00:00,80981.9,81161.0,80987.0,78801.0,1.749e-05,1.0,8.0,0.001,2.9907800000000002e-05,8.0,8.0,0.052,BTC,True,True,0.6297505263905978,-1.2417800000000002e-05
2026-05-13 16:00:00+00:00,78794.7,79069.5,78800.0,79283.0,3.928e-05,1.0,8.0,0.005,8.15864e-05,8.0,8.0,0.062,BTC,True,True,0.6726114522890202,-4.2306400000000005e-05
2026-05-14 00:00:00+00:00,79288.2,79540.0,79283.0,79702.0,2.928e-05,1.0,8.0,0.0,3.61168e-05,8.0,8.0,0.047,BTC,True,True,-0.6558568014699638,-6.836799999999999e-06
2026-05-14 08:00:00+00:00,79700.0,79776.8,79701.0,81264.0,4.094e-05,1.0,8.0,0.0,1.67711e-05,8.0,8.0,0.066,BTC,True,True,0.12546972729343345,2.4168899999999998e-05
2026-05-14 16:00:00+00:00,81245.6,81839.3,81264.0,81044.0,-4.239e-05,1.0,8.0,0.0,-9.16736e-05,8.0,8.0,0.071,BTC,True,True,2.2644816156860332,4.9283600000000004e-05
2026-05-15 00:00:00+00:00,81048.8,81468.7,81044.0,80782.0,-1.893e-05,1.0,8.0,0.016,1.7548100000000002e-05,8.0,8.0,0.064,BTC,True,True,-0.5922533266627651,-3.6478100000000006e-05
2026-05-15 08:00:00+00:00,80782.9,80606.3,80783.0,79118.0,1.548e-05,1.0,8.0,0.012,2.1838199999999997e-05,8.0,8.0,0.064,BTC,True,True,0.01237884974621382,-6.358199999999996e-06
2026-05-15 16:00:00+00:00,79118.1,79264.7,79119.0,79063.0,3.938e-05,1.0,8.0,0.005,-1.27628e-05,8.0,8.0,0.06,BTC,True,True,0.11375334861386578,5.21428e-05
2026-05-16 00:00:00+00:00,79074.0,79075.6,79062.0,78331.0,-2.1e-06,1.0,8.0,0.0,-8.158570000000001e-05,8.0,8.0,0.064,BTC,True,True,-1.5176809863698641,7.948570000000001e-05
2026-05-16 08:00:00+00:00,78334.3,78389.5,78332.0,78198.0,4.955e-05,1.0,8.0,0.005,-0.0001092523,8.0,8.0,0.094,BTC,True,True,-0.29361770848827073,0.00015880229999999998
2026-05-16 16:00:00+00:00,78194.0,78167.7,78198.0,78104.0,4.037e-05,1.0,8.0,0.0,2.24082e-05,8.0,8.0,0.075,BTC,True,True,0.5115351169982655,1.79618e-05
2026-05-17 00:00:00+00:00,78104.3,77915.4,78104.0,78138.0,1.176e-05,1.0,8.0,0.01,8.011299999999999e-06,8.0,8.0,0.062,BTC,True,True,-0.03841025092838221,3.7487e-06
2026-05-17 08:00:00+00:00,78137.3,78050.7,78138.0,78015.0,4.8e-07,1.0,8.0,0.009,-9.958e-06,8.0,8.0,0.058,BTC,True,True,0.08958549431591883,1.0438e-05
2026-05-17 16:00:00+00:00,78006.9,77995.0,78015.0,77431.0,-1.131e-05,1.0,8.0,0.007,3.4052e-05,8.0,8.0,0.04,BTC,True,True,1.038315775833871,-4.5362e-05
2026-05-18 00:00:00+00:00,77430.4,77175.7,77430.0,77039.0,5.778e-05,1.0,8.0,0.002,5.01153e-05,8.0,8.0,0.064,BTC,True,True,-0.051659430040605046,7.664700000000001e-06
2026-05-18 08:00:00+00:00,77039.5,77001.0,77039.0,76394.0,7.178e-05,1.0,8.0,0.007,5.78329e-05,8.0,8.0,0.049,BTC,True,True,-0.06490198178248506,1.3947099999999994e-05
2026-05-18 16:00:00+00:00,76393.6,76377.3,76393.0,76984.0,5.164e-05,1.0,8.0,0.001,0.0001,8.0,8.0,0.076,BTC,True,True,-0.07854091916586069,-4.8360000000000005e-05
2026-05-19 00:00:00+00:00,76963.2,77102.6,76984.0,77199.0,4.809e-05,1.0,8.0,0.001,0.0001,8.0,8.0,0.068,BTC,True,True,2.702225194946039,-5.191e-05
2026-05-19 08:00:00+00:00,77200.4,77015.8,77199.0,76489.0,5.563e-05,1.0,8.0,0.009,0.0001,8.0,8.0,0.119,BTC,True,True,-0.18134785498265055,-4.4370000000000004e-05
2026-05-19 16:00:00+00:00,76488.0,76858.3,76490.0,76806.0,3.254e-05,1.0,8.0,0.001,0.0001,8.0,8.0,0.064,BTC,True,True,0.261475506297182,-6.746000000000001e-05
2026-05-20 00:00:00+00:00,76800.0,76760.9,76807.0,77248.0,7.983e-05,1.0,8.0,0.006,0.0001,8.0,8.0,0.081,BTC,True,True,0.911416798041661,-2.0170000000000005e-05
2026-05-20 08:00:00+00:00,77250.0,77430.0,77249.0,77439.0,6.858e-05,1.0,8.0,0.0,0.0001,8.0,8.0,0.052,BTC,True,True,-0.1294506760578953,-3.142000000000001e-05
2026-05-20 16:00:00+00:00,77423.0,77301.0,77439.0,77533.0,1.925e-05,1.0,8.0,0.001,0.0001,8.0,8.0,0.086,BTC,True,True,2.0663558596602725,-8.075000000000001e-05
2026-05-21 00:00:00+00:00,77510.3,77929.1,77533.0,77853.0,4.003e-05,1.0,8.0,0.0,9.583520000000001e-05,8.0,8.0,0.062,BTC,True,True,2.9282142681692087,-5.5805200000000006e-05
2026-05-21 08:00:00+00:00,77846.1,77888.1,77853.0,77229.0,6.13e-05,1.0,8.0,0.0,9.17658e-05,8.0,8.0,0.064,BTC,True,True,0.8863249697035712,-3.0465800000000002e-05
2026-05-21 16:00:00+00:00,77224.3,77166.7,77230.0,77587.0,3.564e-05,1.0,8.0,0.0,5.50124e-05,8.0,8.0,0.065,BTC,True,True,0.7380823975219353,-1.9372400000000004e-05
2026-05-22 00:00:00+00:00,77586.3,77344.7,77587.0,77363.0,-8.2e-06,1.0,8.0,0.004,3.84071e-05,8.0,8.0,0.051,BTC,True,True,0.09022170695632951,-4.66071e-05
2026-05-22 08:00:00+00:00,77366.8,77237.6,77363.0,76770.0,2.891e-05,1.0,8.0,0.001,8.39792e-05,8.0,8.0,0.066,BTC,True,True,-0.4911788163328513,-5.5069200000000005e-05
2026-05-22 16:00:00+00:00,76756.5,76913.8,76770.0,75500.0,1.783e-05,1.0,8.0,0.009,6.13802e-05,8.0,8.0,0.031,BTC,True,True,1.7586540479718151,-4.35502e-05
2026-05-23 00:00:00+00:00,75513.1,75329.2,75500.0,74568.0,1.025e-05,1.0,8.0,0.001,6.974000000000001e-06,8.0,8.0,0.066,BTC,True,True,-1.7349488266733,3.275999999999999e-06
2026-05-23 08:00:00+00:00,74573.2,74655.0,74569.0,75478.0,7.441e-05,1.0,8.0,0.003,-6.61197e-05,8.0,8.0,0.067,BTC,True,True,-0.5632208725772744,0.0001405297
2026-05-23 16:00:00+00:00,75487.0,75406.4,75478.0,76712.0,9.044e-05,1.0,8.0,0.011,-1.43224e-05,8.0,8.0,0.077,BTC,True,True,-1.1923293492743554,0.0001047624
2026-05-24 00:00:00+00:00,76715.3,76812.5,76711.0,76759.0,6.29e-05,1.0,8.0,0.008,-1.03798e-05,8.0,8.0,0.055,BTC,True,True,-0.5605297137618792,7.32798e-05
2026-05-24 08:00:00+00:00,76771.4,76800.7,76760.0,76318.0,6.265e-05,1.0,8.0,0.0,-8.77228e-05,8.0,8.0,0.057,BTC,True,True,-1.4850382424634623,0.00015037280000000002
2026-05-24 16:00:00+00:00,76343.8,76645.1,76317.0,77015.0,6.549e-05,1.0,8.0,0.001,-6.82434e-05,8.0,8.0,0.064,BTC,True,True,-3.5110519891577328,0.0001337334
2026-05-25 00:00:00+00:00,77030.3,77120.0,77015.0,77366.0,3.527e-05,1.0,8.0,0.001,-9.35396e-05,8.0,8.0,0.064,BTC,True,True,-1.9864286739434025,0.0001288096
2026-05-25 08:00:00+00:00,77376.9,77422.3,77365.0,77590.0,1.426e-05,1.0,8.0,0.001,-3.04715e-05,8.0,8.0,0.059,BTC,True,True,-1.5380449669353806,4.4731500000000004e-05
2026-05-25 16:00:00+00:00,77587.2,77694.5,77589.0,77282.0,8.058e-05,1.0,8.0,0.0,-3.81206e-05,8.0,8.0,0.058,BTC,True,True,0.2319943393481512,0.0001187006
2026-05-26 00:00:00+00:00,77281.5,76750.1,77281.0,76671.0,3.852e-05,1.0,8.0,0.003,-9.41733e-05,8.0,8.0,0.07,BTC,True,True,-0.06469874646255698,0.0001326933
2026-05-26 08:00:00+00:00,76685.0,76687.9,76671.0,76482.0,5.776e-05,1.0,8.0,0.0,-2.63966e-05,8.0,8.0,0.069,BTC,True,True,-1.8258170582037174,8.41566e-05
2026-05-26 16:00:00+00:00,76478.2,76534.6,76482.0,75894.0,0.0001,1.0,8.0,0.0,-1.606199999999998e-06,8.0,8.0,0.065,BTC,True,True,0.49686127512628847,0.0001016062
2026-05-27 00:00:00+00:00,75905.6,76055.3,75895.0,75927.0,8.948e-05,1.0,8.0,0.004,-4.99359e-05,8.0,8.0,0.071,BTC,True,True,-1.396568922287597,0.0001394159
2026-05-27 08:00:00+00:00,75935.0,75838.4,75927.0,75300.0,9.914e-05,1.0,8.0,0.009,-6.507399999999998e-06,8.0,8.0,0.07,BTC,True,True,-1.053588127036039,0.0001056474
2026-05-27 16:00:00+00:00,75300.0,75273.9,75300.0,74420.0,0.0001,1.0,8.0,0.001,5.37426e-05,8.0,8.0,0.047,BTC,True,True,0.0,4.62574e-05
2026-05-28 00:00:00+00:00,74418.0,74541.6,74420.0,73461.0,5.011e-05,1.0,8.0,0.0,3.92333e-05,8.0,8.0,0.067,BTC,True,True,0.26874857228989113,1.0876699999999997e-05
2026-05-28 08:00:00+00:00,73467.0,73294.0,73462.0,72924.0,0.0001,1.0,8.0,0.001,8.45726e-05,8.0,8.0,0.085,BTC,True,True,-0.6806008346795364,1.54274e-05
2026-05-28 16:00:00+00:00,72899.0,73415.0,72925.0,73587.0,0.0001,1.0,8.0,0.0,0.0001,8.0,8.0,0.081,BTC,True,True,3.565942543821898,0.0
2026-05-29 00:00:00+00:00,73591.4,73693.8,73588.0,73494.0,5.391e-05,1.0,8.0,0.001,8.06648e-05,8.0,8.0,0.056,BTC,True,True,-0.4620211796763202,-2.6754800000000003e-05
2026-05-29 08:00:00+00:00,73488.1,73625.2,73493.0,73776.0,6.702e-05,1.0,8.0,0.008,4.66778e-05,8.0,8.0,0.061,BTC,True,True,0.6667523922206914,2.0342200000000003e-05
2026-05-29 16:00:00+00:00,73775.4,74022.0,73777.0,73431.0,3.464e-05,1.0,8.0,0.0,4.07688e-05,8.0,8.0,0.07,BTC,True,True,0.21687210781623995,-6.128800000000001e-06
2026-05-30 00:00:00+00:00,73428.2,73463.3,73432.0,73511.0,4.732e-05,1.0,8.0,0.001,4.05465e-05,8.0,8.0,0.06,BTC,True,True,0.5174989549032559,6.773499999999999e-06
2026-05-30 08:00:00+00:00,73514.0,73491.6,73512.0,73885.0,6.214e-05,1.0,8.0,0.0,8.05655e-05,8.0,8.0,0.066,BTC,True,True,-0.2720607239701207,-1.842550000000001e-05
2026-05-30 16:00:00+00:00,73888.0,73899.9,73886.0,73853.0,4.432e-05,1.0,8.0,0.0,3.54426e-05,8.0,8.0,0.07,BTC,True,True,-0.2706836114768061,8.877400000000004e-06
2026-05-31 00:00:00+00:00,73856.9,74003.7,73853.0,73843.0,5.663e-05,1.0,8.0,0.0,8.19251e-05,8.0,8.0,0.066,BTC,True,True,-0.5280621002253499,-2.5295100000000008e-05
2026-05-31 08:00:00+00:00,73833.2,73913.4,73843.0,73631.0,5.988e-05,1.0,8.0,0.004,8.78914e-05,8.0,8.0,0.067,BTC,True,True,1.3272280860940944,-2.80114e-05
2026-05-31 16:00:00+00:00,73613.4,73499.9,73632.0,73658.0,5.703e-05,1.0,8.0,0.001,0.0001,8.0,8.0,0.059,BTC,True,True,2.526394725938022,-4.2970000000000004e-05
2026-06-01 00:00:00+00:00,73653.2,73855.0,73658.0,72792.0,4.438e-05,1.0,8.0,0.001,0.0001,8.0,8.0,0.046,BTC,True,True,0.6516816103195258,-5.5620000000000006e-05
2026-06-01 08:00:00+00:00,72776.1,72875.7,72793.0,71128.0,0.0001,1.0,8.0,0.0,0.0001,8.0,8.0,0.055,BTC,True,True,2.3219213522537343,0.0
2026-06-01 16:00:00+00:00,71099.5,71537.7,71129.0,71411.0,0.0001,1.0,8.0,0.0,0.0001,8.0,8.0,0.058,BTC,True,True,4.148254452945523,0.0
2026-06-02 00:00:00+00:00,71391.5,71266.6,71411.0,70089.0,5.99e-05,1.0,8.0,0.0,0.0001,8.0,8.0,0.063,BTC,True,True,2.731044641543258,-4.0100000000000006e-05
2026-06-02 08:00:00+00:00,70079.5,69794.4,70096.0,67288.0,8.345e-05,1.0,8.0,0.0,0.0001,8.0,8.0,0.077,BTC,True,True,2.3541917205518836,-1.655000000000001e-05
2026-06-02 16:00:00+00:00,67274.0,67393.0,67288.0,66732.0,7.165e-05,1.0,8.0,0.013,9.40896e-05,8.0,8.0,0.035,BTC,True,True,2.08082520332938,-2.2439600000000008e-05
2026-06-03 00:00:00+00:00,66730.1,66900.2,66732.0,67192.0,5.229e-05,1.0,8.0,0.0,3.47567e-05,8.0,8.0,0.067,BTC,True,True,0.28472502682436185,1.7533300000000004e-05
2026-06-03 08:00:00+00:00,67186.7,66987.7,67193.0,66055.0,0.0001,1.0,8.0,0.001,8.24024e-05,8.0,8.0,0.062,BTC,True,True,0.937641623641631,1.7597600000000002e-05
2026-06-03 16:00:00+00:00,66046.6,66037.4,66054.0,64118.0,2.705e-05,1.0,8.0,0.009,0.0001,8.0,8.0,0.056,BTC,True,True,1.1203582735791107,-7.295000000000001e-05
2026-06-04 00:00:00+00:00,64117.7,63314.4,64118.0,63566.0,1.519e-05,1.0,8.0,0.0,5.41485e-05,8.0,8.0,0.08,BTC,True,True,0.04678884273271694,-3.8958499999999996e-05
2026-06-04 08:00:00+00:00,63561.8,63595.5,63565.0,63862.0,-1.077e-05,1.0,8.0,0.003,1.93458e-05,8.0,8.0,0.078,BTC,True,True,0.5034343664235036,-3.01158e-05
2026-06-04 16:00:00+00:00,63864.8,63529.4,63861.0,63855.0,1.315e-05,1.0,8.0,0.0,5.9960800000000004e-05,8.0,8.0,0.073,BTC,True,True,-0.5950246545523684,-4.68108e-05
2026-06-05 00:00:00+00:00,63853.4,63398.3,63854.0,63091.0,-1.431e-05,1.0,8.0,0.004,4.6143599999999996e-05,8.0,8.0,0.052,BTC,True,True,0.09396479765465061,-6.04536e-05
2026-06-05 08:00:00+00:00,63075.5,62429.9,63091.0,60405.0,-8.63e-06,1.0,8.0,0.009,4.44378e-05,8.0,8.0,0.05,BTC,True,True,2.4570706293625677,-5.30678e-05
2026-06-05 16:00:00+00:00,60400.8,61358.1,60406.0,61033.0,-1.234e-05,1.0,8.0,0.0,7.47022e-05,8.0,8.0,0.054,BTC,True,True,0.8608786927892366,-8.70422e-05
2026-06-06 00:00:00+00:00,61022.0,61238.4,61033.0,60975.0,2.675e-05,1.0,8.0,0.0,8.86427e-05,8.0,8.0,0.06,BTC,True,True,1.8024661062287701,-6.18927e-05
2026-06-06 08:00:00+00:00,60975.2,61239.6,60976.0,60751.0,-5.11e-06,1.0,8.0,0.0,4.116800000000001e-06,8.0,8.0,0.063,BTC,True,True,0.1312000209940288,-9.226800000000001e-06
2026-06-06 16:00:00+00:00,60754.2,60749.8,60751.0,60861.0,-2.828e-05,1.0,8.0,0.001,5.43031e-05,8.0,8.0,0.085,BTC,True,True,-0.5267264282907899,-8.25831e-05
2026-06-07 00:00:00+00:00,60849.7,60748.3,60860.0,62384.0,4.07e-06,1.0,8.0,0.0,9.19983e-05,8.0,8.0,0.059,BTC,True,True,1.692552035638583,-8.79283e-05
2026-06-07 08:00:00+00:00,62366.0,62823.0,62384.0,62072.0,2.742e-05,1.0,8.0,0.0,0.0001,8.0,8.0,0.063,BTC,True,True,2.8857715631118603,-7.258000000000001e-05
2026-06-07 16:00:00+00:00,62071.7,62054.2,62072.0,63309.0,3.533e-05,1.0,8.0,0.0,9.02907e-05,8.0,8.0,0.055,BTC,True,True,0.04833108728176898,-5.49607e-05
2026-06-08 00:00:00+00:00,63299.0,63599.2,63309.0,63263.0,3.454e-05,1.0,8.0,0.005,7.40967e-05,8.0,8.0,0.063,BTC,True,True,1.5796790125104028,-3.95567e-05
2026-06-08 08:00:00+00:00,63259.9,63100.8,63261.0,63755.0,1.22e-06,1.0,8.0,0.004,9.01732e-05,8.0,8.0,0.057,BTC,True,True,0.17388431477001345,-8.89532e-05
2026-06-08 16:00:00+00:00,63745.3,63496.8,63755.0,63058.0,-1.565e-05,1.0,8.0,0.0,8.22715e-05,8.0,8.0,0.075,BTC,True,True,1.5215650502324178,-9.792150000000001e-05
2026-06-09 00:00:00+00:00,63057.9,62522.6,63058.0,63178.0,3.041e-05,1.0,8.0,0.0,7.36485e-05,8.0,8.0,0.081,BTC,True,True,0.015858428634609928,-4.32385e-05
2026-06-09 08:00:00+00:00,63170.9,62816.9,63177.0,61111.0,6.06e-06,1.0,8.0,0.001,9.551420000000001e-05,8.0,8.0,0.067,BTC,True,True,0.9655878735999227,-8.94542e-05
2026-06-09 16:00:00+00:00,61100.6,61367.5,61110.0,61695.0,3.65e-06,1.0,8.0,0.001,6.14602e-05,8.0,8.0,0.07,BTC,True,True,1.5383281022336341,-5.78102e-05
2026-06-10 00:00:00+00:00,61694.9,61886.5,61699.0,61645.0,-3.385e-05,1.0,8.0,0.011,3.244800000000001e-06,8.0,8.0,0.069,BTC,True,True,0.6645385228120068,-3.70948e-05
2026-06-10 08:00:00+00:00,61654.3,61228.7,61650.0,62609.0,2.542e-05,1.0,8.0,0.009,5.1498e-05,8.0,8.0,0.069,BTC,True,True,-0.6974614837835994,-2.6078e-05
2026-06-10 16:00:00+00:00,62604.7,62194.5,62609.0,61481.0,-8.11e-06,1.0,8.0,0.0,7.4224e-05,8.0,8.0,0.093,BTC,True,True,0.6868258028773117,-8.2334e-05
2026-06-11 00:00:00+00:00,61483.6,61794.6,61484.0,62689.0,2.525e-05,1.0,8.0,0.004,4.58764e-05,8.0,8.0,0.046,BTC,True,True,0.06505778757939698,-2.06264e-05
2026-06-11 08:00:00+00:00,62693.2,62927.2,62690.0,62717.0,2.736e-05,1.0,8.0,0.0,2.15046e-05,8.0,8.0,0.055,BTC,True,True,-0.5104352099312511,5.855399999999998e-06
2026-06-11 16:00:00+00:00,62721.2,62546.6,62717.0,63621.0,-1.303e-05,1.0,8.0,0.0,6.97213e-05,8.0,8.0,0.083,BTC,True,True,-0.6696524665642986,-8.27513e-05
2026-06-12 00:00:00+00:00,63598.0,63617.7,63621.0,63062.0,2.446e-05,1.0,8.0,0.0,7.19433e-05,8.0,8.0,0.057,BTC,True,True,3.615812142932459,-4.748330000000001e-05
2026-06-12 08:00:00+00:00,63066.5,63440.5,63064.0,63575.0,8.4e-06,1.0,8.0,0.0,2.8992400000000004e-05,8.0,8.0,0.064,BTC,True,True,-0.39641482438090075,-2.0592400000000003e-05
2026-06-12 16:00:00+00:00,63557.1,63951.2,63570.0,63561.0,5.357e-05,1.0,8.0,0.0,0.0001,8.0,8.0,0.044,BTC,True,True,2.0294650069547706,-4.643000000000001e-05
2026-06-13 00:00:00+00:00,63547.0,63573.9,63560.0,63829.0,6e-07,1.0,8.0,0.007,0.0001,8.0,8.0,0.044,BTC,True,True,2.0455207101621915,-9.94e-05
2026-06-13 08:00:00+00:00,63823.9,63771.6,63829.0,64288.0,9.38e-06,1.0,8.0,0.002,9.860480000000001e-05,8.0,8.0,0.056,BTC,True,True,0.7990417769914233,-8.922480000000001e-05
2026-06-13 16:00:00+00:00,64265.1,63996.2,64289.0,64427.0,-4.51e-05,1.0,8.0,0.005,0.0001,8.0,8.0,0.042,BTC,True,True,3.7182789619885166,-0.0001451
2026-06-14 00:00:00+00:00,64418.3,64519.3,64427.0,64408.0,-4.657e-05,1.0,8.0,0.009,9.69642e-05,8.0,8.0,0.06,BTC,True,True,1.350456712542243,-0.0001435342
2026-06-14 08:00:00+00:00,64392.1,64423.1,64409.0,63996.0,-3.265e-05,1.0,8.0,0.0,8.989310000000001e-05,8.0,8.0,0.06,BTC,True,True,2.6242012058885407,-0.0001225431
2026-06-14 16:00:00+00:00,63995.2,63913.8,63997.0,65720.0,2.808e-05,1.0,8.0,0.013,9.13956e-05,8.0,8.0,0.069,BTC,True,True,0.2812671397353219,-6.33156e-05
2026-06-15 00:00:00+00:00,65702.1,65591.4,65719.0,65648.0,6.21e-06,1.0,8.0,0.013,9.204370000000001e-05,8.0,8.0,0.063,BTC,True,True,2.5718853507013653,-8.583370000000001e-05
2026-06-15 08:00:00+00:00,65642.4,65619.9,65647.0,67261.0,-6.079e-05,1.0,8.0,0.004,8.48678e-05,8.0,8.0,0.063,BTC,True,True,0.7007420251586738,-0.0001456578
2026-06-15 16:00:00+00:00,67248.5,67122.3,67250.0,66294.0,-4.28e-06,1.0,8.0,0.0,2.22802e-05,8.0,8.0,0.05,BTC,True,True,0.22305081470219593,-2.65602e-05
2026-06-16 00:00:00+00:00,66285.9,66216.9,66293.0,66343.0,-1.11e-05,1.0,8.0,0.0,1.61103e-05,8.0,8.0,0.067,BTC,True,True,1.0710603281209858,-2.72103e-05
2026-06-16 08:00:00+00:00,66341.8,66863.9,66343.0,65851.0,2.46e-06,1.0,8.0,0.001,7.48591e-05,8.0,8.0,0.053,BTC,True,True,0.18087979934947176,-7.23991e-05
2026-06-16 16:00:00+00:00,65841.8,65730.8,65851.0,65639.0,1.957e-05,1.0,8.0,0.012,8.289650000000001e-05,8.0,8.0,0.065,BTC,True,True,1.3971910408097528,-6.33265e-05
2026-06-17 00:00:00+00:00,65644.8,65679.4,65640.0,65511.0,-6.685e-05,1.0,8.0,0.0,6.65707e-05,8.0,8.0,0.051,BTC,True,True,-0.7312346901002222,-0.0001334207
2026-06-17 08:00:00+00:00,65503.9,64889.8,65512.0,65731.0,-2.582e-05,1.0,8.0,0.0,9.054460000000001e-05,8.0,8.0,0.065,BTC,True,True,1.236491145016911,-0.0001163646
2026-06-17 16:00:00+00:00,65712.7,65829.7,65730.0,64470.0,2.636e-05,1.0,8.0,0.002,1.72324e-05,8.0,8.0,0.085,BTC,True,True,2.6323257358367504,9.127599999999997e-06
2026-06-18 00:00:00+00:00,64472.9,64432.8,64470.0,64476.0,1.896e-05,1.0,8.0,0.0,-3.15611e-05,8.0,8.0,0.058,BTC,True,True,-0.44981150578948803,5.05211e-05
2026-06-18 08:00:00+00:00,64470.4,64370.0,64476.0,62339.0,8.72e-06,1.0,8.0,0.001,-1.72363e-05,8.0,8.0,0.057,BTC,True,True,0.8685779523143454,2.59563e-05
2026-06-18 16:00:00+00:00,62337.8,62664.2,62338.0,62935.0,6.039e-05,1.0,8.0,0.005,7.4292e-05,8.0,8.0,0.066,BTC,True,True,0.032083211015597725,-1.3901999999999997e-05
2026-06-19 00:00:00+00:00,62924.0,62991.7,62936.0,62599.0,1.984e-05,1.0,8.0,0.001,8.99814e-05,8.0,8.0,0.062,BTC,True,True,1.9068806668294063,-7.01414e-05
2026-06-19 08:00:00+00:00,62592.4,62575.7,62598.0,63184.0,2.823e-05,1.0,8.0,0.001,7.99254e-05,8.0,8.0,0.053,BTC,True,True,0.8946372890793951,-5.1695400000000007e-05
2026-06-19 16:00:00+00:00,63193.1,62943.7,63183.0,63512.0,5.814e-05,1.0,8.0,0.001,9.69328e-05,8.0,8.0,0.072,BTC,True,True,-1.598403499000118,-3.87928e-05
2026-06-20 00:00:00+00:00,63512.5,63496.8,63513.0,63617.0,2.633e-05,1.0,8.0,0.0,8.04341e-05,8.0,8.0,0.064,BTC,True,True,0.07872435062242521,-5.41041e-05
2026-06-20 08:00:00+00:00,63625.0,63390.8,63618.0,64120.0,3.985e-05,1.0,8.0,0.001,6.0568e-05,8.0,8.0,0.039,BTC,True,True,-1.1002569897071215,-2.0718e-05
2026-06-20 16:00:00+00:00,64139.4,63999.9,64121.0,64276.0,7.78e-06,1.0,8.0,0.0,6.59162e-05,8.0,8.0,0.059,BTC,True,True,-2.86916306611003,-5.81362e-05
2026-06-21 00:00:00+00:00,64270.1,64264.3,64276.0,64160.0,3.034e-05,1.0,8.0,0.0,5.83798e-05,8.0,8.0,0.043,BTC,True,True,0.9179586162706743,-2.80398e-05
2026-06-21 08:00:00+00:00,64170.0,63987.9,64160.0,64185.0,4.189e-05,1.0,8.0,0.0,-3.18679e-05,8.0,8.0,0.053,BTC,True,True,-1.5584820416493612,7.37579e-05
2026-06-21 16:00:00+00:00,64200.2,64122.3,64186.0,63270.0,6.572e-05,1.0,8.0,0.0,-5.1474800000000004e-05,8.0,8.0,0.077,BTC,True,True,-2.2120757617096425,0.0001171948
2026-06-22 00:00:00+00:00,63287.2,63867.2,63270.0,64178.0,1.514e-05,1.0,8.0,0.0,9.3359e-06,8.0,8.0,0.074,BTC,True,True,-2.718138534337765,5.804100000000001e-06
2026-06-22 08:00:00+00:00,64188.0,64133.8,64177.0,64802.0,4.813e-05,1.0,8.0,0.002,6.10231e-05,8.0,8.0,0.062,BTC,True,True,-1.713862817267313,-1.28931e-05
2026-06-22 16:00:00+00:00,64808.0,64695.7,64802.0,64012.0,4.041e-05,1.0,8.0,0.003,0.0001,8.0,8.0,0.047,BTC,True,True,-0.9258544871979073,-5.9590000000000004e-05
2026-06-23 00:00:00+00:00,63990.1,64119.4,64012.0,62852.0,1.655e-05,1.0,8.0,0.005,4.9355000000000004e-05,8.0,8.0,0.059,BTC,True,True,3.4218188941727967,-3.280500000000001e-05
2026-06-23 08:00:00+00:00,62849.3,62353.7,62851.0,62460.0,-1.889e-05,1.0,8.0,0.002,1.0189199999999999e-05,8.0,8.0,0.068,BTC,True,True,0.2704846368856034,-2.9079199999999998e-05
2026-06-23 16:00:00+00:00,62455.9,62522.9,62461.0,62706.0,2.154e-05,1.0,8.0,0.005,9.242030000000001e-05,8.0,8.0,0.077,BTC,True,True,0.8165428381325579,-7.08803e-05
2026-06-24 00:00:00+00:00,62696.7,62982.1,62706.0,62616.0,2.134e-05,1.0,8.0,0.005,7.42079e-05,8.0,8.0,0.045,BTC,True,True,1.4832216558423583,-5.28679e-05
2026-06-24 08:00:00+00:00,62630.4,62773.0,62616.0,60245.0,2.7e-07,1.0,8.0,0.003,2.7033000000000004e-05,8.0,8.0,0.06,BTC,True,True,-2.2994673002104045,-2.6763000000000004e-05
2026-06-24 16:00:00+00:00,60254.9,59808.2,60245.0,61047.0,-1.423e-05,1.0,8.0,0.0,1.03049e-05,8.0,8.0,0.107,BTC,True,True,-1.6431548942819074,-2.45349e-05
2026-06-25 00:00:00+00:00,61051.2,60786.9,61048.0,61874.0,-1.803e-05,1.0,8.0,0.0,-6.519499999999999e-06,8.0,8.0,0.066,BTC,True,True,-0.5241639586053362,-1.15105e-05
2026-06-25 08:00:00+00:00,61886.8,61686.4,61875.0,59530.0,1.58e-05,1.0,8.0,0.0,-6.23876e-05,8.0,8.0,0.059,BTC,True,True,-1.90688888425292,7.81876e-05
2026-06-25 16:00:00+00:00,59536.2,59284.0,59530.0,59759.0,5.298e-05,1.0,8.0,0.01,-2.07338e-05,8.0,8.0,0.054,BTC,True,True,-1.0414374533832262,7.371379999999999e-05
2026-06-26 00:00:00+00:00,59772.0,59638.2,59760.0,60500.0,5.904e-05,1.0,8.0,0.002,-3.06427e-05,8.0,8.0,0.084,BTC,True,True,-2.0078305458478742,8.96827e-05
2026-06-26 08:00:00+00:00,60491.0,60215.3,60500.0,60300.0,7.308e-05,1.0,8.0,0.0,-1.26586e-05,8.0,8.0,0.076,BTC,True,True,1.487713964938946,8.57386e-05
2026-06-26 16:00:00+00:00,60296.9,60017.8,60300.0,60074.0,5.255e-05,1.0,8.0,0.0,-1.09028e-05,8.0,8.0,0.081,BTC,True,True,0.5141094009358393,6.34528e-05
2026-06-27 00:00:00+00:00,60071.9,60033.4,60074.0,60518.0,4.284e-05,1.0,8.0,0.0,1.18283e-05,8.0,8.0,0.064,BTC,True,True,0.3495749751283123,3.10117e-05
2026-06-27 08:00:00+00:00,60522.4,60425.1,60519.0,60813.0,3.742e-05,1.0,8.0,0.009,1.16371e-05,8.0,8.0,0.065,BTC,True,True,-0.561791255040672,2.5782899999999997e-05
2026-06-27 16:00:00+00:00,60817.3,60785.0,60814.0,59996.0,4.258e-05,1.0,8.0,0.0,3.15472e-05,8.0,8.0,0.108,BTC,True,True,-0.5426234860295693,1.10328e-05
2026-06-28 00:00:00+00:00,60000.4,60125.1,59996.0,60190.0,1.355e-05,1.0,8.0,0.013,3.2979e-05,8.0,8.0,0.131,BTC,True,True,-0.733355334322698,-1.9428999999999996e-05
2026-06-28 08:00:00+00:00,60192.4,60340.1,60191.0,59854.0,4.43e-05,1.0,8.0,0.0,2.0846999999999997e-06,8.0,8.0,0.057,BTC,True,True,-0.232590207630174,4.22153e-05
2026-06-28 16:00:00+00:00,59850.0,59655.9,59855.0,59549.0,3.112e-05,1.0,8.0,0.006,2.69908e-05,8.0,8.0,0.062,BTC,True,True,0.8353869935092912,4.129200000000001e-06
2026-06-29 00:00:00+00:00,59550.2,59637.3,59549.0,59996.0,7.444e-05,1.0,8.0,0.013,2.6813000000000002e-05,8.0,8.0,0.084,BTC,True,True,-0.20151268858880575,4.7626999999999996e-05
2026-06-29 08:00:00+00:00,59998.9,59806.9,59997.0,59792.0,8.658e-05,1.0,8.0,0.004,6.00956e-05,8.0,8.0,0.097,BTC,True,True,-0.31667748650773175,2.64844e-05
2026-06-29 16:00:00+00:00,59800.3,59870.9,59792.0,60227.0,6.175e-05,1.0,8.0,0.0,4.72454e-05,8.0,8.0,0.059,BTC,True,True,-1.3880492328233598,1.4504599999999997e-05
2026-06-30 00:00:00+00:00,60224.7,59806.1,60228.0,59508.0,8.349e-05,1.0,8.0,0.0,5.903e-05,8.0,8.0,0.071,BTC,True,True,0.5479329231848764,2.446e-05
2026-06-30 08:00:00+00:00,59497.7,59285.8,59508.0,58356.0,3.327e-05,1.0,8.0,0.005,7.89077e-05,8.0,8.0,0.061,BTC,True,True,1.731009527395871,-4.5637700000000005e-05
2026-06-30 16:00:00+00:00,58356.2,58479.3,58356.0,58603.0,,,,,5.79554e-05,7.0,7.0,0.065,BTC,False,True,-0.03427233828169702,
